country,country_code,year,fertility_rate,inflation,unemployment_total,female_labor_force_participation,gdp_per_capita,marriage_rate,income_share_top10,wealth_share_top10,income_wealth_ratio,income_level,region_tag,country_group,marriage_rate_imputed,has_outlier
Australia,AUS,2000,1.756,4.45743705920869,6.288,54.618,26584.8191965725,5.9,0.3189,0.5649000000000001,0.5645246946362188,High income,Oceania,developed,original,False
Australia,AUS,2001,1.739,4.40712998561533,6.747,55.158,27687.7587444103,5.3,0.3171,0.5647,0.5615370993447848,High income,Oceania,developed,original,False
Australia,AUS,2002,1.756,2.98157117047457,6.375,55.355,29080.0439286946,5.4,0.3264,0.5663,0.5763729472011302,High income,Oceania,developed,original,False
Australia,AUS,2003,1.748,2.73259754838937,5.933,56.013,30167.241365541,5.348,0.3261,0.5663,0.5758431926540702,High income,Oceania,developed,original,False
Australia,AUS,2004,1.768,2.34325687131265,5.399,55.774,31814.504982852,5.5,0.3329,0.5673,0.5868147364710029,High income,Oceania,developed,original,False
Australia,AUS,2005,1.807,2.69182949622197,5.036,57.048,33089.7023501837,5.4,0.3369,0.5679000000000001,0.5932382461701002,High income,Oceania,developed,original,False
Australia,AUS,2006,1.908,3.55528696972984,4.785,57.582,34890.2248136693,5.5,0.3383,0.5682,0.5953889475536782,High income,Oceania,developed,original,False
Australia,AUS,2007,1.959,2.32761442623159,4.381,58.135,36708.1660067256,5.5,0.3414,0.5687,0.6003165113416564,High income,Oceania,developed,original,False
Australia,AUS,2008,1.984,4.35029726664093,4.242,58.603,37616.0112400482,5.5,0.3431,0.5696,0.6023525280898877,High income,Oceania,developed,original,False
Australia,AUS,2009,1.971,1.77112025681656,5.565,58.792,40434.4890899118,5.5,0.3512,0.5713,0.6147383161211273,High income,Oceania,developed,original,False
Australia,AUS,2010,1.928,2.9183370211222,5.214,58.676,39504.361082784,5.4,0.3487,0.5703,0.6114325793442048,High income,Oceania,developed,original,False
Australia,AUS,2011,1.926,3.30384784681081,5.083,58.931,42152.816179831,5.4,0.3515,0.5714,0.6151557577878893,High income,Oceania,developed,original,False
Australia,AUS,2012,1.92,1.76278299052228,5.225,58.833,43007.2697824131,5.4,0.3508,0.5722,0.6130723523243621,High income,Oceania,developed,original,False
Australia,AUS,2013,1.855,2.44988248109259,5.663,58.739,46123.4750962848,5.1,0.3482,0.5721,0.6086348540464953,High income,Oceania,developed,original,False
Australia,AUS,2014,1.826,2.48792932080492,6.078,58.704,47108.5906459966,5.2,0.3486,0.5729000000000001,0.6084831558736253,High income,Oceania,developed,original,False
Australia,AUS,2015,1.814,1.50836803138463,6.055,59.151,46464.5867627929,4.8,0.3448,0.5708,0.6040644709180099,High income,Oceania,developed,original,False
Australia,AUS,2016,1.752,1.27699365720306,5.711,59.381,47446.2103030951,4.9,0.3374,0.5688,0.5931786216596343,High income,Oceania,developed,original,False
Australia,AUS,2017,1.741,1.94864309065653,5.592,59.877,48564.8286592372,4.6,0.3436,0.5710000000000001,0.6017513134851138,High income,Oceania,developed,original,False
Australia,AUS,2018,1.74,1.91140002818579,5.345,60.628,50371.233830782,4.8,0.3376,0.5721,0.5901066247159588,High income,Oceania,developed,original,False
Australia,AUS,2019,1.657,1.610770929127,5.143,61.031,52885.8313816377,4.5,0.3291,0.5710000000000001,0.5763572679509632,High income,Oceania,developed,original,False
Australia,AUS,2020,1.581,0.846900734607273,6.394,60.136,54184.1614486854,3.1,0.3406,0.5712,0.5962885154061625,High income,Oceania,developed,original,False
Australia,AUS,2021,1.7,2.86391284709318,5.022,61.516,58327.4146842325,3.5,0.3541,0.5775,0.6131601731601732,High income,Oceania,developed,original,False
Australia,AUS,2022,1.63,6.59409658717841,3.728,62.524,66103.1797066957,4.89,0.3517,0.5771000000000001,0.6094264425576156,High income,Oceania,developed,original,False
Australia,AUS,2023,1.499,5.59701792296707,3.668,62.576,72272.7092136683,5.348,0.3516,0.5760000000000001,0.6104166666666666,High income,Oceania,developed,median,False
Australia,AUS,2024,1.481,3.16656665428797,3.942,62.647,72111.1844628126,5.348,0.3516,0.5770000000000001,0.6093587521663778,High income,Oceania,developed,median,False
Austria,AUT,2000,1.36,2.3448628535728,4.687,48.991,29220.9853040358,4.9,0.3224,0.6076,0.5306122448979592,High income,Western Europe,developed,original,False
Austria,AUT,2001,1.33,2.65000077279529,4.007,48.861,29553.2333509767,4.3,0.3161,0.607,0.5207578253706755,High income,Western Europe,developed,original,False
Austria,AUT,2002,1.39,1.81035787764128,4.852,50.127,30952.1708232398,4.5,0.3216,0.6075,0.5293827160493827,High income,Western Europe,developed,original,False
Austria,AUT,2003,1.38,1.35555370896445,4.779,50.232,31958.8592412083,4.6,0.3217,0.6081,0.529024831442197,High income,Western Europe,developed,original,False
Austria,AUT,2004,1.42,2.06120618032869,5.969,50.059,33518.5160023521,4.7,0.3261,0.6112000000000001,0.5335405759162303,High income,Western Europe,developed,original,False
Austria,AUT,2005,1.41,2.29913785639285,5.682,50.866,34776.6699535218,4.8,0.3205,0.6119,0.5237783951626083,High income,Western Europe,developed,original,False
Austria,AUT,2006,1.41,1.44154851119016,5.32,51.541,37388.0795380765,4.5,0.3284,0.6117,0.5368644760503515,High income,Western Europe,developed,original,False
Austria,AUT,2007,1.38,2.16855528800756,4.909,52.379,39192.372452379,4.3,0.3267,0.6117,0.5340853359489945,High income,Western Europe,developed,original,False
Austria,AUT,2008,1.42,3.21595033239879,4.198,52.872,41046.7900352112,4.2,0.3253,0.613,0.530668841761827,High income,Western Europe,developed,original,False
Austria,AUT,2009,1.39,0.506308827696504,5.371,53.539,40686.6736355681,4.3,0.3131,0.611,0.5124386252045826,High income,Western Europe,developed,original,False
Austria,AUT,2010,1.44,1.81353438995061,4.883,53.648,41735.4574798744,4.5,0.3257,0.6124,0.5318419333768778,High income,Western Europe,developed,original,False
Austria,AUT,2011,1.43,3.2865791487538,4.637,53.942,44171.5618687028,4.3,0.3223,0.6082000000000001,0.5299243669845445,High income,Western Europe,developed,original,False
Austria,AUT,2012,1.44,2.48567562177014,4.909,54.446,46156.4832073037,4.6,0.3179,0.6069,0.5238095238095238,High income,Western Europe,developed,original,False
Austria,AUT,2013,1.44,2.00015616900597,5.367,54.711,47519.8522796571,4.3,0.3155,0.6047,0.5217463204894989,High income,Western Europe,developed,original,False
Austria,AUT,2014,1.46,1.60581182954473,5.674,54.763,48355.4977624407,4.4,0.3115,0.6014,0.5179580977718656,High income,Western Europe,developed,original,False
Austria,AUT,2015,1.49,0.896563335260319,5.802,54.827,49549.3162311441,5.1,0.3126,0.6058,0.5160118851105975,High income,Western Europe,developed,original,False
Austria,AUT,2016,1.53,0.891591752655362,6.064,55.349,52397.8635176674,5.1,0.3267,0.6057,0.5393759286775631,High income,Western Europe,developed,original,False
Austria,AUT,2017,1.52,2.08126911385586,5.561,55.351,53869.8321183556,5.1,0.3158,0.611,0.5168576104746319,High income,Western Europe,developed,original,False
Austria,AUT,2018,1.47,1.99837981429548,4.933,55.426,56636.4953030542,5.3,0.3164,0.6137,0.515561349193417,High income,Western Europe,developed,original,False
Austria,AUT,2019,1.46,1.53089564152643,4.56,55.514,60354.9279422121,5.2,0.3133,0.6132000000000001,0.5109262883235486,High income,Western Europe,developed,original,False
Austria,AUT,2020,1.44,1.38191063351853,5.201,55.224,58523.0337816246,4.4,0.3133,0.6118,0.5120954560313828,High income,Western Europe,developed,original,False
Austria,AUT,2021,1.48,2.7666666666667,6.459,55.35,62968.9422311892,4.59,0.3129,0.6152000000000001,0.5086150845253575,High income,Western Europe,developed,original,False
Austria,AUT,2022,1.41,8.54686993188457,4.992,55.688,72065.4974270106,5.24,0.3133,0.6146,0.5097624471200781,High income,Western Europe,developed,original,False
Austria,AUT,2023,1.32,7.81413417002831,5.264,55.812,73544.6567230487,4.59,0.3175,0.6164000000000001,0.5150876054510058,High income,Western Europe,developed,median,False
Austria,AUT,2024,1.31,2.93791574279375,5.2,55.408,73911.439663136,4.59,0.3175,0.6171,0.5145033219899531,High income,Western Europe,developed,median,False
Belgium,BEL,2000,1.67,2.544517761909,6.586,43.616,27794.0511630862,4.4,0.326,0.5264,0.6193009118541034,High income,Western Europe,developed,original,False
Belgium,BEL,2001,1.67,2.46925823086082,6.178,41.787,28793.5142643594,4.1,0.3218,0.5262,0.6115545419992398,High income,Western Europe,developed,original,False
Belgium,BEL,2002,1.65,1.6452143617536,6.91,42.506,30282.2886450283,3.9,0.3157,0.5256000000000001,0.6006468797564687,High income,Western Europe,developed,original,False
Belgium,BEL,2003,1.67,1.58896399970371,7.68,42.881,30930.6283334744,4.0,0.3154,0.5255000000000001,0.6001902949571836,High income,Western Europe,developed,original,False
Belgium,BEL,2004,1.72,2.09728311239315,7.363,44.185,32059.6878637798,4.2,0.3221,0.5261,0.6122410188177152,High income,Western Europe,developed,original,False
Belgium,BEL,2005,1.76,2.78143263670029,8.44,45.687,33177.8909458158,4.1,0.3197,0.526,0.6077946768060836,High income,Western Europe,developed,original,False
Belgium,BEL,2006,1.8,1.79120770070453,8.246,45.818,35251.4450697593,4.2,0.3241,0.5273,0.6146406220367913,High income,Western Europe,developed,original,False
Belgium,BEL,2007,1.82,1.82305630026809,7.459,46.59,36798.1918857259,4.3,0.3334,0.5286000000000001,0.6307226636398031,High income,Western Europe,developed,original,False
Belgium,BEL,2008,1.85,4.48944420508404,6.976,46.928,37883.3319417819,4.3,0.3172,0.5268,0.6021260440394836,High income,Western Europe,developed,original,False
Belgium,BEL,2009,1.84,-0.0531456741254176,7.908,46.979,37905.658312629,4.0,0.3094,0.5254,0.5888846593071946,High income,Western Europe,developed,original,False
Belgium,BEL,2010,1.86,2.18929920422458,8.293,47.774,39839.9772772918,3.9,0.3135,0.5264,0.5955547112462006,High income,Western Europe,developed,original,False
Belgium,BEL,2011,1.81,3.5320821072274,7.14,47.103,41244.8495035213,3.7,0.3114,0.5224,0.5960949464012252,High income,Western Europe,developed,original,False
Belgium,BEL,2012,1.8,2.83966343445899,7.542,47.155,42483.5250666788,3.8,0.3138,0.5103,0.6149323927101705,High income,Western Europe,developed,original,False
Belgium,BEL,2013,1.76,1.11309594027539,8.425,47.804,43864.1204196838,3.4,0.3163,0.5047,0.6267089360015851,High income,Western Europe,developed,original,False
Belgium,BEL,2014,1.74,0.340002833356921,8.523,48.125,45147.6429534057,3.6,0.3187,0.5084000000000001,0.6268686073957512,High income,Western Europe,developed,original,False
Belgium,BEL,2015,1.7,0.561429152790157,8.482,48.045,46071.914889496,4.0,0.3183,0.5162,0.6166214645486247,High income,Western Europe,developed,original,False
Belgium,BEL,2016,1.68,1.97385264653162,7.83,47.81,48414.5518065681,3.9,0.3212,0.5178,0.6203167246040941,High income,Western Europe,developed,original,False
Belgium,BEL,2017,1.65,2.12597086002616,7.09,47.974,50256.0631772784,3.9,0.3183,0.5208,0.6111751152073733,High income,Western Europe,developed,original,False
Belgium,BEL,2018,1.62,2.05316499865177,5.941,48.769,52466.7330784599,3.9,0.3283,0.5219,0.6290477102893274,High income,Western Europe,developed,original,False
Belgium,BEL,2019,1.6,1.43681956996438,5.364,49.097,56712.469571978,3.9,0.3295,0.5227,0.630380715515592,High income,Western Europe,developed,original,False
Belgium,BEL,2020,1.55,0.740791812220343,5.545,48.659,56120.0958420466,2.8,0.3295,0.5221,0.6311051522696801,High income,Western Europe,developed,original,False
Belgium,BEL,2021,1.6,2.44024851144084,6.248,49.367,60669.2137746531,3.5,0.3294,0.5227,0.6301894011861489,High income,Western Europe,developed,original,False
Belgium,BEL,2022,1.53,9.597511728725,5.57,50.029,69128.1388883843,4.2,0.3291,0.5223,0.630097645031591,High income,Western Europe,developed,original,False
Belgium,BEL,2023,1.47,4.04901077613941,5.547,49.834,71946.1447190292,3.9,0.3293,0.523,0.6296367112810707,High income,Western Europe,developed,median,False
Belgium,BEL,2024,1.44,3.14349136500041,5.7,49.97,73514.4831045258,3.9,0.3293,0.526,0.6260456273764258,High income,Western Europe,developed,median,False
Canada,CAN,2000,1.51,2.71943995691976,6.829,58.669,29347.7879802126,5.1,0.3648,0.5826,0.6261585993820803,High income,North America,developed,original,False
Canada,CAN,2001,1.54,2.52512013979905,7.219,58.978,30241.0326530827,4.7,0.365,0.5845,0.6244653550042771,High income,North America,developed,original,False
Canada,CAN,2002,1.52,2.25839440940855,7.665,60.159,30963.9218856684,4.7,0.366,0.5858,0.6247866165926937,High income,North America,developed,original,False
Canada,CAN,2003,1.55,2.75856321360112,7.574,61.174,32349.8829577427,4.7,0.3695,0.5872,0.6292574931880108,High income,North America,developed,original,False
Canada,CAN,2004,1.56,1.85725871857256,7.185,61.292,33929.2936832786,4.6,0.3756,0.5910000000000001,0.6355329949238577,High income,North America,developed,original,False
Canada,CAN,2005,1.58,2.21355203439767,6.758,60.992,36328.378994377,4.6,0.3807,0.5928,0.6422064777327935,High income,North America,developed,original,False
Canada,CAN,2006,1.63,2.00202539534161,6.484,61.268,38122.648589039,4.6,0.3838,0.5947,0.645367412140575,High income,North America,developed,original,False
Canada,CAN,2007,1.67,2.13838399266837,6.156,61.769,39572.9304428478,4.5,0.3838,0.5963,0.6436357538151936,High income,North America,developed,original,False
Canada,CAN,2008,1.7,2.37027067444298,6.284,61.9,40376.0882836384,4.4,0.3758,0.5963,0.6302196880764716,High income,North America,developed,original,False
Canada,CAN,2009,1.69,0.299466803009299,8.46,61.889,38863.2485560636,4.4,0.3588,0.5943,0.6037354871277132,High income,North America,developed,original,False
Canada,CAN,2010,1.65,1.77687154092627,8.178,61.867,40103.1114399673,4.3,0.3652,0.5975,0.6112133891213389,High income,North America,developed,original,False
Canada,CAN,2011,1.63,2.91213508872351,7.637,61.643,41666.8374590278,4.2,0.3647,0.599,0.608848080133556,High income,North America,developed,original,False
Canada,CAN,2012,1.63,1.51567823124516,7.392,61.73,42291.9729357094,4.2,0.3582,0.599,0.5979966611018365,High income,North America,developed,original,False
Canada,CAN,2013,1.61,0.938291897815316,7.143,61.816,44301.0562529133,4.1,0.3587,0.6007,0.5971366738804728,High income,North America,developed,original,False
Canada,CAN,2014,1.61,1.90663590717861,7.023,61.204,45758.1007297304,4.2,0.3565,0.601,0.5931780366056573,High income,North America,developed,original,False
Canada,CAN,2015,1.6,1.12524136094277,6.945,60.969,44668.0912814303,4.2,0.3539,0.6016,0.5882646276595744,High income,North America,developed,original,False
Canada,CAN,2016,1.59,1.42875954701085,7.038,60.879,46470.6466391109,4.1,0.3413,0.599,0.5697829716193656,High income,North America,developed,original,False
Canada,CAN,2017,1.55,1.59688412852976,6.426,61.072,48317.3874457163,4.1,0.3481,0.6006,0.5795870795870796,High income,North America,developed,original,False
Canada,CAN,2018,1.51,2.26822567248103,5.837,60.965,49982.5999118346,4.1,0.346,0.5999,0.5767627937989664,High income,North America,developed,original,False
Canada,CAN,2019,1.47,1.94926902411592,5.69,61.253,50498.9731057448,3.9,0.3438,0.5995,0.5734778982485405,High income,North America,developed,original,False
Canada,CAN,2020,1.41,0.716999632307827,9.657,59.379,48590.6832121939,2.6,0.3518,0.6022000000000001,0.584191298571903,High income,North America,developed,original,False
Canada,CAN,2021,1.44,3.39519318527527,7.527,60.634,56995.1176781351,4.3,0.3622,0.6065,0.5971970321516901,High income,North America,developed,median,False
Canada,CAN,2022,1.34,6.80280115341612,5.279,61.049,63944.1050100687,4.3,0.3678,0.5979,0.6151530356246865,High income,North America,developed,median,False
Canada,CAN,2023,1.27,3.87900159788425,5.415,61.134,64219.3173928637,4.3,0.3678,0.5979,0.6151530356246865,High income,North America,developed,median,False
Canada,CAN,2024,1.25,2.38158383281173,6.351,60.415,64610.3795171971,4.3,0.3678,0.5979,0.6151530356246865,High income,North America,developed,median,False
Switzerland,CHE,2000,1.5,1.55852919679008,2.658,57.595,36703.066164663,5.5,0.3242,0.5952000000000001,0.5446908602150536,High income,Western Europe,developed,original,False
Switzerland,CHE,2001,1.38,0.989020329832545,2.49,58.797,37818.9074517374,5.0,0.3141,0.5953,0.5276331261548798,High income,Western Europe,developed,original,False
Switzerland,CHE,2002,1.39,0.642711506543277,2.924,59.358,38704.9584597242,5.5,0.3049,0.5917,0.51529491296265,High income,Western Europe,developed,original,False
Switzerland,CHE,2003,1.39,0.638272930887189,4.117,59.497,38732.3849513213,5.5,0.3242,0.5855,0.5537147736976943,High income,Western Europe,developed,original,False
Switzerland,CHE,2004,1.42,0.802908730955226,4.316,59.132,40171.1805746279,5.3,0.3303,0.5807,0.5687962803513001,High income,Western Europe,developed,original,False
Switzerland,CHE,2005,1.42,1.17195420333702,4.437,59.35,41524.8488732932,5.4,0.3429,0.5862,0.5849539406345956,High income,Western Europe,developed,original,False
Switzerland,CHE,2006,1.44,1.05950928324804,3.995,59.755,46265.6820679271,5.3,0.3502,0.5894,0.5941635561588056,High income,Western Europe,developed,original,False
Switzerland,CHE,2007,1.46,0.732350603122236,3.641,59.956,50927.630857566,5.3,0.3362,0.5988,0.5614562458249833,High income,Western Europe,developed,original,False
Switzerland,CHE,2008,1.48,2.42604117060157,3.35,61.329,53808.7841127066,5.4,0.3108,0.5964,0.5211267605633803,High income,Western Europe,developed,original,False
Switzerland,CHE,2009,1.5,-0.480481936423304,4.109,61.646,52998.98846352,5.4,0.3175,0.5935,0.5349620893007582,High income,Western Europe,developed,original,False
Switzerland,CHE,2010,1.52,0.688238707219974,4.808,60.021,54426.2828092789,5.5,0.339,0.5974,0.5674589889521259,High income,Western Europe,developed,original,False
Switzerland,CHE,2011,1.52,0.2313492076509,4.409,60.613,57493.5810559211,5.3,0.3398,0.5971000000000001,0.56908390554346,High income,Western Europe,developed,original,False
Switzerland,CHE,2012,1.52,-0.692552018105163,4.491,60.903,59440.9158607666,5.3,0.3299,0.6011000000000001,0.5488271502245883,High income,Western Europe,developed,original,False
Switzerland,CHE,2013,1.52,-0.217323155115672,4.747,61.21,61656.4661708516,4.9,0.3311,0.6089,0.5437674494990967,High income,Western Europe,developed,original,False
Switzerland,CHE,2014,1.54,-0.0132025387515945,4.826,61.988,63417.0438110319,5.1,0.3289,0.6177,0.5324591225514004,High income,Western Europe,developed,original,False
Switzerland,CHE,2015,1.54,-1.14390867228178,4.801,62.36,65265.04573356,5.0,0.3272,0.6229,0.5252849574570557,High income,Western Europe,developed,original,False
Switzerland,CHE,2016,1.54,-0.434618664285814,4.918,62.934,67350.7518747757,5.0,0.3255,0.6251,0.5207166853303472,High income,Western Europe,developed,original,False
Switzerland,CHE,2017,1.52,0.533787839825876,4.797,62.705,68193.5055940262,4.8,0.3215,0.6286,0.5114540248170537,High income,Western Europe,developed,original,False
Switzerland,CHE,2018,1.52,0.936335464113572,4.713,63.007,70688.8187491194,4.8,0.3124,0.6288,0.4968193384223918,High income,Western Europe,developed,original,False
Switzerland,CHE,2019,1.48,0.362886179940674,4.394,63.079,73732.2353322093,4.5,0.3084,0.6252,0.4932821497120921,High income,Western Europe,developed,original,False
Switzerland,CHE,2020,1.46,-0.725874933313402,4.817,62.636,72997.8239503282,4.1,0.3084,0.6219,0.4958996623251326,High income,Western Europe,developed,original,False
Switzerland,CHE,2021,1.52,0.581814168489855,5.013,62.631,81001.4111206118,4.2,0.3104,0.6254000000000001,0.496322353693636,High income,Western Europe,developed,original,False
Switzerland,CHE,2022,1.39,2.83502798644451,4.122,61.931,94421.4576550424,4.7,0.3201,0.628,0.5097133757961784,High income,Western Europe,developed,original,True
Switzerland,CHE,2023,1.33,2.13540088016386,4.043,62.375,95141.5960943632,5.3,0.3146,0.6277,0.5011948382985503,High income,Western Europe,developed,median,True
Switzerland,CHE,2024,1.29,1.06234041976594,4.343,62.53,96497.6947971323,5.3,0.3146,0.6279,0.5010351966873706,High income,Western Europe,developed,median,True
Chile,CHL,2000,2.046,3.84327295706565,10.491,37.7,9375.65991088758,4.4,0.6273000000000001,0.7238,0.8666758773141753,High income,Latin America,transition,original,False
Chile,CHL,2001,2.007,3.56910053001466,10.39,36.726,9775.51016241925,4.1,0.6188,0.7229,0.855996680038733,High income,Latin America,transition,original,False
Chile,CHL,2002,1.934,2.48939816650705,10.168,36.448,10132.9107703924,3.9,0.6102000000000001,0.7216,0.8456208425720622,High income,Latin America,transition,original,False
Chile,CHL,2003,1.885,2.8101787574361,9.765,37.8,10708.3644963118,3.6,0.6016,0.7194,0.8362524325827078,High income,Latin America,transition,original,False
Chile,CHL,2004,1.844,1.05473871403516,10.162,39.211,11612.4368780779,3.3,0.6163000000000001,0.7225,0.8530103806228374,High income,Latin America,transition,original,False
Chile,CHL,2005,1.825,3.05257621387849,9.34,40.131,12550.4348007645,3.3098,0.6309,0.7240000000000001,0.8714088397790054,High income,Latin America,transition,original,False
Chile,CHL,2006,1.798,3.39201733699405,9.024,41.288,15510.7700739452,3.5389858035,0.6455000000000001,0.7263000000000001,0.8887512047363348,High income,Latin America,transition,original,True
Chile,CHL,2007,1.826,4.40779938398044,8.427,42.235,16697.5160217416,3.4818497616,0.6415000000000001,0.7259,0.8837305413968868,High income,Latin America,transition,original,False
Chile,CHL,2008,1.85,8.71626873039607,9.285,44.182,16375.9648536011,3.3,0.6374000000000001,0.7245,0.8797791580400277,High income,Latin America,transition,original,False
Chile,CHL,2009,1.855,0.353045178360936,11.313,44.615,15951.3304877878,3.3,0.6334000000000001,0.7241000000000001,0.8747410578649358,High income,Latin America,transition,original,False
Chile,CHL,2010,1.844,1.4107110795432,8.547,46.856,17917.8951217097,3.5311237242,0.6581,0.727,0.9052269601100412,High income,Latin America,transition,original,True
Chile,CHL,2011,1.823,3.34121694259302,7.492,48.913,20121.6834214209,3.7550040728,0.6829000000000001,0.7325,0.9322866894197952,High income,Latin America,transition,original,True
Chile,CHL,2012,1.798,3.00744840213047,6.79,49.179,21366.1771264909,3.6535817924872624,0.6718000000000001,0.7298,0.9205261715538504,High income,Latin America,transition,original,True
Chile,CHL,2013,1.786,1.7895555398459,6.361,49.656,22201.0660684337,3.484997004522397,0.6607000000000001,0.7344,0.8996459694989107,High income,Latin America,transition,original,True
Chile,CHL,2014,1.774,4.71867527854671,6.761,50.288,22553.6161787372,3.640372827872905,0.6564,0.7289,0.9005350528193168,High income,Latin America,transition,original,True
Chile,CHL,2015,1.737,4.34877353217044,6.605,50.352,22468.3125745547,3.4290016881213448,0.6522,0.7286,0.8951413670052154,High income,Latin America,transition,original,True
Chile,CHL,2016,1.686,3.78619355893118,6.926,50.756,23256.5036042211,3.43361907980504,0.6434000000000001,0.7261000000000001,0.8861038424459441,High income,Latin America,transition,original,True
Chile,CHL,2017,1.563,2.18271846868519,7.257,51.739,24295.223766602,3.3291362618,0.6346,0.7255,0.8747070985527223,High income,Latin America,transition,original,False
Chile,CHL,2018,1.543,2.43488981353057,7.623,52.416,25305.0903462611,3.3697208289,0.6199,0.7234,0.856925628974288,High income,Latin America,transition,original,False
Chile,CHL,2019,1.43,2.55754475703326,7.493,52.651,25611.7578269458,3.2,0.6052000000000001,0.7207,0.839739142500347,High income,Latin America,transition,original,False
Chile,CHL,2020,1.307,3.04549084804326,10.934,45.442,25350.8635082972,1.9,0.5905,0.7161000000000001,0.8246055020248568,High income,Latin America,transition,original,False
Chile,CHL,2021,1.176,4.52456838259143,9.281,46.579,29089.850459728,2.7,0.5926,0.7189,0.8243149255807484,High income,Latin America,transition,original,False
Chile,CHL,2022,1.255,11.6438667110559,8.249,50.025,30932.0010873677,3.458,0.5947,0.7191000000000001,0.8270059796968432,High income,Latin America,transition,median,False
Chile,CHL,2023,1.167,7.58168251407962,9.013,51.963,33145.403552025,3.458,0.5947,0.7187,0.827466258522332,High income,Latin America,transition,median,False
Chile,CHL,2024,1.14,4.29763891572524,8.718,52.784,36181.156616977,3.458,0.5947,0.7200000000000001,0.8259722222222221,High income,Latin America,transition,median,False
Colombia,COL,2000,2.574,9.22534818585365,20.52,53.39,6775.93064418811,1.243,0.6397,0.7254,0.8818582850840916,Upper middle income,Latin America,transition,median,True
Colombia,COL,2001,2.522,7.96556090304834,15.04,53.393,6934.88284338593,1.243,0.6397,0.7253000000000001,0.8819798703984558,Upper middle income,Latin America,transition,median,True
Colombia,COL,2002,2.489,6.35150728778872,14.481,52.356,7108.8239028593,1.243,0.6397,0.7255,0.881736733287388,Upper middle income,Latin America,transition,median,False
Colombia,COL,2003,2.45,7.1297886294186,13.221,53.712,7420.46008365281,1.243,0.6011000000000001,0.7194,0.8355574089519044,Upper middle income,Latin America,transition,median,False
Colombia,COL,2004,2.384,5.90402005546502,13.717,52.953,7909.34635155695,1.243,0.6224000000000001,0.7230000000000001,0.8608575380359612,Upper middle income,Latin America,transition,median,False
Colombia,COL,2005,2.309,5.05101962689695,11.062,51.148,8432.33329078314,1.243,0.6111,0.7216,0.8468680709534367,Upper middle income,Latin America,transition,median,False
Colombia,COL,2006,2.241,4.29342363628926,11.088,50.562,9154.08926196511,1.243,0.613,0.7219,0.8491480814517246,Upper middle income,Latin America,transition,median,False
Colombia,COL,2007,2.195,5.54438485815155,11.204,49.981,9909.29031403767,1.243,0.6149,0.7220000000000001,0.8516620498614957,Upper middle income,Latin America,transition,median,False
Colombia,COL,2008,2.155,6.9968849555451,11.273,50.37,10307.0649878854,1.243,0.6168,0.7226,0.853584278992527,Upper middle income,Latin America,transition,median,False
Colombia,COL,2009,2.096,4.20251661216481,12.066,53.922,10367.3489557519,1.243,0.6058,0.7209,0.8403384658066306,Upper middle income,Latin America,transition,median,False
Colombia,COL,2010,2.01,2.27200227892008,11.153,54.415,10841.1279801312,1.243,0.6007,0.7193,0.8351174753232309,Upper middle income,Latin America,transition,median,False
Colombia,COL,2011,1.938,3.4150334477625,10.288,54.946,11707.4614624747,0.8007236288137235,0.6056,0.7206,0.8404107688037746,Upper middle income,Latin America,transition,original,True
Colombia,COL,2012,1.899,3.16930188840055,9.959,56.011,12093.0754939172,1.4568987564097695,0.5825,0.7139,0.8159406079282813,Upper middle income,Latin America,transition,original,False
Colombia,COL,2013,1.86,2.01699224310383,9.246,55.303,12779.8865818318,1.3954685979349926,0.5870000000000001,0.7169,0.818803180359883,Upper middle income,Latin America,transition,original,False
Colombia,COL,2014,1.822,2.89883787761737,8.799,55.002,13355.3624162195,1.3991502248960996,0.5595,0.7031000000000001,0.7957616270800739,Upper middle income,Latin America,transition,original,False
Colombia,COL,2015,1.771,4.98983115849529,8.572,55.255,13332.0555048211,1.331337485391333,0.5626,0.7059000000000001,0.7969967417481228,Upper middle income,Latin America,transition,original,False
Colombia,COL,2016,1.719,7.51346024627674,8.922,54.719,14026.8399931053,1.26844938022522,0.5670000000000001,0.7078,0.801073749646793,Upper middle income,Latin America,transition,original,False
Colombia,COL,2017,1.717,4.3143132569501,9.086,54.343,14400.6139849314,1.2021518713256043,0.5897,0.7160000000000001,0.8236033519553072,Upper middle income,Latin America,transition,original,False
Colombia,COL,2018,1.715,3.24056932930569,9.36,53.244,15239.4049488277,1.1508352490175429,0.596,0.7187,0.8292750800055656,Upper middle income,Latin America,transition,original,False
Colombia,COL,2019,1.71,3.52301932741446,10.28,52.398,16181.5908990662,1.125867745964534,0.5969,0.7188,0.830411797440178,Upper middle income,Latin America,transition,original,False
Colombia,COL,2020,1.694,2.52663500084706,15.983,51.108,15519.2101694656,0.8472504390784311,0.6122000000000001,0.7218,0.8481573843169854,Upper middle income,Latin America,transition,original,False
Colombia,COL,2021,1.68,3.49505757399448,13.898,51.679,17383.0901728295,1.2174024053789851,0.6092000000000001,0.7218,0.8440011083402605,Upper middle income,Latin America,transition,original,False
Colombia,COL,2022,1.663,10.1772313546166,10.541,50.922,20854.002999162,1.39,0.6331,0.7241000000000001,0.8743267504488329,Upper middle income,Latin America,transition,original,False
Colombia,COL,2023,1.645,11.7359044948689,9.591,51.833,21246.3762695201,1.243,0.5994,0.7191000000000001,0.8335419274092616,Upper middle income,Latin America,transition,median,False
Colombia,COL,2024,1.634,6.60908593728228,9.619,51.719,22349.436440123,1.243,0.5994,0.7191000000000001,0.8335419274092616,Upper middle income,Latin America,transition,median,False
Czechia,CZE,2000,1.15,3.77538829151729,8.764,51.637,16332.2910408629,5.4,0.3001,0.5616,0.5343660968660968,High income,Eastern Europe,transition,original,False
Czechia,CZE,2001,1.15,4.66267556988257,8.128,51.274,17709.4523103293,5.1,0.302,0.5618000000000001,0.5375578497686009,High income,Eastern Europe,transition,original,False
Czechia,CZE,2002,1.17,1.90298097019026,7.28,50.954,18344.0329427938,5.2,0.2937,0.5614,0.5231563947274671,High income,Eastern Europe,transition,original,False
Czechia,CZE,2003,1.18,0.118739205526814,7.777,50.83,19604.0917215381,4.8,0.2943,0.5615,0.5241317898486197,High income,Eastern Europe,transition,original,False
Czechia,CZE,2004,1.23,2.76010781671153,8.298,50.554,20988.1204818834,5.0,0.2988,0.5618000000000001,0.5318618725525097,High income,Eastern Europe,transition,original,False
Czechia,CZE,2005,1.29,1.85709789109228,7.927,50.657,22114.8363085202,5.1,0.3025,0.5621,0.5381604696673189,High income,Eastern Europe,transition,original,False
Czechia,CZE,2006,1.34,2.53399258343633,7.141,50.53,23914.1862443811,5.2,0.3028,0.5655,0.5354553492484527,High income,Eastern Europe,transition,original,False
Czechia,CZE,2007,1.45,2.8531243721117,5.316,49.75,26267.6071527112,5.5,0.3038,0.5691,0.5338253382533825,High income,Eastern Europe,transition,original,False
Czechia,CZE,2008,1.51,6.3586638015237,4.392,49.224,27937.841568102,5.1,0.3226,0.5730000000000001,0.563001745200698,High income,Eastern Europe,transition,original,False
Czechia,CZE,2009,1.51,1.01937735329229,6.662,49.436,27713.2434564605,4.6,0.2993,0.5673,0.527586814736471,High income,Eastern Europe,transition,original,False
Czechia,CZE,2010,1.51,1.47272727272728,7.281,49.231,28153.8518610007,4.5,0.2987,0.5709000000000001,0.5232089682956734,High income,Eastern Europe,transition,original,False
Czechia,CZE,2011,1.43,1.9172191363555,6.712,49.472,29237.1870959847,4.3,0.2908,0.5719000000000001,0.5084805035845427,High income,Eastern Europe,transition,original,False
Czechia,CZE,2012,1.45,3.28762306610411,6.979,50.041,29465.6074011894,4.3,0.304,0.5722,0.5312827682628452,High income,Eastern Europe,transition,original,False
Czechia,CZE,2013,1.46,1.4382978723404,6.953,50.888,31013.0082933831,4.1,0.2975,0.5752,0.5172114047287899,High income,Eastern Europe,transition,original,False
Czechia,CZE,2014,1.53,0.343988589646793,6.108,50.803,32743.489773169,4.3,0.3039,0.5797,0.5242366741417975,High income,Eastern Europe,transition,original,False
Czechia,CZE,2015,1.57,0.309364548494975,5.048,51.187,34093.0280593748,4.6,0.3083,0.5760000000000001,0.5352430555555555,High income,Eastern Europe,transition,original,False
Czechia,CZE,2016,1.63,0.683504209385702,3.952,51.735,36445.0485732064,4.8,0.2989,0.5757,0.5191940246656245,High income,Eastern Europe,transition,original,False
Czechia,CZE,2017,1.69,2.4505339846014,2.893,52.114,39346.030564257,5.0,0.2964,0.5782,0.5126253891387063,High income,Eastern Europe,transition,original,False
Czechia,CZE,2018,1.71,2.14949494949492,2.246,52.559,41638.1831076596,5.1,0.2886,0.5807,0.4969863957292922,High income,Eastern Europe,transition,original,False
Czechia,CZE,2019,1.71,2.84787595918041,2.015,52.3,45614.0171132532,5.1,0.2897,0.5809000000000001,0.4987088999827853,High income,Eastern Europe,transition,original,False
Czechia,CZE,2020,1.74,3.1612952849781,2.55,51.463,44839.4822099455,4.2,0.2897,0.5802,0.4993105825577387,High income,Eastern Europe,transition,original,False
Czechia,CZE,2021,1.83,3.83984491500146,2.803,51.555,47796.0337408466,4.5,0.2903,0.5814,0.4993120055039559,High income,Eastern Europe,transition,original,False
Czechia,CZE,2022,1.64,15.100165146837,2.224,52.191,52946.9660854462,5.1,0.2903,0.5809000000000001,0.499741779996557,High income,Eastern Europe,transition,original,False
Czechia,CZE,2023,1.46,10.6612601372427,2.579,53.241,55761.3798291375,4.822,0.2911,0.5845,0.49803250641574,High income,Eastern Europe,transition,mean,False
Czechia,CZE,2024,1.36,2.43531202435314,2.6,53.656,57285.4237001379,4.822,0.2911,0.5869,0.4959959107173284,High income,Eastern Europe,transition,mean,False
Germany,DEU,2000,1.38,1.44026838719741,7.917,49.001,27473.6669767024,5.1,0.3229,0.5744,0.5621518105849582,High income,Western Europe,developed,original,False
Germany,DEU,2001,1.35,1.98385731334471,7.773,49.347,28674.1682823146,4.7,0.3239,0.5712,0.5670518207282913,High income,Western Europe,developed,original,False
Germany,DEU,2002,1.34,1.42080615551526,8.482,49.58,29513.6823267102,4.6,0.3241,0.5711,0.5675013132551217,High income,Western Europe,developed,original,False
Germany,DEU,2003,1.34,1.03422218628562,9.779,49.985,30301.4017692833,4.6,0.3165,0.5711,0.5541936613552793,High income,Western Europe,developed,original,False
Germany,DEU,2004,1.36,1.66573696655991,10.727,49.742,31753.1720592803,4.8,0.3289,0.5799000000000001,0.567166752888429,High income,Western Europe,developed,original,False
Germany,DEU,2005,1.34,1.54691114751328,11.193,50.694,32313.736788417,4.7,0.3481,0.5871000000000001,0.5929143246465678,High income,Western Europe,developed,original,False
Germany,DEU,2006,1.33,1.57742642840563,10.277,51.758,34741.3353426224,4.5,0.3531,0.5912000000000001,0.5972598105548038,High income,Western Europe,developed,original,False
Germany,DEU,2007,1.37,2.2983440070095,8.732,52.21,36914.0023792935,4.5,0.3691,0.6013000000000001,0.6138366871777814,High income,Western Europe,developed,original,False
Germany,DEU,2008,1.38,2.62837981637219,7.508,51.998,38443.5386278958,4.6,0.3676,0.6053000000000001,0.6073021642160911,High income,Western Europe,developed,original,False
Germany,DEU,2009,1.36,0.312739007368446,7.88,52.624,37573.9910136539,4.6,0.3725,0.5965,0.6244761106454316,High income,Western Europe,developed,original,False
Germany,DEU,2010,1.39,1.1038103778926,7.043,52.528,39726.098692395,4.7,0.3669,0.5912000000000001,0.6206021650879566,High income,Western Europe,developed,original,False
Germany,DEU,2011,1.39,2.07517283735874,5.967,53.71,43398.3443992496,4.6,0.3679,0.5878,0.625893160939095,High income,Western Europe,developed,original,False
Germany,DEU,2012,1.41,2.00848884782956,5.372,53.68,44229.3941921739,4.8,0.3632,0.5825,0.6235193133047211,High income,Western Europe,developed,original,False
Germany,DEU,2013,1.42,1.50472330251876,5.316,54.194,45889.0173022052,4.6,0.3776,0.5833,0.6473512772158408,High income,Western Europe,developed,original,False
Germany,DEU,2014,1.47,0.906794000434245,4.979,54.468,47938.7968210418,4.8,0.3826,0.5866,0.6522332083191271,High income,Western Europe,developed,original,False
Germany,DEU,2015,1.5,0.514426137125456,4.612,54.441,48545.400721962,4.9,0.3817,0.5867,0.6505880347707517,High income,Western Europe,developed,original,False
Germany,DEU,2016,1.6,0.491747008445174,4.104,54.808,51569.9016841199,5.0,0.3811,0.5868,0.6494546693933198,High income,Western Europe,developed,original,False
Germany,DEU,2017,1.57,1.50949485109628,3.781,55.138,54110.2536648812,4.9,0.3781,0.5858,0.6454421304199386,High income,Western Europe,developed,original,False
Germany,DEU,2018,1.57,1.73216879766941,3.384,55.211,56273.0405627017,5.4,0.3737,0.5885,0.6350042480883602,High income,Western Europe,developed,original,False
Germany,DEU,2019,1.54,1.44565976888253,3.163,55.709,59270.7276496985,5.0,0.3745,0.5857,0.6394058391668089,High income,Western Europe,developed,original,False
Germany,DEU,2020,1.53,0.144877925813981,3.881,55.113,58685.872699771,4.5,0.3745,0.5832,0.6421467764060356,High income,Western Europe,developed,original,False
Germany,DEU,2021,1.58,3.06666666666673,3.594,55.018,62530.7653199239,4.3,0.3742,0.5856,0.6390027322404371,High income,Western Europe,developed,original,False
Germany,DEU,2022,1.455,6.87257438551096,3.137,55.538,69048.9884036885,4.7,0.3764,0.5852,0.6431989063568011,High income,Western Europe,developed,original,False
Germany,DEU,2023,1.39,5.94643667725823,3.071,55.821,71684.0311875583,4.7,0.3765,0.5844,0.6442505133470225,High income,Western Europe,developed,median,False
Germany,DEU,2024,1.36,2.2564981433876,3.4,55.622,73551.9347696836,4.7,0.3765,0.5852,0.6433697881066301,High income,Western Europe,developed,median,False
Denmark,DNK,2000,1.77,2.90328203236461,4.476,60.03,28647.8282830783,7.2,0.3139,0.5425,0.5786175115207374,High income,Northern Europe,developed,original,False
Denmark,DNK,2001,1.74,2.33787000255262,4.164,59.874,29458.9882141098,6.8,0.2968,0.5197,0.5710987107946892,High income,Northern Europe,developed,original,False
Denmark,DNK,2002,1.72,2.42443661219694,4.274,60.309,30666.5967674022,6.9,0.2908,0.5126000000000001,0.5673039406944986,High income,Northern Europe,developed,original,False
Denmark,DNK,2003,1.76,2.07507820646506,5.398,59.949,30864.1123687371,6.5,0.2864,0.5063,0.5656725261702548,High income,Northern Europe,developed,original,False
Denmark,DNK,2004,1.78,1.15435693124934,5.204,60.627,33015.5515892493,7.0,0.2922,0.5098,0.5731659474303649,High income,Northern Europe,developed,original,False
Denmark,DNK,2005,1.8,1.81781458291254,4.83,60.62,34238.3218147437,6.7,0.3081,0.5165000000000001,0.596515004840271,High income,Northern Europe,developed,original,False
Denmark,DNK,2006,1.85,1.92422138464584,3.897,61.296,37392.3211413889,6.7,0.3123,0.5118,0.6101992966002344,High income,Northern Europe,developed,original,False
Denmark,DNK,2007,1.84,1.69326586220324,3.801,60.849,39110.0956365756,6.7,0.3065,0.5111,0.5996869497162982,High income,Northern Europe,developed,original,False
Denmark,DNK,2008,1.89,3.41626794258374,3.683,60.052,41467.3861879777,6.8,0.3021,0.4891,0.6176650991617256,High income,Northern Europe,developed,original,False
Denmark,DNK,2009,1.84,1.30470991024335,6.409,59.768,40524.3123510224,6.0,0.2914,0.5092,0.5722702278083268,High income,Northern Europe,developed,original,False
Denmark,DNK,2010,1.87,2.31092436974786,7.746,58.97,43037.5989192487,5.6,0.3172,0.5107,0.6211082827491677,High income,Northern Europe,developed,original,False
Denmark,DNK,2011,1.75,2.7586822605125,7.769,58.71,44443.7163844726,4.9,0.3181,0.5006,0.635437475029964,High income,Northern Europe,developed,original,False
Denmark,DNK,2012,1.73,2.3979148566464,7.798,58.281,44755.1624273018,5.1,0.319,0.4938,0.6460105305791819,High income,Northern Europe,developed,original,False
Denmark,DNK,2013,1.67,0.789071780078062,7.384,57.679,46869.1932887749,4.9,0.3293,0.4996,0.6591273018414732,High income,Northern Europe,developed,original,False
Denmark,DNK,2014,1.69,0.56402054044954,6.925,57.097,47879.5955558233,5.0,0.3367,0.5041,0.6679230311446142,High income,Northern Europe,developed,original,False
Denmark,DNK,2015,1.71,0.452034153691574,6.278,56.837,48897.2099776611,5.1,0.3319,0.5018,0.6614188919888401,High income,Northern Europe,developed,original,False
Denmark,DNK,2016,1.79,0.250000000000031,5.989,57.677,51820.9521305491,5.4,0.3349,0.5032,0.6655405405405406,High income,Northern Europe,developed,original,False
Denmark,DNK,2017,1.75,1.14713216957601,5.833,57.739,55271.5976002659,5.5,0.3351,0.5064000000000001,0.6617298578199051,High income,Northern Europe,developed,original,False
Denmark,DNK,2018,1.73,0.813609467455631,5.131,57.649,57233.6231685618,5.6,0.3351,0.5075000000000001,0.660295566502463,High income,Northern Europe,developed,original,False
Denmark,DNK,2019,1.7,0.75813157251162,5.018,58.06,60594.966400191,5.3,0.3324,0.5045000000000001,0.658870168483647,High income,Northern Europe,developed,original,False
Denmark,DNK,2020,1.68,0.420711974110024,5.644,57.886,62682.2899474389,4.9,0.3324,0.5045000000000001,0.658870168483647,High income,Northern Europe,developed,original,False
Denmark,DNK,2021,1.72,1.85304543989689,5.065,58.161,69715.1809680929,4.7,0.333,0.5079,0.6556408741878322,High income,Northern Europe,developed,original,False
Denmark,DNK,2022,1.55,7.69656699889259,4.434,59.551,78913.6534913127,5.34,0.3331,0.5071,0.656872411753106,High income,Northern Europe,developed,original,False
Denmark,DNK,2023,1.5,3.30517811237605,5.094,59.812,77892.2932609904,5.854,0.3338,0.5013000000000001,0.6658687412726909,High income,Northern Europe,developed,mean,False
Denmark,DNK,2024,1.47,1.37220049768925,5.358,60.902,81878.2349849181,5.854,0.3338,0.5026,0.6641464385196975,High income,Northern Europe,developed,mean,False
Spain,ESP,2000,1.22,3.43351563418766,13.785,40.657,21582.2067955558,5.4,0.3424,0.5729000000000001,0.5976610228661197,High income,Southern Europe,special_case,original,False
Spain,ESP,2001,1.23,3.58983413338112,10.348,39.439,22952.3641099695,5.1,0.3369,0.5542,0.6079032840129917,High income,Southern Europe,special_case,original,False
Spain,ESP,2002,1.25,3.06565685902219,11.146,41.891,24377.8417076394,5.1,0.3396,0.5525,0.6146606334841629,High income,Southern Europe,special_case,original,False
Spain,ESP,2003,1.3,3.03888839396655,11.283,43.378,25057.3469945838,5.0,0.342,0.5496,0.6222707423580787,High income,Southern Europe,special_case,original,False
Spain,ESP,2004,1.31,3.03924881090924,11.09,44.756,26159.7864720491,5.0,0.3403,0.5343,0.6369081040613888,High income,Southern Europe,special_case,original,False
Spain,ESP,2005,1.33,3.36881409750383,9.146,46.176,27629.7077024966,4.7,0.3371,0.5275000000000001,0.6390521327014217,High income,Southern Europe,special_case,original,False
Spain,ESP,2006,1.36,3.51557576832128,8.452,47.598,30748.7396326091,4.5,0.3468,0.5358,0.6472564389697648,High income,Southern Europe,special_case,original,False
Spain,ESP,2007,1.38,2.78679745804945,8.232,48.547,32536.1882684038,4.4,0.3457,0.5607,0.6165507401462458,High income,Southern Europe,special_case,original,False
Spain,ESP,2008,1.45,4.07534335957339,11.254,49.934,33349.942580613,4.2,0.348,0.5447000000000001,0.6388837892417844,High income,Southern Europe,special_case,original,False
Spain,ESP,2009,1.38,-0.28781308353524,17.857,51.013,32218.2880170155,3.7,0.3588,0.5597,0.6410577094872253,High income,Southern Europe,special_case,original,False
Spain,ESP,2010,1.37,1.79986457728768,19.86,51.711,31804.6746571689,3.6,0.3433,0.5577,0.615563923256231,High income,Southern Europe,special_case,original,True
Spain,ESP,2011,1.34,3.1961018883379,21.39,52.29,32015.5752000401,3.4,0.3406,0.5612,0.6069137562366358,High income,Southern Europe,special_case,original,True
Spain,ESP,2012,1.32,2.44612782366808,24.789,52.895,31869.7839822219,3.5,0.3464,0.5677,0.6101814338559098,High income,Southern Europe,special_case,original,True
Spain,ESP,2013,1.27,1.40858109183018,26.094,52.831,32613.6891811474,3.3,0.3469,0.5688,0.6098804500703235,High income,Southern Europe,special_case,original,True
Spain,ESP,2014,1.32,-0.151114837527234,24.441,52.629,33760.9555646369,3.4,0.3488,0.5833,0.5979770272587005,High income,Southern Europe,special_case,original,True
Spain,ESP,2015,1.33,-0.500365709903242,22.057,52.62,35228.6333036223,3.6,0.3532,0.5757,0.6135139829772451,High income,Southern Europe,special_case,original,True
Spain,ESP,2016,1.33,-0.202598000426452,19.635,52.485,37612.7188681342,3.7,0.3511,0.5747,0.610927440403689,High income,Southern Europe,special_case,original,True
Spain,ESP,2017,1.31,1.95607633363963,17.224,52.281,39825.2498116292,3.7,0.3507,0.5746,0.6103376261747303,High income,Southern Europe,special_case,original,False
Spain,ESP,2018,1.26,1.6749813686379,15.255,51.873,41015.1565755187,3.5,0.3465,0.5741,0.6035533879115136,High income,Southern Europe,special_case,original,False
Spain,ESP,2019,1.23,0.699518994458738,14.104,52.039,44042.757577336,3.5,0.3412,0.5719000000000001,0.5966077985661828,High income,Southern Europe,special_case,original,False
Spain,ESP,2020,1.18,-0.322753017299739,15.532,50.922,39327.8479269599,1.9,0.3412,0.5702,0.5983865310417397,High income,Southern Europe,special_case,original,False
Spain,ESP,2021,1.18,3.09313511976419,14.914,52.177,44251.6658222621,3.1,0.3427,0.5724,0.5987071977638015,High income,Southern Europe,special_case,original,False
Spain,ESP,2022,1.16,8.39057634118626,13.033,52.281,51398.9310403407,3.7,0.3425,0.5709000000000001,0.5999299351900508,High income,Southern Europe,special_case,original,False
Spain,ESP,2023,1.12,3.53236133492432,12.179,52.773,55682.2402603093,3.957,0.3397,0.5716,0.594296710986704,High income,Southern Europe,special_case,mean,False
Spain,ESP,2024,1.1,2.77417826534772,11.4,53.195,57965.2948138837,3.957,0.3397,0.5735,0.5923278116826504,High income,Southern Europe,special_case,mean,False
Estonia,EST,2000,1.36,4.01848952508763,13.36,52.575,9424.5071547444,3.9,0.4215,0.6737000000000001,0.6256493988422145,High income,Eastern Europe,transition,original,False
Estonia,EST,2001,1.32,5.74827981651373,13.134,51.986,10308.8990965341,4.1,0.4114,0.6702,0.6138466129513578,High income,Eastern Europe,transition,original,False
Estonia,EST,2002,1.36,3.57191270164026,10.026,51.03,11666.6649638489,4.2,0.4293,0.6766,0.63449600945906,High income,Eastern Europe,transition,original,False
Estonia,EST,2003,1.37,1.33499116549955,11.288,52.274,13135.0419683127,4.2,0.4277,0.6763,0.6324116516338903,High income,Eastern Europe,transition,original,False
Estonia,EST,2004,1.47,3.04811107523416,10.248,53.198,14538.0273203932,4.4,0.4095,0.6701,0.611102820474556,High income,Eastern Europe,transition,original,False
Estonia,EST,2005,1.52,4.07971423199848,8.033,53.512,16638.0779749397,4.5,0.4472,0.6821,0.6556223427649904,High income,Eastern Europe,transition,original,False
Estonia,EST,2006,1.58,4.43762042389213,5.915,54.656,19344.2638980902,5.2,0.4085,0.6695,0.6101568334578044,High income,Eastern Europe,transition,original,False
Estonia,EST,2007,1.69,6.60132603055637,4.592,54.019,22200.5486407425,5.2,0.3947,0.6673,0.5914880863179979,High income,Eastern Europe,transition,original,False
Estonia,EST,2008,1.72,10.3623580313682,5.455,54.784,22803.5194742273,4.6,0.3755,0.6631,0.5662795958377318,High income,Eastern Europe,transition,original,False
Estonia,EST,2009,1.7,-0.0784083112809768,13.548,54.714,20488.94990724,4.0,0.3442,0.6546000000000001,0.5258172930033608,High income,Eastern Europe,transition,original,False
Estonia,EST,2010,1.72,2.97204512015693,16.707,55.069,21614.3068307361,3.8,0.3596,0.6608,0.5441888619854721,High income,Eastern Europe,transition,original,False
Estonia,EST,2011,1.61,4.9819013145361,12.328,55.617,24652.3610297918,4.1,0.3728,0.6633,0.562038293381577,High income,Eastern Europe,transition,original,False
Estonia,EST,2012,1.56,3.93339987296985,10.021,55.38,26242.5282659014,4.5,0.3923,0.667,0.5881559220389805,High income,Eastern Europe,transition,original,False
Estonia,EST,2013,1.52,2.78056658954987,8.631,55.341,27831.1526234213,4.3,0.3889,0.6664,0.5835834333733494,High income,Eastern Europe,transition,original,False
Estonia,EST,2014,1.54,-0.106175146521709,7.352,54.54,29403.6584494815,4.7,0.3849,0.6665,0.5774943735933984,High income,Eastern Europe,transition,original,False
Estonia,EST,2015,1.58,-0.49232600654737,6.412,55.747,29712.6299473728,5.2,0.3588,0.6556000000000001,0.5472849298352653,High income,Eastern Europe,transition,original,False
Estonia,EST,2016,1.6,0.148684907627372,6.882,56.295,31947.7769107437,4.8,0.3541,0.6534,0.5419344964799511,High income,Eastern Europe,transition,original,False
Estonia,EST,2017,1.59,3.41723549488054,5.807,57.006,34506.6486942506,4.9,0.3539,0.6603,0.5359684991670453,High income,Eastern Europe,transition,original,False
Estonia,EST,2018,1.67,3.43632688420446,5.412,57.281,37120.9879761677,5.0,0.3555,0.6606000000000001,0.5381471389645776,High income,Eastern Europe,transition,original,False
Estonia,EST,2019,1.66,2.27725931243522,4.514,57.34,40586.3784378888,5.1,0.4076,0.6731,0.6055563809240826,High income,Eastern Europe,transition,original,False
Estonia,EST,2020,1.58,-0.444531097679829,6.956,57.133,40672.1340402132,4.6,0.4076,0.6731,0.6055563809240826,High income,Eastern Europe,transition,original,False
Estonia,EST,2021,1.61,4.65316673847472,6.178,57.777,44251.5374983455,4.573,0.4148,0.6743,0.615156458549607,High income,Eastern Europe,transition,mean,False
Estonia,EST,2022,1.41,19.3982634080616,5.571,60.138,48217.5523106028,5.3,0.4228,0.6793,0.6224054173413809,High income,Eastern Europe,transition,original,False
Estonia,EST,2023,1.31,9.15922507983982,6.378,61.049,48637.1802208795,4.573,0.4138,0.6775,0.6107749077490775,High income,Eastern Europe,transition,mean,False
Estonia,EST,2024,1.18,3.5194118998392,7.6,61.258,49968.7108278373,4.573,0.4138,0.6802,0.608350485151426,High income,Eastern Europe,transition,mean,False
Finland,FIN,2000,1.73,3.04210080667795,11.134,56.566,26782.8574259016,5.1,0.346,0.5697,0.6073371950149201,High income,Northern Europe,developed,original,False
Finland,FIN,2001,1.73,2.57844080098895,10.29,57.281,27798.0582735421,4.8,0.3376,0.5612,0.6015680684248039,High income,Northern Europe,developed,original,False
Finland,FIN,2002,1.72,1.57122012789379,10.423,57.75,28596.2606345457,5.2,0.3325,0.5641,0.5894344974295338,High income,Northern Europe,developed,original,False
Finland,FIN,2003,1.76,0.877440386254785,10.469,57.631,29042.698985165,5.0,0.3258,0.5703,0.5712782745923197,High income,Northern Europe,developed,original,False
Finland,FIN,2004,1.8,0.187120559084418,10.358,57.573,31195.1243346394,5.6,0.3379,0.5722,0.5905277874868926,High income,Northern Europe,developed,original,False
Finland,FIN,2005,1.8,0.62387445002519,9.602,58.157,32047.7069315564,5.6,0.3213,0.5698,0.5638820638820639,High income,Northern Europe,developed,original,False
Finland,FIN,2006,1.84,1.56666380704386,8.935,58.337,34440.3771039162,5.4,0.3336,0.5698,0.5854685854685855,High income,Northern Europe,developed,original,False
Finland,FIN,2007,1.83,2.5106656524034,6.854,57.33,37842.9164695203,5.6,0.3311,0.5588000000000001,0.59251968503937,High income,Northern Europe,developed,original,False
Finland,FIN,2008,1.85,4.06595355358379,6.369,57.374,40081.2212482066,5.8,0.3406,0.5371,0.6341463414634146,High income,Northern Europe,developed,original,False
Finland,FIN,2009,1.86,-9.17360384430342e-07,8.249,56.861,37988.4498659536,5.6,0.3228,0.5392,0.5986646884272997,High income,Northern Europe,developed,original,False
Finland,FIN,2010,1.87,1.18413523154646,8.394,55.871,38946.228265358,5.6,0.3264,0.552,0.591304347826087,High income,Northern Europe,developed,original,False
Finland,FIN,2011,1.83,3.41680754255211,7.781,55.743,40845.9566729849,5.3,0.3235,0.5465,0.5919487648673376,High income,Northern Europe,developed,original,False
Finland,FIN,2012,1.8,2.80833622561573,7.689,55.865,40739.1131809421,5.3,0.3177,0.5424,0.5857300884955752,High income,Northern Europe,developed,original,False
Finland,FIN,2013,1.75,1.47828615688809,8.193,55.568,41325.8052072321,4.6,0.3153,0.5488000000000001,0.5745262390670554,High income,Northern Europe,developed,original,False
Finland,FIN,2014,1.71,1.04119621178439,8.663,55.297,41547.0984485393,4.5,0.3205,0.5491,0.5836823893644145,High income,Northern Europe,developed,original,False
Finland,FIN,2015,1.65,-0.207928839905268,9.376,55.407,42257.8593791297,4.5,0.3293,0.5513,0.5973154362416107,High income,Northern Europe,developed,original,False
Finland,FIN,2016,1.57,0.356684500891695,8.818,54.982,44562.4011072067,4.5,0.329,0.5559000000000001,0.5918330635006296,High income,Northern Europe,developed,original,False
Finland,FIN,2017,1.49,0.754015047084346,8.64,55.027,47234.8528600939,4.8,0.3386,0.5607,0.6038879971464242,High income,Northern Europe,developed,original,False
Finland,FIN,2018,1.41,1.08382098409305,7.361,55.688,49248.6775395866,4.3,0.3359,0.5606,0.599179450588655,High income,Northern Europe,developed,original,False
Finland,FIN,2019,1.35,1.0240939296343,6.695,55.677,52276.1115723992,4.0,0.3312,0.5579000000000001,0.5936547768417278,High income,Northern Europe,developed,original,False
Finland,FIN,2020,1.37,0.290554555653239,7.759,55.175,53296.5792798852,4.0,0.3312,0.5574,0.5941872981700753,High income,Northern Europe,developed,original,False
Finland,FIN,2021,1.46,2.19457432340007,7.617,55.927,56790.3766177692,3.5,0.3264,0.5594,0.5834823024669289,High income,Northern Europe,developed,original,False
Finland,FIN,2022,1.32,7.12350773301402,6.719,57.267,62133.1375219912,3.9,0.3225,0.5558000000000001,0.5802446923353723,High income,Northern Europe,developed,original,False
Finland,FIN,2023,1.26,6.25064322154762,7.149,57.489,63414.9936878177,4.891,0.3072,0.5547000000000001,0.5538128718226066,High income,Northern Europe,developed,mean,False
Finland,FIN,2024,1.25,1.56568906231615,8.4,56.668,65378.3841859721,4.891,0.3072,0.5551,0.5534137993154385,High income,Northern Europe,developed,mean,False
France,FRA,2000,1.89,1.67595988720928,10.218,48.535,26007.4432303376,5.0,0.3359,0.605,0.5552066115702479,High income,Western Europe,developed,original,False
France,FRA,2001,1.9,1.63478079549599,8.61,48.324,27346.834962018,4.8,0.3378,0.5963,0.5664933758175414,High income,Western Europe,developed,original,False
France,FRA,2002,1.88,1.92341228727063,8.702,48.535,28350.0985605428,4.6,0.3361,0.5812,0.5782863041982106,High income,Western Europe,developed,original,False
France,FRA,2003,1.89,2.09847219146919,8.306,49.736,28024.0897244695,4.6,0.3375,0.5731,0.5889024603036119,High income,Western Europe,developed,original,False
France,FRA,2004,1.92,2.14208964640238,8.914,49.582,28921.2608031323,4.5,0.3431,0.5668000000000001,0.6053281580804516,High income,Western Europe,developed,original,False
France,FRA,2005,1.94,1.74586936380487,8.882,50.137,30431.2367240202,4.5,0.3426,0.5586,0.6133190118152525,High income,Western Europe,developed,original,False
France,FRA,2006,2.0,1.67512449608726,8.832,50.229,32423.5225068799,4.3,0.3403,0.5614,0.606163163519772,High income,Western Europe,developed,original,False
France,FRA,2007,1.98,1.48799805953859,8.008,50.62,34066.2393228249,4.3,0.3492,0.5674,0.6154388438491364,High income,Western Europe,developed,original,False
France,FRA,2008,2.01,2.81286194914785,7.386,50.74,35053.2627069116,4.1,0.352,0.5625,0.6257777777777778,High income,Western Europe,developed,original,False
France,FRA,2009,2.0,0.0876204781574653,9.122,51.065,34685.0059249958,3.9,0.333,0.5665,0.587819947043248,High income,Western Europe,developed,original,False
France,FRA,2010,2.03,1.53112270420918,9.279,51.083,35907.5531031574,3.9,0.3381,0.5834,0.5795337675694207,High income,Western Europe,developed,original,False
France,FRA,2011,2.01,2.11159795175,9.228,50.995,37510.3759898714,3.6,0.3392,0.5768,0.5880721220527046,High income,Western Europe,developed,original,False
France,FRA,2012,2.01,1.95419531613509,9.841,51.196,37671.0239268565,3.7,0.3292,0.5723,0.5752227852524899,High income,Western Europe,developed,original,False
France,FRA,2013,1.99,0.863715497861804,9.913,51.318,39583.3520435045,3.6,0.3233,0.5788,0.5585694540428473,High income,Western Europe,developed,original,False
France,FRA,2014,2.0,0.507758822937989,10.273,51.012,40218.1258637776,3.6,0.3249,0.5870000000000001,0.5534923339011925,High income,Western Europe,developed,original,False
France,FRA,2015,1.96,0.0375143805125181,10.354,50.957,40905.1767750994,3.6,0.3334,0.5894,0.5656599932134373,High income,Western Europe,developed,original,False
France,FRA,2016,1.92,0.183334861123764,10.057,50.83,42880.2351355431,3.5,0.3338,0.5871000000000001,0.5685573156191449,High income,Western Europe,developed,original,False
France,FRA,2017,1.89,1.03228275064681,9.409,50.625,44469.1458856805,3.5,0.3364,0.5883,0.5718171001189868,High income,Western Europe,developed,original,False
France,FRA,2018,1.87,1.85081508315492,9.018,50.813,46381.0590629457,3.5,0.3433,0.5919,0.5799966210508531,High income,Western Europe,developed,original,False
France,FRA,2019,1.86,1.10825492288293,8.415,50.615,51130.4723140578,3.3,0.3406,0.5913,0.5760189413157449,High income,Western Europe,developed,original,False
France,FRA,2020,1.82,0.476498852725065,8.009,50.05,49481.8044309655,2.3,0.3384,0.5894,0.5741431964709873,High income,Western Europe,developed,original,False
France,FRA,2021,1.83,1.64233141038393,7.871,51.605,52517.3354905855,3.3908895638535532,0.349,0.597,0.5845896147403685,High income,Western Europe,developed,original,False
France,FRA,2022,1.78,5.22236748369725,7.303,51.862,57042.9449013772,3.6,0.344,0.5961000000000001,0.5770843818151316,High income,Western Europe,developed,original,False
France,FRA,2023,1.66,4.8783572650844,7.335,52.108,60838.9416716424,3.9,0.3403,0.597,0.5700167504187604,High income,Western Europe,developed,mean,False
France,FRA,2024,1.61,1.99904942291462,7.4,51.773,62556.91810454,3.9,0.3403,0.5988,0.5683032732130928,High income,Western Europe,developed,mean,False
United Kingdom,GBR,2000,1.64,1.18295624210408,5.558,53.66,26535.5018554582,5.2,0.3597,0.5578000000000001,0.6448547866618859,High income,Western Europe,developed,original,False
United Kingdom,GBR,2001,1.63,1.53234960272418,4.696,53.533,27912.5562179151,4.8,0.363,0.5511,0.6586826347305389,High income,Western Europe,developed,original,False
United Kingdom,GBR,2002,1.63,1.52040245947455,5.037,54.146,29089.0536770407,4.9,0.3659,0.5545,0.6598737601442741,High income,Western Europe,developed,original,False
United Kingdom,GBR,2003,1.7,1.37650038542013,4.807,54.111,30313.6906668382,5.2,0.3781,0.5449,0.6938887869333822,High income,Western Europe,developed,original,False
United Kingdom,GBR,2004,1.75,1.39039756680422,4.594,54.534,32051.1847283895,4.4,0.3721,0.5403,0.6886914677031278,High income,Western Europe,developed,median,False
United Kingdom,GBR,2005,1.76,2.0891364902507,4.884,54.864,32726.1331883772,4.4,0.384,0.5415,0.7091412742382271,High income,Western Europe,developed,median,False
United Kingdom,GBR,2006,1.82,2.4556616643929,5.472,55.378,34727.4366712141,4.4,0.3873,0.5444,0.711425422483468,High income,Western Europe,developed,median,False
United Kingdom,GBR,2007,1.86,2.38656150773327,5.399,55.146,35522.0090884345,4.5,0.3876,0.5439,0.712630998345284,High income,Western Europe,developed,original,False
United Kingdom,GBR,2008,1.91,3.52140856342539,5.748,55.449,36744.7913584035,4.4,0.3707,0.5381,0.688905407916744,High income,Western Europe,developed,original,False
United Kingdom,GBR,2009,1.89,1.96173173560109,7.683,55.604,35041.5416305812,4.3,0.3865,0.5441,0.7103473626171659,High income,Western Europe,developed,original,False
United Kingdom,GBR,2010,1.92,2.49265472467065,7.973,55.529,36483.5682802621,4.4,0.3484,0.5463,0.6377448288486179,High income,Western Europe,developed,original,False
United Kingdom,GBR,2011,1.91,3.8561124468282,8.195,55.67,37224.3787645256,4.4,0.358,0.5584,0.6411174785100286,High income,Western Europe,developed,original,False
United Kingdom,GBR,2012,1.92,2.5732347965453,8.279,55.929,38336.5961844419,4.7,0.3669,0.5568000000000001,0.6589439655172413,High income,Western Europe,developed,original,False
United Kingdom,GBR,2013,1.83,2.29166666666659,7.752,56.256,39947.5369562562,4.2,0.3881,0.5677,0.683635723093183,High income,Western Europe,developed,original,False
United Kingdom,GBR,2014,1.81,1.45112016293279,6.398,56.521,41266.8197795309,4.4,0.3686,0.5781000000000001,0.6376059505275903,High income,Western Europe,developed,original,False
United Kingdom,GBR,2015,1.8,0.36804684232536,5.552,56.722,42515.278865824,4.2,0.3569,0.5661,0.6304539833951598,High income,Western Europe,developed,original,False
United Kingdom,GBR,2016,1.79,1.0084173681141,4.909,57.074,44085.2025586772,4.3,0.3572,0.5714,0.6251312565628282,High income,Western Europe,developed,original,False
United Kingdom,GBR,2017,1.74,2.55775577557747,4.501,57.273,46113.0211677324,4.1,0.3612,0.5755,0.6276281494352737,High income,Western Europe,developed,original,False
United Kingdom,GBR,2018,1.68,2.29283990345938,4.145,57.525,47212.2045190522,4.0,0.3612,0.5714,0.6321316065803291,High income,Western Europe,developed,original,False
United Kingdom,GBR,2019,1.632,1.73810460086513,3.657,58.037,50064.9605582187,3.7,0.3579,0.5695,0.6284460052677787,High income,Western Europe,developed,original,False
United Kingdom,GBR,2020,1.571,0.989486703772491,4.472,58.277,48230.0477027461,1.4,0.3579,0.5684,0.6296622097114708,High income,Western Europe,developed,original,False
United Kingdom,GBR,2021,1.583,2.51837109614213,4.864,58.02,51004.4271714238,4.4,0.36,0.5702,0.6313574184496668,High income,Western Europe,developed,median,False
United Kingdom,GBR,2022,1.56,7.92204883147902,3.768,57.703,59021.5721805914,4.4,0.3625,0.5707,0.6351848606973892,High income,Western Europe,developed,median,False
United Kingdom,GBR,2023,1.56,6.79396706793963,4.025,57.38,59911.3467663209,4.4,0.3622,0.5712,0.6341036414565826,High income,Western Europe,developed,median,False
United Kingdom,GBR,2024,1.551,3.2715729463592,4.361,57.489,62009.4907765366,4.4,0.3622,0.5714,0.6338816940847043,High income,Western Europe,developed,median,False
Greece,GRC,2000,1.25,3.15118162493827,11.345,39.478,18819.8544320117,4.5,0.4024,0.5015000000000001,0.8023928215353937,High income,Southern Europe,special_case,original,False
Greece,GRC,2001,1.25,3.37396832213865,10.764,38.729,20303.9312433429,5.3,0.3983,0.5014000000000001,0.7943757479058634,High income,Southern Europe,special_case,original,False
Greece,GRC,2002,1.28,3.62935871878874,10.346,39.27,21985.2345411071,5.3,0.376,0.4954,0.7589826402906742,High income,Southern Europe,special_case,original,False
Greece,GRC,2003,1.29,3.53065027765554,9.839,39.859,23252.6111362028,5.5,0.3628,0.4915,0.738148524923703,High income,Southern Europe,special_case,original,False
Greece,GRC,2004,1.31,2.89884810758167,10.628,41.048,24825.5735347512,4.6,0.3712,0.4935,0.7521783181357649,High income,Southern Europe,special_case,original,False
Greece,GRC,2005,1.34,3.5450727333508,10.074,41.255,25003.8297466933,5.5,0.3747,0.4967,0.7543789007449164,High income,Southern Europe,special_case,original,False
Greece,GRC,2006,1.4,3.19594684144543,8.906,41.607,28076.1241416392,5.2,0.3664,0.4956,0.7393058918482648,High income,Southern Europe,special_case,original,False
Greece,GRC,2007,1.41,2.89500321516578,8.351,41.488,28895.874926558,5.5,0.3556,0.4943,0.719401173376492,High income,Southern Europe,special_case,original,False
Greece,GRC,2008,1.5,4.1527970811029,7.664,41.532,30440.9709059081,4.8,0.3315,0.4940000000000001,0.6710526315789472,High income,Southern Europe,special_case,original,False
Greece,GRC,2009,1.5,1.21007269197809,9.546,42.576,29963.3968875108,5.3,0.325,0.4834,0.6723210591642532,High income,Southern Europe,special_case,original,False
Greece,GRC,2010,1.48,4.71298907760395,12.719,43.229,27838.73639086,5.1,0.3374,0.5051,0.6679865373193427,High income,Southern Europe,special_case,original,False
Greece,GRC,2011,1.4,3.3298532335065,17.973,43.077,25692.5740851321,5.0,0.3143,0.5178,0.6069911162611047,High income,Southern Europe,special_case,original,False
Greece,GRC,2012,1.34,1.50152696177758,24.731,43.383,24582.9741957507,4.5,0.3177,0.5448000000000001,0.5831497797356827,High income,Southern Europe,special_case,original,True
Greece,GRC,2013,1.29,-0.921269454256899,27.686,43.172,25730.8809006664,4.7,0.3332,0.5803,0.5741857659831121,High income,Southern Europe,special_case,original,True
Greece,GRC,2014,1.3,-1.31226096405525,26.708,43.517,26450.181326726,4.9,0.3573,0.5942000000000001,0.6013126893301918,High income,Southern Europe,special_case,original,True
Greece,GRC,2015,1.33,-1.73588804765275,24.981,44.028,26607.7256796976,5.0,0.3546,0.5906,0.6004063664070437,High income,Southern Europe,special_case,original,True
Greece,GRC,2016,1.38,-0.825653978391033,23.514,44.091,27504.5497984948,4.6,0.3425,0.5843,0.5861714872497005,High income,Southern Europe,special_case,original,True
Greece,GRC,2017,1.35,1.12125452031425,21.413,43.828,28681.6815585005,4.7,0.3392,0.5998,0.5655218406135378,High income,Southern Europe,special_case,original,True
Greece,GRC,2018,1.35,0.62562141345364,19.179,43.387,29792.0592519585,4.4,0.3298,0.6025,0.5473858921161825,High income,Southern Europe,special_case,original,False
Greece,GRC,2019,1.34,0.253007522038059,17.045,43.513,31927.3792151369,4.4,0.3264,0.6016,0.5425531914893618,High income,Southern Europe,special_case,original,False
Greece,GRC,2020,1.39,-1.24798355581405,15.899,42.721,29533.087740299,2.9,0.3264,0.5985,0.5453634085213033,High income,Southern Europe,special_case,original,False
Greece,GRC,2021,1.43,1.22382501019854,14.656,43.261,33531.15511226,3.9,0.3309,0.6045,0.547394540942928,High income,Southern Europe,special_case,original,False
Greece,GRC,2022,1.32,9.64525981280642,12.426,44.413,39612.4406377916,4.2,0.3353,0.6008,0.5580892143808256,High income,Southern Europe,special_case,original,False
Greece,GRC,2023,1.26,3.46480128513405,11.023,44.646,42710.5058010314,4.8,0.3321,0.6045,0.5493796526054591,High income,Southern Europe,special_case,median,False
Greece,GRC,2024,1.24,2.74101875679477,10.02,45.027,44327.2097808276,4.8,0.3321,0.6091,0.5452306681989821,High income,Southern Europe,special_case,median,False
Hungary,HUN,2000,1.32,9.80361016908125,6.563,45.552,11871.6712053699,4.7,0.2887,0.5915,0.4880811496196111,High income,Eastern Europe,transition,original,False
Hungary,HUN,2001,1.31,9.11680911680911,5.671,45.883,13222.7298612624,4.3,0.3071,0.5929,0.5179625569235958,High income,Eastern Europe,transition,original,False
Hungary,HUN,2002,1.3,5.26544821583985,5.608,46.188,14532.3075182088,4.5,0.3239,0.595,0.5443697478991597,High income,Eastern Europe,transition,original,False
Hungary,HUN,2003,1.27,4.66101694915254,5.79,46.403,15459.9630651172,4.5,0.324,0.595,0.5445378151260505,High income,Eastern Europe,transition,original,False
Hungary,HUN,2004,1.28,6.74434679569469,5.832,46.651,16250.6523854316,4.3,0.3167,0.5941000000000001,0.5330752398586096,High income,Eastern Europe,transition,original,False
Hungary,HUN,2005,1.31,3.56151711378352,7.189,46.814,17091.2761318193,4.4,0.3338,0.5969,0.5592226503601944,High income,Eastern Europe,transition,original,False
Hungary,HUN,2006,1.34,3.93032603841001,7.494,46.929,18361.9963871537,4.4,0.3469,0.5989,0.5792285857405243,High income,Eastern Europe,transition,original,False
Hungary,HUN,2007,1.32,7.9587451654491,7.406,46.789,19089.2936988152,4.1,0.3497,0.5993,0.5835140997830802,High income,Eastern Europe,transition,original,False
Hungary,HUN,2008,1.35,6.0425125388106,7.817,46.639,20708.7615120316,4.0,0.3422,0.5981000000000001,0.5721451262330713,High income,Eastern Europe,transition,original,False
Hungary,HUN,2009,1.32,4.21171171171171,10.03,45.846,20691.4485224486,3.7,0.3335,0.5971000000000001,0.5585329090604588,High income,Eastern Europe,transition,original,False
Hungary,HUN,2010,1.25,4.85555795691956,11.172,46.638,21690.9866477738,3.6,0.337,0.5973,0.5642055918299012,High income,Eastern Europe,transition,original,False
Hungary,HUN,2011,1.23,3.9299209893507,11.029,46.838,22992.2184657584,3.6,0.3287,0.5959,0.5516026178889075,High income,Eastern Europe,transition,original,False
Hungary,HUN,2012,1.34,5.65214517088646,11.003,47.455,23205.310668404,3.6,0.3196,0.5946,0.5375042045072317,High income,Eastern Europe,transition,original,False
Hungary,HUN,2013,1.36,1.73319984983101,10.177,47.736,24591.6380503055,3.7,0.3337,0.5969,0.5590551181102362,High income,Eastern Europe,transition,original,False
Hungary,HUN,2014,1.45,-0.227566270988219,7.725,48.884,25796.2100959256,3.9,0.3291,0.5962000000000001,0.5519959745051995,High income,Eastern Europe,transition,original,False
Hungary,HUN,2015,1.46,-0.0616446800641672,6.813,49.901,26937.7320818864,4.7,0.3288,0.6188,0.5313510019392372,High income,Eastern Europe,transition,original,False
Hungary,HUN,2016,1.55,0.394769306686392,5.115,50.839,28178.9450366919,5.3,0.3306,0.6475000000000001,0.5105791505791505,High income,Eastern Europe,transition,original,False
Hungary,HUN,2017,1.56,2.34824281150154,4.156,51.062,29728.0121568801,5.2,0.3299,0.6716000000000001,0.4912150089338892,High income,Eastern Europe,transition,original,False
Hungary,HUN,2018,1.57,2.85024792594646,3.667,51.527,32258.2577892511,5.2,0.3248,0.67,0.484776119402985,High income,Eastern Europe,transition,original,False
Hungary,HUN,2019,1.58,3.33858635382008,3.411,51.339,35627.2315520858,6.7,0.3289,0.6712,0.4900178784266984,High income,Eastern Europe,transition,original,False
Hungary,HUN,2020,1.61,3.32674385766738,4.248,51.34,35583.5855675637,6.9,0.3289,0.6711,0.4900908955446282,High income,Eastern Europe,transition,original,False
Hungary,HUN,2021,1.63,5.11096534382855,4.021,52.211,38887.1909527154,7.4,0.3284,0.671,0.4894187779433681,High income,Eastern Europe,transition,original,False
Hungary,HUN,2022,1.57,14.6081439492433,3.583,53.057,44365.9108128343,6.6,0.3337,0.672,0.4965773809523809,High income,Eastern Europe,transition,original,False
Hungary,HUN,2023,1.55,17.1249659678737,4.096,53.995,46592.3856070073,4.4,0.3311,0.6716000000000001,0.4930017867778439,High income,Eastern Europe,transition,median,False
Hungary,HUN,2024,1.41,3.70370370370369,4.5,54.398,48552.4708092529,4.4,0.3311,0.6716000000000001,0.4930017867778439,High income,Eastern Europe,transition,median,False
Ireland,IRL,2000,1.89,5.57763269940387,4.318,51.936,30215.9324896691,5.0,0.3647,0.7006,0.5205538110191265,High income,Western Europe,developed,original,False
Ireland,IRL,2001,1.94,4.85280279607477,3.684,52.425,32573.4634024331,5.0,0.3537,0.6955,0.5085549964054638,High income,Western Europe,developed,original,False
Ireland,IRL,2002,1.97,4.62820512820515,4.216,53.12,35222.028724352,5.2,0.3554,0.6958000000000001,0.5107789594711123,High income,Western Europe,developed,original,False
Ireland,IRL,2003,1.96,3.49221909079765,4.478,53.229,36280.4827472575,5.1,0.3626,0.6980000000000001,0.519484240687679,High income,Western Europe,developed,original,False
Ireland,IRL,2004,1.93,2.17854605730523,4.491,53.323,38729.2468204554,5.2,0.3606,0.6974,0.5170633782621163,High income,Western Europe,developed,original,False
Ireland,IRL,2005,1.86,2.45654692931639,4.237,54.982,40466.2343515711,5.1,0.3709,0.7008,0.5292522831050228,High income,Western Europe,developed,original,False
Ireland,IRL,2006,1.91,3.93576114001354,4.355,55.735,44222.6536034198,5.2,0.3749,0.7024,0.5337414578587699,High income,Western Europe,developed,original,False
Ireland,IRL,2007,2.01,4.88574537540802,4.98,56.969,46782.3762067243,5.2,0.3598,0.6994,0.5144409493851873,High income,Western Europe,developed,original,False
Ireland,IRL,2008,2.06,4.03568834941391,6.774,56.827,44169.0943411644,4.9,0.3223,0.6967,0.4626094445241854,High income,Western Europe,developed,original,False
Ireland,IRL,2009,2.06,-4.44754686876746,12.609,56.102,41491.4741532831,4.8,0.3251,0.6925,0.4694584837545126,High income,Western Europe,developed,original,False
Ireland,IRL,2010,2.05,-0.918388645376774,14.534,55.247,43212.2040003212,4.5,0.3231,0.6967,0.4637577149418688,High income,Western Europe,developed,original,False
Ireland,IRL,2011,2.03,2.5489783020855,15.354,54.93,45525.7181239042,4.3,0.3317,0.7003,0.4736541482221905,High income,Western Europe,developed,original,False
Ireland,IRL,2012,1.98,1.69474116680366,15.451,54.719,46726.2157665366,4.5,0.3079,0.6985,0.4408017179670723,High income,Western Europe,developed,original,False
Ireland,IRL,2013,1.93,0.515099484900573,13.735,55.227,48838.7719825525,4.5,0.3237,0.7004,0.462164477441462,High income,Western Europe,developed,original,False
Ireland,IRL,2014,1.89,0.190916398713745,11.858,54.884,52640.7843918553,4.7,0.3284,0.7227,0.4544070845440708,High income,Western Europe,developed,original,False
Ireland,IRL,2015,1.85,-0.330959783371788,9.908,54.809,71588.2656638378,4.7,0.3526,0.7142000000000001,0.4936992439092691,High income,Western Europe,developed,original,False
Ireland,IRL,2016,1.81,0.0201247735963237,8.374,55.533,73012.8198720374,4.8,0.3607,0.6906,0.5222994497538372,High income,Western Europe,developed,original,False
Ireland,IRL,2017,1.76,0.362173038229378,6.713,55.589,80450.3529336506,4.6,0.3476,0.6818000000000001,0.5098269287180991,High income,Western Europe,developed,original,False
Ireland,IRL,2018,1.74,0.471130713712916,5.741,55.999,86299.3420216976,4.3,0.362,0.6638000000000001,0.5453449834287435,High income,Western Europe,developed,original,False
Ireland,IRL,2019,1.69,0.937842961189274,4.95,56.207,92022.59879983,4.1,0.3685,0.6644,0.554635761589404,High income,Western Europe,developed,original,False
Ireland,IRL,2020,1.6,-0.326183651280033,5.623,55.055,97799.9225748607,1.9,0.3685,0.6634,0.5554718118782032,High income,Western Europe,developed,original,True
Ireland,IRL,2021,1.72,2.34034113447044,6.357,57.851,116903.61243517,3.3,0.3691,0.6643,0.5556224597320487,High income,Western Europe,developed,original,True
Ireland,IRL,2022,1.51,7.82945736434105,4.465,59.114,138522.517800204,4.75,0.3694,0.6663,0.5544049227074891,High income,Western Europe,developed,median,True
Ireland,IRL,2023,1.5,6.29942487419125,4.243,60.155,129682.607150517,4.75,0.3687,0.6588,0.5596539162112932,High income,Western Europe,developed,median,True
Ireland,IRL,2024,1.47,2.11344999577317,4.3,59.838,133437.470117019,4.75,0.3687,0.6628000000000001,0.5562764031382016,High income,Western Europe,developed,median,True
Italy,ITA,2000,1.26,2.53768532095002,10.834,35.396,27152.1544907116,5.0,0.3092,0.4725,0.6543915343915344,High income,Southern Europe,special_case,original,False
Italy,ITA,2001,1.25,2.78516542713554,9.599,35.863,28134.0572858014,4.6,0.313,0.5279,0.5929153248721348,High income,Southern Europe,special_case,original,False
Italy,ITA,2002,1.27,2.46532319171165,9.211,36.326,28833.0217903129,4.7,0.3086,0.5840000000000001,0.5284246575342465,High income,Southern Europe,special_case,original,False
Italy,ITA,2003,1.29,2.6725555277285,8.869,36.803,29249.1801358747,4.6,0.3086,0.5891000000000001,0.5238499405873366,High income,Southern Europe,special_case,original,False
Italy,ITA,2004,1.34,2.20673661423657,7.866,38.128,29580.8439042327,4.3,0.3075,0.5977,0.51447214321566,High income,Southern Europe,special_case,original,False
Italy,ITA,2005,1.33,1.9852929852798,7.73,37.755,30137.8180374437,4.3,0.3066,0.5749000000000001,0.5333101408940685,High income,Southern Europe,special_case,original,False
Italy,ITA,2006,1.37,2.09084391012754,6.777,37.888,32453.6488675587,4.2,0.3086,0.5546,0.556437071763433,High income,Southern Europe,special_case,original,False
Italy,ITA,2007,1.39,1.82974112202403,6.076,37.675,34107.5078152619,4.3,0.3104,0.5498000000000001,0.5645689341578756,High income,Southern Europe,special_case,original,False
Italy,ITA,2008,1.44,3.34783258401022,6.723,38.396,35422.3424391113,4.2,0.3072,0.5461,0.5625343343709942,High income,Southern Europe,special_case,original,False
Italy,ITA,2009,1.44,0.774768131387381,7.749,37.951,34501.7122743906,3.9,0.3042,0.5564,0.5467289719626168,High income,Southern Europe,special_case,original,False
Italy,ITA,2010,1.44,1.52551602118248,8.363,37.881,34974.1045135807,3.7,0.3089,0.5740000000000001,0.5381533101045296,High income,Southern Europe,special_case,original,False
Italy,ITA,2011,1.42,2.78063272879323,8.359,38.069,36392.2827759493,3.4,0.3129,0.5807,0.5388324436025487,High income,Southern Europe,special_case,original,False
Italy,ITA,2012,1.42,3.04136333226775,10.655,39.368,36281.1014243506,3.5,0.3116,0.5948,0.5238735709482178,High income,Southern Europe,special_case,original,False
Italy,ITA,2013,1.39,1.21999342274306,12.149,39.323,36459.2950248716,3.2,0.3084,0.5842,0.5279014036288942,High income,Southern Europe,special_case,original,False
Italy,ITA,2014,1.38,0.241047429826756,12.683,39.746,36665.68576775,3.1,0.3087,0.5854,0.5273317389818927,High income,Southern Europe,special_case,original,False
Italy,ITA,2015,1.36,0.0387903996579733,11.896,39.391,37384.3796455406,3.2,0.3075,0.5658000000000001,0.5434782608695651,High income,Southern Europe,special_case,original,False
Italy,ITA,2016,1.36,-0.09401665691575,11.688,40.069,40482.562999856,3.4,0.3215,0.5608000000000001,0.5732881597717546,High income,Southern Europe,special_case,original,False
Italy,ITA,2017,1.34,1.22653316645812,11.211,40.578,42142.3435406885,3.2,0.3289,0.5624,0.5848150782361309,High income,Southern Europe,special_case,original,False
Italy,ITA,2018,1.31,1.13748763600391,10.538,40.777,43386.7005868803,3.2,0.3286,0.5624,0.5842816500711238,High income,Southern Europe,special_case,original,False
Italy,ITA,2019,1.27,0.611246943765304,9.884,40.908,46661.9105159611,3.1,0.3268,0.562,0.5814946619217081,High income,Southern Europe,special_case,original,False
Italy,ITA,2020,1.24,-0.13770757391651,9.192,39.501,44435.6434393527,1.6,0.3268,0.562,0.5814946619217081,High income,Southern Europe,special_case,original,False
Italy,ITA,2021,1.25,1.87378325762481,9.497,39.884,49825.3934111848,3.1,0.323,0.5611,0.5756549634646231,High income,Southern Europe,special_case,original,False
Italy,ITA,2022,1.24,8.20128991161718,8.069,40.517,57260.8945372493,3.2,0.3232,0.5612,0.5759087669280113,High income,Southern Europe,special_case,original,False
Italy,ITA,2023,1.21,5.62219442195901,7.627,41.312,60029.871712398,3.5,0.3231,0.5611,0.5758331848155408,High income,Southern Europe,special_case,median,False
Italy,ITA,2024,1.18,0.982373023061417,6.5,41.03,62014.2675153689,3.5,0.3231,0.5612,0.5757305773342837,High income,Southern Europe,special_case,median,False
Japan,JPN,2000,1.36,-0.676578683595175,4.748,49.19,27287.9793301608,6.4,0.4022,0.5835,0.6892887746358183,High income,East Asia,special_case,original,False
Japan,JPN,2001,1.33,-0.740055504162738,5.02,49.051,27942.7419601305,6.4,0.4148,0.5845,0.7096663815226689,High income,East Asia,special_case,original,False
Japan,JPN,2002,1.32,-0.923494026942321,5.386,48.457,28623.5884479367,6.0,0.4248,0.5874,0.7231869254341164,High income,East Asia,special_case,original,False
Japan,JPN,2003,1.29,-0.256541816316025,5.251,48.157,29391.7042370729,5.9,0.4322,0.5895,0.7331636980491941,High income,East Asia,special_case,original,False
Japan,JPN,2004,1.29,-0.0085733882031027,4.734,48.163,30831.5079104998,5.7,0.442,0.5922000000000001,0.746369469773725,High income,East Asia,special_case,original,False
Japan,JPN,2005,1.26,-0.282946068764391,4.446,48.284,32169.867493646,5.7,0.444,0.5931000000000001,0.7486090035407181,High income,East Asia,special_case,original,False
Japan,JPN,2006,1.32,0.249355116079085,4.192,48.401,33631.8076359161,5.8,0.4462,0.5939,0.7513049334904867,High income,East Asia,special_case,original,False
Japan,JPN,2007,1.34,0.060039454498669,3.888,48.388,35015.3282881632,5.7,0.4479,0.5945,0.7534062237174096,High income,East Asia,special_case,original,False
Japan,JPN,2008,1.37,1.3800788616492,4.002,48.36,35273.791152156,5.8,0.4394,0.5915,0.7428571428571429,High income,East Asia,special_case,original,False
Japan,JPN,2009,1.37,-1.35283672951719,5.068,48.438,33543.4198739871,5.6,0.4281,0.5883,0.7276899541050483,High income,East Asia,special_case,original,False
Japan,JPN,2010,1.39,-0.728243207517779,5.102,48.34,35336.0080490032,5.5,0.4344,0.5904,0.7357723577235772,High income,East Asia,special_case,original,False
Japan,JPN,2011,1.39,-0.27245561610124,4.55,48.09,36214.4397740241,5.2,0.4331,0.5899,0.7341922359721986,High income,East Asia,special_case,original,False
Japan,JPN,2012,1.41,-0.0440645104432602,4.358,48.028,37605.9742614539,5.3,0.4338,0.5902000000000001,0.7350050830227042,High income,East Asia,special_case,original,False
Japan,JPN,2013,1.43,0.335037912184741,4.038,48.739,39402.0250988025,5.3,0.4352,0.5906,0.7368777514392143,High income,East Asia,special_case,original,False
Japan,JPN,2014,1.42,2.75922671353253,3.589,49.176,39555.4120089198,5.1,0.435,0.5905,0.7366638441998307,High income,East Asia,special_case,original,False
Japan,JPN,2015,1.45,0.795279630579839,3.385,49.41,40898.80697396,5.1,0.4358,0.5908,0.7376438727149628,High income,East Asia,special_case,original,False
Japan,JPN,2016,1.44,-0.127258844489754,3.132,50.208,40596.9686628995,5.0,0.4353,0.5906,0.7370470707754826,High income,East Asia,special_case,original,False
Japan,JPN,2017,1.43,0.484199796126385,2.822,51.031,41444.2157443912,4.9,0.435,0.5904,0.7367886178861788,High income,East Asia,special_case,original,False
Japan,JPN,2018,1.42,0.989094598021848,2.467,52.368,42141.9352987758,4.7,0.435,0.5905,0.7366638441998307,High income,East Asia,special_case,original,False
Japan,JPN,2019,1.36,0.46877615938395,2.351,53.24,42678.1511448354,4.8,0.435,0.5905,0.7366638441998307,High income,East Asia,special_case,original,False
Japan,JPN,2020,1.33,-0.024995834027731,2.809,53.09,42425.6946789651,4.3,0.435,0.5905,0.7366638441998307,High income,East Asia,special_case,original,False
Japan,JPN,2021,1.3,-0.233352779398264,2.808,53.46,44355.3487163354,4.1,0.435,0.5909,0.7361651717718735,High income,East Asia,special_case,original,False
Japan,JPN,2022,1.26,2.49770278172255,2.614,54.173,47192.0500603372,4.1,0.435,0.5904,0.7367886178861788,High income,East Asia,special_case,original,False
Japan,JPN,2023,1.2,3.26813365933163,2.6,54.847,50661.7663463109,5.322,0.435,0.5905,0.7366638441998307,High income,East Asia,special_case,mean,False
Japan,JPN,2024,1.15,2.73853681635241,2.5,55.596,52039.1716551611,5.322,0.435,0.5912000000000001,0.7357916102841677,High income,East Asia,special_case,mean,False
"Korea, Rep.",KOR,2000,1.48,2.25916580080157,4.063,49.35,19236.9088359303,7.0,0.2877,0.6406000000000001,0.4491102091788947,High income,East Asia,special_case,original,False
"Korea, Rep.",KOR,2001,1.309,4.06657587897792,3.699,50.001,20442.2142872054,6.7,0.2925,0.6488,0.4508323057953143,High income,East Asia,special_case,original,False
"Korea, Rep.",KOR,2002,1.178,2.76226210296599,3.046,50.369,22173.4881729168,6.3,0.3031,0.6377,0.4753018660812294,High income,East Asia,special_case,original,False
"Korea, Rep.",KOR,2003,1.191,3.51487451459939,3.348,49.477,22919.7417096314,6.3,0.3135,0.6546000000000001,0.4789184234647112,High income,East Asia,special_case,original,False
"Korea, Rep.",KOR,2004,1.164,3.59066298882578,3.42,50.637,24658.1761189212,6.4,0.3237,0.6365000000000001,0.5085624509033778,High income,East Asia,special_case,original,False
"Korea, Rep.",KOR,2005,1.085,2.75379162735039,3.482,50.664,26179.3421262581,6.5,0.3336,0.6536000000000001,0.5104039167686658,High income,East Asia,special_case,original,False
"Korea, Rep.",KOR,2006,1.132,2.24234028518921,3.254,50.833,27972.3847629351,6.8,0.3459,0.5897,0.5865694420891979,High income,East Asia,special_case,original,False
"Korea, Rep.",KOR,2007,1.259,2.53457382137932,3.013,50.648,30255.391009159,7.0,0.3565,0.6116,0.5828973185088292,High income,East Asia,special_case,original,False
"Korea, Rep.",KOR,2008,1.192,4.67389655533408,2.959,50.353,31211.0593469455,6.6,0.363,0.6306,0.5756422454804947,High income,East Asia,special_case,original,False
"Korea, Rep.",KOR,2009,1.149,2.7564965449393,3.363,49.575,30739.9572294348,6.2,0.3605,0.6451,0.5588280886684235,High income,East Asia,special_case,original,False
"Korea, Rep.",KOR,2010,1.226,2.93928652655686,3.324,49.767,33120.351934563,6.5,0.3837,0.6684,0.5740574506283662,High income,East Asia,special_case,original,False
"Korea, Rep.",KOR,2011,1.244,4.0259650043609,2.992,49.994,33944.2511879769,6.6,0.3777,0.6273000000000001,0.6021042563366809,High income,East Asia,special_case,original,False
"Korea, Rep.",KOR,2012,1.297,2.18707104433314,2.812,50.29,35061.5531929083,6.5,0.3734,0.6763,0.5521218394203756,High income,East Asia,special_case,original,False
"Korea, Rep.",KOR,2013,1.187,1.30134754547413,3.067,50.805,35844.2253782408,6.4,0.357,0.6617000000000001,0.5395194196765906,High income,East Asia,special_case,original,False
"Korea, Rep.",KOR,2014,1.205,1.27477446401322,3.082,51.839,37032.1724172561,6.0,0.3607,0.6629,0.5441243023080404,High income,East Asia,special_case,original,False
"Korea, Rep.",KOR,2015,1.239,0.70633177245575,3.546,52.391,39794.1961180043,5.9,0.3694,0.6647000000000001,0.555739431322401,High income,East Asia,special_case,original,False
"Korea, Rep.",KOR,2016,1.172,0.971685739912168,3.65,52.568,41672.6278317077,5.5,0.377,0.665,0.5669172932330827,High income,East Asia,special_case,original,False
"Korea, Rep.",KOR,2017,1.052,1.94433230786366,3.653,53.073,43155.9100867658,5.2,0.385,0.6672,0.5770383693045563,High income,East Asia,special_case,original,False
"Korea, Rep.",KOR,2018,0.977,1.47583935002645,3.824,53.224,45511.0803506331,5.0,0.3821,0.6685,0.5715781600598354,High income,East Asia,special_case,original,False
"Korea, Rep.",KOR,2019,0.918,0.383000303608136,3.746,53.772,46511.2196957018,4.7,0.3677,0.6642,0.5535983137609154,High income,East Asia,special_case,original,False
"Korea, Rep.",KOR,2020,0.837,0.537288023411737,3.931,53.137,47881.4921344193,4.2,0.3739,0.6636000000000001,0.5634418324291741,High income,East Asia,special_case,original,False
"Korea, Rep.",KOR,2021,0.808,2.49833333333339,3.639,53.65,51718.2518656631,3.8,0.3831,0.6668000000000001,0.5745350929814037,High income,East Asia,special_case,original,False
"Korea, Rep.",KOR,2022,0.778,5.08951365062842,2.857,55.03,55509.3368761174,3.7,0.3776,0.6647000000000001,0.5680758236798555,High income,East Asia,special_case,original,False
"Korea, Rep.",KOR,2023,0.721,3.5974562502901,2.675,56.038,57429.8031076402,6.3,0.3776,0.6632,0.5693606755126659,High income,East Asia,special_case,median,False
"Korea, Rep.",KOR,2024,0.748,2.32174328643542,2.784,56.826,61051.3492502498,6.3,0.3776,0.6639,0.5687603554752221,High income,East Asia,special_case,median,False
Lithuania,LTU,2000,1.39,0.981615478857598,15.931,54.916,8474.59300330083,4.8,0.3338,0.5672,0.5885049365303243,High income,Eastern Europe,transition,original,False
Lithuania,LTU,2001,1.29,1.36712030817819,16.84,53.333,9399.33656166607,4.5,0.3356,0.5675,0.5913656387665198,High income,Eastern Europe,transition,original,False
Lithuania,LTU,2002,1.23,0.281506610345575,13.008,52.171,10295.5066962899,4.7,0.3288,0.5665,0.580406001765225,High income,Eastern Europe,transition,original,False
Lithuania,LTU,2003,1.26,-1.13430854990247,12.874,54.789,11659.8787391334,5.0,0.3413,0.5682,0.6006687785990847,High income,Eastern Europe,transition,original,False
Lithuania,LTU,2004,1.27,1.16410252104671,10.684,51.337,12605.0201901971,5.7,0.3549,0.5727,0.6196961760083813,High income,Eastern Europe,transition,original,False
Lithuania,LTU,2005,1.29,2.65848484065262,8.325,50.639,13951.3261880977,6.0,0.3607,0.5746,0.6277410372432998,High income,Eastern Europe,transition,original,False
Lithuania,LTU,2006,1.33,3.73912004060664,5.78,50.075,15522.3579257294,6.5,0.3397,0.5678000000000001,0.5982740401549841,High income,Eastern Europe,transition,original,False
Lithuania,LTU,2007,1.36,5.73717382799842,4.25,50.067,17968.6445835063,7.1,0.374,0.5769000000000001,0.6482925983706014,High income,Eastern Europe,transition,original,False
Lithuania,LTU,2008,1.45,10.9258856241655,5.826,50.469,19410.0077598903,7.5,0.3777,0.5777,0.6537995499394149,High income,Eastern Europe,transition,original,False
Lithuania,LTU,2009,1.5,4.45304456518535,13.785,52.019,17054.6365568486,6.5,0.3777,0.5782,0.6532341750259425,High income,Eastern Europe,transition,original,False
Lithuania,LTU,2010,1.5,1.31921362055463,17.814,52.31,18718.9043711358,6.0,0.3497,0.5709000000000001,0.6125416009809073,High income,Eastern Europe,transition,original,False
Lithuania,LTU,2011,1.55,4.13027562645085,15.39,52.699,21557.6567458052,6.3,0.3506,0.5708,0.6142256482130344,High income,Eastern Europe,transition,original,False
Lithuania,LTU,2012,1.6,3.08998277055417,13.365,53.2,23275.2517553588,6.9,0.3773,0.5777,0.6531071490392938,High income,Eastern Europe,transition,original,False
Lithuania,LTU,2013,1.59,1.04747937065344,11.77,52.927,24889.8726227818,6.9,0.3837,0.5786,0.6631524369166955,High income,Eastern Europe,transition,original,False
Lithuania,LTU,2014,1.57,0.103758009433708,10.698,53.871,26274.7488764946,7.6,0.4171,0.5866,0.7110467098533925,High income,Eastern Europe,transition,original,False
Lithuania,LTU,2015,1.63,-0.884097405500596,9.12,54.428,26948.5919371645,7.6,0.3766,0.5803,0.6489746682750301,High income,Eastern Europe,transition,original,False
Lithuania,LTU,2016,1.63,0.905525075460342,7.862,55.606,28698.9887868061,7.4,0.375,0.5769000000000001,0.6500260010400415,High income,Eastern Europe,transition,original,False
Lithuania,LTU,2017,1.57,3.72288862303707,7.073,55.821,31305.0436934372,7.5,0.388,0.5792,0.6698895027624309,High income,Eastern Europe,transition,original,False
Lithuania,LTU,2018,1.53,2.69792779208394,6.147,56.494,36491.9385223689,7.0,0.3751,0.5545,0.6764652840396753,High income,Eastern Europe,transition,original,False
Lithuania,LTU,2019,1.43,2.33450937988027,6.255,57.226,40563.8304884555,7.0,0.3735,0.5902000000000001,0.6328363266689258,High income,Eastern Europe,transition,original,False
Lithuania,LTU,2020,1.36,1.19989444983569,8.487,57.363,41262.7276941725,5.5,0.3667,0.5902000000000001,0.6213148085394782,High income,Eastern Europe,transition,original,False
Lithuania,LTU,2021,1.36,4.68354420903453,7.112,57.369,45873.5273239486,6.0,0.3591,0.5886,0.610091743119266,High income,Eastern Europe,transition,original,False
Lithuania,LTU,2022,1.27,19.7050461518394,5.955,58.035,50936.0049547442,5.7,0.3611,0.5901000000000001,0.611930181325199,High income,Eastern Europe,transition,original,True
Lithuania,LTU,2023,1.18,9.11731962390475,6.841,57.914,52348.2468215268,6.335,0.3563,0.5892000000000001,0.6047182620502376,High income,Eastern Europe,transition,mean,False
Lithuania,LTU,2024,1.11,0.715735835228723,6.851,57.86,55285.8991934304,6.335,0.3563,0.5892000000000001,0.6047182620502376,High income,Eastern Europe,transition,mean,False
Latvia,LVA,2000,1.25,2.65425477796048,14.211,48.977,7848.90854892793,3.9,0.3661,0.6525000000000001,0.5610727969348658,High income,Eastern Europe,transition,original,False
Latvia,LVA,2001,1.22,2.48704003555464,13.821,49.936,8807.75837072465,4.0,0.3612,0.6514,0.5544980042984342,High income,Eastern Europe,transition,original,False
Latvia,LVA,2002,1.26,1.93887573855886,13.829,51.07,9568.79465678335,4.2,0.375,0.6539,0.5734821838201559,High income,Eastern Europe,transition,original,False
Latvia,LVA,2003,1.32,2.94264752948478,12.061,50.516,10193.2381015054,4.4,0.3795,0.6547000000000001,0.5796548037268978,High income,Eastern Europe,transition,original,False
Latvia,LVA,2004,1.29,6.19238547197429,11.708,50.405,11319.1462699913,4.6,0.3866,0.6562,0.5891496494971046,High income,Eastern Europe,transition,original,False
Latvia,LVA,2005,1.39,6.74845027893124,10.033,50.386,12825.873779559,5.6,0.4015,0.6584,0.6098116646415553,High income,Eastern Europe,transition,original,False
Latvia,LVA,2006,1.46,6.53619908765872,7.03,51.945,14180.0017761877,6.6,0.3595,0.6507000000000001,0.5524819425234362,High income,Eastern Europe,transition,original,False
Latvia,LVA,2007,1.54,10.0929775849169,6.052,52.909,16245.5340994603,7.0,0.3864,0.6559,0.5891141942369263,High income,Eastern Europe,transition,original,False
Latvia,LVA,2008,1.58,15.4023191064986,7.739,54.841,17443.3912910988,5.9,0.3795,0.6546000000000001,0.5797433547204399,High income,Eastern Europe,transition,original,False
Latvia,LVA,2009,1.46,3.53410672858934,17.515,54.357,15545.0821339945,4.6,0.3818,0.6559,0.58210093001982,High income,Eastern Europe,transition,original,False
Latvia,LVA,2010,1.36,-1.08463595015155,19.482,53.73,16373.4037320495,4.4,0.3638,0.6526000000000001,0.5574624578608642,High income,Eastern Europe,transition,original,False
Latvia,LVA,2011,1.33,4.37073559939223,16.206,52.909,17680.4939630507,5.2,0.3739,0.6545000000000001,0.5712757830404889,High income,Eastern Europe,transition,original,False
Latvia,LVA,2012,1.44,2.25778924374585,15.047,54.088,19416.5167382125,5.5,0.3791,0.6552,0.5786019536019535,High income,Eastern Europe,transition,original,False
Latvia,LVA,2013,1.52,-0.029454778257828,11.867,53.773,20473.5243706913,5.7,0.38,0.6554,0.5797985962770827,High income,Eastern Europe,transition,original,False
Latvia,LVA,2014,1.65,0.620490636732421,10.846,53.301,21553.6623204436,6.3,0.3686,0.653,0.5644716692189893,High income,Eastern Europe,transition,original,False
Latvia,LVA,2015,1.7,0.174242243625186,9.873,54.029,22543.9183164105,6.9,0.3588,0.6426000000000001,0.5583566760037348,High income,Eastern Europe,transition,original,False
Latvia,LVA,2016,1.74,0.140633334505327,9.643,54.863,24063.4511245109,6.6,0.3417,0.6251,0.546632538793793,High income,Eastern Europe,transition,original,False
Latvia,LVA,2017,1.69,2.93036312374665,8.715,55.064,25763.9907709703,6.8,0.3627,0.6098,0.5947851754673664,High income,Eastern Europe,transition,original,False
Latvia,LVA,2018,1.6,2.53445424186598,7.412,55.639,29817.8047263182,6.8,0.357,0.6072000000000001,0.5879446640316205,High income,Eastern Europe,transition,original,False
Latvia,LVA,2019,1.61,2.81140920075624,6.312,55.474,32199.0960377091,6.7,0.3551,0.6063000000000001,0.5856836549562923,High income,Eastern Europe,transition,original,False
Latvia,LVA,2020,1.55,0.219064904841985,8.098,55.844,32741.4207691987,5.6,0.3551,0.6063000000000001,0.5856836549562923,High income,Eastern Europe,transition,original,False
Latvia,LVA,2021,1.57,3.27582937431165,7.513,54.167,36912.0130602161,6.0,0.3568,0.6073000000000001,0.5875185246171578,High income,Eastern Europe,transition,original,False
Latvia,LVA,2022,1.47,17.3102830198815,6.815,55.299,40558.7495841122,6.3,0.3566,0.6072000000000001,0.5872859025032937,High income,Eastern Europe,transition,original,False
Latvia,LVA,2023,1.36,8.9380462331663,6.465,55.436,42576.4060799457,5.635,0.354,0.6059,0.5842548275292953,High income,Eastern Europe,transition,mean,False
Latvia,LVA,2024,1.24,1.26579885828729,6.9,55.516,43394.2732822314,5.635,0.354,0.606,0.5841584158415841,High income,Eastern Europe,transition,mean,False
Mexico,MEX,2000,2.714,9.49156149435403,2.646,38.866,11704.6853532773,7.0,0.5445,0.6673,0.8159748239172786,Upper middle income,North America,transition,original,True
Mexico,MEX,2001,2.671,6.36773806235037,2.627,38.229,11738.8928661183,6.5,0.5445,0.6679,0.8152418026650695,Upper middle income,North America,transition,original,True
Mexico,MEX,2002,2.633,5.03072733151295,3.003,38.314,11761.8865901666,6.0,0.5445,0.6674,0.8158525621816002,Upper middle income,North America,transition,original,True
Mexico,MEX,2003,2.579,4.54690012118718,3.455,38.975,12065.9368553721,5.6,0.5702,0.7089000000000001,0.8043447594865284,Upper middle income,North America,transition,original,True
Mexico,MEX,2004,2.536,4.68840884843143,3.937,40.098,12658.1646665687,5.7,0.5959,0.7187,0.8291359398914707,Upper middle income,North America,transition,original,True
Mexico,MEX,2005,2.495,3.98805714597437,3.558,41.15,13260.2388186669,5.6,0.5914,0.7168,0.8250558035714286,Upper middle income,North America,transition,original,True
Mexico,MEX,2006,2.456,3.62946762439132,3.566,42.334,14540.4500497636,5.4,0.5869,0.7156,0.8201509223029625,Upper middle income,North America,transition,original,False
Mexico,MEX,2007,2.421,3.96684905458235,3.628,42.718,15031.5804109164,5.4,0.6184000000000001,0.7228,0.8555617044825679,Upper middle income,North America,transition,original,False
Mexico,MEX,2008,2.391,5.12498274575896,3.874,42.568,15680.5761896881,5.3,0.6499,0.7264,0.8946861233480176,Upper middle income,North America,transition,original,True
Mexico,MEX,2009,2.364,5.29735584228856,5.356,43.08,15190.8744519178,5.0,0.6354000000000001,0.7243,0.8772608035344471,Upper middle income,North America,transition,original,False
Mexico,MEX,2010,2.34,4.15672722680174,5.303,42.946,15909.1464963628,5.0,0.6208,0.7229,0.8587633144279984,Upper middle income,North America,transition,original,False
Mexico,MEX,2011,2.317,3.40737824605742,5.175,43.413,17266.8129106549,4.9,0.6293000000000001,0.7273000000000001,0.865255052935515,Upper middle income,North America,transition,original,False
Mexico,MEX,2012,2.294,4.11150981070289,4.892,44.48,18004.7935607542,5.0,0.6379,0.7281000000000001,0.8761159181431122,Upper middle income,North America,transition,original,False
Mexico,MEX,2013,2.269,3.80639069747204,4.921,44.48,18170.264789912,4.9,0.6349,0.7287,0.8712776176753122,Upper middle income,North America,transition,original,False
Mexico,MEX,2014,2.211,4.01861608078679,4.819,43.55,18820.7991098584,4.8,0.6319,0.7286,0.8672797145209992,Upper middle income,North America,transition,original,False
Mexico,MEX,2015,2.137,2.72064064964023,4.311,43.928,19071.4444196466,4.6,0.6298,0.7302000000000001,0.8625034237195288,Upper middle income,North America,transition,original,False
Mexico,MEX,2016,2.086,2.8217078474766,3.853,43.988,20104.5839787472,4.4,0.6277,0.7272000000000001,0.8631738173817382,Upper middle income,North America,transition,original,False
Mexico,MEX,2017,2.041,6.04145724018986,3.419,43.627,20488.7150800441,4.2,0.6414000000000001,0.7306,0.8779085683000275,Upper middle income,North America,transition,original,False
Mexico,MEX,2018,2.03,4.89935015356551,3.275,44.134,20921.4775277572,4.0,0.6551,0.734,0.8925068119891009,Upper middle income,North America,transition,original,True
Mexico,MEX,2019,2.02,3.63596142127046,3.477,45.573,20964.2774847072,4.0,0.6357,0.7298,0.8710605645382297,Upper middle income,North America,transition,original,False
Mexico,MEX,2020,1.99,3.39683415570006,4.44,41.704,19354.1248706244,2.7,0.6163000000000001,0.7260000000000001,0.8488980716253444,Upper middle income,North America,transition,original,False
Mexico,MEX,2021,1.97,5.68920847683753,4.019,44.615,20782.5877417545,3.6,0.6035,0.7246,0.8328733094120895,Upper middle income,North America,transition,original,False
Mexico,MEX,2022,1.94,7.8962761916855,3.256,46.004,23135.4931601276,3.9,0.5907,0.7213,0.8189380285595452,Upper middle income,North America,transition,original,False
Mexico,MEX,2023,1.91,5.52796087314389,2.765,47.317,25243.1644887582,4.935,0.5907,0.7185,0.8221294363256785,Upper middle income,North America,transition,mean,False
Mexico,MEX,2024,1.892,4.72225588452932,2.678,47.414,26185.3564713253,4.935,0.5907,0.7205,0.8198473282442748,Upper middle income,North America,transition,mean,False
Netherlands,NLD,2000,1.72,2.36052233801958,2.725,58.952,31894.6590915933,5.5,0.2784,0.5511,0.5051714752313554,High income,Western Europe,developed,original,False
Netherlands,NLD,2001,1.71,4.15584127195612,2.119,59.537,33259.4535966288,5.0,0.2875,0.538,0.5343866171003717,High income,Western Europe,developed,original,False
Netherlands,NLD,2002,1.73,3.28753104712766,2.554,59.843,34568.4593268108,5.2,0.2871,0.522,0.55,High income,Western Europe,developed,original,False
Netherlands,NLD,2003,1.75,2.09199838997655,3.593,59.915,34286.3833524783,4.9,0.289,0.5171,0.5588860955327789,High income,Western Europe,developed,original,False
Netherlands,NLD,2004,1.72,1.26364739183177,4.646,59.759,35960.7138360683,4.4,0.294,0.5218,0.5634342660022996,High income,Western Europe,developed,original,False
Netherlands,NLD,2005,1.71,1.6881301786962,5.872,59.523,37778.4864360065,4.4,0.2972,0.5154,0.5766395032984091,High income,Western Europe,developed,original,False
Netherlands,NLD,2006,1.72,1.10150106517709,5.007,59.755,41208.0462204734,4.4,0.2963,0.5188,0.5711256746337702,High income,Western Europe,developed,original,False
Netherlands,NLD,2007,1.72,1.61385859802102,4.153,59.953,44203.4002135804,4.3,0.3102,0.5118,0.6060961313012895,High income,Western Europe,developed,original,False
Netherlands,NLD,2008,1.77,2.48650198289457,3.658,60.233,46714.3454301392,4.5,0.2855,0.5012,0.569632881085395,High income,Western Europe,developed,original,False
Netherlands,NLD,2009,1.79,1.18977687021548,4.352,60.136,44959.169463743,4.4,0.2865,0.5085000000000001,0.5634218289085544,High income,Western Europe,developed,original,False
Netherlands,NLD,2010,1.79,1.27530569556679,4.991,60.276,45301.269581608,4.5,0.2917,0.508,0.5742125984251969,High income,Western Europe,developed,original,False
Netherlands,NLD,2011,1.76,2.34107017751373,4.977,60.534,47004.1370739062,4.3,0.2894,0.4949,0.5847645989088704,High income,Western Europe,developed,original,False
Netherlands,NLD,2012,1.72,2.45554765291614,5.821,61.08,47653.3401651371,4.2,0.2925,0.5003000000000001,0.5846492104737157,High income,Western Europe,developed,original,False
Netherlands,NLD,2013,1.68,2.50689852657875,7.241,61.038,49622.0519614799,3.8,0.2843,0.5189,0.547889766814415,High income,Western Europe,developed,original,False
Netherlands,NLD,2014,1.71,0.976035079699679,7.419,60.271,49751.3092860822,3.9,0.2927,0.501,0.5842315369261477,High income,Western Europe,developed,original,False
Netherlands,NLD,2015,1.66,0.600248147278776,6.872,60.755,50956.6930942185,3.8,0.2925,0.4951,0.5907897394465764,High income,Western Europe,developed,original,False
Netherlands,NLD,2016,1.66,0.316666666666652,6.007,60.816,53162.2791598028,3.8,0.2922,0.4827,0.6053449347420758,High income,Western Europe,developed,original,False
Netherlands,NLD,2017,1.62,1.38145871407216,4.837,60.887,56037.567993606,3.8,0.2988,0.5021,0.5951005775741884,High income,Western Europe,developed,original,False
Netherlands,NLD,2018,1.59,1.70349794744479,3.832,61.139,58819.2609142584,3.7,0.2957,0.4666,0.633733390484355,High income,Western Europe,developed,original,False
Netherlands,NLD,2019,1.57,2.63369910249591,3.379,61.656,62345.2538465433,3.7,0.2937,0.454,0.6469162995594714,High income,Western Europe,developed,original,False
Netherlands,NLD,2020,1.54,1.27246037789161,3.82,61.776,62596.6302027524,2.9,0.2937,0.4533,0.6479152878888155,High income,Western Europe,developed,original,False
Netherlands,NLD,2021,1.62,2.67572008805385,4.209,61.894,68573.5648786446,3.2,0.2965,0.4548,0.6519349164467898,High income,Western Europe,developed,original,False
Netherlands,NLD,2022,1.49,10.0012078753473,3.526,62.565,78630.3599072098,4.0,0.2998,0.4542,0.6600616468516073,High income,Western Europe,developed,original,False
Netherlands,NLD,2023,1.43,3.83839354342808,3.535,63.079,81728.6904629268,4.3,0.304,0.4548,0.6684256816182937,High income,Western Europe,developed,median,False
Netherlands,NLD,2024,1.43,3.34754304219953,3.7,62.882,86173.6290841738,4.3,0.304,0.4553,0.6676916318910608,High income,Western Europe,developed,median,False
Norway,NOR,2000,1.85,3.08550609131279,3.458,61.266,36994.405804639,5.0,0.3265,0.512,0.6376953125,High income,Northern Europe,developed,original,False
Norway,NOR,2001,1.78,3.00419703998233,3.738,61.699,37829.4559680622,4.4,0.3024,0.5086,0.5945733385764844,High income,Northern Europe,developed,original,False
Norway,NOR,2002,1.75,1.28672528415184,4.022,62.262,38056.2404278106,4.5,0.3068,0.5091,0.6026320958554312,High income,Northern Europe,developed,original,False
Norway,NOR,2003,1.8,2.48782553461781,4.221,62.565,38679.7805951741,4.9,0.3125,0.51,0.6127450980392157,High income,Northern Europe,developed,original,False
Norway,NOR,2004,1.83,0.454498502220863,4.256,63.079,42667.2192035819,4.1,0.3297,0.513,0.6426900584795321,High income,Northern Europe,developed,original,False
Norway,NOR,2005,1.84,1.53213367609249,4.381,63.318,47966.8640112608,4.8,0.3772,0.5278,0.7146646456991284,High income,Northern Europe,developed,original,False
Norway,NOR,2006,1.9,2.3293498075755,3.397,64.012,54357.5748137787,4.7,0.3353,0.5144000000000001,0.6518273716951787,High income,Northern Europe,developed,original,False
Norway,NOR,2007,1.9,0.712589073634201,2.493,64.497,56179.2578866296,5.0,0.3378,0.5146000000000001,0.6564321803342401,High income,Northern Europe,developed,original,False
Norway,NOR,2008,1.96,3.75393081761005,2.521,64.55,62072.7539854909,5.3,0.3429,0.5156000000000001,0.6650504266873545,High income,Northern Europe,developed,original,False
Norway,NOR,2009,1.98,2.19738586853568,3.1,64.319,55647.6147943451,5.0,0.3106,0.5096,0.6094976452119308,High income,Northern Europe,developed,original,False
Norway,NOR,2010,1.95,2.41890639481003,3.527,63.773,58213.1333665855,4.8,0.3267,0.5121,0.6379613356766256,High income,Northern Europe,developed,original,False
Norway,NOR,2011,1.88,1.2849515880916,3.196,63.764,62460.0908157002,4.6,0.3292,0.505,0.6518811881188119,High income,Northern Europe,developed,original,False
Norway,NOR,2012,1.85,0.696864111498263,3.129,63.542,65774.3520746224,4.8,0.3313,0.4879,0.6790325886452141,High income,Northern Europe,developed,original,False
Norway,NOR,2013,1.78,2.12048620353112,3.425,63.593,67377.9262258772,4.7,0.3255,0.4908,0.66320293398533,High income,Northern Europe,developed,original,False
Norway,NOR,2014,1.75,2.04170286707211,3.486,63.176,66332.4614374198,4.6,0.3234,0.4844,0.6676300578034683,High income,Northern Europe,developed,original,False
Norway,NOR,2015,1.72,2.17113665389527,4.296,63.205,60737.8868132779,4.5,0.3076,0.4906,0.6269873624133714,High income,Northern Europe,developed,original,False
Norway,NOR,2016,1.71,3.55000000000007,4.68,62.972,59280.1992028829,4.5,0.3064,0.4918,0.6230174867832452,High income,Northern Europe,developed,original,False
Norway,NOR,2017,1.62,1.87510059552545,4.164,62.638,64589.5559196863,4.4,0.3096,0.5007,0.6183343319352905,High income,Northern Europe,developed,original,False
Norway,NOR,2018,1.56,2.76483134528797,3.801,62.625,70253.8463693386,4.3,0.3202,0.5114000000000001,0.6261243644896362,High income,Northern Europe,developed,original,False
Norway,NOR,2019,1.53,2.16773003305411,3.684,62.64,70939.605518036,4.0,0.3023,0.5303,0.5700546860267773,High income,Northern Europe,developed,original,False
Norway,NOR,2020,1.48,1.28658490707996,4.424,62.481,67110.6045705502,3.3,0.3023,0.5252,0.5755902513328256,High income,Northern Europe,developed,original,False
Norway,NOR,2021,1.55,3.48388055266669,4.359,62.182,88984.1386736515,2.96,0.3029,0.5286000000000001,0.5730230798335224,High income,Northern Europe,developed,original,False
Norway,NOR,2022,1.41,5.76412317852272,3.231,62.358,125489.548935602,3.8,0.3065,0.5299,0.5784110209473485,High income,Northern Europe,developed,original,True
Norway,NOR,2023,1.4,5.51784987104659,3.574,62.371,103637.516843678,4.6,0.3064,0.526,0.5825095057034221,High income,Northern Europe,developed,median,True
Norway,NOR,2024,1.45,3.14530134431081,4.0,62.292,102037.526800237,4.6,0.3064,0.527,0.581404174573055,High income,Northern Europe,developed,median,True
New Zealand,NZL,2000,1.98,2.6152344624632,6.13,56.721,21500.1531078077,5.35,0.3717,0.5767,0.6445292179642795,High income,Oceania,developed,original,False
New Zealand,NZL,2001,1.97,2.62581630392903,5.433,57.605,22511.0906735294,5.14,0.3824,0.5788,0.6606772633033864,High income,Oceania,developed,original,False
New Zealand,NZL,2002,1.89,2.67709257711605,5.282,58.305,23306.2795376277,5.24,0.371,0.5766,0.6434269857787027,High income,Oceania,developed,original,False
New Zealand,NZL,2003,1.93,1.75357444759557,4.745,58.614,23996.4486751857,5.32,0.3711,0.5770000000000001,0.6431542461005199,High income,Oceania,developed,original,False
New Zealand,NZL,2004,1.98,2.29024902847571,4.005,59.107,25123.9162365879,5.14,0.4091,0.5834,0.7012341446691807,High income,Oceania,developed,original,False
New Zealand,NZL,2005,1.97,3.03702332617012,3.807,60.095,25677.4190803252,5.01,0.3673,0.5760000000000001,0.6376736111111111,High income,Oceania,developed,original,False
New Zealand,NZL,2006,2.01,3.36540196171993,3.857,60.655,27732.3439124039,5.21,0.3177,0.5652,0.5621019108280254,High income,Oceania,developed,original,False
New Zealand,NZL,2007,2.18,2.37614310290659,3.661,61.148,29331.2143367859,5.16,0.3273,0.5683,0.5759282069329579,High income,Oceania,developed,original,False
New Zealand,NZL,2008,2.19,3.9589493731206,4.167,61.45,29895.6451662949,5.23,0.3482,0.5751000000000001,0.6054599200139106,High income,Oceania,developed,original,False
New Zealand,NZL,2009,2.13,2.1156511055456,6.121,61.519,30746.1551656083,5.09,0.3773,0.5804,0.6500689179875948,High income,Oceania,developed,original,False
New Zealand,NZL,2010,2.17,2.30202385958572,6.557,61.387,31305.3299504124,4.87,0.4126,0.5867,0.7032554968467701,High income,Oceania,developed,original,False
New Zealand,NZL,2011,2.09,4.0279066739204,6.491,61.873,32738.9884445601,4.68,0.3869,0.5834,0.6631813507027768,High income,Oceania,developed,original,False
New Zealand,NZL,2012,2.1,1.05991318445632,6.931,62.023,33054.8936751088,4.72,0.345,0.5731,0.6019891816436921,High income,Oceania,developed,original,False
New Zealand,NZL,2013,2.01,1.13442266445817,5.839,61.923,36262.704728265,4.35,0.3379,0.5701,0.5927030345553411,High income,Oceania,developed,original,False
New Zealand,NZL,2014,1.92,1.227507505974,5.428,62.829,37331.3155732447,4.44,0.3347,0.5693,0.5879149833128403,High income,Oceania,developed,original,False
New Zealand,NZL,2015,1.99,0.292704628136101,5.415,62.855,37513.2963872442,4.277719407337521,0.3316,0.5691,0.5826743981725531,High income,Oceania,developed,original,False
New Zealand,NZL,2016,1.87,0.646240284454524,5.147,64.048,39988.9250855472,4.2442738484772216,0.3284,0.5678000000000001,0.5783726664318422,High income,Oceania,developed,original,False
New Zealand,NZL,2017,1.81,1.85078767452536,4.736,64.928,42243.5084459397,4.256610762424118,0.3316,0.5689000000000001,0.5828792406398312,High income,Oceania,developed,original,False
New Zealand,NZL,2018,1.71,1.59829703801696,4.335,65.221,42527.2784103301,4.2396583825791305,0.3187,0.5669000000000001,0.5621802787087669,High income,Oceania,developed,original,False
New Zealand,NZL,2019,1.72,1.61963190184048,4.109,65.314,45278.4587226734,3.783628283469566,0.3397,0.5696,0.5963834269662921,High income,Oceania,developed,original,False
New Zealand,NZL,2020,1.62,1.71456170007245,4.595,64.693,45513.3123768343,3.285876547078176,0.3619,0.5758,0.6285168461271275,High income,Oceania,developed,original,False
New Zealand,NZL,2021,1.65,3.94112060778728,3.776,65.596,48248.7176729892,3.06,0.3815,0.5785,0.6594641313742438,High income,Oceania,developed,original,False
New Zealand,NZL,2022,1.67,7.17222476016441,3.299,66.366,54033.9130125651,3.68,0.35,0.5699000000000001,0.6141428320758027,High income,Oceania,developed,original,False
New Zealand,NZL,2023,1.57,5.73316283034957,3.734,66.922,54697.382252318,4.72,0.35,0.5698,0.6142506142506142,High income,Oceania,developed,median,False
New Zealand,NZL,2024,1.57,2.92279782301957,4.724,66.255,55551.143658637,4.72,0.35,0.5706,0.6133894146512443,High income,Oceania,developed,median,False
Poland,POL,2000,1.37,9.90017538843065,14.928,48.629,10721.2034293332,5.5,0.3326,0.6003000000000001,0.5540563051807429,High income,Eastern Europe,transition,original,False
Poland,POL,2001,1.31,5.4083354556615,18.435,49.542,11175.2853656421,5.1,0.3327,0.6005,0.554038301415487,High income,Eastern Europe,transition,original,False
Poland,POL,2002,1.25,1.90528215048054,20.211,48.686,11841.2684087721,5.0,0.343,0.6023000000000001,0.5694836460235763,High income,Eastern Europe,transition,original,True
Poland,POL,2003,1.22,0.682701375787632,19.899,48.245,12328.9011615853,5.1,0.3512,0.6052000000000001,0.5803040317250495,High income,Eastern Europe,transition,original,True
Poland,POL,2004,1.23,3.38264681884699,18.822,47.719,13413.0543202274,5.0,0.3639,0.6098,0.5967530337815677,High income,Eastern Europe,transition,original,False
Poland,POL,2005,1.24,2.18379872390251,17.592,47.653,13935.5573148214,5.4,0.3622,0.6099,0.5938678471880636,High income,Eastern Europe,transition,original,False
Poland,POL,2006,1.27,1.28469394366416,13.794,46.917,15204.8809890545,5.9,0.3705,0.6113000000000001,0.6060853917879927,High income,Eastern Europe,transition,original,False
Poland,POL,2007,1.31,2.4587431238539,9.551,46.706,16833.2346946924,6.5,0.3719,0.6112000000000001,0.6084751308900523,High income,Eastern Europe,transition,original,False
Poland,POL,2008,1.39,4.16497193524779,7.069,47.117,18372.37645483,6.8,0.3782,0.6128,0.6171671018276762,High income,Eastern Europe,transition,original,False
Poland,POL,2009,1.4,3.79539242483399,8.131,47.813,19300.1669900632,6.6,0.3644,0.61,0.5973770491803279,High income,Eastern Europe,transition,original,False
Poland,POL,2010,1.41,2.58069370250548,9.578,48.879,20990.9122325468,6.0,0.3662,0.6103000000000001,0.6000327707684745,High income,Eastern Europe,transition,original,False
Poland,POL,2011,1.33,4.23940149625932,9.576,48.967,22808.5055268899,5.4,0.3698,0.6111,0.6051382752413681,High income,Eastern Europe,transition,original,False
Poland,POL,2012,1.33,3.56037151702793,10.031,49.354,23728.1456821435,5.4,0.3674,0.6107,0.6016047158997871,High income,Eastern Europe,transition,original,False
Poland,POL,2013,1.29,0.991982606332335,10.293,49.227,24433.8914344877,4.7,0.3659,0.6105,0.5993447993447993,High income,Eastern Europe,transition,original,False
Poland,POL,2014,1.32,0.0538213132399802,8.971,49.534,25459.7392273761,5.0,0.3726,0.6118,0.6090225563909775,High income,Eastern Europe,transition,original,False
Poland,POL,2015,1.32,-0.874125874125862,7.475,49.527,26988.1069013509,5.0,0.3778,0.6188,0.6105365223012282,High income,Eastern Europe,transition,original,False
Poland,POL,2016,1.39,-0.664767331433962,6.141,49.64,28359.6927346266,5.1,0.3743,0.6161,0.6075312449277716,High income,Eastern Europe,transition,original,False
Poland,POL,2017,1.48,2.07593553673859,4.867,49.757,30170.2818974087,5.1,0.371,0.6152000000000001,0.6030559167750325,High income,Eastern Europe,transition,original,False
Poland,POL,2018,1.46,1.81295156542689,3.835,49.857,32345.1066076225,5.1,0.3745,0.616,0.6079545454545454,High income,Eastern Europe,transition,original,False
Poland,POL,2019,1.44,2.22747880938291,3.267,49.596,35882.3655065553,4.8,0.377,0.6166,0.6114174505351929,High income,Eastern Europe,transition,original,False
Poland,POL,2020,1.39,3.37446972618589,3.155,49.333,37089.3004256812,3.8,0.377,0.6166,0.6114174505351929,High income,Eastern Europe,transition,original,False
Poland,POL,2021,1.33,5.05502704719272,3.268,50.969,41059.5847829682,4.5,0.3774,0.6167,0.6119669207069888,High income,Eastern Europe,transition,original,False
Poland,POL,2022,1.29,14.4294507575758,2.811,51.594,46777.5524519162,4.2,0.377,0.6166,0.6114174505351929,High income,Eastern Europe,transition,original,False
Poland,POL,2023,1.2,11.5289127961105,2.743,52.209,48473.0940286419,5.1,0.3769,0.6166,0.6112552708400908,High income,Eastern Europe,transition,median,False
Poland,POL,2024,1.14,3.79060897630197,2.807,51.913,51262.5105756884,5.1,0.3769,0.6165,0.6113544201135441,High income,Eastern Europe,transition,median,False
Portugal,PRT,2000,1.55,2.85303039287157,3.806,52.728,18883.1145969452,6.2,0.3745,0.5871000000000001,0.6378811105433486,High income,Southern Europe,special_case,original,False
Portugal,PRT,2001,1.45,4.36990330551793,3.829,53.478,19528.5826120827,5.6,0.3938,0.5905,0.6668924640135477,High income,Southern Europe,special_case,original,False
Portugal,PRT,2002,1.46,3.60034658290914,4.497,54.08,20356.647299736,5.4,0.3807,0.5874,0.6481103166496425,High income,Southern Europe,special_case,original,False
Portugal,PRT,2003,1.44,3.21899090682895,6.132,54.783,20849.5943833375,5.1,0.3752,0.5863,0.6399454204332252,High income,Southern Europe,special_case,original,False
Portugal,PRT,2004,1.4,2.36536204097302,6.319,54.28,21475.5711021267,4.7,0.3937,0.5897,0.6676276072579278,High income,Southern Europe,special_case,original,False
Portugal,PRT,2005,1.41,2.27716394887834,7.582,55.269,22725.2774946084,4.6,0.3879,0.5888,0.6587975543478262,High income,Southern Europe,special_case,original,False
Portugal,PRT,2006,1.37,3.1076654587105,7.649,55.517,24677.2834629922,4.5,0.3962,0.5898,0.6717531366564937,High income,Southern Europe,special_case,original,False
Portugal,PRT,2007,1.35,2.45396528138743,7.965,55.919,25738.0214895961,4.4,0.3954,0.5898,0.6703967446592065,High income,Southern Europe,special_case,original,False
Portugal,PRT,2008,1.39,2.58850657657959,7.553,55.787,26665.8372952939,4.1,0.3806,0.5888,0.6463994565217391,High income,Southern Europe,special_case,original,False
Portugal,PRT,2009,1.34,-0.835530021504157,9.432,55.59,26471.9079607159,3.8,0.3747,0.5861000000000001,0.6393106978331342,High income,Southern Europe,special_case,original,False
Portugal,PRT,2010,1.39,1.40257289895369,10.771,55.835,27292.0819531528,3.8,0.3794,0.5870000000000001,0.6463373083475298,High income,Southern Europe,special_case,original,False
Portugal,PRT,2011,1.35,3.65301100430724,12.715,54.621,26803.2336904645,3.4,0.3827,0.5924,0.6460162052667117,High income,Southern Europe,special_case,original,False
Portugal,PRT,2012,1.28,2.77333854051586,15.509,54.674,26476.2182777269,3.3,0.3667,0.5937,0.6176520128010781,High income,Southern Europe,special_case,original,False
Portugal,PRT,2013,1.21,0.274416666666663,16.237,54.157,27966.0874254705,3.1,0.3725,0.596,0.625,High income,Southern Europe,special_case,original,False
Portugal,PRT,2014,1.24,-0.278153367467428,13.88,53.777,28764.5254955042,3.0,0.3732,0.5933,0.6290241024776672,High income,Southern Europe,special_case,original,False
Portugal,PRT,2015,1.31,0.48793862390472,12.405,53.7,29608.0071513956,3.1,0.3717,0.5942000000000001,0.6255469538875799,High income,Southern Europe,special_case,original,False
Portugal,PRT,2016,1.37,0.607397074641719,11.058,53.484,31589.2695609552,3.1,0.373,0.5966,0.6252095206168287,High income,Southern Europe,special_case,original,False
Portugal,PRT,2017,1.38,1.36861411643472,8.878,54.028,32970.8395386562,3.3,0.3764,0.6087,0.6183670116642024,High income,Southern Europe,special_case,original,False
Portugal,PRT,2018,1.42,0.993715683468326,6.966,54.337,34896.7993382974,3.4,0.3674,0.6046,0.6076744955342375,High income,Southern Europe,special_case,original,False
Portugal,PRT,2019,1.44,0.338178410046034,6.422,54.511,37865.5603564295,3.2,0.3584,0.6016,0.5957446808510638,High income,Southern Europe,special_case,original,False
Portugal,PRT,2020,1.42,-0.0124383299575305,6.85,53.157,35966.712796561,1.8,0.3584,0.6011000000000001,0.5962402262518715,High income,Southern Europe,special_case,original,False
Portugal,PRT,2021,1.35,1.26565719069044,6.712,52.886,38657.6677223425,2.8,0.3544,0.6005,0.5901748542880932,High income,Southern Europe,special_case,original,False
Portugal,PRT,2022,1.43,7.83269124233323,6.138,53.799,45250.0148759865,3.5,0.3544,0.5998,0.590863621207069,High income,Southern Europe,special_case,original,False
Portugal,PRT,2023,1.45,4.31128191898672,6.498,54.719,49352.8388613032,3.878,0.3545,0.5996,0.5912274849899932,High income,Southern Europe,special_case,mean,False
Portugal,PRT,2024,1.41,2.41613187791884,6.5,54.888,51679.8883807527,3.878,0.3545,0.5998,0.5910303434478159,High income,Southern Europe,special_case,mean,False
Slovak Republic,SVK,2000,1.3,12.0357805974299,18.546,52.588,11369.9916167703,4.8,0.2789,0.4181,0.6670652953838794,High income,Eastern Europe,transition,original,False
Slovak Republic,SVK,2001,1.2,7.3296201911553,19.148,52.965,12367.3391520167,4.4,0.2951,0.4189,0.7044640725710193,High income,Eastern Europe,transition,original,False
Slovak Republic,SVK,2002,1.19,3.12714222984608,18.541,52.531,13291.7864712556,4.7,0.2966,0.419,0.7078758949880668,High income,Eastern Europe,transition,original,False
Slovak Republic,SVK,2003,1.2,8.55414305406645,17.549,52.907,14088.2610150529,4.8,0.2898,0.4185,0.6924731182795699,High income,Eastern Europe,transition,original,False
Slovak Republic,SVK,2004,1.25,7.54850088183423,18.206,52.467,15165.8836134619,5.2,0.3116,0.4204,0.7411988582302569,High income,Eastern Europe,transition,original,False
Slovak Republic,SVK,2005,1.27,2.70908494588384,16.276,51.177,16570.2574196157,4.9,0.3079,0.4201,0.7329207331587718,High income,Eastern Europe,transition,original,False
Slovak Republic,SVK,2006,1.25,4.48333120449611,13.395,50.548,18905.7195772335,4.8,0.3116,0.4203,0.74137520818463,High income,Eastern Europe,transition,original,False
Slovak Republic,SVK,2007,1.27,2.7567237163814,11.16,50.327,21232.2703380662,5.1,0.3081,0.4199,0.7337461300309597,High income,Eastern Europe,transition,original,False
Slovak Republic,SVK,2008,1.34,4.59817976325028,9.514,50.757,23714.1353570991,5.3,0.2998,0.4191,0.7153424003817705,High income,Eastern Europe,transition,original,False
Slovak Republic,SVK,2009,1.44,1.61510464058238,12.023,50.051,23077.3712084636,4.9,0.2986,0.4191,0.7124791219279408,High income,Eastern Europe,transition,original,False
Slovak Republic,SVK,2010,1.43,0.957018132975143,14.387,50.554,25381.7112298749,4.7,0.3207,0.4211,0.7615768226074566,High income,Eastern Europe,transition,original,False
Slovak Republic,SVK,2011,1.45,3.9192859914629,13.634,50.155,26201.6502820886,4.7,0.3038,0.4259,0.7133129842686077,High income,Eastern Europe,transition,original,False
Slovak Republic,SVK,2012,1.34,3.6061026352289,13.966,50.648,27022.7747321382,4.8,0.2979,0.4424,0.6733725135623869,High income,Eastern Europe,transition,original,False
Slovak Republic,SVK,2013,1.34,1.40047368963025,14.226,50.988,28075.4326236719,4.7,0.3285,0.46,0.7141304347826087,High income,Eastern Europe,transition,original,False
Slovak Republic,SVK,2014,1.37,-0.0761653295419871,11.536,52.008,29108.072180194,4.9,0.3017,0.4743,0.6360952983343876,High income,Eastern Europe,transition,original,False
Slovak Republic,SVK,2015,1.4,-0.325219777427673,11.492,51.931,30147.9903672541,5.3,0.317,0.485,0.6536082474226804,High income,Eastern Europe,transition,original,False
Slovak Republic,SVK,2016,1.48,-0.520010196278266,9.679,52.511,29867.9803390081,5.5,0.2947,0.4861,0.6062538572310225,High income,Eastern Europe,transition,original,False
Slovak Republic,SVK,2017,1.52,1.31194588223228,8.142,52.626,30245.7825869756,5.8,0.2747,0.4919,0.5584468387883716,High income,Eastern Europe,transition,original,False
Slovak Republic,SVK,2018,1.54,2.51403712883812,6.544,52.241,31509.8187291635,5.7,0.275,0.4922,0.5587159691182446,High income,Eastern Europe,transition,original,False
Slovak Republic,SVK,2019,1.57,2.66456133425431,5.761,52.171,33985.6758419661,5.4,0.2678,0.4943,0.5417762492413514,High income,Eastern Europe,transition,original,False
Slovak Republic,SVK,2020,1.59,1.93694126694223,6.719,51.796,35327.9439165588,4.4,0.2678,0.4936,0.5425445705024311,High income,Eastern Europe,transition,original,False
Slovak Republic,SVK,2021,1.63,3.14960629921268,6.894,54.62,38346.0935768177,4.8,0.2678,0.4944,0.5416666666666666,High income,Eastern Europe,transition,original,False
Slovak Republic,SVK,2022,1.57,12.7741463637611,6.143,55.692,41562.1497793913,5.4,0.2678,0.4937,0.5424346769293092,High income,Eastern Europe,transition,original,False
Slovak Republic,SVK,2023,1.49,10.5319476645211,5.843,55.698,45973.9406902991,4.9,0.2678,0.4937,0.5424346769293092,High income,Eastern Europe,transition,median,False
Slovak Republic,SVK,2024,1.46,2.75760909424272,5.3,55.464,48132.356430543,4.9,0.2678,0.4940000000000001,0.5421052631578945,High income,Eastern Europe,transition,median,False
Slovenia,SVN,2000,1.26,8.91174418658769,6.918,51.294,17891.5856596003,3.6,0.29,0.4797,0.6045445069835313,High income,Eastern Europe,transition,original,False
Slovenia,SVN,2001,1.21,8.37966587492204,5.682,51.133,18763.4715912597,3.5,0.2867,0.4796,0.597789824854045,High income,Eastern Europe,transition,original,False
Slovenia,SVN,2002,1.21,7.48077770703754,5.922,51.932,20004.2990959715,3.5,0.2923,0.4798,0.6092121717382243,High income,Eastern Europe,transition,original,False
Slovenia,SVN,2003,1.2,5.54416421752901,6.479,50.437,20915.5593835145,3.4,0.3014,0.4804,0.6273938384679434,High income,Eastern Europe,transition,original,False
Slovenia,SVN,2004,1.25,3.59297594249509,6.012,52.836,22587.7819716494,3.3,0.3018,0.4805,0.6280957336108222,High income,Eastern Europe,transition,original,False
Slovenia,SVN,2005,1.26,2.45150132316475,6.506,52.815,23682.3710849153,2.9,0.3027,0.4806,0.6298377028714107,High income,Eastern Europe,transition,original,False
Slovenia,SVN,2006,1.31,2.45792444195865,5.95,53.218,25571.066947369,3.2,0.3031,0.4806,0.6306699958385351,High income,Eastern Europe,transition,original,False
Slovenia,SVN,2007,1.38,3.65749563284099,4.818,53.514,27468.038850682,3.2,0.3037,0.4806,0.6319184352892219,High income,Eastern Europe,transition,original,False
Slovenia,SVN,2008,1.53,5.64742380573935,4.371,53.631,29460.9414243515,3.3,0.3041,0.4806,0.6327507282563462,High income,Eastern Europe,transition,original,False
Slovenia,SVN,2009,1.53,0.839262246793887,5.858,53.514,27228.6387025436,3.2,0.2978,0.4802,0.620158267388588,High income,Eastern Europe,transition,original,False
Slovenia,SVN,2010,1.57,1.80117022137134,7.236,53.142,27579.428605763,3.2,0.2985,0.4803,0.6214865708931917,High income,Eastern Europe,transition,original,False
Slovenia,SVN,2011,1.56,1.8028517194191,8.166,52.351,28715.6339954963,3.2,0.2926,0.503,0.5817097415506959,High income,Eastern Europe,transition,original,False
Slovenia,SVN,2012,1.58,2.59741386039003,8.841,52.321,28786.7105517686,3.4,0.2947,0.5289,0.5571941765929287,High income,Eastern Europe,transition,original,False
Slovenia,SVN,2013,1.55,1.76920085881907,10.103,51.929,29634.0657611471,3.0,0.293,0.5503,0.5324368526258404,High income,Eastern Europe,transition,original,False
Slovenia,SVN,2014,1.58,0.19934382657075,9.668,52.531,30571.9753019832,3.2,0.2996,0.5668000000000001,0.5285815102328862,High income,Eastern Europe,transition,original,False
Slovenia,SVN,2015,1.57,-0.525552285820877,8.962,52.275,31336.2043858881,3.1,0.2902,0.5660000000000001,0.5127208480565371,High income,Eastern Europe,transition,original,False
Slovenia,SVN,2016,1.58,-0.054999541670474,8.0,52.113,33575.1775435757,3.2,0.2939,0.5695,0.5160667251975417,High income,Eastern Europe,transition,original,False
Slovenia,SVN,2017,1.62,1.42910743319306,6.564,53.539,36180.0384547624,3.1,0.2947,0.5718,0.5153899965022736,High income,Eastern Europe,transition,original,False
Slovenia,SVN,2018,1.6,1.7386086198818,5.108,53.719,38620.2045436305,3.5,0.296,0.5719000000000001,0.5175730022731245,High income,Eastern Europe,transition,original,False
Slovenia,SVN,2019,1.61,1.63052260754344,4.446,53.382,42373.2506369279,3.2,0.2957,0.5718,0.5171388597411682,High income,Eastern Europe,transition,original,False
Slovenia,SVN,2020,1.59,-0.05485681576061,4.971,53.105,41767.2579899957,2.5,0.2957,0.5718,0.5171388597411682,High income,Eastern Europe,transition,original,False
Slovenia,SVN,2021,1.64,1.91706506089259,4.744,53.467,45914.0572392406,2.8,0.2957,0.5719000000000001,0.5170484350410911,High income,Eastern Europe,transition,original,False
Slovenia,SVN,2022,1.55,8.83369886749452,4.011,53.875,52347.109726538,3.2,0.2961,0.5719000000000001,0.5177478580171357,High income,Eastern Europe,transition,original,False
Slovenia,SVN,2023,1.51,7.44687717385838,3.652,52.986,56064.0974596742,3.2,0.2967,0.5720000000000001,0.5187062937062937,High income,Eastern Europe,transition,median,False
Slovenia,SVN,2024,1.52,1.96562656432512,3.7,52.644,57186.3713538174,3.2,0.2967,0.5720000000000001,0.5187062937062937,High income,Eastern Europe,transition,median,False
Sweden,SWE,2000,1.54,0.899143734041715,5.466,58.104,29636.237888475,4.5,0.3108,0.6394000000000001,0.4860807006568657,High income,Northern Europe,developed,original,False
Sweden,SWE,2001,1.57,2.40595834145436,4.73,58.578,29946.0301894984,4.0,0.2979,0.6336,0.4701704545454545,High income,Northern Europe,developed,original,False
Sweden,SWE,2002,1.65,2.15848213589266,4.965,58.716,30987.2674908129,4.3,0.3016,0.6455000000000001,0.4672347017815645,High income,Northern Europe,developed,original,False
Sweden,SWE,2003,1.71,1.92565534892383,5.555,58.793,31787.5295342593,4.4,0.3124,0.6459,0.4836662021984827,High income,Northern Europe,developed,original,False
Sweden,SWE,2004,1.75,0.373659828721824,6.693,58.466,33804.8571053135,4.8,0.3184,0.6488,0.4907521578298397,High income,Northern Europe,developed,original,False
Sweden,SWE,2005,1.77,0.453170852576138,7.81,59.116,34198.3864576781,4.9,0.3264,0.6396000000000001,0.5103189493433395,High income,Northern Europe,developed,original,False
Sweden,SWE,2006,1.85,1.36021468627693,7.066,59.231,37671.6747821444,5.0,0.3378,0.639,0.5286384976525821,High income,Northern Europe,developed,original,False
Sweden,SWE,2007,1.88,2.21216883436733,6.161,59.706,40812.8056059315,5.0,0.3302,0.6103000000000001,0.5410453875143372,High income,Northern Europe,developed,median,False
Sweden,SWE,2008,1.91,3.43704910602875,6.235,59.836,41906.6990173542,5.5,0.3193,0.6047,0.5280304283115594,High income,Northern Europe,developed,original,False
Sweden,SWE,2009,1.94,-0.494460544378051,8.351,59.378,40094.0288624173,5.1,0.3049,0.6701,0.4550067154156096,High income,Northern Europe,developed,original,False
Sweden,SWE,2010,1.98,1.15798802715626,8.61,58.976,41951.4533673936,5.3,0.3163,0.6609,0.4785898017854441,High income,Northern Europe,developed,original,False
Sweden,SWE,2011,1.9,2.9611507382214,7.804,59.526,44332.5217389078,5.0,0.3113,0.6553,0.4750495956050664,High income,Northern Europe,developed,original,False
Sweden,SWE,2012,1.91,0.888377506923735,7.976,59.719,45206.9864434727,5.3,0.2999,0.6788000000000001,0.4418090748379493,High income,Northern Europe,developed,original,False
Sweden,SWE,2013,1.89,-0.044292970148682,8.052,60.127,46098.2321368832,5.4,0.3006,0.6806,0.4416691154863356,High income,Northern Europe,developed,original,False
Sweden,SWE,2014,1.88,-0.179638494114635,7.954,60.279,46841.4019746739,5.5,0.3026,0.6856,0.4413652275379229,High income,Northern Europe,developed,original,False
Sweden,SWE,2015,1.85,-0.0467847449832812,7.432,60.562,48772.0696057277,5.3,0.3109,0.685,0.4538686131386861,High income,Northern Europe,developed,original,False
Sweden,SWE,2016,1.85,0.984269244577992,6.99,60.691,50289.7687144136,5.4,0.2933,0.6805,0.4310066127847171,High income,Northern Europe,developed,original,False
Sweden,SWE,2017,1.78,1.79449904665599,6.718,61.036,51474.1199115161,5.2,0.3027,0.681,0.4444933920704846,High income,Northern Europe,developed,original,False
Sweden,SWE,2018,1.76,1.95353530127028,6.365,61.259,53122.438677218,5.0,0.2964,0.6824,0.4343493552168815,High income,Northern Europe,developed,original,False
Sweden,SWE,2019,1.71,1.78415097403835,6.833,61.315,57046.4463076951,4.7,0.3049,0.6823,0.4468708779129415,High income,Northern Europe,developed,original,False
Sweden,SWE,2020,1.67,0.497367318853572,8.291,60.587,57489.2657196219,3.6,0.3049,0.677,0.4503692762186115,High income,Northern Europe,developed,original,False
Sweden,SWE,2021,1.67,2.16319736447143,8.803,60.704,62731.700616293,3.7,0.3019,0.6846,0.4409874379199532,High income,Northern Europe,developed,original,False
Sweden,SWE,2022,1.53,8.36929098869189,7.417,61.05,67075.6762724717,4.6,0.2971,0.6818000000000001,0.4357582868876503,High income,Northern Europe,developed,original,False
Sweden,SWE,2023,1.45,8.5486248974891,7.611,61.685,69226.3272756663,5.0,0.2898,0.6802,0.4260511614231108,High income,Northern Europe,developed,median,False
Sweden,SWE,2024,1.43,2.83581658224034,8.4,61.68,71844.9129880579,5.0,0.2898,0.6822,0.4248021108179419,High income,Northern Europe,developed,median,False
Turkiye,TUR,2000,2.487,54.9153705812683,6.495,26.509,9325.80817565573,7.86,0.557,0.6725,0.8282527881040893,Upper middle income,Middle East,transition,mean,True
Turkiye,TUR,2001,2.392,54.4001887619074,8.381,27.088,9014.05844261591,7.86,0.5576,0.6734,0.828036828036828,Upper middle income,Middle East,transition,mean,True
Turkiye,TUR,2002,2.268,44.964120947985,10.358,27.864,9154.45153457514,7.86,0.5582,0.674,0.8281899109792284,Upper middle income,Middle East,transition,mean,True
Turkiye,TUR,2003,2.202,21.6024384490573,10.542,26.545,9474.02925535051,7.1,0.552,0.6653,0.8297008868179769,Upper middle income,Middle East,transition,original,True
Turkiye,TUR,2004,2.197,8.59826168115262,10.838,23.139,10759.3363431927,9.2,0.5333,0.649,0.8217257318952234,Upper middle income,Middle East,transition,original,True
Turkiye,TUR,2005,2.197,8.17916036802008,10.636,23.114,11803.3604424476,9.5,0.5083,0.6315000000000001,0.8049089469517022,Upper middle income,Middle East,transition,original,True
Turkiye,TUR,2006,2.193,9.59724212288446,10.227,23.426,13555.3359748623,9.2,0.4985,0.6236,0.7993906350224502,Upper middle income,Middle East,transition,original,True
Turkiye,TUR,2007,2.16,8.75618090972632,10.285,23.449,14951.141675678,9.1,0.4901,0.6126,0.8000326477309826,Upper middle income,Middle East,transition,original,True
Turkiye,TUR,2008,2.15,10.4441283764885,10.965,24.331,16141.6888074925,9.0,0.5019,0.6267,0.8008616562948779,Upper middle income,Middle East,transition,original,True
Turkiye,TUR,2009,2.1,6.25097663090626,14.026,25.868,15559.7425332501,8.2,0.519,0.6396000000000001,0.8114446529080674,Upper middle income,Middle East,transition,original,True
Turkiye,TUR,2010,2.08,8.56644420552976,11.879,27.445,17466.2641738935,8.0,0.5126000000000001,0.633,0.8097946287519748,Upper middle income,Middle East,transition,original,True
Turkiye,TUR,2011,2.05,6.471879671151,9.789,28.639,19717.2438317111,8.0,0.515,0.6363,0.8093666509508094,Upper middle income,Middle East,transition,original,True
Turkiye,TUR,2012,2.11,8.89156996512163,9.21,29.361,20739.2725488506,8.0,0.5154,0.635,0.8116535433070865,Upper middle income,Middle East,transition,original,True
Turkiye,TUR,2013,2.11,7.49309030547693,9.713,30.644,22475.2909778388,7.9,0.5088,0.6298,0.8078755160368372,Upper middle income,Middle East,transition,original,False
Turkiye,TUR,2014,2.19,8.85457271364316,9.901,30.171,24192.537613837,7.8,0.5173,0.639,0.809546165884194,Upper middle income,Middle East,transition,original,True
Turkiye,TUR,2015,2.16,7.67085364845885,10.304,31.416,25890.0548901058,7.7,0.5242,0.6436000000000001,0.8144810441267868,Upper middle income,Middle East,transition,original,False
Turkiye,TUR,2016,2.11,7.7751341532833,10.899,32.38,26730.7599731835,7.5,0.5272,0.6436000000000001,0.8191423244251087,Upper middle income,Middle East,transition,original,False
Turkiye,TUR,2017,2.08,11.1443110840764,10.919,33.533,28353.5406410966,7.1,0.552,0.6656000000000001,0.829326923076923,Upper middle income,Middle East,transition,original,False
Turkiye,TUR,2018,2.0,16.3324638988929,10.956,34.115,28640.3401839802,6.8,0.5594,0.6772,0.8260484347312463,Upper middle income,Middle East,transition,original,False
Turkiye,TUR,2019,1.89,15.1768215720022,13.73,34.289,29016.4555653445,6.6,0.5448000000000001,0.659,0.8267071320182094,Upper middle income,Middle East,transition,original,False
Turkiye,TUR,2020,1.77,12.2789574462574,13.148,30.83,29209.3308866883,5.84,0.5337000000000001,0.6483,0.8232299861175383,Upper middle income,Middle East,transition,original,False
Turkiye,TUR,2021,1.71,19.5964926913324,11.969,32.774,32105.5474400506,7.86,0.5201,0.639,0.8139280125195618,Upper middle income,Middle East,transition,mean,True
Turkiye,TUR,2022,1.63,72.3088359891207,10.465,35.018,39564.1103267333,6.8,0.5454,0.6562,0.8311490399268515,Upper middle income,Middle East,transition,original,True
Turkiye,TUR,2023,1.51,53.8594087593315,9.388,35.764,42786.2004948664,7.86,0.5668000000000001,0.6923,0.8187202080023113,Upper middle income,Middle East,transition,mean,True
Turkiye,TUR,2024,1.48,58.5064507300342,8.8,36.786,45639.0192735944,7.86,0.5443,0.6558,0.8299786520280573,Upper middle income,Middle East,transition,mean,True
United States,USA,2000,2.056,3.37685727149929,3.992,58.682,36329.9702595751,8.2,0.4273,0.6865,0.6224326292789513,High income,North America,developed,original,False
United States,USA,2001,2.0305,2.82617111885407,4.731,58.521,37133.6203973517,8.2,0.4194,0.6819000000000001,0.6150461944566651,High income,North America,developed,original,False
United States,USA,2002,2.0205,1.58603162650601,5.783,58.351,37997.7424300242,8.0,0.4149,0.6815,0.6088041085840059,High income,North America,developed,original,False
United States,USA,2003,2.0475,2.27009497336115,5.989,58.224,39490.3023903176,7.7,0.4164,0.6817000000000001,0.6108258764852573,High income,North America,developed,original,False
United States,USA,2004,2.0515,2.67723669309172,5.529,57.944,41724.6411982614,7.8,0.4242,0.6867000000000001,0.617737003058104,High income,North America,developed,original,False
United States,USA,2005,2.057,3.3927468454955,5.084,58.04,44123.3996470026,7.6,0.4359,0.6863,0.635144980329302,High income,North America,developed,original,False
United States,USA,2006,2.108,3.22594410070404,4.623,58.161,46301.9876485519,7.5,0.4429,0.6877,0.6440308273956667,High income,North America,developed,original,False
United States,USA,2007,2.12,2.85267248150138,4.622,58.086,48050.227412195,7.3,0.4404,0.6967,0.6321228649346922,High income,North America,developed,original,False
United States,USA,2008,2.072,3.839100296651,5.784,58.293,48570.0594269601,7.1,0.4356,0.7118,0.6119696543973026,High income,North America,developed,original,False
United States,USA,2009,2.002,-0.355546266299747,9.254,58.054,47194.9500893872,6.8,0.4245,0.7168,0.5922154017857143,High income,North America,developed,original,False
United States,USA,2010,1.931,1.6400434423899,9.633,57.516,48642.6312088213,6.8,0.4381,0.7298,0.6003014524527267,High income,North America,developed,original,False
United States,USA,2011,1.8945,3.156841568622,8.949,56.998,50024.8812320773,6.8,0.4426,0.7353000000000001,0.6019311845505235,High income,North America,developed,original,False
United States,USA,2012,1.8805,2.06933726526067,8.069,56.778,51708.3940614082,6.8,0.4559,0.7433000000000001,0.613345889950222,High income,North America,developed,original,False
United States,USA,2013,1.8575,1.46483265562717,7.375,56.362,53297.3862901595,6.8,0.449,0.7391000000000001,0.6074956027601136,High income,North America,developed,original,False
United States,USA,2014,1.8625,1.62222297740817,6.168,56.197,55153.3940182967,6.9,0.4558,0.7363000000000001,0.6190411517044682,High income,North America,developed,original,False
United States,USA,2015,1.8435,0.118627135552451,5.28,55.938,56849.4697923159,6.9,0.455,0.7321000000000001,0.6214997951099576,High income,North America,developed,original,False
United States,USA,2016,1.8205,1.26158320570536,4.869,56.095,57976.628204291,7.0,0.4536,0.7278,0.6232481450948063,High income,North America,developed,original,False
United States,USA,2017,1.7655,2.13011000365961,4.355,56.395,60047.7190728307,6.9,0.4546,0.7184,0.6327951002227171,High income,North America,developed,original,False
United States,USA,2018,1.7295,2.44258329692817,3.896,56.471,62875.6661382728,6.5,0.4581,0.7165,0.639357990230286,High income,North America,developed,original,False
United States,USA,2019,1.706,1.81221007526021,3.669,56.868,65227.9565911035,6.1,0.4567,0.7141000000000001,0.6395462820333286,High income,North America,developed,original,False
United States,USA,2020,1.6415,1.23358439630629,8.055,55.704,64401.5074354209,5.1,0.4461,0.7103,0.6280444882444037,High income,North America,developed,original,False
United States,USA,2021,1.664,4.69785886363742,5.349,55.632,71307.4017277218,6.0,0.4607,0.7085,0.6502470007057163,High income,North America,developed,original,False
United States,USA,2022,1.6565,8.00279982052121,3.65,56.029,77860.9112908848,6.2,0.4686,0.6962,0.6730824475725367,High income,North America,developed,original,False
United States,USA,2023,1.6165,4.11633838374488,3.638,56.602,82304.6204272866,6.9,0.4676,0.6954,0.6724187517975266,High income,North America,developed,median,False
United States,USA,2024,1.6265,2.94952520485207,4.022,56.561,85809.9003846359,6.9,0.4676,0.6954,0.6724187517975266,High income,North America,developed,median,False
