country,country_code,year,fertility_rate,inflation,unemployment_total,female_youth_unemployment_15_24,gdp_per_capita,marriage_rate,homeownership_rate,income_level
Aruba,ABW,2000,1.845,4.04402131190512,,,30245.7069739274,,,High income
Aruba,ABW,2001,1.813,2.88360430316263,,,31920.2390732318,,,High income
Aruba,ABW,2002,1.8,3.31524678585423,,,31888.5087369598,,,High income
Aruba,ABW,2003,1.808,3.65636507938418,,,32507.0843148328,,,High income
Aruba,ABW,2004,1.819,2.52912946932762,,,35059.2730975712,,,High income
Aruba,ABW,2005,1.844,3.39778677828805,,,35098.7976691425,,,High income
Aruba,ABW,2006,1.862,3.60802438784541,,,35937.594655647,,,High income
Aruba,ABW,2007,1.881,5.39256784475516,,,37768.5660142352,,,High income
Aruba,ABW,2008,1.889,8.95598705177784,,,38904.9992484644,,,High income
Aruba,ABW,2009,1.875,-2.13542872046937,,,34339.9391559529,,,High income
Aruba,ABW,2010,1.855,2.07814071860786,,,33729.5119105028,,,High income
Aruba,ABW,2011,1.858,4.31629742195203,,,35324.0720643325,,,High income
Aruba,ABW,2012,1.907,0.627471992893372,,,34095.6471714416,,,High income
Aruba,ABW,2013,1.944,-2.37206524252261,,,35901.6459605583,,,High income
Aruba,ABW,2014,1.944,0.421440918881214,,,35657.287197053,,,High income
Aruba,ABW,2015,1.899,0.474763597342641,,,35972.8596619304,,,High income
Aruba,ABW,2016,1.848,-0.93119598707956,,,36117.5352619835,,,High income
Aruba,ABW,2017,1.785,-1.02828178762012,,,37524.9149203557,,,High income
Aruba,ABW,2018,1.732,3.6260414135296,,,39287.0597126122,,,High income
Aruba,ABW,2019,1.701,4.25746204335427,,,38543.9072936041,,,High income
Aruba,ABW,2020,1.662,,,,28854.5972997864,,,High income
Aruba,ABW,2021,1.631,,,,35104.7868035374,,,High income
Aruba,ABW,2022,1.615,,,,41758.8957566544,,,High income
Aruba,ABW,2023,1.602,,,,46574.3574197653,,,High income
Aruba,ABW,2024,1.606,,,,50649.3015232212,,,High income
Afghanistan,AFG,2000,7.566,,7.897,13.983,813.550255989624,,,Low income
Afghanistan,AFG,2001,7.453,,7.973,14.08,747.688045492413,,,Low income
Afghanistan,AFG,2002,7.32,,7.867,13.963,926.507941011646,,,Low income
Afghanistan,AFG,2003,7.174,,7.844,13.928,966.962032055781,,,Low income
Afghanistan,AFG,2004,7.018,,7.794,13.851,971.633503046666,,,Low income
Afghanistan,AFG,2005,6.858,12.6862687216715,7.878,13.914,1076.08735260871,,,Low income
Afghanistan,AFG,2006,6.686,6.78459655001655,7.897,13.894,1121.83447077749,,,Low income
Afghanistan,AFG,2007,6.508,8.68057078513405,7.841,13.777,1286.94984312675,,,Low income
Afghanistan,AFG,2008,6.392,26.4186641547443,7.879,13.752,1333.74726661897,,,Low income
Afghanistan,AFG,2009,6.295,-6.81116108898995,7.808,13.602,1570.69814517949,,,Low income
Afghanistan,AFG,2010,6.195,2.17853752389418,7.809,13.535,1765.53802830615,,,Low income
Afghanistan,AFG,2011,6.094,11.8041858089129,7.83,13.494,1744.06062321558,,,Low income
Afghanistan,AFG,2012,5.985,6.44121280934117,7.875,13.487,1988.42930381554,,,Low income
Afghanistan,AFG,2013,5.879,7.38577178397855,7.921,13.455,2133.24127098647,,,Low income
Afghanistan,AFG,2014,5.77,4.67399603536344,7.915,13.368,2224.49074815215,,,Low income
Afghanistan,AFG,2015,5.652,-0.661709164713741,9.032,16.028,2284.07584789349,,,Low income
Afghanistan,AFG,2016,5.542,4.38389195513914,10.116,18.615,2213.1814410479,,,Low income
Afghanistan,AFG,2017,5.433,4.97595150553832,11.184,21.157,2335.79586234454,,,Low income
Afghanistan,AFG,2018,5.327,0.626149149168846,11.192,20.559,2432.27670083336,,,Low income
Afghanistan,AFG,2019,5.238,2.30237251516833,11.187,20.021,2583.48533239877,,,Low income
Afghanistan,AFG,2020,5.145,5.60188791482224,11.71,21.237,2561.98176058622,,,Low income
Afghanistan,AFG,2021,5.039,5.13320340824962,12.006,21.231,2144.16657002819,,,Low income
Afghanistan,AFG,2022,4.932,13.7121023720064,14.1,30.212,2122.99581512663,,,Low income
Afghanistan,AFG,2023,4.84,-4.64470870797774,14.008,30.133,2201.72290691677,,,Low income
Afghanistan,AFG,2024,4.761,-6.60118564073725,13.687,29.719,,,,Low income
Angola,AGO,2000,6.639,324.99687160132,16.646,39.823,3689.53780847244,,,Lower middle income
Angola,AGO,2001,6.601,152.561022469298,16.668,39.813,3801.63313374818,,,Lower middle income
Angola,AGO,2002,6.567,108.897436089429,16.432,39.276,4241.2915015658,,,Lower middle income
Angola,AGO,2003,6.533,98.2241436573304,16.445,39.253,4322.19773214742,,,Lower middle income
Angola,AGO,2004,6.499,43.5421067519686,16.313,38.946,4770.68802563462,,,Lower middle income
Angola,AGO,2005,6.461,22.9535138513939,16.295,38.887,5415.61212018099,,,Lower middle income
Angola,AGO,2006,6.419,13.3052101780031,16.123,38.51,6017.8181625251,,,Lower middle income
Angola,AGO,2007,6.372,12.2514974459486,16.066,38.389,6727.96328856831,,,Lower middle income
Angola,AGO,2008,6.32,12.4758291326397,16.152,38.576,7315.60233056666,,,Lower middle income
Angola,AGO,2009,6.26,13.7302839288408,16.383,39.063,7227.56364237588,,,Lower middle income
Angola,AGO,2010,6.194,14.4696564932576,16.595,39.533,7411.65460883624,,,Lower middle income
Angola,AGO,2011,6.12,13.4824679218511,16.77,40.245,7537.59656403345,,,Lower middle income
Angola,AGO,2012,6.039,10.2779049218839,16.539,38.511,8246.36081151609,,,Lower middle income
Angola,AGO,2013,5.953,8.77781429332623,16.464,37.114,8504.09532072053,,,Lower middle income
Angola,AGO,2014,5.864,7.2803873036112,16.372,35.692,9017.69018162269,,,Lower middle income
Angola,AGO,2015,5.774,9.35597215533783,16.472,34.619,8067.48584683018,,,Lower middle income
Angola,AGO,2016,5.686,30.6944150806719,16.572,33.516,7766.83787525546,,,Lower middle income
Angola,AGO,2017,5.6,29.8444799015679,16.617,32.296,8006.83661497696,,,Lower middle income
Angola,AGO,2018,5.519,19.628937970152,16.602,30.967,8278.36886170469,,,Lower middle income
Angola,AGO,2019,5.442,17.080954143438,16.497,29.501,8572.87895610671,,,Lower middle income
Angola,AGO,2020,5.371,22.2715392470509,16.696,30.731,7827.42804325818,,,Lower middle income
Angola,AGO,2021,5.304,25.754294884189,15.799,27.627,8862.28133314521,,,Lower middle income
Angola,AGO,2022,5.209,21.3552901320822,14.124,26.924,9588.24129511188,,,Lower middle income
Angola,AGO,2023,5.124,13.6441017767714,14.051,26.574,9753.60046763783,,,Lower middle income
Angola,AGO,2024,5.048,28.2404948915772,14.02,26.48,10118.6089945408,,,Lower middle income
Albania,ALB,2000,2.217,0.0500181363468103,19.023,27.159,3977.77186916171,,,Upper middle income
Albania,ALB,2001,2.141,3.10758827031435,18.57,27.83,4450.51418504094,,,Upper middle income
Albania,ALB,2002,2.002,7.7705258343155,17.891,26.908,4840.33200843758,,,Upper middle income
Albania,ALB,2003,2.006,0.484002611818502,16.985,25.821,5169.18875806327,,,Upper middle income
Albania,ALB,2004,1.889,2.28001916938098,16.306,24.988,5594.79162347874,,,Upper middle income
Albania,ALB,2005,1.787,2.36658195679795,15.966,24.765,6014.31696992585,,,Upper middle income
Albania,ALB,2006,1.686,2.37072831904284,15.626,24.448,6752.90148641683,,,Upper middle income
Albania,ALB,2007,1.633,2.93268248162317,15.966,25.119,7584.68922249536,,,Upper middle income
Albania,ALB,2008,1.616,3.32087090389274,13.06,26.858,8469.24537549543,,,Upper middle income
Albania,ALB,2009,1.638,2.26692209450826,13.674,28.521,9030.60955535693,,,Upper middle income
Albania,ALB,2010,1.653,3.62710091517479,14.086,31.993,9754.84278665039,,,Upper middle income
Albania,ALB,2011,1.677,3.42807130141501,13.481,19.507,10273.4199783271,,,Upper middle income
Albania,ALB,2012,1.719,2.03159268395296,13.376,23.062,10608.8448172721,,,Upper middle income
Albania,ALB,2013,1.741,1.93762080205223,15.866,27.027,10882.026128835,,,Upper middle income
Albania,ALB,2014,1.721,1.62586504402613,18.055,32.583,11787.8549638025,,,Upper middle income
Albania,ALB,2015,1.631,1.89617402592356,17.193,40.195,12386.592266883,,,Upper middle income
Albania,ALB,2016,1.555,1.27543168367423,15.418,34.011,13055.8417473139,,,Upper middle income
Albania,ALB,2017,1.486,1.98666133171194,13.616,27.386,14110.683242211,,,Upper middle income
Albania,ALB,2018,1.415,2.02805963071134,12.304,25.773,15055.2807998752,,,Upper middle income
Albania,ALB,2019,1.395,1.41109078954242,11.466,25.97,16442.1259393239,,,Upper middle income
Albania,ALB,2020,1.371,1.6208866171702,11.639,25.781,16287.6097663649,,,Upper middle income
Albania,ALB,2021,1.365,2.04147163139544,11.474,29.497,18212.8702466686,,,Upper middle income
Albania,ALB,2022,1.355,6.72520271530059,10.785,25.725,22138.4182857345,,,Upper middle income
Albania,ALB,2023,1.348,4.75834555150038,10.669,26.421,24822.3543089995,,,Upper middle income
Albania,ALB,2024,1.341,2.21587375089991,10.689,26.589,26701.6749563776,,,Upper middle income
Andorra,AND,2000,1.273,,,,33458.1181625074,,,High income
Andorra,AND,2001,1.305,,,,36895.4402454079,,,High income
Andorra,AND,2002,1.265,,,,38787.0522534918,,,High income
Andorra,AND,2003,1.18,,,,41147.8806955474,,,High income
Andorra,AND,2004,1.229,,,,42717.2377735456,,,High income
Andorra,AND,2005,1.224,,,,44577.8193343081,,,High income
Andorra,AND,2006,1.234,,,,46852.6583902384,,,High income
Andorra,AND,2007,1.189,,,,47501.4309292019,,,High income
Andorra,AND,2008,1.25,,,,44838.9949992176,,,High income
Andorra,AND,2009,1.208,,,,42522.9945639501,,,High income
Andorra,AND,2010,1.275,,,,43853.1712385354,,,High income
Andorra,AND,2011,1.321,,,,46436.1158596161,,,High income
Andorra,AND,2012,1.26,,,,45503.0444832658,,,High income
Andorra,AND,2013,1.142,,,,45609.2307224247,,,High income
Andorra,AND,2014,1.168,,,,48505.6017361608,,,High income
Andorra,AND,2015,1.223,,,,50733.2390011704,,,High income
Andorra,AND,2016,1.184,,,,53110.1426263211,,,High income
Andorra,AND,2017,1.129,,,,53084.8639640903,,,High income
Andorra,AND,2018,1.053,,,,55244.6554088177,,,High income
Andorra,AND,2019,1.045,,,,57475.0692842215,,,High income
Andorra,AND,2020,1.028,,,,52095.8414004627,,,High income
Andorra,AND,2021,1.058,,,,59332.2029100127,,,High income
Andorra,AND,2022,1.071,,,,68470.0759483848,,,High income
Andorra,AND,2023,1.082,,,,71730.668682165,,,High income
Andorra,AND,2024,1.087,,,,74939.4746038578,,,High income
United Arab Emirates,ARE,2000,2.733,,2.25,5.056,92899.3674985796,,,High income
United Arab Emirates,ARE,2001,2.622,,2.443,6.813,90370.2541183751,,,High income
United Arab Emirates,ARE,2002,2.541,,2.659,8.631,88466.5816176093,,,High income
United Arab Emirates,ARE,2003,2.491,,2.903,10.535,92635.9226901803,,,High income
United Arab Emirates,ARE,2004,2.385,,2.965,12.233,98661.4370562637,,,High income
United Arab Emirates,ARE,2005,2.232,,3.12,14.114,101301.412339163,,,High income
United Arab Emirates,ARE,2006,1.958,,2.964,13.702,106814.053640356,,,High income
United Arab Emirates,ARE,2007,1.792,,2.934,13.284,100813.188228929,,,High income
United Arab Emirates,ARE,2008,1.516,12.2504202448139,2.818,12.651,94628.2666607538,,,High income
United Arab Emirates,ARE,2009,1.582,1.5618131744907,2.932,12.327,84780.3209706517,,,High income
United Arab Emirates,ARE,2010,1.565,0.877983288285867,2.798,11.664,85120.1974687752,,,High income
United Arab Emirates,ARE,2011,1.539,0.87734659568512,2.587,10.913,89665.4018921986,,,High income
United Arab Emirates,ARE,2012,1.532,0.662268900269008,2.323,10.143,89198.0119017025,,,High income
United Arab Emirates,ARE,2013,1.527,1.1011183637571,2.125,9.521,87526.3254797061,,,High income
United Arab Emirates,ARE,2014,1.483,2.34626865671642,1.999,9.018,87477.7341963514,,,High income
United Arab Emirates,ARE,2015,1.417,4.06996608361593,1.793,8.426,73986.0636395945,,,High income
United Arab Emirates,ARE,2016,1.366,1.61748808904197,1.64,7.904,69986.9835675887,,,High income
United Arab Emirates,ARE,2017,1.35,1.96682557818842,2.462,13.412,70281.8889504211,,,High income
United Arab Emirates,ARE,2018,1.288,3.06863379251996,2.236,11.892,77446.2269929923,,,High income
United Arab Emirates,ARE,2019,1.247,-1.93108114782172,2.331,13.954,79816.3010904406,,,High income
United Arab Emirates,ARE,2020,1.289,-2.07940317940943,4.294,16.635,66790.6822664754,,,High income
United Arab Emirates,ARE,2021,1.162,0.179935336174431,3.105,17.292,68580.1485423483,,,High income
United Arab Emirates,ARE,2022,1.148,5.29122604376849,2.872,20.074,75071.6586300351,,,High income
United Arab Emirates,ARE,2023,1.2,1.62670837213248,2.151,12.846,77955.2951760879,,,High income
United Arab Emirates,ARE,2024,1.213,1.66336510224894,2.16,13.08,79228.738801276,,,High income
Argentina,ARG,2000,2.591,,15.0,35.218,11499.9828002518,,,Upper middle income
Argentina,ARG,2001,2.531,,17.32,36.742,11117.754923787,,,Upper middle income
Argentina,ARG,2002,2.493,,19.59,39.794,9953.46492880857,,,Upper middle income
Argentina,ARG,2003,2.451,,15.36,37.704,10933.3925491594,,,Upper middle income
Argentina,ARG,2004,2.43,,13.522,34.538,12117.6797423098,,,Upper middle income
Argentina,ARG,2005,2.426,,11.506,30.653,13464.8128470561,,,Upper middle income
Argentina,ARG,2006,2.4,,10.078,29.202,14843.5778659642,,,Upper middle income
Argentina,ARG,2007,2.37,,8.47,24.362,16455.1129801674,,,Upper middle income
Argentina,ARG,2008,2.432,,7.837,22.118,17276.7570886806,,,Upper middle income
Argentina,ARG,2009,2.4,,8.645,24.521,16182.0753477677,,,Upper middle income
Argentina,ARG,2010,2.411,,7.714,23.565,17847.6110373178,3.0,,Upper middle income
Argentina,ARG,2011,2.393,,7.18,22.086,19104.9909405228,3.1,,Upper middle income
Argentina,ARG,2012,2.304,,7.217,23.025,19430.4178068112,3.2,,Upper middle income
Argentina,ARG,2013,2.335,,7.1,23.28,19928.989490167,2.9,,Upper middle income
Argentina,ARG,2014,2.386,,7.268,22.271,19487.4181748868,2.8,,Upper middle income
Argentina,ARG,2015,2.35,,7.577,23.714,19899.1499275245,2.8,,Upper middle income
Argentina,ARG,2016,2.241,,8.088,25.592,20105.761359796,2.7,,Upper middle income
Argentina,ARG,2017,2.168,,8.347,26.947,23385.0740904917,2.89,,Upper middle income
Argentina,ARG,2018,2.067,34.2772237131003,9.22,27.869,24410.3919063335,2.79,,Upper middle income
Argentina,ARG,2019,1.882,53.5483043492339,9.843,28.559,23516.8261980886,,,Upper middle income
Argentina,ARG,2020,1.601,42.0150947376509,11.461,35.019,22393.3479575353,,,Upper middle income
Argentina,ARG,2021,1.585,48.4093786255199,8.736,26.688,26300.274261175,,,Upper middle income
Argentina,ARG,2022,1.482,72.430757531824,6.805,20.723,29808.8073468007,,,Upper middle income
Argentina,ARG,2023,1.5,133.488935594175,6.139,19.379,30221.4976888753,,,Upper middle income
Argentina,ARG,2024,1.504,219.883929014578,7.15,20.172,30431.1931223693,,,Upper middle income
Armenia,ARM,2000,1.3,-0.790883768934757,11.107,14.735,2530.74394657194,,,Upper middle income
Armenia,ARM,2001,1.2,3.1459046468502,11.012,14.128,2844.36266367009,,,Upper middle income
Armenia,ARM,2002,1.2,1.06004929341666,10.888,13.506,3282.11706337369,,,Upper middle income
Armenia,ARM,2003,1.3,4.7215533660534,10.769,12.892,3836.22556768673,,,Upper middle income
Armenia,ARM,2004,1.4,6.96126135875795,10.676,12.303,4377.22759682551,,,Upper middle income
Armenia,ARM,2005,1.3,0.638928002410097,10.584,11.716,5172.2189210295,,,Upper middle income
Armenia,ARM,2006,1.3,2.89235662459003,10.497,11.134,6072.75924479855,,,Upper middle income
Armenia,ARM,2007,1.4,4.40736089644516,10.394,10.541,7136.75405519953,,,Upper middle income
Armenia,ARM,2008,1.4,8.94995335353387,17.1,40.664,7827.31666746494,,,Upper middle income
Armenia,ARM,2009,1.5,3.40676682683801,19.295,44.24,6811.69247959581,,,Upper middle income
Armenia,ARM,2010,1.5,8.17636138473951,19.523,44.911,7095.21267979009,,,Upper middle income
Armenia,ARM,2011,1.5,7.65000807859294,18.884,42.966,7624.26772626905,,,Upper middle income
Armenia,ARM,2012,1.6,2.55802007757907,17.511,38.853,8942.63537897164,,,Upper middle income
Armenia,ARM,2013,1.6,5.7896677854465,16.576,40.453,9454.87852836557,,,Upper middle income
Armenia,ARM,2014,1.7,2.98130868933672,17.498,44.207,9736.2349746279,,,Upper middle income
Armenia,ARM,2015,1.6,3.73169119261693,18.261,36.976,9756.84084836026,,,Upper middle income
Armenia,ARM,2016,1.6,-1.40360755900899,17.617,44.512,10570.2720413936,,,Upper middle income
Armenia,ARM,2017,1.6,0.969553268816137,17.704,44.989,12066.0043093819,,,Upper middle income
Armenia,ARM,2018,1.6,2.52023382001637,18.966,40.157,12877.4937543553,,,Upper middle income
Armenia,ARM,2019,1.6,1.44344660770698,18.304,35.098,14975.7539538157,,,Upper middle income
Armenia,ARM,2020,1.7,1.21143577838464,18.175,33.373,14706.3173043422,,,Upper middle income
Armenia,ARM,2021,1.7,7.1848362944337,15.469,33.337,15921.705281964,,,Upper middle income
Armenia,ARM,2022,1.7,8.64091108973854,13.451,30.674,19161.3700514189,,,Upper middle income
Armenia,ARM,2023,1.9,1.98041877615553,12.405,31.325,21534.030536117,,,Upper middle income
Armenia,ARM,2024,1.7,0.269511978259125,12.405,31.225,22823.1795255693,,,Upper middle income
American Samoa,ASM,2000,3.89,,,,,,,High income
American Samoa,ASM,2001,3.87,,,,,,,High income
American Samoa,ASM,2002,3.866,,,,,,,High income
American Samoa,ASM,2003,3.91,,,,,,,High income
American Samoa,ASM,2004,3.945,,,,,,,High income
American Samoa,ASM,2005,3.863,,,,,,,High income
American Samoa,ASM,2006,3.685,,,,,,,High income
American Samoa,ASM,2007,3.509,,,,,,,High income
American Samoa,ASM,2008,3.42,,,,,,,High income
American Samoa,ASM,2009,3.359,,,,,,,High income
American Samoa,ASM,2010,3.292,,,,,,,High income
American Samoa,ASM,2011,3.169,,,,,,,High income
American Samoa,ASM,2012,3.043,,,,,,,High income
American Samoa,ASM,2013,2.932,,,,,,,High income
American Samoa,ASM,2014,2.852,,,,,,,High income
American Samoa,ASM,2015,2.78,,,,,,,High income
American Samoa,ASM,2016,2.699,,,,,,,High income
American Samoa,ASM,2017,2.598,,,,,,,High income
American Samoa,ASM,2018,2.494,,,,,,,High income
American Samoa,ASM,2019,2.404,,,,,,,High income
American Samoa,ASM,2020,2.36,,,,,,,High income
American Samoa,ASM,2021,2.327,,,,,,,High income
American Samoa,ASM,2022,2.305,,,,,,,High income
American Samoa,ASM,2023,2.286,,,,,,,High income
American Samoa,ASM,2024,2.267,,,,,,,High income
Antigua and Barbuda,ATG,2000,2.196,0.77177979690018,,,19318.8965779721,,,High income
Antigua and Barbuda,ATG,2001,2.018,1.40279663573988,,,18568.679914651,,,High income
Antigua and Barbuda,ATG,2002,1.94,2.4076580129349,,,18812.7827770729,,,High income
Antigua and Barbuda,ATG,2003,1.887,1.99353055152453,,,20127.345572169,,,High income
Antigua and Barbuda,ATG,2004,1.852,2.03007757853236,,,21628.6836541675,,,High income
Antigua and Barbuda,ATG,2005,1.832,2.09875196709308,,,23484.8001051691,,,High income
Antigua and Barbuda,ATG,2006,1.831,1.7877853741912,,,26949.4085821346,,,High income
Antigua and Barbuda,ATG,2007,1.86,1.4160525940974,,,29850.5675734636,,,High income
Antigua and Barbuda,ATG,2008,2.042,5.33380639820233,,,29978.2095861092,,,High income
Antigua and Barbuda,ATG,2009,2.006,-0.550159995508913,,,26156.9151715965,,,High income
Antigua and Barbuda,ATG,2010,1.785,3.37002540220147,,,24071.0297956482,,,High income
Antigua and Barbuda,ATG,2011,1.746,3.4567496723461,,,23804.0790107696,,,High income
Antigua and Barbuda,ATG,2012,1.655,3.37688044338874,,,23011.7386611366,,,High income
Antigua and Barbuda,ATG,2013,1.537,1.05949782356169,,,21760.5232864254,,,High income
Antigua and Barbuda,ATG,2014,1.526,1.08944157435355,,,21671.4737856616,,,High income
Antigua and Barbuda,ATG,2015,1.567,0.968993458825638,,,20985.4388292177,,,High income
Antigua and Barbuda,ATG,2016,1.458,-0.489437796230498,,,21320.4375067809,,,High income
Antigua and Barbuda,ATG,2017,1.485,2.43248789041362,,,21422.0021576627,,,High income
Antigua and Barbuda,ATG,2018,1.371,1.20715793367007,,,24524.2137953887,,,High income
Antigua and Barbuda,ATG,2019,1.468,1.43135598182983,,,26550.589844733,,,High income
Antigua and Barbuda,ATG,2020,1.569,0.625989707046719,,,22370.0918693813,,,High income
Antigua and Barbuda,ATG,2021,1.58,2.06299638545334,,,25745.4958067746,,,High income
Antigua and Barbuda,ATG,2022,1.58,7.53107834634288,,,29933.8893698902,,,High income
Antigua and Barbuda,ATG,2023,1.578,5.06713865364212,,,31601.7527146877,,,High income
Antigua and Barbuda,ATG,2024,1.582,6.19886698842115,,,33386.1917127894,,,High income
Australia,AUS,2000,1.756,4.45743705920869,6.288,11.224,26584.8191965725,5.9,,High income
Australia,AUS,2001,1.739,4.40712998561533,6.747,12.282,27687.7587444103,5.3,,High income
Australia,AUS,2002,1.756,2.98157117047457,6.375,11.725,29080.0439286946,5.4,,High income
Australia,AUS,2003,1.748,2.73259754838937,5.933,11.281,30167.241365541,5.348,,High income
Australia,AUS,2004,1.768,2.34325687131265,5.399,10.865,31814.504982852,5.5,,High income
Australia,AUS,2005,1.807,2.69182949622197,5.036,10.341,33089.7023501837,5.4,,High income
Australia,AUS,2006,1.908,3.55528696972984,4.785,9.47,34890.2248136693,5.5,,High income
Australia,AUS,2007,1.959,2.32761442623159,4.381,9.245,36708.1660067256,5.5,,High income
Australia,AUS,2008,1.984,4.35029726664093,4.242,8.6,37616.0112400482,5.5,,High income
Australia,AUS,2009,1.971,1.77112025681656,5.565,10.351,40434.4890899118,5.5,,High income
Australia,AUS,2010,1.928,2.9183370211222,5.214,11.125,39504.361082784,5.4,64.44,High income
Australia,AUS,2011,1.926,3.30384784681081,5.083,10.78,42152.816179831,5.4,62.73,High income
Australia,AUS,2012,1.92,1.76278299052228,5.225,10.955,43007.2697824131,5.4,62.86,High income
Australia,AUS,2013,1.855,2.44988248109259,5.663,11.355,46123.4750962848,5.1,62.39,High income
Australia,AUS,2014,1.826,2.48792932080492,6.078,12.47,47108.5906459966,5.2,62.81,High income
Australia,AUS,2015,1.814,1.50836803138463,6.055,11.913,46464.5867627929,4.8,63.53,High income
Australia,AUS,2016,1.752,1.27699365720306,5.711,11.398,47446.2103030951,4.9,62.98,High income
Australia,AUS,2017,1.741,1.94864309065653,5.592,11.466,48564.8286592372,4.6,62.79,High income
Australia,AUS,2018,1.74,1.91140002818579,5.345,11.04,50371.233830782,4.8,62.43,High income
Australia,AUS,2019,1.657,1.610770929127,5.143,10.57,52885.8313816377,4.5,62.69,High income
Australia,AUS,2020,1.581,0.846900734607273,6.394,13.252,54184.1614486854,3.1,62.95,High income
Australia,AUS,2021,1.7,2.86391284709318,5.022,9.729,58327.4146842325,3.5,62.66,High income
Australia,AUS,2022,1.63,6.59409658717841,3.728,7.552,66103.1797066957,4.89,,High income
Australia,AUS,2023,1.499,5.59701792296707,3.668,7.453,72272.7092136683,,,High income
Australia,AUS,2024,1.481,3.16656665428797,3.942,8.125,72111.1844628126,,,High income
Austria,AUT,2000,1.36,2.3448628535728,4.687,5.57,29220.9853040358,4.9,,High income
Austria,AUT,2001,1.33,2.65000077279529,4.007,5.78,29553.2333509767,4.3,,High income
Austria,AUT,2002,1.39,1.81035787764128,4.852,6.541,30952.1708232398,4.5,,High income
Austria,AUT,2003,1.38,1.35555370896445,4.779,6.737,31958.8592412083,4.6,,High income
Austria,AUT,2004,1.42,2.06120618032869,5.969,10.829,33518.5160023521,4.7,,High income
Austria,AUT,2005,1.41,2.29913785639285,5.682,10.409,34776.6699535218,4.8,,High income
Austria,AUT,2006,1.41,1.44154851119016,5.32,9.88,37388.0795380765,4.5,,High income
Austria,AUT,2007,1.38,2.16855528800756,4.909,9.689,39192.372452379,4.3,,High income
Austria,AUT,2008,1.42,3.21595033239879,4.198,8.679,41046.7900352112,4.2,,High income
Austria,AUT,2009,1.39,0.506308827696504,5.371,10.167,40686.6736355681,4.3,,High income
Austria,AUT,2010,1.44,1.81353438995061,4.883,9.477,41735.4574798744,4.5,50.41,High income
Austria,AUT,2011,1.43,3.2865791487538,4.637,9.261,44171.5618687028,4.3,44.68,High income
Austria,AUT,2012,1.44,2.48567562177014,4.909,9.339,46156.4832073037,4.6,49.6,High income
Austria,AUT,2013,1.44,2.00015616900597,5.367,10.064,47519.8522796571,4.3,49.95,High income
Austria,AUT,2014,1.46,1.60581182954473,5.674,10.074,48355.4977624407,4.4,49.72,High income
Austria,AUT,2015,1.49,0.896563335260319,5.802,10.166,49549.3162311441,5.1,48.87,High income
Austria,AUT,2016,1.53,0.891591752655362,6.064,10.37,52397.8635176674,5.1,47.86,High income
Austria,AUT,2017,1.52,2.08126911385586,5.561,8.881,53869.8321183556,5.1,47.42,High income
Austria,AUT,2018,1.47,1.99837981429548,4.933,9.468,56636.4953030542,5.3,47.86,High income
Austria,AUT,2019,1.46,1.53089564152643,4.56,7.928,60354.9279422121,5.2,47.79,High income
Austria,AUT,2020,1.44,1.38191063351853,5.201,9.065,58523.0337816246,4.4,48.36,High income
Austria,AUT,2021,1.48,2.7666666666667,6.459,12.339,62968.9422311892,4.59,47.58,High income
Austria,AUT,2022,1.41,8.54686993188457,4.992,10.281,72065.4974270106,5.24,45.22,High income
Austria,AUT,2023,1.32,7.81413417002831,5.264,11.263,73544.6567230487,,47.52,High income
Austria,AUT,2024,1.31,2.93791574279375,5.2,10.215,73911.439663136,,47.88,High income
Azerbaijan,AZE,2000,2.0,1.80500303704356,11.78,25.287,3439.14442872326,,,Upper middle income
Azerbaijan,AZE,2001,1.8,1.54719590152279,10.91,25.647,3834.89815906415,,,Upper middle income
Azerbaijan,AZE,2002,1.8,2.7711647199827,10.04,24.683,4230.40590214072,,,Upper middle income
Azerbaijan,AZE,2003,1.9,2.23386492967049,9.17,20.877,4718.42112339403,,,Upper middle income
Azerbaijan,AZE,2004,2.0535,6.70893042797784,7.99,21.279,5247.53834365156,,,Upper middle income
Azerbaijan,AZE,2005,2.0,9.67950731917056,7.26,16.255,6854.93618778844,,,Upper middle income
Azerbaijan,AZE,2006,1.97,8.32892482863209,6.62,14.338,9398.01324794263,,,Upper middle income
Azerbaijan,AZE,2007,1.97,16.6997549618244,6.33,11.594,11973.9596323536,,,Upper middle income
Azerbaijan,AZE,2008,1.9,20.8490871772712,5.86,11.963,13216.8434974432,,,Upper middle income
Azerbaijan,AZE,2009,1.82,1.45704835970321,5.74,14.634,14245.503536619,,,Upper middle income
Azerbaijan,AZE,2010,1.92,5.72687224669605,5.63,14.762,14930.4099928423,,,Upper middle income
Azerbaijan,AZE,2011,1.96,7.8583333333334,5.42,14.614,14804.5744507911,,,Upper middle income
Azerbaijan,AZE,2012,2.0,1.06621339720302,5.19,16.095,15994.1466501837,,,Upper middle income
Azerbaijan,AZE,2013,1.98,2.41571745279419,4.97,15.713,17267.5118919538,,,Upper middle income
Azerbaijan,AZE,2014,1.97,1.37344181533176,4.91,15.679,17563.6122454385,,,Upper middle income
Azerbaijan,AZE,2015,1.94,4.02768573742725,4.96,15.631,15075.2726347911,,,Upper middle income
Azerbaijan,AZE,2016,1.9,12.4433748584372,5.0,14.984,14535.8020210633,,,Upper middle income
Azerbaijan,AZE,2017,1.75,12.9359184187334,5.0,14.323,14315.9296431061,,,Upper middle income
Azerbaijan,AZE,2018,1.73,2.26854690373999,4.9,13.269,15282.9995232298,,,Upper middle income
Azerbaijan,AZE,2019,1.81,2.61057182799215,5.0,12.743,16675.3179361558,,,Upper middle income
Azerbaijan,AZE,2020,1.7,2.75980947008127,7.24,17.626,15163.5703327282,,,Upper middle income
Azerbaijan,AZE,2021,1.52,6.65029912708778,6.04,16.511,20111.3756952109,,,Upper middle income
Azerbaijan,AZE,2022,1.67,13.8522590144267,5.65,15.267,22552.0886560523,,,Upper middle income
Azerbaijan,AZE,2023,1.55,8.7854304984908,5.64,15.25,23651.5994852756,,,Upper middle income
Azerbaijan,AZE,2024,1.43,2.21217188919901,5.648,15.224,25088.9993757134,,,Upper middle income
Burundi,BDI,2000,6.872,24.4320242102151,3.137,2.777,519.237306665577,,,Low income
Burundi,BDI,2001,6.849,9.29618771341888,3.154,2.784,528.435573413436,,,Low income
Burundi,BDI,2002,6.819,-1.36568005328059,3.168,2.791,544.922790017055,,,Low income
Burundi,BDI,2003,6.785,10.6474645658305,3.145,2.78,531.812612194556,,,Low income
Burundi,BDI,2004,6.746,8.17642937482053,3.177,2.798,551.562209243605,,,Low income
Burundi,BDI,2005,6.708,13.2520699188223,3.162,2.792,553.047973759863,,,Low income
Burundi,BDI,2006,6.659,2.7454200021424,3.185,2.807,579.707804423789,,,Low income
Burundi,BDI,2007,6.588,8.41206285772543,2.404,2.128,593.560734529723,,,Low income
Burundi,BDI,2008,6.515,24.4069510353913,1.634,1.425,609.042906461819,,,Low income
Burundi,BDI,2009,6.409,10.5554355299529,1.622,1.473,604.588154080249,,,Low income
Burundi,BDI,2010,6.26,6.49326591473993,1.615,1.533,613.695880049889,,,Low income
Burundi,BDI,2011,6.108,9.5921660597967,1.602,1.599,628.665448296178,,,Low income
Burundi,BDI,2012,5.991,18.161045306545,1.593,1.682,637.247080191101,,,Low income
Burundi,BDI,2013,5.889,7.93795807492417,1.584,1.787,687.370968311715,,,Low income
Burundi,BDI,2014,5.794,4.40535234185293,1.572,1.919,724.371954183273,,,Low income
Burundi,BDI,2015,5.695,5.54468891259779,1.449,1.787,722.032898379933,,,Low income
Burundi,BDI,2016,5.587,5.55768961400965,1.352,1.67,764.282221636916,,,Low income
Burundi,BDI,2017,5.481,16.0525353030391,1.25,1.551,791.393494929898,,,Low income
Burundi,BDI,2018,5.38,-2.81469807668465,1.147,1.433,823.013102241659,,,Low income
Burundi,BDI,2019,5.271,-0.686772170797358,1.043,1.312,868.423731660834,,,Low income
Burundi,BDI,2020,5.177,7.3211064341552,1.03,1.388,958.135599490084,,,Low income
Burundi,BDI,2021,5.078,8.4045384507634,1.118,1.406,1035.53857384938,,,Low income
Burundi,BDI,2022,4.98,18.8008786664944,0.909,1.253,1104.77718764878,,,Low income
Burundi,BDI,2023,4.878,26.9414835762453,0.911,1.251,1149.98405842389,,,Low income
Burundi,BDI,2024,4.789,20.2124925027847,0.915,1.249,1194.94681370387,,,Low income
Belgium,BEL,2000,1.67,2.544517761909,6.586,18.157,27794.0511630862,4.4,,High income
Belgium,BEL,2001,1.67,2.46925823086082,6.178,16.626,28793.5142643594,4.1,,High income
Belgium,BEL,2002,1.65,1.6452143617536,6.91,15.169,30282.2886450283,3.9,,High income
Belgium,BEL,2003,1.67,1.58896399970371,7.68,17.501,30930.6283334744,4.0,,High income
Belgium,BEL,2004,1.72,2.09728311239315,7.363,19.506,32059.6878637798,4.2,,High income
Belgium,BEL,2005,1.76,2.78143263670029,8.44,22.059,33177.8909458158,4.1,,High income
Belgium,BEL,2006,1.8,1.79120770070453,8.246,22.565,35251.4450697593,4.2,,High income
Belgium,BEL,2007,1.82,1.82305630026809,7.459,20.879,36798.1918857259,4.3,,High income
Belgium,BEL,2008,1.85,4.48944420508404,6.976,18.718,37883.3319417819,4.3,,High income
Belgium,BEL,2009,1.84,-0.0531456741254176,7.908,22.485,37905.658312629,4.0,,High income
Belgium,BEL,2010,1.86,2.18929920422458,8.293,22.358,39839.9772772918,3.9,65.65,High income
Belgium,BEL,2011,1.81,3.5320821072274,7.14,18.738,41244.8495035213,3.7,66.37,High income
Belgium,BEL,2012,1.8,2.83966343445899,7.542,18.863,42483.5250666788,3.8,67.27,High income
Belgium,BEL,2013,1.76,1.11309594027539,8.425,22.465,43864.1204196838,3.4,66.73,High income
Belgium,BEL,2014,1.74,0.340002833356921,8.523,22.331,45147.6429534057,3.6,66.11,High income
Belgium,BEL,2015,1.7,0.561429152790157,8.482,20.041,46071.914889496,4.0,65.9,High income
Belgium,BEL,2016,1.68,1.97385264653162,7.83,18.144,48414.5518065681,3.9,66.27,High income
Belgium,BEL,2017,1.65,2.12597086002616,7.09,18.026,50256.0631772784,3.9,67.86,High income
Belgium,BEL,2018,1.62,2.05316499865177,5.941,15.263,52466.7330784599,3.9,67.25,High income
Belgium,BEL,2019,1.6,1.43681956996438,5.364,12.266,56712.469571978,3.9,66.32,High income
Belgium,BEL,2020,1.55,0.740791812220343,5.545,15.117,56120.0958420466,2.8,66.02,High income
Belgium,BEL,2021,1.6,2.44024851144084,6.248,16.177,60669.2137746531,3.5,66.03,High income
Belgium,BEL,2022,1.53,9.597511728725,5.57,14.45,69128.1388883843,4.2,67.04,High income
Belgium,BEL,2023,1.47,4.04901077613941,5.547,14.379,71946.1447190292,,66.49,High income
Belgium,BEL,2024,1.44,3.14349136500041,5.7,14.898,73514.4831045258,,65.82,High income
Benin,BEN,2000,5.937,4.16540442290282,0.864,0.636,1671.35725172854,,,Lower middle income
Benin,BEN,2001,5.848,3.98429547767893,0.766,0.615,1745.98256227696,,,Lower middle income
Benin,BEN,2002,5.793,2.48916235491541,0.69,0.601,1799.88269639499,,,Lower middle income
Benin,BEN,2003,5.763,1.48724246145441,0.747,0.852,1841.60297283874,,,Lower middle income
Benin,BEN,2004,5.718,0.873890830868499,0.79,1.096,1915.34644346381,,,Lower middle income
Benin,BEN,2005,5.692,5.36452085832342,0.859,1.369,1945.56414052296,,,Lower middle income
Benin,BEN,2006,5.673,3.78217696540374,0.888,1.614,2020.60567734722,,,Lower middle income
Benin,BEN,2007,5.627,1.29806813334152,0.902,1.845,2135.53787873721,,,Lower middle income
Benin,BEN,2008,5.548,7.94729876067854,0.895,2.046,2215.35163859542,,,Lower middle income
Benin,BEN,2009,5.491,0.896072355749069,0.95,2.335,2213.32895620809,,,Lower middle income
Benin,BEN,2010,5.452,2.20783532536523,1.04,2.692,2220.32854611489,,,Lower middle income
Benin,BEN,2011,5.436,2.7042390774728,2.647,5.745,2264.84186926384,,,Lower middle income
Benin,BEN,2012,5.429,6.74468253340712,2.458,4.633,2346.08416204547,,,Lower middle income
Benin,BEN,2013,5.41,0.428888888888883,2.198,3.476,2511.65309588333,,,Lower middle income
Benin,BEN,2014,5.374,-0.54875755094818,1.952,3.275,2670.41561399187,,,Lower middle income
Benin,BEN,2015,5.32,0.218785923536245,1.886,3.224,2725.33724817144,,,Lower middle income
Benin,BEN,2016,5.254,-0.793310145785624,1.834,3.188,2842.0246258376,,,Lower middle income
Benin,BEN,2017,5.155,0.0432648555103608,1.691,3.078,2885.89383987721,,,Lower middle income
Benin,BEN,2018,5.031,0.919170717886053,1.426,2.85,2965.30628143664,,,Lower middle income
Benin,BEN,2019,4.9,0.732849371241066,1.214,2.659,3148.97969597838,,,Lower middle income
Benin,BEN,2020,4.795,3.02272119663759,1.518,3.159,3244.58772756805,,,Lower middle income
Benin,BEN,2021,4.707,1.73353962694035,1.833,2.963,3464.2886286745,,,Lower middle income
Benin,BEN,2022,4.634,1.35077863583527,1.685,2.642,3844.15415745816,,,Lower middle income
Benin,BEN,2023,4.556,2.73870078406074,1.641,2.609,4129.9661200142,,,Lower middle income
Benin,BEN,2024,4.48,1.16093089640415,1.637,2.608,4434.5642184028,,,Lower middle income
Burkina Faso,BFA,2000,6.519,-0.304212168486802,2.687,4.617,896.477481510815,,,Low income
Burkina Faso,BFA,2001,6.431,5.00743290822373,2.748,4.777,947.919374676953,,,Low income
Burkina Faso,BFA,2002,6.339,2.17569480664608,2.862,5.006,973.983933383218,,,Low income
Burkina Faso,BFA,2003,6.28,2.03456574053815,2.78,4.987,1037.83799374653,,,Low income
Burkina Faso,BFA,2004,6.216,-0.400228702115451,3.48,6.294,1079.00009142751,,,Low income
Burkina Faso,BFA,2005,6.182,6.41504018369684,4.0,7.393,1171.76432319587,,,Low income
Burkina Faso,BFA,2006,6.17,2.33310856372219,3.67,6.845,1244.00243844319,,,Low income
Burkina Faso,BFA,2007,6.11,-0.230627306273049,3.3,6.224,1290.49951017424,,,Low income
Burkina Faso,BFA,2008,6.05,10.6597978997424,3.501,6.457,1351.36041569133,,,Low income
Burkina Faso,BFA,2009,5.992,2.60817666368314,3.723,6.713,1359.69224907302,,,Low income
Burkina Faso,BFA,2010,5.936,-0.764230734676768,3.725,6.686,1449.42216382921,,,Low income
Burkina Faso,BFA,2011,5.869,2.75976724854534,3.827,6.79,1531.34338243982,,,Low income
Burkina Faso,BFA,2012,5.793,3.8181524025238,3.849,6.792,1571.83884477315,,,Low income
Burkina Faso,BFA,2013,5.697,0.533738507090536,4.054,7.024,1642.89213125776,,,Low income
Burkina Faso,BFA,2014,5.595,-0.258089517535291,4.255,7.245,1661.31773793757,,,Low income
Burkina Faso,BFA,2015,5.478,0.724838981070516,4.472,7.48,1691.57935387408,,,Low income
Burkina Faso,BFA,2016,5.331,0.441041448058809,4.598,7.608,1881.75893134407,,,Low income
Burkina Faso,BFA,2017,5.17,1.48299897161325,4.662,7.663,2042.40295259917,,,Low income
Burkina Faso,BFA,2018,4.921,1.95594302672532,4.695,7.683,2073.3235382155,,,Low income
Burkina Faso,BFA,2019,4.681,-3.23338933983321,4.493,7.798,2232.16282016585,,,Low income
Burkina Faso,BFA,2020,4.44,1.88470066518847,4.59,8.873,2380.72282781802,,,Low income
Burkina Faso,BFA,2021,4.361,3.65326761825508,4.511,8.774,2486.43093147762,,,Low income
Burkina Faso,BFA,2022,4.275,14.2902354303358,3.828,8.144,2645.24067996611,,,Low income
Burkina Faso,BFA,2023,4.186,0.742910428668917,3.601,8.392,2759.30205484605,,,Low income
Burkina Faso,BFA,2024,4.11,4.19081721344523,3.441,8.793,2895.89152033665,,,Low income
Bangladesh,BGD,2000,3.279,2.20825620937535,3.27,10.123,1511.90500588844,,,Lower middle income
Bangladesh,BGD,2001,3.203,2.0071737421384,3.609,8.858,1597.58740614435,,,Lower middle income
Bangladesh,BGD,2002,3.126,3.33256493271912,3.966,7.496,1658.80230934569,,,Lower middle income
Bangladesh,BGD,2003,3.029,5.66870773441476,4.32,6.013,1746.12725782298,,,Lower middle income
Bangladesh,BGD,2004,2.94,7.58753638504689,4.316,9.51,1861.51256285455,,,Lower middle income
Bangladesh,BGD,2005,2.846,7.04661816222038,4.25,12.819,2019.73839563431,,,Lower middle income
Bangladesh,BGD,2006,2.755,6.76526117054757,3.591,11.921,2195.29485460994,,,Lower middle income
Bangladesh,BGD,2007,2.666,9.10698496905382,4.015,11.893,2388.10025160357,,,Lower middle income
Bangladesh,BGD,2008,2.577,8.90194489465153,4.49,11.975,2554.85788238719,,,Lower middle income
Bangladesh,BGD,2009,2.484,5.42347236174679,5.0,12.107,2675.25945926785,,,Lower middle income
Bangladesh,BGD,2010,2.38,8.12667639169917,3.379,7.049,2833.69544368864,,,Lower middle income
Bangladesh,BGD,2011,2.309,11.3951651552399,3.737,7.939,3051.26983271811,,,Lower middle income
Bangladesh,BGD,2012,2.263,6.21750422069283,4.07,8.808,3434.27815090447,,,Lower middle income
Bangladesh,BGD,2013,2.247,7.53040640913172,4.426,9.694,3691.10431102117,,,Lower middle income
Bangladesh,BGD,2014,2.228,6.99163889220848,4.417,10.942,3972.50647733491,,,Lower middle income
Bangladesh,BGD,2015,2.227,6.19428022984983,4.397,12.391,4212.23578089428,,,Lower middle income
Bangladesh,BGD,2016,2.227,5.51352572692995,4.35,14.094,4579.13228682862,,,Lower middle income
Bangladesh,BGD,2017,2.205,5.70207015717238,4.372,16.225,4882.60692615639,,,Lower middle income
Bangladesh,BGD,2018,2.193,5.54362139486476,4.439,13.803,5490.15881865179,,,Lower middle income
Bangladesh,BGD,2019,2.18,5.59199639930629,4.504,11.935,6047.12401504125,,,Lower middle income
Bangladesh,BGD,2020,2.175,5.69107474746211,5.539,12.11,6640.58437331062,,,Lower middle income
Bangladesh,BGD,2021,2.173,5.54565430773473,5.457,9.979,7441.06913961254,,,Lower middle income
Bangladesh,BGD,2022,2.179,7.69695437176898,4.593,7.732,8450.54902533941,,,Lower middle income
Bangladesh,BGD,2023,2.163,9.8835030377921,3.352,4.671,9147.7775066555,,,Lower middle income
Bangladesh,BGD,2024,2.138,10.4657482763412,3.635,4.933,9646.76984383255,,,Lower middle income
Bulgaria,BGR,2000,1.26,10.3162621289989,16.218,29.567,6424.14537295881,4.3,,High income
Bulgaria,BGR,2001,1.21,7.3609392723184,19.921,35.349,6960.28610141959,4.0,,High income
Bulgaria,BGR,2002,1.23,5.81014365721825,18.11,31.489,7786.40436399963,3.7,,High income
Bulgaria,BGR,2003,1.26,2.34864169582757,13.733,24.036,8416.40773414609,3.9,,High income
Bulgaria,BGR,2004,1.33,6.14713074246266,12.037,23.831,9200.48242563727,4.0,,High income
Bulgaria,BGR,2005,1.37,5.0388380711191,10.083,21.08,10291.428291498,4.4,,High income
Bulgaria,BGR,2006,1.44,7.26159462769946,8.951,20.364,11405.5885694601,4.3,,High income
Bulgaria,BGR,2007,1.49,8.40253419005893,6.878,16.011,12821.840411182,3.9,,High income
Bulgaria,BGR,2008,1.56,12.348719599402,5.609,11.397,14346.8484556532,3.7,,High income
Bulgaria,BGR,2009,1.66,2.75320223914819,6.817,13.859,14188.1048821302,3.5,,High income
Bulgaria,BGR,2010,1.57,2.43899060504117,10.279,20.122,14954.2543206827,3.3,85.98,High income
Bulgaria,BGR,2011,1.51,4.21990346601872,11.26,23.65,15747.3476582908,2.9,86.07,High income
Bulgaria,BGR,2012,1.5,2.95456829831012,12.27,26.017,16327.3382758143,2.9,86.21,High income
Bulgaria,BGR,2013,1.54,0.890093540913096,12.941,25.671,16893.7689556096,3.0,84.83,High income
Bulgaria,BGR,2014,1.62,-1.41818380264839,11.424,23.743,17990.7621498811,3.4,83.56,High income
Bulgaria,BGR,2015,1.64,-0.104633261008479,9.143,22.272,18896.102861651,3.9,82.13,High income
Bulgaria,BGR,2016,1.67,-0.798649886453617,7.575,16.91,20745.8472094399,3.8,82.11,High income
Bulgaria,BGR,2017,1.71,2.06159619443141,6.164,12.449,22317.2548948063,4.0,82.47,High income
Bulgaria,BGR,2018,1.73,2.81454473824838,5.211,11.886,23997.6876896184,4.1,83.13,High income
Bulgaria,BGR,2019,1.79,3.10372944796771,4.148,8.174,26765.7192049867,4.2,83.81,High income
Bulgaria,BGR,2020,1.77,1.67244096855756,5.037,13.61,27351.8607448601,3.2,84.37,High income
Bulgaria,BGR,2021,1.8,3.29774435299506,5.166,15.073,30959.1118459807,3.9,85.17,High income
Bulgaria,BGR,2022,1.78,15.3252589264367,4.148,10.348,36320.1422295192,3.9,85.3,High income
Bulgaria,BGR,2023,1.81,9.44284140088564,4.319,11.098,38829.1913208102,,85.94,High income
Bulgaria,BGR,2024,1.72,2.44651943006078,4.2,11.706,41969.4515718999,,85.25,High income
Bahrain,BHR,2000,2.798,-0.704852953090789,1.081,9.377,45687.5217405647,,,High income
Bahrain,BHR,2001,2.653,-1.20757180156659,1.118,9.488,46161.5758464288,,,High income
Bahrain,BHR,2002,2.699,-0.495540138751154,1.137,9.517,45091.4894218656,,,High income
Bahrain,BHR,2003,2.778,1.59362549800786,1.126,9.421,45426.9345932944,,,High income
Bahrain,BHR,2004,2.774,2.35294117647061,1.064,9.157,46317.0284804025,,,High income
Bahrain,BHR,2005,2.67,2.58620689655172,1.021,9.334,47268.2721612188,,,High income
Bahrain,BHR,2006,2.464,2.00746965452849,1.021,9.692,48009.4917421504,,,High income
Bahrain,BHR,2007,2.282,3.25666666666703,1.006,10.031,49347.494619615,,,High income
Bahrain,BHR,2008,2.152,3.52600316363721,1.015,10.487,50330.3248622522,,,High income
Bahrain,BHR,2009,2.047,2.79551283550411,1.07,11.114,48625.6569231596,,,High income
Bahrain,BHR,2010,1.987,1.96188468334623,1.13,11.756,49254.5770084238,,,High income
Bahrain,BHR,2011,2.025,-0.40004069748808,1.21,13.086,52677.4511190668,,,High income
Bahrain,BHR,2012,2.11,2.75739669962979,1.2,13.292,56712.5692656153,,,High income
Bahrain,BHR,2013,2.166,3.30001156888442,1.184,13.01,56310.3117458189,,,High income
Bahrain,BHR,2014,2.149,2.64755321246188,1.144,12.623,54299.0564613228,,,High income
Bahrain,BHR,2015,2.113,1.84862742374976,1.164,12.546,48034.2468880503,,,High income
Bahrain,BHR,2016,2.042,2.78679347602044,1.19,12.828,47428.9018907649,,,High income
Bahrain,BHR,2017,1.984,1.38671830576406,1.18,12.948,50184.5005767301,,,High income
Bahrain,BHR,2018,1.911,2.08766938046978,1.188,12.94,51993.1307818652,,,High income
Bahrain,BHR,2019,1.843,1.00582004702136,1.217,12.938,56599.5214364411,,,High income
Bahrain,BHR,2020,1.86,-2.31770629331378,1.765,15.917,53436.0316999712,,,High income
Bahrain,BHR,2021,1.852,-0.60631938514085,1.548,14.472,54954.6757895532,,,High income
Bahrain,BHR,2022,1.839,3.62574104304482,1.265,12.969,61677.6538492695,,,High income
Bahrain,BHR,2023,1.824,0.0746206782192255,1.049,12.693,64171.0857359052,,,High income
Bahrain,BHR,2024,1.805,0.919635459817651,1.084,12.63,66941.2430367989,,,High income
"Bahamas, The",BHS,2000,2.06,1.60632941740578,7.118,19.095,25421.6229400308,,,High income
"Bahamas, The",BHS,2001,2.02,2.0449897750512,6.87,16.046,26351.0760257803,,,High income
"Bahamas, The",BHS,2002,1.984,2.17357792508093,9.05,23.193,27171.3084133541,,,High income
"Bahamas, The",BHS,2003,1.971,3.02504526252236,10.84,29.362,27030.8969356877,,,High income
"Bahamas, The",BHS,2004,1.98,0.981914036757662,10.2,25.903,27659.5379539899,,,High income
"Bahamas, The",BHS,2005,2.008,1.59160618079802,10.2,24.152,29142.9002176758,,,High income
"Bahamas, The",BHS,2006,2.019,2.38982627439254,7.54,18.147,30401.5076891956,,,High income
"Bahamas, The",BHS,2007,2.035,2.49257794939396,7.88,21.492,31232.1313724409,,,High income
"Bahamas, The",BHS,2008,1.999,4.48955995375059,8.18,19.986,30678.6265531484,,,High income
"Bahamas, The",BHS,2009,2.011,2.06273473452681,14.25,29.874,29196.6178474292,,,High income
"Bahamas, The",BHS,2010,1.837,1.34402738392835,14.435,29.588,29624.975385096,,,High income
"Bahamas, The",BHS,2011,1.791,3.1987814166032,14.52,29.238,30073.6769305961,,,High income
"Bahamas, The",BHS,2012,1.761,1.97336755976254,14.02,31.46,31035.5500568874,,,High income
"Bahamas, The",BHS,2013,1.738,0.722414784530551,16.18,36.321,30294.4768305201,,,High income
"Bahamas, The",BHS,2014,1.687,1.51375643050831,13.8,32.527,31726.1740873862,,,High income
"Bahamas, The",BHS,2015,1.574,1.86148302863371,12.0,28.694,32137.5784729905,,,High income
"Bahamas, The",BHS,2016,1.495,-0.346376929989396,12.7,31.804,32285.2760366069,,,High income
"Bahamas, The",BHS,2017,1.424,1.51820700736147,9.8,26.43,34282.1710357791,,,High income
"Bahamas, The",BHS,2018,1.404,2.26586346678735,10.0,24.848,35227.7619063243,,,High income
"Bahamas, The",BHS,2019,1.397,2.49123527368045,9.336,19.811,36116.0002025353,,,High income
"Bahamas, The",BHS,2020,1.386,0.0385210980054557,12.016,24.32,27204.625909518,,,High income
"Bahamas, The",BHS,2021,1.382,2.90491262928478,11.078,21.814,31064.6822166194,,,High income
"Bahamas, The",BHS,2022,1.379,5.60540633583043,9.25,18.354,36791.4010460964,,,High income
"Bahamas, The",BHS,2023,1.373,3.05291578969742,8.645,17.162,39090.1214737976,,,High income
"Bahamas, The",BHS,2024,1.374,0.409162489083286,9.049,17.69,41197.9342548477,,,High income
Bosnia and Herzegovina,BIH,2000,1.282,,25.446,55.465,4147.92009953318,,,Upper middle income
Bosnia and Herzegovina,BIH,2001,1.23,,26.485,57.648,4306.65243238352,,,Upper middle income
Bosnia and Herzegovina,BIH,2002,1.231,,27.477,59.909,4664.66989005718,,,Upper middle income
Bosnia and Herzegovina,BIH,2003,1.219,,28.424,62.094,4917.24213532278,,,Upper middle income
Bosnia and Herzegovina,BIH,2004,1.221,,29.279,64.229,5407.42779562896,,,Upper middle income
Bosnia and Herzegovina,BIH,2005,1.203,,30.218,66.561,5955.82944980971,,,Upper middle income
Bosnia and Herzegovina,BIH,2006,1.18,6.12556615620284,31.11,68.844,6869.02619326211,,,Upper middle income
Bosnia and Herzegovina,BIH,2007,1.19,1.50077710611541,28.984,66.13,7686.12870574572,,,Upper middle income
Bosnia and Herzegovina,BIH,2008,1.21,7.42704310332952,23.405,54.283,8586.76034539604,,,Upper middle income
Bosnia and Herzegovina,BIH,2009,1.267,-0.381464282453056,24.068,54.782,8698.13506849581,,,Upper middle income
Bosnia and Herzegovina,BIH,2010,1.26,1.99621236745886,27.312,64.5,9085.74294205836,,,Upper middle income
Bosnia and Herzegovina,BIH,2011,1.209,3.67125,27.582,62.446,9761.47624447272,,,Upper middle income
Bosnia and Herzegovina,BIH,2012,1.252,2.05267452001717,28.01,66.066,10121.1905288877,,,Upper middle income
Bosnia and Herzegovina,BIH,2013,1.278,-0.0930456838317588,27.49,60.604,10808.2715682853,,,Upper middle income
Bosnia and Herzegovina,BIH,2014,1.262,-0.897194054194333,27.517,68.103,11167.8379494776,,,Upper middle income
Bosnia and Herzegovina,BIH,2015,1.322,-1.03602303425474,27.695,70.597,11845.4522958172,,,Upper middle income
Bosnia and Herzegovina,BIH,2016,1.36,-1.58410000000001,25.408,60.243,12899.3962262974,,,Upper middle income
Bosnia and Herzegovina,BIH,2017,1.419,0.810133321953038,20.527,52.917,13627.0944831749,,,Upper middle income
Bosnia and Herzegovina,BIH,2018,1.504,1.41710814018033,18.4,47.293,14858.5590469909,,,Upper middle income
Bosnia and Herzegovina,BIH,2019,1.509,0.56278215406123,15.692,39.825,16428.8136580107,,,Upper middle income
Bosnia and Herzegovina,BIH,2020,1.515,-1.05129600763489,15.868,45.797,16369.9353197836,,,Upper middle income
Bosnia and Herzegovina,BIH,2021,1.49,1.98163900587622,14.897,41.831,18286.7373324233,,,Upper middle income
Bosnia and Herzegovina,BIH,2022,1.481,14.0208440826771,12.657,38.342,21651.2952374862,,,Upper middle income
Bosnia and Herzegovina,BIH,2023,1.486,6.1059011284828,10.668,30.454,23376.2227477141,,,Upper middle income
Bosnia and Herzegovina,BIH,2024,1.492,1.69212733599723,10.69,30.502,25043.0886396127,,,Upper middle income
Belarus,BLR,2000,1.317,168.620235850933,12.193,18.025,5795.65223573862,,,Upper middle income
Belarus,BLR,2001,1.286,61.1349331618476,11.561,17.062,6238.09862372757,,,Upper middle income
Belarus,BLR,2002,1.24,42.5375481348794,10.874,16.042,6697.15436193606,,,Upper middle income
Belarus,BLR,2003,1.232,28.3978399133473,10.191,15.03,7361.72161071026,,,Upper middle income
Belarus,BLR,2004,1.233,18.1082424937646,9.463,13.981,8482.92020698503,,,Upper middle income
Belarus,BLR,2005,1.252,10.3388794457932,8.759,12.965,9636.89112385763,,,Upper middle income
Belarus,BLR,2006,1.335,6.99712903535584,8.066,11.97,10994.5981291041,,,Upper middle income
Belarus,BLR,2007,1.429,8.42675273505309,7.41,11.012,12320.0240264282,,,Upper middle income
Belarus,BLR,2008,1.488,14.8378764828254,6.728,10.037,13886.1314072566,,,Upper middle income
Belarus,BLR,2009,1.509,12.9456563410401,6.1,9.113,14034.1911204499,,,Upper middle income
Belarus,BLR,2010,1.494,7.735748043125,6.052,9.016,15339.0999035972,,,Upper middle income
Belarus,BLR,2011,1.515,53.2286983118174,6.024,8.943,16563.2014078209,,,Upper middle income
Belarus,BLR,2012,1.62,59.2197360232518,5.962,8.842,18114.7508606708,,,Upper middle income
Belarus,BLR,2013,1.668,18.3122610377873,5.942,8.775,19014.0529737698,,,Upper middle income
Belarus,BLR,2014,1.696,18.1195543526734,5.908,8.69,19037.8847440186,,,Upper middle income
Belarus,BLR,2015,1.724,13.5344897649734,5.881,8.603,18133.5313085883,,,Upper middle income
Belarus,BLR,2016,1.733,11.8365807653496,5.844,8.5,17832.4778855815,,,Upper middle income
Belarus,BLR,2017,1.541,6.03183725177785,5.648,7.264,18413.747563367,,,Upper middle income
Belarus,BLR,2018,1.448,4.87230220550689,4.763,8.369,20025.9815543598,,,Upper middle income
Belarus,BLR,2019,1.382,5.59815595039853,4.165,7.342,22301.5932411839,,,Upper middle income
Belarus,BLR,2020,1.369,5.5481435745651,4.049,10.096,24872.3066744528,,,Upper middle income
Belarus,BLR,2021,1.371,9.46028389623105,3.9,9.565,27611.1801135157,,,Upper middle income
Belarus,BLR,2022,1.326,15.2096752740809,3.574,9.797,28429.4948821827,,,Upper middle income
Belarus,BLR,2023,1.208,5.00059903091312,3.461,8.986,30834.1773668111,,,Upper middle income
Belarus,BLR,2024,1.217,5.78531910427998,3.458,8.936,33010.3307605357,,,Upper middle income
Belize,BLZ,2000,3.633,3.06743966930585,10.841,35.367,7543.73447178525,,,Upper middle income
Belize,BLZ,2001,3.526,3.65141786561502,9.07,30.994,7851.62162856677,,,Upper middle income
Belize,BLZ,2002,3.43,4.24026660688645,10.04,30.554,8153.66392623285,,,Upper middle income
Belize,BLZ,2003,3.335,2.31808274663101,10.342,32.201,8849.64628939549,,,Upper middle income
Belize,BLZ,2004,3.252,6.39443099742398,10.586,33.696,9244.91166156485,,,Upper middle income
Belize,BLZ,2005,3.173,-1.10431044411909,10.91,35.374,9466.1427445401,,,Upper middle income
Belize,BLZ,2006,3.021,-7.11376771265013,9.39,31.006,9909.68014440777,,,Upper middle income
Belize,BLZ,2007,2.885,2.3180827464202,8.51,27.058,10225.986730898,,,Upper middle income
Belize,BLZ,2008,2.78,6.39443100250033,8.18,25.949,9975.08124355363,,,Upper middle income
Belize,BLZ,2009,2.659,-1.10431044864355,8.323,26.307,9727.98868509362,,,Upper middle income
Belize,BLZ,2010,2.552,0.917977378808887,8.412,26.554,9747.8256219459,,,Upper middle income
Belize,BLZ,2011,2.531,1.602056156402,8.424,26.646,9721.88084559988,,,Upper middle income
Belize,BLZ,2012,2.51,1.30058074547858,8.378,26.604,9303.37857455225,,,Upper middle income
Belize,BLZ,2013,2.498,0.50974776898322,8.349,26.598,9525.83089030578,,,Upper middle income
Belize,BLZ,2014,2.474,1.20139964481057,8.244,29.421,9489.91221371385,,,Upper middle income
Belize,BLZ,2015,2.433,-0.861584009427747,7.578,26.018,9538.38691146009,,,Upper middle income
Belize,BLZ,2016,2.396,0.663427167917601,7.0,26.457,9399.03567052789,,,Upper middle income
Belize,BLZ,2017,2.368,1.14765339305816,6.596,25.911,9120.65338346029,,,Upper middle income
Belize,BLZ,2018,2.343,0.269982622646335,9.346,33.594,9497.23480443418,,,Upper middle income
Belize,BLZ,2019,2.142,0.187069385181424,9.053,29.847,10499.962073199,,,Upper middle income
Belize,BLZ,2020,2.04,0.121434644614893,10.763,34.499,9638.89513695889,,,Upper middle income
Belize,BLZ,2021,1.837,3.2356365923707,10.302,33.284,11716.3267818656,,,Upper middle income
Belize,BLZ,2022,1.949,6.27689319447543,8.682,28.685,13461.2098451613,,,Upper middle income
Belize,BLZ,2023,2.007,4.38984017487674,8.278,27.689,13729.892058721,,,Upper middle income
Belize,BLZ,2024,2.021,3.28955985952768,8.698,28.568,14346.5188049737,,,Upper middle income
Bermuda,BMU,2000,1.738,,,,54176.377748356,,,High income
Bermuda,BMU,2001,1.861,,,,59092.8759704678,,,High income
Bermuda,BMU,2002,1.815,,,,58862.6907986795,,,High income
Bermuda,BMU,2003,1.79,,,,61829.3240116897,,,High income
Bermuda,BMU,2004,1.76,,,,64790.2739198061,,,High income
Bermuda,BMU,2005,1.782,,,,67771.4683756141,,,High income
Bermuda,BMU,2006,1.79,,,,73590.1160702265,,,High income
Bermuda,BMU,2007,1.934,,,,77894.0646213844,,,High income
Bermuda,BMU,2008,1.86,,,,77556.4350038925,,,High income
Bermuda,BMU,2009,1.853,,,,73336.9875151545,,,High income
Bermuda,BMU,2010,1.767,,,,72188.6928304585,,,High income
Bermuda,BMU,2011,1.569,,,,70911.542318725,,,High income
Bermuda,BMU,2012,1.528,,,,69149.0500342682,,,High income
Bermuda,BMU,2013,1.522,,,,71519.6398526584,,,High income
Bermuda,BMU,2014,1.42,,,,71988.5383627822,,,High income
Bermuda,BMU,2015,1.44,,,,75943.4642970922,,,High income
Bermuda,BMU,2016,1.45,,,,80412.1834895484,,,High income
Bermuda,BMU,2017,1.419,,,,85680.9701917217,,,High income
Bermuda,BMU,2018,1.374,,,,85978.2177227009,,,High income
Bermuda,BMU,2019,1.383,,,,90984.4576708318,,,High income
Bermuda,BMU,2020,1.451,,,,85146.4006275696,,,High income
Bermuda,BMU,2021,1.389,,,,92319.6714861219,,,High income
Bermuda,BMU,2022,1.397,,,,105142.409967183,,,High income
Bermuda,BMU,2023,1.401,,,,114372.049927372,,,High income
Bermuda,BMU,2024,1.405,,,,124252.835702586,,,High income
Bolivia,BOL,2000,3.991,4.60822998872598,2.439,5.053,4113.04245150496,,,Lower middle income
Bolivia,BOL,2001,3.89,1.58965377879567,2.623,5.542,4204.93622748505,,,Lower middle income
Bolivia,BOL,2002,3.802,0.928258851611069,2.603,5.816,4303.83514661302,,,Lower middle income
Bolivia,BOL,2003,3.721,3.33727499671533,2.654,6.165,4432.92085269619,,,Lower middle income
Bolivia,BOL,2004,3.633,4.43738080101724,2.615,6.406,4662.97077714293,,,Lower middle income
Bolivia,BOL,2005,3.558,5.39323106890663,2.598,6.665,4937.86997682486,,,Lower middle income
Bolivia,BOL,2006,3.533,4.28239604802561,2.575,6.911,5244.16021230209,,,Lower middle income
Bolivia,BOL,2007,3.447,8.70560923578869,2.614,7.243,5536.56815653658,,,Lower middle income
Bolivia,BOL,2008,3.364,14.0068107702519,2.603,7.503,5889.94339081976,,,Lower middle income
Bolivia,BOL,2009,3.287,3.34645420142013,2.973,6.616,6024.05947397942,,,Lower middle income
Bolivia,BOL,2010,3.213,2.5032760584424,2.609,6.559,6245.33863197671,,,Lower middle income
Bolivia,BOL,2011,3.143,9.88446419823883,2.255,6.545,6597.96217604867,,,Lower middle income
Bolivia,BOL,2012,3.076,4.51560291399375,2.066,4.564,7183.82602452107,,,Lower middle income
Bolivia,BOL,2013,3.01,5.73640023719606,2.437,5.56,8068.72017230776,,,Lower middle income
Bolivia,BOL,2014,2.947,5.76660074579143,2.021,7.057,8628.94266128598,,,Lower middle income
Bolivia,BOL,2015,2.886,4.05961041135644,3.111,8.335,8757.31777115406,,,Lower middle income
Bolivia,BOL,2016,2.829,3.62321431764138,3.498,7.729,9242.02728323599,,,Lower middle income
Bolivia,BOL,2017,2.777,2.8227580554717,3.655,7.59,10420.3923250933,,,Lower middle income
Bolivia,BOL,2018,2.73,2.27205987230154,3.519,6.901,10758.4075594003,,,Lower middle income
Bolivia,BOL,2019,2.688,1.83954504969025,3.682,7.562,11005.3541169156,,,Lower middle income
Bolivia,BOL,2020,2.651,0.940742153381849,7.903,15.928,9580.98962081658,,,Lower middle income
Bolivia,BOL,2021,2.618,0.737383721452274,5.089,8.669,11202.4409836707,,,Lower middle income
Bolivia,BOL,2022,2.584,1.74632872945968,3.552,6.7,12306.7293128695,,,Lower middle income
Bolivia,BOL,2023,2.547,2.57688800489192,3.024,5.39,12892.1249578777,,,Lower middle income
Bolivia,BOL,2024,2.523,5.09976568317427,3.274,5.593,12877.6351184372,,,Lower middle income
Brazil,BRA,2000,2.247,7.04414105947265,10.889,25.632,9091.76851349271,,,Upper middle income
Brazil,BRA,2001,2.162,6.84035902487523,10.649,25.093,9303.64529208666,,,Upper middle income
Brazil,BRA,2002,2.081,8.45016437708331,10.641,25.89,9616.59485486268,,,Upper middle income
Brazil,BRA,2003,2.006,14.7149197228147,11.168,27.169,9801.9621245505,,,Upper middle income
Brazil,BRA,2004,1.973,6.59718509985963,10.072,25.754,10525.7113782454,,,Upper middle income
Brazil,BRA,2005,1.942,6.86953720898964,10.551,27.385,11081.2474735736,,,Upper middle income
Brazil,BRA,2006,1.896,4.18356812896909,9.692,25.552,11750.5312437668,,,Upper middle income
Brazil,BRA,2007,1.854,3.64127299102652,9.28,24.348,12672.5051158078,,,Upper middle income
Brazil,BRA,2008,1.815,5.67859390284168,8.268,22.817,13445.2454698442,,,Upper middle income
Brazil,BRA,2009,1.799,4.88803479876798,9.419,25.603,13390.6831313285,,,Upper middle income
Brazil,BRA,2010,1.786,5.03872690108074,8.42,23.572,14451.7158388109,,,Upper middle income
Brazil,BRA,2011,1.777,6.6364496221309,7.578,21.8,15211.7920390047,,,Upper middle income
Brazil,BRA,2012,1.766,5.40349914036997,7.251,19.85,15198.086330971,,,Upper middle income
Brazil,BRA,2013,1.761,6.204310666401,7.071,19.409,15722.3335243701,,,Upper middle income
Brazil,BRA,2014,1.775,6.32904015516138,6.755,18.897,15827.3081625749,,,Upper middle income
Brazil,BRA,2015,1.777,9.02990102416136,8.538,23.675,14821.4383175183,,,Upper middle income
Brazil,BRA,2016,1.727,8.73914352329393,11.58,30.996,14309.2061488342,,,Upper middle income
Brazil,BRA,2017,1.74,3.44637335032669,12.792,33.119,14559.0488897884,,,Upper middle income
Brazil,BRA,2018,1.744,3.66485028376728,12.329,32.231,15463.7426393743,,,Upper middle income
Brazil,BRA,2019,1.705,3.73297621216893,11.936,31.877,16069.838015161,,,Upper middle income
Brazil,BRA,2020,1.653,3.21176803803376,13.697,35.308,16101.6183062954,,,Upper middle income
Brazil,BRA,2021,1.638,8.30165975585673,13.158,33.539,18075.7060048757,,,Upper middle income
Brazil,BRA,2022,1.629,9.28010608956872,9.231,24.664,19876.8533531396,,,Upper middle income
Brazil,BRA,2023,1.619,4.59356282283203,7.947,20.909,21175.6186988214,,,Upper middle income
Brazil,BRA,2024,1.614,4.36746407652336,6.801,18.561,22338.4765640635,,,Upper middle income
Barbados,BRB,2000,1.933,2.43581303489138,9.35,23.869,15914.0847570681,,,High income
Barbados,BRB,2001,1.955,2.57783490431287,9.85,25.621,15865.5863558585,,,High income
Barbados,BRB,2002,1.862,0.125249458056019,10.32,25.635,16133.0792881949,,,High income
Barbados,BRB,2003,1.856,1.61943319838053,11.0,28.034,16706.5324853774,,,High income
Barbados,BRB,2004,1.797,1.39442231075691,9.57,23.886,17298.8922582212,,,High income
Barbados,BRB,2005,1.738,6.08218729535043,9.08,24.88,18449.8108853234,,,High income
Barbados,BRB,2006,1.702,7.3076626282894,8.73,22.817,20076.4851303968,,,High income
Barbados,BRB,2007,1.755,4.03422982885069,7.41,19.777,20949.3649138456,,,High income
Barbados,BRB,2008,1.756,8.10810810810779,8.12,22.298,21375.9007659025,,,High income
Barbados,BRB,2009,1.77,3.64386189258337,10.02,23.495,20323.6367022712,,,High income
Barbados,BRB,2010,1.785,5.82421853311866,10.69,24.826,20032.5818570838,,,High income
Barbados,BRB,2011,1.758,9.4322024017722,11.19,31.21,20316.2925356846,,,High income
Barbados,BRB,2012,1.731,4.53334753888774,11.59,32.482,19605.0169248071,,,High income
Barbados,BRB,2013,1.729,1.81410436049096,11.55,31.623,19032.4654071373,,,High income
Barbados,BRB,2014,1.727,1.76950322089728,12.17,37.456,18594.9001828335,,,High income
Barbados,BRB,2015,1.726,-1.11278992510958,9.803,29.697,19185.5186407924,,,High income
Barbados,BRB,2016,1.724,1.28192813061895,8.247,27.718,19175.570190422,,,High income
Barbados,BRB,2017,1.724,4.66018463955995,8.62,25.592,18436.8050803186,,,High income
Barbados,BRB,2018,1.72,3.1060057242059,8.321,24.053,19777.0593234662,,,High income
Barbados,BRB,2019,1.715,1.67662473276987,8.41,21.059,19971.1185698717,,,High income
Barbados,BRB,2020,1.708,,10.586,28.861,16555.3622145235,,,High income
Barbados,BRB,2021,1.709,,11.015,31.302,17682.7314537483,,,High income
Barbados,BRB,2022,1.712,,7.261,25.684,22193.2487125789,,,High income
Barbados,BRB,2023,1.708,3.18718905472631,6.54,17.077,23660.4047512929,,,High income
Barbados,BRB,2024,1.708,1.44643664306159,6.448,16.891,24822.5343309908,,,High income
Brunei Darussalam,BRN,2000,2.398,1.55815247634945,5.53,19.873,73086.9318257521,,,High income
Brunei Darussalam,BRN,2001,2.337,0.595890410958989,5.558,19.849,74253.881783985,,,High income
Brunei Darussalam,BRN,2002,2.264,-2.3149724245932,5.652,20.234,76838.1757652928,,,High income
Brunei Darussalam,BRN,2003,2.185,0.299999999999967,5.743,20.641,79632.1722336263,,,High income
Brunei Darussalam,BRN,2004,2.104,0.814223994682612,5.847,21.1,80403.7579093987,,,High income
Brunei Darussalam,BRN,2005,2.024,1.24443711883965,5.973,21.632,81534.17153993,,,High income
Brunei Darussalam,BRN,2006,1.969,0.15988807834512,6.061,22.075,86114.3370627638,,,High income
Brunei Darussalam,BRN,2007,1.933,0.967774119525101,6.187,22.542,83693.3213747729,,,High income
Brunei Darussalam,BRN,2008,1.918,2.08498023715415,6.312,22.962,80476.7247575811,,,High income
Brunei Darussalam,BRN,2009,1.921,1.03571774271613,6.457,23.503,77957.1442764098,,,High income
Brunei Darussalam,BRN,2010,1.937,0.35686913201756,6.487,23.812,79542.677943168,,,High income
Brunei Darussalam,BRN,2011,1.957,0.13791156316954,6.506,24.158,82735.3914480561,,,High income
Brunei Darussalam,BRN,2012,1.973,0.111766261400306,6.571,24.678,87256.0422369454,,,High income
Brunei Darussalam,BRN,2013,1.978,0.389205053123632,6.709,25.394,83237.1470879654,,,High income
Brunei Darussalam,BRN,2014,1.969,-0.207108731719822,6.862,26.112,81225.5485449793,,,High income
Brunei Darussalam,BRN,2015,1.947,-0.488347420743522,7.703,27.378,62707.8264437741,,,High income
Brunei Darussalam,BRN,2016,1.915,-0.278693265753083,8.537,28.547,56679.5185221407,,,High income
Brunei Darussalam,BRN,2017,1.881,-1.2605056462896,9.316,29.555,61657.6802725444,,,High income
Brunei Darussalam,BRN,2018,1.848,1.02505179290212,8.7,32.662,65148.8264035521,,,High income
Brunei Darussalam,BRN,2019,1.819,-0.390522069165529,6.6,24.104,69353.6799514849,,,High income
Brunei Darussalam,BRN,2020,1.796,1.94031996607183,7.409,33.323,69787.9632795717,,,High income
Brunei Darussalam,BRN,2021,1.778,1.73341388450593,4.905,22.956,78248.797127611,,,High income
Brunei Darussalam,BRN,2022,1.764,3.68225030604215,5.191,21.819,81801.7459224403,,,High income
Brunei Darussalam,BRN,2023,1.747,0.35706431153689,5.296,21.314,85032.6008741995,,,High income
Brunei Darussalam,BRN,2024,1.731,-0.38867416503646,5.18,21.196,89879.3614980758,,,High income
Bhutan,BTN,2000,3.378,4.01212081070342,1.655,6.047,3113.045439264,,,Lower middle income
Bhutan,BTN,2001,3.188,3.41478946111594,1.9,7.658,3338.49246893448,,,Lower middle income
Bhutan,BTN,2002,3.012,2.45535714285714,1.854,7.07,3662.80907177599,,,Lower middle income
Bhutan,BTN,2003,2.865,2.57230861693339,1.8,6.517,3942.28144580049,,,Lower middle income
Bhutan,BTN,2004,2.781,4.10593698272957,2.49,8.527,4172.78217119849,,,Lower middle income
Bhutan,BTN,2005,2.726,5.3126310463775,3.1,8.426,4523.35970644529,,,Lower middle income
Bhutan,BTN,2006,2.66,5.0004543802254,3.13,9.615,4860.27017151102,,,Lower middle income
Bhutan,BTN,2007,2.589,5.15611138758462,3.7,12.162,5728.91569471022,,,Lower middle income
Bhutan,BTN,2008,2.481,8.32716049382712,3.848,13.294,6035.21741147854,,,Lower middle income
Bhutan,BTN,2009,2.364,4.36112219119804,3.96,14.363,6466.0974491583,,,Lower middle income
Bhutan,BTN,2010,2.252,7.03638316073018,3.32,10.879,7245.77263522404,,,Lower middle income
Bhutan,BTN,2011,2.155,8.848985699468,3.23,11.244,7935.46760973088,,,Lower middle income
Bhutan,BTN,2012,2.068,10.919656944683,2.05,7.024,8577.40731901004,,,Lower middle income
Bhutan,BTN,2013,2.0,8.77638345268212,2.87,9.779,8666.91063590069,,,Lower middle income
Bhutan,BTN,2014,1.923,8.27106093949327,2.63,9.843,9323.39448941386,,,Lower middle income
Bhutan,BTN,2015,1.835,4.54814395082205,2.45,12.47,10213.8139608922,,,Lower middle income
Bhutan,BTN,2016,1.738,3.21988689395717,2.707,13.401,11273.2823807676,,,Lower middle income
Bhutan,BTN,2017,1.621,4.95508366985129,3.027,14.497,11677.4142659974,,,Lower middle income
Bhutan,BTN,2018,1.517,2.72396386183713,3.35,15.578,11969.5615003305,,,Lower middle income
Bhutan,BTN,2019,1.448,2.72643037388832,2.72,13.422,12909.1009840399,,,Lower middle income
Bhutan,BTN,2020,1.502,5.62936522632507,5.03,24.794,12475.048003428,,,Lower middle income
Bhutan,BTN,2021,1.488,7.3468144053353,4.803,23.992,13458.812666743,,,Lower middle income
Bhutan,BTN,2022,1.478,5.6391667139637,5.947,31.127,15063.8105763072,,,Lower middle income
Bhutan,BTN,2023,1.462,4.22934419929251,3.126,17.796,16215.1520073153,,,Lower middle income
Bhutan,BTN,2024,1.449,2.76131569624097,3.282,19.106,,,,Lower middle income
Botswana,BWA,2000,3.294,8.6014851485149,15.88,34.221,9380.37607253972,,,Upper middle income
Botswana,BWA,2001,3.248,6.55903767014861,18.54,45.575,9419.79390743785,,,Upper middle income
Botswana,BWA,2002,3.175,8.03279662527485,21.277,49.25,9957.74055935149,,,Upper middle income
Botswana,BWA,2003,3.106,9.18990265632739,23.8,52.305,10438.7580333449,,,Upper middle income
Botswana,BWA,2004,3.063,6.94570363654674,21.755,47.068,10818.1586503167,,,Upper middle income
Botswana,BWA,2005,3.082,8.61022528546439,19.852,42.263,11458.2270967968,,,Upper middle income
Botswana,BWA,2006,3.114,11.5552187914379,17.782,37.275,12562.9649932723,,,Upper middle income
Botswana,BWA,2007,3.127,7.08099847172692,16.976,37.556,13388.7379138475,,,Upper middle income
Botswana,BWA,2008,3.131,12.7021883920075,16.293,38.073,13810.355526136,,,Upper middle income
Botswana,BWA,2009,3.133,8.02729703109581,16.169,39.767,11686.1846639657,,,Upper middle income
Botswana,BWA,2010,3.135,6.94887658743103,17.86,42.305,12753.3066340117,,,Upper middle income
Botswana,BWA,2011,3.103,8.45987233408583,18.049,41.677,13635.4267666146,,,Upper middle income
Botswana,BWA,2012,3.07,7.53690261091916,17.916,40.285,12736.5833891004,,,Upper middle income
Botswana,BWA,2013,3.045,5.88460707056816,18.167,39.442,13621.1494726695,,,Upper middle income
Botswana,BWA,2014,3.027,4.40225309243427,18.484,38.628,15003.3197518349,,,Upper middle income
Botswana,BWA,2015,3.008,3.06203169580557,18.915,37.949,14143.6940733728,,,Upper middle income
Botswana,BWA,2016,2.99,2.81495791361943,19.328,37.211,16228.1231235664,,,Upper middle income
Botswana,BWA,2017,2.969,3.30828076768219,19.671,36.361,15700.6650479641,,,Upper middle income
Botswana,BWA,2018,2.941,3.23801558947715,19.665,35.012,15785.819633781,,,Upper middle income
Botswana,BWA,2019,2.906,2.7728644286332,20.094,34.301,15960.0156143903,,,Upper middle income
Botswana,BWA,2020,2.861,1.8903591682421,21.017,42.916,15292.2624673252,,,Upper middle income
Botswana,BWA,2021,2.827,7.24097765588442,23.106,49.149,17960.6254447437,,,Upper middle income
Botswana,BWA,2022,2.785,11.665567478802,23.615,49.44,19976.8343794474,,,Upper middle income
Botswana,BWA,2023,2.732,5.06761549343829,23.381,49.986,21012.10319925,,,Upper middle income
Botswana,BWA,2024,2.703,2.81835131676251,23.81,51.103,20538.1320178889,,,Upper middle income
Central African Republic,CAF,2000,5.851,3.20340091563112,5.722,11.589,639.836997022267,,,Low income
Central African Republic,CAF,2001,5.807,3.83486060237361,5.77,11.91,668.445939283473,,,Low income
Central African Republic,CAF,2002,5.785,2.33181703516234,5.809,11.95,688.18045108872,,,Low income
Central African Republic,CAF,2003,5.799,4.13470905150995,5.809,11.985,648.193215397331,,,Low income
Central African Republic,CAF,2004,5.784,-2.06640601136302,5.729,11.73,690.426514027755,,,Low income
Central African Republic,CAF,2005,5.812,2.88352073359021,5.691,11.661,702.460624591232,,,Low income
Central African Republic,CAF,2006,5.84,6.69526465773354,5.61,11.442,743.287480208983,,,Low income
Central African Republic,CAF,2007,5.867,0.959917619457109,5.562,11.34,783.355445280928,,,Low income
Central African Republic,CAF,2008,5.902,9.25895099417076,5.51,11.176,797.652806166077,,,Low income
Central African Republic,CAF,2009,5.936,3.52126227238642,5.575,11.307,877.252131104878,,,Low income
Central African Republic,CAF,2010,5.963,1.49102370047802,5.658,11.487,936.485497371468,,,Low income
Central African Republic,CAF,2011,6.009,1.1944757244985,5.638,11.347,980.185520951852,,,Low income
Central African Republic,CAF,2012,6.047,5.47829594346117,5.58,11.142,1062.06809941049,,,Low income
Central African Republic,CAF,2013,6.075,6.98879341970198,5.566,10.908,709.853481245446,,,Low income
Central African Republic,CAF,2014,6.099,14.8986841797549,5.633,10.756,698.963738923072,,,Low income
Central African Republic,CAF,2015,6.126,1.40297017136816,5.775,10.835,768.870887999174,,,Low income
Central African Republic,CAF,2016,6.126,4.94543276106518,5.793,10.764,826.013301383169,,,Low income
Central African Republic,CAF,2017,6.127,4.18072331871266,5.836,10.631,883.810734876066,,,Low income
Central African Republic,CAF,2018,6.108,1.61215686991555,5.825,10.414,905.817788941094,,,Low income
Central African Republic,CAF,2019,6.09,2.68537355266786,5.916,10.542,984.843183678857,,,Low income
Central African Republic,CAF,2020,6.059,1.71015659523152,6.519,12.008,1066.29005423151,,,Low income
Central African Republic,CAF,2021,6.052,4.25936417542868,6.701,11.969,1128.55237996459,,,Low income
Central African Republic,CAF,2022,6.023,5.58316735183246,6.287,11.227,1217.84977141155,,,Low income
Central African Republic,CAF,2023,6.012,2.97913852618936,6.181,11.003,1257.09435717114,,,Low income
Central African Republic,CAF,2024,5.954,1.47733600718743,6.253,11.196,1263.10234213699,,,Low income
Canada,CAN,2000,1.51,2.71943995691976,6.829,11.384,29347.7879802126,5.1,,High income
Canada,CAN,2001,1.54,2.52512013979905,7.219,11.088,30241.0326530827,4.7,,High income
Canada,CAN,2002,1.52,2.25839440940855,7.665,11.701,30963.9218856684,4.7,,High income
Canada,CAN,2003,1.55,2.75856321360112,7.574,11.787,32349.8829577427,4.7,,High income
Canada,CAN,2004,1.56,1.85725871857256,7.185,11.816,33929.2936832786,4.6,,High income
Canada,CAN,2005,1.58,2.21355203439767,6.758,10.59,36328.378994377,4.6,,High income
Canada,CAN,2006,1.63,2.00202539534161,6.484,10.313,38122.648589039,4.6,,High income
Canada,CAN,2007,1.67,2.13838399266837,6.156,9.834,39572.9304428478,4.5,,High income
Canada,CAN,2008,1.7,2.37027067444298,6.284,9.815,40376.0882836384,4.4,,High income
Canada,CAN,2009,1.69,0.299466803009299,8.46,12.062,38863.2485560636,4.4,,High income
Canada,CAN,2010,1.65,1.77687154092627,8.178,12.135,40103.1114399673,4.3,69.47,High income
Canada,CAN,2011,1.63,2.91213508872351,7.637,12.038,41666.8374590278,4.2,69.27,High income
Canada,CAN,2012,1.63,1.51567823124516,7.392,12.263,42291.9729357094,4.2,69.61,High income
Canada,CAN,2013,1.61,0.938291897815316,7.143,11.585,44301.0562529133,4.1,69.11,High income
Canada,CAN,2014,1.61,1.90663590717861,7.023,11.463,45758.1007297304,4.2,69.78,High income
Canada,CAN,2015,1.6,1.12524136094277,6.945,10.771,44668.0912814303,4.2,69.05,High income
Canada,CAN,2016,1.59,1.42875954701085,7.038,10.687,46470.6466391109,4.1,68.14,High income
Canada,CAN,2017,1.55,1.59688412852976,6.426,9.564,48317.3874457163,4.1,68.76,High income
Canada,CAN,2018,1.51,2.26822567248103,5.837,9.375,49982.5999118346,4.1,69.16,High income
Canada,CAN,2019,1.47,1.94926902411592,5.69,9.339,50498.9731057448,3.9,69.58,High income
Canada,CAN,2020,1.41,0.716999632307827,9.657,19.436,48590.6832121939,2.6,68.13,High income
Canada,CAN,2021,1.44,3.39519318527527,7.527,12.536,56995.1176781351,,68.12,High income
Canada,CAN,2022,1.34,6.80280115341612,5.279,8.92,63944.1050100687,,68.67,High income
Canada,CAN,2023,1.27,3.87900159788425,5.415,9.993,64219.3173928637,,,High income
Canada,CAN,2024,1.25,2.38158383281173,6.351,11.975,64610.3795171971,,,High income
Switzerland,CHE,2000,1.5,1.55852919679008,2.658,3.907,36703.066164663,5.5,,High income
Switzerland,CHE,2001,1.38,0.989020329832545,2.49,5.493,37818.9074517374,5.0,,High income
Switzerland,CHE,2002,1.39,0.642711506543277,2.924,3.926,38704.9584597242,5.5,,High income
Switzerland,CHE,2003,1.39,0.638272930887189,4.117,8.718,38732.3849513213,5.5,,High income
Switzerland,CHE,2004,1.42,0.802908730955226,4.316,7.36,40171.1805746279,5.3,,High income
Switzerland,CHE,2005,1.42,1.17195420333702,4.437,9.083,41524.8488732932,5.4,,High income
Switzerland,CHE,2006,1.44,1.05950928324804,3.995,7.463,46265.6820679271,5.3,,High income
Switzerland,CHE,2007,1.46,0.732350603122236,3.641,7.389,50927.630857566,5.3,,High income
Switzerland,CHE,2008,1.48,2.42604117060157,3.35,7.393,53808.7841127066,5.4,,High income
Switzerland,CHE,2009,1.5,-0.480481936423304,4.109,8.953,52998.98846352,5.4,,High income
Switzerland,CHE,2010,1.52,0.688238707219974,4.808,8.697,54426.2828092789,5.5,39.56,High income
Switzerland,CHE,2011,1.52,0.2313492076509,4.409,7.893,57493.5810559211,5.3,38.87,High income
Switzerland,CHE,2012,1.52,-0.692552018105163,4.491,8.002,59440.9158607666,5.3,40.16,High income
Switzerland,CHE,2013,1.52,-0.217323155115672,4.747,8.776,61656.4661708516,4.9,39.78,High income
Switzerland,CHE,2014,1.54,-0.0132025387515945,4.826,8.56,63417.0438110319,5.1,40.27,High income
Switzerland,CHE,2015,1.54,-1.14390867228178,4.801,8.394,65265.04573356,5.0,38.4,High income
Switzerland,CHE,2016,1.54,-0.434618664285814,4.918,8.402,67350.7518747757,5.0,37.35,High income
Switzerland,CHE,2017,1.52,0.533787839825876,4.797,7.976,68193.5055940262,4.8,,High income
Switzerland,CHE,2018,1.52,0.936335464113572,4.713,7.45,70688.8187491194,4.8,37.97,High income
Switzerland,CHE,2019,1.48,0.362886179940674,4.394,7.161,73732.2353322093,4.5,37.44,High income
Switzerland,CHE,2020,1.46,-0.725874933313402,4.817,8.006,72997.8239503282,4.1,37.96,High income
Switzerland,CHE,2021,1.52,0.581814168489855,5.013,8.282,81001.4111206118,4.2,37.54,High income
Switzerland,CHE,2022,1.39,2.83502798644451,4.122,6.817,94421.4576550424,4.7,38.07,High income
Switzerland,CHE,2023,1.33,2.13540088016386,4.043,7.602,95141.5960943632,,38.2,High income
Switzerland,CHE,2024,1.29,1.06234041976594,4.343,8.47,96497.6947971323,,,High income
Channel Islands,CHI,2000,1.49,,5.351,11.689,,,,High income
Channel Islands,CHI,2001,1.48,,5.041,11.238,,,,High income
Channel Islands,CHI,2002,1.47,,5.313,11.266,,,,High income
Channel Islands,CHI,2003,1.51,,5.644,12.941,,,,High income
Channel Islands,CHI,2004,1.5,,5.848,13.69,,,,High income
Channel Islands,CHI,2005,1.46,,5.833,14.134,,,,High income
Channel Islands,CHI,2006,1.47,,5.571,13.375,,,,High income
Channel Islands,CHI,2007,1.53,,5.23,12.156,,,,High income
Channel Islands,CHI,2008,1.56,,5.295,12.424,,,,High income
Channel Islands,CHI,2009,1.57,,6.674,15.322,,,,High income
Channel Islands,CHI,2010,1.58,,7.024,16.277,,,,High income
Channel Islands,CHI,2011,1.59,,7.244,17.77,,,,High income
Channel Islands,CHI,2012,1.58,,8.028,19.769,,,,High income
Channel Islands,CHI,2013,1.56,,8.572,20.771,,,,High income
Channel Islands,CHI,2014,1.54,,8.319,19.835,,,,High income
Channel Islands,CHI,2015,1.5,,7.928,18.134,,,,High income
Channel Islands,CHI,2016,1.46,,7.469,17.502,,,,High income
Channel Islands,CHI,2017,1.41,,6.881,15.609,,,,High income
Channel Islands,CHI,2018,1.37,,6.344,13.602,,,,High income
Channel Islands,CHI,2019,1.35,,6.185,13.444,,,,High income
Channel Islands,CHI,2020,1.33,,6.633,15.498,,,,High income
Channel Islands,CHI,2021,1.36,,6.643,15.804,,,,High income
Channel Islands,CHI,2022,1.37,,5.923,13.343,,,,High income
Channel Islands,CHI,2023,1.37,,5.928,13.283,,,,High income
Channel Islands,CHI,2024,1.37,,6.031,13.543,,,,High income
Chile,CHL,2000,2.046,3.84327295706565,10.491,31.13,9375.65991088758,4.4,,High income
Chile,CHL,2001,2.007,3.56910053001466,10.39,29.569,9775.51016241925,4.1,,High income
Chile,CHL,2002,1.934,2.48939816650705,10.168,30.707,10132.9107703924,3.9,,High income
Chile,CHL,2003,1.885,2.8101787574361,9.765,31.626,10708.3644963118,3.6,,High income
Chile,CHL,2004,1.844,1.05473871403516,10.162,31.339,11612.4368780779,3.3,,High income
Chile,CHL,2005,1.825,3.05257621387849,9.34,30.385,12550.4348007645,3.3098,,High income
Chile,CHL,2006,1.798,3.39201733699405,9.024,27.717,15510.7700739452,3.5389858035,,High income
Chile,CHL,2007,1.826,4.40779938398044,8.427,26.871,16697.5160217416,3.4818497616,,High income
Chile,CHL,2008,1.85,8.71626873039607,9.285,29.521,16375.9648536011,3.3,,High income
Chile,CHL,2009,1.855,0.353045178360936,11.313,31.272,15951.3304877878,3.3,,High income
Chile,CHL,2010,1.844,1.4107110795432,8.547,21.94,17917.8951217097,3.5311237242,,High income
Chile,CHL,2011,1.823,3.34121694259302,7.492,21.473,20121.6834214209,3.7550040728,65.47,High income
Chile,CHL,2012,1.798,3.00744840213047,6.79,19.568,21366.1771264909,3.6535817924872624,,High income
Chile,CHL,2013,1.786,1.7895555398459,6.361,19.789,22201.0660684337,3.484997004522397,64.61,High income
Chile,CHL,2014,1.774,4.71867527854671,6.761,19.828,22553.6161787372,3.640372827872905,,High income
Chile,CHL,2015,1.737,4.34877353217044,6.605,18.341,22468.3125745547,3.4290016881213448,63.63,High income
Chile,CHL,2016,1.686,3.78619355893118,6.926,17.712,23256.5036042211,3.43361907980504,,High income
Chile,CHL,2017,1.563,2.18271846868519,7.257,19.684,24295.223766602,3.3291362618,60.39,High income
Chile,CHL,2018,1.543,2.43488981353057,7.623,20.638,25305.0903462611,3.3697208289,,High income
Chile,CHL,2019,1.43,2.55754475703326,7.493,19.884,25611.7578269458,3.2,,High income
Chile,CHL,2020,1.307,3.04549084804326,10.934,26.024,25350.8635082972,1.9,61.77,High income
Chile,CHL,2021,1.176,4.52456838259143,9.281,22.594,29089.850459728,2.7,,High income
Chile,CHL,2022,1.255,11.6438667110559,8.249,19.879,30932.0010873677,,57.02,High income
Chile,CHL,2023,1.167,7.58168251407962,9.013,24.323,33145.403552025,,,High income
Chile,CHL,2024,1.14,4.29763891572524,8.718,23.621,36181.156616977,,,High income
China,CHN,2000,1.628,0.347811226864586,3.26,6.013,2963.53238602023,,,Upper middle income
China,CHN,2001,1.563,0.719125609120113,3.8,7.031,3258.40210660305,,,Upper middle income
China,CHN,2002,1.566,-0.731970902350243,4.24,7.847,3590.7659594167,,,Upper middle income
China,CHN,2003,1.57,1.12760348729637,4.58,8.471,4007.11604605423,,,Upper middle income
China,CHN,2004,1.605,3.82463743108159,4.49,8.306,4504.92937237596,,,Upper middle income
China,CHN,2005,1.624,1.7764140766757,4.52,8.366,5148.18273933805,,,Upper middle income
China,CHN,2006,1.644,1.64943099455859,4.43,8.226,5946.28682830185,,,Upper middle income
China,CHN,2007,1.666,4.81676767378834,4.35,8.141,6935.26580584434,,,Upper middle income
China,CHN,2008,1.701,5.92525137041091,4.59,8.661,7712.84608425069,,,Upper middle income
China,CHN,2009,1.714,-0.728165250932898,4.72,8.977,8447.98281469227,,,Upper middle income
China,CHN,2010,1.687,3.17532475269199,4.53,8.698,9411.13821903204,9.3,,Upper middle income
China,CHN,2011,1.668,5.55389892257493,4.55,8.851,10456.7916826113,9.3,,Upper middle income
China,CHN,2012,1.798,2.6195243264554,4.58,9.026,11420.2527051141,9.6,,Upper middle income
China,CHN,2013,1.714,2.62105001748114,4.6,9.187,12228.3736084197,,,Upper middle income
China,CHN,2014,1.769,1.9216416278852,4.63,9.372,12941.5964809146,,,Upper middle income
China,CHN,2015,1.67,1.43702380935654,4.65,9.542,13463.3331511105,,,Upper middle income
China,CHN,2016,1.772,2.00000182191943,4.56,9.46,14157.2514988004,,,Upper middle income
China,CHN,2017,1.795,1.59313600071435,4.47,9.342,15022.4371883124,,,Upper middle income
China,CHN,2018,1.539,2.07479039965576,4.31,8.672,16298.2050619109,,,Upper middle income
China,CHN,2019,1.496,2.89923416358226,4.56,9.582,17600.8907568493,,,Upper middle income
China,CHN,2020,1.236,2.41942189457782,5.0,11.36,18267.4783455827,,,Upper middle income
China,CHN,2021,1.117,0.981015135544881,4.55,11.141,20843.2978347377,,,Upper middle income
China,CHN,2022,1.034,1.9735755573905,4.98,13.153,23032.1766271143,,,Upper middle income
China,CHN,2023,0.999,0.23483682889305,4.67,13.935,25179.1193066383,,,Upper middle income
China,CHN,2024,1.013,0.218128938439177,4.59,13.461,27104.8702677463,,,Upper middle income
Cote d'Ivoire,CIV,2000,5.773,2.53077516737996,4.835,6.195,3040.57593185363,,,Lower middle income
Cote d'Ivoire,CIV,2001,5.704,4.36152914007256,5.195,6.602,2961.76287274216,,,Lower middle income
Cote d'Ivoire,CIV,2002,5.641,3.07726485157427,5.508,6.967,2851.03041356835,,,Lower middle income
Cote d'Ivoire,CIV,2003,5.572,3.29680746974208,5.847,7.351,2701.74168487851,,,Lower middle income
Cote d'Ivoire,CIV,2004,5.527,1.45798835600741,5.915,7.515,2794.17325719366,,,Lower middle income
Cote d'Ivoire,CIV,2005,5.499,3.88583039886481,6.023,7.708,2841.82308798173,,,Lower middle income
Cote d'Ivoire,CIV,2006,5.448,2.46719148596914,6.017,7.805,2941.82141168912,,,Lower middle income
Cote d'Ivoire,CIV,2007,5.403,1.89200629349597,6.284,8.126,2984.53472161562,,,Lower middle income
Cote d'Ivoire,CIV,2008,5.357,6.30852769152578,6.382,8.305,3115.83789187745,,,Lower middle income
Cote d'Ivoire,CIV,2009,5.332,1.01950457731137,6.573,8.565,3176.63242420617,,,Lower middle income
Cote d'Ivoire,CIV,2010,5.292,1.22645612135479,6.607,8.7,3360.54408826055,,,Lower middle income
Cote d'Ivoire,CIV,2011,5.244,4.9124339505245,7.144,9.273,3175.9192237076,,,Lower middle income
Cote d'Ivoire,CIV,2012,5.19,1.30451119915606,7.223,9.47,3290.72306949457,,,Lower middle income
Cote d'Ivoire,CIV,2013,5.135,2.58117037252935,4.255,7.367,3619.01790854865,,,Lower middle income
Cote d'Ivoire,CIV,2014,5.071,0.448682076766141,3.274,5.742,4074.21445539789,,,Lower middle income
Cote d'Ivoire,CIV,2015,4.97,1.25149954781467,2.573,4.397,4403.64296618998,,,Lower middle income
Cote d'Ivoire,CIV,2016,4.873,0.723178457513308,1.896,3.045,4530.64849808487,,,Lower middle income
Cote d'Ivoire,CIV,2017,4.757,0.685881065304603,3.272,6.308,4690.17801861096,,,Lower middle income
Cote d'Ivoire,CIV,2018,4.596,0.401297817263547,2.852,5.648,4945.62520575915,,,Lower middle income
Cote d'Ivoire,CIV,2019,4.523,0.79085551205366,2.401,4.938,5516.39055126829,,,Lower middle income
Cote d'Ivoire,CIV,2020,4.461,2.41252617189052,2.588,5.669,5543.85096318939,,,Lower middle income
Cote d'Ivoire,CIV,2021,4.411,4.15919657911797,2.623,5.421,6045.20480490879,,,Lower middle income
Cote d'Ivoire,CIV,2022,4.349,5.23352856100842,2.31,4.775,6719.44381557637,,,Lower middle income
Cote d'Ivoire,CIV,2023,4.283,4.36972254867474,2.263,4.703,7237.18170740909,,,Lower middle income
Cote d'Ivoire,CIV,2024,4.23,3.45053028131018,2.273,4.7,7669.23195715687,,,Lower middle income
Cameroon,CMR,2000,5.514,1.22719012976132,7.533,9.502,2108.49454959751,,,Lower middle income
Cameroon,CMR,2001,5.441,4.41977245881145,7.46,9.6,2190.89640724166,,,Lower middle income
Cameroon,CMR,2002,5.435,2.83442260128066,6.711,8.874,2263.05519674356,,,Lower middle income
Cameroon,CMR,2003,5.432,0.623163557374316,5.908,8.098,2368.10119477369,,,Lower middle income
Cameroon,CMR,2004,5.436,0.233647380067583,5.087,7.299,2532.64744424214,,,Lower middle income
Cameroon,CMR,2005,5.421,2.01353950175986,4.4,6.633,2597.68039893219,,,Lower middle income
Cameroon,CMR,2006,5.369,5.11757816019469,3.729,5.826,2704.43739800377,,,Lower middle income
Cameroon,CMR,2007,5.343,0.921402245650095,3.063,5.029,2817.7222811838,,,Lower middle income
Cameroon,CMR,2008,5.294,5.33780627627498,3.386,5.814,2870.44106866605,,,Lower middle income
Cameroon,CMR,2009,5.236,3.04361847939999,3.743,6.667,2878.95143886138,,,Lower middle income
Cameroon,CMR,2010,5.154,1.27538046242338,4.11,7.566,2913.94292755606,,,Lower middle income
Cameroon,CMR,2011,5.052,2.93969946305091,3.988,7.386,2988.8172872551,,,Lower middle income
Cameroon,CMR,2012,4.982,2.73529677529539,3.836,7.169,3059.64226568251,,,Lower middle income
Cameroon,CMR,2013,4.905,2.0503471800174,3.686,6.954,3238.86829843733,,,Lower middle income
Cameroon,CMR,2014,4.844,1.85489850366776,3.534,6.735,3422.26128158344,,,Lower middle income
Cameroon,CMR,2015,4.841,2.67623531419899,3.518,6.769,3497.66067563959,,,Lower middle income
Cameroon,CMR,2016,4.842,0.874190383288856,3.529,6.839,3626.99932028578,,,Lower middle income
Cameroon,CMR,2017,4.804,0.64040914988195,3.573,6.949,3767.43072883824,,,Lower middle income
Cameroon,CMR,2018,4.74,1.0688581131292,3.608,7.05,4010.76360069526,,,Lower middle income
Cameroon,CMR,2019,4.651,2.45280214062732,3.632,7.137,4241.11174920592,,,Lower middle income
Cameroon,CMR,2020,4.557,2.43760882182236,3.881,8.213,4365.44704128392,,,Lower middle income
Cameroon,CMR,2021,4.468,2.27185762503637,3.976,7.894,4793.55628200196,,,Lower middle income
Cameroon,CMR,2022,4.397,6.24767713343861,3.646,7.253,5188.97750866081,,,Lower middle income
Cameroon,CMR,2023,4.322,7.38281384280983,3.607,7.206,5410.76921937642,,,Lower middle income
Cameroon,CMR,2024,4.261,4.53331349711606,3.603,7.202,5588.98645861945,,,Lower middle income
"Congo, Dem. Rep.",COD,2000,6.702,513.906843747535,3.245,4.076,416.548214460226,,,Low income
"Congo, Dem. Rep.",COD,2001,6.663,359.936614264585,3.251,4.075,403.983196706619,,,Low income
"Congo, Dem. Rep.",COD,2002,6.606,31.5225826025495,3.179,4.008,409.641833781142,,,Low income
"Congo, Dem. Rep.",COD,2003,6.549,12.8739657187404,3.057,3.899,428.332470700597,,,Low income
"Congo, Dem. Rep.",COD,2004,6.53,3.9943840081597,2.976,3.822,455.866557396548,,,Low income
"Congo, Dem. Rep.",COD,2005,6.526,21.316816722934,2.948,3.793,483.910024827321,,,Low income
"Congo, Dem. Rep.",COD,2006,6.547,13.0526949745101,3.174,4.186,508.4008175183,,,Low income
"Congo, Dem. Rep.",COD,2007,6.559,16.9451006541949,3.404,4.583,549.827650078763,,,Low income
"Congo, Dem. Rep.",COD,2008,6.58,17.3013845700156,3.627,4.977,584.020810311472,,,Low income
"Congo, Dem. Rep.",COD,2009,6.591,2.79999999999981,3.882,5.401,572.959249024865,,,Low income
"Congo, Dem. Rep.",COD,2010,6.587,7.10000000000037,4.098,5.791,605.785160280927,,,Low income
"Congo, Dem. Rep.",COD,2011,6.582,15.316515913949,4.317,6.183,643.764679093976,,,Low income
"Congo, Dem. Rep.",COD,2012,6.559,9.72182806273364,4.485,6.532,647.801733284929,,,Low income
"Congo, Dem. Rep.",COD,2013,6.527,0.80822310148711,4.469,6.471,760.64987993962,,,Low income
"Congo, Dem. Rep.",COD,2014,6.483,1.24303889760802,4.436,6.394,859.356816141236,,,Low income
"Congo, Dem. Rep.",COD,2015,6.437,0.74419899478147,4.441,6.354,910.393131638657,,,Low income
"Congo, Dem. Rep.",COD,2016,6.392,2.88585107289988,4.528,6.399,950.022298158597,,,Low income
"Congo, Dem. Rep.",COD,2017,6.349,,4.613,6.444,990.545051394781,,,Low income
"Congo, Dem. Rep.",COD,2018,6.302,,4.632,6.421,1048.86502855672,,,Low income
"Congo, Dem. Rep.",COD,2019,6.253,,4.605,6.354,1056.17206659241,,,Low income
"Congo, Dem. Rep.",COD,2020,6.206,,5.355,7.567,1088.7890035637,,,Low income
"Congo, Dem. Rep.",COD,2021,6.156,,5.289,7.235,1402.38560295221,,,Low income
"Congo, Dem. Rep.",COD,2022,6.106,,4.54,6.301,1590.16404219556,,,Low income
"Congo, Dem. Rep.",COD,2023,6.051,,4.469,6.239,1730.62228877694,,,Low income
"Congo, Dem. Rep.",COD,2024,5.981,,4.421,6.196,1821.04868718058,,,Low income
"Congo, Rep.",COG,2000,4.724,-0.88199151702543,19.872,38.501,3667.42487266336,,,Lower middle income
"Congo, Rep.",COG,2001,4.67,0.0559899218140582,19.88,38.709,3748.44674931557,,,Lower middle income
"Congo, Rep.",COG,2002,4.697,4.37875971780872,19.644,38.394,3888.16402343345,,,Lower middle income
"Congo, Rep.",COG,2003,4.696,-0.631844987363156,19.877,38.873,3886.99206795632,,,Lower middle income
"Congo, Rep.",COG,2004,4.69,2.42976607961799,19.896,39.022,3991.51124729764,,,Lower middle income
"Congo, Rep.",COG,2005,4.669,3.09449011456181,19.796,38.982,4278.92538741319,,,Lower middle income
"Congo, Rep.",COG,2006,4.651,6.53784395299603,19.563,38.725,4588.10924898465,,,Lower middle income
"Congo, Rep.",COG,2007,4.649,2.65464645060702,19.909,39.402,4242.61126846002,,,Lower middle income
"Congo, Rep.",COG,2008,4.726,4.95875092023151,19.962,39.559,4448.33261714253,,,Lower middle income
"Congo, Rep.",COG,2009,4.808,4.41500374795223,19.844,39.475,4800.90159806602,,,Lower middle income
"Congo, Rep.",COG,2010,4.851,0.391525011227612,19.3,38.676,5125.06991343643,,,Lower middle income
"Congo, Rep.",COG,2011,4.826,1.75958704273803,19.435,38.955,5175.20439089036,,,Lower middle income
"Congo, Rep.",COG,2012,4.785,5.01018773134471,19.491,39.081,6058.06449417412,,,Lower middle income
"Congo, Rep.",COG,2013,4.731,4.63161619729461,19.845,39.684,5833.86336651436,,,Lower middle income
"Congo, Rep.",COG,2014,4.665,0.912139545450097,19.696,39.444,5733.18393561256,,,Lower middle income
"Congo, Rep.",COG,2015,4.607,3.16909796750829,20.02,39.998,4715.13431581624,,,Lower middle income
"Congo, Rep.",COG,2016,4.546,3.19056179723773,20.298,40.457,4016.04908525318,,,Lower middle income
"Congo, Rep.",COG,2017,4.496,0.450063823285546,20.737,41.184,4444.63900215824,,,Lower middle income
"Congo, Rep.",COG,2018,4.442,1.15277896375523,20.84,41.35,5593.19370578686,,,Lower middle income
"Congo, Rep.",COG,2019,4.38,2.20607305781525,20.494,40.771,5719.59977338291,,,Lower middle income
"Congo, Rep.",COG,2020,4.329,1.79537147083107,22.286,45.695,4770.96449758365,,,Lower middle income
"Congo, Rep.",COG,2021,4.28,1.7156427545126,21.998,43.492,6263.21161292636,,,Lower middle income
"Congo, Rep.",COG,2022,4.215,3.04344334698477,20.131,40.144,6647.4968173139,,,Lower middle income
"Congo, Rep.",COG,2023,4.157,4.30174563591016,19.919,39.725,6850.27770621099,,,Lower middle income
"Congo, Rep.",COG,2024,4.109,3.09143630919166,19.895,39.608,7026.36223281494,,,Lower middle income
Colombia,COL,2000,2.574,9.22534818585365,20.52,44.807,6775.93064418811,,,Upper middle income
Colombia,COL,2001,2.522,7.96556090304834,15.04,34.871,6934.88284338593,,,Upper middle income
Colombia,COL,2002,2.489,6.35150728778872,14.481,33.689,7108.8239028593,,,Upper middle income
Colombia,COL,2003,2.45,7.1297886294186,13.221,32.281,7420.46008365281,,,Upper middle income
Colombia,COL,2004,2.384,5.90402005546502,13.717,33.877,7909.34635155695,,,Upper middle income
Colombia,COL,2005,2.309,5.05101962689695,11.062,29.677,8432.33329078314,,,Upper middle income
Colombia,COL,2006,2.241,4.29342363628926,11.088,29.139,9154.08926196511,,,Upper middle income
Colombia,COL,2007,2.195,5.54438485815155,11.204,28.748,9909.29031403767,,,Upper middle income
Colombia,COL,2008,2.155,6.9968849555451,11.273,29.784,10307.0649878854,,,Upper middle income
Colombia,COL,2009,2.096,4.20251661216481,12.066,30.942,10367.3489557519,,,Upper middle income
Colombia,COL,2010,2.01,2.27200227892008,11.153,28.945,10841.1279801312,,48.29,Upper middle income
Colombia,COL,2011,1.938,3.4150334477625,10.288,27.497,11707.4614624747,0.8007236288137235,47.77,Upper middle income
Colombia,COL,2012,1.899,3.16930188840055,9.959,26.407,12093.0754939172,1.4568987564097695,43.31,Upper middle income
Colombia,COL,2013,1.86,2.01699224310383,9.246,24.872,12779.8865818318,1.3954685979349926,43.38,Upper middle income
Colombia,COL,2014,1.822,2.89883787761737,8.799,23.562,13355.3624162195,1.3991502248960996,41.44,Upper middle income
Colombia,COL,2015,1.771,4.98983115849529,8.572,23.212,13332.0555048211,1.331337485391333,40.51,Upper middle income
Colombia,COL,2016,1.719,7.51346024627674,8.922,23.563,14026.8399931053,1.26844938022522,40.39,Upper middle income
Colombia,COL,2017,1.717,4.3143132569501,9.086,24.036,14400.6139849314,1.2021518713256043,39.22,Upper middle income
Colombia,COL,2018,1.715,3.24056932930569,9.36,24.974,15239.4049488277,1.1508352490175429,38.38,Upper middle income
Colombia,COL,2019,1.71,3.52301932741446,10.28,26.182,16181.5908990662,1.125867745964534,38.21,Upper middle income
Colombia,COL,2020,1.694,2.52663500084706,15.983,35.191,15519.2101694656,0.8472504390784311,37.02,Upper middle income
Colombia,COL,2021,1.68,3.49505757399448,13.898,32.09,17383.0901728295,1.2174024053789851,35.47,Upper middle income
Colombia,COL,2022,1.663,10.1772313546166,10.541,26.45,20854.002999162,1.39,37.18,Upper middle income
Colombia,COL,2023,1.645,11.7359044948689,9.591,23.75,21246.3762695201,,36.16,Upper middle income
Colombia,COL,2024,1.634,6.60908593728228,9.619,23.976,22349.436440123,,35.91,Upper middle income
Comoros,COM,2000,5.227,,4.4,8.333,1740.64947132869,,,Lower middle income
Comoros,COM,2001,5.195,5.55459394816812,4.379,8.314,1838.1071436353,,,Lower middle income
Comoros,COM,2002,5.155,3.53304214308077,4.372,8.307,1911.61256823567,,,Lower middle income
Comoros,COM,2003,5.115,3.799081366719,4.559,8.557,1949.13816081274,,,Lower middle income
Comoros,COM,2004,5.065,4.47499289078106,4.571,8.606,2024.8526447402,,,Lower middle income
Comoros,COM,2005,5.012,3.0133239505812,4.527,8.65,2162.0719557682,,,Lower middle income
Comoros,COM,2006,4.934,3.37436360121204,4.482,8.702,2145.92066953414,,,Lower middle income
Comoros,COM,2007,4.859,4.46616710098131,4.474,8.81,2177.9281684323,,,Lower middle income
Comoros,COM,2008,4.805,1.7007817628453,4.416,8.863,2262.49853000291,,,Lower middle income
Comoros,COM,2009,4.778,4.36234829325719,4.303,8.849,2303.94782891469,,,Lower middle income
Comoros,COM,2010,4.755,3.35475770328919,4.19,8.839,2372.41233989712,,,Lower middle income
Comoros,COM,2011,4.722,1.8426630075619,4.12,8.894,2471.78724731502,,,Lower middle income
Comoros,COM,2012,4.652,6.31474450315177,4.091,9.012,2678.70262820599,,,Lower middle income
Comoros,COM,2013,4.572,-4.29487331536756,3.98,9.016,2832.53121548146,,,Lower middle income
Comoros,COM,2014,4.489,7.54755379096711,3.984,9.195,2937.61192894981,,,Lower middle income
Comoros,COM,2015,4.42,-0.117173884190069,4.031,9.357,2949.47342240993,,,Lower middle income
Comoros,COM,2016,4.348,0.797517430888487,4.117,9.586,3139.05160740465,,,Lower middle income
Comoros,COM,2017,4.278,-0.237362224154613,4.049,9.591,3347.45652997484,,,Lower middle income
Comoros,COM,2018,4.208,2.15155084413033,3.975,9.587,3276.00936695332,,,Lower middle income
Comoros,COM,2019,4.138,3.58213544469211,3.926,9.618,3293.05601748495,,,Lower middle income
Comoros,COM,2020,4.071,0.786641929499151,4.468,11.543,3244.8867496847,,,Lower middle income
Comoros,COM,2021,3.999,-0.0044179368234698,4.394,10.851,3377.88518482587,,,Lower middle income
Comoros,COM,2022,3.935,12.5320314570998,3.879,9.735,3641.62920390353,,,Lower middle income
Comoros,COM,2023,3.878,8.37373955490995,3.833,9.676,3811.65084882413,,,Lower middle income
Comoros,COM,2024,3.822,5.05192609588218,3.815,9.657,3958.53228789687,,,Lower middle income
Cabo Verde,CPV,2000,3.545,-2.47745668519835,13.024,23.939,3124.49488355024,,,Upper middle income
Cabo Verde,CPV,2001,3.366,3.34996472317894,13.242,24.498,3216.64651196602,,,Upper middle income
Cabo Verde,CPV,2002,3.192,1.88453410076764,13.379,24.944,3388.44814452274,,,Upper middle income
Cabo Verde,CPV,2003,3.033,1.18817038620528,13.604,25.531,3551.4638434881,,,Upper middle income
Cabo Verde,CPV,2004,2.9,-1.8908217230618,13.456,25.533,3968.65691704088,,,Upper middle income
Cabo Verde,CPV,2005,2.726,0.41889161285517,13.439,25.738,4324.20232454639,,,Upper middle income
Cabo Verde,CPV,2006,2.555,5.36907687065548,13.378,25.871,4758.37704995678,,,Upper middle income
Cabo Verde,CPV,2007,2.409,4.41099704193488,13.294,25.964,5566.76949101583,,,Upper middle income
Cabo Verde,CPV,2008,2.298,6.77443546371142,13.307,26.216,6010.85136847472,,,Upper middle income
Cabo Verde,CPV,2009,2.246,0.991103480568084,13.517,26.789,5900.66086529142,,,Upper middle income
Cabo Verde,CPV,2010,2.329,2.07866470906423,10.67,22.281,6038.58525655665,,,Upper middle income
Cabo Verde,CPV,2011,2.329,4.47388342165023,10.956,23.839,6384.22844090415,,,Upper middle income
Cabo Verde,CPV,2012,2.153,2.54039644167108,11.145,25.364,6318.06108723364,,,Upper middle income
Cabo Verde,CPV,2013,2.067,1.50654285701407,11.398,27.148,6367.28001322501,,,Upper middle income
Cabo Verde,CPV,2014,2.031,-0.238778144990623,11.689,29.16,6416.83301150977,,,Upper middle income
Cabo Verde,CPV,2015,1.968,0.131187999024544,11.923,31.233,6773.48679969386,,,Upper middle income
Cabo Verde,CPV,2016,1.966,-1.40781637091705,12.085,33.335,7350.75358726727,,,Upper middle income
Cabo Verde,CPV,2017,1.93,0.784415251101334,12.24,35.589,7935.76176281072,,,Upper middle income
Cabo Verde,CPV,2018,1.804,1.25615185860785,12.17,32.021,7916.42115326174,,,Upper middle income
Cabo Verde,CPV,2019,1.698,1.10750930553819,12.123,33.502,8645.75646859343,,,Upper middle income
Cabo Verde,CPV,2020,1.591,0.6057961856899,14.65,41.831,6852.57669930355,,,Upper middle income
Cabo Verde,CPV,2021,1.554,1.86215256793885,13.932,38.05,7685.41921393669,,,Upper middle income
Cabo Verde,CPV,2022,1.533,7.93092928079189,12.239,34.48,9481.07335405605,,,Upper middle income
Cabo Verde,CPV,2023,1.522,3.72437535861454,11.882,33.634,10242.1532011212,,,Upper middle income
Cabo Verde,CPV,2024,1.511,1.0481698336865,11.883,33.582,11195.1205312923,,,Upper middle income
Costa Rica,CRI,2000,2.413,10.9615496593622,5.08,14.448,7879.47794966682,6.310381631407706,,High income
Costa Rica,CRI,2001,2.312,11.2556157091171,6.051,16.47,8190.07440941864,6.017615754365933,,High income
Costa Rica,CRI,2002,2.162,9.16752048509118,6.396,17.525,8460.65229565223,5.94814429383624,,High income
Costa Rica,CRI,2003,2.084,9.44758091616983,6.654,18.344,8862.9941209874,5.982764801824587,,High income
Costa Rica,CRI,2004,2.028,12.3148150178852,6.445,18.611,9365.32775360615,6.11056877906404,,High income
Costa Rica,CRI,2005,2.038,13.7982949108987,6.749,22.19,9898.92919347319,6.080543778207119,,High income
Costa Rica,CRI,2006,1.937,11.4705968149052,5.926,19.89,10799.5114028981,6.211062539264667,,High income
Costa Rica,CRI,2007,1.954,9.35724456417157,4.557,15.291,11841.9011714247,5.992549056651591,,High income
Costa Rica,CRI,2008,1.98,13.4244635507283,4.934,13.466,12471.6723105433,5.684261674943064,,High income
Costa Rica,CRI,2009,1.953,7.84270167700653,7.824,22.221,12273.8603954825,5.352024248786789,,High income
Costa Rica,CRI,2010,1.827,5.66275708420021,7.171,21.052,12927.564593015,5.283537727172272,70.44,High income
Costa Rica,CRI,2011,1.877,4.87799830970702,9.518,29.089,13614.2603998924,5.446905141797446,70.23,High income
Costa Rica,CRI,2012,1.851,4.49545314354605,9.11,27.56,14463.7404448087,5.612515959847737,70.02,High income
Costa Rica,CRI,2013,1.779,5.23133614174428,8.218,25.595,15232.0771529497,5.458112086852738,71.11,High income
Costa Rica,CRI,2014,1.8,4.51920098516953,8.499,29.744,16393.8095428323,5.428106862619599,72.21,High income
Costa Rica,CRI,2015,1.797,0.801982005099623,8.415,26.651,17525.1404625145,5.486497219604956,70.61,High income
Costa Rica,CRI,2016,1.746,-0.0174788505908217,8.085,28.047,19201.7453233396,5.46338806127632,71.22,High income
Costa Rica,CRI,2017,1.714,1.62590692991731,7.729,25.756,20499.3442130778,5.15,72.82,High income
Costa Rica,CRI,2018,1.706,2.2211146152658,9.01,31.659,21498.0350746836,4.717334646,71.27,High income
Costa Rica,CRI,2019,1.6,2.09604635327807,10.807,36.071,23339.6091317787,4.482452621,70.88,High income
Costa Rica,CRI,2020,1.448,0.724911478131375,16.432,49.464,22099.8678127394,3.6882227098,72.29,High income
Costa Rica,CRI,2021,1.353,1.72647755109241,15.139,46.834,23852.9253020002,4.7162603495,74.21,High income
Costa Rica,CRI,2022,1.335,8.27477490232654,11.325,36.879,26226.2754815949,4.39,74.01,High income
Costa Rica,CRI,2023,1.33,0.525193508693455,8.325,28.515,28908.7688743191,,73.56,High income
Costa Rica,CRI,2024,1.318,-0.412853001047069,6.936,22.743,31106.7643556729,,73.28,High income
Cuba,CUB,2000,1.608,,5.45,14.98,,,,Upper middle income
Cuba,CUB,2001,1.595,,4.08,10.416,,,,Upper middle income
Cuba,CUB,2002,1.645,,3.31,8.287,,,,Upper middle income
Cuba,CUB,2003,1.627,,2.33,6.066,,,,Upper middle income
Cuba,CUB,2004,1.546,,1.854,3.911,,,,Upper middle income
Cuba,CUB,2005,1.486,,1.95,3.984,,,,Upper middle income
Cuba,CUB,2006,1.402,,1.913,4.051,,,,Upper middle income
Cuba,CUB,2007,1.436,,1.788,3.429,,,,Upper middle income
Cuba,CUB,2008,1.576,,1.583,3.554,,,,Upper middle income
Cuba,CUB,2009,1.678,,1.67,3.489,,,,Upper middle income
Cuba,CUB,2010,1.673,,2.5,5.569,,,,Upper middle income
Cuba,CUB,2011,1.734,,3.18,7.231,,,,Upper middle income
Cuba,CUB,2012,1.668,,3.46,7.503,,,,Upper middle income
Cuba,CUB,2013,1.678,,3.29,7.414,,,,Upper middle income
Cuba,CUB,2014,1.655,,2.7,6.559,,,,Upper middle income
Cuba,CUB,2015,1.685,,2.4,5.465,,,,Upper middle income
Cuba,CUB,2016,1.6,,2.0,4.617,,,,Upper middle income
Cuba,CUB,2017,1.585,,1.7,3.495,,,,Upper middle income
Cuba,CUB,2018,1.607,,1.7,3.868,,,,Upper middle income
Cuba,CUB,2019,1.54,,1.705,3.879,,,,Upper middle income
Cuba,CUB,2020,1.489,,2.233,4.811,,,,Upper middle income
Cuba,CUB,2021,1.427,,2.11,4.526,,,,Upper middle income
Cuba,CUB,2022,1.412,,1.829,3.911,,,,Upper middle income
Cuba,CUB,2023,1.439,,1.73,3.835,,,,Upper middle income
Cuba,CUB,2024,1.445,,1.755,3.86,,,,Upper middle income
Curacao,CUW,2000,2.342,,,,21891.0453556692,,,High income
Curacao,CUW,2001,2.405,1.79282868525896,,,23057.2613647017,,,High income
Curacao,CUW,2002,2.3,0.391389432485324,,,23479.7973302624,,,High income
Curacao,CUW,2003,2.191,1.6337139144157,,,23522.2748891856,,,High income
Curacao,CUW,2004,2.099,1.37912138094799,,,23791.197413682,,,High income
Curacao,CUW,2005,2.037,4.11711711711707,,,24081.1512149964,,,High income
Curacao,CUW,2006,2.1,3.11499524097949,,,24590.1923681094,,,High income
Curacao,CUW,2007,2.0,2.99572039942908,,,25374.1429869989,,,High income
Curacao,CUW,2008,2.2,6.8763239367776,,,26098.4711532409,,,High income
Curacao,CUW,2009,2.1,1.75331605427595,,,25950.3950372365,,,High income
Curacao,CUW,2010,2.2,2.77944261312586,,,25956.8107585616,,,High income
Curacao,CUW,2011,2.1,2.3325315256217,,,26251.3628228418,,,High income
Curacao,CUW,2012,2.2,3.18398746349454,,,25105.9924714169,,,High income
Curacao,CUW,2013,2.1,1.33232086152117,,,24821.796301247,,,High income
Curacao,CUW,2014,2.0,1.49873969616429,,,24347.7605833552,,,High income
Curacao,CUW,2015,1.9,-0.476542049801404,,,24037.6485782735,,,High income
Curacao,CUW,2016,1.7,-0.0472079848940292,,,23649.591653431,,,High income
Curacao,CUW,2017,1.5,1.58558801700344,,,24321.7468068376,,,High income
Curacao,CUW,2018,1.7,2.58368756641813,,,24623.0414302994,,,High income
Curacao,CUW,2019,1.6,2.62220783425058,,,25396.9966189902,,,High income
Curacao,CUW,2020,1.4,,,,21722.0173651527,,,High income
Curacao,CUW,2021,1.4,,,,24905.7684453244,,,High income
Curacao,CUW,2022,1.4,,,,28640.6872336026,,,High income
Curacao,CUW,2023,1.3,,,,30651.5885510423,,,High income
Curacao,CUW,2024,1.4,,,,32693.2939764893,,,High income
Cayman Islands,CYM,2000,1.707,,,,,,,High income
Cayman Islands,CYM,2001,1.697,,,,,,,High income
Cayman Islands,CYM,2002,1.681,,,,,,,High income
Cayman Islands,CYM,2003,1.672,,,,,,,High income
Cayman Islands,CYM,2004,1.671,,,,,,,High income
Cayman Islands,CYM,2005,1.665,,,,,,,High income
Cayman Islands,CYM,2006,1.665,,,,75190.6622438904,,,High income
Cayman Islands,CYM,2007,1.681,,,,77337.189365003,,,High income
Cayman Islands,CYM,2008,1.703,,,,76297.4603019086,,,High income
Cayman Islands,CYM,2009,1.723,,,,69254.1827192632,,,High income
Cayman Islands,CYM,2010,1.694,0.276140861750108,,,66325.4579909597,,,High income
Cayman Islands,CYM,2011,1.637,1.32543575779664,,,66629.1635862244,,,High income
Cayman Islands,CYM,2012,1.531,1.18894845245607,,,64726.5305342992,,,High income
Cayman Islands,CYM,2013,1.445,2.1606114681339,,,63648.2547513145,,,High income
Cayman Islands,CYM,2014,1.334,1.27397911533387,,,63560.5137725019,,,High income
Cayman Islands,CYM,2015,1.269,-2.34752770165615,,,64009.3171045464,,,High income
Cayman Islands,CYM,2016,1.231,-0.62525835861814,,,65680.0743282085,,,High income
Cayman Islands,CYM,2017,1.222,,,,68017.6756755602,,,High income
Cayman Islands,CYM,2018,1.277,,,,71811.8924961984,,,High income
Cayman Islands,CYM,2019,1.508,,,,72697.3671881501,,,High income
Cayman Islands,CYM,2020,1.554,,,,66118.6540859028,,,High income
Cayman Islands,CYM,2021,1.551,,,,74160.4914000191,,,High income
Cayman Islands,CYM,2022,1.541,,,,82295.5820704782,,,High income
Cayman Islands,CYM,2023,1.531,,,,88427.7866712691,,,High income
Cayman Islands,CYM,2024,1.525,,,,,,,High income
Cyprus,CYP,2000,1.638,4.1416576470206,4.766,12.408,21295.78515625,13.4,,High income
Cyprus,CYP,2001,1.566,1.97304191729914,4.043,10.462,22866.171875,15.1,,High income
Cyprus,CYP,2002,1.497,2.80115505180746,3.336,7.633,23556.27734375,14.5,,High income
Cyprus,CYP,2003,1.505,4.13906538686858,4.153,8.799,24278.041015625,7.7,,High income
Cyprus,CYP,2004,1.512,2.28621706801674,4.77,12.129,25941.998046875,7.3,,High income
Cyprus,CYP,2005,1.479,2.56016132330233,5.481,15.058,27763.158203125,8.0,,High income
Cyprus,CYP,2006,1.509,2.30468732978555,4.593,11.282,30008.724609375,7.0,,High income
Cyprus,CYP,2007,1.449,2.37265183669719,3.946,9.228,32887.8671875,8.3,,High income
Cyprus,CYP,2008,1.479,4.66900841902485,3.756,9.186,34830.11328125,7.8,,High income
Cyprus,CYP,2009,1.475,0.326276652249793,5.594,13.674,33901.34765625,7.8,,High income
Cyprus,CYP,2010,1.434,2.43004084102254,6.359,16.791,33502.1640625,7.3,65.33,High income
Cyprus,CYP,2011,1.36,3.28944939564211,7.942,20.713,33405.9765625,7.3,65.92,High income
Cyprus,CYP,2012,1.382,2.38905410042316,12.097,26.136,31924.099609375,6.7,65.39,High income
Cyprus,CYP,2013,1.304,-0.399357676464425,16.131,36.064,30415.7890625,6.4,66.35,High income
Cyprus,CYP,2014,1.312,-1.35498885446314,16.277,34.278,29892.7109375,6.3,65.42,High income
Cyprus,CYP,2015,1.323,-2.0969976905311,15.026,30.93,31380.19921875,7.2,65.85,High income
Cyprus,CYP,2016,1.357,-1.42916666666665,13.006,31.977,35246.90234375,7.5,65.62,High income
Cyprus,CYP,2017,1.323,0.531766496174467,11.155,23.236,37768.1171875,6.8,64.44,High income
Cyprus,CYP,2018,1.319,1.43549119531759,8.504,16.188,40262.30859375,7.8,63.72,High income
Cyprus,CYP,2019,1.33,0.250370996758493,7.155,14.678,44393.9921875,8.9,61.64,High income
Cyprus,CYP,2020,1.361,-0.638422797978958,7.755,12.343,42569.0546875,,61.6,High income
Cyprus,CYP,2021,1.392,2.44608867175474,7.513,16.453,47632.76953125,,63.24,High income
Cyprus,CYP,2022,1.393,8.39548297993334,6.806,18.607,55876.17578125,,63.17,High income
Cyprus,CYP,2023,1.389,3.54134188751663,5.835,14.292,59874.5703125,,62.62,High income
Cyprus,CYP,2024,1.38,1.80023018624815,4.9,13.389,63006.61328125,,63.41,High income
Czechia,CZE,2000,1.15,3.77538829151729,8.764,17.382,16332.2910408629,5.4,,High income
Czechia,CZE,2001,1.15,4.66267556988257,8.128,17.293,17709.4523103293,5.1,,High income
Czechia,CZE,2002,1.17,1.90298097019026,7.28,17.222,18344.0329427938,5.2,,High income
Czechia,CZE,2003,1.18,0.118739205526814,7.777,18.809,19604.0917215381,4.8,,High income
Czechia,CZE,2004,1.23,2.76010781671153,8.298,19.474,20988.1204818834,5.0,,High income
Czechia,CZE,2005,1.29,1.85709789109228,7.927,19.079,22114.8363085202,5.1,,High income
Czechia,CZE,2006,1.34,2.53399258343633,7.141,18.646,23914.1862443811,5.2,,High income
Czechia,CZE,2007,1.45,2.8531243721117,5.316,10.967,26267.6071527112,5.5,,High income
Czechia,CZE,2008,1.51,6.3586638015237,4.392,9.928,27937.841568102,5.1,,High income
Czechia,CZE,2009,1.51,1.01937735329229,6.662,16.699,27713.2434564605,4.6,,High income
Czechia,CZE,2010,1.51,1.47272727272728,7.281,18.486,28153.8518610007,4.5,76.62,High income
Czechia,CZE,2011,1.43,1.9172191363555,6.712,17.962,29237.1870959847,4.3,77.86,High income
Czechia,CZE,2012,1.45,3.28762306610411,6.979,18.996,29465.6074011894,4.3,78.22,High income
Czechia,CZE,2013,1.46,1.4382978723404,6.953,19.447,31013.0082933831,4.1,77.89,High income
Czechia,CZE,2014,1.53,0.343988589646793,6.108,17.101,32743.489773169,4.3,76.49,High income
Czechia,CZE,2015,1.57,0.309364548494975,5.048,14.434,34093.0280593748,4.6,75.33,High income
Czechia,CZE,2016,1.63,0.683504209385702,3.952,11.397,36445.0485732064,4.8,75.33,High income
Czechia,CZE,2017,1.69,2.4505339846014,2.893,8.745,39346.030564257,5.0,75.62,High income
Czechia,CZE,2018,1.71,2.14949494949492,2.246,7.194,41638.1831076596,5.1,75.41,High income
Czechia,CZE,2019,1.71,2.84787595918041,2.015,5.989,45614.0171132532,5.1,75.44,High income
Czechia,CZE,2020,1.74,3.1612952849781,2.55,9.139,44839.4822099455,4.2,75.5,High income
Czechia,CZE,2021,1.83,3.83984491500146,2.803,9.044,47796.0337408466,4.5,74.93,High income
Czechia,CZE,2022,1.64,15.100165146837,2.224,7.912,52946.9660854462,5.1,73.61,High income
Czechia,CZE,2023,1.46,10.6612601372427,2.579,8.689,55761.3798291375,,72.66,High income
Czechia,CZE,2024,1.36,2.43531202435314,2.6,9.779,57285.4237001379,,71.81,High income
Germany,DEU,2000,1.38,1.44026838719741,7.917,7.442,27473.6669767024,5.1,,High income
Germany,DEU,2001,1.35,1.98385731334471,7.773,6.398,28674.1682823146,4.7,,High income
Germany,DEU,2002,1.34,1.42080615551526,8.482,7.235,29513.6823267102,4.6,,High income
Germany,DEU,2003,1.34,1.03422218628562,9.779,8.046,30301.4017692833,4.6,,High income
Germany,DEU,2004,1.36,1.66573696655991,10.727,10.221,31753.1720592803,4.8,,High income
Germany,DEU,2005,1.34,1.54691114751328,11.193,13.986,32313.736788417,4.7,,High income
Germany,DEU,2006,1.33,1.57742642840563,10.277,12.153,34741.3353426224,4.5,,High income
Germany,DEU,2007,1.37,2.2983440070095,8.732,10.816,36914.0023792935,4.5,,High income
Germany,DEU,2008,1.38,2.62837981637219,7.508,10.526,38443.5386278958,4.6,,High income
Germany,DEU,2009,1.36,0.312739007368446,7.88,9.897,37573.9910136539,4.6,,High income
Germany,DEU,2010,1.39,1.1038103778926,7.043,9.038,39726.098692395,4.7,44.33,High income
Germany,DEU,2011,1.39,2.07517283735874,5.967,8.16,43398.3443992496,4.6,,High income
Germany,DEU,2012,1.41,2.00848884782956,5.372,7.563,44229.3941921739,4.8,44.78,High income
Germany,DEU,2013,1.42,1.50472330251876,5.316,6.991,45889.0173022052,4.6,,High income
Germany,DEU,2014,1.47,0.906794000434245,4.979,7.017,47938.7968210418,4.8,45.0,High income
Germany,DEU,2015,1.5,0.514426137125456,4.612,6.392,48545.400721962,4.9,43.88,High income
Germany,DEU,2016,1.6,0.491747008445174,4.104,6.183,51569.9016841199,5.0,44.22,High income
Germany,DEU,2017,1.57,1.50949485109628,3.781,5.851,54110.2536648812,4.9,43.81,High income
Germany,DEU,2018,1.57,1.73216879766941,3.384,5.206,56273.0405627017,5.4,44.09,High income
Germany,DEU,2019,1.54,1.44565976888253,3.163,4.818,59270.7276496985,5.0,43.76,High income
Germany,DEU,2020,1.53,0.144877925813981,3.881,8.018,58685.872699771,4.5,43.55,High income
Germany,DEU,2021,1.58,3.06666666666673,3.594,6.303,62530.7653199239,4.3,43.14,High income
Germany,DEU,2022,1.455,6.87257438551096,3.137,5.638,69048.9884036885,4.7,40.74,High income
Germany,DEU,2023,1.39,5.94643667725823,3.071,5.38,71684.0311875583,,41.25,High income
Germany,DEU,2024,1.36,2.2564981433876,3.4,5.935,73551.9347696836,,40.96,High income
Djibouti,DJI,2000,4.601,,26.664,66.163,,,,Lower middle income
Djibouti,DJI,2001,4.518,1.74665224985434,26.597,66.727,,,,Lower middle income
Djibouti,DJI,2002,4.41,0.637619553666319,26.589,67.41,,,,Lower middle income
Djibouti,DJI,2003,4.296,1.98196734627544,26.484,67.665,,,,Lower middle income
Djibouti,DJI,2004,4.162,3.12226204699352,26.441,67.921,,,,Lower middle income
Djibouti,DJI,2005,4.035,3.10496640148299,26.448,68.339,,,,Lower middle income
Djibouti,DJI,2006,3.899,3.48340699677866,26.382,68.726,,,,Lower middle income
Djibouti,DJI,2007,3.756,4.96597654553301,26.292,69.139,,,,Lower middle income
Djibouti,DJI,2008,3.621,11.9586206896551,26.183,69.525,,,,Lower middle income
Djibouti,DJI,2009,3.521,1.67549587285962,26.325,70.455,,,,Lower middle income
Djibouti,DJI,2010,3.431,3.95007875923886,26.368,71.16,,,,Lower middle income
Djibouti,DJI,2011,3.341,5.0687139477798,26.31,71.668,,,,Lower middle income
Djibouti,DJI,2012,3.255,3.73120950756887,26.179,71.98,,,,Lower middle income
Djibouti,DJI,2013,3.187,-12.563149225034,26.149,72.559,3762.2819610399,,,Lower middle income
Djibouti,DJI,2014,3.116,1.34186494340162,26.16,73.292,3978.34667092554,,,Lower middle income
Djibouti,DJI,2015,3.041,-0.522166521445793,26.063,73.799,4263.96288890455,,,Lower middle income
Djibouti,DJI,2016,2.969,2.40252905434889,25.982,74.371,4431.56588556176,,,Lower middle income
Djibouti,DJI,2017,2.916,0.57728572456066,26.064,75.346,4676.71336058903,,,Lower middle income
Djibouti,DJI,2018,2.858,0.138836400011405,26.18,76.407,5083.11077030183,,,Lower middle income
Djibouti,DJI,2019,2.798,3.31763203299602,26.257,77.37,5398.00036773984,,,Lower middle income
Djibouti,DJI,2020,2.745,1.77900535643955,27.701,84.183,5527.00185229888,,,Lower middle income
Djibouti,DJI,2021,2.699,1.18086783934059,27.628,81.052,5960.10807396825,,,Lower middle income
Djibouti,DJI,2022,2.653,5.17222088647605,26.272,78.002,6621.33038220409,,,Lower middle income
Djibouti,DJI,2023,2.609,1.44905087029085,26.074,77.589,7225.8387957249,,,Lower middle income
Djibouti,DJI,2024,2.618,2.1120116728497,26.007,77.485,7810.27869066792,,,Lower middle income
Dominica,DMA,2000,2.346,0.856946805358482,,,7111.4131102869,,,Upper middle income
Dominica,DMA,2001,2.399,1.3038940346596,,,7290.62832445515,,,Upper middle income
Dominica,DMA,2002,2.16,0.170055330197681,,,7167.04271942728,,,Upper middle income
Dominica,DMA,2003,2.075,1.4533680043725,,,7714.29509857094,,,Upper middle income
Dominica,DMA,2004,2.023,2.39410982050298,,,8232.18460901,,,Upper middle income
Dominica,DMA,2005,1.998,1.68190079877552,,,8557.41594949633,,,Upper middle income
Dominica,DMA,2006,2.074,2.20239132631669,,,9199.88176357941,,,Upper middle income
Dominica,DMA,2007,2.022,3.6322212931782,,,9949.48016534769,,,Upper middle income
Dominica,DMA,2008,1.968,6.35992183336295,,,10862.2582746594,,,Upper middle income
Dominica,DMA,2009,1.918,0.0062635710706685,,,10803.5563676924,,,Upper middle income
Dominica,DMA,2010,1.887,2.99936630549,,,10924.0953245506,,,Upper middle income
Dominica,DMA,2011,1.861,1.1312313652648,,,11122.8994140294,,,Upper middle income
Dominica,DMA,2012,1.827,1.35677147808859,,,10920.9085079245,,,Upper middle income
Dominica,DMA,2013,1.778,-0.0464116468805991,,,11286.2696974861,,,Upper middle income
Dominica,DMA,2014,1.713,0.799250372687492,,,12083.292631482,,,Upper middle income
Dominica,DMA,2015,1.648,-0.843826984638329,,,12092.7315992676,,,Upper middle income
Dominica,DMA,2016,1.581,0.141816225732312,,,12945.0029571643,,,Upper middle income
Dominica,DMA,2017,1.54,0.296252889279486,,,12696.1956612622,,,Upper middle income
Dominica,DMA,2018,1.517,0.989191119189889,,,15069.8972415303,,,Upper middle income
Dominica,DMA,2019,1.504,1.50462353858141,,,16020.5944720217,,,Upper middle income
Dominica,DMA,2020,1.495,1.22026442242476,,,14243.7623123898,,,Upper middle income
Dominica,DMA,2021,1.484,2.22891330700343,,,15808.9743503945,,,Upper middle income
Dominica,DMA,2022,1.482,2.88490226829353,,,18802.0819913205,,,Upper middle income
Dominica,DMA,2023,1.484,5.08677483158111,,,20285.9821663707,,,Upper middle income
Dominica,DMA,2024,1.48,2.56921890367725,,,21300.6848698089,,,Upper middle income
Denmark,DNK,2000,1.77,2.90328203236461,4.476,6.984,28647.8282830783,7.2,,High income
Denmark,DNK,2001,1.74,2.33787000255262,4.164,9.249,29458.9882141098,6.8,,High income
Denmark,DNK,2002,1.72,2.42443661219694,4.274,5.191,30666.5967674022,6.9,,High income
Denmark,DNK,2003,1.76,2.07507820646506,5.398,8.957,30864.1123687371,6.5,,High income
Denmark,DNK,2004,1.78,1.15435693124934,5.204,7.05,33015.5515892493,7.0,,High income
Denmark,DNK,2005,1.8,1.81781458291254,4.83,8.578,34238.3218147437,6.7,,High income
Denmark,DNK,2006,1.85,1.92422138464584,3.897,7.476,37392.3211413889,6.7,,High income
Denmark,DNK,2007,1.84,1.69326586220324,3.801,7.377,39110.0956365756,6.7,,High income
Denmark,DNK,2008,1.89,3.41626794258374,3.683,10.334,41467.3861879777,6.8,,High income
Denmark,DNK,2009,1.84,1.30470991024335,6.409,11.557,40524.3123510224,6.0,,High income
Denmark,DNK,2010,1.87,2.31092436974786,7.746,13.135,43037.5989192487,5.6,57.41,High income
Denmark,DNK,2011,1.75,2.7586822605125,7.769,14.381,44443.7163844726,4.9,56.67,High income
Denmark,DNK,2012,1.73,2.3979148566464,7.798,14.804,44755.1624273018,5.1,54.41,High income
Denmark,DNK,2013,1.67,0.789071780078062,7.384,13.327,46869.1932887749,4.9,54.7,High income
Denmark,DNK,2014,1.69,0.56402054044954,6.925,12.834,47879.5955558233,5.0,53.86,High income
Denmark,DNK,2015,1.71,0.452034153691574,6.278,11.135,48897.2099776611,5.1,53.34,High income
Denmark,DNK,2016,1.79,0.250000000000031,5.989,10.824,51820.9521305491,5.4,52.57,High income
Denmark,DNK,2017,1.75,1.14713216957601,5.833,11.884,55271.5976002659,5.5,53.88,High income
Denmark,DNK,2018,1.73,0.813609467455631,5.131,9.228,57233.6231685618,5.6,52.97,High income
Denmark,DNK,2019,1.7,0.75813157251162,5.018,9.721,60594.966400191,5.3,52.73,High income
Denmark,DNK,2020,1.68,0.420711974110024,5.644,10.652,62682.2899474389,4.9,51.25,High income
Denmark,DNK,2021,1.72,1.85304543989689,5.065,10.935,69715.1809680929,4.7,50.37,High income
Denmark,DNK,2022,1.55,7.69656699889259,4.434,10.453,78913.6534913127,5.34,50.83,High income
Denmark,DNK,2023,1.5,3.30517811237605,5.094,11.251,77892.2932609904,,50.87,High income
Denmark,DNK,2024,1.47,1.37220049768925,5.358,11.549,81878.2349849181,,52.22,High income
Dominican Republic,DOM,2000,2.869,7.72413566181615,6.432,20.65,6639.01131864822,,,Upper middle income
Dominican Republic,DOM,2001,2.827,8.8830684881296,7.262,21.94,6847.57366127122,,,Upper middle income
Dominican Republic,DOM,2002,2.764,5.22336769759446,6.779,19.407,7157.66825484558,,,Upper middle income
Dominican Republic,DOM,2003,2.703,27.4497127394394,6.938,19.414,7097.55707820616,,,Upper middle income
Dominican Republic,DOM,2004,2.641,51.4608598338065,6.303,20.634,7374.8123177806,,,Upper middle income
Dominican Republic,DOM,2005,2.574,4.19020260472056,6.587,18.629,8215.03244576661,,,Upper middle income
Dominican Republic,DOM,2006,2.508,7.57280523853073,5.654,17.772,9130.06906145599,,,Upper middle income
Dominican Republic,DOM,2007,2.51,6.14356655248047,5.158,19.499,9951.13191591458,,,Upper middle income
Dominican Republic,DOM,2008,2.546,10.6446210953711,4.764,17.397,10345.8080982759,,,Upper middle income
Dominican Republic,DOM,2009,2.574,1.44215131834353,5.467,20.516,10381.6248126801,,,Upper middle income
Dominican Republic,DOM,2010,2.556,6.32993220146146,5.212,15.75,11245.6811892201,,,Upper middle income
Dominican Republic,DOM,2011,2.527,5.79676809206533,6.087,19.488,11694.6641852303,,,Upper middle income
Dominican Republic,DOM,2012,2.497,3.69449707884776,6.722,19.798,11776.6228103557,,,Upper middle income
Dominican Republic,DOM,2013,2.474,4.830950967408,7.351,27.2,12413.910018356,,,Upper middle income
Dominican Republic,DOM,2014,2.451,2.99864226125218,6.719,20.858,13464.7925609074,,,Upper middle income
Dominican Republic,DOM,2015,2.43,0.836746346724556,7.605,24.275,14804.0974069659,,,Upper middle income
Dominican Republic,DOM,2016,2.41,1.61416607245222,7.284,25.916,16282.1899127514,,,Upper middle income
Dominican Republic,DOM,2017,2.398,3.27955694678546,5.832,19.655,16846.2072320323,,,Upper middle income
Dominican Republic,DOM,2018,2.397,3.56443426013507,5.861,23.013,17994.8382742736,,,Upper middle income
Dominican Republic,DOM,2019,2.366,1.81060377042959,6.356,22.983,19766.7628586981,,,Upper middle income
Dominican Republic,DOM,2020,2.329,3.78103179915516,6.126,20.774,18998.3069667315,,,Upper middle income
Dominican Republic,DOM,2021,2.294,8.24300347981809,7.702,25.563,22053.4589869955,,,Upper middle income
Dominican Republic,DOM,2022,2.267,8.81109209279587,5.504,17.672,24625.8088564037,,,Upper middle income
Dominican Republic,DOM,2023,2.243,4.78561281021135,5.555,15.076,25839.9356687607,,,Upper middle income
Dominican Republic,DOM,2024,2.222,3.30223338951227,5.312,17.569,27541.6625283384,,,Upper middle income
Algeria,DZA,2000,2.59,0.339163189071768,29.77,41.52,9186.81590342899,,,Upper middle income
Algeria,DZA,2001,2.519,4.22598834854673,27.3,39.417,9543.52035384959,,,Upper middle income
Algeria,DZA,2002,2.429,1.4183019234505,25.9,39.89,10080.182500398,,,Upper middle income
Algeria,DZA,2003,2.451,4.268953958395,23.72,39.395,10802.7506703127,,,Upper middle income
Algeria,DZA,2004,2.5,3.96180030257187,17.65,29.774,11431.6856715426,,,Upper middle income
Algeria,DZA,2005,2.562,1.38244656662118,15.27,30.057,12246.2692243613,,,Upper middle income
Algeria,DZA,2006,2.628,2.31149918514423,12.27,25.904,12791.3412605973,,,Upper middle income
Algeria,DZA,2007,2.704,3.67899574741699,13.79,33.432,13320.964120903,,,Upper middle income
Algeria,DZA,2008,2.785,4.85859062814938,11.33,33.756,13666.2181960534,,,Upper middle income
Algeria,DZA,2009,2.825,5.73706036145627,10.16,35.283,13651.4472995041,,,Upper middle income
Algeria,DZA,2010,2.875,3.91106195534028,9.96,38.099,14201.3659906969,,,Upper middle income
Algeria,DZA,2011,2.899,4.5242115050527,9.96,35.781,14639.8779436268,,,Upper middle income
Algeria,DZA,2012,2.996,8.89145091062317,10.97,40.76,14441.3293398806,,,Upper middle income
Algeria,DZA,2013,2.997,3.25423910998847,9.82,41.468,14370.820661674,,,Upper middle income
Algeria,DZA,2014,3.084,2.91692692067458,10.207,39.723,14694.143827383,,,Upper middle income
Algeria,DZA,2015,3.091,4.78444700693889,11.206,45.213,13807.3515841478,,,Upper middle income
Algeria,DZA,2016,3.091,6.39769480268756,10.202,44.59,13437.8460232169,,,Upper middle income
Algeria,DZA,2017,3.09,5.59111590961663,12.0,46.427,13493.560749484,,,Upper middle income
Algeria,DZA,2018,3.019,4.26999020467083,12.112,46.844,13727.1266357859,,,Upper middle income
Algeria,DZA,2019,2.997,1.95176821052891,12.302,47.369,13892.5333446205,,,Upper middle income
Algeria,DZA,2020,2.94,2.41513094083413,14.08,54.36,12676.5130564294,,,Upper middle income
Algeria,DZA,2021,2.87,7.22606307415477,13.656,50.939,14496.8654697299,,,Upper middle income
Algeria,DZA,2022,2.817,9.26551551551552,12.382,47.469,15836.0944370321,,,Upper middle income
Algeria,DZA,2023,2.766,9.32217375928322,11.645,45.735,16824.4879034627,,,Upper middle income
Algeria,DZA,2024,2.723,4.04611455313434,11.655,45.56,17620.7423956126,,,Upper middle income
Ecuador,ECU,2000,3.102,96.0963756926096,4.8,12.39,5728.25249857133,,,Upper middle income
Ecuador,ECU,2001,3.037,37.6767454518094,4.252,10.637,5998.87508648611,,,Upper middle income
Ecuador,ECU,2002,2.972,12.4835980082094,4.825,10.723,6281.52215151108,,,Upper middle income
Ecuador,ECU,2003,2.911,7.92936487461555,5.662,11.29,6475.06597343736,,,Upper middle income
Ecuador,ECU,2004,2.853,2.74323198926704,5.002,11.981,6980.09126356362,,,Upper middle income
Ecuador,ECU,2005,2.8,2.1682770118372,3.779,9.893,7457.46553606564,,,Upper middle income
Ecuador,ECU,2006,2.753,3.29874846258215,3.55,10.306,7884.51693594496,,,Upper middle income
Ecuador,ECU,2007,2.704,2.27618478002121,3.142,7.833,8112.44824473661,,,Upper middle income
Ecuador,ECU,2008,2.688,8.40009593987462,3.917,11.393,8662.60736282075,,,Upper middle income
Ecuador,ECU,2009,2.678,5.15996829181047,4.608,12.654,8662.10672690979,,,Upper middle income
Ecuador,ECU,2010,2.615,3.55437734567842,4.088,12.226,8968.94040838943,,,Upper middle income
Ecuador,ECU,2011,2.605,4.4745326579584,3.458,11.749,9768.69201080404,,,Upper middle income
Ecuador,ECU,2012,2.509,5.10172180958665,3.235,10.748,10244.5177816184,,,Upper middle income
Ecuador,ECU,2013,2.362,2.72177577710371,3.083,10.932,11295.6127804419,,,Upper middle income
Ecuador,ECU,2014,2.274,3.58922016616663,3.48,11.869,11835.6091276538,,,Upper middle income
Ecuador,ECU,2015,2.209,3.96664623255357,3.616,11.535,10877.7507461388,,,Upper middle income
Ecuador,ECU,2016,2.122,1.72826463324532,4.597,14.077,10881.4890706732,,,Upper middle income
Ecuador,ECU,2017,2.128,0.417335588666824,3.836,11.424,11793.4797426944,,,Upper middle income
Ecuador,ECU,2018,2.111,-0.224103246005552,3.53,10.417,12186.8846084388,,,Upper middle income
Ecuador,ECU,2019,2.035,0.266012515466155,3.812,11.707,12543.0148243925,,,Upper middle income
Ecuador,ECU,2020,1.967,-0.338872392562139,6.116,14.979,11526.8013009278,,,Upper middle income
Ecuador,ECU,2021,1.909,0.133251386096389,4.504,12.773,13507.4445638375,,,Upper middle income
Ecuador,ECU,2022,1.861,3.46616972213076,3.713,10.876,15198.0725554473,,,Upper middle income
Ecuador,ECU,2023,1.823,2.21568764237058,3.51,10.36,15918.5162948773,,,Upper middle income
Ecuador,ECU,2024,1.806,1.54732515615369,3.453,11.322,15840.2668567412,,,Upper middle income
"Egypt, Arab Rep.",EGY,2000,3.505,2.68380535348546,8.98,45.947,5451.51566992118,,,Lower middle income
"Egypt, Arab Rep.",EGY,2001,3.46,2.26975720475955,9.26,47.026,5650.05196237607,,,Lower middle income
"Egypt, Arab Rep.",EGY,2002,3.412,2.73723855000334,10.01,36.871,5752.69708070468,,,Lower middle income
"Egypt, Arab Rep.",EGY,2003,3.352,4.50777636319303,10.91,39.079,5928.07945344715,,,Lower middle income
"Egypt, Arab Rep.",EGY,2004,3.283,11.2706193320519,10.32,48.304,6207.12492160943,,,Lower middle income
"Egypt, Arab Rep.",EGY,2005,3.254,4.86939696871988,11.049,49.268,6554.12885095179,,,Lower middle income
"Egypt, Arab Rep.",EGY,2006,3.223,7.64452644526434,10.49,52.275,7079.02808456919,,,Lower middle income
"Egypt, Arab Rep.",EGY,2007,3.237,9.31896905799229,8.8,44.436,7640.57228597204,,,Lower middle income
"Egypt, Arab Rep.",EGY,2008,3.238,18.3168316831684,8.517,48.857,8190.70913161,,,Lower middle income
"Egypt, Arab Rep.",EGY,2009,3.259,11.7634954386443,9.087,50.222,8465.02052412662,,,Lower middle income
"Egypt, Arab Rep.",EGY,2010,3.296,11.2651882653185,8.757,52.248,8837.76450033703,,,Lower middle income
"Egypt, Arab Rep.",EGY,2011,3.311,10.0649259874818,11.849,50.426,8988.10781880653,,,Lower middle income
"Egypt, Arab Rep.",EGY,2012,3.4,7.11172943343082,12.597,53.724,10342.4317112754,,,Lower middle income
"Egypt, Arab Rep.",EGY,2013,3.49,9.4697198106492,13.154,49.016,10511.3931678495,,,Lower middle income
"Egypt, Arab Rep.",EGY,2014,3.49,10.0702154687481,13.105,45.236,10256.4367553616,,,Lower middle income
"Egypt, Arab Rep.",EGY,2015,3.5,10.370490343517,13.052,39.872,10903.3368231185,,,Lower middle income
"Egypt, Arab Rep.",EGY,2016,3.35,13.8136062148289,12.45,40.554,10665.6676499685,,,Lower middle income
"Egypt, Arab Rep.",EGY,2017,3.31,29.5066083940038,11.767,40.013,11124.7351098149,,,Lower middle income
"Egypt, Arab Rep.",EGY,2018,3.02,14.4014657807421,9.855,52.799,12329.2446781436,,,Lower middle income
"Egypt, Arab Rep.",EGY,2019,2.87,9.15279959324803,7.851,51.834,13363.732696323,,,Lower middle income
"Egypt, Arab Rep.",EGY,2020,2.85,5.04493288977538,7.974,46.054,15231.865417764,,,Lower middle income
"Egypt, Arab Rep.",EGY,2021,2.75,5.21404940513042,7.441,42.743,15579.0160861551,,,Lower middle income
"Egypt, Arab Rep.",EGY,2022,2.75,13.8956609775177,6.546,35.751,17526.8017030166,,,Lower middle income
"Egypt, Arab Rep.",EGY,2023,2.75,33.8847763115546,6.753,36.589,18524.8392997937,,,Lower middle income
"Egypt, Arab Rep.",EGY,2024,2.735,28.2705899322082,6.817,36.834,19094.1449444111,,,Lower middle income
Eritrea,ERI,2000,5.397,,5.656,11.097,1557.87580231581,,,Low income
Eritrea,ERI,2001,5.306,,5.74,11.5,1683.68441866109,,,Low income
Eritrea,ERI,2002,5.233,,5.794,11.619,1701.69523684878,,,Low income
Eritrea,ERI,2003,5.143,,5.79,11.718,1620.85093040039,,,Low income
Eritrea,ERI,2004,5.036,,5.704,11.535,1620.76402912482,,,Low income
Eritrea,ERI,2005,4.934,,5.721,11.592,1674.07005453978,,,Low income
Eritrea,ERI,2006,4.881,,5.707,11.511,1682.23894199347,,,Low income
Eritrea,ERI,2007,4.812,,5.719,11.519,1727.09344172581,,,Low income
Eritrea,ERI,2008,4.737,,5.683,11.407,1546.92747535768,,,Low income
Eritrea,ERI,2009,4.656,,5.757,11.628,1576.74284599077,,,Low income
Eritrea,ERI,2010,4.571,,5.854,11.911,1599.19106106457,,,Low income
Eritrea,ERI,2011,4.486,,5.801,11.745,1742.32363018235,,,Low income
Eritrea,ERI,2012,4.407,,5.692,11.484,,,,Low income
Eritrea,ERI,2013,4.335,,5.624,11.23,,,,Low income
Eritrea,ERI,2014,4.273,,5.637,11.07,,,,Low income
Eritrea,ERI,2015,4.217,,5.751,11.174,,,,Low income
Eritrea,ERI,2016,4.164,,5.772,11.117,,,,Low income
Eritrea,ERI,2017,4.112,,5.804,10.974,,,,Low income
Eritrea,ERI,2018,4.056,,5.756,10.703,,,,Low income
Eritrea,ERI,2019,3.997,,5.812,10.804,,,,Low income
Eritrea,ERI,2020,3.933,,6.375,12.341,,,,Low income
Eritrea,ERI,2021,3.867,,6.489,12.152,,,,Low income
Eritrea,ERI,2022,3.786,,6.033,11.353,,,,Low income
Eritrea,ERI,2023,3.713,,5.909,11.11,,,,Low income
Eritrea,ERI,2024,3.68,,5.947,11.239,,,,Low income
Spain,ESP,2000,1.22,3.43351563418766,13.785,32.254,21582.2067955558,5.4,,High income
Spain,ESP,2001,1.23,3.58983413338112,10.348,26.48,22952.3641099695,5.1,,High income
Spain,ESP,2002,1.25,3.06565685902219,11.146,27.786,24377.8417076394,5.1,,High income
Spain,ESP,2003,1.3,3.03888839396655,11.283,26.477,25057.3469945838,5.0,,High income
Spain,ESP,2004,1.31,3.03924881090924,11.09,26.457,26159.7864720491,5.0,,High income
Spain,ESP,2005,1.33,3.36881409750383,9.146,23.408,27629.7077024966,4.7,,High income
Spain,ESP,2006,1.36,3.51557576832128,8.452,21.522,30748.7396326091,4.5,,High income
Spain,ESP,2007,1.38,2.78679745804945,8.232,21.693,32536.1882684038,4.4,,High income
Spain,ESP,2008,1.45,4.07534335957339,11.254,25.519,33349.942580613,4.2,,High income
Spain,ESP,2009,1.38,-0.28781308353524,17.857,36.087,32218.2880170155,3.7,,High income
Spain,ESP,2010,1.37,1.79986457728768,19.86,39.56,31804.6746571689,3.6,79.38,High income
Spain,ESP,2011,1.34,3.1961018883379,21.39,43.949,32015.5752000401,3.4,79.59,High income
Spain,ESP,2012,1.32,2.44612782366808,24.789,51.374,31869.7839822219,3.5,79.18,High income
Spain,ESP,2013,1.27,1.40858109183018,26.094,54.565,32613.6891811474,3.3,77.68,High income
Spain,ESP,2014,1.32,-0.151114837527234,24.441,52.894,33760.9555646369,3.4,78.05,High income
Spain,ESP,2015,1.33,-0.500365709903242,22.057,47.952,35228.6333036223,3.6,77.21,High income
Spain,ESP,2016,1.33,-0.202598000426452,19.635,44.884,37612.7188681342,3.7,77.11,High income
Spain,ESP,2017,1.31,1.95607633363963,17.224,37.414,39825.2498116292,3.7,76.68,High income
Spain,ESP,2018,1.26,1.6749813686379,15.255,33.258,41015.1565755187,3.5,75.89,High income
Spain,ESP,2019,1.23,0.699518994458738,14.104,34.466,44042.757577336,3.5,75.62,High income
Spain,ESP,2020,1.18,-0.322753017299739,15.532,39.735,39327.8479269599,1.9,75.41,High income
Spain,ESP,2021,1.18,3.09313511976419,14.914,36.175,44251.6658222621,3.1,76.02,High income
Spain,ESP,2022,1.16,8.39057634118626,13.033,30.882,51398.9310403407,3.7,76.05,High income
Spain,ESP,2023,1.12,3.53236133492432,12.179,28.527,55682.2402603093,,75.19,High income
Spain,ESP,2024,1.1,2.77417826534772,11.4,27.116,57965.2948138837,,73.64,High income
Estonia,EST,2000,1.36,4.01848952508763,13.36,19.641,9424.5071547444,3.9,,High income
Estonia,EST,2001,1.32,5.74827981651373,13.134,31.073,10308.8990965341,4.1,,High income
Estonia,EST,2002,1.36,3.57191270164026,10.026,24.737,11666.6649638489,4.2,,High income
Estonia,EST,2003,1.37,1.33499116549955,11.288,31.913,13135.0419683127,4.2,,High income
Estonia,EST,2004,1.47,3.04811107523416,10.248,23.886,14538.0273203932,4.4,,High income
Estonia,EST,2005,1.52,4.07971423199848,8.033,13.801,16638.0779749397,4.5,,High income
Estonia,EST,2006,1.58,4.43762042389213,5.915,15.16,19344.2638980902,5.2,,High income
Estonia,EST,2007,1.69,6.60132603055637,4.592,7.147,22200.5486407425,5.2,,High income
Estonia,EST,2008,1.72,10.3623580313682,5.455,11.311,22803.5194742273,4.6,,High income
Estonia,EST,2009,1.7,-0.0784083112809768,13.548,21.829,20488.94990724,4.0,,High income
Estonia,EST,2010,1.72,2.97204512015693,16.707,29.517,21614.3068307361,3.8,81.81,High income
Estonia,EST,2011,1.61,4.9819013145361,12.328,20.595,24652.3610297918,4.1,79.9,High income
Estonia,EST,2012,1.56,3.93339987296985,10.021,18.473,26242.5282659014,4.5,78.37,High income
Estonia,EST,2013,1.52,2.78056658954987,8.631,19.782,27831.1526234213,4.3,76.46,High income
Estonia,EST,2014,1.54,-0.106175146521709,7.352,9.978,29403.6584494815,4.7,77.16,High income
Estonia,EST,2015,1.58,-0.49232600654737,6.412,13.02,29712.6299473728,5.2,76.84,High income
Estonia,EST,2016,1.6,0.148684907627372,6.882,10.633,31947.7769107437,4.8,76.32,High income
Estonia,EST,2017,1.59,3.41723549488054,5.807,9.415,34506.6486942506,4.9,77.12,High income
Estonia,EST,2018,1.67,3.43632688420446,5.412,11.233,37120.9879761677,5.0,77.42,High income
Estonia,EST,2019,1.66,2.27725931243522,4.514,12.109,40586.3784378888,5.1,76.36,High income
Estonia,EST,2020,1.58,-0.444531097679829,6.956,18.611,40672.1340402132,4.6,76.69,High income
Estonia,EST,2021,1.61,4.65316673847472,6.178,14.934,44251.5374983455,,76.03,High income
Estonia,EST,2022,1.41,19.3982634080616,5.571,16.35,48217.5523106028,5.3,76.84,High income
Estonia,EST,2023,1.31,9.15922507983982,6.378,16.311,48637.1802208795,,76.16,High income
Estonia,EST,2024,1.18,3.5194118998392,7.6,19.408,49968.7108278373,,74.97,High income
Ethiopia,ETH,2000,6.654,0.662458109266481,3.499,6.944,473.903313482073,,,Not classified
Ethiopia,ETH,2001,6.579,-8.23784453391136,3.16,6.32,509.119301829784,,,Not classified
Ethiopia,ETH,2002,6.499,0.6750891021708,3.054,5.999,509.126314077643,,,Not classified
Ethiopia,ETH,2003,6.4,13.6740452028271,3.008,5.747,492.840755429983,,,Not classified
Ethiopia,ETH,2004,6.301,3.32737047894847,2.776,5.263,557.825634817804,,,Not classified
Ethiopia,ETH,2005,6.194,9.96997123512891,2.497,4.723,624.510692425695,,,Not classified
Ethiopia,ETH,2006,6.047,12.2994763114824,2.337,4.519,692.866907656774,,,Not classified
Ethiopia,ETH,2007,5.887,17.2404008340897,2.337,4.517,770.261155212815,,,Not classified
Ethiopia,ETH,2008,5.695,44.3566858766951,2.326,4.5,844.988380018695,,,Not classified
Ethiopia,ETH,2009,5.488,8.48364404530282,2.326,4.497,899.140901796651,,,Not classified
Ethiopia,ETH,2010,5.282,8.14926402965082,2.295,4.454,995.653978578747,,,Not classified
Ethiopia,ETH,2011,5.08,33.2499598823344,2.27,4.424,1098.11515728787,,,Not classified
Ethiopia,ETH,2012,4.887,23.600417677317,2.252,4.404,1178.97474553026,,,Not classified
Ethiopia,ETH,2013,4.708,7.46402192944517,2.251,4.411,1252.86896408004,,,Not classified
Ethiopia,ETH,2014,4.605,6.89001951597191,2.361,4.702,1484.63145566608,,,Not classified
Ethiopia,ETH,2015,4.529,9.56889955968623,2.442,4.961,1632.61818006837,,,Not classified
Ethiopia,ETH,2016,4.473,6.62813337230924,2.556,5.269,1857.54946515224,,,Not classified
Ethiopia,ETH,2017,4.401,10.6871150284238,2.665,5.579,2004.74755633129,,,Not classified
Ethiopia,ETH,2018,4.371,13.8330356586661,2.811,5.949,2095.3175782979,,,Not classified
Ethiopia,ETH,2019,4.347,15.8096321719344,2.928,6.286,2242.44488310464,,,Not classified
Ethiopia,ETH,2020,4.274,20.3563468559061,3.998,8.536,2406.78938478669,,,Not classified
Ethiopia,ETH,2021,4.177,26.8395221557722,3.935,8.295,2588.41310215884,,,Not classified
Ethiopia,ETH,2022,4.082,33.8898797100898,3.386,7.253,2844.92274535753,,,Not classified
Ethiopia,ETH,2023,3.989,30.2188278135278,3.375,7.245,3060.9050300376,,,Not classified
Ethiopia,ETH,2024,3.909,21.037746057771,3.357,7.216,3287.53492158893,,,Not classified
Finland,FIN,2000,1.73,3.04210080667795,11.134,30.507,26782.8574259016,5.1,,High income
Finland,FIN,2001,1.73,2.57844080098895,10.29,28.503,27798.0582735421,4.8,,High income
Finland,FIN,2002,1.72,1.57122012789379,10.423,28.549,28596.2606345457,5.2,,High income
Finland,FIN,2003,1.76,0.877440386254785,10.469,28.424,29042.698985165,5.0,,High income
Finland,FIN,2004,1.8,0.187120559084418,10.358,27.257,31195.1243346394,5.6,,High income
Finland,FIN,2005,1.8,0.62387445002519,9.602,26.052,32047.7069315564,5.6,,High income
Finland,FIN,2006,1.84,1.56666380704386,8.935,25.272,34440.3771039162,5.4,,High income
Finland,FIN,2007,1.83,2.5106656524034,6.854,16.58,37842.9164695203,5.6,,High income
Finland,FIN,2008,1.85,4.06595355358379,6.369,15.771,40081.2212482066,5.8,,High income
Finland,FIN,2009,1.86,-9.17360384430342e-07,8.249,18.907,37988.4498659536,5.6,,High income
Finland,FIN,2010,1.87,1.18413523154646,8.394,18.968,38946.228265358,5.6,68.4,High income
Finland,FIN,2011,1.83,3.41680754255211,7.781,18.334,40845.9566729849,5.3,67.92,High income
Finland,FIN,2012,1.8,2.80833622561573,7.689,17.972,40739.1131809421,5.3,68.08,High income
Finland,FIN,2013,1.75,1.47828615688809,8.193,16.992,41325.8052072321,4.6,67.27,High income
Finland,FIN,2014,1.71,1.04119621178439,8.663,18.294,41547.0984485393,4.5,66.41,High income
Finland,FIN,2015,1.65,-0.207928839905268,9.376,19.608,42257.8593791297,4.5,65.91,High income
Finland,FIN,2016,1.57,0.356684500891695,8.818,18.546,44562.4011072067,4.5,64.62,High income
Finland,FIN,2017,1.49,0.754015047084346,8.64,19.294,47234.8528600939,4.8,64.56,High income
Finland,FIN,2018,1.41,1.08382098409305,7.361,16.768,49248.6775395866,4.3,64.67,High income
Finland,FIN,2019,1.35,1.0240939296343,6.695,15.593,52276.1115723992,4.0,63.94,High income
Finland,FIN,2020,1.37,0.290554555653239,7.759,19.354,53296.5792798852,4.0,63.66,High income
Finland,FIN,2021,1.46,2.19457432340007,7.617,16.405,56790.3766177692,3.5,63.76,High income
Finland,FIN,2022,1.32,7.12350773301402,6.719,13.987,62133.1375219912,3.9,62.89,High income
Finland,FIN,2023,1.26,6.25064322154762,7.149,15.414,63414.9936878177,,61.9,High income
Finland,FIN,2024,1.25,1.56568906231615,8.4,17.991,65378.3841859721,,61.0,High income
Fiji,FJI,2000,2.992,1.09216459977387,4.697,16.859,5520.70756345658,,,Upper middle income
Fiji,FJI,2001,2.973,4.27267024465105,4.692,17.102,5699.04322766172,,,Upper middle income
Fiji,FJI,2002,2.968,0.762032085561206,4.772,17.617,5913.96875085188,,,Upper middle income
Fiji,FJI,2003,2.957,4.17274777763034,4.74,17.843,6033.12030343946,,,Upper middle income
Fiji,FJI,2004,2.941,2.827485193912,4.7,18.072,6463.42456974016,,,Upper middle income
Fiji,FJI,2005,2.917,2.36576453830433,3.886,15.568,6651.78559177015,,,Upper middle income
Fiji,FJI,2006,2.905,2.49083638787078,3.957,15.806,6921.29762810227,,,Upper middle income
Fiji,FJI,2007,2.872,4.80370641306988,4.109,16.311,6989.72309220269,,,Upper middle income
Fiji,FJI,2008,2.819,7.73227857918421,4.187,16.601,7153.61914510322,,,Upper middle income
Fiji,FJI,2009,2.76,3.13103559015967,4.309,17.019,7067.93482064011,,,Upper middle income
Fiji,FJI,2010,2.696,3.6890122967076,4.345,17.175,7339.47685170287,,,Upper middle income
Fiji,FJI,2011,2.631,7.278117827085,4.406,17.389,7671.88103769569,,,Upper middle income
Fiji,FJI,2012,2.612,3.42337523401979,4.375,17.969,8204.46565475009,,,Upper middle income
Fiji,FJI,2013,2.604,2.91354193603992,4.356,18.538,8842.15173943746,,,Upper middle income
Fiji,FJI,2014,2.591,0.519306474579106,4.323,19.016,10516.2597115551,,,Upper middle income
Fiji,FJI,2015,2.567,1.37488542621446,4.288,20.113,11519.3012187324,,,Upper middle income
Fiji,FJI,2016,2.518,3.86322538221277,4.319,21.502,11765.5379892236,,,Upper middle income
Fiji,FJI,2017,2.461,3.34757834757831,4.418,21.638,12585.2777215161,,,Upper middle income
Fiji,FJI,2018,2.419,4.08147637644542,4.523,21.654,12984.2072700863,,,Upper middle income
Fiji,FJI,2019,2.385,1.79388647514555,4.661,21.5,12978.0990352704,,,Upper middle income
Fiji,FJI,2020,2.357,-1.70014167847317,5.054,23.644,10716.2914367663,,,Upper middle income
Fiji,FJI,2021,2.332,1.53454853751591,5.225,22.282,10322.4279638854,,,Upper middle income
Fiji,FJI,2022,2.305,6.07882431529724,5.403,20.914,12982.2914519919,,,Upper middle income
Fiji,FJI,2023,2.281,2.97544080604538,5.316,20.118,14644.1773754361,,,Upper middle income
Fiji,FJI,2024,2.27,3.89084237884105,5.361,19.712,15450.2993265388,,,Upper middle income
France,FRA,2000,1.89,1.67595988720928,10.218,22.507,26007.4432303376,5.0,,High income
France,FRA,2001,1.9,1.63478079549599,8.61,20.422,27346.834962018,4.8,,High income
France,FRA,2002,1.88,1.92341228727063,8.702,20.725,28350.0985605428,4.6,,High income
France,FRA,2003,1.89,2.09847219146919,8.306,18.132,28024.0897244695,4.6,,High income
France,FRA,2004,1.92,2.14208964640238,8.914,19.718,28921.2608031323,4.5,,High income
France,FRA,2005,1.94,1.74586936380487,8.882,22.695,30431.2367240202,4.5,,High income
France,FRA,2006,2.0,1.67512449608726,8.832,24.197,32423.5225068799,4.3,,High income
France,FRA,2007,1.98,1.48799805953859,8.008,20.62,34066.2393228249,4.3,,High income
France,FRA,2008,2.01,2.81286194914785,7.386,19.38,35053.2627069116,4.1,,High income
France,FRA,2009,2.0,0.0876204781574653,9.122,22.827,34685.0059249958,3.9,,High income
France,FRA,2010,2.03,1.53112270420918,9.279,24.741,35907.5531031574,3.9,58.8,High income
France,FRA,2011,2.01,2.11159795175,9.228,24.19,37510.3759898714,3.6,60.03,High income
France,FRA,2012,2.01,1.95419531613509,9.841,24.694,37671.0239268565,3.7,60.64,High income
France,FRA,2013,1.99,0.863715497861804,9.913,25.028,39583.3520435045,3.6,61.08,High income
France,FRA,2014,2.0,0.507758822937989,10.273,23.998,40218.1258637776,3.6,61.44,High income
France,FRA,2015,1.96,0.0375143805125181,10.354,24.033,40905.1767750994,3.6,60.94,High income
France,FRA,2016,1.92,0.183334861123764,10.057,24.854,42880.2351355431,3.5,61.49,High income
France,FRA,2017,1.89,1.03228275064681,9.409,21.73,44469.1458856805,3.5,60.94,High income
France,FRA,2018,1.87,1.85081508315492,9.018,20.005,46381.0590629457,3.5,61.95,High income
France,FRA,2019,1.86,1.10825492288293,8.415,18.798,51130.4723140578,3.3,60.59,High income
France,FRA,2020,1.82,0.476498852725065,8.009,20.602,49481.8044309655,2.3,61.15,High income
France,FRA,2021,1.83,1.64233141038393,7.871,19.297,52517.3354905855,3.3908895638535532,61.11,High income
France,FRA,2022,1.78,5.22236748369725,7.303,16.572,57042.9449013772,3.6,60.47,High income
France,FRA,2023,1.66,4.8783572650844,7.335,16.495,60838.9416716424,,60.17,High income
France,FRA,2024,1.61,1.99904942291462,7.4,18.326,62556.91810454,,58.56,High income
Faroe Islands,FRO,2000,2.5604,,,,,,,High income
Faroe Islands,FRO,2001,2.297,,,,,,,High income
Faroe Islands,FRO,2002,2.5436,,,,,,,High income
Faroe Islands,FRO,2003,2.5267,,,,,,,High income
Faroe Islands,FRO,2004,2.5775,,,,,,,High income
Faroe Islands,FRO,2005,2.6115,,,,,,,High income
Faroe Islands,FRO,2006,2.4764,,,,,,,High income
Faroe Islands,FRO,2007,2.5395,,,,,,,High income
Faroe Islands,FRO,2008,2.5294,,,,41160.1085092854,,,High income
Faroe Islands,FRO,2009,2.3435,,,,39330.596445475,,,High income
Faroe Islands,FRO,2010,2.5033,,,,39766.5911029215,,,High income
Faroe Islands,FRO,2011,2.2832,,,,42133.2151486983,,,High income
Faroe Islands,FRO,2012,2.5311,,,,46196.842824186,,,High income
Faroe Islands,FRO,2013,2.5099,,,,49780.8416032719,,,High income
Faroe Islands,FRO,2014,2.5485,,,,53198.4138538914,,,High income
Faroe Islands,FRO,2015,2.411,,,,53684.3671653463,,,High income
Faroe Islands,FRO,2016,2.6078,,,,54318.3039321893,,,High income
Faroe Islands,FRO,2017,2.4684,,,,56416.2319500574,,,High income
Faroe Islands,FRO,2018,2.5015,,,,58933.1314753804,,,High income
Faroe Islands,FRO,2019,2.4187,,,,62223.4430514345,,,High income
Faroe Islands,FRO,2020,2.3301,,,,61650.8512256806,,,High income
Faroe Islands,FRO,2021,2.3109,,,,68426.7943218898,,,High income
Faroe Islands,FRO,2022,2.0788,,,,75265.6585388594,,,High income
Faroe Islands,FRO,2023,1.8676,,,,79694.929791758,,,High income
Faroe Islands,FRO,2024,1.9129,,,,81908.7781785018,,,High income
"Micronesia, Fed. Sts.",FSM,2000,4.217,2.15851810619419,,,2346.91905346727,,,Lower middle income
"Micronesia, Fed. Sts.",FSM,2001,4.084,0.502497351294027,,,2436.46317318124,,,Lower middle income
"Micronesia, Fed. Sts.",FSM,2002,3.934,-0.111442426432945,,,2483.45825184843,,,Lower middle income
"Micronesia, Fed. Sts.",FSM,2003,3.785,0.126643348208903,,,2580.87251667428,,,Lower middle income
"Micronesia, Fed. Sts.",FSM,2004,3.681,2.27669698247304,,,2573.97301569908,,,Lower middle income
"Micronesia, Fed. Sts.",FSM,2005,3.595,4.25769978210942,,,2728.61800192302,,,Lower middle income
"Micronesia, Fed. Sts.",FSM,2006,3.514,4.63737008585635,,,2824.4825395176,,,Lower middle income
"Micronesia, Fed. Sts.",FSM,2007,3.439,3.30634278002699,,,2873.02977076321,,,Lower middle income
"Micronesia, Fed. Sts.",FSM,2008,3.368,8.42372566246186,,,2877.45097129853,,,Lower middle income
"Micronesia, Fed. Sts.",FSM,2009,3.313,6.39360257735201,,,2953.54461702783,,,Lower middle income
"Micronesia, Fed. Sts.",FSM,2010,3.271,3.31370963136217,,,3063.03751923564,,,Lower middle income
"Micronesia, Fed. Sts.",FSM,2011,3.223,5.08259403890371,,,3239.75928315705,,,Lower middle income
"Micronesia, Fed. Sts.",FSM,2012,3.18,5.01850353045616,,,3238.40486117851,,,Lower middle income
"Micronesia, Fed. Sts.",FSM,2013,3.133,1.75232737350762,,,3165.65685742796,,,Lower middle income
"Micronesia, Fed. Sts.",FSM,2014,3.091,0.650284891767944,,,3129.54694054301,,,Lower middle income
"Micronesia, Fed. Sts.",FSM,2015,3.049,-0.2981158373807,,,3288.92160669275,,,Lower middle income
"Micronesia, Fed. Sts.",FSM,2016,3.001,-1.03746806405349,,,3340.44639346428,,,Lower middle income
"Micronesia, Fed. Sts.",FSM,2017,2.957,0.58225373525489,,,3461.36460828084,,,Lower middle income
"Micronesia, Fed. Sts.",FSM,2018,2.922,1.49840023593737,,,3526.87287847214,,,Lower middle income
"Micronesia, Fed. Sts.",FSM,2019,2.883,1.92385170787923,,,3718.79208432919,,,Lower middle income
"Micronesia, Fed. Sts.",FSM,2020,2.852,0.554594630853174,,,3683.98981483674,,,Lower middle income
"Micronesia, Fed. Sts.",FSM,2021,2.818,3.19128406597466,,,3946.41608109166,,,Lower middle income
"Micronesia, Fed. Sts.",FSM,2022,2.785,5.40874375479067,,,4086.9798010394,,,Lower middle income
"Micronesia, Fed. Sts.",FSM,2023,2.748,,,,4233.74492558769,,,Lower middle income
"Micronesia, Fed. Sts.",FSM,2024,2.743,,,,4346.84249671875,,,Lower middle income
Gabon,GAB,2000,4.469,0.504920025834859,17.848,40.655,13326.1169521318,,,Upper middle income
Gabon,GAB,2001,4.417,2.13762052701465,17.827,40.523,13555.6285395224,,,Upper middle income
Gabon,GAB,2002,4.36,0.0366828893971394,17.376,39.626,13369.1233374468,,,Upper middle income
Gabon,GAB,2003,4.299,2.23535313551536,17.126,39.129,13564.1804141405,,,Upper middle income
Gabon,GAB,2004,4.252,0.40820530743925,17.108,39.088,13637.6667971195,,,Upper middle income
Gabon,GAB,2005,4.21,3.70833333333304,16.91,38.729,14028.356207939,,,Upper middle income
Gabon,GAB,2006,4.17,-1.4094013660098,17.805,39.942,13637.2590188998,,,Upper middle income
Gabon,GAB,2007,4.142,5.03031883679951,18.257,40.3,14391.2465868132,,,Upper middle income
Gabon,GAB,2008,4.118,5.26430145575285,19.212,41.502,13733.7012862122,,,Upper middle income
Gabon,GAB,2009,4.138,1.88570754577918,19.76,41.944,13383.5662273185,,,Upper middle income
Gabon,GAB,2010,4.153,1.46154402720469,20.39,42.49,14014.6905491122,,,Upper middle income
Gabon,GAB,2011,4.151,1.26331707837421,19.895,41.736,14784.3483551883,,,Upper middle income
Gabon,GAB,2012,4.086,2.65241828695626,19.661,41.417,14619.7181445113,,,Upper middle income
Gabon,GAB,2013,4.019,0.505441058915615,19.736,41.614,14497.9921216902,,,Upper middle income
Gabon,GAB,2014,3.953,4.69045751826284,19.873,41.908,14853.6712460355,,,Upper middle income
Gabon,GAB,2015,3.921,-0.338795188753406,19.943,42.078,14306.4340768252,,,Upper middle income
Gabon,GAB,2016,3.921,2.10670712784054,20.117,42.408,13997.7352841911,,,Upper middle income
Gabon,GAB,2017,3.913,2.65192583143902,20.307,42.752,14796.6286374171,,,Upper middle income
Gabon,GAB,2018,3.908,4.74906652083221,20.459,43.026,15432.0430535353,,,Upper middle income
Gabon,GAB,2019,3.884,2.46456756151187,20.371,42.895,15949.6373739622,,,Upper middle income
Gabon,GAB,2020,3.831,1.35276110675333,21.279,47.15,14477.1308291744,,,Upper middle income
Gabon,GAB,2021,3.776,1.0869074651941,21.223,44.811,18523.5798032193,,,Upper middle income
Gabon,GAB,2022,3.712,4.23124798274579,20.319,42.927,19992.5570643468,,,Upper middle income
Gabon,GAB,2023,3.647,3.62901534185376,20.161,42.654,20755.665381766,,,Upper middle income
Gabon,GAB,2024,3.592,1.17311998381218,20.091,42.508,21510.1725307344,,,Upper middle income
United Kingdom,GBR,2000,1.64,1.18295624210408,5.558,10.288,26535.5018554582,5.2,,High income
United Kingdom,GBR,2001,1.63,1.53234960272418,4.696,8.596,27912.5562179151,4.8,,High income
United Kingdom,GBR,2002,1.63,1.52040245947455,5.037,8.684,29089.0536770407,4.9,,High income
United Kingdom,GBR,2003,1.7,1.37650038542013,4.807,9.377,30313.6906668382,5.2,,High income
United Kingdom,GBR,2004,1.75,1.39039756680422,4.594,9.648,32051.1847283895,,,High income
United Kingdom,GBR,2005,1.76,2.0891364902507,4.884,11.254,32726.1331883772,,,High income
United Kingdom,GBR,2006,1.82,2.4556616643929,5.472,12.274,34727.4366712141,,,High income
United Kingdom,GBR,2007,1.86,2.38656150773327,5.399,12.881,35522.0090884345,4.5,,High income
United Kingdom,GBR,2008,1.91,3.52140856342539,5.748,13.051,36744.7913584035,4.4,,High income
United Kingdom,GBR,2009,1.89,1.96173173560109,7.683,16.371,35041.5416305812,4.3,,High income
United Kingdom,GBR,2010,1.92,2.49265472467065,7.973,17.956,36483.5682802621,4.4,67.02,High income
United Kingdom,GBR,2011,1.91,3.8561124468282,8.195,18.865,37224.3787645256,4.4,65.38,High income
United Kingdom,GBR,2012,1.92,2.5732347965453,8.279,18.885,38336.5961844419,4.7,65.94,High income
United Kingdom,GBR,2013,1.83,2.29166666666659,7.752,18.204,39947.5369562562,4.2,65.46,High income
United Kingdom,GBR,2014,1.81,1.45112016293279,6.398,15.277,41266.8197795309,4.4,65.45,High income
United Kingdom,GBR,2015,1.8,0.36804684232536,5.552,13.57,42515.278865824,4.2,66.37,High income
United Kingdom,GBR,2016,1.79,1.0084173681141,4.909,11.38,44085.2025586772,4.3,66.23,High income
United Kingdom,GBR,2017,1.74,2.55775577557747,4.501,10.985,46113.0211677324,4.1,66.11,High income
United Kingdom,GBR,2018,1.68,2.29283990345938,4.145,10.612,47212.2045190522,4.0,66.62,High income
United Kingdom,GBR,2019,1.632,1.73810460086513,3.657,8.975,50064.9605582187,3.7,66.82,High income
United Kingdom,GBR,2020,1.571,0.989486703772491,4.472,11.574,48230.0477027461,1.4,67.32,High income
United Kingdom,GBR,2021,1.583,2.51837109614213,4.864,11.323,51004.4271714238,,67.66,High income
United Kingdom,GBR,2022,1.56,7.92204883147902,3.768,8.102,59021.5721805914,,68.38,High income
United Kingdom,GBR,2023,1.56,6.79396706793963,4.025,9.393,59911.3467663209,,,High income
United Kingdom,GBR,2024,1.551,3.2715729463592,4.361,11.884,62009.4907765366,,,High income
Georgia,GEO,2000,1.609,4.06396201382596,10.82,19.01,3161.19582490118,,,Upper middle income
Georgia,GEO,2001,1.579,4.64604442058634,11.16,18.283,3440.72817931982,,,Upper middle income
Georgia,GEO,2002,1.571,5.58783730000794,12.59,23.986,3718.68693255545,,,Upper middle income
Georgia,GEO,2003,1.552,0.837734531536568,11.51,27.26,4239.93841372799,,,Upper middle income
Georgia,GEO,2004,1.566,5.65632636191132,12.62,27.868,4634.77757594477,,,Upper middle income
Georgia,GEO,2005,1.583,8.24709043114158,13.81,27.164,5271.95095261655,,,Upper middle income
Georgia,GEO,2006,1.617,9.16096508394497,13.57,27.31,5980.44390488226,,,Upper middle income
Georgia,GEO,2007,1.697,9.24489745592404,13.28,31.91,6951.08584266081,,,Upper middle income
Georgia,GEO,2008,1.832,9.99948761552747,17.87,38.8,7278.66312193993,,,Upper middle income
Georgia,GEO,2009,1.993,1.7275146113791,20.71,46.087,7119.14279081978,,,Upper middle income
Georgia,GEO,2010,1.973,7.11017897486099,20.203,42.194,7711.80683889487,,,Upper middle income
Georgia,GEO,2011,1.915,8.5429333333333,19.632,42.804,8563.83554915647,,,Upper middle income
Georgia,GEO,2012,1.929,-0.943658853270964,19.653,39.091,10059.9820603954,,,Upper middle income
Georgia,GEO,2013,1.993,-0.512058410947092,19.416,38.743,10797.3423273476,,,Upper middle income
Georgia,GEO,2014,2.18,3.06881210379543,17.439,32.447,11770.6989360253,,,Upper middle income
Georgia,GEO,2015,2.214,4.00357820695097,16.506,37.791,12269.6528932768,,,Upper middle income
Georgia,GEO,2016,2.228,2.13492713939121,16.604,31.335,13065.294157468,,,Upper middle income
Georgia,GEO,2017,2.136,6.03531725272117,13.939,32.312,13718.9378669764,,,Upper middle income
Georgia,GEO,2018,2.093,2.6152447139767,12.667,34.631,15021.9057577433,,,Upper middle income
Georgia,GEO,2019,2.021,4.85289821696723,11.565,32.381,16770.1333771469,,,Upper middle income
Georgia,GEO,2020,1.976,5.2024648897534,11.734,32.274,16791.2598654465,,,Upper middle income
Georgia,GEO,2021,1.98,9.56691433824769,11.785,32.252,18915.6534005263,,,Upper middle income
Georgia,GEO,2022,1.82,11.8981654203198,11.621,32.518,22461.3326414547,,,Upper middle income
Georgia,GEO,2023,1.81,2.48776056578715,11.549,32.266,25071.9677264107,,,Upper middle income
Georgia,GEO,2024,1.802,1.10971758022096,11.557,32.158,28285.0732802982,,,Upper middle income
Ghana,GHA,2000,4.827,40.240933123914,10.456,16.596,2315.17803047482,,,Lower middle income
Ghana,GHA,2001,4.768,41.509496287803,9.615,15.561,2397.30067037823,,,Lower middle income
Ghana,GHA,2002,4.687,9.36093239560313,8.711,14.458,2475.09635357919,,,Lower middle income
Ghana,GHA,2003,4.597,29.7729797160384,7.728,13.261,2584.47723729151,,,Lower middle income
Ghana,GHA,2004,4.504,18.0427388232565,6.758,12.073,2729.34450244911,,,Lower middle income
Ghana,GHA,2005,4.496,15.4389920155908,5.816,10.898,2903.83429043881,,,Lower middle income
Ghana,GHA,2006,4.399,11.6791839392492,4.897,9.729,3103.22625820374,,,Lower middle income
Ghana,GHA,2007,4.288,10.7342665456292,5.104,10.455,3241.22081107324,,,Lower middle income
Ghana,GHA,2008,4.217,16.494639613412,5.144,10.951,3515.58923520243,,,Lower middle income
Ghana,GHA,2009,4.179,19.2469482220857,5.362,11.739,3617.23944435035,,,Lower middle income
Ghana,GHA,2010,4.181,10.7333898354915,5.384,12.223,3855.46891716757,,,Lower middle income
Ghana,GHA,2011,4.177,8.7284593709302,4.213,9.741,4381.12535523694,,,Lower middle income
Ghana,GHA,2012,4.154,11.1863409441067,3.126,7.365,4933.65254349093,,,Lower middle income
Ghana,GHA,2013,4.114,11.6661923071729,2.173,5.194,5214.56935848794,,,Lower middle income
Ghana,GHA,2014,4.029,15.4896160333318,4.403,9.276,5517.13178763566,,,Lower middle income
Ghana,GHA,2015,3.982,17.1499695007878,6.806,13.618,5191.37053389659,,,Lower middle income
Ghana,GHA,2016,3.873,17.4546347070868,5.256,10.168,5011.07931572904,,,Lower middle income
Ghana,GHA,2017,3.715,12.3719215507048,3.369,6.151,5170.96094857439,,,Lower middle income
Ghana,GHA,2018,3.65,7.80876516610703,3.204,5.919,5536.49795400218,,,Lower middle income
Ghana,GHA,2019,3.593,7.14364003330857,3.067,5.719,6002.55044678386,,,Lower middle income
Ghana,GHA,2020,3.541,9.88728956269944,3.178,6.336,6047.30111673554,,,Lower middle income
Ghana,GHA,2021,3.492,9.9710886750444,3.2,5.923,6607.50297378321,,,Lower middle income
Ghana,GHA,2022,3.434,31.2558951049016,2.87,5.334,7208.15798982723,,,Lower middle income
Ghana,GHA,2023,3.397,38.1069656296501,2.829,5.286,7556.41605453234,,,Lower middle income
Ghana,GHA,2024,3.344,22.8483281157842,2.82,5.276,8019.99702389611,,,Lower middle income
Gibraltar,GIB,2000,2.185,,,,,,,High income
Gibraltar,GIB,2001,2.104,,,,,,,High income
Gibraltar,GIB,2002,1.683,,,,,,,High income
Gibraltar,GIB,2003,1.634,,,,,,,High income
Gibraltar,GIB,2004,1.689,,,,,,,High income
Gibraltar,GIB,2005,1.754,,,,,,,High income
Gibraltar,GIB,2006,1.802,,,,,,,High income
Gibraltar,GIB,2007,1.852,,,,,,,High income
Gibraltar,GIB,2008,1.903,,,,,,,High income
Gibraltar,GIB,2009,1.926,,,,,,,High income
Gibraltar,GIB,2010,1.954,,,,,,,High income
Gibraltar,GIB,2011,1.974,,,,,,,High income
Gibraltar,GIB,2012,1.999,,,,,,,High income
Gibraltar,GIB,2013,2.099,,,,,,,High income
Gibraltar,GIB,2014,2.084,,,,,,,High income
Gibraltar,GIB,2015,2.074,,,,,,,High income
Gibraltar,GIB,2016,1.94,,,,,,,High income
Gibraltar,GIB,2017,1.93,,,,,,,High income
Gibraltar,GIB,2018,1.921,,,,,,,High income
Gibraltar,GIB,2019,1.912,,,,,,,High income
Gibraltar,GIB,2020,1.907,,,,,,,High income
Gibraltar,GIB,2021,1.899,,,,,,,High income
Gibraltar,GIB,2022,1.895,,,,,,,High income
Gibraltar,GIB,2023,1.888,,,,,,,High income
Gibraltar,GIB,2024,1.885,,,,,,,High income
Guinea,GIN,2000,5.918,,4.586,4.714,1195.80611453345,,,Lower middle income
Guinea,GIN,2001,5.834,,4.584,4.702,1250.97059720231,,,Lower middle income
Guinea,GIN,2002,5.781,,4.549,4.669,1315.36669371684,,,Lower middle income
Guinea,GIN,2003,5.744,,4.628,4.747,1327.96776541054,,,Lower middle income
Guinea,GIN,2004,5.733,,4.709,4.827,1366.03160239235,,,Lower middle income
Guinea,GIN,2005,5.727,31.3733025877534,4.814,4.925,1422.35088198922,,,Lower middle income
Guinea,GIN,2006,5.704,34.6952705997072,4.863,4.984,1452.96083164187,,,Lower middle income
Guinea,GIN,2007,5.664,18.1755656108597,4.787,4.958,1557.58584868863,,,Lower middle income
Guinea,GIN,2008,5.596,23.065612938798,4.803,4.995,1613.69884518936,,,Lower middle income
Guinea,GIN,2009,5.528,4.68438868976504,4.914,5.098,1566.70089247765,,,Lower middle income
Guinea,GIN,2010,5.435,15.0502688559001,5.018,5.199,1621.69161141242,,,Lower middle income
Guinea,GIN,2011,5.337,21.3169268542577,5.024,5.233,1705.27110438049,,,Lower middle income
Guinea,GIN,2012,5.232,15.2262941038638,4.874,5.161,1789.97473033561,,,Lower middle income
Guinea,GIN,2013,5.151,11.8875884481828,4.944,5.243,1842.00227737409,,,Lower middle income
Guinea,GIN,2014,5.07,6.1505055670642,5.044,5.347,1873.21413058957,,,Lower middle income
Guinea,GIN,2015,5.002,11.7800825029834,5.15,5.93,1929.68091332187,,,Lower middle income
Guinea,GIN,2016,4.915,8.17268112275132,4.997,6.316,2255.32617992615,,,Lower middle income
Guinea,GIN,2017,4.793,8.91435947913097,4.86,6.695,2687.09504827171,,,Lower middle income
Guinea,GIN,2018,4.669,9.82761701259191,4.835,7.17,2844.46427670549,,,Lower middle income
Guinea,GIN,2019,4.576,9.47001039253012,5.018,7.869,3105.82789015443,,,Lower middle income
Guinea,GIN,2020,4.489,10.6016203387167,6.007,9.675,3331.85663003801,,,Lower middle income
Guinea,GIN,2021,4.399,12.5972882566934,5.815,9.06,3738.8051255133,,,Lower middle income
Guinea,GIN,2022,4.303,10.4930409984424,5.174,8.002,4062.36136437922,,,Lower middle income
Guinea,GIN,2023,4.217,7.80497591927973,5.141,7.966,4333.74617312626,,,Lower middle income
Guinea,GIN,2024,4.131,8.12313914948596,5.132,7.956,4565.3007888456,,,Lower middle income
"Gambia, The",GMB,2000,5.716,0.8449695667737,9.722,18.03,1731.3384764555,,,Low income
"Gambia, The",GMB,2001,5.67,4.49259609239754,9.64,17.869,1822.9796510577,,,Low income
"Gambia, The",GMB,2002,5.656,8.60912474386327,10.039,18.442,1743.69432511929,,,Low income
"Gambia, The",GMB,2003,5.656,17.0328665431988,9.991,18.31,1849.78337005418,,,Low income
"Gambia, The",GMB,2004,5.683,14.2067432845569,9.948,18.183,1978.63262689984,,,Low income
"Gambia, The",GMB,2005,5.708,4.83862177543157,9.92,18.185,1938.02362742194,,,Low income
"Gambia, The",GMB,2006,5.736,2.0565034236599,10.241,18.627,1930.81888537674,,,Low income
"Gambia, The",GMB,2007,5.685,5.36913473801957,10.425,18.851,1985.040252425,,,Low income
"Gambia, The",GMB,2008,5.625,4.4436549094501,10.065,18.337,2088.27166129033,,,Low income
"Gambia, The",GMB,2009,5.574,4.56150687670983,9.778,17.914,2177.05344695607,,,Low income
"Gambia, The",GMB,2010,5.558,5.04968075857402,9.673,17.743,2266.82898238442,,,Low income
"Gambia, The",GMB,2011,5.542,4.7958826618311,10.276,18.674,2064.253852883,,,Low income
"Gambia, The",GMB,2012,5.519,4.25432199813899,10.346,18.75,2064.81438121612,,,Low income
"Gambia, The",GMB,2013,5.392,5.69912989637382,9.454,16.873,2006.74081646788,,,Low income
"Gambia, The",GMB,2014,5.197,5.94799935696626,8.191,14.56,1933.70329718446,,,Low income
"Gambia, The",GMB,2015,5.003,6.8084549457961,7.226,12.592,1990.31625750973,,,Low income
"Gambia, The",GMB,2016,4.809,7.22879272057922,6.244,10.627,2012.67648180251,,,Low income
"Gambia, The",GMB,2017,4.614,8.03418974545911,5.097,8.481,2038.95429850128,,,Low income
"Gambia, The",GMB,2018,4.42,6.52096823946573,4.055,6.534,2277.44236224191,,,Low income
"Gambia, The",GMB,2019,4.33,7.11567625631192,4.481,7.32,2421.72318070615,,,Low income
"Gambia, The",GMB,2020,4.248,5.93127636562441,5.84,9.849,2530.80414937307,,,Low income
"Gambia, The",GMB,2021,4.165,7.37034758876618,6.213,10.257,2777.79620978324,,,Low income
"Gambia, The",GMB,2022,4.078,11.5131198380505,6.067,10.095,3067.31040374628,,,Low income
"Gambia, The",GMB,2023,4.006,16.9742129632327,6.479,10.881,3289.13283057107,,,Low income
"Gambia, The",GMB,2024,3.907,11.5610532897511,6.48,10.894,3475.61245701341,,,Low income
Guinea-Bissau,GNB,2000,5.786,8.63632094930278,3.358,3.86,1013.97349183331,,,Low income
Guinea-Bissau,GNB,2001,5.688,3.34812265527108,2.958,3.58,1063.57228308529,,,Low income
Guinea-Bissau,GNB,2002,5.634,3.30012175283752,3.146,3.721,1095.22305833488,,,Low income
Guinea-Bissau,GNB,2003,5.577,-3.50258551103421,3.169,3.74,1088.74265675319,,,Low income
Guinea-Bissau,GNB,2004,5.5,0.883302696930943,3.226,3.782,1105.34322841441,,,Low income
Guinea-Bissau,GNB,2005,5.46,3.32919922802856,3.184,3.756,1186.62631354737,,,Low income
Guinea-Bissau,GNB,2006,5.406,1.95473717628916,3.143,3.731,1225.91824576792,,,Low income
Guinea-Bissau,GNB,2007,5.365,4.61743772241997,3.125,3.722,1259.6056068922,,,Low income
Guinea-Bissau,GNB,2008,5.266,10.4600731354706,3.157,3.75,1308.53556699717,,,Low income
Guinea-Bissau,GNB,2009,5.176,-1.65139733620775,3.163,3.758,1314.97078661955,,,Low income
Guinea-Bissau,GNB,2010,5.111,2.51785140171701,3.121,3.734,1369.68917066121,,,Low income
Guinea-Bissau,GNB,2011,5.067,5.046102263202,3.072,3.704,1471.76279879072,,,Low income
Guinea-Bissau,GNB,2012,5.003,2.13054580274503,3.135,3.754,1401.84994044148,,,Low income
Guinea-Bissau,GNB,2013,4.93,1.20712555668405,3.173,3.785,1415.82511935379,,,Low income
Guinea-Bissau,GNB,2014,4.79,-1.50924460570494,3.285,3.867,1455.90813665193,,,Low income
Guinea-Bissau,GNB,2015,4.661,1.47672048910485,3.168,3.792,1729.94260310123,,,Low income
Guinea-Bissau,GNB,2016,4.519,1.50312055861088,3.139,3.778,1824.3730977071,,,Low income
Guinea-Bissau,GNB,2017,4.347,1.69111461822298,3.089,3.749,2081.81287227685,,,Low income
Guinea-Bissau,GNB,2018,4.241,0.381324702790992,3.127,3.784,2057.96969129146,,,Low income
Guinea-Bissau,GNB,2019,4.153,0.24660026814783,2.413,2.171,2247.31303739185,,,Low income
Guinea-Bissau,GNB,2020,4.075,1.14000939393222,2.887,2.52,2339.79326967821,,,Low income
Guinea-Bissau,GNB,2021,3.998,2.24248879577658,3.016,2.232,2522.76764302521,,,Low income
Guinea-Bissau,GNB,2022,3.911,9.39075933985203,2.666,1.793,2788.83773937954,,,Low income
Guinea-Bissau,GNB,2023,3.836,7.10220928557059,2.632,1.785,2989.67235980477,,,Low income
Guinea-Bissau,GNB,2024,3.757,3.76555825770114,2.647,1.792,3119.37157047437,,,Low income
Equatorial Guinea,GNQ,2000,5.834,4.80228886901398,7.444,15.861,7420.39310111594,,,Upper middle income
Equatorial Guinea,GNQ,2001,5.785,8.82538925854966,7.551,16.439,11626.7231171673,,,Upper middle income
Equatorial Guinea,GNQ,2002,5.731,7.5924784983324,7.646,16.624,13254.823622224,,,Upper middle income
Equatorial Guinea,GNQ,2003,5.675,7.32354399351809,7.701,16.833,14496.1744119688,,,Upper middle income
Equatorial Guinea,GNQ,2004,5.618,4.21968787094834,7.658,16.63,19354.2120821557,,,Upper middle income
Equatorial Guinea,GNQ,2005,5.559,5.63163351357613,7.667,16.651,22137.0497795007,,,Upper middle income
Equatorial Guinea,GNQ,2006,5.498,4.41589984169561,7.612,16.443,23511.39865709,,,Upper middle income
Equatorial Guinea,GNQ,2007,5.433,2.80373831775704,7.592,16.422,26610.7691219619,,,Upper middle income
Equatorial Guinea,GNQ,2008,5.363,6.55176691184535,7.571,16.305,30522.7787142774,,,Upper middle income
Equatorial Guinea,GNQ,2009,5.288,4.69106567747375,7.702,16.73,29722.0005631066,,,Upper middle income
Equatorial Guinea,GNQ,2010,5.209,7.78916547991184,7.847,17.234,26167.8268525276,,,Upper middle income
Equatorial Guinea,GNQ,2011,5.126,4.805389221557,7.837,17.138,27241.6000370603,,,Upper middle income
Equatorial Guinea,GNQ,2012,5.04,3.65662048278806,7.761,16.95,30011.9274409625,,,Upper middle income
Equatorial Guinea,GNQ,2013,4.952,2.94887694639662,7.675,16.653,27909.5175876754,,,Upper middle income
Equatorial Guinea,GNQ,2014,4.863,4.30999866149107,7.669,16.416,27177.271665026,,,Upper middle income
Equatorial Guinea,GNQ,2015,4.774,1.67663085315988,7.778,16.582,19478.7010123338,,,Upper middle income
Equatorial Guinea,GNQ,2016,4.686,1.41193915479015,7.798,16.567,16649.4757672359,,,Upper middle income
Equatorial Guinea,GNQ,2017,4.599,0.74435474661241,7.843,16.384,18434.7708571004,,,Upper middle income
Equatorial Guinea,GNQ,2018,4.513,1.06007410662171,7.818,16.016,18413.1294204577,,,Upper middle income
Equatorial Guinea,GNQ,2019,4.429,1.53027528964189,7.917,16.195,16451.3641478324,,,Upper middle income
Equatorial Guinea,GNQ,2020,4.346,4.76669523944228,8.625,18.966,13677.110587517,,,Upper middle income
Equatorial Guinea,GNQ,2021,4.266,-0.0971007664640198,8.821,18.312,16821.4486470413,,,Upper middle income
Equatorial Guinea,GNQ,2022,4.17,4.78671704710803,8.334,17.136,18139.989326627,,,Upper middle income
Equatorial Guinea,GNQ,2023,4.081,2.85949506037322,8.218,16.719,17411.500234384,,,Upper middle income
Equatorial Guinea,GNQ,2024,4.116,2.92140227309103,8.293,16.865,17566.7600284073,,,Upper middle income
Greece,GRC,2000,1.25,3.15118162493827,11.345,38.215,18819.8544320117,4.5,,High income
Greece,GRC,2001,1.25,3.37396832213865,10.764,35.809,20303.9312433429,5.3,,High income
Greece,GRC,2002,1.28,3.62935871878874,10.346,35.625,21985.2345411071,5.3,,High income
Greece,GRC,2003,1.29,3.53065027765554,9.839,36.773,23252.6111362028,5.5,,High income
Greece,GRC,2004,1.31,2.89884810758167,10.628,36.255,24825.5735347512,4.6,,High income
Greece,GRC,2005,1.34,3.5450727333508,10.074,34.831,25003.8297466933,5.5,,High income
Greece,GRC,2006,1.4,3.19594684144543,8.906,34.766,28076.1241416392,5.2,,High income
Greece,GRC,2007,1.41,2.89500321516578,8.351,32.291,28895.874926558,5.5,,High income
Greece,GRC,2008,1.5,4.1527970811029,7.664,28.379,30440.9709059081,4.8,,High income
Greece,GRC,2009,1.5,1.21007269197809,9.546,33.516,29963.3968875108,5.3,,High income
Greece,GRC,2010,1.48,4.71298907760395,12.719,40.893,27838.73639086,5.1,73.06,High income
Greece,GRC,2011,1.4,3.3298532335065,17.973,52.259,25692.5740851321,5.0,71.72,High income
Greece,GRC,2012,1.34,1.50152696177758,24.731,63.541,24582.9741957507,4.5,73.02,High income
Greece,GRC,2013,1.29,-0.921269454256899,27.686,64.309,25730.8809006664,4.7,72.84,High income
Greece,GRC,2014,1.3,-1.31226096405525,26.708,58.765,26450.181326726,4.9,72.07,High income
Greece,GRC,2015,1.33,-1.73588804765275,24.981,55.027,26607.7256796976,5.0,72.92,High income
Greece,GRC,2016,1.38,-0.825653978391033,23.514,50.724,27504.5497984948,4.6,72.4,High income
Greece,GRC,2017,1.35,1.12125452031425,21.413,48.441,28681.6815585005,4.7,72.0,High income
Greece,GRC,2018,1.35,0.62562141345364,19.179,44.472,29792.0592519585,4.4,72.34,High income
Greece,GRC,2019,1.34,0.253007522038059,17.045,37.356,31927.3792151369,4.4,73.2,High income
Greece,GRC,2020,1.39,-1.24798355581405,15.899,38.561,29533.087740299,2.9,72.56,High income
Greece,GRC,2021,1.43,1.22382501019854,14.656,41.146,33531.15511226,3.9,71.98,High income
Greece,GRC,2022,1.32,9.64525981280642,12.426,39.223,39612.4406377916,4.2,71.5,High income
Greece,GRC,2023,1.26,3.46480128513405,11.023,29.469,42710.5058010314,,68.07,High income
Greece,GRC,2024,1.24,2.74101875679477,10.02,24.117,44327.2097808276,,68.17,High income
Grenada,GRD,2000,2.441,2.18181818181821,,,7305.72456197879,,,Upper middle income
Grenada,GRD,2001,2.421,3.14099305202543,,,7282.70841986036,,,Upper middle income
Grenada,GRD,2002,2.378,1.06721547992874,,,7620.673877466,,,Upper middle income
Grenada,GRD,2003,2.332,2.15492809908679,,,8469.08752658602,,,Upper middle income
Grenada,GRD,2004,2.285,2.3129167822611,,,8605.82398540487,,,Upper middle income
Grenada,GRD,2005,2.242,3.475806937554,,,10016.3479735194,,,Upper middle income
Grenada,GRD,2006,2.195,4.25195321977967,,,9876.6166955998,,,Upper middle income
Grenada,GRD,2007,2.154,3.85882922469653,,,10727.6792054748,,,Upper middle income
Grenada,GRD,2008,2.116,8.0332732765034,,,11000.7523577301,,,Upper middle income
Grenada,GRD,2009,2.078,-0.308654779585642,,,10303.3432602774,,,Upper middle income
Grenada,GRD,2010,2.038,3.43650905943351,,,10344.3839189192,,,Upper middle income
Grenada,GRD,2011,2.006,3.0334728033474,,,10591.7475649916,,,Upper middle income
Grenada,GRD,2012,1.967,2.41077704021862,,,10575.1056268616,,,Upper middle income
Grenada,GRD,2013,1.913,-0.0439997864828058,,,11199.4040197944,,,Upper middle income
Grenada,GRD,2014,1.799,-0.98360305555498,,,12228.6481055395,,,Upper middle income
Grenada,GRD,2015,1.715,-0.515448031435329,,,13214.4096644941,,,Upper middle income
Grenada,GRD,2016,1.616,1.65038994431573,,,13977.5055879135,,,Upper middle income
Grenada,GRD,2017,1.438,0.908458255874249,,,15041.4525712067,,,Upper middle income
Grenada,GRD,2018,1.53,0.804102313277033,,,15974.8591933124,,,Upper middle income
Grenada,GRD,2019,1.542,0.598149764736022,,,16446.1138871871,,,Upper middle income
Grenada,GRD,2020,1.532,-0.740732597045498,,,14361.1267154452,,,Upper middle income
Grenada,GRD,2021,1.517,1.21951193916838,,,15290.250903138,,,Upper middle income
Grenada,GRD,2022,1.502,2.5805392590792,,,17543.9815596266,,,Upper middle income
Grenada,GRD,2023,1.487,2.69612269814564,,,18970.740164653,,,Upper middle income
Grenada,GRD,2024,1.472,1.08615365134737,,,20177.8094927386,,,Upper middle income
Greenland,GRL,2000,2.406,,,,29616.1597427886,,,High income
Greenland,GRL,2001,2.506,,,,30561.7998286959,,,High income
Greenland,GRL,2002,2.613,,,,30618.0027855733,,,High income
Greenland,GRL,2003,2.328,,,,32516.0413742949,,,High income
Greenland,GRL,2004,2.442,,,,35604.3390646877,,,High income
Greenland,GRL,2005,2.326,,,,38527.0850327204,,,High income
Greenland,GRL,2006,2.28,,,,42039.7937935486,,,High income
Greenland,GRL,2007,2.223,,,,44366.4315156047,,,High income
Greenland,GRL,2008,2.249,,,,48203.123064415,,,High income
Greenland,GRL,2009,2.344,,,,48924.7640849636,,,High income
Greenland,GRL,2010,2.184,,,,50190.8817880429,,,High income
Greenland,GRL,2011,2.097,,,,50653.0585916924,,,High income
Greenland,GRL,2012,2.006,,,,52389.325351824,,,High income
Greenland,GRL,2013,2.069,,,,52893.6503558212,,,High income
Greenland,GRL,2014,1.987,,,,56555.0690671219,,,High income
Greenland,GRL,2015,2.116,,,,55815.6502883612,,,High income
Greenland,GRL,2016,2.066,,,,58908.5907729314,,,High income
Greenland,GRL,2017,2.125,,,,60010.0982907298,,,High income
Greenland,GRL,2018,2.024,,,,61806.8271308174,,,High income
Greenland,GRL,2019,2.115,,,,64264.0564607393,,,High income
Greenland,GRL,2020,2.109,,,,64999.4435683064,,,High income
Greenland,GRL,2021,1.82,,,,69302.0088788237,,,High income
Greenland,GRL,2022,1.818,,,,75720.4298219323,,,High income
Greenland,GRL,2023,1.769,,,,78840.5978395988,,,High income
Greenland,GRL,2024,1.706,,,,,,,High income
Guatemala,GTM,2000,4.583,5.97757734737136,2.143,4.58,4714.96666200848,,,Upper middle income
Guatemala,GTM,2001,4.502,7.28587366610138,2.251,4.724,4821.54598486775,,,Upper middle income
Guatemala,GTM,2002,4.371,8.13263054281054,2.254,4.731,4969.25744944448,,,Upper middle income
Guatemala,GTM,2003,4.25,5.60347675434469,2.807,5.176,5081.38005585657,,,Upper middle income
Guatemala,GTM,2004,4.134,7.57862247309729,2.971,7.3,5263.446549119,,,Upper middle income
Guatemala,GTM,2005,3.974,9.1086498571922,3.059,7.202,5486.27776986281,,,Upper middle income
Guatemala,GTM,2006,3.845,6.56085282795384,2.96,6.857,5833.3869180176,,,Upper middle income
Guatemala,GTM,2007,3.716,6.82161753590326,2.847,6.51,6238.33976946504,,,Upper middle income
Guatemala,GTM,2008,3.571,11.355761126315,2.898,6.383,6434.50703746094,,,Upper middle income
Guatemala,GTM,2009,3.465,1.85910254733028,3.22,6.552,6376.74106297933,,,Upper middle income
Guatemala,GTM,2010,3.375,3.8595090983316,3.497,6.615,6510.09980949963,,,Upper middle income
Guatemala,GTM,2011,3.292,6.214123930671,3.169,6.462,6784.44712953621,,,Upper middle income
Guatemala,GTM,2012,3.219,3.78180754679678,2.765,6.394,7258.31667467883,,,Upper middle income
Guatemala,GTM,2013,3.151,4.34337131279521,3.017,5.8,7699.94541247252,,,Upper middle income
Guatemala,GTM,2014,3.088,3.4183616966296,2.717,8.228,8236.65929901849,,,Upper middle income
Guatemala,GTM,2015,3.029,2.3887203283955,2.506,9.683,8934.00261178396,,,Upper middle income
Guatemala,GTM,2016,2.973,4.44844199942827,2.583,8.084,9201.42836046353,,,Upper middle income
Guatemala,GTM,2017,2.857,4.42453655182546,2.462,7.927,9560.17783462724,,,Upper middle income
Guatemala,GTM,2018,2.743,3.75186186704508,2.283,6.685,9946.80252245268,,,Upper middle income
Guatemala,GTM,2019,2.593,3.69998398008605,2.193,5.574,10755.8801029589,,,Upper middle income
Guatemala,GTM,2020,2.47,3.21444062197345,2.965,6.773,10947.3711292197,,,Upper middle income
Guatemala,GTM,2021,2.388,4.26105127422813,2.174,5.383,11825.141273764,,,Upper middle income
Guatemala,GTM,2022,2.343,6.88512823344287,3.051,10.154,13014.0153809826,,,Upper middle income
Guatemala,GTM,2023,2.311,6.20657592272126,2.344,4.578,13745.3631241794,,,Upper middle income
Guatemala,GTM,2024,2.287,2.86992752918294,2.613,4.8,14368.6605681815,,,Upper middle income
Guam,GUM,2000,2.915,,15.32,34.646,,,,High income
Guam,GUM,2001,2.817,,13.213,29.727,,,,High income
Guam,GUM,2002,2.582,,11.39,25.357,,,,High income
Guam,GUM,2003,2.657,,9.693,22.893,,,,High income
Guam,GUM,2004,2.772,,7.7,20.053,,,,High income
Guam,GUM,2005,2.638,,7.0,18.754,,,,High income
Guam,GUM,2006,2.807,,7.4,18.579,,,,High income
Guam,GUM,2007,2.905,,8.3,24.677,,,,High income
Guam,GUM,2008,2.905,,8.892,25.402,,,,High income
Guam,GUM,2009,2.891,,9.3,25.743,,,,High income
Guam,GUM,2010,2.973,,8.2,23.683,,,,High income
Guam,GUM,2011,2.876,,13.3,39.936,,,,High income
Guam,GUM,2012,3.117,,12.2,29.237,,,,High income
Guam,GUM,2013,2.883,,11.5,27.68,,,,High income
Guam,GUM,2014,2.946,,7.6,18.435,,,,High income
Guam,GUM,2015,2.933,,6.9,16.828,,,,High income
Guam,GUM,2016,3.171,,5.4,13.244,,,,High income
Guam,GUM,2017,3.088,,5.418,13.386,,,,High income
Guam,GUM,2018,2.995,,5.45,13.531,,,,High income
Guam,GUM,2019,2.938,,5.405,13.57,,,,High income
Guam,GUM,2020,2.895,,6.241,16.148,,,,High income
Guam,GUM,2021,2.856,,6.0,14.891,,,,High income
Guam,GUM,2022,2.819,,5.383,13.47,,,,High income
Guam,GUM,2023,2.781,,5.262,13.268,,,,High income
Guam,GUM,2024,2.748,,5.252,13.297,,,,High income
Guyana,GUY,2000,3.057,6.14854333024871,11.917,31.635,5859.91791902933,,,High income
Guyana,GUY,2001,2.958,2.62741314203332,11.796,31.259,6131.2968302103,,,High income
Guyana,GUY,2002,2.844,5.3410152137741,11.81,31.106,6303.90372199923,,,High income
Guyana,GUY,2003,2.75,5.98097814066473,11.529,30.361,6392.33315799222,,,High income
Guyana,GUY,2004,2.681,4.66846622369882,11.281,29.628,6672.82299438544,,,High income
Guyana,GUY,2005,2.648,6.92554303890157,11.085,28.951,6761.1179841322,,,High income
Guyana,GUY,2006,2.659,6.67715790410028,10.7,27.856,7345.94028212224,,,High income
Guyana,GUY,2007,2.681,12.2001544446648,10.84,28.086,8110.02999896567,,,High income
Guyana,GUY,2008,2.697,8.10202206969276,11.018,28.362,8436.51438442543,,,High income
Guyana,GUY,2009,2.694,2.95230096381001,11.307,28.825,8824.48960162477,,,High income
Guyana,GUY,2010,2.684,3.73337757704246,11.632,29.338,9336.59830212594,,,High income
Guyana,GUY,2011,2.694,4.9777356370697,11.811,29.563,10066.0729753598,,,High income
Guyana,GUY,2012,2.701,2.39193521312334,12.029,29.854,10626.8256674463,,,High income
Guyana,GUY,2013,2.711,1.90125181860582,12.296,30.237,11199.8874744089,,,High income
Guyana,GUY,2014,2.695,0.852630497539914,12.637,30.801,11145.0291198724,,,High income
Guyana,GUY,2015,2.667,-1.00173432776374,13.009,31.485,11408.473901349,,,High income
Guyana,GUY,2016,2.634,0.836008061506207,13.263,32.029,11516.3798289577,,,High income
Guyana,GUY,2017,2.593,1.90465615515584,13.466,32.55,12243.2225968541,,,High income
Guyana,GUY,2018,2.553,1.28284288443528,13.627,33.073,12442.5087185876,,,High income
Guyana,GUY,2019,2.521,2.08723089162013,13.172,32.305,13240.9713761155,,,High income
Guyana,GUY,2020,2.491,0.99333702283873,15.308,38.276,16819.4228714695,,,High income
Guyana,GUY,2021,2.462,5.03285574626702,14.576,35.926,22865.9270968882,,,High income
Guyana,GUY,2022,2.437,6.11505550109935,11.907,29.937,39710.9695607531,,,High income
Guyana,GUY,2023,2.412,2.82110335099641,11.917,29.988,54729.0365156366,,,High income
Guyana,GUY,2024,2.395,2.90395226446373,11.874,29.955,80155.03939277,,,High income
"Hong Kong SAR, China",HKG,2000,1.032,-3.68550368550369,4.92,10.198,28224.5090219727,,,High income
"Hong Kong SAR, China",HKG,2001,0.931,-1.65816326530609,5.09,9.123,28808.8079174675,,,High income
"Hong Kong SAR, China",HKG,2002,0.941,-2.98313878080415,7.28,11.806,29609.7666883704,,,High income
"Hong Kong SAR, China",HKG,2003,0.901,-2.67379679144394,7.86,11.608,31178.6830095146,,,High income
"Hong Kong SAR, China",HKG,2004,0.922,-0.274725274725253,6.74,9.215,34532.2491577194,,,High income
"Hong Kong SAR, China",HKG,2005,0.959,0.826446280991827,5.58,7.898,38079.5726781956,,,High income
"Hong Kong SAR, China",HKG,2006,0.984,2.00025160397534,4.77,8.081,41745.5016249309,,,High income
"Hong Kong SAR, China",HKG,2007,1.028,2.03502713369511,4.01,7.183,45257.6516105824,,,High income
"Hong Kong SAR, China",HKG,2008,1.064,4.30315484104921,3.56,6.873,46830.2384798239,,,High income
"Hong Kong SAR, China",HKG,2009,1.055,0.579441418472608,5.26,10.09,45861.4775210139,,,High income
"Hong Kong SAR, China",HKG,2010,1.127,2.29289088604673,4.329,10.271,49197.6469338098,,,High income
"Hong Kong SAR, China",HKG,2011,1.204,5.3052489299392,3.422,7.697,52277.4664432843,,,High income
"Hong Kong SAR, China",HKG,2012,1.285,4.05390950903844,3.285,7.645,52149.6812694206,,,High income
"Hong Kong SAR, China",HKG,2013,1.125,4.33799342105267,3.4,7.715,53517.419549888,,,High income
"Hong Kong SAR, China",HKG,2014,1.235,4.42364532019699,3.296,8.073,54514.9268059819,,,High income
"Hong Kong SAR, China",HKG,2015,1.196,2.99084819322581,3.314,9.548,56043.042695697,,,High income
"Hong Kong SAR, China",HKG,2016,1.205,2.40930743862224,3.392,8.557,56761.4824132224,,,High income
"Hong Kong SAR, China",HKG,2017,1.128,1.49387243939522,3.124,7.944,59260.9131761938,,,High income
"Hong Kong SAR, China",HKG,2018,1.08,2.40613432046534,2.805,7.556,60900.2752924537,,,High income
"Hong Kong SAR, China",HKG,2019,1.064,2.88320853773996,2.917,6.566,61221.4195400701,,,High income
"Hong Kong SAR, China",HKG,2020,0.883,0.2509620210808,5.808,13.699,58187.4764072535,,,High income
"Hong Kong SAR, China",HKG,2021,0.772,1.56875834445922,5.174,10.431,65884.9376260603,,,High income
"Hong Kong SAR, China",HKG,2022,0.701,1.88136707196853,4.318,10.11,68602.1257900473,,,High income
"Hong Kong SAR, China",HKG,2023,0.751,2.09660511249089,2.949,8.371,71512.3193551161,,,High income
"Hong Kong SAR, China",HKG,2024,0.841,1.72972119105914,2.988,8.621,75195.9865970615,,,High income
Honduras,HND,2000,4.289,11.0480349344976,3.883,7.32,2587.42253930427,,,Lower middle income
Honduras,HND,2001,4.153,9.67415556865377,4.0,7.721,2645.25477555617,,,Lower middle income
Honduras,HND,2002,4.0,7.69050972034271,4.02,9.234,2714.5663201945,,,Lower middle income
Honduras,HND,2003,3.844,7.67416639397937,5.3,12.701,2820.71404423524,,,Lower middle income
Honduras,HND,2004,3.71,8.1137909709338,5.99,16.379,3001.29671320439,,,Lower middle income
Honduras,HND,2005,3.577,8.80906074819819,4.909,12.892,3203.95918990724,,,Lower middle income
Honduras,HND,2006,3.449,5.57775207654298,3.574,9.902,3437.62296344903,,,Lower middle income
Honduras,HND,2007,3.351,6.93621470895774,3.211,8.052,3664.0882849454,,,Lower middle income
Honduras,HND,2008,3.26,11.4034270813932,3.156,8.782,3806.34706373843,,,Lower middle income
Honduras,HND,2009,3.173,5.49634273772208,3.292,9.952,3655.79701383106,,,Lower middle income
Honduras,HND,2010,3.078,4.69889064976226,4.119,11.814,3757.5464206245,,,Lower middle income
Honduras,HND,2011,2.998,6.7622795731476,4.474,13.743,3900.71136173338,,,Lower middle income
Honduras,HND,2012,2.927,5.19618615531848,3.755,12.416,4016.34609101801,,,Lower middle income
Honduras,HND,2013,2.855,5.16189898581494,5.646,15.58,4137.3268237781,,,Lower middle income
Honduras,HND,2014,2.793,6.12924930313022,7.078,17.546,4460.05742833175,,,Lower middle income
Honduras,HND,2015,2.746,3.15783117980923,6.147,19.399,4845.59566521125,,,Lower middle income
Honduras,HND,2016,2.704,2.72461223295289,6.727,20.804,5186.15897417161,,,Lower middle income
Honduras,HND,2017,2.663,3.93436084442044,5.528,17.093,5620.65455247733,,,Lower middle income
Honduras,HND,2018,2.645,4.34734937777528,5.648,15.779,5633.3832384519,,,Lower middle income
Honduras,HND,2019,2.611,4.36587159819267,5.698,17.503,5784.93081057111,,,Lower middle income
Honduras,HND,2020,2.577,3.46841177951184,10.982,26.211,5384.69831983038,,,Lower middle income
Honduras,HND,2021,2.548,4.48087963413445,8.506,18.581,6202.98078812037,,,Lower middle income
Honduras,HND,2022,2.522,9.08963911525025,8.774,21.673,6805.49358294554,,,Lower middle income
Honduras,HND,2023,2.5,6.66325180347457,6.07,15.465,7178.33906781522,,,Lower middle income
Honduras,HND,2024,2.476,4.60621098127107,4.91,11.999,7486.01869616445,,,Lower middle income
Croatia,HRV,2000,1.39,4.61131554737801,16.064,41.664,10674.5257032509,4.9,,High income
Croatia,HRV,2001,1.46,3.77670246665889,15.822,41.648,11652.9401300524,5.1,,High income
Croatia,HRV,2002,1.42,1.67178437393383,15.053,39.056,12774.6276276714,5.3,,High income
Croatia,HRV,2003,1.41,1.76733780760629,13.924,38.698,13691.5569233489,5.2,,High income
Croatia,HRV,2004,1.43,2.05539679050328,13.664,37.269,14686.110676691,5.3,,High income
Croatia,HRV,2005,1.5,3.31717824448045,12.598,35.234,15450.8118988907,5.1,,High income
Croatia,HRV,2006,1.47,3.18982591472949,11.13,31.21,17628.7006021513,5.1,,High income
Croatia,HRV,2007,1.48,2.89928275583388,9.909,29.285,19567.5566152741,5.4,,High income
Croatia,HRV,2008,1.47,6.07696838798354,8.53,28.283,21017.9485954363,5.4,,High income
Croatia,HRV,2009,1.5,2.37852845904674,9.202,27.442,20358.3147167823,5.2,,High income
Croatia,HRV,2010,1.46,1.03055505333574,11.62,33.569,20139.2955371548,5.0,,High income
Croatia,HRV,2011,1.41,2.2727272727273,13.678,36.102,21190.7130553097,4.7,,High income
Croatia,HRV,2012,1.52,3.41207349081358,16.046,42.304,21618.825625842,4.8,,High income
Croatia,HRV,2013,1.46,2.21658206429779,17.231,51.021,22429.8502256715,4.5,,High income
Croatia,HRV,2014,1.46,-0.215196159576268,17.209,46.61,22706.1799469484,4.6,,High income
Croatia,HRV,2015,1.41,-0.464499004644911,16.15,43.555,23749.636747943,4.7,,High income
Croatia,HRV,2016,1.43,-1.12500000000002,13.015,31.034,25802.6823323622,4.9,89.82,High income
Croatia,HRV,2017,1.42,1.12937210282347,11.078,27.21,27887.7588440919,4.9,90.42,High income
Croatia,HRV,2018,1.47,1.50012501041756,8.322,29.229,29789.1305400916,4.9,89.71,High income
Croatia,HRV,2019,1.47,0.771820346498019,6.551,18.813,33063.9101734438,4.9,89.08,High income
Croatia,HRV,2020,1.48,0.154811374562106,7.389,23.94,31594.0111922141,3.8,91.21,High income
Croatia,HRV,2021,1.62,2.55450699642041,7.483,26.329,36930.2841941405,4.6,90.21,High income
Croatia,HRV,2022,1.53,10.7805806758686,6.811,22.08,42125.0726930931,4.7,91.05,High income
Croatia,HRV,2023,1.46,7.9412817758683,6.121,21.83,47759.6982995339,,90.52,High income
Croatia,HRV,2024,1.46,2.97200477643618,5.0,17.877,49550.7921506017,,90.31,High income
Haiti,HTI,2000,4.39,9.33322197565603,8.443,24.202,2228.50133637731,,,Lower middle income
Haiti,HTI,2001,4.248,13.31672224251,9.728,27.616,2229.84396723075,,,Lower middle income
Haiti,HTI,2002,4.125,7.03287406224601,11.008,30.994,2247.97896614654,,,Lower middle income
Haiti,HTI,2003,4.047,28.6995777887374,12.151,34.076,2330.91873933383,,,Lower middle income
Haiti,HTI,2004,3.943,21.0318339277222,13.415,37.375,2322.19786798691,,,Lower middle income
Haiti,HTI,2005,3.835,13.973008326384,14.559,40.42,2427.44808551393,,,Lower middle income
Haiti,HTI,2006,3.761,11.3452152244299,15.866,44.036,2503.65932681978,,,Lower middle income
Haiti,HTI,2007,3.687,6.55722772638066,16.8,46.91,2647.4953861343,,,Lower middle income
Haiti,HTI,2008,3.621,15.2817744823772,16.204,45.954,2724.45922826633,,,Lower middle income
Haiti,HTI,2009,3.565,0.393886040173341,15.398,44.53,2855.15971385494,,,Lower middle income
Haiti,HTI,2010,3.497,4.82734190074673,15.244,44.657,2694.91104137315,,,Lower middle income
Haiti,HTI,2011,3.431,6.33279483849042,14.506,43.326,2858.19645979435,,,Lower middle income
Haiti,HTI,2012,3.321,5.01804155429246,14.1,42.823,2830.19080559709,,,Lower middle income
Haiti,HTI,2013,3.221,4.76502404779142,13.704,42.155,3042.4970687871,,,Lower middle income
Haiti,HTI,2014,3.164,3.43816659958601,13.808,42.614,3075.73843837062,,,Lower middle income
Haiti,HTI,2015,3.11,6.73184069658997,13.785,42.841,3025.83461728258,,,Lower middle income
Haiti,HTI,2016,3.054,11.5029073942666,13.902,43.37,3253.47178641614,,,Lower middle income
Haiti,HTI,2017,2.985,10.6800887242584,13.932,43.701,3339.38884653446,,,Lower middle income
Haiti,HTI,2018,2.924,12.4814111170435,13.934,43.986,3196.97386370614,,,Lower middle income
Haiti,HTI,2019,2.862,18.7037825672506,14.095,44.688,3236.97492504607,,,Lower middle income
Haiti,HTI,2020,2.804,22.7963113642528,15.573,50.387,3103.18066312462,,,Lower middle income
Haiti,HTI,2021,2.748,16.8415240198785,15.296,47.943,3145.00681057269,,,Lower middle income
Haiti,HTI,2022,2.699,33.98393194707,14.54,46.276,3275.40718126345,,,Lower middle income
Haiti,HTI,2023,2.656,36.8135162780854,14.459,46.398,3291.73817887066,,,Lower middle income
Haiti,HTI,2024,2.625,26.9490564091987,14.609,47.112,3193.67136419915,,,Lower middle income
Hungary,HUN,2000,1.32,9.80361016908125,6.563,10.872,11871.6712053699,4.7,,High income
Hungary,HUN,2001,1.31,9.11680911680911,5.671,9.894,13222.7298612624,4.3,,High income
Hungary,HUN,2002,1.3,5.26544821583985,5.608,10.587,14532.3075182088,4.5,,High income
Hungary,HUN,2003,1.27,4.66101694915254,5.79,12.394,15459.9630651172,4.5,,High income
Hungary,HUN,2004,1.28,6.74434679569469,5.832,14.4,16250.6523854316,4.3,,High income
Hungary,HUN,2005,1.31,3.56151711378352,7.189,19.357,17091.2761318193,4.4,,High income
Hungary,HUN,2006,1.34,3.93032603841001,7.494,20.037,18361.9963871537,4.4,,High income
Hungary,HUN,2007,1.32,7.9587451654491,7.406,18.954,19089.2936988152,4.1,,High income
Hungary,HUN,2008,1.35,6.0425125388106,7.817,20.429,20708.7615120316,4.0,,High income
Hungary,HUN,2009,1.32,4.21171171171171,10.03,24.554,20691.4485224486,3.7,,High income
Hungary,HUN,2010,1.25,4.85555795691956,11.172,24.699,21690.9866477738,3.6,88.14,High income
Hungary,HUN,2011,1.23,3.9299209893507,11.029,24.703,22992.2184657584,3.6,88.27,High income
Hungary,HUN,2012,1.34,5.65214517088646,11.003,27.161,23205.310668404,3.6,89.18,High income
Hungary,HUN,2013,1.36,1.73319984983101,10.177,27.905,24591.6380503055,3.7,88.49,High income
Hungary,HUN,2014,1.45,-0.227566270988219,7.725,20.956,25796.2100959256,3.9,87.23,High income
Hungary,HUN,2015,1.46,-0.0616446800641672,6.813,15.996,26937.7320818864,4.7,83.48,High income
Hungary,HUN,2016,1.55,0.394769306686392,5.115,12.915,28178.9450366919,5.3,85.94,High income
Hungary,HUN,2017,1.56,2.34824281150154,4.156,12.028,29728.0121568801,5.2,84.75,High income
Hungary,HUN,2018,1.57,2.85024792594646,3.667,10.615,32258.2577892511,5.2,84.79,High income
Hungary,HUN,2019,1.58,3.33858635382008,3.411,10.981,35627.2315520858,6.7,,High income
Hungary,HUN,2020,1.61,3.32674385766738,4.248,14.111,35583.5855675637,6.9,,High income
Hungary,HUN,2021,1.63,5.11096534382855,4.021,15.475,38887.1909527154,7.4,,High income
Hungary,HUN,2022,1.57,14.6081439492433,3.583,9.527,44365.9108128343,6.6,,High income
Hungary,HUN,2023,1.55,17.1249659678737,4.096,12.245,46592.3856070073,,,High income
Hungary,HUN,2024,1.41,3.70370370370369,4.5,14.808,48552.4708092529,,,High income
Indonesia,IDN,2000,2.503,3.68862037056682,6.077,19.858,4639.03942639464,,,Upper middle income
Indonesia,IDN,2001,2.466,11.5001160550887,6.082,21.048,4848.55580110852,,,Upper middle income
Indonesia,IDN,2002,2.436,11.9001200338414,6.604,23.647,5076.16438159536,,,Upper middle income
Indonesia,IDN,2003,2.41,6.75731256333564,6.657,23.772,5352.50750391531,,,Upper middle income
Indonesia,IDN,2004,2.415,6.06406189133648,7.303,27.079,5700.04949535761,,,Upper middle income
Indonesia,IDN,2005,2.452,10.4532001873347,7.945,30.67,6134.1667301082,,,Upper middle income
Indonesia,IDN,2006,2.457,13.108670985346,7.551,27.489,6583.35112358046,,,Upper middle income
Indonesia,IDN,2007,2.476,6.40656087966005,8.06,25.614,7096.38768916734,,,Upper middle income
Indonesia,IDN,2008,2.44,10.2266663272483,7.208,21.562,7569.25304691272,,,Upper middle income
Indonesia,IDN,2009,2.442,4.38641311792074,6.106,20.942,7868.14818333554,,,Upper middle income
Indonesia,IDN,2010,2.462,5.13420639015885,5.614,19.089,8353.45684733249,,,Upper middle income
Indonesia,IDN,2011,2.515,5.35604849112582,5.153,19.548,8936.99215549454,,,Upper middle income
Indonesia,IDN,2012,2.514,4.2795142691943,4.468,16.29,9530.29071136718,,,Upper middle income
Indonesia,IDN,2013,2.441,6.41249457900391,4.336,16.462,9866.01699250847,,,Upper middle income
Indonesia,IDN,2014,2.393,6.39492882396559,4.049,16.495,10064.677127417,,,Upper middle income
Indonesia,IDN,2015,2.346,6.36312061196646,4.514,17.346,10027.5372996025,,,Upper middle income
Indonesia,IDN,2016,2.311,3.52580452815451,4.301,16.095,10262.5951651871,,,Upper middle income
Indonesia,IDN,2017,2.253,3.80879857691949,3.783,14.371,10687.6409218443,,,Upper middle income
Indonesia,IDN,2018,2.219,3.19834755924996,4.387,16.541,11372.0971987612,,,Upper middle income
Indonesia,IDN,2019,2.205,3.03058460941661,3.59,13.303,11986.4701508376,,,Upper middle income
Indonesia,IDN,2020,2.189,1.91983527270793,4.255,14.383,11729.3674458448,,,Upper middle income
Indonesia,IDN,2021,2.166,1.56007882983334,3.827,12.689,12757.0746440204,,,Upper middle income
Indonesia,IDN,2022,2.149,4.20946463714784,3.462,13.671,14284.929293133,,,Upper middle income
Indonesia,IDN,2023,2.127,3.66938654859761,3.308,12.979,15415.7079259527,,,Upper middle income
Indonesia,IDN,2024,2.115,2.18151273615189,3.301,13.037,16448.2755179559,,,Upper middle income
Isle of Man,IMN,2000,1.866,,,,,,,High income
Isle of Man,IMN,2001,1.87,,,,,,,High income
Isle of Man,IMN,2002,1.863,,,,,,,High income
Isle of Man,IMN,2003,1.84,,,,,,,High income
Isle of Man,IMN,2004,1.826,,,,,,,High income
Isle of Man,IMN,2005,1.863,,,,,,,High income
Isle of Man,IMN,2006,1.905,,,,,,,High income
Isle of Man,IMN,2007,1.927,,,,,,,High income
Isle of Man,IMN,2008,1.941,,,,,,,High income
Isle of Man,IMN,2009,1.937,,,,,,,High income
Isle of Man,IMN,2010,1.928,,,,,,,High income
Isle of Man,IMN,2011,1.903,,,,,,,High income
Isle of Man,IMN,2012,1.864,,,,,,,High income
Isle of Man,IMN,2013,1.824,,,,,,,High income
Isle of Man,IMN,2014,1.79,,,,,,,High income
Isle of Man,IMN,2015,1.748,,,,,,,High income
Isle of Man,IMN,2016,1.713,,,,,,,High income
Isle of Man,IMN,2017,1.674,,,,,,,High income
Isle of Man,IMN,2018,1.636,,,,,,,High income
Isle of Man,IMN,2019,1.606,,,,,,,High income
Isle of Man,IMN,2020,1.585,,,,,,,High income
Isle of Man,IMN,2021,1.569,,,,,,,High income
Isle of Man,IMN,2022,1.556,,,,,,,High income
Isle of Man,IMN,2023,1.548,,,,,,,High income
Isle of Man,IMN,2024,1.544,,,,,,,High income
India,IND,2000,3.35,4.0094359104519,7.589,19.437,2090.85806894486,,,Lower middle income
India,IND,2001,3.303,3.77929312235637,7.611,19.673,2199.53910446478,,,Lower middle income
India,IND,2002,3.217,4.29715203929563,7.681,20.003,2277.06974775051,,,Lower middle income
India,IND,2003,3.122,3.80585899528851,7.633,20.124,2461.48251610861,,,Lower middle income
India,IND,2004,3.046,3.76725173477515,7.598,20.274,2681.86116841254,,,Lower middle income
India,IND,2005,2.958,4.24634362031922,7.551,20.416,2936.80322011933,,,Lower middle income
India,IND,2006,2.867,5.79652337561634,7.553,20.684,3220.62692939401,,,Lower middle income
India,IND,2007,2.775,6.37288135593231,7.562,20.977,3508.06183171605,,,Lower middle income
India,IND,2008,2.711,8.34926704907581,7.629,21.397,3633.36783240716,,,Lower middle income
India,IND,2009,2.674,10.8823529411764,7.636,21.717,3886.58197693247,,,Lower middle income
India,IND,2010,2.598,11.9893899204244,7.631,22.02,4206.45986002117,,,Lower middle income
India,IND,2011,2.532,8.91179336483371,7.609,22.337,4454.70153200513,,,Lower middle income
India,IND,2012,2.47,9.47899691419801,7.645,22.776,4819.64288218731,,,Lower middle income
India,IND,2013,2.399,10.0178784746102,7.678,23.21,5014.3505659078,,,Lower middle income
India,IND,2014,2.293,6.66565671867899,7.656,23.579,5191.59149903249,,,Lower middle income
India,IND,2015,2.289,4.90697344127256,7.629,23.974,5425.03599091046,,,Lower middle income
India,IND,2016,2.284,4.94821634062141,7.611,24.386,5800.48149366552,,,Lower middle income
India,IND,2017,2.193,3.32817337461298,7.626,24.872,6144.71714444938,,,Lower middle income
India,IND,2018,2.184,3.9388264669163,7.652,25.408,6714.96639877754,,,Lower middle income
India,IND,2019,2.12,3.72950573539129,6.51,23.192,7150.92423452926,,,Lower middle income
India,IND,2020,2.047,6.62343677628535,7.859,24.9,6966.27542785911,,,Lower middle income
India,IND,2021,2.014,5.13140747176369,6.38,19.621,8050.01857452664,,,Lower middle income
India,IND,2022,1.994,6.69903414079852,4.822,18.714,9207.12743040145,,,Lower middle income
India,IND,2023,1.975,5.64914318907925,4.172,15.515,10323.4998734428,,,Lower middle income
India,IND,2024,1.962,4.95303550973656,4.173,17.084,11159.9856476091,,,Lower middle income
Ireland,IRL,2000,1.89,5.57763269940387,4.318,6.538,30215.9324896691,5.0,,High income
Ireland,IRL,2001,1.94,4.85280279607477,3.684,5.46,32573.4634024331,5.0,,High income
Ireland,IRL,2002,1.97,4.62820512820515,4.216,6.224,35222.028724352,5.2,,High income
Ireland,IRL,2003,1.96,3.49221909079765,4.478,6.685,36280.4827472575,5.1,,High income
Ireland,IRL,2004,1.93,2.17854605730523,4.491,7.088,38729.2468204554,5.2,,High income
Ireland,IRL,2005,1.86,2.45654692931639,4.237,6.896,40466.2343515711,5.1,,High income
Ireland,IRL,2006,1.91,3.93576114001354,4.355,7.377,44222.6536034198,5.2,,High income
Ireland,IRL,2007,2.01,4.88574537540802,4.98,7.869,46782.3762067243,5.2,,High income
Ireland,IRL,2008,2.06,4.03568834941391,6.774,10.055,44169.0943411644,4.9,,High income
Ireland,IRL,2009,2.06,-4.44754686876746,12.609,16.801,41491.4741532831,4.8,,High income
Ireland,IRL,2010,2.05,-0.918388645376774,14.534,20.905,43212.2040003212,4.5,72.95,High income
Ireland,IRL,2011,2.03,2.5489783020855,15.354,22.327,45525.7181239042,4.3,70.44,High income
Ireland,IRL,2012,1.98,1.69474116680366,15.451,23.562,46726.2157665366,4.5,69.46,High income
Ireland,IRL,2013,1.93,0.515099484900573,13.735,22.778,48838.7719825525,4.5,70.39,High income
Ireland,IRL,2014,1.89,0.190916398713745,11.858,19.82,52640.7843918553,4.7,69.39,High income
Ireland,IRL,2015,1.85,-0.330959783371788,9.908,16.333,71588.2656638378,4.7,70.86,High income
Ireland,IRL,2016,1.81,0.0201247735963237,8.374,13.557,73012.8198720374,4.8,72.68,High income
Ireland,IRL,2017,1.76,0.362173038229378,6.713,12.605,80450.3529336506,4.6,71.62,High income
Ireland,IRL,2018,1.74,0.471130713712916,5.741,12.595,86299.3420216976,4.3,71.48,High income
Ireland,IRL,2019,1.69,0.937842961189274,4.95,10.59,92022.59879983,4.1,69.72,High income
Ireland,IRL,2020,1.6,-0.326183651280033,5.623,15.275,97799.9225748607,1.9,69.17,High income
Ireland,IRL,2021,1.72,2.34034113447044,6.357,16.229,116903.61243517,3.3,68.84,High income
Ireland,IRL,2022,1.51,7.82945736434105,4.465,9.505,138522.517800204,,68.29,High income
Ireland,IRL,2023,1.5,6.29942487419125,4.243,9.514,129682.607150517,,68.01,High income
Ireland,IRL,2024,1.47,2.11344999577317,4.3,10.037,133437.470117019,,68.18,High income
"Iran, Islamic Rep.",IRN,2000,1.999,14.4767513188567,11.698,33.962,11186.8999218792,,,Upper middle income
"Iran, Islamic Rep.",IRN,2001,1.918,11.2742471332117,12.362,36.461,11532.9987571459,,,Upper middle income
"Iran, Islamic Rep.",IRN,2002,1.836,14.3359337378404,12.8,38.541,12554.3307701588,,,Upper middle income
"Iran, Islamic Rep.",IRN,2003,1.801,16.4680116244792,11.529,33.735,13754.9065131458,,,Upper middle income
"Iran, Islamic Rep.",IRN,2004,1.78,14.7615086970672,10.3,29.279,14425.4169992792,,,Upper middle income
"Iran, Islamic Rep.",IRN,2005,1.756,13.433118008508,11.813,32.431,15016.2676076876,,,Upper middle income
"Iran, Islamic Rep.",IRN,2006,1.755,10.0158982511924,11.519,31.589,15906.858138036,,,Upper middle income
"Iran, Islamic Rep.",IRN,2007,1.748,17.3410404624277,10.772,30.008,17383.7156564162,,,Upper middle income
"Iran, Islamic Rep.",IRN,2008,1.743,25.4105090311987,10.63,33.649,17548.6737761348,,,Upper middle income
"Iran, Islamic Rep.",IRN,2009,1.74,13.5515548281506,12.113,32.137,17614.6718696057,,,Upper middle income
"Iran, Islamic Rep.",IRN,2010,1.749,10.0893629287979,13.679,40.572,18627.815202271,,,Upper middle income
"Iran, Islamic Rep.",IRN,2011,1.792,26.2933856738608,12.491,41.551,19275.4376880063,,,Upper middle income
"Iran, Islamic Rep.",IRN,2012,1.851,27.2568127242908,12.275,40.177,17021.3716792921,,,Upper middle income
"Iran, Islamic Rep.",IRN,2013,1.913,36.6030355191029,10.595,41.305,16215.2119014642,,,Upper middle income
"Iran, Islamic Rep.",IRN,2014,1.975,16.6065532357449,10.68,43.272,16065.158186028,,,Upper middle income
"Iran, Islamic Rep.",IRN,2015,2.017,12.4846815611533,11.166,42.208,14273.5499061586,,,Upper middle income
"Iran, Islamic Rep.",IRN,2016,2.054,7.24542548952979,12.618,43.612,15194.7855803519,,,Upper middle income
"Iran, Islamic Rep.",IRN,2017,2.023,8.04492437660278,12.232,42.99,15719.416701551,,,Upper middle income
"Iran, Islamic Rep.",IRN,2018,1.919,18.0141183371874,12.195,39.521,15324.0674634637,,,Upper middle income
"Iran, Islamic Rep.",IRN,2019,1.766,39.9073455697784,10.74,38.34,13927.5128074328,,,Upper middle income
"Iran, Islamic Rep.",IRN,2020,1.7,30.5941390387295,9.687,35.546,15119.3058859964,,,Upper middle income
"Iran, Islamic Rep.",IRN,2021,1.709,43.3890162681514,9.282,36.57,15884.4276775963,,,Upper middle income
"Iran, Islamic Rep.",IRN,2022,1.704,43.4884641742179,9.085,35.663,17545.6246629429,,,Upper middle income
"Iran, Islamic Rep.",IRN,2023,1.695,44.5791857572797,8.129,31.487,18917.0914723132,,,Upper middle income
"Iran, Islamic Rep.",IRN,2024,1.684,32.455871402917,8.146,31.475,19873.8860853805,,,Upper middle income
Iraq,IRQ,2000,4.92,4.97896213183735,8.038,18.592,10627.9400727491,,,Upper middle income
Iraq,IRQ,2001,4.799,16.3740814963262,8.249,18.907,10719.6194208455,,,Upper middle income
Iraq,IRQ,2002,4.668,19.316694601979,8.619,19.416,9682.37619485733,,,Upper middle income
Iraq,IRQ,2003,4.581,33.6162105992383,8.959,19.864,6068.45161808346,,,Upper middle income
Iraq,IRQ,2004,4.527,26.9619068193272,8.715,19.56,9289.7422464959,,,Upper middle income
Iraq,IRQ,2005,4.446,36.9594809201871,8.57,19.365,9457.04454256902,,,Upper middle income
Iraq,IRQ,2006,4.459,53.230962911428,8.411,19.136,10223.1065322558,,,Upper middle income
Iraq,IRQ,2007,4.404,-10.0674925768978,8.646,19.411,10783.1236406224,,,Upper middle income
Iraq,IRQ,2008,4.373,12.6628528269228,8.466,21.313,11657.3168702462,,,Upper middle income
Iraq,IRQ,2009,4.378,6.8736154721255,8.415,23.432,11687.0142083267,,,Upper middle income
Iraq,IRQ,2010,4.457,2.8777472527476,8.267,25.437,12186.1929623841,,,Upper middle income
Iraq,IRQ,2011,4.588,5.801455370853,8.193,27.601,12912.0299790146,,,Upper middle income
Iraq,IRQ,2012,4.544,6.08909641595043,7.965,29.496,14402.0340893955,,,Upper middle income
Iraq,IRQ,2013,4.441,1.87949800749469,9.222,37.543,14668.5432764995,,,Upper middle income
Iraq,IRQ,2014,4.31,2.23597407904679,10.59,45.664,13168.245587417,,,Upper middle income
Iraq,IRQ,2015,4.08,1.39333028780309,10.865,41.682,9334.46604866315,,,Upper middle income
Iraq,IRQ,2016,3.843,0.556521397155511,10.82,37.463,9079.13531769496,,,Upper middle income
Iraq,IRQ,2017,3.64,0.18405889884769,13.02,62.553,10191.6616988639,,,Upper middle income
Iraq,IRQ,2018,3.547,0.367441488936849,13.458,61.123,12034.4011214944,,,Upper middle income
Iraq,IRQ,2019,3.48,-0.198965380023928,14.096,60.408,12248.5917385964,,,Upper middle income
Iraq,IRQ,2020,3.419,0.574162679425795,15.766,65.857,10573.9304750715,,,Upper middle income
Iraq,IRQ,2021,3.358,6.04186489058044,16.173,62.206,12731.7535755129,,,Upper middle income
Iraq,IRQ,2022,3.294,4.99476596381044,15.41,65.273,14391.1292349806,,,Upper middle income
Iraq,IRQ,2023,3.249,4.35835351089586,15.239,65.375,14652.5212399212,,,Upper middle income
Iraq,IRQ,2024,3.221,-12.2969837587007,15.293,65.589,14464.3186928173,,,Upper middle income
Iceland,ISL,2000,2.08,5.13647123245151,1.936,3.736,29789.2463608304,6.3,,High income
Iceland,ISL,2001,1.95,6.40508550386868,1.874,4.313,31882.0593909097,5.2,,High income
Iceland,ISL,2002,1.93,5.19702230216628,2.988,2.979,32607.1058796568,5.6,,High income
Iceland,ISL,2003,1.99,2.05566329753742,3.997,11.48,32696.8839410753,5.1,,High income
Iceland,ISL,2004,2.04,3.15819324298464,4.031,7.021,35612.4400297798,5.0,,High income
Iceland,ISL,2005,2.05,3.98704782806593,2.547,5.85,37322.7399272793,5.4,,High income
Iceland,ISL,2006,2.08,6.68707906136661,2.83,7.345,39691.6062749347,5.5,,High income
Iceland,ISL,2007,2.09,5.05155736492146,2.251,5.934,41471.3319195839,5.5,,High income
Iceland,ISL,2008,2.15,12.6943942775878,2.946,7.072,43728.1140564123,5.2,,High income
Iceland,ISL,2009,2.23,12.0031298461743,7.22,11.654,41884.7731963414,4.6,,High income
Iceland,ISL,2010,2.2,5.39673113167477,7.564,13.785,39763.988895791,4.9,75.37,High income
Iceland,ISL,2011,2.02,4.0010266434312,7.028,10.511,40936.867830513,4.6,72.07,High income
Iceland,ISL,2012,2.04,5.18589988750698,6.0,12.0,42004.4476110597,4.6,71.89,High income
Iceland,ISL,2013,1.93,3.87227923748249,5.376,7.643,44409.6689530904,4.4,72.79,High income
Iceland,ISL,2014,1.93,2.04461481539333,4.897,6.507,45996.9687476901,4.1,73.99,High income
Iceland,ISL,2015,1.8,1.63305558181326,3.979,6.617,49201.0640964553,4.6,72.82,High income
Iceland,ISL,2016,1.74,1.69692761997751,2.978,6.146,53480.3971946764,4.9,73.41,High income
Iceland,ISL,2017,1.71,1.76041559180596,2.742,6.778,55638.4920591794,5.8,,High income
Iceland,ISL,2018,1.71,2.68291768267392,2.704,5.439,57197.7676247175,6.0,67.25,High income
Iceland,ISL,2019,1.74,3.01397179156053,3.507,5.476,60523.8179440825,5.8,77.36,High income
Iceland,ISL,2020,1.72,2.84792401518665,5.478,8.864,55796.7454667632,5.0,78.35,High income
Iceland,ISL,2021,1.82,4.44423970189739,6.029,10.699,61610.2132740715,,,High income
Iceland,ISL,2022,1.589,8.3087551155892,3.789,5.5,75332.8528345867,,,High income
Iceland,ISL,2023,1.55,8.73630299937298,3.518,7.013,81608.4479116436,,,High income
Iceland,ISL,2024,1.56,5.85683849970066,3.6,8.905,84256.8454573112,,,High income
Israel,ISR,2000,2.95,1.03263640999489,11.102,17.344,25766.1567835118,6.4,,High income
Israel,ISR,2001,2.92,1.12302839116721,11.812,18.658,25806.3845070858,6.3,,High income
Israel,ISR,2002,2.89,5.80234589468429,12.888,20.774,26101.3287841133,6.2,,High income
Israel,ISR,2003,2.95,0.70763061681807,13.505,22.691,24702.2945858529,6.1,,High income
Israel,ISR,2004,2.9,-0.421595034547416,13.029,21.834,26077.5034831211,5.9,,High income
Israel,ISR,2005,2.84,1.34070328119492,11.342,18.725,25700.9862605809,5.9,,High income
Israel,ISR,2006,2.88,2.05407914587443,10.707,19.615,26385.2125662841,6.3,,High income
Israel,ISR,2007,2.9,0.466226972936065,9.379,17.294,28307.4484607857,6.5,,High income
Israel,ISR,2008,2.96,4.52744765138651,7.704,13.098,28083.8366135952,6.8,,High income
Israel,ISR,2009,2.96,3.3676231727125,9.534,13.783,28086.837763597,6.5,,High income
Israel,ISR,2010,3.03,2.70270270270273,8.48,13.542,29455.9546732511,6.3,,High income
Israel,ISR,2011,2.98,3.48837209302323,7.139,11.716,31313.9334997029,6.6,,High income
Israel,ISR,2012,3.05,1.67553715750052,6.762,12.638,32483.7421872738,6.4,,High income
Israel,ISR,2013,3.03,1.58976347421476,6.137,10.551,34827.3647351146,6.5,,High income
Israel,ISR,2014,3.08,0.467557251908503,5.789,11.013,34816.2422460071,6.2,,High income
Israel,ISR,2015,3.09,-0.617342577642765,5.176,9.651,35870.7927156301,6.4,,High income
Israel,ISR,2016,3.11,-0.535168195718695,4.723,8.953,38189.1610278241,6.2,,High income
Israel,ISR,2017,3.11,0.249807840123008,4.14,7.761,39470.8681262164,5.7,,High income
Israel,ISR,2018,3.09,0.805060379528526,3.917,7.238,40189.9909957069,5.6,,High income
Israel,ISR,2019,3.01,0.817645940292794,3.731,7.133,41325.1783656756,5.3,,High income
Israel,ISR,2020,2.9,-0.575254620897756,4.169,7.939,40955.2856179152,4.304075437576698,,High income
Israel,ISR,2021,3.0,1.47965474722561,4.812,7.877,46162.0822730247,5.4591135089389615,,High income
Israel,ISR,2022,2.89,4.41162725488371,3.695,6.413,53619.0680995095,,,High income
Israel,ISR,2023,2.85,4.22522603168918,3.371,5.707,55171.2318814321,,,High income
Israel,ISR,2024,2.87,3.07480889805025,3.595,5.995,57235.7763244136,,,High income
Italy,ITA,2000,1.26,2.53768532095002,10.834,35.559,27152.1544907116,5.0,,High income
Italy,ITA,2001,1.25,2.78516542713554,9.599,31.767,28134.0572858014,4.6,,High income
Italy,ITA,2002,1.27,2.46532319171165,9.211,31.768,28833.0217903129,4.7,,High income
Italy,ITA,2003,1.29,2.6725555277285,8.869,31.231,29249.1801358747,4.6,,High income
Italy,ITA,2004,1.34,2.20673661423657,7.866,29.063,29580.8439042327,4.3,,High income
Italy,ITA,2005,1.33,1.9852929852798,7.73,27.639,30137.8180374437,4.3,,High income
Italy,ITA,2006,1.37,2.09084391012754,6.777,25.463,32453.6488675587,4.2,,High income
Italy,ITA,2007,1.39,1.82974112202403,6.076,23.33,34107.5078152619,4.3,,High income
Italy,ITA,2008,1.44,3.34783258401022,6.723,24.654,35422.3424391113,4.2,,High income
Italy,ITA,2009,1.44,0.774768131387381,7.749,28.525,34501.7122743906,3.9,,High income
Italy,ITA,2010,1.44,1.52551602118248,8.363,29.404,34974.1045135807,3.7,71.24,High income
Italy,ITA,2011,1.42,2.78063272879323,8.359,32.063,36392.2827759493,3.4,71.66,High income
Italy,ITA,2012,1.42,3.04136333226775,10.655,37.539,36281.1014243506,3.5,73.33,High income
Italy,ITA,2013,1.39,1.21999342274306,12.149,41.428,36459.2950248716,3.2,72.01,High income
Italy,ITA,2014,1.38,0.241047429826756,12.683,44.646,36665.68576775,3.1,71.82,High income
Italy,ITA,2015,1.36,0.0387903996579733,11.896,42.606,37384.3796455406,3.2,72.04,High income
Italy,ITA,2016,1.36,-0.09401665691575,11.688,39.618,40482.562999856,3.4,71.2,High income
Italy,ITA,2017,1.34,1.22653316645812,11.211,37.309,42142.3435406885,3.2,71.47,High income
Italy,ITA,2018,1.31,1.13748763600391,10.538,34.882,43386.7005868803,3.2,71.27,High income
Italy,ITA,2019,1.27,0.611246943765304,9.884,31.1,46661.9105159611,3.1,71.56,High income
Italy,ITA,2020,1.24,-0.13770757391651,9.192,32.043,44435.6434393527,1.6,74.04,High income
Italy,ITA,2021,1.25,1.87378325762481,9.497,32.849,49825.3934111848,3.1,72.48,High income
Italy,ITA,2022,1.24,8.20128991161718,8.069,25.819,57260.8945372493,3.2,73.1,High income
Italy,ITA,2023,1.21,5.62219442195901,7.627,25.226,60029.871712398,,73.95,High income
Italy,ITA,2024,1.18,0.982373023061417,6.5,21.869,62014.2675153689,,75.2,High income
Jamaica,JAM,2000,2.345,8.17108356120225,6.752,22.008,6816.410294822,,,Upper middle income
Jamaica,JAM,2001,2.296,6.8019093078759,6.641,22.245,7019.01755520128,,,Upper middle income
Jamaica,JAM,2002,2.271,7.07635009310985,6.616,22.341,7225.94228628004,,,Upper middle income
Jamaica,JAM,2003,2.244,10.0869565217391,6.534,22.307,7592.60910494511,,,Upper middle income
Jamaica,JAM,2004,2.198,13.5545023696682,6.539,22.38,7853.86424340999,,,Upper middle income
Jamaica,JAM,2005,2.148,15.0528658875905,6.577,22.515,8127.37945036695,,,Upper middle income
Jamaica,JAM,2006,2.089,8.56106408706157,6.605,22.618,8576.5315399634,,,Upper middle income
Jamaica,JAM,2007,2.023,9.24482067275562,6.607,22.657,8892.78260659657,,,Upper middle income
Jamaica,JAM,2008,1.953,22.0228384991843,6.666,22.839,8951.50600945916,,,Upper middle income
Jamaica,JAM,2009,1.879,9.59224598930482,7.314,22.74,8579.58979915443,,,Upper middle income
Jamaica,JAM,2010,1.799,12.6105519975603,7.63,25.588,8521.28876417328,,,Upper middle income
Jamaica,JAM,2011,1.717,7.555856465809,8.034,26.247,8809.36100077931,,,Upper middle income
Jamaica,JAM,2012,1.648,6.87397708674309,8.695,31.377,8830.6507947905,,,Upper middle income
Jamaica,JAM,2013,1.591,9.34150076569673,9.698,36.467,9101.41496692481,,,Upper middle income
Jamaica,JAM,2014,1.544,8.27407886231419,9.046,35.708,9209.58586596513,,,Upper middle income
Jamaica,JAM,2015,1.508,3.69154228855725,8.825,33.576,9476.14929465037,,,Upper middle income
Jamaica,JAM,2016,1.464,2.35102197485846,8.634,30.604,9948.0414677444,,,Upper middle income
Jamaica,JAM,2017,1.428,4.37839864991561,7.399,26.774,10466.4876782146,,,Upper middle income
Jamaica,JAM,2018,1.4,3.73663882152163,5.47,22.001,10752.7406650924,,,Upper middle income
Jamaica,JAM,2019,1.39,3.90510000865872,4.987,20.379,10845.0113635875,,,Upper middle income
Jamaica,JAM,2020,1.383,5.2267777929352,6.501,23.291,9764.3525879784,,,Upper middle income
Jamaica,JAM,2021,1.378,5.86278242801063,5.188,19.962,10430.6909771759,,,Upper middle income
Jamaica,JAM,2022,1.372,10.3495688391272,4.083,14.145,11887.770369423,,,Upper middle income
Jamaica,JAM,2023,1.358,6.47413734662063,3.022,11.422,12650.9052955938,,,Upper middle income
Jamaica,JAM,2024,1.351,5.41194447981659,3.151,11.803,12890.2660051472,,,Upper middle income
Jordan,JOR,2000,3.864,0.66688092559796,13.7,44.966,5640.65728199166,,,Lower middle income
Jordan,JOR,2001,3.803,1.77220437351017,14.7,43.816,5948.01217949518,,,Lower middle income
Jordan,JOR,2002,3.805,1.83299389002049,15.3,47.266,6256.49643944543,,,Lower middle income
Jordan,JOR,2003,3.816,1.62999999999998,14.5,44.652,6499.97887800748,,,Lower middle income
Jordan,JOR,2004,3.729,3.36186821476601,14.626,51.194,7073.8458160703,,,Lower middle income
Jordan,JOR,2005,3.653,3.49368534619531,14.8,57.987,7696.9450167189,,,Lower middle income
Jordan,JOR,2006,3.711,6.25172466656443,14.0,56.265,8045.64056215005,,,Lower middle income
Jordan,JOR,2007,3.797,4.74390639021648,13.1,59.328,8415.71166017339,,,Lower middle income
Jordan,JOR,2008,3.876,13.9712310012729,12.7,57.014,8983.21332423459,,,Lower middle income
Jordan,JOR,2009,3.841,-0.739069743144777,12.9,57.017,9290.80855352127,,,Lower middle income
Jordan,JOR,2010,3.78,4.84551875852116,12.5,50.867,9416.64386806071,,,Lower middle income
Jordan,JOR,2011,3.69,4.1624416292779,12.9,49.544,9631.9289925536,,,Lower middle income
Jordan,JOR,2012,3.568,4.5152295667099,12.2,46.491,9738.53746926194,,,Lower middle income
Jordan,JOR,2013,3.449,4.82462314269537,12.6,51.357,9816.59855653123,,,Lower middle income
Jordan,JOR,2014,3.302,2.89947905006057,11.9,47.753,9144.67793204995,,,Lower middle income
Jordan,JOR,2015,3.141,-0.876851359704049,13.075,52.999,8967.07995837808,,,Lower middle income
Jordan,JOR,2016,3.072,-0.778430463054142,15.275,53.9,8747.87860930851,,,Lower middle income
Jordan,JOR,2017,2.994,3.32389447576097,18.12,48.944,9265.51536720733,,,Lower middle income
Jordan,JOR,2018,2.923,4.46231108475481,18.257,49.018,9042.39781871198,,,Lower middle income
Jordan,JOR,2019,2.855,0.761514047265601,16.801,48.79,9429.07279552037,,,Lower middle income
Jordan,JOR,2020,2.791,0.333294350628378,19.213,53.105,9579.20081317696,,,Lower middle income
Jordan,JOR,2021,2.735,1.34609377243118,19.837,54.052,9182.496161256,,,Lower middle income
Jordan,JOR,2022,2.679,4.22915568897117,18.2,47.743,9927.2341002506,,,Lower middle income
Jordan,JOR,2023,2.639,2.08486986327134,16.62,39.858,10411.8416152967,,,Lower middle income
Jordan,JOR,2024,2.604,1.55659611283953,16.693,40.009,10821.4909765317,,,Lower middle income
Japan,JPN,2000,1.36,-0.676578683595175,4.748,8.018,27287.9793301608,6.4,,High income
Japan,JPN,2001,1.33,-0.740055504162738,5.02,8.478,27942.7419601305,6.4,,High income
Japan,JPN,2002,1.32,-0.923494026942321,5.386,8.661,28623.5884479367,6.0,,High income
Japan,JPN,2003,1.29,-0.256541816316025,5.251,8.634,29391.7042370729,5.9,,High income
Japan,JPN,2004,1.29,-0.0085733882031027,4.734,8.046,30831.5079104998,5.7,,High income
Japan,JPN,2005,1.26,-0.282946068764391,4.446,7.337,32169.867493646,5.7,,High income
Japan,JPN,2006,1.32,0.249355116079085,4.192,7.317,33631.8076359161,5.8,,High income
Japan,JPN,2007,1.34,0.060039454498669,3.888,7.338,35015.3282881632,5.7,,High income
Japan,JPN,2008,1.37,1.3800788616492,4.002,6.726,35273.791152156,5.8,,High income
Japan,JPN,2009,1.37,-1.35283672951719,5.068,8.24,33543.4198739871,5.6,,High income
Japan,JPN,2010,1.39,-0.728243207517779,5.102,8.09,35336.0080490032,5.5,,High income
Japan,JPN,2011,1.39,-0.27245561610124,4.55,7.249,36214.4397740241,5.2,,High income
Japan,JPN,2012,1.41,-0.0440645104432602,4.358,7.517,37605.9742614539,5.3,,High income
Japan,JPN,2013,1.43,0.335037912184741,4.038,5.927,39402.0250988025,5.3,,High income
Japan,JPN,2014,1.42,2.75922671353253,3.589,5.625,39555.4120089198,5.1,,High income
Japan,JPN,2015,1.45,0.795279630579839,3.385,5.072,40898.80697396,5.1,,High income
Japan,JPN,2016,1.44,-0.127258844489754,3.132,4.498,40596.9686628995,5.0,,High income
Japan,JPN,2017,1.43,0.484199796126385,2.822,4.4,41444.2157443912,4.9,,High income
Japan,JPN,2018,1.42,0.989094598021848,2.467,3.182,42141.9352987758,4.7,,High income
Japan,JPN,2019,1.36,0.46877615938395,2.351,3.744,42678.1511448354,4.8,,High income
Japan,JPN,2020,1.33,-0.024995834027731,2.809,4.083,42425.6946789651,4.3,,High income
Japan,JPN,2021,1.3,-0.233352779398264,2.808,4.09,44355.3487163354,4.1,,High income
Japan,JPN,2022,1.26,2.49770278172255,2.614,3.751,47192.0500603372,4.1,,High income
Japan,JPN,2023,1.2,3.26813365933163,2.6,3.75,50661.7663463109,,,High income
Japan,JPN,2024,1.15,2.73853681635241,2.5,3.744,52039.1716551611,,,High income
Kazakhstan,KAZ,2000,1.898,13.1808905865731,12.75,24.214,7418.19612076858,,,Upper middle income
Kazakhstan,KAZ,2001,1.906,8.35413777161344,10.43,19.986,8568.08719492031,,,Upper middle income
Kazakhstan,KAZ,2002,1.956,5.83692452105643,9.33,18.667,9504.45082486949,,,Upper middle income
Kazakhstan,KAZ,2003,2.075,6.4382181011894,8.78,16.171,10532.4466973491,,,Upper middle income
Kazakhstan,KAZ,2004,2.201,6.88205438981899,8.4,15.482,11777.1119570134,,,Upper middle income
Kazakhstan,KAZ,2005,2.274,7.57999929125766,8.13,13.965,13226.1466963892,,,Upper middle income
Kazakhstan,KAZ,2006,2.38,8.72169386091726,7.79,12.296,14965.7723195676,,,Upper middle income
Kazakhstan,KAZ,2007,2.49,10.8468362075557,7.26,10.295,16581.2240531177,,,Upper middle income
Kazakhstan,KAZ,2008,2.616,17.139899777207,6.63,8.152,17278.4721681147,,,Upper middle income
Kazakhstan,KAZ,2009,2.58,7.31607858288578,6.55,8.085,17389.0145838316,,,Upper middle income
Kazakhstan,KAZ,2010,2.61,7.40046356341396,5.77,5.713,18641.8061477073,,,Upper middle income
Kazakhstan,KAZ,2011,2.605,8.4529046617679,5.39,5.037,20159.9329426413,,,Upper middle income
Kazakhstan,KAZ,2012,2.64,5.19568369035073,5.29,5.114,21367.2180595372,,,Upper middle income
Kazakhstan,KAZ,2013,2.67,5.94283871648418,5.2,4.256,23754.1341952117,,,Upper middle income
Kazakhstan,KAZ,2014,2.76,6.84944977003358,5.06,4.131,23958.1128890603,,,Upper middle income
Kazakhstan,KAZ,2015,2.755,6.67828585615236,4.93,4.016,22484.3651382607,,,Upper middle income
Kazakhstan,KAZ,2016,2.795,14.3610942386248,4.96,4.029,23023.0872293899,,,Upper middle income
Kazakhstan,KAZ,2017,2.745,7.44266321306792,4.9,3.978,23973.0602295651,,,Upper middle income
Kazakhstan,KAZ,2018,2.845,6.16366247577762,4.85,3.991,25096.1285862615,,,Upper middle income
Kazakhstan,KAZ,2019,2.89,5.33356098916669,4.8,4.012,28689.2710838374,,,Upper middle income
Kazakhstan,KAZ,2020,3.13,6.71815454861458,4.89,4.172,29039.8229624509,,,Upper middle income
Kazakhstan,KAZ,2021,3.32,8.04147134028401,5.568,5.115,32945.8515725823,,,Upper middle income
Kazakhstan,KAZ,2022,3.05,15.0278644440851,4.86,4.961,35895.0839871667,,,Upper middle income
Kazakhstan,KAZ,2023,3.012,14.5275597825952,4.835,4.946,38515.1836009979,,,Upper middle income
Kazakhstan,KAZ,2024,2.984,8.69082156104494,4.833,4.944,40890.9317694408,,,Upper middle income
Kenya,KEN,2000,5.136,9.98002515350979,2.884,6.664,1906.89794095999,,,Lower middle income
Kenya,KEN,2001,5.094,5.73859814341467,2.876,6.684,1961.05816869463,,,Lower middle income
Kenya,KEN,2002,5.027,1.96130821739162,2.916,6.79,1940.4030326056,,,Lower middle income
Kenya,KEN,2003,4.937,9.81569062979654,2.869,6.744,1974.8582021244,,,Lower middle income
Kenya,KEN,2004,4.861,11.6240355442426,2.844,6.741,2066.31540638632,,,Lower middle income
Kenya,KEN,2005,4.801,10.3127783574683,2.739,6.595,2188.6956101775,,,Lower middle income
Kenya,KEN,2006,4.754,14.4537342081708,2.673,6.524,2330.13028941165,,,Lower middle income
Kenya,KEN,2007,4.718,9.75888023027529,2.642,6.524,2481.08706146996,,,Lower middle income
Kenya,KEN,2008,4.66,26.2398166445063,2.751,6.794,2459.12174524213,,,Lower middle income
Kenya,KEN,2009,4.567,9.23412592394652,2.816,6.983,2480.0442906801,,,Lower middle income
Kenya,KEN,2010,4.446,3.96138889115385,2.793,7.01,2634.89271323826,,,Lower middle income
Kenya,KEN,2011,4.284,14.0224913014704,2.699,6.899,2750.28663787693,,,Lower middle income
Kenya,KEN,2012,4.116,9.37777003547598,2.678,6.924,2847.27068286846,,,Lower middle income
Kenya,KEN,2013,3.955,5.71749357037733,2.762,7.152,3106.39394464885,,,Lower middle income
Kenya,KEN,2014,3.843,6.87815499275949,2.767,7.223,3359.48950665093,,,Lower middle income
Kenya,KEN,2015,3.766,6.58215429284779,2.762,7.27,3678.32614146019,,,Lower middle income
Kenya,KEN,2016,3.689,6.29724953814625,2.757,7.311,3916.65315673095,,,Lower middle income
Kenya,KEN,2017,3.609,8.00564967709945,3.542,9.346,4177.24993580267,,,Lower middle income
Kenya,KEN,2018,3.536,4.6898064677633,4.284,11.342,4411.56104120886,,,Lower middle income
Kenya,KEN,2019,3.433,5.23963795764792,5.014,13.354,4687.37782325306,,,Lower middle income
Kenya,KEN,2020,3.364,5.40516207933392,5.613,16.626,4792.57315847182,,,Lower middle income
Kenya,KEN,2021,3.312,6.10793603659176,5.693,16.794,5338.85243382781,,,Lower middle income
Kenya,KEN,2022,3.262,7.65986268272224,5.565,19.648,5883.22303961921,,,Lower middle income
Kenya,KEN,2023,3.208,7.67139634029402,5.409,19.239,6317.03904665091,,,Lower middle income
Kenya,KEN,2024,3.167,4.48978854243448,5.487,19.604,6644.13093243895,,,Lower middle income
Kyrgyz Republic,KGZ,2000,2.4,18.7007342838023,2.143,5.144,1861.86559711699,,,Lower middle income
Kyrgyz Republic,KGZ,2001,2.4,6.9196798942304,2.273,5.493,1986.16135823429,,,Lower middle income
Kyrgyz Republic,KGZ,2002,2.4,2.13420986310243,2.416,5.812,1998.23788061971,,,Lower middle income
Kyrgyz Republic,KGZ,2003,2.5,2.97461295184355,2.548,6.18,2158.19667404533,,,Lower middle income
Kyrgyz Republic,KGZ,2004,2.6,4.11065084723381,2.68,6.553,2343.43044015004,,,Lower middle income
Kyrgyz Republic,KGZ,2005,2.5,4.3386739184431,2.816,6.859,2385.59446517801,,,Lower middle income
Kyrgyz Republic,KGZ,2006,2.7,5.55212333162542,2.962,7.227,2508.38844842805,,,Lower middle income
Kyrgyz Republic,KGZ,2007,2.7,10.2301032660484,3.094,7.65,2769.89508451908,,,Lower middle income
Kyrgyz Republic,KGZ,2008,2.8,24.5201024234102,3.207,8.052,3031.49407050215,,,Lower middle income
Kyrgyz Republic,KGZ,2009,2.9,6.83656248105368,3.343,8.434,3096.93814114872,,,Lower middle income
Kyrgyz Republic,KGZ,2010,3.1,7.96772225579684,3.503,8.827,3075.61554332455,,,Lower middle income
Kyrgyz Republic,KGZ,2011,3.1,16.6363262731495,3.644,9.183,3278.35102220086,,,Lower middle income
Kyrgyz Republic,KGZ,2012,3.2,2.76844236540957,3.786,9.932,3588.67988824025,,,Lower middle income
Kyrgyz Republic,KGZ,2013,3.1,6.61375202358082,3.881,9.98,4000.96295765107,,,Lower middle income
Kyrgyz Republic,KGZ,2014,3.2,7.5342472977589,4.02,10.629,4228.1951482992,,,Lower middle income
Kyrgyz Republic,KGZ,2015,3.2,6.50331838993384,4.138,11.231,4153.3766990372,,,Lower middle income
Kyrgyz Republic,KGZ,2016,3.1,0.388838296895799,4.294,12.102,4603.75964247878,,,Lower middle income
Kyrgyz Republic,KGZ,2017,3.0,3.1753098637994,4.425,13.012,4953.71755085199,,,Lower middle income
Kyrgyz Republic,KGZ,2018,3.3,1.54266145238436,4.559,13.447,4777.94175395575,,,Lower middle income
Kyrgyz Republic,KGZ,2019,3.3,1.13362257718804,5.45,17.94,5304.22758314405,,,Lower middle income
Kyrgyz Republic,KGZ,2020,3.1,6.32542296338078,5.945,16.007,5178.5619670404,,,Lower middle income
Kyrgyz Republic,KGZ,2021,2.89,11.9050398185147,5.149,14.937,5736.47883415154,,,Lower middle income
Kyrgyz Republic,KGZ,2022,2.8,13.9229093174176,4.767,14.398,6577.51217728389,,,Lower middle income
Kyrgyz Republic,KGZ,2023,2.7,10.7532770416742,3.498,6.996,7298.08612561933,,,Lower middle income
Kyrgyz Republic,KGZ,2024,2.6,4.99760701207323,3.491,6.996,8012.45464442194,,,Lower middle income
Cambodia,KHM,2000,3.794,-0.791992529473567,0.745,1.101,1255.64037842372,,,Lower middle income
Cambodia,KHM,2001,3.687,-0.600648300123686,0.778,1.176,1357.42611106265,,,Lower middle income
Cambodia,KHM,2002,3.57,0.211466568022607,0.862,1.255,1442.46481429844,,,Lower middle income
Cambodia,KHM,2003,3.429,0.94174611779921,0.909,1.333,1597.88226446286,,,Lower middle income
Cambodia,KHM,2004,3.307,4.31933677434786,1.004,1.423,1769.76235025244,,,Lower middle income
Cambodia,KHM,2005,3.238,6.61525912001587,1.061,1.512,2038.1459862512,,,Lower middle income
Cambodia,KHM,2006,3.175,5.81068550464306,1.16,1.608,2296.76857875274,,,Lower middle income
Cambodia,KHM,2007,3.13,8.70882770568049,1.257,1.706,2566.14759732553,,,Lower middle income
Cambodia,KHM,2008,3.048,24.096851930605,0.825,1.136,2768.79237617675,,,Lower middle income
Cambodia,KHM,2009,2.971,-1.24171754189637,0.579,0.825,2854.03288376549,,,Lower middle income
Cambodia,KHM,2010,2.859,3.99639528107218,0.771,0.939,2988.50401439457,,,Lower middle income
Cambodia,KHM,2011,2.782,5.4784474961745,0.577,0.423,3223.10209351638,,,Lower middle income
Cambodia,KHM,2012,2.751,2.93431609293951,0.505,0.563,3583.48229739437,,,Lower middle income
Cambodia,KHM,2013,2.742,2.94162509547349,0.438,0.704,3890.94841205221,,,Lower middle income
Cambodia,KHM,2014,2.734,3.85568861424207,0.692,1.019,4117.78868309006,,,Lower middle income
Cambodia,KHM,2015,2.729,1.22393195511119,0.393,0.973,4433.64393500572,,,Lower middle income
Cambodia,KHM,2016,2.725,3.01913975139128,0.716,1.223,4748.12428521528,,,Lower middle income
Cambodia,KHM,2017,2.719,2.91263557371478,0.141,0.464,5050.06356615113,,,Lower middle income
Cambodia,KHM,2018,2.724,2.45908515380146,0.129,0.465,5616.98087023303,,,Lower middle income
Cambodia,KHM,2019,2.725,1.94257500833107,0.119,0.466,6153.99439528427,,,Lower middle income
Cambodia,KHM,2020,2.699,2.9402951426397,0.172,0.556,5942.45380373929,,,Lower middle income
Cambodia,KHM,2021,2.664,2.92073477592949,0.396,0.961,6225.53265474741,,,Lower middle income
Cambodia,KHM,2022,2.616,5.34370264895437,0.245,0.581,6918.81626947213,,,Lower middle income
Cambodia,KHM,2023,2.579,2.12746796594194,0.256,0.403,7430.73085709837,,,Lower middle income
Cambodia,KHM,2024,2.548,0.808042016536654,0.254,0.405,7966.87352428705,,,Lower middle income
Kiribati,KIR,2000,4.071,,,,1637.93601427336,,,Lower middle income
Kiribati,KIR,2001,3.957,,,,1591.2366300314,,,Lower middle income
Kiribati,KIR,2002,3.814,,,,1605.07533314676,,,Lower middle income
Kiribati,KIR,2003,3.702,,,,1578.28790886587,,,Lower middle income
Kiribati,KIR,2004,3.734,,,,1578.83869125735,,,Lower middle income
Kiribati,KIR,2005,3.76,,,,1616.57992111619,,,Lower middle income
Kiribati,KIR,2006,3.815,,,,1727.77052465174,,,Lower middle income
Kiribati,KIR,2007,3.865,3.59252131266417,,,1792.04651189378,,,Lower middle income
Kiribati,KIR,2008,3.899,13.6653995252441,,,1735.4318976867,,,Lower middle income
Kiribati,KIR,2009,3.905,9.81643884508657,,,1718.4917143995,,,Lower middle income
Kiribati,KIR,2010,3.898,-3.89955040651649,,,1724.46710150819,,,Lower middle income
Kiribati,KIR,2011,3.878,1.4974097987597,,,1785.57208346912,,,Lower middle income
Kiribati,KIR,2012,3.768,-3.04586292775571,,,1896.32489937688,,,Lower middle income
Kiribati,KIR,2013,3.643,-1.488059084681,,,2049.3339030677,,,Lower middle income
Kiribati,KIR,2014,3.521,2.10398520925043,,,2084.13105379102,,,Lower middle income
Kiribati,KIR,2015,3.438,0.572015743634256,,,2310.60312873612,,,Lower middle income
Kiribati,KIR,2016,3.375,1.91731090233378,,,2462.83260410374,,,Lower middle income
Kiribati,KIR,2017,3.339,0.355520888546828,,,2562.06561789397,,,Lower middle income
Kiribati,KIR,2018,3.318,0.564030491493476,,,2671.76272781707,,,Lower middle income
Kiribati,KIR,2019,3.29,-1.81307995302947,,,2762.93796874918,,,Lower middle income
Kiribati,KIR,2020,3.254,2.5532455441463,,,2710.90622817554,,,Lower middle income
Kiribati,KIR,2021,3.219,2.05361676773907,,,3020.49399935695,,,Lower middle income
Kiribati,KIR,2022,3.182,5.34595440908904,,,3329.34434464861,,,Lower middle income
Kiribati,KIR,2023,3.147,9.28307374517721,,,3485.55808311399,,,Lower middle income
Kiribati,KIR,2024,3.124,2.45545072159028,,,3702.32594703115,,,Lower middle income
St. Kitts and Nevis,KNA,2000,2.126,2.14885532743696,,,15256.4305904132,,,High income
St. Kitts and Nevis,KNA,2001,2.082,2.30344748349255,,,16235.424658459,,,High income
St. Kitts and Nevis,KNA,2002,2.038,2.04109102620208,,,16619.1655126465,,,High income
St. Kitts and Nevis,KNA,2003,2.004,2.23543664374553,,,16225.6744091063,,,High income
St. Kitts and Nevis,KNA,2004,1.964,2.31455462238093,,,17275.8639872488,,,High income
St. Kitts and Nevis,KNA,2005,1.931,3.37781903988238,,,19500.3236562848,,,High income
St. Kitts and Nevis,KNA,2006,1.902,8.48748575845879,,,20676.1880812828,,,High income
St. Kitts and Nevis,KNA,2007,1.871,4.48088608614726,,,21301.2400258064,,,High income
St. Kitts and Nevis,KNA,2008,1.833,5.30029675072584,,,24102.1993843646,,,High income
St. Kitts and Nevis,KNA,2009,1.8,2.05793709041836,,,23384.7350983217,,,High income
St. Kitts and Nevis,KNA,2010,1.762,0.850878649795844,,,23691.4477936151,,,High income
St. Kitts and Nevis,KNA,2011,1.74,5.8351651957086,,,24550.1651914562,,,High income
St. Kitts and Nevis,KNA,2012,1.713,0.816089281562459,,,23457.8938878076,,,High income
St. Kitts and Nevis,KNA,2013,1.682,1.10698554000129,,,24624.4362309063,,,High income
St. Kitts and Nevis,KNA,2014,1.665,0.247865392364942,,,26755.5969780771,,,High income
St. Kitts and Nevis,KNA,2015,1.643,-2.30187563045616,,,26877.4665031101,,,High income
St. Kitts and Nevis,KNA,2016,1.633,-0.687037123294039,,,28214.709934443,,,High income
St. Kitts and Nevis,KNA,2017,1.61,0.694916711613604,,,29578.6311625727,,,High income
St. Kitts and Nevis,KNA,2018,1.587,-1.03712214131572,,,30794.8986482634,,,High income
St. Kitts and Nevis,KNA,2019,1.568,-0.329562063663977,,,32482.094417215,,,High income
St. Kitts and Nevis,KNA,2020,1.55,-1.16724501769353,,,27326.036057423,,,High income
St. Kitts and Nevis,KNA,2021,1.531,1.195688870384,,,26896.6177065978,,,High income
St. Kitts and Nevis,KNA,2022,1.512,2.66817533111249,,,31870.8813784505,,,High income
St. Kitts and Nevis,KNA,2023,1.505,3.55711230848243,,,33979.6303615734,,,High income
St. Kitts and Nevis,KNA,2024,1.526,,,,34846.6035342828,,,High income
"Korea, Rep.",KOR,2000,1.48,2.25916580080157,4.063,8.369,19236.9088359303,7.0,,High income
"Korea, Rep.",KOR,2001,1.309,4.06657587897792,3.699,8.12,20442.2142872054,6.7,,High income
"Korea, Rep.",KOR,2002,1.178,2.76226210296599,3.046,6.93,22173.4881729168,6.3,,High income
"Korea, Rep.",KOR,2003,1.191,3.51487451459939,3.348,8.458,22919.7417096314,6.3,,High income
"Korea, Rep.",KOR,2004,1.164,3.59066298882578,3.42,8.968,24658.1761189212,6.4,,High income
"Korea, Rep.",KOR,2005,1.085,2.75379162735039,3.482,8.308,26179.3421262581,6.5,,High income
"Korea, Rep.",KOR,2006,1.132,2.24234028518921,3.254,8.025,27972.3847629351,6.8,,High income
"Korea, Rep.",KOR,2007,1.259,2.53457382137932,3.013,6.274,30255.391009159,7.0,,High income
"Korea, Rep.",KOR,2008,1.192,4.67389655533408,2.959,7.19,31211.0593469455,6.6,,High income
"Korea, Rep.",KOR,2009,1.149,2.7564965449393,3.363,8.063,30739.9572294348,6.2,,High income
"Korea, Rep.",KOR,2010,1.226,2.93928652655686,3.324,7.56,33120.351934563,6.5,54.25,High income
"Korea, Rep.",KOR,2011,1.244,4.0259650043609,2.992,7.105,33944.2511879769,6.6,,High income
"Korea, Rep.",KOR,2012,1.297,2.18707104433314,2.812,7.393,35061.5531929083,6.5,53.78,High income
"Korea, Rep.",KOR,2013,1.187,1.30134754547413,3.067,8.933,35844.2253782408,6.4,,High income
"Korea, Rep.",KOR,2014,1.205,1.27477446401322,3.082,7.993,37032.1724172561,6.0,53.64,High income
"Korea, Rep.",KOR,2015,1.239,0.70633177245575,3.546,9.908,39794.1961180043,5.9,,High income
"Korea, Rep.",KOR,2016,1.172,0.971685739912168,3.65,10.039,41672.6278317077,5.5,57.9,High income
"Korea, Rep.",KOR,2017,1.052,1.94433230786366,3.653,9.535,43155.9100867658,5.2,59.15,High income
"Korea, Rep.",KOR,2018,0.977,1.47583935002645,3.824,9.935,45511.0803506331,5.0,58.71,High income
"Korea, Rep.",KOR,2019,0.918,0.383000303608136,3.746,9.531,46511.2196957018,4.7,59.12,High income
"Korea, Rep.",KOR,2020,0.837,0.537288023411737,3.931,9.631,47881.4921344193,4.2,58.69,High income
"Korea, Rep.",KOR,2021,0.808,2.49833333333339,3.639,7.356,51718.2518656631,3.8,58.05,High income
"Korea, Rep.",KOR,2022,0.778,5.08951365062842,2.857,6.157,55509.3368761174,3.7,58.24,High income
"Korea, Rep.",KOR,2023,0.721,3.5974562502901,2.675,5.416,57429.8031076402,,58.02,High income
"Korea, Rep.",KOR,2024,0.748,2.32174328643542,2.784,6.514,61051.3492502498,,,High income
Kuwait,KWT,2000,2.887,1.81294613887089,0.8,4.035,58702.8672675608,,,High income
Kuwait,KWT,2001,2.839,1.29999999999999,0.8,3.914,58552.7838606833,,,High income
Kuwait,KWT,2002,2.795,0.888450148074907,1.1,5.443,59713.1721658956,,,High income
Kuwait,KWT,2003,2.771,0.961350293542112,1.3,6.56,69752.3841102469,,,High income
Kuwait,KWT,2004,2.762,1.24856443679889,1.7,9.148,77226.6367623393,,,High income
Kuwait,KWT,2005,2.731,4.14297583631023,1.455,8.189,84968.0197570073,,,High income
Kuwait,KWT,2006,2.589,3.05701339166722,1.3,7.269,89075.2245194595,,,High income
Kuwait,KWT,2007,2.412,5.48494983277596,1.5,7.803,91434.9043845313,,,High income
Kuwait,KWT,2008,2.266,10.5827097865144,1.75,9.408,90337.3567922745,,,High income
Kuwait,KWT,2009,2.155,4.60959548447787,1.64,8.551,80110.0698071973,,,High income
Kuwait,KWT,2010,2.044,4.49640287769787,1.82,7.391,75184.0865924781,,,High income
Kuwait,KWT,2011,1.956,4.8394034987095,2.051,9.641,79036.7857441182,,,High income
Kuwait,KWT,2012,1.99,3.25514600287211,2.227,12.096,82089.726133145,,,High income
Kuwait,KWT,2013,1.968,2.68229684085039,2.465,14.714,76812.5387330449,,,High income
Kuwait,KWT,2014,2.06,2.90892672858625,2.9,17.601,68336.5991533112,,,High income
Kuwait,KWT,2015,2.03,3.27170166092133,2.2,21.041,45267.3085347452,,,High income
Kuwait,KWT,2016,2.061,3.19839776658374,2.16,29.382,41862.1739255505,,,High income
Kuwait,KWT,2017,2.16,2.17183298510006,2.23,29.986,46565.5499504554,,,High income
Kuwait,KWT,2018,2.118,0.543133148199567,2.202,30.124,51370.7320595252,,,High income
Kuwait,KWT,2019,2.082,1.09184802655856,2.213,30.186,50703.0001343301,,,High income
Kuwait,KWT,2020,2.033,2.101729548274,3.489,37.431,41461.7235642777,,,High income
Kuwait,KWT,2021,2.148,3.42362947609188,2.97,34.354,50651.9575337091,,,High income
Kuwait,KWT,2022,1.546,3.98064961990313,2.133,28.803,55043.0022635849,,,High income
Kuwait,KWT,2023,1.524,3.64216403030709,2.08,29.011,53025.4710858063,,,High income
Kuwait,KWT,2024,1.56,2.89855072463762,2.151,29.364,52443.5969223626,,,High income
Lao PDR,LAO,2000,4.429,25.0846414281315,2.045,4.219,1793.88582607334,,,Lower middle income
Lao PDR,LAO,2001,4.29,7.81180794783471,1.881,3.903,1908.06236587412,,,Lower middle income
Lao PDR,LAO,2002,4.132,10.6313446323333,1.775,3.674,2019.69774849056,,,Lower middle income
Lao PDR,LAO,2003,4.024,15.4893529233525,1.639,3.397,2151.15099595789,,,Lower middle income
Lao PDR,LAO,2004,3.898,10.4622667314208,1.498,3.112,2315.43379527395,,,Lower middle income
Lao PDR,LAO,2005,3.685,7.16541759946639,1.35,2.817,2519.46135100017,,,Lower middle income
Lao PDR,LAO,2006,3.559,6.54559439052787,1.199,2.508,2776.69752328527,,,Lower middle income
Lao PDR,LAO,2007,3.438,4.66197269469701,1.068,2.232,3021.44173114012,,,Lower middle income
Lao PDR,LAO,2008,3.331,7.62880887577516,0.944,1.968,3270.5575102335,,,Lower middle income
Lao PDR,LAO,2009,3.229,0.141187674980385,0.835,1.725,3485.06827740268,,,Lower middle income
Lao PDR,LAO,2010,3.137,5.98254521550082,0.708,1.453,3772.26605172404,,,Lower middle income
Lao PDR,LAO,2011,3.049,7.5689885610998,0.96,1.831,4099.78457330741,,,Lower middle income
Lao PDR,LAO,2012,2.953,4.2551267783209,1.208,2.203,4780.94733000167,,,Lower middle income
Lao PDR,LAO,2013,2.872,6.37142717782947,1.469,2.59,5221.59855783339,,,Lower middle income
Lao PDR,LAO,2014,2.802,4.12924306873771,1.733,2.979,5798.50436730091,,,Lower middle income
Lao PDR,LAO,2015,2.796,1.27735427102992,2.006,3.37,6086.0673044622,,,Lower middle income
Lao PDR,LAO,2016,2.744,1.59691227583204,2.634,4.303,6743.01053953037,,,Lower middle income
Lao PDR,LAO,2017,2.691,0.825478607568026,3.268,5.257,7141.90652701767,,,Lower middle income
Lao PDR,LAO,2018,2.633,2.04039266890201,2.897,4.683,7486.86452700433,,,Lower middle income
Lao PDR,LAO,2019,2.589,3.32255881256925,2.531,4.102,7743.21906534261,,,Lower middle income
Lao PDR,LAO,2020,2.535,5.10407262959919,2.349,4.006,7913.38660650276,,,Lower middle income
Lao PDR,LAO,2021,2.494,3.75562036658877,2.08,3.124,8080.43553249923,,,Lower middle income
Lao PDR,LAO,2022,2.455,22.9562225132056,1.209,2.053,8766.44062611094,,,Lower middle income
Lao PDR,LAO,2023,2.421,31.2301341732646,1.186,2.048,9291.78859001138,,,Lower middle income
Lao PDR,LAO,2024,2.397,23.1305695942588,1.174,2.054,9775.82817381023,,,Lower middle income
Lebanon,LBN,2000,2.6,,8.641,19.881,7937.95653006732,,,Lower middle income
Lebanon,LBN,2001,2.576,,8.499,19.66,8289.38389027926,,,Lower middle income
Lebanon,LBN,2002,2.523,,8.248,19.301,8586.24040685397,,,Lower middle income
Lebanon,LBN,2003,2.457,,8.061,19.028,8914.48277917793,,,Lower middle income
Lebanon,LBN,2004,2.378,,7.85,18.727,9609.01282633629,,,Lower middle income
Lebanon,LBN,2005,2.291,,8.249,19.428,10019.9941540441,,,Lower middle income
Lebanon,LBN,2006,2.244,,8.679,20.188,10312.3533312551,,,Lower middle income
Lebanon,LBN,2007,2.201,,8.98,20.801,11355.6629756249,,,Lower middle income
Lebanon,LBN,2008,2.172,,7.666,20.612,12415.9400064273,,,Lower middle income
Lebanon,LBN,2009,2.191,1.19509671165543,6.355,20.273,13586.1444830435,,,Lower middle income
Lebanon,LBN,2010,2.256,3.98347941855833,6.768,20.353,14703.6153215084,,,Lower middle income
Lebanon,LBN,2011,2.32,4.97148571692384,7.352,20.706,14974.553438993,,,Lower middle income
Lebanon,LBN,2012,2.345,6.58147447683677,7.952,21.034,16121.335238646,,,Lower middle income
Lebanon,LBN,2013,2.361,4.82101956297399,8.477,21.215,16315.6137748763,,,Lower middle income
Lebanon,LBN,2014,2.375,1.8546042134091,8.84,21.162,16139.8649966955,,,Lower middle income
Lebanon,LBN,2015,2.382,-3.74914524799629,9.312,21.25,17045.898285301,,,Lower middle income
Lebanon,LBN,2016,2.39,-0.783359624361508,9.794,21.333,18940.5901000453,,,Lower middle income
Lebanon,LBN,2017,2.372,4.32135218303191,10.258,21.381,20963.8249472533,,,Lower middle income
Lebanon,LBN,2018,2.347,6.07698907889607,10.755,21.456,21985.4884702241,,,Lower middle income
Lebanon,LBN,2019,2.327,3.00538949390383,11.301,21.57,21710.4648750807,,,Lower middle income
Lebanon,LBN,2020,2.308,84.8643330472041,13.252,24.76,16259.7051312281,,,Lower middle income
Lebanon,LBN,2021,2.283,154.756096023393,12.715,23.53,11599.7755083765,,,Lower middle income
Lebanon,LBN,2022,2.263,171.205491336641,11.105,21.419,12292.8407305501,,,Lower middle income
Lebanon,LBN,2023,2.239,221.341644023365,10.985,21.311,12574.8329116403,,,Lower middle income
Lebanon,LBN,2024,2.227,45.2430422716718,,,,,,Lower middle income
Liberia,LBR,2000,5.875,,2.018,3.55,965.395523330548,,,Low income
Liberia,LBR,2001,5.774,,2.104,3.647,986.572798678639,,,Low income
Liberia,LBR,2002,5.653,14.1596470116325,2.222,3.774,1012.9189129211,,,Low income
Liberia,LBR,2003,5.547,10.3302881236823,2.42,3.968,715.818246812872,,,Low income
Liberia,LBR,2004,5.506,7.82908704883235,2.424,3.975,745.397861816656,,,Low income
Liberia,LBR,2005,5.519,10.8343588481414,2.413,3.97,774.032567790285,,,Low income
Liberia,LBR,2006,5.53,7.34144608278558,2.28,3.846,815.218917036837,,,Low income
Liberia,LBR,2007,5.462,11.3918966807102,2.232,3.803,872.584645942216,,,Low income
Liberia,LBR,2008,5.328,17.489448642993,2.221,3.795,915.053599714179,,,Low income
Liberia,LBR,2009,5.174,7.42764305914919,2.241,3.82,939.496290246214,,,Low income
Liberia,LBR,2010,5.058,7.28992796890218,2.266,3.85,980.1181397741,,,Low income
Liberia,LBR,2011,4.97,8.488167518494,2.211,3.213,1040.76141404018,,,Low income
Liberia,LBR,2012,4.881,6.83178703418548,2.146,2.55,1156.95319448003,,,Low income
Liberia,LBR,2013,4.749,7.577306817414,2.08,1.871,1360.12910370155,,,Low income
Liberia,LBR,2014,4.622,9.86111285574904,2.079,1.194,1418.77355515891,,,Low income
Liberia,LBR,2015,4.523,7.74869687621322,2.557,1.686,1340.43279741197,,,Low income
Liberia,LBR,2016,4.461,8.83424868336488,3.081,2.2,1490.33581410026,,,Low income
Liberia,LBR,2017,4.396,12.4196323907138,3.067,2.195,1664.94481323565,,,Low income
Liberia,LBR,2018,4.336,23.5635148953742,3.058,2.193,1799.72751397748,,,Low income
Liberia,LBR,2019,4.257,26.9662760197878,3.071,2.197,1899.52200972855,,,Low income
Liberia,LBR,2020,4.174,16.9557241496255,4.102,2.915,1659.52109145991,,,Low income
Liberia,LBR,2021,4.089,7.81559385858648,3.844,2.667,1539.20892304674,,,Low income
Liberia,LBR,2022,4.016,7.59298486560313,2.956,2.129,1691.57275721851,,,Low income
Liberia,LBR,2023,3.95,10.0944535665552,2.905,2.112,1794.53340863362,,,Low income
Liberia,LBR,2024,3.864,8.21497439118964,2.914,2.116,1871.04406164262,,,Low income
Libya,LBY,2000,2.906,-2.90000000000024,19.275,62.57,20616.9848683599,,,Upper middle income
Libya,LBY,2001,2.866,-8.81393752145546,19.239,62.811,20331.6315181003,,,Upper middle income
Libya,LBY,2002,2.831,-9.79764705882357,19.281,63.3,20060.6396913983,,,Upper middle income
Libya,LBY,2003,2.797,-2.19115191986644,19.074,63.303,22662.7242140997,,,Upper middle income
Libya,LBY,2004,2.773,-2.197567740559,18.938,63.504,23813.4011504496,,,Upper middle income
Libya,LBY,2005,2.765,2.65020576131657,18.66,63.389,26902.8985878895,,,Upper middle income
Libya,LBY,2006,2.699,1.45926876202724,18.805,64.326,28935.6615820305,,,Upper middle income
Libya,LBY,2007,2.648,6.25098782993553,18.771,64.957,30928.9422810828,,,Upper middle income
Libya,LBY,2008,2.599,10.3607288954998,19.041,66.218,30812.2837288703,,,Upper middle income
Libya,LBY,2009,2.556,2.45990025609948,19.29,67.398,29027.1468071228,,,Upper middle income
Libya,LBY,2010,2.603,2.79989500109268,19.321,68.078,30234.0918728805,,,Upper middle income
Libya,LBY,2011,2.646,15.5184815317561,19.504,69.227,15698.0519072612,,,Upper middle income
Libya,LBY,2012,2.68,6.05980392156864,19.03,68.777,26826.0729756733,,,Upper middle income
Libya,LBY,2013,2.716,2.60581802719517,19.311,69.641,21151.0051911633,,,Upper middle income
Libya,LBY,2014,2.754,2.43294141599225,19.295,69.772,17509.5285087845,,,Upper middle income
Libya,LBY,2015,2.711,10.4022933588151,19.69,70.799,17903.2565395803,,,Upper middle income
Libya,LBY,2016,2.673,25.8538742124461,19.559,70.598,16961.0177111717,,,Upper middle income
Libya,LBY,2017,2.626,25.8036184788338,19.053,69.512,18026.0187834008,,,Upper middle income
Libya,LBY,2018,2.581,13.1702038536721,18.865,69.125,18879.3151301984,,,Upper middle income
Libya,LBY,2019,2.539,-2.16217883470595,19.087,69.662,16194.1082061146,,,Upper middle income
Libya,LBY,2020,2.507,1.44703656998741,19.651,74.809,10954.799045265,,,Upper middle income
Libya,LBY,2021,2.462,2.86833027751019,19.779,71.996,12641.5097714075,,,Upper middle income
Libya,LBY,2022,2.402,4.51030149235703,19.238,69.873,12266.3896804716,,,Upper middle income
Libya,LBY,2023,2.355,2.37317531435169,18.713,68.675,13847.0792190045,,,Upper middle income
Libya,LBY,2024,2.298,2.12615766885025,19.085,69.516,14303.8087736988,,,Upper middle income
St. Lucia,LCA,2000,2.207,3.7107860871361,16.49,34.118,9313.73279695482,,,Upper middle income
St. Lucia,LCA,2001,2.125,5.30722081028547,18.538,36.778,9105.82558991748,,,Upper middle income
St. Lucia,LCA,2002,2.032,-0.255536626916508,20.39,38.984,9205.18416345914,,,Upper middle income
St. Lucia,LCA,2003,1.939,1.03425372426221,22.18,46.008,9707.06818918422,,,Upper middle income
St. Lucia,LCA,2004,1.863,1.46036814425245,20.97,41.036,10610.2966894155,,,Upper middle income
St. Lucia,LCA,2005,1.807,3.89827370759476,18.7,38.059,10818.3104254683,,,Upper middle income
St. Lucia,LCA,2006,1.765,2.39562082529168,16.0,33.939,11758.3194729541,,,Upper middle income
St. Lucia,LCA,2007,1.7,2.82310373736929,14.0,31.726,12199.2581150973,,,Upper middle income
St. Lucia,LCA,2008,1.7,5.54954769383937,12.72,25.615,12968.5457267147,,,Upper middle income
St. Lucia,LCA,2009,1.735,-0.156936087168669,15.37,29.251,12600.2078976135,,,Upper middle income
St. Lucia,LCA,2010,1.673,3.25034409180129,17.118,33.165,12717.7865966902,,,Upper middle income
St. Lucia,LCA,2011,1.5,2.76940794144093,18.86,37.022,13471.2666355799,,,Upper middle income
St. Lucia,LCA,2012,1.5,4.17763587102515,19.06,39.661,13443.4262512467,,,Upper middle income
St. Lucia,LCA,2013,1.5,1.46856511035428,22.21,45.272,14009.9844560139,,,Upper middle income
St. Lucia,LCA,2014,1.485,3.51695551369241,21.583,44.814,14403.0832732506,,,Upper middle income
St. Lucia,LCA,2015,1.473,-0.983600952696996,20.84,44.179,14353.2224845845,,,Upper middle income
St. Lucia,LCA,2016,1.461,-3.07821765676927,19.932,43.296,15306.7258058706,,,Upper middle income
St. Lucia,LCA,2017,1.448,0.104262078958441,19.136,42.632,16130.9721097011,,,Upper middle income
St. Lucia,LCA,2018,1.436,1.93561893150602,19.329,39.429,17433.3010328737,,,Upper middle income
St. Lucia,LCA,2019,1.424,0.539087559191757,15.613,33.344,18709.9110670935,,,Upper middle income
St. Lucia,LCA,2020,1.411,-1.75580833517594,25.224,50.601,14912.159584235,,,Upper middle income
St. Lucia,LCA,2021,1.399,2.41070312174393,20.514,42.25,19101.1652956675,,,Upper middle income
St. Lucia,LCA,2022,1.387,6.37814695133351,15.934,26.088,24599.3733001067,,,Upper middle income
St. Lucia,LCA,2023,1.379,4.07060821926204,12.094,30.849,25974.5092925263,,,Upper middle income
St. Lucia,LCA,2024,1.385,-0.110283575834694,10.199,18.304,27567.3280779839,,,Upper middle income
Liechtenstein,LIE,2000,1.57,,,,,,,High income
Liechtenstein,LIE,2001,1.52,,,,,,,High income
Liechtenstein,LIE,2002,1.47,,,,,,,High income
Liechtenstein,LIE,2003,1.36,,,,,,,High income
Liechtenstein,LIE,2004,1.44,,,,,,,High income
Liechtenstein,LIE,2005,1.49,,,,,,,High income
Liechtenstein,LIE,2006,1.43,,,,,,,High income
Liechtenstein,LIE,2007,1.42,,,,,,,High income
Liechtenstein,LIE,2008,1.43,,,,,,,High income
Liechtenstein,LIE,2009,1.71,,,,,,,High income
Liechtenstein,LIE,2010,1.4,,,,,,,High income
Liechtenstein,LIE,2011,1.69,,,,,,,High income
Liechtenstein,LIE,2012,1.51,,,,,,,High income
Liechtenstein,LIE,2013,1.45,,,,,,,High income
Liechtenstein,LIE,2014,1.59,,,,,,,High income
Liechtenstein,LIE,2015,1.4,,,,,,,High income
Liechtenstein,LIE,2016,1.61,,,,,,,High income
Liechtenstein,LIE,2017,1.44,,,,,,,High income
Liechtenstein,LIE,2018,1.58,,,,,,,High income
Liechtenstein,LIE,2019,1.48,,,,,,,High income
Liechtenstein,LIE,2020,1.46,,,,,,,High income
Liechtenstein,LIE,2021,1.53,,,,,,,High income
Liechtenstein,LIE,2022,1.47,,,,,,,High income
Liechtenstein,LIE,2023,1.45,,,,,,,High income
Liechtenstein,LIE,2024,1.37,,,,,,,High income
Sri Lanka,LKA,2000,2.213,6.17627591012045,7.74,30.196,4367.80358983464,,,Lower middle income
Sri Lanka,LKA,2001,2.283,14.15845579912,7.9,30.797,4328.19141112598,,,Lower middle income
Sri Lanka,LKA,2002,2.31,9.55103167007251,8.76,36.081,4522.32769640072,,,Lower middle income
Sri Lanka,LKA,2003,2.301,6.31463787051174,8.22,36.722,4849.86023450517,,,Lower middle income
Sri Lanka,LKA,2004,2.271,7.57592582995856,8.38,38.765,5215.88024437154,,,Lower middle income
Sri Lanka,LKA,2005,2.263,11.6396860971118,7.67,38.858,5678.74647778512,,,Lower middle income
Sri Lanka,LKA,2006,2.292,10.0201836057035,6.5,29.049,6260.67990154804,,,Lower middle income
Sri Lanka,LKA,2007,2.295,15.8421114924843,5.97,28.541,6820.39310023368,,,Lower middle income
Sri Lanka,LKA,2008,2.232,22.5644955300126,5.22,25.922,7316.58626510951,,,Lower middle income
Sri Lanka,LKA,2009,2.179,3.46496322106074,5.85,28.02,7575.57988724931,,,Lower middle income
Sri Lanka,LKA,2010,2.134,6.2176488930462,4.784,23.596,8233.62663813947,,,Lower middle income
Sri Lanka,LKA,2011,2.144,6.7167684358854,4.118,24.402,9075.545495895,,,Lower middle income
Sri Lanka,LKA,2012,2.173,7.54291373239437,3.88,22.704,10249.1670637714,,,Lower middle income
Sri Lanka,LKA,2013,2.178,6.90845034828452,4.186,24.422,11252.6311491911,,,Lower middle income
Sri Lanka,LKA,2014,2.134,3.1790022823606,4.157,25.355,11720.5978110374,,,Lower middle income
Sri Lanka,LKA,2015,2.09,3.76836783062096,4.519,25.477,12227.1714849513,,,Lower middle income
Sri Lanka,LKA,2016,2.062,3.9588884659307,4.242,27.519,13078.5605089072,,,Lower middle income
Sri Lanka,LKA,2017,2.044,7.70413767850602,4.046,23.17,13610.4723136618,,,Lower middle income
Sri Lanka,LKA,2018,2.033,2.135037737132,4.318,28.804,14178.0225361887,,,Lower middle income
Sri Lanka,LKA,2019,2.022,3.52839358231811,4.67,27.356,14112.952504221,,,Lower middle income
Sri Lanka,LKA,2020,2.007,6.15394508391738,5.364,34.004,12940.9043295749,,,Lower middle income
Sri Lanka,LKA,2021,1.995,7.01478071238195,4.981,34.785,14316.1352225683,,,Lower middle income
Sri Lanka,LKA,2022,1.984,49.7211021114327,4.528,25.86,14193.6546217446,,,Lower middle income
Sri Lanka,LKA,2023,1.974,16.5411742279832,4.528,24.618,14455.6544414734,,,Lower middle income
Sri Lanka,LKA,2024,1.952,-0.42936004906973,4.239,25.611,15632.5924849848,,,Lower middle income
Lesotho,LSO,2000,3.605,6.13197538722696,16.169,29.446,1272.924433991,,,Lower middle income
Lesotho,LSO,2001,3.63,-9.61615353858472,16.081,29.409,1350.00529706535,,,Lower middle income
Lesotho,LSO,2002,3.682,33.812578338126,16.079,29.518,1385.18222067454,,,Lower middle income
Lesotho,LSO,2003,3.619,6.62916357146762,16.056,29.61,1484.09584449257,,,Lower middle income
Lesotho,LSO,2004,3.508,5.02342068616285,16.154,29.922,1560.74877547924,,,Lower middle income
Lesotho,LSO,2005,3.428,3.43788423057443,16.031,29.911,1680.87364079911,,,Lower middle income
Lesotho,LSO,2006,3.414,6.07271879734293,16.054,30.142,1813.4444072345,,,Lower middle income
Lesotho,LSO,2007,3.442,8.01243669043409,15.942,30.17,1932.4266622594,,,Lower middle income
Lesotho,LSO,2008,3.392,10.7156661309681,15.851,30.276,2064.42311214194,,,Lower middle income
Lesotho,LSO,2009,3.309,-16.8596910540644,16.115,31.011,2036.26308567654,,,Lower middle income
Lesotho,LSO,2010,3.25,-2.40524254598706,16.068,31.276,2152.91528289768,,,Lower middle income
Lesotho,LSO,2011,3.343,5.0366305210156,16.115,31.727,2278.50142791066,,,Lower middle income
Lesotho,LSO,2012,3.296,6.05143662139967,15.761,31.533,2291.4956531127,,,Lower middle income
Lesotho,LSO,2013,3.283,4.86511899496385,15.926,32.241,2538.26310306049,,,Lower middle income
Lesotho,LSO,2014,3.239,5.37028961008587,16.066,33.07,2771.24496867163,,,Lower middle income
Lesotho,LSO,2015,3.217,3.21844513655931,16.223,33.956,3034.64692924848,,,Lower middle income
Lesotho,LSO,2016,3.18,6.59650490696543,16.138,34.43,2942.18153663921,,,Lower middle income
Lesotho,LSO,2017,3.105,4.447699373763,16.379,35.478,2618.81820770145,,,Lower middle income
Lesotho,LSO,2018,3.016,4.7518030162474,16.614,36.524,2632.28775223004,,,Lower middle income
Lesotho,LSO,2019,2.924,5.18708359197982,16.876,37.645,2568.34114362719,,,Lower middle income
Lesotho,LSO,2020,2.846,4.97809676252309,18.385,42.484,2559.09776077846,,,Lower middle income
Lesotho,LSO,2021,2.769,6.04774591950676,18.214,40.244,2544.78249551214,,,Lower middle income
Lesotho,LSO,2022,2.716,8.27180389943028,16.623,37.672,2761.31105002216,,,Lower middle income
Lesotho,LSO,2023,2.694,6.34221743124953,16.348,37.224,2880.96629615692,,,Lower middle income
Lesotho,LSO,2024,2.664,6.10544624245032,16.34,37.224,3001.16311951334,,,Lower middle income
Lithuania,LTU,2000,1.39,0.981615478857598,15.931,27.268,8474.59300330083,4.8,,High income
Lithuania,LTU,2001,1.29,1.36712030817819,16.84,24.596,9399.33656166607,4.5,,High income
Lithuania,LTU,2002,1.23,0.281506610345575,13.008,21.569,10295.5066962899,4.7,,High income
Lithuania,LTU,2003,1.26,-1.13430854990247,12.874,32.916,11659.8787391334,5.0,,High income
Lithuania,LTU,2004,1.27,1.16410252104671,10.684,16.517,12605.0201901971,5.7,,High income
Lithuania,LTU,2005,1.29,2.65848484065262,8.325,15.463,13951.3261880977,6.0,,High income
Lithuania,LTU,2006,1.33,3.73912004060664,5.78,9.975,15522.3579257294,6.5,,High income
Lithuania,LTU,2007,1.36,5.73717382799842,4.25,10.443,17968.6445835063,7.1,,High income
Lithuania,LTU,2008,1.45,10.9258856241655,5.826,13.886,19410.0077598903,7.5,,High income
Lithuania,LTU,2009,1.5,4.45304456518535,13.785,22.38,17054.6365568486,6.5,,High income
Lithuania,LTU,2010,1.5,1.31921362055463,17.814,31.607,18718.9043711358,6.0,93.71,High income
Lithuania,LTU,2011,1.55,4.13027562645085,15.39,29.375,21557.6567458052,6.3,92.02,High income
Lithuania,LTU,2012,1.6,3.08998277055417,13.365,22.707,23275.2517553588,6.9,91.75,High income
Lithuania,LTU,2013,1.59,1.04747937065344,11.77,20.361,24889.8726227818,6.9,91.27,High income
Lithuania,LTU,2014,1.57,0.103758009433708,10.698,18.719,26274.7488764946,7.6,89.93,High income
Lithuania,LTU,2015,1.63,-0.884097405500596,9.12,16.654,26948.5919371645,7.6,89.68,High income
Lithuania,LTU,2016,1.63,0.905525075460342,7.862,12.623,28698.9887868061,7.4,89.86,High income
Lithuania,LTU,2017,1.57,3.72288862303707,7.073,11.657,31305.0436934372,7.5,88.96,High income
Lithuania,LTU,2018,1.53,2.69792779208394,6.147,10.066,36491.9385223689,7.0,89.28,High income
Lithuania,LTU,2019,1.43,2.33450937988027,6.255,9.241,40563.8304884555,7.0,90.27,High income
Lithuania,LTU,2020,1.36,1.19989444983569,8.487,17.287,41262.7276941725,5.5,88.82,High income
Lithuania,LTU,2021,1.36,4.68354420903453,7.112,14.687,45873.5273239486,6.0,89.76,High income
Lithuania,LTU,2022,1.27,19.7050461518394,5.955,10.338,50936.0049547442,5.7,88.04,High income
Lithuania,LTU,2023,1.18,9.11731962390475,6.841,10.135,52348.2468215268,,88.42,High income
Lithuania,LTU,2024,1.11,0.715735835228723,6.851,10.035,55285.8991934304,,86.83,High income
Luxembourg,LUX,2000,1.76,3.15076707022592,2.345,7.291,55136.0609983789,4.9,,High income
Luxembourg,LUX,2001,1.66,2.66382110579103,1.805,5.438,56135.8315678957,4.5,,High income
Luxembourg,LUX,2002,1.63,2.07408613571643,2.621,8.99,58575.6792717544,4.5,,High income
Luxembourg,LUX,2003,1.62,2.04984030563518,3.675,12.185,60192.1759452336,4.4,,High income
Luxembourg,LUX,2004,1.66,2.22567916428889,5.113,22.376,64685.7286866435,4.4,,High income
Luxembourg,LUX,2005,1.63,2.48769665164088,4.488,16.19,68787.8547494266,4.4,,High income
Luxembourg,LUX,2006,1.65,2.66631494577069,4.731,15.008,78861.1661045613,4.1,,High income
Luxembourg,LUX,2007,1.61,2.31245861786127,4.065,16.657,85126.1393867018,4.1,,High income
Luxembourg,LUX,2008,1.61,3.40187963025571,5.06,24.057,90970.7211980147,3.9,,High income
Luxembourg,LUX,2009,1.59,0.368041997888887,5.194,18.541,86918.5909104052,3.5,,High income
Luxembourg,LUX,2010,1.63,2.2736791162154,4.423,10.24,90336.0184704033,3.5,64.31,High income
Luxembourg,LUX,2011,1.52,3.41068341068342,5.122,22.629,94475.0302265023,3.3,64.0,High income
Luxembourg,LUX,2012,1.57,2.66284165508021,5.03,16.922,96636.426643956,3.4,67.44,High income
Luxembourg,LUX,2013,1.55,1.73403963519162,6.045,14.052,100925.011992241,3.2,69.0,High income
Luxembourg,LUX,2014,1.5,0.628543985440717,6.044,24.64,105296.284588232,3.0,69.0,High income
Luxembourg,LUX,2015,1.47,0.474743161437779,6.796,14.124,107859.685999308,3.6,70.0,High income
Luxembourg,LUX,2016,1.41,0.290833333333317,6.669,22.214,113365.176082265,3.2,70.26,High income
Luxembourg,LUX,2017,1.39,1.73079959118887,5.523,12.71,114985.842235989,3.2,70.73,High income
Luxembourg,LUX,2018,1.38,1.5281952430738,5.589,11.894,116638.414163882,3.1,67.8,High income
Luxembourg,LUX,2019,1.34,1.74332075653848,5.592,15.999,121371.73990307,3.5,66.78,High income
Luxembourg,LUX,2020,1.36,0.819957302127036,6.766,21.326,122066.739147202,2.9,65.38,High income
Luxembourg,LUX,2021,1.38,2.52692009066166,5.571,16.242,136772.443753292,3.0,68.06,High income
Luxembourg,LUX,2022,1.31,6.33600807777919,4.588,18.506,146919.145398494,3.8,69.85,High income
Luxembourg,LUX,2023,1.25,3.74140361983136,5.184,22.803,150508.218886888,,65.74,High income
Luxembourg,LUX,2024,1.25,2.05113269954859,6.4,18.185,155941.288210791,,62.3,High income
Latvia,LVA,2000,1.25,2.65425477796048,14.211,21.702,7848.90854892793,3.9,,High income
Latvia,LVA,2001,1.22,2.48704003555464,13.821,24.012,8807.75837072465,4.0,,High income
Latvia,LVA,2002,1.26,1.93887573855886,13.829,25.354,9568.79465678335,4.2,,High income
Latvia,LVA,2003,1.32,2.94264752948478,12.061,26.611,10193.2381015054,4.4,,High income
Latvia,LVA,2004,1.29,6.19238547197429,11.708,30.815,11319.1462699913,4.6,,High income
Latvia,LVA,2005,1.39,6.74845027893124,10.033,18.443,12825.873779559,5.6,,High income
Latvia,LVA,2006,1.46,6.53619908765872,7.03,16.054,14180.0017761877,6.6,,High income
Latvia,LVA,2007,1.54,10.0929775849169,6.052,9.951,16245.5340994603,7.0,,High income
Latvia,LVA,2008,1.58,15.4023191064986,7.739,13.102,17443.3912910988,5.9,,High income
Latvia,LVA,2009,1.46,3.53410672858934,17.515,29.275,15545.0821339945,4.6,,High income
Latvia,LVA,2010,1.36,-1.08463595015155,19.482,34.849,16373.4037320495,4.4,82.4,High income
Latvia,LVA,2011,1.33,4.37073559939223,16.206,30.679,17680.4939630507,5.2,81.4,High income
Latvia,LVA,2012,1.44,2.25778924374585,15.047,29.491,19416.5167382125,5.5,79.9,High income
Latvia,LVA,2013,1.52,-0.029454778257828,11.867,24.948,20473.5243706913,5.7,79.85,High income
Latvia,LVA,2014,1.65,0.620490636732421,10.846,19.935,21553.6623204436,6.3,79.82,High income
Latvia,LVA,2015,1.7,0.174242243625186,9.873,14.14,22543.9183164105,6.9,78.37,High income
Latvia,LVA,2016,1.74,0.140633334505327,9.643,12.127,24063.4511245109,6.6,79.49,High income
Latvia,LVA,2017,1.69,2.93036312374665,8.715,15.404,25763.9907709703,6.8,79.34,High income
Latvia,LVA,2018,1.6,2.53445424186598,7.412,11.833,29817.8047263182,6.8,79.8,High income
Latvia,LVA,2019,1.61,2.81140920075624,6.312,10.125,32199.0960377091,6.7,78.01,High income
Latvia,LVA,2020,1.55,0.219064904841985,8.098,15.476,32741.4207691987,5.6,79.07,High income
Latvia,LVA,2021,1.57,3.27582937431165,7.513,14.601,36912.0130602161,6.0,80.53,High income
Latvia,LVA,2022,1.47,17.3102830198815,6.815,10.15,40558.7495841122,6.3,81.18,High income
Latvia,LVA,2023,1.36,8.9380462331663,6.465,9.982,42576.4060799457,,80.69,High income
Latvia,LVA,2024,1.24,1.26579885828729,6.9,14.131,43394.2732822314,,80.68,High income
"Macao SAR, China",MAC,2000,0.933,-1.60971883961897,6.874,7.545,34686.9487205344,,,High income
"Macao SAR, China",MAC,2001,0.818,-1.98465008641646,6.371,6.188,36214.8513340462,,,High income
"Macao SAR, China",MAC,2002,0.813,-2.63751699816198,6.278,6.965,39641.4818326412,,,High income
"Macao SAR, China",MAC,2003,0.837,-1.56245203671305,5.995,7.2,44601.8182261997,,,High income
"Macao SAR, China",MAC,2004,0.855,0.980728452039451,4.904,7.503,56585.3001832163,,,High income
"Macao SAR, China",MAC,2005,0.912,4.39589284335674,4.158,5.862,60569.4566444726,,,High income
"Macao SAR, China",MAC,2006,0.954,5.14997337750692,3.822,5.825,67194.5117540953,,,High income
"Macao SAR, China",MAC,2007,1.008,5.57149689143952,3.269,4.131,75672.6406168549,,,High income
"Macao SAR, China",MAC,2008,0.979,8.61101858637,2.999,4.337,76827.0193066502,,,High income
"Macao SAR, China",MAC,2009,1.004,1.16906695453767,3.58,5.755,79138.8048016974,,,High income
"Macao SAR, China",MAC,2010,1.07,2.80947242060843,2.84,3.448,99835.0846406553,,,High income
"Macao SAR, China",MAC,2011,1.15,5.80624616691043,2.56,4.671,121085.679344582,,,High income
"Macao SAR, China",MAC,2012,1.357,6.10738928336549,1.97,4.247,133111.616642617,,,High income
"Macao SAR, China",MAC,2013,1.15,5.50057779178484,1.82,2.997,149859.180455113,,,High income
"Macao SAR, China",MAC,2014,1.224,6.04823452094076,1.67,3.042,145187.080794416,,,High income
"Macao SAR, China",MAC,2015,1.142,4.56056338028173,1.81,3.544,108656.763904919,,,High income
"Macao SAR, China",MAC,2016,1.138,2.36895749705898,1.939,3.477,107653.177281832,,,High income
"Macao SAR, China",MAC,2017,1.021,1.22812404052809,1.981,3.826,120774.963080752,,,High income
"Macao SAR, China",MAC,2018,0.915,3.00446293166953,1.803,4.152,129457.998600118,,,High income
"Macao SAR, China",MAC,2019,0.899,2.75193081051975,1.73,4.266,126029.622371097,,,High income
"Macao SAR, China",MAC,2020,0.841,0.811410511491512,2.542,5.783,57077.5325705099,,,High income
"Macao SAR, China",MAC,2021,0.756,0.0264543647055504,2.221,5.275,73374.4486829589,,,High income
"Macao SAR, China",MAC,2022,0.68,1.04502802369954,2.446,4.998,64193.5294048618,,,High income
"Macao SAR, China",MAC,2023,0.586,0.476384495788075,2.206,4.753,116328.540600134,,,High income
"Macao SAR, China",MAC,2024,0.582,0.672498598854365,2.262,4.86,126959.917138906,,,High income
St. Martin (French part),MAF,2000,2.876,,,,,,,High income
St. Martin (French part),MAF,2001,2.897,,,,,,,High income
St. Martin (French part),MAF,2002,2.896,,,,,,,High income
St. Martin (French part),MAF,2003,2.872,,,,,,,High income
St. Martin (French part),MAF,2004,2.827,,,,,,,High income
St. Martin (French part),MAF,2005,2.779,,,,,,,High income
St. Martin (French part),MAF,2006,2.711,,,,,,,High income
St. Martin (French part),MAF,2007,2.633,,,,,,,High income
St. Martin (French part),MAF,2008,2.55,,,,,,,High income
St. Martin (French part),MAF,2009,2.464,,,,,,,High income
St. Martin (French part),MAF,2010,2.4,,,,,,,High income
St. Martin (French part),MAF,2011,2.424,,,,,,,High income
St. Martin (French part),MAF,2012,2.773,,,,,,,High income
St. Martin (French part),MAF,2013,2.719,,,,,,,High income
St. Martin (French part),MAF,2014,2.707,,,,,,,High income
St. Martin (French part),MAF,2015,2.665,,,,,,,High income
St. Martin (French part),MAF,2016,2.643,,,,,,,High income
St. Martin (French part),MAF,2017,2.657,,,,,,,High income
St. Martin (French part),MAF,2018,2.725,,,,,,,High income
St. Martin (French part),MAF,2019,2.791,,,,,,,High income
St. Martin (French part),MAF,2020,2.829,,,,,,,High income
St. Martin (French part),MAF,2021,2.804,,,,,,,High income
St. Martin (French part),MAF,2022,2.763,,,,,,,High income
St. Martin (French part),MAF,2023,2.718,,,,,,,High income
St. Martin (French part),MAF,2024,2.673,,,,,,,High income
Morocco,MAR,2000,2.774,1.89463456763464,13.58,16.777,3930.22314453125,,,Lower middle income
Morocco,MAR,2001,2.686,0.619801875297975,12.46,16.499,4268.86962890625,,,Lower middle income
Morocco,MAR,2002,2.617,2.79561966936936,11.59,16.774,4436.4287109375,,,Lower middle income
Morocco,MAR,2003,2.606,1.16773367477592,11.92,15.906,4741.0615234375,,,Lower middle income
Morocco,MAR,2004,2.611,1.49344403381774,10.83,14.446,5024.6943359375,,,Lower middle income
Morocco,MAR,2005,2.613,0.982641660015951,11.01,14.353,5274.74169921875,,,Lower middle income
Morocco,MAR,2006,2.611,3.28476166954811,9.67,14.046,5780.6181640625,,,Lower middle income
Morocco,MAR,2007,2.618,2.04208512673344,9.56,12.891,6057.935546875,,,Lower middle income
Morocco,MAR,2008,2.612,3.71484311494064,9.57,15.976,6437.0634765625,,,Lower middle income
Morocco,MAR,2009,2.624,0.971862998667636,8.96,14.593,6628.57666015625,,,Lower middle income
Morocco,MAR,2010,2.629,0.993557401226392,9.09,15.863,6848.66748046875,,,Lower middle income
Morocco,MAR,2011,2.595,0.9069249096918,8.91,17.305,7274.1474609375,,,Lower middle income
Morocco,MAR,2012,2.543,1.28712240079219,8.99,19.016,7307.6123046875,,,Lower middle income
Morocco,MAR,2013,2.478,1.88065466724086,9.23,18.076,7542.0986328125,,,Lower middle income
Morocco,MAR,2014,2.425,0.442310053557048,9.7,17.553,7237.27734375,,,Lower middle income
Morocco,MAR,2015,2.406,1.5579071134626,9.46,21.355,7799.09228515625,,,Lower middle income
Morocco,MAR,2016,2.396,1.63531114327064,9.3,22.672,7853.17626953125,,,Lower middle income
Morocco,MAR,2017,2.375,0.754663249323619,9.22,22.644,8115.12060546875,,,Lower middle income
Morocco,MAR,2018,2.354,1.80391671141896,9.272,22.895,7801.0986328125,,,Lower middle income
Morocco,MAR,2019,2.342,0.303386036590383,9.191,22.964,8046.22900390625,,,Lower middle income
Morocco,MAR,2020,2.32,0.705968661338261,11.189,27.223,7704.84912109375,,,Lower middle income
Morocco,MAR,2021,2.288,1.40195883962006,10.551,25.779,8623.265625,,,Lower middle income
Morocco,MAR,2022,2.256,6.65704202759067,9.413,23.128,9310.0322265625,,,Lower middle income
Morocco,MAR,2023,2.23,6.09114152504141,8.896,22.532,9894.650390625,,,Lower middle income
Morocco,MAR,2024,2.208,0.985256592004507,9.103,22.82,10415.1240234375,,,Lower middle income
Monaco,MCO,2000,2.082,,,,,,,High income
Monaco,MCO,2001,2.176,,,,,,,High income
Monaco,MCO,2002,2.006,,,,,,,High income
Monaco,MCO,2003,1.914,,,,,,,High income
Monaco,MCO,2004,1.994,,,,,,,High income
Monaco,MCO,2005,2.006,,,,,,,High income
Monaco,MCO,2006,2.101,,,,,,,High income
Monaco,MCO,2007,2.206,,,,,,,High income
Monaco,MCO,2008,2.384,,,,,,,High income
Monaco,MCO,2009,2.397,,,,,,,High income
Monaco,MCO,2010,2.385,,,,,,,High income
Monaco,MCO,2011,2.22,,,,,,,High income
Monaco,MCO,2012,2.294,,,,,,,High income
Monaco,MCO,2013,2.313,,,,,,,High income
Monaco,MCO,2014,2.485,,,,,,,High income
Monaco,MCO,2015,2.503,,,,,,,High income
Monaco,MCO,2016,2.578,,,,,,,High income
Monaco,MCO,2017,2.418,,,,,,,High income
Monaco,MCO,2018,2.485,,,,,,,High income
Monaco,MCO,2019,2.403,,,,,,,High income
Monaco,MCO,2020,2.38,,,,,,,High income
Monaco,MCO,2021,2.122,,,,,,,High income
Monaco,MCO,2022,2.114,,,,,,,High income
Monaco,MCO,2023,2.11,,,,,,,High income
Monaco,MCO,2024,2.102,,,,,,,High income
Moldova,MDA,2000,1.496,31.2993015817784,8.539,15.069,3044.67050577354,,,Upper middle income
Moldova,MDA,2001,1.471,9.7646628575763,7.366,14.165,3310.52882645877,,,Upper middle income
Moldova,MDA,2002,1.448,5.30124390261587,6.845,12.759,3632.61091825467,,,Upper middle income
Moldova,MDA,2003,1.479,11.7460792058234,6.378,13.665,3959.95150996029,,,Upper middle income
Moldova,MDA,2004,1.543,12.5242768428228,6.374,12.932,4378.17475782467,,,Upper middle income
Moldova,MDA,2005,1.528,11.9591837222127,5.633,13.653,4865.93456430334,,,Upper middle income
Moldova,MDA,2006,1.537,12.7777557830351,4.26,7.82,5271.38970435336,,,Upper middle income
Moldova,MDA,2007,1.575,12.3671668414302,2.749,6.68,5589.5685077365,,,Upper middle income
Moldova,MDA,2008,1.638,12.783047261882,2.097,6.089,6153.35152147981,,,Upper middle income
Moldova,MDA,2009,1.719,-0.0627185967108899,3.024,6.712,5827.17888882857,,,Upper middle income
Moldova,MDA,2010,1.703,7.48385086350851,2.972,4.585,6323.06287905206,,,Upper middle income
Moldova,MDA,2011,1.65,7.6872510335619,2.677,5.003,6832.94156502961,,,Upper middle income
Moldova,MDA,2012,1.661,4.54633427355302,2.189,3.798,7254.66249032313,,,Upper middle income
Moldova,MDA,2013,1.622,4.59787897363127,1.894,3.097,8232.5238047368,,,Upper middle income
Moldova,MDA,2014,1.82,5.08878554625869,1.45,2.204,8643.06431435343,,,Upper middle income
Moldova,MDA,2015,1.87,9.67624033101859,1.781,2.954,9197.61838204272,,,Upper middle income
Moldova,MDA,2016,1.89,6.35930898037931,1.591,2.22,10325.8404896126,,,Upper middle income
Moldova,MDA,2017,1.81,6.57022997455611,1.622,4.024,11252.1135465283,,,Upper middle income
Moldova,MDA,2018,1.81,3.04505397337071,1.239,3.488,11868.1955463223,,,Upper middle income
Moldova,MDA,2019,1.78,4.83778351428728,1.502,2.421,13413.2232935126,,,Upper middle income
Moldova,MDA,2020,1.77,3.76597122245351,1.206,4.411,13527.4413130967,,,Upper middle income
Moldova,MDA,2021,1.751,5.10641129002835,0.794,1.573,15682.0703284653,,,Upper middle income
Moldova,MDA,2022,1.694,28.7372976766235,0.909,3.296,16452.9621192,,,Upper middle income
Moldova,MDA,2023,1.731,13.4170104381299,1.57,3.888,17746.9405538684,,,Upper middle income
Moldova,MDA,2024,1.726,4.67773516007052,1.427,3.414,18614.9880691203,,,Upper middle income
Madagascar,MDG,2000,5.665,11.859684500028,5.8,6.973,1235.78733941908,,,Low income
Madagascar,MDG,2001,5.528,7.91694484529586,5.35,6.438,1298.56378873164,,,Low income
Madagascar,MDG,2002,5.412,16.4985255315846,5.515,7.082,1121.08749552772,,,Low income
Madagascar,MDG,2003,5.329,-1.70400479616298,5.01,7.273,1218.83563168796,,,Low income
Madagascar,MDG,2004,5.264,13.9558018033211,3.951,5.112,1279.54611058565,,,Low income
Madagascar,MDG,2005,5.195,18.3638246468932,2.62,2.802,1342.51929937145,,,Low income
Madagascar,MDG,2006,5.133,10.7656371554865,2.945,3.147,1416.40465948998,,,Low income
Madagascar,MDG,2007,5.083,10.2879663187671,3.202,3.499,1493.37545004972,,,Low income
Madagascar,MDG,2008,5.043,9.29650839381057,3.431,3.901,1577.33838928618,,,Low income
Madagascar,MDG,2009,5.003,8.95421802392949,3.885,4.556,1479.82980025947,,,Low income
Madagascar,MDG,2010,4.896,9.24732173644116,4.28,5.413,1463.87646786391,,,Low income
Madagascar,MDG,2011,4.737,9.48254048582992,2.516,3.62,1475.17055178114,,,Low income
Madagascar,MDG,2012,4.613,5.71384434191053,0.599,1.03,1463.61756926447,,,Low income
Madagascar,MDG,2013,4.527,5.8264294445198,0.995,1.66,1473.40398077255,,,Low income
Madagascar,MDG,2014,4.421,6.08040811088302,1.385,2.281,1498.83976908219,,,Low income
Madagascar,MDG,2015,4.335,7.40419174202129,1.785,2.913,1496.61172412841,,,Low income
Madagascar,MDG,2016,4.285,6.03575858154679,1.949,3.264,1561.51962374608,,,Low income
Madagascar,MDG,2017,4.259,8.60905075422949,2.123,3.627,1546.88001890817,,,Low income
Madagascar,MDG,2018,4.246,8.59422958870476,2.303,3.999,1546.59563549795,,,Low income
Madagascar,MDG,2019,4.221,5.61051441492365,2.479,4.37,1612.29772715626,,,Low income
Madagascar,MDG,2020,4.17,4.20179312190557,3.292,5.872,1490.32312837866,,,Low income
Madagascar,MDG,2021,4.104,5.81225118787715,3.498,6.08,1577.43246056529,,,Low income
Madagascar,MDG,2022,4.036,8.16059031991844,3.186,5.693,1716.97884873797,,,Low income
Madagascar,MDG,2023,3.972,9.87432675044888,3.044,5.545,1808.44779038579,,,Low income
Madagascar,MDG,2024,3.912,7.61335784313723,3.051,5.571,1883.5374311384,,,Low income
Maldives,MDV,2000,2.691,-1.17475681175946,1.97,5.127,8526.28986369241,,,Upper middle income
Maldives,MDV,2001,2.532,0.67257737006247,3.038,6.892,8235.80267716404,,,Upper middle income
Maldives,MDV,2002,2.425,4.1786723990479,4.094,8.617,8822.51726087564,,,Upper middle income
Maldives,MDV,2003,2.342,-1.26065113450354,5.126,10.3,10065.4858052111,,,Upper middle income
Maldives,MDV,2004,2.262,-1.68541212459466,6.151,11.968,10769.7743281923,,,Upper middle income
Maldives,MDV,2005,2.199,1.30027500930997,7.313,13.78,9704.44334454041,,,Upper middle income
Maldives,MDV,2006,2.204,2.73842131602099,8.345,15.454,12075.1455749491,,,Upper middle income
Maldives,MDV,2007,2.293,6.79477353930168,9.421,17.163,12851.7923161425,,,Upper middle income
Maldives,MDV,2008,2.371,12.0414583505108,10.361,18.746,13778.8197554554,,,Upper middle income
Maldives,MDV,2009,2.39,4.53017659132801,11.697,20.733,12265.7930464259,,,Upper middle income
Maldives,MDV,2010,2.349,6.14988536750173,10.875,19.319,12797.3279262916,,,Upper middle income
Maldives,MDV,2011,2.307,11.2734146055937,10.043,17.906,13726.3262093446,,,Upper middle income
Maldives,MDV,2012,2.254,10.884695658563,9.134,16.424,13988.5973865429,,,Upper middle income
Maldives,MDV,2013,2.174,3.8056300091943,8.295,15.005,15264.0907069581,,,Upper middle income
Maldives,MDV,2014,2.089,2.12000175718134,7.461,13.569,16722.523852619,,,Upper middle income
Maldives,MDV,2015,2.004,0.953206658777607,6.611,12.059,17875.0989419262,,,Upper middle income
Maldives,MDV,2016,1.903,0.502509413611612,5.771,10.49,18769.5060607629,,,Upper middle income
Maldives,MDV,2017,1.798,2.81747338234509,5.377,9.759,19767.8893613468,,,Upper middle income
Maldives,MDV,2018,1.71,-0.133373386117595,4.962,8.98,21899.4292993843,,,Upper middle income
Maldives,MDV,2019,1.64,0.220029731065383,4.562,8.189,23077.2112236652,,,Upper middle income
Maldives,MDV,2020,1.613,-1.36977425569811,5.42,9.787,13425.3674459601,,,Upper middle income
Maldives,MDV,2021,1.599,0.543149688737013,5.016,9.265,19052.6224904311,,,Upper middle income
Maldives,MDV,2022,1.583,2.33314337624567,4.303,8.395,22880.5123151419,,,Upper middle income
Maldives,MDV,2023,1.575,2.92746542425035,4.019,8.226,24786.2032123451,,,Upper middle income
Maldives,MDV,2024,1.56,1.39979779674928,4.278,8.546,26182.7831570917,,,Upper middle income
Mexico,MEX,2000,2.714,9.49156149435403,2.646,6.368,11704.6853532773,7.0,,Upper middle income
Mexico,MEX,2001,2.671,6.36773806235037,2.627,6.819,11738.8928661183,6.5,,Upper middle income
Mexico,MEX,2002,2.633,5.03072733151295,3.003,8.172,11761.8865901666,6.0,,Upper middle income
Mexico,MEX,2003,2.579,4.54690012118718,3.455,9.802,12065.9368553721,5.6,,Upper middle income
Mexico,MEX,2004,2.536,4.68840884843143,3.937,11.537,12658.1646665687,5.7,,Upper middle income
Mexico,MEX,2005,2.495,3.98805714597437,3.558,8.134,13260.2388186669,5.6,,Upper middle income
Mexico,MEX,2006,2.456,3.62946762439132,3.566,8.043,14540.4500497636,5.4,,Upper middle income
Mexico,MEX,2007,2.421,3.96684905458235,3.628,8.154,15031.5804109164,5.4,,Upper middle income
Mexico,MEX,2008,2.391,5.12498274575896,3.874,8.665,15680.5761896881,5.3,,Upper middle income
Mexico,MEX,2009,2.364,5.29735584228856,5.356,11.134,15190.8744519178,5.0,,Upper middle income
Mexico,MEX,2010,2.34,4.15672722680174,5.303,10.47,15909.1464963628,5.0,69.79,Upper middle income
Mexico,MEX,2011,2.317,3.40737824605742,5.175,10.711,17266.8129106549,4.9,,Upper middle income
Mexico,MEX,2012,2.294,4.11150981070289,4.892,10.266,18004.7935607542,5.0,68.46,Upper middle income
Mexico,MEX,2013,2.269,3.80639069747204,4.921,10.697,18170.264789912,4.9,,Upper middle income
Mexico,MEX,2014,2.211,4.01861608078679,4.819,10.664,18820.7991098584,4.8,71.69,Upper middle income
Mexico,MEX,2015,2.137,2.72064064964023,4.311,9.929,19071.4444196466,4.6,,Upper middle income
Mexico,MEX,2016,2.086,2.8217078474766,3.853,8.656,20104.5839787472,4.4,68.92,Upper middle income
Mexico,MEX,2017,2.041,6.04145724018986,3.419,7.936,20488.7150800441,4.2,,Upper middle income
Mexico,MEX,2018,2.03,4.89935015356551,3.275,7.522,20921.4775277572,4.0,68.27,Upper middle income
Mexico,MEX,2019,2.02,3.63596142127046,3.477,7.981,20964.2774847072,4.0,,Upper middle income
Mexico,MEX,2020,1.99,3.39683415570006,4.44,8.639,19354.1248706244,2.7,69.63,Upper middle income
Mexico,MEX,2021,1.97,5.68920847683753,4.019,8.317,20782.5877417545,3.6,,Upper middle income
Mexico,MEX,2022,1.94,7.8962761916855,3.256,7.323,23135.4931601276,3.9,69.58,Upper middle income
Mexico,MEX,2023,1.91,5.52796087314389,2.765,6.397,25243.1644887582,,,Upper middle income
Mexico,MEX,2024,1.892,4.72225588452932,2.678,6.306,26185.3564713253,,,Upper middle income
Marshall Islands,MHL,2000,4.695,,,,2489.96943780806,,,Upper middle income
Marshall Islands,MHL,2001,4.583,,,,2700.27054583067,,,Upper middle income
Marshall Islands,MHL,2002,4.488,,,,2825.24479927053,,,Upper middle income
Marshall Islands,MHL,2003,4.418,,,,2824.27883367143,,,Upper middle income
Marshall Islands,MHL,2004,4.34,,,,2879.90589671206,,,Upper middle income
Marshall Islands,MHL,2005,4.276,,,,3016.70324372574,,,Upper middle income
Marshall Islands,MHL,2006,4.197,,,,3110.05225553568,,,Upper middle income
Marshall Islands,MHL,2007,4.09,,,,3309.39754112765,,,Upper middle income
Marshall Islands,MHL,2008,3.967,,,,3118.23467102442,,,Upper middle income
Marshall Islands,MHL,2009,3.83,,,,3253.15085940372,,,Upper middle income
Marshall Islands,MHL,2010,3.673,,,,3473.40469896159,,,Upper middle income
Marshall Islands,MHL,2011,3.527,,,,3536.56004235245,,,Upper middle income
Marshall Islands,MHL,2012,3.382,,,,3589.66880383744,,,Upper middle income
Marshall Islands,MHL,2013,3.247,,,,3845.00357492163,,,Upper middle income
Marshall Islands,MHL,2014,3.18,,,,3931.34410649415,,,Upper middle income
Marshall Islands,MHL,2015,3.131,,,,4125.1616927563,,,Upper middle income
Marshall Islands,MHL,2016,3.091,,,,4366.25764216189,,,Upper middle income
Marshall Islands,MHL,2017,3.064,,,,4719.31304926001,,,Upper middle income
Marshall Islands,MHL,2018,3.038,,,,5232.2052487185,,,Upper middle income
Marshall Islands,MHL,2019,3.012,,,,6045.06240789858,,,Upper middle income
Marshall Islands,MHL,2020,2.989,,,,6136.97119702131,,,Upper middle income
Marshall Islands,MHL,2021,2.964,,,,6767.95785510528,,,Upper middle income
Marshall Islands,MHL,2022,2.936,,,,7431.42757895496,,,Upper middle income
Marshall Islands,MHL,2023,2.919,,,,7548.73253747944,,,Upper middle income
Marshall Islands,MHL,2024,2.864,,,,8194.63854758403,,,Upper middle income
North Macedonia,MKD,2000,1.863,6.60742291038536,32.2,62.172,6153.89675266027,,,Upper middle income
North Macedonia,MKD,2001,1.729,5.19888525744048,30.52,57.65,6051.02977709083,,,Upper middle income
North Macedonia,MKD,2002,1.786,2.31459794083216,31.94,58.637,6395.17250234276,,,Upper middle income
North Macedonia,MKD,2003,1.745,0.855562122724219,36.69,66.501,6608.20753127326,,,Upper middle income
North Macedonia,MKD,2004,1.524,-0.448650206551934,37.161,65.248,7229.41434974388,,,Upper middle income
North Macedonia,MKD,2005,1.5,0.525515950714247,37.32,61.817,7972.29770978201,,,Upper middle income
North Macedonia,MKD,2006,1.46,3.21362929606345,36.392,61.318,8888.46168232106,,,Upper middle income
North Macedonia,MKD,2007,1.46,2.2517579830545,35.231,58.75,9638.6478016189,,,Upper middle income
North Macedonia,MKD,2008,1.47,8.33189666968108,33.93,57.677,10924.3276713102,,,Upper middle income
North Macedonia,MKD,2009,1.5,-0.739633963061192,32.351,59.34,11532.1364033642,,,Upper middle income
North Macedonia,MKD,2010,1.6,1.50997522027613,33.135,55.838,11992.1816944788,,,Upper middle income
North Macedonia,MKD,2011,1.46,3.9047542206974,31.502,54.884,12420.8114553395,,,Upper middle income
North Macedonia,MKD,2012,1.5,3.31605566687647,31.096,51.724,12725.9772893634,,,Upper middle income
North Macedonia,MKD,2013,1.5,2.78500056726109,29.017,50.745,13662.7566550362,,,Upper middle income
North Macedonia,MKD,2014,1.5,-0.281705032928494,28.215,55.096,14485.1215168988,,,Upper middle income
North Macedonia,MKD,2015,1.49,-0.299920475631462,26.395,43.629,15034.1677602787,,,Upper middle income
North Macedonia,MKD,2016,1.5,-0.239290787684501,24.312,49.113,16457.5652245258,,,Upper middle income
North Macedonia,MKD,2017,1.43,1.35161889677442,22.857,48.758,17161.049071447,,,Upper middle income
North Macedonia,MKD,2018,1.42,1.45831298507126,21.208,43.856,18460.4624451227,,,Upper middle income
North Macedonia,MKD,2019,1.34,0.766439573459805,17.414,38.655,20222.5954834227,,,Upper middle income
North Macedonia,MKD,2020,1.31,1.20007348888469,16.575,38.524,19962.1482468276,,,Upper middle income
North Macedonia,MKD,2021,1.6,3.23074912132928,15.801,40.925,22144.2842571431,,,Upper middle income
North Macedonia,MKD,2022,1.6,14.2047173195833,14.476,38.047,24212.2818885331,,,Upper middle income
North Macedonia,MKD,2023,1.5,9.36187249769015,13.174,31.238,25354.103505762,,,Upper middle income
North Macedonia,MKD,2024,1.4,3.48974086026954,12.265,27.371,26995.4292563497,,,Upper middle income
Mali,MLI,2000,6.886,-0.677661659046769,1.412,2.039,1356.51736440853,,,Low income
Mali,MLI,2001,6.852,5.18701191944068,1.332,1.969,1558.71870195563,,,Low income
Mali,MLI,2002,6.819,5.03282275711194,1.36,1.996,1581.11108691343,,,Low income
Mali,MLI,2003,6.783,-1.34672619047621,1.272,1.916,1714.89753907761,,,Low income
Mali,MLI,2004,6.741,-3.09978128063957,1.413,2.047,1730.0922516304,,,Low income
Mali,MLI,2005,6.708,6.39788293897883,1.367,2.009,1770.67795435907,,,Low income
Mali,MLI,2006,6.677,1.54352596927582,1.395,2.036,1831.5492454407,,,Low income
Mali,MLI,2007,6.647,1.41200201714577,1.372,2.018,1852.36282555464,,,Low income
Mali,MLI,2008,6.624,9.17098813667678,1.383,2.03,1893.49514528434,,,Low income
Mali,MLI,2009,6.592,2.46375188572299,1.406,2.052,1944.69828229092,,,Low income
Mali,MLI,2010,6.579,1.10892690670186,1.375,2.025,2011.67894612475,,,Low income
Mali,MLI,2011,6.545,2.95564395229392,1.403,2.051,2046.22567064388,,,Low income
Mali,MLI,2012,6.523,5.32312847064058,1.462,2.101,1990.14805241092,,,Low income
Mali,MLI,2013,6.491,-0.606736356351563,1.517,2.145,2059.28407641881,,,Low income
Mali,MLI,2014,6.441,0.883814547137841,1.476,2.111,2184.87660281666,,,Low income
Mali,MLI,2015,6.385,1.45069057605961,1.404,2.026,2330.24293947692,,,Low income
Mali,MLI,2016,6.319,-1.79964707083386,1.367,1.993,2531.80496963482,,,Low income
Mali,MLI,2017,6.251,1.75985742927165,1.498,2.077,2606.69607954141,,,Low income
Mali,MLI,2018,6.118,0.299546507387843,1.62,2.157,2684.41122026575,,,Low income
Mali,MLI,2019,5.892,-1.65826694846365,3.29,4.733,2819.86582297259,,,Low income
Mali,MLI,2020,5.85,0.438088940320669,3.528,7.585,2723.70094784441,,,Low income
Mali,MLI,2021,5.779,3.92560283104277,4.006,4.165,2796.22793795433,,,Low income
Mali,MLI,2022,5.692,9.62147608489064,2.387,4.713,3014.4210732688,,,Low income
Mali,MLI,2023,5.614,2.05880228274223,2.947,3.793,3174.62960276396,,,Low income
Mali,MLI,2024,5.51,3.2063986409966,2.924,3.774,3314.77332231959,,,Low income
Malta,MLT,2000,1.68,2.36959287531806,6.324,10.401,18214.4790221275,6.7,,High income
Malta,MLT,2001,1.48,2.92949244324104,7.107,14.585,18435.0626373623,5.6,,High income
Malta,MLT,2002,1.45,2.18849048060549,6.902,14.174,19531.963974957,5.7,,High income
Malta,MLT,2003,1.48,1.30383777442602,7.488,19.664,20812.7786386776,5.9,,High income
Malta,MLT,2004,1.4,2.79082848067754,7.317,18.031,21565.7733219687,6.0,,High income
Malta,MLT,2005,1.38,3.00796652450313,6.923,16.015,22227.3785442795,5.9,,High income
Malta,MLT,2006,1.36,2.77378006481472,6.798,14.367,23219.014785723,6.3,,High income
Malta,MLT,2007,1.35,1.24921923797629,6.472,11.801,25011.6552092205,6.1,,High income
Malta,MLT,2008,1.43,4.25862171897073,5.977,9.962,26653.8602570483,6.1,,High income
Malta,MLT,2009,1.42,2.08432746082343,6.896,12.519,26781.9076062395,5.7,,High income
Malta,MLT,2010,1.36,1.51563513618532,6.861,11.822,28909.1940252237,6.3,75.67,High income
Malta,MLT,2011,1.45,2.9629852819288,6.388,12.847,29425.9062422677,6.2,76.41,High income
Malta,MLT,2012,1.42,2.37582057760386,6.203,14.49,30716.282743184,6.7,77.55,High income
Malta,MLT,2013,1.36,1.1802843636655,6.115,10.366,33138.0373455038,6.1,76.57,High income
Malta,MLT,2014,1.38,0.310306472181665,5.737,9.531,35205.7012669646,6.6,76.18,High income
Malta,MLT,2015,1.37,1.10054826378929,5.389,9.843,38368.7020383117,6.7,76.28,High income
Malta,MLT,2016,1.37,0.642702771527304,4.694,11.366,40999.9620259653,6.7,76.97,High income
Malta,MLT,2017,1.26,1.36435448150708,4.008,9.95,45763.7330585065,6.3,77.72,High income
Malta,MLT,2018,1.23,1.15782362451517,3.956,6.74,48178.2920560941,5.8,78.72,High income
Malta,MLT,2019,1.14,1.6420600176894,4.08,8.618,51392.8152819605,5.3,77.0,High income
Malta,MLT,2020,1.14,0.638544956776712,4.856,8.259,49971.8784010216,2.2,78.53,High income
Malta,MLT,2021,1.13,1.49789217934724,3.754,6.015,56852.3218512267,4.4,77.88,High income
Malta,MLT,2022,1.08,6.15375621933037,3.471,5.989,60588.8890591794,4.8,78.85,High income
Malta,MLT,2023,1.06,5.09396758978883,3.479,6.262,67057.2184329891,,72.03,High income
Malta,MLT,2024,1.01,1.65079469283109,3.1,8.481,69863.7461313457,,66.0,High income
Myanmar,MMR,2000,2.813,-0.109165514668565,0.712,1.477,948.748285178047,,,Lower middle income
Myanmar,MMR,2001,2.793,21.101305376923,0.689,1.463,1068.82590521952,,,Lower middle income
Myanmar,MMR,2002,2.765,57.0745112621703,0.685,1.474,1203.8263073429,,,Lower middle income
Myanmar,MMR,2003,2.68,36.5897175323924,0.686,1.492,1384.52851825947,,,Lower middle income
Myanmar,MMR,2004,2.588,4.53421374129692,0.677,1.501,1600.84105608585,,,Lower middle income
Myanmar,MMR,2005,2.515,9.36861814196704,0.672,1.514,1860.45413157633,,,Lower middle income
Myanmar,MMR,2006,2.471,19.9964873359214,0.676,1.539,2152.86730947026,,,Lower middle income
Myanmar,MMR,2007,2.447,35.0245970717698,0.684,1.569,2458.85746440138,,,Lower middle income
Myanmar,MMR,2008,2.404,26.7995371934022,0.7,1.606,2748.07921338491,,,Lower middle income
Myanmar,MMR,2009,2.369,1.47234311385647,0.712,1.64,3039.7998233771,,,Lower middle income
Myanmar,MMR,2010,2.335,7.71838195873614,0.725,1.671,3348.12889497049,,,Lower middle income
Myanmar,MMR,2011,2.306,5.0214601462073,0.749,1.702,3579.40482970626,,,Lower middle income
Myanmar,MMR,2012,2.276,1.46758322674679,0.768,1.726,3845.15284153671,,,Lower middle income
Myanmar,MMR,2013,2.264,5.64303883425501,0.775,1.745,4143.63012731959,,,Lower middle income
Myanmar,MMR,2014,2.252,4.953299184844,0.763,1.754,4376.38833281274,,,Lower middle income
Myanmar,MMR,2015,2.266,9.45417189526018,0.766,1.77,4458.69054442659,,,Lower middle income
Myanmar,MMR,2016,2.27,6.92882525816076,1.058,3.071,4459.53981427471,,,Lower middle income
Myanmar,MMR,2017,2.252,4.5725365531752,1.356,4.471,4706.43248949598,,,Lower middle income
Myanmar,MMR,2018,2.228,6.87232865662935,0.767,2.071,5581.2769545815,,,Lower middle income
Myanmar,MMR,2019,2.206,8.82506696804558,0.407,1.39,6101.37245765709,,,Lower middle income
Myanmar,MMR,2020,2.179,,1.476,5.904,5740.99045843992,,,Lower middle income
Myanmar,MMR,2021,2.158,,4.34,11.554,5178.44718217164,,,Lower middle income
Myanmar,MMR,2022,2.131,,3.063,9.359,5731.93787872459,,,Lower middle income
Myanmar,MMR,2023,2.115,,2.977,9.313,5953.35735165913,,,Lower middle income
Myanmar,MMR,2024,2.098,,2.887,9.256,5997.46516323715,,,Lower middle income
Montenegro,MNE,2000,1.903,,30.447,67.838,6003.8529990953,,,Upper middle income
Montenegro,MNE,2001,1.855,,30.542,68.022,6771.5482104101,,,Upper middle income
Montenegro,MNE,2002,1.813,,30.356,67.761,7100.28306700488,,,Upper middle income
Montenegro,MNE,2003,1.804,,30.39,67.874,7340.35009918017,,,Upper middle income
Montenegro,MNE,2004,1.734,,30.342,67.971,7841.44380565018,,,Upper middle income
Montenegro,MNE,2005,1.69,,30.31,68.145,8313.64054358567,,,Upper middle income
Montenegro,MNE,2006,1.73,2.92451258123648,24.815,54.439,10440.2734993601,,,Upper middle income
Montenegro,MNE,2007,1.8,4.34712215656112,19.4,40.704,12452.2628850091,,,Upper middle income
Montenegro,MNE,2008,1.89,8.75872769588798,17.15,35.757,13801.9149911395,,,Upper middle income
Montenegro,MNE,2009,1.98,3.46672373207793,19.09,39.74,12976.2464365042,,,Upper middle income
Montenegro,MNE,2010,1.7,0.654946570148479,19.649,40.405,13612.2915551291,,,Upper middle income
Montenegro,MNE,2011,1.65,3.4501431124869,19.759,39.204,14347.4457105412,,,Upper middle income
Montenegro,MNE,2012,1.72,4.14524724981119,19.808,41.273,13792.5731748207,,,Upper middle income
Montenegro,MNE,2013,1.73,2.20589268141178,19.585,38.914,14692.0574366306,,,Upper middle income
Montenegro,MNE,2014,1.75,-0.710514051710227,18.054,35.657,15276.0334064191,,,Upper middle income
Montenegro,MNE,2015,1.7,1.54869158222486,17.555,34.621,16091.712641843,,,Upper middle income
Montenegro,MNE,2016,1.8,-0.271385023385176,17.732,34.768,18030.0907942324,,,Upper middle income
Montenegro,MNE,2017,1.8,2.3802359905313,16.082,33.154,19356.6825946889,,,Upper middle income
Montenegro,MNE,2018,1.8,2.611223782638,15.19,23.723,21083.5882908272,,,Upper middle income
Montenegro,MNE,2019,1.8,0.361563704540767,15.128,24.364,23705.5248672453,,,Upper middle income
Montenegro,MNE,2020,1.75,-0.255655699848551,17.878,39.9,20624.7838079303,,,Upper middle income
Montenegro,MNE,2021,1.75,2.41080198403165,16.543,32.816,23690.0773513056,,,Upper middle income
Montenegro,MNE,2022,1.8,13.0403036347004,14.851,22.718,28049.6156106324,,,Upper middle income
Montenegro,MNE,2023,1.74,8.58476910455403,13.146,27.561,31862.7715778041,,,Upper middle income
Montenegro,MNE,2024,1.8,3.33675009282281,13.206,24.256,34062.7577672706,,,Upper middle income
Mongolia,MNG,2000,2.2,11.5955387593327,5.992,9.884,3739.69666851051,,,Upper middle income
Mongolia,MNG,2001,2.2,6.27736020484006,6.111,9.881,3888.85528581332,,,Upper middle income
Mongolia,MNG,2002,2.1,0.91707468718427,6.2,9.847,4083.38422166067,,,Upper middle income
Mongolia,MNG,2003,2.0,5.12899499422419,6.768,10.165,4399.36537925014,,,Upper middle income
Mongolia,MNG,2004,2.0,8.24115449417619,6.851,11.02,4941.82663694262,,,Upper middle income
Mongolia,MNG,2005,2.0,12.7165674066053,7.015,11.957,5406.14341980278,,,Upper middle income
Mongolia,MNG,2006,2.1,5.09516661663157,7.193,12.948,5977.19688729951,,,Upper middle income
Mongolia,MNG,2007,2.3,9.63096309630964,7.2,12.518,6678.05474357637,,,Upper middle income
Mongolia,MNG,2008,2.6,27.9556650246306,5.565,8.655,7296.58073671622,,,Upper middle income
Mongolia,MNG,2009,2.8,7.6195059351941,5.86,10.639,7119.39424211884,,,Upper middle income
Mongolia,MNG,2010,2.4,10.0462065881651,6.549,13.917,7531.62557442648,,,Upper middle income
Mongolia,MNG,2011,2.6,8.41121495327101,4.769,10.16,8861.82052869304,,,Upper middle income
Mongolia,MNG,2012,2.7,14.3303348325838,3.905,9.094,10151.7217998165,,,Upper middle income
Mongolia,MNG,2013,3.0,10.4906567588241,4.231,13.022,10442.3850504493,,,Upper middle income
Mongolia,MNG,2014,3.1,12.2539808129759,4.798,12.485,10900.2305197857,,,Upper middle income
Mongolia,MNG,2015,3.0,5.73568281938327,4.861,13.75,10458.3027240524,,,Upper middle income
Mongolia,MNG,2016,3.0,0.733272227314397,7.235,21.075,10511.3831063141,,,Upper middle income
Mongolia,MNG,2017,2.8,4.30143105302342,6.359,21.474,11096.0375604239,,,Upper middle income
Mongolia,MNG,2018,2.9,6.82424790145522,5.377,17.867,12317.4824277695,,,Upper middle income
Mongolia,MNG,2019,3.0,7.30106953550729,9.024,21.182,13604.978943194,,,Upper middle income
Mongolia,MNG,2020,2.9,3.7237230614026,6.413,16.255,13693.179806943,,,Upper middle income
Mongolia,MNG,2021,2.8,7.35894657888155,7.871,18.602,14792.2509086422,,,Upper middle income
Mongolia,MNG,2022,2.7,15.1509728200805,5.954,12.406,16401.9894751531,,,Upper middle income
Mongolia,MNG,2023,2.7,10.347583131434,5.178,9.781,18004.8512058355,,,Upper middle income
Mongolia,MNG,2024,2.5,6.1977990165842,5.158,9.739,19144.7261368498,,,Upper middle income
Northern Mariana Islands,MNP,2000,1.64,,,,,,,High income
Northern Mariana Islands,MNP,2001,1.736,,,,,,,High income
Northern Mariana Islands,MNP,2002,1.678,,,,,,,High income
Northern Mariana Islands,MNP,2003,1.893,,,,,,,High income
Northern Mariana Islands,MNP,2004,2.066,,,,,,,High income
Northern Mariana Islands,MNP,2005,2.256,,,,,,,High income
Northern Mariana Islands,MNP,2006,2.613,,,,,,,High income
Northern Mariana Islands,MNP,2007,2.786,,,,,,,High income
Northern Mariana Islands,MNP,2008,2.815,,,,,,,High income
Northern Mariana Islands,MNP,2009,2.736,,,,,,,High income
Northern Mariana Islands,MNP,2010,2.982,,,,,,,High income
Northern Mariana Islands,MNP,2011,3.208,,,,,,,High income
Northern Mariana Islands,MNP,2012,3.328,,,,,,,High income
Northern Mariana Islands,MNP,2013,3.535,,,,,,,High income
Northern Mariana Islands,MNP,2014,3.372,,,,,,,High income
Northern Mariana Islands,MNP,2015,3.134,,,,,,,High income
Northern Mariana Islands,MNP,2016,2.923,,,,,,,High income
Northern Mariana Islands,MNP,2017,2.762,,,,,,,High income
Northern Mariana Islands,MNP,2018,2.643,,,,,,,High income
Northern Mariana Islands,MNP,2019,2.559,,,,,,,High income
Northern Mariana Islands,MNP,2020,2.494,,,,,,,High income
Northern Mariana Islands,MNP,2021,2.441,,,,,,,High income
Northern Mariana Islands,MNP,2022,2.388,,,,,,,High income
Northern Mariana Islands,MNP,2023,2.348,,,,,,,High income
Northern Mariana Islands,MNP,2024,2.324,,,,,,,High income
Mozambique,MOZ,2000,5.83,,2.832,3.512,471.967329761791,,,Low income
Mozambique,MOZ,2001,5.755,,2.838,3.709,532.627310160456,,,Low income
Mozambique,MOZ,2002,5.667,,2.902,3.964,580.040921427185,,,Low income
Mozambique,MOZ,2003,5.6,,2.857,4.115,619.987510681772,,,Low income
Mozambique,MOZ,2004,5.551,,2.953,4.398,673.345717268781,,,Low income
Mozambique,MOZ,2005,5.5,6.42755278070087,3.035,4.671,721.411761943486,,,Low income
Mozambique,MOZ,2006,5.452,13.2450879070999,3.037,4.856,798.387667642541,,,Low income
Mozambique,MOZ,2007,5.466,8.48948675497455,3.082,5.088,861.987682743539,,,Low income
Mozambique,MOZ,2008,5.598,14.5028053002268,3.112,5.305,916.155850233958,,,Low income
Mozambique,MOZ,2009,5.681,3.78861330914625,3.207,5.602,951.485453763858,,,Low income
Mozambique,MOZ,2010,5.66,12.4255421735156,3.259,5.852,1000.2411486648,,,Low income
Mozambique,MOZ,2011,5.599,11.1666056127874,3.295,6.082,1063.65543296311,,,Low income
Mozambique,MOZ,2012,5.518,2.60245456956618,3.304,6.278,1075.87786085361,,,Low income
Mozambique,MOZ,2013,5.43,4.26135250941963,3.345,6.518,1113.7525275929,,,Low income
Mozambique,MOZ,2014,5.304,2.55974875844295,3.377,6.747,1165.82826607505,,,Low income
Mozambique,MOZ,2015,5.245,3.55075967356746,3.426,7.006,1317.88785956822,,,Low income
Mozambique,MOZ,2016,5.188,17.4180418197597,3.65,7.346,1379.10740028691,,,Low income
Mozambique,MOZ,2017,5.128,15.1132073899384,3.935,7.766,1282.74965991801,,,Low income
Mozambique,MOZ,2018,5.07,3.91133439990729,4.21,8.167,1325.58695568953,,,Low income
Mozambique,MOZ,2019,5.016,2.80270307928111,4.462,8.535,1388.79707034446,,,Low income
Mozambique,MOZ,2020,4.959,3.48393567493204,5.019,9.891,1411.62040229911,,,Low income
Mozambique,MOZ,2021,4.905,6.40847652975692,5.413,9.984,1457.23540930922,,,Low income
Mozambique,MOZ,2022,4.84,10.2794018093421,6.789,11.581,1581.9441944262,,,Low income
Mozambique,MOZ,2023,4.763,7.12697482131851,6.661,11.435,1678.39118243681,,,Low income
Mozambique,MOZ,2024,4.69,4.07856834812022,6.668,11.453,1705.37919520416,,,Low income
Mauritania,MRT,2000,5.456,3.25406745833358,10.03,17.326,2303.66639707769,,,Lower middle income
Mauritania,MRT,2001,5.407,4.7148963468961,10.132,17.454,2279.72711478483,,,Lower middle income
Mauritania,MRT,2002,5.373,3.8957052575849,10.201,17.529,2295.80500995331,,,Lower middle income
Mauritania,MRT,2003,5.364,5.15190150769578,9.911,17.146,2446.69817773871,,,Lower middle income
Mauritania,MRT,2004,5.374,10.3676233473073,9.77,16.955,2570.29404911997,,,Lower middle income
Mauritania,MRT,2005,5.376,12.1256487185541,9.59,16.714,2809.03508145691,,,Lower middle income
Mauritania,MRT,2006,5.404,6.2410332814282,9.313,16.35,3341.70718355001,,,Lower middle income
Mauritania,MRT,2007,5.426,7.25410841304887,9.482,16.567,3278.27661394002,,,Lower middle income
Mauritania,MRT,2008,5.436,7.34663541249786,9.715,16.874,3235.99782161036,,,Lower middle income
Mauritania,MRT,2009,5.406,2.22092032381779,10.214,17.524,3158.74414286708,,,Lower middle income
Mauritania,MRT,2010,5.384,6.28354087427704,10.093,17.36,3177.84436561165,,,Lower middle income
Mauritania,MRT,2011,5.38,5.68631959575954,9.976,17.19,3270.86251341888,,,Lower middle income
Mauritania,MRT,2012,5.352,4.90242727217997,9.864,17.02,3464.97661099269,,,Lower middle income
Mauritania,MRT,2013,5.317,4.12910173783393,9.926,18.489,3831.04711012348,,,Lower middle income
Mauritania,MRT,2014,5.261,3.53436856147324,10.026,20.046,3865.1425867687,,,Lower middle income
Mauritania,MRT,2015,5.211,3.25472688117631,10.104,21.61,3977.61171275863,,,Lower middle income
Mauritania,MRT,2016,5.157,1.47171045650004,10.287,23.406,4682.70259690033,,,Lower middle income
Mauritania,MRT,2017,5.106,2.25427651934813,10.336,25.032,5353.06608810407,,,Lower middle income
Mauritania,MRT,2018,5.044,3.06735996058356,10.411,27.686,5429.23223059784,,,Lower middle income
Mauritania,MRT,2019,4.984,2.30009262117937,10.416,30.157,5610.13236713892,,,Lower middle income
Mauritania,MRT,2020,4.912,2.3856948845632,11.051,33.542,5740.73959690129,,,Lower middle income
Mauritania,MRT,2021,4.848,3.56516484650185,11.131,32.202,5836.56580821897,,,Lower middle income
Mauritania,MRT,2022,4.77,9.52526628622843,10.52,30.626,6484.82792132631,,,Lower middle income
Mauritania,MRT,2023,4.697,4.95305034506872,10.37,30.268,6965.90953574715,,,Lower middle income
Mauritania,MRT,2024,4.625,2.49164347481972,10.257,30.036,7368.75275290214,,,Lower middle income
Mauritius,MUS,2000,1.99,4.19928825622807,9.125,28.678,9143.0073732792,,,Upper middle income
Mauritius,MUS,2001,1.91,5.38934426229508,9.14,29.927,9585.8047303181,,,Upper middle income
Mauritius,MUS,2002,1.94,6.41933372221149,8.205,29.186,9823.53996405315,,,Upper middle income
Mauritius,MUS,2003,1.87,3.92105357558188,8.318,30.475,10534.5572530361,,,Upper middle income
Mauritius,MUS,2004,1.92,4.71037060105883,8.337,30.722,11215.7002784358,,,Upper middle income
Mauritius,MUS,2005,1.88,4.93717004981795,9.524,33.858,11703.4765244451,,,Upper middle income
Mauritius,MUS,2006,1.77,8.91350105650142,9.04,30.953,12592.5218946608,,,Upper middle income
Mauritius,MUS,2007,1.74,8.82729272393294,8.475,31.097,13612.2512989533,,,Upper middle income
Mauritius,MUS,2008,1.67,9.73228317146887,7.17,25.186,14569.1531207728,,,Upper middle income
Mauritius,MUS,2009,1.59,2.51609128145113,7.257,26.31,15104.8081548746,,,Upper middle income
Mauritius,MUS,2010,1.57,2.93236301369857,7.654,29.34,15919.6622762525,,,Upper middle income
Mauritius,MUS,2011,1.55,6.52249254869341,7.447,27.31,16883.565820961,,,Upper middle income
Mauritius,MUS,2012,1.56,3.85216033315983,7.472,30.437,17259.4018011357,,,Upper middle income
Mauritius,MUS,2013,1.45,3.54329573934839,7.322,29.645,18435.2031858652,,,Upper middle income
Mauritius,MUS,2014,1.44,3.21769191994684,7.467,32.463,19294.4682829555,,,Upper middle income
Mauritius,MUS,2015,1.37,1.28654970760232,7.41,31.457,20269.523509561,,,Upper middle income
Mauritius,MUS,2016,1.41,0.977675134718965,6.814,30.058,21951.8307433111,,,Upper middle income
Mauritius,MUS,2017,1.46,3.66699702675925,6.752,31.428,22897.9700922102,,,Upper middle income
Mauritius,MUS,2018,1.42,3.2160538314457,6.426,28.319,23415.5237589118,,,Upper middle income
Mauritius,MUS,2019,1.41,0.405655190309553,6.331,28.845,24374.7818286566,,,Upper middle income
Mauritius,MUS,2020,1.46,2.5808007718283,8.626,28.602,21621.5971225158,,,Upper middle income
Mauritius,MUS,2021,1.42,4.02852888157376,7.719,26.071,23010.2013826905,,,Upper middle income
Mauritius,MUS,2022,1.33,10.7737512242899,6.322,24.63,26874.4899927593,,,Upper middle income
Mauritius,MUS,2023,1.4,7.05298238454736,5.571,18.556,29560.7137230079,,,Upper middle income
Mauritius,MUS,2024,1.44,3.6045220384796,5.548,18.542,31839.7597535524,,,Upper middle income
Malawi,MWI,2000,6.002,29.5814884631684,5.045,7.131,974.310137499677,,,Low income
Malawi,MWI,2001,5.943,22.7,5.221,7.284,924.056368279235,,,Low income
Malawi,MWI,2002,5.903,14.7446346101603,5.248,7.296,931.283507531356,,,Low income
Malawi,MWI,2003,5.875,9.57679786919214,5.165,7.204,979.038977932038,,,Low income
Malawi,MWI,2004,5.864,11.4298060822124,4.964,6.998,1032.80213909276,,,Low income
Malawi,MWI,2005,5.848,15.4103446604296,4.935,6.96,1070.93590957736,,,Low income
Malawi,MWI,2006,5.802,13.9742943548388,4.954,6.976,1124.4382691229,,,Low income
Malawi,MWI,2007,5.724,7.9522099086403,4.876,6.9,1230.56385441329,,,Low income
Malawi,MWI,2008,5.609,8.71260186609043,4.796,6.827,1311.44999791984,,,Low income
Malawi,MWI,2009,5.453,8.42204427696655,4.732,6.774,1387.78991561758,,,Low income
Malawi,MWI,2010,5.263,7.41159092883827,4.78,6.834,1457.60568309596,,,Low income
Malawi,MWI,2011,5.083,7.6228226284852,4.829,6.895,1516.2111831915,,,Low income
Malawi,MWI,2012,4.902,21.2712650013779,4.949,7.03,1464.04323957796,,,Low income
Malawi,MWI,2013,4.759,27.2833333333334,4.978,7.076,1558.11224745203,,,Low income
Malawi,MWI,2014,4.569,23.7920649469687,4.967,7.082,1505.55190404024,,,Low income
Malawi,MWI,2015,4.384,21.8673475542553,4.953,7.085,1403.08451209235,,,Low income
Malawi,MWI,2016,4.216,21.7111132136499,5.011,7.156,1409.95802703533,,,Low income
Malawi,MWI,2017,4.113,11.5433939188771,5.046,7.203,1380.23263621737,,,Low income
Malawi,MWI,2018,4.021,12.420178108921,5.021,7.188,1363.79445595088,,,Low income
Malawi,MWI,2019,3.952,9.3708360560567,4.964,7.143,1450.01008064784,,,Low income
Malawi,MWI,2020,3.877,8.62551469650552,5.72,8.434,1513.45990803344,,,Low income
Malawi,MWI,2021,3.791,9.33014410835212,5.652,8.047,1687.59358179651,,,Low income
Malawi,MWI,2022,3.72,20.953969729969,5.02,7.195,1778.30582146001,,,Low income
Malawi,MWI,2023,3.648,28.7897428247298,5.009,7.187,1830.46461287442,,,Low income
Malawi,MWI,2024,3.59,32.1796504225025,5.051,7.231,1857.61756950305,,,Low income
Malaysia,MYS,2000,2.942,1.53474023697699,3.0,9.413,13027.2733386657,,,Upper middle income
Malaysia,MYS,2001,2.807,1.41678473206098,3.53,11.816,13071.5814138975,,,Upper middle income
Malaysia,MYS,2002,2.658,1.80787246281536,3.48,11.817,13656.0458904379,,,Upper middle income
Malaysia,MYS,2003,2.601,1.08967632577286,3.61,11.363,14387.2484914999,,,Upper middle income
Malaysia,MYS,2004,2.493,1.42127115937402,3.54,12.01,15415.8063402619,,,Upper middle income
Malaysia,MYS,2005,2.391,2.97507092684449,3.53,11.749,16371.4260817974,,,Upper middle income
Malaysia,MYS,2006,2.308,3.60923564224389,3.32,10.834,17426.361167892,,,Upper middle income
Malaysia,MYS,2007,2.252,2.02735317779569,3.31,11.404,18616.8070767617,,,Upper middle income
Malaysia,MYS,2008,2.262,5.44078221100769,3.34,11.536,19479.8799590564,,,Upper middle income
Malaysia,MYS,2009,2.223,0.583308405623702,3.62,11.775,18922.6459508418,,,Upper middle income
Malaysia,MYS,2010,2.144,1.62285235577035,3.32,11.395,20193.4092945433,,,Upper middle income
Malaysia,MYS,2011,2.153,3.1744709215131,3.05,10.852,21324.3594996498,,,Upper middle income
Malaysia,MYS,2012,2.117,1.66357102479206,3.04,10.77,22638.5406944009,,,Upper middle income
Malaysia,MYS,2013,2.07,2.10501231233612,3.14,11.759,23160.8924510627,,,Upper middle income
Malaysia,MYS,2014,2.058,3.14299050879095,2.88,11.241,24306.5212338415,,,Upper middle income
Malaysia,MYS,2015,2.008,2.10438980238359,3.1,12.256,24526.3942716012,,,Upper middle income
Malaysia,MYS,2016,1.942,2.09056659525742,3.44,11.854,25285.8213541391,,,Upper middle income
Malaysia,MYS,2017,1.893,3.87120115774237,3.41,12.618,26415.5960203287,,,Upper middle income
Malaysia,MYS,2018,1.838,0.884709160571235,3.3,13.114,27793.5674222948,,,Upper middle income
Malaysia,MYS,2019,1.777,0.662891865764326,3.33,12.739,28933.928297233,,,Upper middle income
Malaysia,MYS,2020,1.68,-1.1387021539305,4.54,13.283,27474.7361378236,,,Upper middle income
Malaysia,MYS,2021,1.555,2.47710241465447,4.64,10.514,29822.8491831618,,,Upper middle income
Malaysia,MYS,2022,1.55,3.37869862549928,3.93,13.773,34419.8684975666,,,Upper middle income
Malaysia,MYS,2023,1.55,2.48886560125754,3.858,13.741,36466.8914938333,,,Upper middle income
Malaysia,MYS,2024,1.543,1.834100204499,3.846,13.842,38779.2830442253,,,Upper middle income
Namibia,NAM,2000,3.991,,20.3,41.825,5128.61433644621,,,Lower middle income
Namibia,NAM,2001,3.827,,21.009,44.156,5196.15009836199,,,Lower middle income
Namibia,NAM,2002,3.693,,21.538,46.154,5433.26902723843,,,Lower middle income
Namibia,NAM,2003,3.58,7.1361531145863,22.104,48.209,5692.63373752872,,,Lower middle income
Namibia,NAM,2004,3.545,4.13663213144748,22.09,49.153,6479.76368965829,,,Lower middle income
Namibia,NAM,2005,3.571,2.28194607024307,22.108,49.091,6766.5998120605,,,Lower middle income
Namibia,NAM,2006,3.601,4.96116689298916,21.848,48.483,7373.75822211888,,,Lower middle income
Namibia,NAM,2007,3.608,6.54788141101717,22.12,48.887,7874.93144508288,,,Lower middle income
Namibia,NAM,2008,3.616,9.0946430719281,22.005,48.598,8124.81517886749,,,Lower middle income
Namibia,NAM,2009,3.633,9.45172651521705,22.271,49.067,8079.38392286218,,,Lower middle income
Namibia,NAM,2010,3.657,4.8749198764395,22.12,48.808,8538.19995395948,,,Lower middle income
Namibia,NAM,2011,3.658,5.005595180812,19.481,44.337,9002.23004537057,,,Lower middle income
Namibia,NAM,2012,3.676,6.72199777334886,16.771,39.688,9363.76632318029,,,Lower middle income
Namibia,NAM,2013,3.653,5.60092502290401,19.028,45.187,9699.2083777865,,,Lower middle income
Namibia,NAM,2014,3.635,5.35016966859602,18.521,42.484,10365.3090596781,,,Lower middle income
Namibia,NAM,2015,3.604,3.39401538410559,20.791,46.854,10465.8920558516,,,Lower middle income
Namibia,NAM,2016,3.574,6.72858234593338,23.352,51.724,10200.1392609733,,,Lower middle income
Namibia,NAM,2017,3.511,6.14579981111164,21.748,45.794,9887.9393548255,,,Lower middle income
Namibia,NAM,2018,3.462,4.29159105337875,19.877,38.531,9853.73533646074,,,Lower middle income
Namibia,NAM,2019,3.404,3.72239414422695,19.929,38.737,9609.48555672874,,,Lower middle income
Namibia,NAM,2020,3.349,2.20938236933469,21.003,42.769,9354.13136713077,,,Lower middle income
Namibia,NAM,2021,3.303,3.61690530108814,20.931,40.999,9709.09930646771,,,Lower middle income
Namibia,NAM,2022,3.248,6.08128114112413,19.615,38.61,10662.7017064119,,,Lower middle income
Namibia,NAM,2023,3.212,5.87993463284275,19.154,37.916,11251.2370313819,,,Lower middle income
Namibia,NAM,2024,3.211,4.23903922877036,19.157,38.005,11686.6020661881,,,Lower middle income
New Caledonia,NCL,2000,2.509,,17.907,50.452,,,,High income
New Caledonia,NCL,2001,2.422,,17.391,49.283,,,,High income
New Caledonia,NCL,2002,2.347,,17.045,48.479,,,,High income
New Caledonia,NCL,2003,2.268,,16.665,47.581,,,,High income
New Caledonia,NCL,2004,2.243,,16.31,46.706,,,,High income
New Caledonia,NCL,2005,2.227,,15.778,45.271,,,,High income
New Caledonia,NCL,2006,2.241,,15.256,43.99,,,,High income
New Caledonia,NCL,2007,2.215,,14.754,42.8,,,,High income
New Caledonia,NCL,2008,2.204,,14.36,41.733,,,,High income
New Caledonia,NCL,2009,2.194,,13.97,40.654,,,,High income
New Caledonia,NCL,2010,2.187,,13.998,40.371,,,,High income
New Caledonia,NCL,2011,2.2,2.42899693753383,13.988,39.907,,,,High income
New Caledonia,NCL,2012,2.202,1.74967234600262,14.116,39.706,,,,High income
New Caledonia,NCL,2013,2.167,1.27761318992718,14.39,39.835,,,,High income
New Caledonia,NCL,2014,2.118,0.178851060785511,14.59,39.75,,,,High income
New Caledonia,NCL,2015,2.079,0.570508141048402,13.621,39.677,,,,High income
New Caledonia,NCL,2016,2.078,0.578317435520754,12.679,39.699,,,,High income
New Caledonia,NCL,2017,2.043,,11.676,39.622,,,,High income
New Caledonia,NCL,2018,2.041,,11.702,39.96,,,,High income
New Caledonia,NCL,2019,2.05,,10.88,35.247,,,,High income
New Caledonia,NCL,2020,2.022,,13.558,48.066,,,,High income
New Caledonia,NCL,2021,2.012,,11.574,36.792,,,,High income
New Caledonia,NCL,2022,1.998,,10.71,34.491,,,,High income
New Caledonia,NCL,2023,1.98,,10.922,34.948,,,,High income
New Caledonia,NCL,2024,1.964,,10.991,35.134,,,,High income
Niger,NER,2000,7.829,2.90014973599108,1.427,1.831,764.28188514316,,,Low income
Niger,NER,2001,7.81,4.00551428352678,1.47,1.85,809.387186909375,,,Low income
Niger,NER,2002,7.797,2.62886597938136,1.808,2.585,832.469364409205,,,Low income
Niger,NER,2003,7.789,-1.61440769175596,2.145,3.258,836.978440593236,,,Low income
Niger,NER,2004,7.777,0.262543757292838,2.751,4.055,832.125196599523,,,Low income
Niger,NER,2005,7.769,7.7974978178644,3.1,4.609,888.304262543839,,,Low income
Niger,NER,2006,7.744,0.0404858299595074,2.528,3.672,935.175329354286,,,Low income
Niger,NER,2007,7.726,0.0539592607581562,2.021,2.809,954.892280110555,,,Low income
Niger,NER,2008,7.702,11.3051098827019,1.584,2.025,1010.43184621169,,,Low income
Niger,NER,2009,7.679,0.582906590801122,1.208,1.317,998.792501504778,,,Low income
Niger,NER,2010,7.64,0.804073080882659,0.718,0.648,1057.51100257385,,,Low income
Niger,NER,2011,7.592,2.9423851401332,0.316,0.155,1064.41917390361,,,Low income
Niger,NER,2012,7.527,0.455089820359289,2.177,5.315,1161.78908289767,,,Low income
Niger,NER,2013,7.445,2.29723114955317,1.401,2.926,1137.76904129571,,,Low income
Niger,NER,2014,7.342,-0.930287259984466,0.524,0.41,1161.32515723793,,,Low income
Niger,NER,2015,7.215,-0.576090369833189,0.556,0.49,1172.19178758955,,,Low income
Niger,NER,2016,7.043,1.65388922387806,0.55,0.56,1188.55709229837,,,Low income
Niger,NER,2017,6.874,2.79637318871284,0.556,0.634,1208.14609955266,,,Low income
Niger,NER,2018,6.706,2.96760366004456,0.536,0.694,1275.99643935327,,,Low income
Niger,NER,2019,6.537,-2.48979265070855,0.531,0.761,1419.16805070193,,,Low income
Niger,NER,2020,6.369,2.8981937602627,0.591,0.726,1496.83350023022,,,Low income
Niger,NER,2021,6.2,3.8378680284051,0.806,0.96,1585.59922021188,,,Low income
Niger,NER,2022,6.135,4.22621791916392,0.403,0.242,1839.96909675903,,,Low income
Niger,NER,2023,6.061,3.70097316425834,0.407,0.242,1875.15306770628,,,Low income
Niger,NER,2024,5.935,9.07151997725013,0.376,0.237,2049.93305251019,,,Low income
Nigeria,NGA,2000,6.124,6.93329215565161,3.953,7.089,3138.99138910401,,,Lower middle income
Nigeria,NGA,2001,6.128,18.8736462093863,3.9,7.066,3308.50611479543,,,Lower middle income
Nigeria,NGA,2002,6.116,12.8765792031099,3.669,6.795,3770.1793488182,,,Lower middle income
Nigeria,NGA,2003,6.1,14.0317836131437,3.637,6.811,4014.86695354936,,,Lower middle income
Nigeria,NGA,2004,6.09,14.9980338183251,3.59,6.812,4381.13682825117,,,Lower middle income
Nigeria,NGA,2005,6.063,17.8634933661605,3.727,7.089,4678.09163245173,,,Lower middle income
Nigeria,NGA,2006,6.053,8.22522152017047,3.749,7.229,4975.26979314967,,,Lower middle income
Nigeria,NGA,2007,6.027,5.38800796858626,3.794,7.388,5297.97029503285,,,Lower middle income
Nigeria,NGA,2008,6.024,11.5810751748252,3.792,7.45,5607.00840150758,,,Lower middle income
Nigeria,NGA,2009,5.993,12.5378277304689,3.763,7.381,5927.46111768635,,,Lower middle income
Nigeria,NGA,2010,5.948,13.7400521363694,3.744,7.41,6301.18372544791,,,Lower middle income
Nigeria,NGA,2011,5.893,10.8261371880017,3.77,7.432,6585.36193271035,,,Lower middle income
Nigeria,NGA,2012,5.797,12.2242413020584,3.761,7.767,6670.83826243627,,,Lower middle income
Nigeria,NGA,2013,5.694,8.49551838265669,3.711,7.975,7004.13119554477,,,Lower middle income
Nigeria,NGA,2014,5.622,8.04741087967907,3.9,8.325,7396.12835532947,,,Lower middle income
Nigeria,NGA,2015,5.503,9.00943498007706,4.134,8.758,7307.83788188925,,,Lower middle income
Nigeria,NGA,2016,5.343,15.6968126387972,4.499,9.425,7072.49693372311,,,Lower middle income
Nigeria,NGA,2017,5.182,16.5022662139641,4.83,10.062,7036.67414372387,,,Lower middle income
Nigeria,NGA,2018,5.021,12.0951065173432,5.069,10.506,7158.17107571781,,,Lower middle income
Nigeria,NGA,2019,4.861,11.3964223378116,5.206,10.799,7551.39380367192,,,Lower middle income
Nigeria,NGA,2020,4.7,13.2460234276597,5.714,11.961,7414.7749554048,,,Lower middle income
Nigeria,NGA,2021,4.636,16.9528457221608,5.404,10.376,7588.47885596359,,,Lower middle income
Nigeria,NGA,2022,4.552,18.8471877843274,3.827,7.453,8304.9581050353,,,Lower middle income
Nigeria,NGA,2023,4.482,24.659550203114,3.074,6.329,8705.43426693539,,,Lower middle income
Nigeria,NGA,2024,4.382,33.2420966545406,3.045,6.28,9086.87550609627,,,Lower middle income
Nicaragua,NIC,2000,3.12,7.06991352252517,7.181,14.116,2806.25937937345,,,Lower middle income
Nicaragua,NIC,2001,2.996,5.98604186279518,7.222,14.243,2916.55168323761,,,Lower middle income
Nicaragua,NIC,2002,2.887,3.75017465778466,7.517,14.682,2948.22979847883,,,Lower middle income
Nicaragua,NIC,2003,2.827,5.30238773219936,7.6,14.863,3046.1086825849,,,Lower middle income
Nicaragua,NIC,2004,2.784,8.47021063584077,6.41,15.38,3255.48515859924,,,Lower middle income
Nicaragua,NIC,2005,2.765,9.59909986064425,5.37,11.201,3455.99273667007,,,Lower middle income
Nicaragua,NIC,2006,2.733,9.1401996677772,5.31,9.65,3657.96749691494,,,Lower middle income
Nicaragua,NIC,2007,2.697,11.1269347446118,4.89,9.761,3891.49984972345,,,Lower middle income
Nicaragua,NIC,2008,2.66,19.8262031287429,6.2,13.418,4044.37612184283,,,Lower middle income
Nicaragua,NIC,2009,2.626,3.68700160498797,8.16,17.181,3879.66988190397,,,Lower middle income
Nicaragua,NIC,2010,2.596,5.45513425887423,7.83,16.327,4042.22071276517,,,Lower middle income
Nicaragua,NIC,2011,2.558,8.082387980991,6.613,13.793,4324.71007244238,,,Lower middle income
Nicaragua,NIC,2012,2.527,7.1935505333896,5.208,11.075,4507.94302866696,,,Lower middle income
Nicaragua,NIC,2013,2.492,7.13546785289407,5.28,11.575,4710.57243158513,,,Lower middle income
Nicaragua,NIC,2014,2.463,6.03596861798425,4.52,13.026,5067.74639018687,,,Lower middle income
Nicaragua,NIC,2015,2.434,3.99737996694396,4.7,12.722,5448.89226010317,,,Lower middle income
Nicaragua,NIC,2016,2.407,3.52317317628473,3.9,10.093,5882.36645219746,,,Lower middle income
Nicaragua,NIC,2017,2.378,3.85067166284727,3.3,8.328,6225.34702574846,,,Lower middle income
Nicaragua,NIC,2018,2.347,4.94723728039886,5.2,12.528,5935.16693631386,,,Lower middle income
Nicaragua,NIC,2019,2.321,5.37628990844126,5.457,13.038,5981.10876431466,,,Lower middle income
Nicaragua,NIC,2020,2.299,3.68181341625572,6.18,14.993,6274.09456741388,,,Lower middle income
Nicaragua,NIC,2021,2.265,4.92841396948968,6.076,14.319,7119.16923360042,,,Lower middle income
Nicaragua,NIC,2022,2.24,10.4674244465991,4.969,12.344,7796.69362034144,,,Lower middle income
Nicaragua,NIC,2023,2.218,8.38765854872536,4.698,11.982,8319.97944140996,,,Lower middle income
Nicaragua,NIC,2024,2.206,4.62473841057141,4.98,12.418,8708.79983051626,,,Lower middle income
Netherlands,NLD,2000,1.72,2.36052233801958,2.725,5.775,31894.6590915933,5.5,,High income
Netherlands,NLD,2001,1.71,4.15584127195612,2.119,4.485,33259.4535966288,5.0,,High income
Netherlands,NLD,2002,1.73,3.28753104712766,2.554,4.796,34568.4593268108,5.2,,High income
Netherlands,NLD,2003,1.75,2.09199838997655,3.593,6.441,34286.3833524783,4.9,,High income
Netherlands,NLD,2004,1.72,1.26364739183177,4.646,8.028,35960.7138360683,4.4,,High income
Netherlands,NLD,2005,1.71,1.6881301786962,5.872,10.801,37778.4864360065,4.4,,High income
Netherlands,NLD,2006,1.72,1.10150106517709,5.007,9.85,41208.0462204734,4.4,,High income
Netherlands,NLD,2007,1.72,1.61385859802102,4.153,9.073,44203.4002135804,4.3,,High income
Netherlands,NLD,2008,1.77,2.48650198289457,3.658,7.651,46714.3454301392,4.5,,High income
Netherlands,NLD,2009,1.79,1.18977687021548,4.352,8.779,44959.169463743,4.4,,High income
Netherlands,NLD,2010,1.79,1.27530569556679,4.991,9.915,45301.269581608,4.5,56.96,High income
Netherlands,NLD,2011,1.76,2.34107017751373,4.977,9.349,47004.1370739062,4.3,57.04,High income
Netherlands,NLD,2012,1.72,2.45554765291614,5.821,11.379,47653.3401651371,4.2,56.59,High income
Netherlands,NLD,2013,1.68,2.50689852657875,7.241,12.616,49622.0519614799,3.8,56.38,High income
Netherlands,NLD,2014,1.71,0.976035079699679,7.419,12.844,49751.3092860822,3.9,56.52,High income
Netherlands,NLD,2015,1.66,0.600248147278776,6.872,11.023,50956.6930942185,3.8,56.57,High income
Netherlands,NLD,2016,1.66,0.316666666666652,6.007,10.111,53162.2791598028,3.8,58.16,High income
Netherlands,NLD,2017,1.62,1.38145871407216,4.837,8.629,56037.567993606,3.8,58.13,High income
Netherlands,NLD,2018,1.59,1.70349794744479,3.832,6.539,58819.2609142584,3.7,57.7,High income
Netherlands,NLD,2019,1.57,2.63369910249591,3.379,6.072,62345.2538465433,3.7,58.04,High income
Netherlands,NLD,2020,1.54,1.27246037789161,3.82,8.76,62596.6302027524,2.9,58.07,High income
Netherlands,NLD,2021,1.62,2.67572008805385,4.209,8.964,68573.5648786446,3.2,58.3,High income
Netherlands,NLD,2022,1.49,10.0012078753473,3.526,7.975,78630.3599072098,4.0,58.37,High income
Netherlands,NLD,2023,1.43,3.83839354342808,3.535,8.235,81728.6904629268,,57.51,High income
Netherlands,NLD,2024,1.43,3.34754304219953,3.7,8.55,86173.6290841738,,57.92,High income
Norway,NOR,2000,1.85,3.08550609131279,3.458,11.141,36994.405804639,5.0,,High income
Norway,NOR,2001,1.78,3.00419703998233,3.738,11.902,37829.4559680622,4.4,,High income
Norway,NOR,2002,1.75,1.28672528415184,4.022,12.278,38056.2404278106,4.5,,High income
Norway,NOR,2003,1.8,2.48782553461781,4.221,11.28,38679.7805951741,4.9,,High income
Norway,NOR,2004,1.83,0.454498502220863,4.256,11.713,42667.2192035819,4.1,,High income
Norway,NOR,2005,1.84,1.53213367609249,4.381,10.523,47966.8640112608,4.8,,High income
Norway,NOR,2006,1.9,2.3293498075755,3.397,8.526,54357.5748137787,4.7,,High income
Norway,NOR,2007,1.9,0.712589073634201,2.493,6.55,56179.2578866296,5.0,,High income
Norway,NOR,2008,1.96,3.75393081761005,2.521,6.509,62072.7539854909,5.3,,High income
Norway,NOR,2009,1.98,2.19738586853568,3.1,7.762,55647.6147943451,5.0,,High income
Norway,NOR,2010,1.95,2.41890639481003,3.527,7.439,58213.1333665855,4.8,76.68,High income
Norway,NOR,2011,1.88,1.2849515880916,3.196,7.586,62460.0908157002,4.6,77.68,High income
Norway,NOR,2012,1.85,0.696864111498263,3.129,6.868,65774.3520746224,4.8,77.43,High income
Norway,NOR,2013,1.78,2.12048620353112,3.425,7.465,67377.9262258772,4.7,76.84,High income
Norway,NOR,2014,1.75,2.04170286707211,3.486,6.557,66332.4614374198,4.6,76.44,High income
Norway,NOR,2015,1.72,2.17113665389527,4.296,8.505,60737.8868132779,4.5,74.18,High income
Norway,NOR,2016,1.71,3.55000000000007,4.68,9.167,59280.1992028829,4.5,74.38,High income
Norway,NOR,2017,1.62,1.87510059552545,4.164,8.932,64589.5559196863,4.4,72.52,High income
Norway,NOR,2018,1.56,2.76483134528797,3.801,8.519,70253.8463693386,4.3,72.73,High income
Norway,NOR,2019,1.53,2.16773003305411,3.684,9.363,70939.605518036,4.0,72.45,High income
Norway,NOR,2020,1.48,1.28658490707996,4.424,10.39,67110.6045705502,3.3,72.97,High income
Norway,NOR,2021,1.55,3.48388055266669,4.359,12.36,88984.1386736515,2.96,,High income
Norway,NOR,2022,1.41,5.76412317852272,3.231,8.084,125489.548935602,3.8,72.34,High income
Norway,NOR,2023,1.4,5.51784987104659,3.574,10.724,103637.516843678,,72.06,High income
Norway,NOR,2024,1.45,3.14530134431081,4.0,11.361,102037.526800237,,72.29,High income
Nepal,NPL,2000,3.984,2.47882020709136,10.531,21.332,1316.82940913774,,,Lower middle income
Nepal,NPL,2001,3.793,2.6883037354563,10.502,21.267,1388.47045455809,,,Lower middle income
Nepal,NPL,2002,3.604,3.02939948714892,10.593,21.369,1390.43706974998,,,Lower middle income
Nepal,NPL,2003,3.439,5.70700931874738,10.644,21.418,1453.18365785704,,,Lower middle income
Nepal,NPL,2004,3.279,2.8418113124898,10.652,21.41,1542.44947639149,,,Lower middle income
Nepal,NPL,2005,3.115,6.83633265892877,10.59,21.314,1627.83915596503,,,Lower middle income
Nepal,NPL,2006,2.967,6.92033580707589,10.609,21.343,1717.78611779434,,,Lower middle income
Nepal,NPL,2007,2.857,2.26921924439074,10.642,21.397,1809.3237124739,,,Lower middle income
Nepal,NPL,2008,2.737,9.9078300530648,10.597,21.335,1942.152996933,,,Lower middle income
Nepal,NPL,2009,2.63,11.0948237386987,10.582,21.305,2028.95740753622,,,Lower middle income
Nepal,NPL,2010,2.541,9.32650410745395,10.563,21.261,2139.22749384013,,,Lower middle income
Nepal,NPL,2011,2.462,9.2270754612596,10.627,21.356,2247.99742932205,,,Lower middle income
Nepal,NPL,2012,2.42,9.45980980357125,10.632,21.423,2465.83469449131,,,Lower middle income
Nepal,NPL,2013,2.36,9.04016311917645,10.666,21.567,2658.02196886933,,,Lower middle income
Nepal,NPL,2014,2.319,8.36415469659563,10.62,21.606,2901.19752086169,,,Lower middle income
Nepal,NPL,2015,2.273,7.86890895590891,10.643,21.719,2957.30559145504,,,Lower middle income
Nepal,NPL,2016,2.226,8.7903433200464,10.714,21.931,2976.12513681451,,,Lower middle income
Nepal,NPL,2017,2.173,2.77703998300211,10.66,22.035,3604.70825949747,,,Lower middle income
Nepal,NPL,2018,2.12,4.40659410175714,10.593,22.153,3956.12461094443,,,Lower middle income
Nepal,NPL,2019,2.08,5.56616035243723,10.477,22.228,4260.67373190851,,,Lower middle income
Nepal,NPL,2020,2.051,5.05635826238499,13.037,27.07,4235.57462326905,,,Lower middle income
Nepal,NPL,2021,2.025,4.12676744440695,12.241,25.279,4546.22970006289,,,Lower middle income
Nepal,NPL,2022,2.002,7.6702057938028,10.661,23.18,5102.99231132947,,,Lower middle income
Nepal,NPL,2023,1.984,7.11587261530826,10.437,23.032,5395.20820077513,,,Lower middle income
Nepal,NPL,2024,1.961,4.6850965426577,10.5,23.293,5736.62134332704,,,Lower middle income
Nauru,NRU,2000,3.543,,,,5838.38474480524,,,High income
Nauru,NRU,2001,3.461,,,,5587.10059513323,,,High income
Nauru,NRU,2002,3.4,,,,5132.474854085,,,High income
Nauru,NRU,2003,3.388,,,,5260.70566106421,,,High income
Nauru,NRU,2004,3.378,,,,5168.562529217,,,High income
Nauru,NRU,2005,3.377,,,,5336.45554924709,,,High income
Nauru,NRU,2006,3.4,,,,5974.81684403378,,,High income
Nauru,NRU,2007,3.504,,,,4788.51763173528,,,High income
Nauru,NRU,2008,3.665,,,,5863.37099288988,,,High income
Nauru,NRU,2009,3.847,,,,5567.8891646028,,,High income
Nauru,NRU,2010,4.019,,,,5620.40413037023,,,High income
Nauru,NRU,2011,4.117,0.3003003003003,,,6544.10299768768,,,High income
Nauru,NRU,2012,4.115,-0.124750499001971,,,8153.2726237438,,,High income
Nauru,NRU,2013,4.098,,,,8428.7325679025,,,High income
Nauru,NRU,2014,4.085,,,,9725.9521482902,,,High income
Nauru,NRU,2015,4.075,,,,9955.33548663175,,,High income
Nauru,NRU,2016,4.027,,,,10281.267399011,,,High income
Nauru,NRU,2017,3.879,,,,9650.31890049941,,,High income
Nauru,NRU,2018,3.683,,,,9657.26073566654,,,High income
Nauru,NRU,2019,3.531,,,,10554.5218534787,,,High income
Nauru,NRU,2020,3.466,,,,10810.9461002401,,,High income
Nauru,NRU,2021,3.425,,,,12112.2358384228,,,High income
Nauru,NRU,2022,3.379,,,,13245.1094562619,,,High income
Nauru,NRU,2023,3.331,,,,13731.5704745016,,,High income
Nauru,NRU,2024,3.29,,,,14173.0081043154,,,High income
New Zealand,NZL,2000,1.98,2.6152344624632,6.13,12.351,21500.1531078077,5.35,,High income
New Zealand,NZL,2001,1.97,2.62581630392903,5.433,11.866,22511.0906735294,5.14,,High income
New Zealand,NZL,2002,1.89,2.67709257711605,5.282,11.666,23306.2795376277,5.24,,High income
New Zealand,NZL,2003,1.93,1.75357444759557,4.745,10.677,23996.4486751857,5.32,,High income
New Zealand,NZL,2004,1.98,2.29024902847571,4.005,10.469,25123.9162365879,5.14,,High income
New Zealand,NZL,2005,1.97,3.03702332617012,3.807,10.198,25677.4190803252,5.01,,High income
New Zealand,NZL,2006,2.01,3.36540196171993,3.857,10.469,27732.3439124039,5.21,,High income
New Zealand,NZL,2007,2.18,2.37614310290659,3.661,10.179,29331.2143367859,5.16,,High income
New Zealand,NZL,2008,2.19,3.9589493731206,4.167,10.962,29895.6451662949,5.23,,High income
New Zealand,NZL,2009,2.13,2.1156511055456,6.121,17.387,30746.1551656083,5.09,,High income
New Zealand,NZL,2010,2.17,2.30202385958572,6.557,17.809,31305.3299504124,4.87,,High income
New Zealand,NZL,2011,2.09,4.0279066739204,6.491,16.367,32738.9884445601,4.68,,High income
New Zealand,NZL,2012,2.1,1.05991318445632,6.931,18.403,33054.8936751088,4.72,,High income
New Zealand,NZL,2013,2.01,1.13442266445817,5.839,15.631,36262.704728265,4.35,,High income
New Zealand,NZL,2014,1.92,1.227507505974,5.428,14.767,37331.3155732447,4.44,,High income
New Zealand,NZL,2015,1.99,0.292704628136101,5.415,13.84,37513.2963872442,4.277719407337521,,High income
New Zealand,NZL,2016,1.87,0.646240284454524,5.147,13.62,39988.9250855472,4.2442738484772216,,High income
New Zealand,NZL,2017,1.81,1.85078767452536,4.736,13.368,42243.5084459397,4.256610762424118,,High income
New Zealand,NZL,2018,1.71,1.59829703801696,4.335,10.994,42527.2784103301,4.2396583825791305,,High income
New Zealand,NZL,2019,1.72,1.61963190184048,4.109,11.478,45278.4587226734,3.783628283469566,58.04,High income
New Zealand,NZL,2020,1.62,1.71456170007245,4.595,12.644,45513.3123768343,3.285876547078176,58.07,High income
New Zealand,NZL,2021,1.65,3.94112060778728,3.776,10.173,48248.7176729892,3.06,58.3,High income
New Zealand,NZL,2022,1.67,7.17222476016441,3.299,9.09,54033.9130125651,3.68,58.37,High income
New Zealand,NZL,2023,1.57,5.73316283034957,3.734,10.58,54697.382252318,,57.45,High income
New Zealand,NZL,2024,1.57,2.92279782301957,4.724,13.628,55551.143658637,,,High income
Oman,OMN,2000,3.852,,4.433,13.002,39443.2607398257,,,High income
Oman,OMN,2001,3.662,-0.816666666666656,4.298,12.803,41679.0150905058,,,High income
Oman,OMN,2002,3.51,-0.279578822571373,4.335,12.958,41511.028525808,,,High income
Oman,OMN,2003,3.371,0.231328682267143,4.599,13.804,40934.6957158245,,,High income
Oman,OMN,2004,3.2,0.624969062631367,4.693,14.594,42141.6368965156,,,High income
Oman,OMN,2005,3.029,1.90983553531865,4.589,15.021,43672.5203183067,,,High income
Oman,OMN,2006,2.879,3.54498591605033,4.387,15.225,46091.1822351846,,,High income
Oman,OMN,2007,2.761,5.8304841809271,4.309,15.595,48626.9220419854,,,High income
Oman,OMN,2008,2.762,12.3754091529912,4.142,15.918,52841.1889523143,,,High income
Oman,OMN,2009,2.829,3.46881023754893,3.977,17.282,55127.4677721764,,,High income
Oman,OMN,2010,2.973,3.25657959078624,3.911,19.322,55667.4687778644,,,High income
Oman,OMN,2011,2.955,4.0421886711639,3.95,21.91,52393.3135820293,,,High income
Oman,OMN,2012,2.928,2.94773495257209,3.753,24.039,49989.4425093994,,,High income
Oman,OMN,2013,2.954,1.05354820265932,3.553,25.8,47013.4730934385,,,High income
Oman,OMN,2014,2.97,1.01401483924156,3.453,27.978,44235.8336329334,,,High income
Oman,OMN,2015,2.965,0.0652901330286599,3.403,30.387,36058.1666084788,,,High income
Oman,OMN,2016,2.949,1.10920805807027,3.266,32.463,33333.8635893722,,,High income
Oman,OMN,2017,2.923,1.58909413567799,2.523,26.031,33619.4988982607,,,High income
Oman,OMN,2018,2.81,0.889312370970404,1.8,19.501,37780.3308327271,,,High income
Oman,OMN,2019,2.696,0.490815362820671,2.045,21.372,37250.6110788359,,,High income
Oman,OMN,2020,2.638,-0.40640291946585,2.94,29.185,35163.3281781415,,,High income
Oman,OMN,2021,2.588,1.68221185876085,1.9,15.362,38719.4587682049,,,High income
Oman,OMN,2022,2.449,2.5061425061425,3.3,29.375,42616.3348955868,,,High income
Oman,OMN,2023,2.525,0.950782997762827,3.176,29.066,41945.0255640883,,,High income
Oman,OMN,2024,2.508,0.593589236248469,3.203,29.114,41740.1658530012,,,High income
Pakistan,PAK,2000,5.352,4.36666451291681,0.614,0.668,2565.19958815141,,,Lower middle income
Pakistan,PAK,2001,5.182,3.14826144590618,0.611,0.631,2643.76627507187,,,Lower middle income
Pakistan,PAK,2002,5.012,3.29034472613153,0.615,0.598,2687.82993619927,,,Lower middle income
Pakistan,PAK,2003,4.894,2.91413470059479,0.612,0.6,2821.73137023045,,,Lower middle income
Pakistan,PAK,2004,4.685,7.44462469342739,0.598,0.595,3048.35709122876,,,Lower middle income
Pakistan,PAK,2005,4.595,9.06332737030417,0.583,0.59,3292.60223269538,,,Lower middle income
Pakistan,PAK,2006,4.589,7.92108440058789,0.582,0.592,3514.81365241137,,,Lower middle income
Pakistan,PAK,2007,4.554,7.59868441050774,0.398,0.493,3672.18527458861,,,Lower middle income
Pakistan,PAK,2008,4.515,20.2861210929554,0.423,1.251,3721.33293561622,,,Lower middle income
Pakistan,PAK,2009,4.465,13.6477650639761,0.535,0.639,3777.09098629051,,,Lower middle income
Pakistan,PAK,2010,4.398,12.9388705634889,0.653,1.071,3785.70113530595,,,Lower middle income
Pakistan,PAK,2011,4.305,11.9160927116277,0.796,1.337,3879.5977693449,,,Lower middle income
Pakistan,PAK,2012,4.204,9.68235186055684,3.667,4.416,4046.59848766311,,,Lower middle income
Pakistan,PAK,2013,4.125,7.69215611899565,2.954,5.396,4173.93858568758,,,Lower middle income
Pakistan,PAK,2014,4.055,7.18938402847028,1.827,3.906,4312.99070040776,,,Lower middle income
Pakistan,PAK,2015,3.988,2.52932817254229,3.566,9.528,4480.26313460985,,,Lower middle income
Pakistan,PAK,2016,3.902,3.7651191635658,2.285,4.434,4630.7315068374,,,Lower middle income
Pakistan,PAK,2017,3.9,4.08537368032608,3.204,5.61,4789.53646557553,,,Lower middle income
Pakistan,PAK,2018,3.855,5.07805725868917,4.083,6.749,4979.3734961655,,,Lower middle income
Pakistan,PAK,2019,3.81,10.5780305672025,4.83,8.775,5037.53401559745,,,Lower middle income
Pakistan,PAK,2020,3.765,9.74011619320125,5.994,14.129,5048.0213062963,,,Lower middle income
Pakistan,PAK,2021,3.72,9.49641577285205,6.338,14.278,5367.27364714762,,,Lower middle income
Pakistan,PAK,2022,3.662,19.8738599646655,5.291,9.952,5920.27430654107,,,Lower middle income
Pakistan,PAK,2023,3.605,30.7681280657005,5.237,9.532,6013.989636386,,,Lower middle income
Pakistan,PAK,2024,3.547,12.6325318530452,5.492,10.213,6252.11543199559,,,Lower middle income
Panama,PAN,2000,2.744,1.49896111605777,6.188,18.701,8097.29578007965,,,High income
Panama,PAN,2001,2.72,0.307062436028722,6.293,18.988,8197.15760528353,,,High income
Panama,PAN,2002,2.698,1.00583090379039,6.302,19.099,8370.30337531917,,,High income
Panama,PAN,2003,2.679,0.391666666666657,6.303,19.073,8800.56663131567,,,High income
Panama,PAN,2004,2.68,0.474723078204336,6.097,18.807,9591.60288710752,,,High income
Panama,PAN,2005,2.643,2.85588324760959,5.967,18.6,10511.0220241591,,,High income
Panama,PAN,2006,2.62,2.45789346442096,5.792,18.433,11684.5550230964,,,High income
Panama,PAN,2007,2.612,4.16863300298887,5.665,18.26,13332.8660935017,,,High income
Panama,PAN,2008,2.608,8.75868317728784,5.639,18.198,14705.3714314955,,,High income
Panama,PAN,2009,2.593,2.409053040822,5.857,18.502,14765.7380188572,,,High income
Panama,PAN,2010,2.587,3.491288726188,5.845,18.77,15572.5786985323,,,High income
Panama,PAN,2011,2.604,5.8758024367877,4.03,13.41,17473.7651165489,,,High income
Panama,PAN,2012,2.591,5.69819959165992,3.691,12.955,19473.251491839,,,High income
Panama,PAN,2013,2.569,4.0271599157106,3.674,12.712,21923.6750843341,,,High income
Panama,PAN,2014,2.552,2.62652699929151,4.391,13.852,24376.0808599604,,,High income
Panama,PAN,2015,2.53,0.137492058461504,4.335,15.772,27245.2788402631,,,High income
Panama,PAN,2016,2.502,0.739734025300033,4.717,15.852,30276.7088496195,,,High income
Panama,PAN,2017,2.462,0.875585918759878,5.338,19.268,33533.32602165,,,High income
Panama,PAN,2018,2.402,0.761578359399944,5.161,20.012,32463.5403500842,,,High income
Panama,PAN,2019,2.288,-0.355083821021245,6.256,22.989,33239.7332276186,,,High income
Panama,PAN,2020,2.184,-1.5502754080376,14.663,44.856,27017.0033790906,,,High income
Panama,PAN,2021,2.152,1.63070337301898,10.177,27.083,30932.7627809145,,,High income
Panama,PAN,2022,2.139,2.85965128834711,8.086,23.314,36333.1269184359,,,High income
Panama,PAN,2023,2.119,1.48641355277038,6.544,22.011,39813.3857939972,,,High income
Panama,PAN,2024,2.106,0.693225551004538,8.451,26.686,41369.422541499,,,High income
Peru,PER,2000,2.845,3.75733833344474,4.959,5.592,5011.94540719164,,,Upper middle income
Peru,PER,2001,2.744,1.97709878502053,5.068,5.693,5086.42247806779,,,Upper middle income
Peru,PER,2002,2.693,0.193135003853722,4.84,5.581,5382.56641273977,,,Upper middle income
Peru,PER,2003,2.661,2.25937753363072,4.15,5.515,5656.85816117967,,,Upper middle income
Peru,PER,2004,2.673,3.66247320092233,4.71,8.275,6037.52025106396,,,Upper middle income
Peru,PER,2005,2.643,1.61630193862544,4.87,8.657,6559.54330021754,,,Upper middle income
Peru,PER,2006,2.619,2.00225801248819,4.17,8.351,7213.59606031591,,,Upper middle income
Peru,PER,2007,2.583,1.77998644680372,4.08,7.777,7982.05008377224,,,Upper middle income
Peru,PER,2008,2.528,5.78587598206755,4.03,8.014,8820.13901056849,,,Upper middle income
Peru,PER,2009,2.48,2.936231535967,3.96,6.914,8916.59577535359,,,Upper middle income
Peru,PER,2010,2.421,1.52832059732901,3.6,7.185,9713.35863309362,,,Upper middle income
Peru,PER,2011,2.413,3.36931095333853,3.477,7.103,10462.5770434663,,,Upper middle income
Peru,PER,2012,2.356,3.61121294940163,3.238,7.981,10757.1522234351,,,Upper middle income
Peru,PER,2013,2.317,2.76789666082002,3.575,6.923,11290.5547403874,,,Upper middle income
Peru,PER,2014,2.271,3.41194579807465,3.208,7.603,11517.7371710247,,,Upper middle income
Peru,PER,2015,2.229,3.39809194746308,3.272,6.609,11600.3873992867,,,Upper middle income
Peru,PER,2016,2.189,3.55717663556279,3.741,8.742,12066.5460683317,,,Upper middle income
Peru,PER,2017,2.152,2.99490045809443,3.691,8.473,12591.8562879234,,,Upper middle income
Peru,PER,2018,2.118,1.50915423024742,3.492,9.023,13078.2323503405,,,Upper middle income
Peru,PER,2019,2.086,2.25212191358027,3.379,7.906,13563.5372933551,,,Upper middle income
Peru,PER,2020,2.056,2.00241205759292,7.179,12.914,12563.3038060893,,,Upper middle income
Peru,PER,2021,2.029,4.27166381536798,5.097,10.742,15280.5512106486,,,Upper middle income
Peru,PER,2022,2.004,8.33370630096231,4.291,8.808,16669.1561486769,,,Upper middle income
Peru,PER,2023,1.98,6.45561348369586,4.899,10.134,17011.2278028825,,,Upper middle income
Peru,PER,2024,1.965,2.00770739412712,5.199,10.765,17802.4182498972,,,Upper middle income
Philippines,PHL,2000,3.754,3.9771250324928,3.77,12.329,3365.55833537799,,,Lower middle income
Philippines,PHL,2001,3.719,5.34550195567142,3.698,12.175,3468.898883231,,,Lower middle income
Philippines,PHL,2002,3.651,2.72277227722765,3.616,11.717,3580.38245474744,,,Lower middle income
Philippines,PHL,2003,3.591,2.28915662650607,3.527,11.275,3761.49624595071,,,Lower middle income
Philippines,PHL,2004,3.524,4.82921083627795,3.554,11.487,4037.17193792289,,,Lower middle income
Philippines,PHL,2005,3.448,6.51685393258433,3.795,11.558,4289.05223691996,,,Lower middle income
Philippines,PHL,2006,3.466,5.4852320675105,4.052,12.314,4578.70630898161,,,Lower middle income
Philippines,PHL,2007,3.403,2.90000000000003,3.434,10.798,4923.19718572577,,,Lower middle income
Philippines,PHL,2008,3.401,8.26044703595725,3.72,12.291,5144.3357818823,,,Lower middle income
Philippines,PHL,2009,3.376,4.21903052064628,3.858,12.655,5157.2782508844,,,Lower middle income
Philippines,PHL,2010,3.315,3.78983634797591,3.605,11.851,5489.23543457601,,,Lower middle income
Philippines,PHL,2011,3.236,4.7184170471842,3.592,11.819,5705.43591174904,,,Lower middle income
Philippines,PHL,2012,3.143,3.02696391124796,3.504,11.644,6094.26837338658,,,Lower middle income
Philippines,PHL,2013,3.042,2.58268766141795,3.497,11.302,6372.83382112545,,,Lower middle income
Philippines,PHL,2014,2.894,3.59782343864211,3.6,11.455,6688.73961232553,,,Lower middle income
Philippines,PHL,2015,2.829,0.674192536845408,3.068,10.188,6894.26702217935,,,Lower middle income
Philippines,PHL,2016,2.679,1.25369880080982,2.695,9.187,7382.66758431792,,,Lower middle income
Philippines,PHL,2017,2.525,2.85318772590947,2.552,8.812,7773.79853599024,,,Lower middle income
Philippines,PHL,2018,2.378,5.30934661627707,2.338,8.108,8357.74357934219,,,Lower middle income
Philippines,PHL,2019,2.215,2.39206534422404,2.237,8.092,8924.10116402887,,,Lower middle income
Philippines,PHL,2020,2.075,2.3931623931624,2.522,8.433,8238.36802037457,,,Lower middle income
Philippines,PHL,2021,1.95,3.92718022100332,3.398,10.187,8857.78995115514,,,Lower middle income
Philippines,PHL,2022,1.929,5.82115811213955,2.598,8.195,10131.346369794,,,Lower middle income
Philippines,PHL,2023,1.916,5.97802515541409,2.2,8.557,10985.8292627505,,,Lower middle income
Philippines,PHL,2024,1.894,3.21260487006347,2.202,8.619,11794.1375488492,,,Lower middle income
Palau,PLW,2000,1.819,,,,10196.9054222148,,,High income
Palau,PLW,2001,1.87,,,,11091.7936315765,,,High income
Palau,PLW,2002,1.923,-1.30123617436562,,,11703.9384988605,,,High income
Palau,PLW,2003,1.962,0.922874093605824,,,11588.3696214973,,,High income
Palau,PLW,2004,1.989,4.96407576747217,,,12213.1978548368,,,High income
Palau,PLW,2005,2.017,3.9514623522091,,,12960.1678150853,,,High income
Palau,PLW,2006,1.996,4.42981143370254,,,13544.7651275481,,,High income
Palau,PLW,2007,1.968,3.23875035826881,,,14308.2328121476,,,High income
Palau,PLW,2008,1.947,11.9655746807329,,,14039.4056180714,,,High income
Palau,PLW,2009,1.935,1.43813538308953,,,13414.3544901082,,,High income
Palau,PLW,2010,1.937,1.44219017355169,,,13443.3986844956,,,High income
Palau,PLW,2011,1.965,4.6746987951807,,,14673.0560248903,,,High income
Palau,PLW,2012,2.006,3.61418047882138,,,15461.371967653,,,High income
Palau,PLW,2013,2.054,3.35481004221287,,,15424.7596503485,,,High income
Palau,PLW,2014,2.032,4.19174548581256,,,16442.0389291227,,,High income
Palau,PLW,2015,2.002,0.949040643697081,,,17853.5103927061,,,High income
Palau,PLW,2016,2.055,-1.04230533415074,,,18234.6118770397,,,High income
Palau,PLW,2017,2.019,1.4179881966692,,,17991.1080155154,,,High income
Palau,PLW,2018,1.97,2.10970464135017,,,18172.3045821299,,,High income
Palau,PLW,2019,1.984,0.26737967914444,,,18421.9034582421,,,High income
Palau,PLW,2020,1.972,0.218181818181833,,,17389.7246153166,,,High income
Palau,PLW,2021,1.95,2.6124818577648,,,15780.5501158866,,,High income
Palau,PLW,2022,1.927,12.3526638378124,,,17184.5415251955,,,High income
Palau,PLW,2023,1.907,12.8199748216534,,,18230.2698627414,,,High income
Palau,PLW,2024,1.883,2.23172772921704,,,,,,High income
Papua New Guinea,PNG,2000,4.525,15.5958933107535,2.92,4.186,2195.95783293206,,,Lower middle income
Papua New Guinea,PNG,2001,4.469,9.29817332783968,2.801,4.015,2167.75888613606,,,Lower middle income
Papua New Guinea,PNG,2002,4.419,11.7994470972606,2.756,3.914,2125.38720131644,,,Lower middle income
Papua New Guinea,PNG,2003,4.362,14.7090779663557,2.628,3.744,2141.94088709085,,,Lower middle income
Papua New Guinea,PNG,2004,4.283,2.15893131266946,2.526,3.6,2186.54008155669,,,Lower middle income
Papua New Guinea,PNG,2005,4.22,1.78080439925826,2.385,3.433,2321.90916249433,,,Lower middle income
Papua New Guinea,PNG,2006,4.148,2.3684623841683,2.285,3.302,2443.80225242341,,,Lower middle income
Papua New Guinea,PNG,2007,4.076,0.91135045567524,2.169,3.164,2622.37468728077,,,Lower middle income
Papua New Guinea,PNG,2008,4.015,10.7614182326827,2.168,3.107,2583.48094331882,,,Lower middle income
Papua New Guinea,PNG,2009,3.941,6.91832532601224,2.089,2.999,2692.43509261969,,,Lower middle income
Papua New Guinea,PNG,2010,3.883,6.01360893567856,2.002,2.895,2911.8920318969,,,Lower middle income
Papua New Guinea,PNG,2011,3.816,4.44083401028971,2.62,3.16,2918.54391777544,,,Lower middle income
Papua New Guinea,PNG,2012,3.746,4.53720508166972,2.634,3.182,3025.85599590795,,,Lower middle income
Papua New Guinea,PNG,2013,3.684,4.9603174603175,2.698,3.228,3109.89537238113,,,Lower middle income
Papua New Guinea,PNG,2014,3.625,5.22211720226841,2.54,3.146,3499.5484675555,,,Lower middle income
Papua New Guinea,PNG,2015,3.558,5.99595778127107,2.507,3.126,3669.73871592695,,,Lower middle income
Papua New Guinea,PNG,2016,3.495,6.6737288135593,2.478,3.101,3812.71035100798,,,Lower middle income
Papua New Guinea,PNG,2017,3.432,5.42204568023834,2.58,3.144,3923.17197680467,,,Lower middle income
Papua New Guinea,PNG,2018,3.382,4.37448921453162,2.65,3.155,3909.91572975538,,,Lower middle income
Papua New Guinea,PNG,2019,3.322,3.92867290939597,2.651,3.134,4059.82860207487,,,Lower middle income
Papua New Guinea,PNG,2020,3.274,4.87167398565555,2.903,3.682,3899.57719236851,,,Lower middle income
Papua New Guinea,PNG,2021,3.215,4.48359014042398,3.03,3.432,3976.90380116956,,,Lower middle income
Papua New Guinea,PNG,2022,3.165,5.25323922215241,2.689,2.989,4419.61926962803,,,Lower middle income
Papua New Guinea,PNG,2023,3.099,2.29869991296791,2.649,2.976,4667.83567092991,,,Lower middle income
Papua New Guinea,PNG,2024,3.072,0.602403921107917,2.625,2.971,4874.6899553589,,,Lower middle income
Poland,POL,2000,1.37,9.90017538843065,14.928,34.819,10721.2034293332,5.5,,High income
Poland,POL,2001,1.31,5.4083354556615,18.435,41.564,11175.2853656421,5.1,,High income
Poland,POL,2002,1.25,1.90528215048054,20.211,44.038,11841.2684087721,5.0,,High income
Poland,POL,2003,1.22,0.682701375787632,19.899,43.98,12328.9011615853,5.1,,High income
Poland,POL,2004,1.23,3.38264681884699,18.822,42.482,13413.0543202274,5.0,,High income
Poland,POL,2005,1.24,2.18379872390251,17.592,38.566,13935.5573148214,5.4,,High income
Poland,POL,2006,1.27,1.28469394366416,13.794,31.288,15204.8809890545,5.9,,High income
Poland,POL,2007,1.31,2.4587431238539,9.551,23.401,16833.2346946924,6.5,,High income
Poland,POL,2008,1.39,4.16497193524779,7.069,19.563,18372.37645483,6.8,,High income
Poland,POL,2009,1.4,3.79539242483399,8.131,20.937,19300.1669900632,6.6,,High income
Poland,POL,2010,1.41,2.58069370250548,9.578,25.124,20990.9122325468,6.0,79.18,High income
Poland,POL,2011,1.33,4.23940149625932,9.576,28.197,22808.5055268899,5.4,79.92,High income
Poland,POL,2012,1.33,3.56037151702793,10.031,29.529,23728.1456821435,5.4,80.16,High income
Poland,POL,2013,1.29,0.991982606332335,10.293,29.725,24433.8914344877,4.7,81.39,High income
Poland,POL,2014,1.32,0.0538213132399802,8.971,25.242,25459.7392273761,5.0,81.1,High income
Poland,POL,2015,1.32,-0.874125874125862,7.475,20.733,26988.1069013509,5.0,80.82,High income
Poland,POL,2016,1.39,-0.664767331433962,6.141,17.835,28359.6927346266,5.1,80.6,High income
Poland,POL,2017,1.48,2.07593553673859,4.867,15.034,30170.2818974087,5.1,80.76,High income
Poland,POL,2018,1.46,1.81295156542689,3.835,11.959,32345.1066076225,5.1,81.05,High income
Poland,POL,2019,1.44,2.22747880938291,3.267,10.174,35882.3655065553,4.8,81.04,High income
Poland,POL,2020,1.39,3.37446972618589,3.155,11.54,37089.3004256812,3.8,82.46,High income
Poland,POL,2021,1.33,5.05502704719272,3.268,12.313,41059.5847829682,4.5,83.79,High income
Poland,POL,2022,1.29,14.4294507575758,2.811,11.071,46777.5524519162,4.2,84.14,High income
Poland,POL,2023,1.2,11.5289127961105,2.743,11.018,48473.0940286419,,84.72,High income
Poland,POL,2024,1.14,3.79060897630197,2.807,10.844,51262.5105756884,,84.74,High income
Puerto Rico (US),PRI,2000,2.0485,,10.08,16.151,22938.0302267173,,,High income
Puerto Rico (US),PRI,2001,1.9346,,11.4,20.335,24881.9773781802,,,High income
Puerto Rico (US),PRI,2002,1.8317,,11.94,23.003,25467.3607199539,,,High income
Puerto Rico (US),PRI,2003,1.7624,,11.78,22.609,25967.7814815982,,,High income
Puerto Rico (US),PRI,2004,1.7822,,10.31,19.596,28993.0735148502,,,High income
Puerto Rico (US),PRI,2005,1.7702,,11.35,21.001,29350.3060557285,,,High income
Puerto Rico (US),PRI,2006,1.7123,,11.01,21.668,29955.5812641396,,,High income
Puerto Rico (US),PRI,2007,1.6505,,10.93,18.915,30587.9990445374,,,High income
Puerto Rico (US),PRI,2008,1.6516,,11.48,20.229,30782.4539565628,,,High income
Puerto Rico (US),PRI,2009,1.6528,,15.0,26.259,30533.6808994165,,,High income
Puerto Rico (US),PRI,2010,1.6235,,16.1,26.855,30908.7986630853,,,High income
Puerto Rico (US),PRI,2011,1.5965,,15.7,27.081,31697.218864709,,,High income
Puerto Rico (US),PRI,2012,1.5425,,14.5,25.979,32077.6178539123,,,High income
Puerto Rico (US),PRI,2013,1.47,,14.3,25.436,32279.4000290919,,,High income
Puerto Rico (US),PRI,2014,1.432,,13.9,24.455,32391.0670311533,,,High income
Puerto Rico (US),PRI,2015,1.3365,,12.0,20.883,32323.5456459985,,,High income
Puerto Rico (US),PRI,2016,1.2425,,11.8,20.587,32245.8484276651,,,High income
Puerto Rico (US),PRI,2017,1.101,,10.8,18.884,31866.6160571769,,,High income
Puerto Rico (US),PRI,2018,1.035,,9.2,16.066,33706.5915157959,,,High income
Puerto Rico (US),PRI,2019,0.982,,8.3,14.583,36217.7204390287,,,High income
Puerto Rico (US),PRI,2020,0.922,,8.89,15.526,36858.6085217908,,,High income
Puerto Rico (US),PRI,2021,0.907,,7.9,13.994,40559.474811812,,,High income
Puerto Rico (US),PRI,2022,0.914,,6.0,10.682,45327.510192422,,,High income
Puerto Rico (US),PRI,2023,0.92,,5.725,10.31,47543.3937761528,,,High income
Puerto Rico (US),PRI,2024,0.92,,5.639,10.239,50247.8492461676,,,High income
"Korea, Dem. People's Rep.",PRK,2000,1.941,,3.653,8.883,,,,Low income
"Korea, Dem. People's Rep.",PRK,2001,1.94,,3.676,9.003,,,,Low income
"Korea, Dem. People's Rep.",PRK,2002,1.919,,3.644,8.905,,,,Low income
"Korea, Dem. People's Rep.",PRK,2003,1.909,,3.668,8.971,,,,Low income
"Korea, Dem. People's Rep.",PRK,2004,1.899,,3.62,8.962,,,,Low income
"Korea, Dem. People's Rep.",PRK,2005,1.872,,3.576,8.912,,,,Low income
"Korea, Dem. People's Rep.",PRK,2006,1.936,,3.55,8.773,,,,Low income
"Korea, Dem. People's Rep.",PRK,2007,1.943,,3.547,8.624,,,,Low income
"Korea, Dem. People's Rep.",PRK,2008,1.97,,3.48,8.338,,,,Low income
"Korea, Dem. People's Rep.",PRK,2009,1.905,,3.48,8.369,,,,Low income
"Korea, Dem. People's Rep.",PRK,2010,1.89,,3.419,8.2,,,,Low income
"Korea, Dem. People's Rep.",PRK,2011,1.883,,3.516,8.421,,,,Low income
"Korea, Dem. People's Rep.",PRK,2012,1.882,,3.542,8.188,,,,Low income
"Korea, Dem. People's Rep.",PRK,2013,1.877,,3.567,8.334,,,,Low income
"Korea, Dem. People's Rep.",PRK,2014,1.874,,3.509,8.168,,,,Low income
"Korea, Dem. People's Rep.",PRK,2015,1.863,,3.523,8.353,,,,Low income
"Korea, Dem. People's Rep.",PRK,2016,1.856,,3.574,8.882,,,,Low income
"Korea, Dem. People's Rep.",PRK,2017,1.848,,3.498,8.844,,,,Low income
"Korea, Dem. People's Rep.",PRK,2018,1.834,,3.409,8.495,,,,Low income
"Korea, Dem. People's Rep.",PRK,2019,1.825,,3.439,8.367,,,,Low income
"Korea, Dem. People's Rep.",PRK,2020,1.821,,3.624,9.371,,,,Low income
"Korea, Dem. People's Rep.",PRK,2021,1.806,,3.692,8.819,,,,Low income
"Korea, Dem. People's Rep.",PRK,2022,1.797,,3.457,8.287,,,,Low income
"Korea, Dem. People's Rep.",PRK,2023,1.78,,3.463,8.194,,,,Low income
"Korea, Dem. People's Rep.",PRK,2024,1.784,,3.539,8.433,,,,Low income
Portugal,PRT,2000,1.55,2.85303039287157,3.806,11.781,18883.1145969452,6.2,,High income
Portugal,PRT,2001,1.45,4.36990330551793,3.829,12.027,19528.5826120827,5.6,,High income
Portugal,PRT,2002,1.46,3.60034658290914,4.497,12.1,20356.647299736,5.4,,High income
Portugal,PRT,2003,1.44,3.21899090682895,6.132,16.745,20849.5943833375,5.1,,High income
Portugal,PRT,2004,1.4,2.36536204097302,6.319,15.916,21475.5711021267,4.7,,High income
Portugal,PRT,2005,1.41,2.27716394887834,7.582,19.154,22725.2774946084,4.6,,High income
Portugal,PRT,2006,1.37,3.1076654587105,7.649,18.499,24677.2834629922,4.5,,High income
Portugal,PRT,2007,1.35,2.45396528138743,7.965,20.311,25738.0214895961,4.4,,High income
Portugal,PRT,2008,1.39,2.58850657657959,7.553,20.297,26665.8372952939,4.1,,High income
Portugal,PRT,2009,1.34,-0.835530021504157,9.432,21.678,26471.9079607159,3.8,,High income
Portugal,PRT,2010,1.39,1.40257289895369,10.771,24.021,27292.0819531528,3.8,73.34,High income
Portugal,PRT,2011,1.35,3.65301100430724,12.715,31.67,26803.2336904645,3.4,73.72,High income
Portugal,PRT,2012,1.28,2.77333854051586,15.509,39.226,26476.2182777269,3.3,73.3,High income
Portugal,PRT,2013,1.21,0.274416666666663,16.237,39.918,27966.0874254705,3.1,73.11,High income
Portugal,PRT,2014,1.24,-0.278153367467428,13.88,35.004,28764.5254955042,3.0,73.86,High income
Portugal,PRT,2015,1.31,0.48793862390472,12.405,34.098,29608.0071513956,3.1,73.1,High income
Portugal,PRT,2016,1.37,0.607397074641719,11.058,28.617,31589.2695609552,3.1,73.34,High income
Portugal,PRT,2017,1.38,1.36861411643472,8.878,25.348,32970.8395386562,3.3,72.86,High income
Portugal,PRT,2018,1.42,0.993715683468326,6.966,20.476,34896.7993382974,3.4,72.46,High income
Portugal,PRT,2019,1.44,0.338178410046034,6.422,21.336,37865.5603564295,3.2,71.88,High income
Portugal,PRT,2020,1.42,-0.0124383299575305,6.85,23.986,35966.712796561,1.8,75.06,High income
Portugal,PRT,2021,1.35,1.26565719069044,6.712,26.651,38657.6677223425,2.8,75.84,High income
Portugal,PRT,2022,1.43,7.83269124233323,6.138,20.547,45250.0148759865,3.5,75.91,High income
Portugal,PRT,2023,1.45,4.31128191898672,6.498,20.086,49352.8388613032,,74.86,High income
Portugal,PRT,2024,1.41,2.41613187791884,6.5,22.575,51679.8883807527,,72.14,High income
Paraguay,PRY,2000,3.508,8.98215976750022,7.61,17.423,6937.1767197553,,,Upper middle income
Paraguay,PRY,2001,3.361,7.26806028584825,6.206,14.281,6916.4933075016,,,Upper middle income
Paraguay,PRY,2002,3.233,10.5102420856612,9.393,22.643,6924.18334927644,,,Upper middle income
Paraguay,PRY,2003,3.123,14.2367970499143,6.814,18.267,7275.93316008991,,,Upper middle income
Paraguay,PRY,2004,3.053,4.32326492967491,6.513,18.238,7685.65814789972,,,Upper middle income
Paraguay,PRY,2005,2.973,6.80738203116377,4.825,14.195,8006.7097816731,,,Upper middle income
Paraguay,PRY,2006,2.889,9.58934941129229,5.277,14.76,8560.73925135464,,,Upper middle income
Paraguay,PRY,2007,2.823,8.13047417698577,4.713,16.142,9178.94421589024,,,Upper middle income
Paraguay,PRY,2008,2.792,10.1547846489023,4.415,13.617,9867.39695343742,,,Upper middle income
Paraguay,PRY,2009,2.757,2.59194673430567,5.46,15.567,9801.649331069,,,Upper middle income
Paraguay,PRY,2010,2.695,4.65116279069765,4.569,14.667,10893.3149199478,,,Upper middle income
Paraguay,PRY,2011,2.667,8.2539682539683,4.67,16.431,11441.7636772255,,,Upper middle income
Paraguay,PRY,2012,2.658,3.67591897974496,4.085,13.78,10954.3251570137,,,Upper middle income
Paraguay,PRY,2013,2.636,2.68385738718582,4.385,11.694,12137.0081947562,,,Upper middle income
Paraguay,PRY,2014,2.646,5.02882767456766,5.034,15.868,12607.0721636671,,,Upper middle income
Paraguay,PRY,2015,2.645,3.12900274473925,4.556,11.862,12679.0574753234,,,Upper middle income
Paraguay,PRY,2016,2.624,4.08682280577241,5.255,15.417,13329.1373366354,,,Upper middle income
Paraguay,PRY,2017,2.591,3.60247741348943,6.138,19.603,13977.3427788671,,,Upper middle income
Paraguay,PRY,2018,2.561,3.97561015740694,6.217,18.704,14139.0931267568,,,Upper middle income
Paraguay,PRY,2019,2.525,2.75709727562775,6.595,20.113,14149.598522753,,,Upper middle income
Paraguay,PRY,2020,2.497,1.76751592356698,7.548,23.518,14308.8787738305,,,Upper middle income
Paraguay,PRY,2021,2.469,4.787983101236,7.311,21.867,15406.1670646576,,,Upper middle income
Paraguay,PRY,2022,2.444,9.76556667164402,6.755,17.844,16347.0434974776,,,Upper middle income
Paraguay,PRY,2023,2.422,4.63202285403356,5.794,17.084,17564.4912369374,,,Upper middle income
Paraguay,PRY,2024,2.416,3.83540271728533,5.686,17.338,18523.6810153,,,Upper middle income
West Bank and Gaza,PSE,2000,5.457,2.79819892435758,10.625,16.904,2782.51388482361,,,Lower middle income
West Bank and Gaza,PSE,2001,5.342,1.22278475878898,21.493,24.323,2515.15452938217,,,Lower middle income
West Bank and Gaza,PSE,2002,5.216,5.70951585976626,27.465,29.567,2178.86306478836,,,Lower middle income
West Bank and Gaza,PSE,2003,5.062,4.40303221730888,23.004,34.015,2469.37980394625,,,Lower middle income
West Bank and Gaza,PSE,2004,4.971,3.00417498638593,23.215,36.793,3013.73941946893,,,Lower middle income
West Bank and Gaza,PSE,2005,4.867,4.10725070715931,20.016,38.831,3371.90248033402,,,Lower middle income
West Bank and Gaza,PSE,2006,4.739,3.84234125624782,19.014,32.998,3354.42846587081,,,Lower middle income
West Bank and Gaza,PSE,2007,4.627,1.85974379351111,18.282,36.5,3485.61271825977,,,Lower middle income
West Bank and Gaza,PSE,2008,4.509,9.88999788691849,22.913,43.466,3713.1321585765,,,Lower middle income
West Bank and Gaza,PSE,2009,4.44,2.75393485083151,20.452,38.661,3950.27978346055,,,Lower middle income
West Bank and Gaza,PSE,2010,4.434,3.74915727597096,21.416,43.599,4120.86066344952,,,Lower middle income
West Bank and Gaza,PSE,2011,4.305,2.8772435849594,17.597,46.262,4494.7313227255,,,Lower middle income
West Bank and Gaza,PSE,2012,4.154,2.77908768282492,19.202,56.038,5214.64865399127,,,Lower middle income
West Bank and Gaza,PSE,2013,4.049,1.72439933626931,19.894,57.958,5287.84746119629,,,Lower middle income
West Bank and Gaza,PSE,2014,3.995,1.73298510037447,20.526,51.486,5381.63690987475,,,Lower middle income
West Bank and Gaza,PSE,2015,3.977,1.43161145810476,23.005,56.033,5769.98236633203,,,Lower middle income
West Bank and Gaza,PSE,2016,3.887,-0.219106604907316,23.939,60.568,6062.23274844577,,,Lower middle income
West Bank and Gaza,PSE,2017,3.771,0.212570934228881,25.677,66.695,6106.64574037122,,,Lower middle income
West Bank and Gaza,PSE,2018,3.674,-0.195107773730735,26.256,68.985,6215.81647317396,,,Lower middle income
West Bank and Gaza,PSE,2019,3.591,1.58018333639455,25.34,66.638,6508.44835080318,,,Lower middle income
West Bank and Gaza,PSE,2020,3.511,-0.735332001092191,25.895,69.384,5956.28620064819,,,Lower middle income
West Bank and Gaza,PSE,2021,3.442,1.23748102831369,26.39,64.136,5663.12160743584,,,Lower middle income
West Bank and Gaza,PSE,2022,3.375,3.74122391852077,24.42,56.616,6163.24897837613,,,Lower middle income
West Bank and Gaza,PSE,2023,3.311,5.87110177678988,,,5950.02006184393,,,Lower middle income
West Bank and Gaza,PSE,2024,3.25,53.6691458303782,,,4371.11135857265,,,Lower middle income
French Polynesia,PYF,2000,2.596,,11.583,38.074,,,,High income
French Polynesia,PYF,2001,2.523,,11.665,38.501,,,,High income
French Polynesia,PYF,2002,2.425,,11.71,38.798,,,,High income
French Polynesia,PYF,2003,2.26,,11.751,38.714,,,,High income
French Polynesia,PYF,2004,2.198,,11.702,38.386,,,,High income
French Polynesia,PYF,2005,2.181,,11.722,38.332,,,,High income
French Polynesia,PYF,2006,2.217,,11.768,38.395,,,,High income
French Polynesia,PYF,2007,2.122,,11.74,38.277,,,,High income
French Polynesia,PYF,2008,2.195,,11.76,38.149,,,,High income
French Polynesia,PYF,2009,2.148,,11.963,38.597,,,,High income
French Polynesia,PYF,2010,2.165,,12.133,39.029,,,,High income
French Polynesia,PYF,2011,2.061,,12.257,39.387,,,,High income
French Polynesia,PYF,2012,2.026,,12.134,39.128,,,,High income
French Polynesia,PYF,2013,1.937,,12.027,39.268,,,,High income
French Polynesia,PYF,2014,1.957,,11.894,39.362,,,,High income
French Polynesia,PYF,2015,1.872,,11.794,39.588,,,,High income
French Polynesia,PYF,2016,1.763,,11.727,39.899,,,,High income
French Polynesia,PYF,2017,1.669,,11.595,40.191,,,,High income
French Polynesia,PYF,2018,1.645,,11.599,40.721,,,,High income
French Polynesia,PYF,2019,1.567,,11.591,41.213,,,,High income
French Polynesia,PYF,2020,1.57,,12.963,47.257,,,,High income
French Polynesia,PYF,2021,1.532,,12.558,43.922,,,,High income
French Polynesia,PYF,2022,1.515,,11.793,41.707,,,,High income
French Polynesia,PYF,2023,1.501,,11.613,41.149,,,,High income
French Polynesia,PYF,2024,1.491,,11.613,41.168,,,,High income
Qatar,QAT,2000,3.073,1.65033522434232,0.87,9.757,88848.7013764883,,,High income
Qatar,QAT,2001,3.08,1.47133434804683,0.87,9.916,89804.935426346,,,High income
Qatar,QAT,2002,3.011,0.239999999999952,0.87,10.06,93176.5306735223,,,High income
Qatar,QAT,2003,2.925,2.26456504389469,0.87,10.194,94120.3668317771,,,High income
Qatar,QAT,2004,2.794,6.79933665008279,0.87,9.956,110957.828211099,,,High income
Qatar,QAT,2005,2.635,8.81439532334683,0.87,10.282,115250.402334132,,,High income
Qatar,QAT,2006,2.509,11.8358096197431,0.87,11.786,127180.710199783,,,High income
Qatar,QAT,2007,2.438,13.7581625759964,0.52,7.998,124055.682467084,,,High income
Qatar,QAT,2008,2.369,15.0501451570333,0.31,4.926,126015.024327928,,,High income
Qatar,QAT,2009,2.254,-4.86327801622565,0.31,6.784,125897.62504715,,,High income
Qatar,QAT,2010,2.137,-2.42525675161714,0.45,8.427,151646.145163851,,,High income
Qatar,QAT,2011,2.07,1.13836623529202,0.56,9.159,174619.917706815,,,High income
Qatar,QAT,2012,2.04,2.31534853431661,0.48,8.297,180939.439450305,,,High income
Qatar,QAT,2013,2.032,3.22197756829293,0.28,7.152,169203.349850341,,,High income
Qatar,QAT,2014,2.03,3.34972085659523,0.2,3.881,148389.2001335,,,High income
Qatar,QAT,2015,1.976,1.8140772393776,0.17,2.964,102545.863291279,,,High income
Qatar,QAT,2016,1.856,2.6765917009819,0.15,2.429,89934.66888248,,,High income
Qatar,QAT,2017,1.834,0.394878914083005,0.14,2.392,99358.3733880435,,,High income
Qatar,QAT,2018,1.756,0.255815382724408,0.11,1.649,110032.839882747,,,High income
Qatar,QAT,2019,1.731,-0.666641124861147,0.1,1.483,107502.567853627,,,High income
Qatar,QAT,2020,1.675,-2.5403150300476,0.14,1.837,82149.4569875883,,,High income
Qatar,QAT,2021,1.605,2.30446565742003,0.14,2.039,116832.656941972,,,High income
Qatar,QAT,2022,1.739,4.99527553740761,0.13,1.588,122920.54329029,,,High income
Qatar,QAT,2023,1.729,3.02764899198902,0.13,1.497,129367.869670927,,,High income
Qatar,QAT,2024,1.717,1.26734310292375,0.13,1.47,126046.354855612,,,High income
Romania,ROU,2000,1.31,45.6665940440238,6.969,16.006,5850.08487880703,6.1,,High income
Romania,ROU,2001,1.27,34.4770123493527,6.561,17.433,6519.8885795129,5.9,,High income
Romania,ROU,2002,1.27,22.5398862605386,8.112,22.658,7162.29382627668,5.9,,High income
Romania,ROU,2003,1.3,15.2734889936255,6.95,20.237,7559.41625051161,6.2,,High income
Romania,ROU,2004,1.33,11.8743635936399,7.719,19.42,8989.31783804604,6.7,,High income
Romania,ROU,2005,1.4,9.01491283343835,7.174,18.686,9602.1244037474,6.7,,High income
Romania,ROU,2006,1.42,6.55851412276983,7.27,20.524,11554.0792439124,6.9,,High income
Romania,ROU,2007,1.45,4.83732928313989,6.413,19.097,13702.7537733519,9.1,,High income
Romania,ROU,2008,1.6,7.85080255714482,5.787,18.902,16782.0334884689,7.3,,High income
Romania,ROU,2009,1.66,5.58742004264393,6.859,20.885,16640.7951853094,6.6,,High income
Romania,ROU,2010,1.59,6.09141668601891,6.959,22.181,17354.6748476713,5.7,97.31,High income
Romania,ROU,2011,1.47,5.7892532881588,7.177,23.855,18803.8678810861,5.2,96.42,High income
Romania,ROU,2012,1.52,3.33492267693442,6.794,23.34,19807.5984490026,5.4,96.58,High income
Romania,ROU,2013,1.46,3.9847123554813,7.096,24.939,19678.1108930755,5.4,95.55,High income
Romania,ROU,2014,1.56,1.06830987684298,6.802,25.091,20632.9924390362,5.9,96.29,High income
Romania,ROU,2015,1.62,-0.594156437495203,6.812,23.903,21624.5618152909,6.3,96.45,High income
Romania,ROU,2016,1.69,-1.54479666813897,5.901,22.399,23905.1743665679,6.8,96.02,High income
Romania,ROU,2017,1.78,1.3390212110439,4.927,19.15,26943.3085419885,7.3,96.63,High income
Romania,ROU,2018,1.76,4.62548443137779,4.187,16.67,29382.7567479407,7.4,95.93,High income
Romania,ROU,2019,1.77,3.82785432599438,3.912,18.017,33425.326172666,6.6,95.48,High income
Romania,ROU,2020,1.8,2.63107311184743,5.035,16.786,34193.8374521868,4.2,95.89,High income
Romania,ROU,2021,1.81,5.05232876096582,5.59,21.385,37534.1559176911,6.0,94.48,High income
Romania,ROU,2022,1.71,13.7954887432521,5.614,25.007,41979.2586767087,6.2,94.64,High income
Romania,ROU,2023,1.54,10.3971874764996,5.589,22.116,45981.6027785222,,94.77,High income
Romania,ROU,2024,1.39,5.72140574354439,5.4,24.724,49076.5399383138,,92.77,High income
Russian Federation,RUS,2000,1.195,20.7987606558704,10.581,22.199,6825.3916015625,,,High income
Russian Federation,RUS,2001,1.223,21.4770072117159,8.978,19.195,7361.36376953125,,,High income
Russian Federation,RUS,2002,1.286,15.7887307914463,7.875,16.894,8037.474609375,,,High income
Russian Federation,RUS,2003,1.319,13.6632930228666,8.21,18.795,9254.537109375,,,High income
Russian Federation,RUS,2004,1.344,10.8886157326216,7.763,18.665,10226.7666015625,,,High income
Russian Federation,RUS,2005,1.294,12.6853039507349,7.124,16.864,11822.3466796875,,,High income
Russian Federation,RUS,2006,1.305,9.66865454789265,7.055,17.174,14912.234375,,,High income
Russian Federation,RUS,2007,1.416,9.00729868861079,6.002,14.45,16648.2421875,,,High income
Russian Federation,RUS,2008,1.502,14.1107677840442,6.205,15.149,20163.609375,,,High income
Russian Federation,RUS,2009,1.542,11.6473295764118,8.301,18.931,19389.94140625,,,High income
Russian Federation,RUS,2010,1.567,6.84939230255025,7.407,17.496,20490.126953125,8.5,,High income
Russian Federation,RUS,2011,1.582,8.4404648593257,6.571,15.844,22789.54296875,9.2,,High income
Russian Federation,RUS,2012,1.691,5.07474300799149,5.484,15.417,24273.517578125,8.5,,High income
Russian Federation,RUS,2013,1.707,6.75466833903486,5.513,15.013,26019.7265625,8.5,,High income
Russian Federation,RUS,2014,1.75,7.82016970013845,5.212,14.609,25688.2265625,,,High income
Russian Federation,RUS,2015,1.777,15.5343959935701,5.615,17.332,23994.013671875,,,High income
Russian Federation,RUS,2016,1.762,7.04243725413707,5.591,17.482,24012.40234375,,,High income
Russian Federation,RUS,2017,1.621,3.68333072334495,5.238,17.041,25777.904296875,,,High income
Russian Federation,RUS,2018,1.579,2.87831382614981,4.871,17.897,28628.5625,,,High income
Russian Federation,RUS,2019,1.504,4.47202631837903,4.513,15.69,30963.853515625,,,High income
Russian Federation,RUS,2020,1.505,3.38219796948068,5.62,18.248,31490.8046875,,,High income
Russian Federation,RUS,2021,1.505,6.69445891957612,4.749,17.371,38638.4296875,,,High income
Russian Federation,RUS,2022,1.416,13.7436797398232,3.867,15.461,40938.98828125,,,High income
Russian Federation,RUS,2023,1.41,5.86571931748967,3.076,11.793,44268.73046875,,,High income
Russian Federation,RUS,2024,1.418,8.43486410496723,2.43,8.556,47404.96484375,,,High income
Rwanda,RWA,2000,5.967,3.89952980284712,11.699,16.574,609.265855545553,,,Low income
Rwanda,RWA,2001,5.893,3.34285506749409,11.732,16.746,669.875436350145,,,Low income
Rwanda,RWA,2002,5.816,1.99258542453993,11.432,16.5,759.662612911492,,,Low income
Rwanda,RWA,2003,5.737,7.44970014007366,11.658,16.838,774.508237332335,,,Low income
Rwanda,RWA,2004,5.64,12.2507102894391,11.699,16.955,832.279719304053,,,Low income
Rwanda,RWA,2005,5.5,9.01408918092339,11.842,17.196,914.227366408104,,,Low income
Rwanda,RWA,2006,5.335,8.88282654777923,11.586,16.972,1002.28949388428,,,Low income
Rwanda,RWA,2007,5.141,9.08072205873158,11.58,17.04,1078.93885246368,,,Low income
Rwanda,RWA,2008,4.922,15.4382138709255,11.517,17.042,1190.7575798332,,,Low income
Rwanda,RWA,2009,4.707,12.9443978401712,11.625,17.242,1240.54972631385,,,Low income
Rwanda,RWA,2010,4.522,-0.246128693436934,11.637,17.325,1314.13559494324,,,Low income
Rwanda,RWA,2011,4.332,3.0801706924026,11.756,17.528,1412.90752155318,,,Low income
Rwanda,RWA,2012,4.201,10.2710182318876,11.671,17.488,1454.52507891388,,,Low income
Rwanda,RWA,2013,4.136,5.92426867984854,11.768,17.668,1512.24171253848,,,Low income
Rwanda,RWA,2014,4.117,2.35449052820358,11.837,17.814,1677.56869684182,,,Low income
Rwanda,RWA,2015,4.108,2.52850284192421,11.831,17.868,1780.74171636863,,,Low income
Rwanda,RWA,2016,4.106,7.17434301982009,11.788,17.867,1866.38968530286,,,Low income
Rwanda,RWA,2017,4.084,8.27953672260832,11.875,18.011,1967.94286602499,,,Low income
Rwanda,RWA,2018,4.047,-0.311210160390699,10.759,16.866,2125.49522712839,,,Low income
Rwanda,RWA,2019,3.985,3.34787655037648,11.236,16.705,2336.03967302732,,,Low income
Rwanda,RWA,2020,3.913,9.85039902274207,11.829,17.308,2284.89889795328,,,Low income
Rwanda,RWA,2021,3.841,-0.391346748300791,15.775,24.271,2733.43566762447,,,Low income
Rwanda,RWA,2022,3.778,17.6892095588153,15.084,23.462,3098.67700634994,,,Low income
Rwanda,RWA,2023,3.698,19.789546746467,12.352,20.191,3399.45174603143,,,Low income
Rwanda,RWA,2024,3.645,1.77029240198635,11.331,19.11,3710.86040434596,,,Low income
Saudi Arabia,SAU,2000,4.206,-1.12499838517645,4.57,33.407,48643.6072177646,,,High income
Saudi Arabia,SAU,2001,3.964,-1.12094804896791,4.618,32.008,47380.8031555036,,,High income
Saudi Arabia,SAU,2002,3.709,0.247186492339686,5.265,39.593,45466.0257673051,,,High income
Saudi Arabia,SAU,2003,3.465,0.612195358172966,5.563,42.089,48078.1186117167,,,High income
Saudi Arabia,SAU,2004,3.264,0.5155078977673,5.822,44.246,51225.3258202551,,,High income
Saudi Arabia,SAU,2005,3.161,0.479231671630955,6.051,46.045,53548.1964925537,,,High income
Saudi Arabia,SAU,2006,3.176,2.20902314069647,6.254,47.245,54638.7588925129,,,High income
Saudi Arabia,SAU,2007,3.185,4.16782358431579,5.734,44.955,55029.87121382,,,High income
Saudi Arabia,SAU,2008,3.074,9.87024816760266,5.085,48.772,57236.0519568285,,,High income
Saudi Arabia,SAU,2009,2.95,5.0572227614833,5.377,54.127,54787.3552114775,,,High income
Saudi Arabia,SAU,2010,2.81,5.33941733020905,5.55,51.963,58828.726534911,,,High income
Saudi Arabia,SAU,2011,2.8,5.8262163739404,5.77,51.456,64125.2177225838,,,High income
Saudi Arabia,SAU,2012,2.78,2.86627029905053,5.622,54.291,65033.6161818077,,,High income
Saudi Arabia,SAU,2013,2.67,3.51104209799866,5.6,56.465,62202.8859202572,,,High income
Saudi Arabia,SAU,2014,2.68,2.24185348779063,5.877,59.779,62578.0708415156,,,High income
Saudi Arabia,SAU,2015,2.63,1.22269318552328,5.6,59.089,53930.8273872622,,,High income
Saudi Arabia,SAU,2016,2.65,2.05347076823965,5.6,48.085,49937.0668103808,,,High income
Saudi Arabia,SAU,2017,2.67,-0.834845735027162,5.89,61.894,53120.4572456269,,,High income
Saudi Arabia,SAU,2018,2.67,2.46594308994843,6.029,59.034,59377.8025368768,,,High income
Saudi Arabia,SAU,2019,2.49,-1.19298644533328,5.636,51.985,59560.2537904546,,,High income
Saudi Arabia,SAU,2020,2.27,3.37234961012303,7.66,51.857,47518.4877485153,,,High income
Saudi Arabia,SAU,2021,2.17,3.06328988941548,6.621,28.67,62690.4966645929,,,High income
Saudi Arabia,SAU,2022,2.14,2.47407371925372,5.589,26.733,71968.074955888,,,High income
Saudi Arabia,SAU,2023,2.28,2.32708518362706,4.008,22.779,71564.800028565,,,High income
Saudi Arabia,SAU,2024,2.308,1.68792112375809,3.518,21.072,71375.3727890285,,,High income
Sudan,SDN,2000,5.596,7.12125897172291,15.595,30.917,2616.46459960938,,,Low income
Sudan,SDN,2001,5.562,1.93529572095333,15.56,30.985,2769.4228515625,,,Low income
Sudan,SDN,2002,5.531,22.2247241495905,15.514,31.034,2898.138671875,,,Low income
Sudan,SDN,2003,5.489,6.48943208673338,15.515,31.151,3058.10375976563,,,Low income
Sudan,SDN,2004,5.455,9.65754628605945,15.538,31.307,3215.236328125,,,Low income
Sudan,SDN,2005,5.397,8.50585075933117,15.545,31.454,3407.35180664063,,,Low income
Sudan,SDN,2006,5.332,7.19912990114709,15.542,31.591,3637.32666015625,,,Low income
Sudan,SDN,2007,5.27,14.7542770780084,15.534,31.72,3836.48901367188,,,Low income
Sudan,SDN,2008,5.212,14.2971224481434,15.566,31.939,3937.52685546875,,,Low income
Sudan,SDN,2009,5.173,11.256758706301,13.0,32.38,3731.61474609375,,,Low income
Sudan,SDN,2010,5.141,12.9776663898014,15.168,37.509,3805.62744140625,,,Low income
Sudan,SDN,2011,5.087,18.0966171221351,17.44,42.913,4112.21875,,,Low income
Sudan,SDN,2012,5.031,35.5590574147024,16.973,41.381,3710.376953125,,,Low income
Sudan,SDN,2013,4.965,36.5223449139154,16.273,39.308,3724.9599609375,,,Low income
Sudan,SDN,2014,4.912,36.9066427863595,15.41,36.854,4260.57177734375,,,Low income
Sudan,SDN,2015,4.898,16.9095706050977,14.39,34.025,4217.01025390625,,,Low income
Sudan,SDN,2016,4.829,17.750253831196,13.656,31.65,4470.35498046875,,,Low income
Sudan,SDN,2017,4.761,32.3516260968437,13.0,29.318,4252.42138671875,,,Low income
Sudan,SDN,2018,4.681,63.2925073455888,12.347,26.86,4199.25048828125,,,Low income
Sudan,SDN,2019,4.617,50.9940515002965,11.697,24.274,3914.2255859375,,,Low income
Sudan,SDN,2020,4.542,163.257782355458,11.995,24.435,3348.57836914063,,,Low income
Sudan,SDN,2021,4.457,359.093040778999,11.087,19.703,3248.9755859375,,,Low income
Sudan,SDN,2022,4.384,138.80846024176,7.53,13.099,3355.37817382813,,,Low income
Sudan,SDN,2023,4.323,,,,2420.65795898438,,,Low income
Sudan,SDN,2024,4.264,,,,2115.81616210938,,,Low income
Senegal,SEN,2000,5.498,0.731981981981597,2.638,3.856,1963.27509878739,,,Lower middle income
Senegal,SEN,2001,5.397,2.97450083919566,2.674,3.896,2043.85289540933,,,Lower middle income
Senegal,SEN,2002,5.301,2.33730187454299,2.82,4.039,2026.77782446969,,,Lower middle income
Senegal,SEN,2003,5.246,-0.0519970242714495,2.781,4.01,2130.50797474486,,,Lower middle income
Senegal,SEN,2004,5.192,0.514781781023016,2.775,4.01,2236.29400949837,,,Lower middle income
Senegal,SEN,2005,5.133,1.71133325855502,2.679,3.926,2350.20037042455,,,Lower middle income
Senegal,SEN,2006,5.064,2.11228583877117,2.755,4.003,2422.09761798858,,,Lower middle income
Senegal,SEN,2007,5.018,5.85330428467681,2.8,4.041,2499.31582882192,,,Lower middle income
Senegal,SEN,2008,5.024,7.34720236578406,2.816,4.052,2580.71949180217,,,Lower middle income
Senegal,SEN,2009,5.025,-2.2480214785534,2.807,4.039,2605.72280250701,,,Lower middle income
Senegal,SEN,2010,5.055,1.22868119673344,2.795,4.021,2662.50486626479,,,Lower middle income
Senegal,SEN,2011,5.099,3.40322829786971,2.853,4.066,2684.94989722318,,,Lower middle income
Senegal,SEN,2012,5.129,1.41822871177854,3.896,5.346,2764.26130708482,,,Lower middle income
Senegal,SEN,2013,5.049,0.710245486695176,5.012,6.69,2768.76818711984,,,Lower middle income
Senegal,SEN,2014,4.884,-1.09025507446895,5.849,7.81,2853.80456250635,,,Lower middle income
Senegal,SEN,2015,4.751,0.135211933635165,6.757,8.989,2994.28032714875,,,Lower middle income
Senegal,SEN,2016,4.648,0.837284942557434,4.455,6.639,3101.12348494108,,,Lower middle income
Senegal,SEN,2017,4.489,1.31815314847789,4.078,4.839,3234.36158194088,,,Lower middle income
Senegal,SEN,2018,4.294,0.460985642464188,3.453,5.556,3380.21596529445,,,Lower middle income
Senegal,SEN,2019,4.1,1.76011151192939,2.863,6.542,3647.95137357242,,,Lower middle income
Senegal,SEN,2020,4.003,2.54314685681662,3.432,7.843,3752.91947490817,,,Lower middle income
Senegal,SEN,2021,3.936,2.18032278088147,3.436,7.234,4173.67741399619,,,Lower middle income
Senegal,SEN,2022,3.864,9.69681899081073,2.837,5.933,4530.22059496055,,,Lower middle income
Senegal,SEN,2023,3.818,5.93947798773215,2.784,5.873,4777.61451861578,,,Lower middle income
Senegal,SEN,2024,3.765,0.804503298792438,2.788,5.879,5070.6486207418,,,Lower middle income
Singapore,SGP,2000,1.6,1.36162392448456,3.7,8.562,43781.2691496809,,,High income
Singapore,SGP,2001,1.41,0.997197956155943,3.76,10.049,43109.0641940157,,,High income
Singapore,SGP,2002,1.37,-0.391676866585049,5.65,15.379,45083.2529904573,,,High income
Singapore,SGP,2003,1.27,0.507905300237551,5.93,14.335,48778.2983301244,,,High income
Singapore,SGP,2004,1.26,1.66272719863072,5.84,14.655,54383.8062332219,,,High income
Singapore,SGP,2005,1.26,0.425106276569107,5.59,13.976,58821.6934650901,,,High income
Singapore,SGP,2006,1.28,0.965657519018511,4.48,11.171,64060.5686042424,,,High income
Singapore,SGP,2007,1.29,2.10980166714574,3.9,10.646,68804.9832153264,,,High income
Singapore,SGP,2008,1.28,6.63544058395309,3.96,11.697,67735.3480852019,,,High income
Singapore,SGP,2009,1.22,0.589142019610516,5.86,16.073,66212.962556152,,,High income
Singapore,SGP,2010,1.15,2.82884527612958,4.12,11.884,75400.5557984177,,,High income
Singapore,SGP,2011,1.2,5.25115624639373,3.89,11.639,80052.3914982651,,,High income
Singapore,SGP,2012,1.29,4.58084479423094,3.72,11.327,82107.7270892092,,,High income
Singapore,SGP,2013,1.19,2.36439793742726,3.86,12.588,83088.3185411658,,,High income
Singapore,SGP,2014,1.25,1.03316955857629,3.74,11.33,84555.2446100826,,,High income
Singapore,SGP,2015,1.24,-0.521975611895763,3.79,10.585,87156.187383315,,,High income
Singapore,SGP,2016,1.2,-0.529809760375464,4.08,11.978,89901.8159165036,,,High income
Singapore,SGP,2017,1.16,0.576763191179996,4.2,12.27,95744.1821600957,,,High income
Singapore,SGP,2018,1.14,0.438784215129623,3.613,10.767,103963.36329269,,,High income
Singapore,SGP,2019,1.14,0.567829988405447,3.1,9.538,105335.291974111,,,High income
Singapore,SGP,2020,1.1,-0.172111865925382,4.1,13.336,101518.31798444,,,High income
Singapore,SGP,2021,1.12,2.31610315765146,4.64,12.442,132617.354020876,,,High income
Singapore,SGP,2022,1.04,6.13095418919732,3.591,10.086,143094.949896959,,,High income
Singapore,SGP,2023,0.97,4.83372362825798,3.444,11.804,143786.136293013,,,High income
Singapore,SGP,2024,0.97,2.38951123595017,2.737,7.725,150689.301625826,,,High income
Solomon Islands,SLB,2000,4.757,7.88956186986721,2.446,3.722,1502.88776967226,,,Lower middle income
Solomon Islands,SLB,2001,4.673,6.92583732057426,2.642,3.83,1387.19586861271,,,Lower middle income
Solomon Islands,SLB,2002,4.602,10.9296341872692,2.698,3.867,1343.73916356867,,,Lower middle income
Solomon Islands,SLB,2003,4.539,8.26946349334406,2.286,3.663,1433.09520209123,,,Lower middle income
Solomon Islands,SLB,2004,4.466,6.98584202682567,2.026,3.512,1556.46974913837,,,Lower middle income
Solomon Islands,SLB,2005,4.411,7.33066341633299,1.879,3.42,1693.19193514828,,,Lower middle income
Solomon Islands,SLB,2006,4.39,11.2199870214146,1.916,3.481,1786.13962900073,,,Lower middle income
Solomon Islands,SLB,2007,4.372,7.66602013484806,1.978,3.563,1868.75507214578,,,Lower middle income
Solomon Islands,SLB,2008,4.358,17.3200651968774,1.998,3.615,1989.0135920954,,,Lower middle income
Solomon Islands,SLB,2009,4.349,7.09271716876286,2.02,3.662,2021.46315086869,,,Lower middle income
Solomon Islands,SLB,2010,4.341,1.05148163321038,1.617,3.096,2182.21603858837,,,Lower middle income
Solomon Islands,SLB,2011,4.335,7.34270706018,1.292,2.569,2306.28127950629,,,Lower middle income
Solomon Islands,SLB,2012,4.332,5.91200602491155,0.984,2.045,2320.45346146884,,,Lower middle income
Solomon Islands,SLB,2013,4.325,5.3913638858756,0.694,1.536,2394.46788083646,,,Lower middle income
Solomon Islands,SLB,2014,4.36,5.16590237925171,0.73,1.565,2377.38397015815,,,Lower middle income
Solomon Islands,SLB,2015,4.291,-0.57446928635949,0.736,1.568,2353.78235283681,,,Lower middle income
Solomon Islands,SLB,2016,4.2,0.512485626268792,0.736,1.567,2421.18991118943,,,Lower middle income
Solomon Islands,SLB,2017,4.06,0.488686760261083,0.727,1.557,2454.04671914243,,,Lower middle income
Solomon Islands,SLB,2018,3.93,3.46147484973729,0.722,1.55,2493.97675737551,,,Lower middle income
Solomon Islands,SLB,2019,3.8,1.63485544012247,0.746,1.566,2512.01387973448,,,Lower middle income
Solomon Islands,SLB,2020,3.749,2.96354992076065,0.868,1.861,2405.31509364704,,,Lower middle income
Solomon Islands,SLB,2021,3.694,-0.115437894412839,0.879,1.684,2449.87009821452,,,Lower middle income
Solomon Islands,SLB,2022,3.62,5.51812928576938,1.475,3.342,2496.22734577831,,,Lower middle income
Solomon Islands,SLB,2023,3.557,5.88585897042164,1.443,3.325,2596.56364252803,,,Lower middle income
Solomon Islands,SLB,2024,3.513,4.32183948388033,1.444,3.341,2674.89311339831,,,Lower middle income
Sierra Leone,SLE,2000,6.355,,4.137,6.807,1242.07432044948,,,Low income
Sierra Leone,SLE,2001,6.305,,4.235,6.906,1121.24260099529,,,Low income
Sierra Leone,SLE,2002,6.23,,3.909,6.521,1359.91725651246,,,Low income
Sierra Leone,SLE,2003,6.087,,3.879,6.481,1457.80167857458,,,Low income
Sierra Leone,SLE,2004,5.919,,3.42,3.53,1541.00571321438,,,Low income
Sierra Leone,SLE,2005,5.807,,3.734,3.889,1614.50361925174,,,Low income
Sierra Leone,SLE,2006,5.737,,3.89,4.145,1697.69680421278,,,Low income
Sierra Leone,SLE,2007,5.643,11.6499744518106,4.022,4.388,1769.77972125467,,,Low income
Sierra Leone,SLE,2008,5.563,8.21112432289608,4.132,4.619,1824.24498367556,,,Low income
Sierra Leone,SLE,2009,5.448,7.46901898540982,4.268,4.871,1814.0708691735,,,Low income
Sierra Leone,SLE,2010,5.327,7.18566275668163,4.34,5.08,1900.38515206703,,,Low income
Sierra Leone,SLE,2011,5.209,6.79138291952621,4.388,5.273,2042.70009101399,,,Low income
Sierra Leone,SLE,2012,5.064,6.58776239392585,4.378,5.42,2317.1913997528,,,Low income
Sierra Leone,SLE,2013,4.873,5.52412877994266,4.376,5.572,2700.73807805259,,,Low income
Sierra Leone,SLE,2014,4.703,4.63931171409667,4.678,5.965,2762.04553745948,,,Low income
Sierra Leone,SLE,2015,4.548,6.68943562498681,4.483,5.182,2560.04985807593,,,Low income
Sierra Leone,SLE,2016,4.466,10.8860609413903,4.182,4.335,2634.9252433025,,,Low income
Sierra Leone,SLE,2017,4.389,18.2215094003386,3.656,3.38,2501.4531554482,,,Low income
Sierra Leone,SLE,2018,4.294,16.0295447693699,3.192,2.508,2640.47566787646,,,Low income
Sierra Leone,SLE,2019,4.192,14.8049990906021,3.204,2.521,2704.05835866756,,,Low income
Sierra Leone,SLE,2020,4.08,13.4468711101052,3.509,2.979,2719.07286815807,,,Low income
Sierra Leone,SLE,2021,3.978,11.8739588840234,3.551,2.836,2849.38865926436,,,Low income
Sierra Leone,SLE,2022,3.876,27.2082883814653,3.137,2.484,3143.96451050507,,,Low income
Sierra Leone,SLE,2023,3.791,47.6428733253179,3.092,2.469,3368.31727188063,,,Low income
Sierra Leone,SLE,2024,3.703,28.6337500014115,3.103,2.477,3522.30588009119,,,Low income
El Salvador,SLV,2000,3.076,2.27128756828723,6.96,7.868,4422.44510574248,,,Upper middle income
El Salvador,SLV,2001,2.93,3.7508205747202,6.96,11.059,4542.92587192498,,,Upper middle income
El Salvador,SLV,2002,2.775,1.86552503610077,6.2,7.41,4671.55302828125,,,Upper middle income
El Salvador,SLV,2003,2.636,2.1203909173333,6.9,7.416,4828.70297067138,,,Upper middle income
El Salvador,SLV,2004,2.516,4.45194392395045,6.8,8.204,4997.59385258021,,,Upper middle income
El Salvador,SLV,2005,2.44,4.69094870903769,7.22,10.313,5291.66962299243,,,Upper middle income
El Salvador,SLV,2006,2.395,4.03712359429612,6.57,8.409,5694.52330884091,,,Upper middle income
El Salvador,SLV,2007,2.354,4.57808572377153,6.41,8.177,5949.42640611971,,,Upper middle income
El Salvador,SLV,2008,2.291,6.70792293515939,5.88,8.907,6174.69155154574,,,Upper middle income
El Salvador,SLV,2009,2.261,1.05595029731201,7.33,12.967,6062.67571951558,,,Upper middle income
El Salvador,SLV,2010,2.239,1.17933576873673,4.893,12.016,6247.91452716829,,,Upper middle income
El Salvador,SLV,2011,2.224,5.1289237668161,4.297,9.387,6593.67806808022,,,Upper middle income
El Salvador,SLV,2012,2.187,1.72973481581383,3.843,9.188,6708.39032246284,,,Upper middle income
El Salvador,SLV,2013,2.154,0.757669184522973,3.693,10.266,7092.58852133297,,,Upper middle income
El Salvador,SLV,2014,2.126,1.14134467538233,4.154,9.126,7503.71105811981,,,Upper middle income
El Salvador,SLV,2015,2.067,-0.731384487387957,3.998,9.908,7933.73697858999,,,Upper middle income
El Salvador,SLV,2016,1.965,0.60404908699661,4.418,9.941,8455.61614773975,,,Upper middle income
El Salvador,SLV,2017,1.896,1.0123540331558,4.385,12.109,8965.2189086345,,,Upper middle income
El Salvador,SLV,2018,1.849,1.09033000581892,4.006,11.485,9203.76216310773,,,Upper middle income
El Salvador,SLV,2019,1.838,0.0753241350024612,4.17,12.796,9756.7521864595,,,Upper middle income
El Salvador,SLV,2020,1.819,-0.371590212324095,5.008,14.79,9392.68913817943,,,Upper middle income
El Salvador,SLV,2021,1.803,3.46692585313082,4.327,14.053,10809.713399518,,,Upper middle income
El Salvador,SLV,2022,1.785,7.19861615609867,2.999,11.121,11875.9648066233,,,Upper middle income
El Salvador,SLV,2023,1.775,4.04554694222477,2.992,9.711,12679.5768752061,,,Upper middle income
El Salvador,SLV,2024,1.768,0.853782292567288,3.261,10.327,13264.027090968,,,Upper middle income
San Marino,SMR,2000,1.404,,,,53713.4483344714,,,High income
San Marino,SMR,2001,1.519,,,,57251.795597303,,,High income
San Marino,SMR,2002,1.432,,,,57583.9069425178,,,High income
San Marino,SMR,2003,1.296,,,,60223.9128467427,,,High income
San Marino,SMR,2004,1.298,1.43083868527343,,,61113.9018661653,,,High income
San Marino,SMR,2005,1.198,1.68548890528347,,,63738.5738721939,,,High income
San Marino,SMR,2006,1.242,2.09525935611432,,,67434.1560064444,,,High income
San Marino,SMR,2007,1.257,2.49894575725803,,,71744.0519986492,,,High income
San Marino,SMR,2008,1.521,4.29320249287704,,,71723.6242187251,,,High income
San Marino,SMR,2009,1.358,2.19959237046011,,,61969.8285368182,,,High income
San Marino,SMR,2010,1.459,2.58541815582587,,,58926.1403701298,,,High income
San Marino,SMR,2011,1.456,2.89979584300123,,,56239.9592730018,,,High income
San Marino,SMR,2012,1.289,2.8273322422258,,,51274.2154785964,,,High income
San Marino,SMR,2013,1.483,1.60439298078082,,,50770.3673195862,,,High income
San Marino,SMR,2014,1.259,1.11296303373851,,,52909.2224071252,,,High income
San Marino,SMR,2015,1.196,0.145686073241066,,,52247.2078276415,,,High income
San Marino,SMR,2016,1.127,0.644075340346552,,,53033.0563376235,,,High income
San Marino,SMR,2017,1.054,1.01413313194508,,,52463.4196397748,,,High income
San Marino,SMR,2018,1.077,1.16333522293158,,,54460.9058332865,,,High income
San Marino,SMR,2019,1.096,0.472651967352852,,,57444.1193582109,,,High income
San Marino,SMR,2020,1.113,-0.133368898372915,,,55206.5812324405,,,High income
San Marino,SMR,2021,1.125,1.61551411551421,,,64745.1316780701,,,High income
San Marino,SMR,2022,1.136,5.32545321311365,,,75941.4899090162,,,High income
San Marino,SMR,2023,1.149,5.93190858629403,,,78745.4313299335,,,High income
San Marino,SMR,2024,1.158,1.24216507945569,,,,,,High income
"Somalia, Fed. Rep.",SOM,2000,7.645,,18.678,36.649,467.060922117041,,,Low income
"Somalia, Fed. Rep.",SOM,2001,7.636,,18.665,36.591,491.527329981834,,,Low income
"Somalia, Fed. Rep.",SOM,2002,7.626,,18.658,36.549,517.475206104742,,,Low income
"Somalia, Fed. Rep.",SOM,2003,7.603,,18.648,36.509,547.374154777771,,,Low income
"Somalia, Fed. Rep.",SOM,2004,7.568,,18.653,36.493,580.284955539129,,,Low income
"Somalia, Fed. Rep.",SOM,2005,7.527,,18.671,36.496,619.158298420655,,,Low income
"Somalia, Fed. Rep.",SOM,2006,7.49,,18.705,36.522,659.137580504181,,,Low income
"Somalia, Fed. Rep.",SOM,2007,7.457,,18.687,36.472,700.174057965187,,,Low income
"Somalia, Fed. Rep.",SOM,2008,7.415,,18.714,36.514,739.209469335104,,,Low income
"Somalia, Fed. Rep.",SOM,2009,7.376,,18.724,36.544,773.780862192893,,,Low income
"Somalia, Fed. Rep.",SOM,2010,7.322,,18.741,36.594,815.131435994874,,,Low income
"Somalia, Fed. Rep.",SOM,2011,7.268,,18.761,36.709,881.383113050941,,,Low income
"Somalia, Fed. Rep.",SOM,2012,7.211,,18.771,36.804,1002.9322657147,,,Low income
"Somalia, Fed. Rep.",SOM,2013,7.14,,18.655,36.641,944.404567280324,,,Low income
"Somalia, Fed. Rep.",SOM,2014,7.061,,18.595,36.541,1127.71922200338,,,Low income
"Somalia, Fed. Rep.",SOM,2015,6.975,,18.495,36.356,1341.38999678728,,,Low income
"Somalia, Fed. Rep.",SOM,2016,6.878,,18.611,36.498,1468.50438474605,,,Low income
"Somalia, Fed. Rep.",SOM,2017,6.766,,18.455,36.251,1596.81409178022,,,Low income
"Somalia, Fed. Rep.",SOM,2018,6.662,,18.7,36.666,1551.52773977473,,,Low income
"Somalia, Fed. Rep.",SOM,2019,6.56,,18.828,36.907,1548.27250940098,,,Low income
"Somalia, Fed. Rep.",SOM,2020,6.453,,19.414,39.733,1454.26711848855,,,Low income
"Somalia, Fed. Rep.",SOM,2021,6.353,,19.662,38.644,1392.31782053371,,,Low income
"Somalia, Fed. Rep.",SOM,2022,6.255,,19.112,37.543,1486.47247333834,,,Low income
"Somalia, Fed. Rep.",SOM,2023,6.132,,18.96,37.312,1555.61016798776,,,Low income
"Somalia, Fed. Rep.",SOM,2024,6.013,,18.949,37.339,1601.96466602339,,,Low income
Serbia,SRB,2000,1.48,71.1206287946541,12.6,28.648,6415.70511863535,,,Upper middle income
Serbia,SRB,2001,1.58,95.0052258100006,12.8,29.075,6802.74846643134,,,Upper middle income
Serbia,SRB,2002,1.57,19.4908321579689,13.8,30.706,7562.70244892744,,,Upper middle income
Serbia,SRB,2003,1.59,9.87617889729578,15.2,32.067,8022.94191295514,,,Upper middle income
Serbia,SRB,2004,1.57,11.0263627183464,18.5,45.1,8715.11016924349,,,Upper middle income
Serbia,SRB,2005,1.45,16.1199806482826,20.85,51.725,9397.60313235976,,,Upper middle income
Serbia,SRB,2006,1.43,11.7240229980834,20.85,54.891,10463.3370106839,,,Upper middle income
Serbia,SRB,2007,1.38,6.39170644391413,18.06,47.725,11685.3884085742,,,Upper middle income
Serbia,SRB,2008,1.4,12.410986775178,13.67,41.203,13122.5030713165,,,Upper middle income
Serbia,SRB,2009,1.44,8.11695092238082,16.116,44.395,13037.9762942071,,,Upper middle income
Serbia,SRB,2010,1.4,6.14255360247248,19.204,47.533,13320.0282376797,,,Upper middle income
Serbia,SRB,2011,1.4,11.1373976342129,22.959,57.078,14298.2677444467,,,Upper middle income
Serbia,SRB,2012,1.45,7.33038589596646,24.0,56.803,14506.2378578624,,,Upper middle income
Serbia,SRB,2013,1.43,7.69426362896655,22.154,56.932,15246.9321985267,,,Upper middle income
Serbia,SRB,2014,1.46,2.08244793880154,19.223,49.989,15296.1484591287,,,Upper middle income
Serbia,SRB,2015,1.46,1.39235822000187,17.66,48.116,15546.298142138,,,Upper middle income
Serbia,SRB,2016,1.46,1.12231397417769,15.257,39.407,16455.4261201487,,,Upper middle income
Serbia,SRB,2017,1.49,3.13106248590115,13.477,36.185,17285.4272257972,,,Upper middle income
Serbia,SRB,2018,1.49,1.95984076293801,12.733,31.938,18469.022619005,,,Upper middle income
Serbia,SRB,2019,1.52,1.84922984511086,10.395,29.815,20587.382536041,,,Upper middle income
Serbia,SRB,2020,1.48,1.57553290083415,9.011,29.334,21013.0512590365,,,Upper middle income
Serbia,SRB,2021,1.52,4.08510285335102,9.843,27.132,23406.4036315634,,,Upper middle income
Serbia,SRB,2022,1.59,11.9815117344703,8.439,25.179,26142.8279237665,,,Upper middle income
Serbia,SRB,2023,1.62,12.3719043552519,8.268,26.19,29776.8951752159,,,Upper middle income
Serbia,SRB,2024,1.64,4.6705297488997,7.24,21.928,32832.1763221005,,,Upper middle income
South Sudan,SSD,2000,6.803,,12.309,17.494,,,,Low income
South Sudan,SSD,2001,6.654,,12.278,17.498,,,,Low income
South Sudan,SSD,2002,6.515,,12.235,17.494,,,,Low income
South Sudan,SSD,2003,6.353,,12.234,17.542,,,,Low income
South Sudan,SSD,2004,6.19,,12.256,17.609,,,,Low income
South Sudan,SSD,2005,6.022,,12.266,17.659,,,,Low income
South Sudan,SSD,2006,5.853,,12.268,17.704,,,,Low income
South Sudan,SSD,2007,5.704,,12.266,17.744,,,,Low income
South Sudan,SSD,2008,5.569,,12.298,17.822,2887.37415932878,,,Low income
South Sudan,SSD,2009,5.446,5.00627361534047,12.438,18.015,2911.0429729878,,,Low income
South Sudan,SSD,2010,5.318,1.16962180301108,12.473,18.093,2948.0500149385,,,Low income
South Sudan,SSD,2011,5.193,46.8521757193597,12.585,18.25,2718.04847850752,,,Low income
South Sudan,SSD,2012,5.061,45.5258978371706,12.803,18.501,1417.38566439045,,,Low income
South Sudan,SSD,2013,4.939,-0.0580909784225664,12.665,18.349,1916.8535588619,,,Low income
South Sudan,SSD,2014,4.818,1.6742990629552,12.561,18.224,1372.75618491146,,,Low income
South Sudan,SSD,2015,4.695,52.7663304192143,12.464,18.102,1154.88686304107,,,Low income
South Sudan,SSD,2016,4.579,379.999585624026,12.854,18.519,,,,Low income
South Sudan,SSD,2017,4.483,187.851630279442,12.983,18.599,,,,Low income
South Sudan,SSD,2018,4.37,83.5015294922,12.853,18.398,,,,Low income
South Sudan,SSD,2019,4.26,87.2413641500032,12.656,18.155,,,,Low income
South Sudan,SSD,2020,4.16,29.6758435538572,14.246,20.826,,,,Low income
South Sudan,SSD,2021,4.047,10.5167158294358,13.95,19.76,,,,Low income
South Sudan,SSD,2022,3.964,-6.68732094212668,12.475,17.813,,,,Low income
South Sudan,SSD,2023,3.864,2.38280434813754,12.374,17.658,,,,Low income
South Sudan,SSD,2024,3.785,91.4408220769046,,,,,,Low income
Sao Tome and Principe,STP,2000,5.157,12.2089456308977,14.4,24.208,1830.36629942706,,,Lower middle income
Sao Tome and Principe,STP,2001,5.097,9.22203707560889,15.73,32.8,1897.87411122439,,,Lower middle income
Sao Tome and Principe,STP,2002,5.062,10.128724672229,17.63,34.421,1944.99838482036,,,Lower middle income
Sao Tome and Principe,STP,2003,5.013,9.79241974934509,16.36,33.926,2093.50493378321,,,Lower middle income
Sao Tome and Principe,STP,2004,4.962,13.2858860871796,16.12,32.223,2170.94121914898,,,Lower middle income
Sao Tome and Principe,STP,2005,4.939,17.1522049354354,16.47,33.982,2329.01423017277,,,Lower middle income
Sao Tome and Principe,STP,2006,4.933,23.0770373451381,16.65,34.278,2550.59553998213,,,Lower middle income
Sao Tome and Principe,STP,2007,4.957,18.5485136325779,16.021,32.744,2650.1038762996,,,Lower middle income
Sao Tome and Principe,STP,2008,4.906,31.9901039492573,15.421,31.234,2801.83579340874,,,Lower middle income
Sao Tome and Principe,STP,2009,4.838,16.9574758025945,15.136,30.196,2845.73589383231,,,Lower middle income
Sao Tome and Principe,STP,2010,4.769,13.34005235378,14.628,28.707,2858.56899092769,,,Lower middle income
Sao Tome and Principe,STP,2011,4.718,14.3271667616801,14.229,27.338,2914.21285695222,,,Lower middle income
Sao Tome and Principe,STP,2012,4.664,10.6379353431628,13.59,25.539,2652.87879478958,,,Lower middle income
Sao Tome and Principe,STP,2013,4.584,8.10583270875476,12.476,21.918,2945.73664283744,,,Lower middle income
Sao Tome and Principe,STP,2014,4.485,6.99849943966421,11.428,18.442,3233.3568807314,,,Lower middle income
Sao Tome and Principe,STP,2015,4.354,5.24587835022454,10.591,15.276,3171.50905832741,,,Lower middle income
Sao Tome and Principe,STP,2016,4.203,5.43051966119156,9.684,12.079,3319.54261733278,,,Lower middle income
Sao Tome and Principe,STP,2017,4.069,5.6902961992902,8.808,8.995,3436.31010124694,,,Lower middle income
Sao Tome and Principe,STP,2018,3.977,7.86859628873909,8.712,8.915,3941.03280858409,,,Lower middle income
Sao Tome and Principe,STP,2019,3.9,7.72024525213248,8.835,9.008,4655.48496449805,,,Lower middle income
Sao Tome and Principe,STP,2020,3.827,9.81932791540146,9.679,10.242,5144.53560286014,,,Lower middle income
Sao Tome and Principe,STP,2021,3.759,8.13777038378732,9.563,9.757,5732.69456061536,,,Lower middle income
Sao Tome and Principe,STP,2022,3.695,18.0056351122841,8.964,9.111,6033.6811722183,,,Lower middle income
Sao Tome and Principe,STP,2023,3.644,21.2589138473,9.032,9.168,6149.98146081932,,,Lower middle income
Sao Tome and Principe,STP,2024,3.596,14.3519273571008,9.057,9.19,6241.85614464638,,,Lower middle income
Suriname,SUR,2000,3.046,59.401686545079,12.873,56.259,7535.45294158294,,,Upper middle income
Suriname,SUR,2001,3.057,38.5862878872611,12.047,51.773,7865.10262346231,,,Upper middle income
Suriname,SUR,2002,2.956,15.5273989185702,11.187,47.303,8045.7598267146,,,Upper middle income
Suriname,SUR,2003,2.839,23.0022321778219,10.336,42.972,8551.63742854977,,,Upper middle income
Suriname,SUR,2004,2.738,9.98632511974878,9.49,38.639,9388.81890796976,,,Upper middle income
Suriname,SUR,2005,2.712,9.89800489561465,9.302,37.46,10013.9196135296,,,Upper middle income
Suriname,SUR,2006,2.727,11.2813043273975,9.142,36.389,10802.5481845432,,,Upper middle income
Suriname,SUR,2007,2.735,6.42627934470524,9.017,35.443,11530.1565508683,,,Upper middle income
Suriname,SUR,2008,2.727,14.6671427437912,8.854,34.434,12097.3491165234,,,Upper middle income
Suriname,SUR,2009,2.712,-0.133636646714877,8.72,33.521,12392.9333583436,,,Upper middle income
Suriname,SUR,2010,2.688,6.94108221639996,7.15,25.901,13039.4491198099,,,Upper middle income
Suriname,SUR,2011,2.667,17.7117796414558,7.54,34.446,13926.2226223035,,,Upper middle income
Suriname,SUR,2012,2.669,5.00686319367273,8.1,30.894,15184.9254680409,,,Upper middle income
Suriname,SUR,2013,2.651,1.92343604108305,6.6,30.646,16172.6961959961,,,Upper middle income
Suriname,SUR,2014,2.62,3.38341272749477,6.94,30.109,16597.5853539637,,,Upper middle income
Suriname,SUR,2015,2.57,6.89390359168238,7.22,20.836,16543.5743051372,,,Upper middle income
Suriname,SUR,2016,2.5,55.4123879763196,7.917,37.195,14475.3069644921,,,Upper middle income
Suriname,SUR,2017,2.431,21.9969430173304,7.905,37.042,17567.6802396432,,,Upper middle income
Suriname,SUR,2018,2.381,,7.817,36.578,17855.4787141437,,,Upper middle income
Suriname,SUR,2019,2.347,,7.755,36.424,19771.5473885151,,,Upper middle income
Suriname,SUR,2020,2.314,34.889784309078,8.973,42.68,16946.8942361914,,,Upper middle income
Suriname,SUR,2021,2.295,59.1196626251977,8.706,40.034,18458.234999681,,,Upper middle income
Suriname,SUR,2022,2.274,52.446027276241,7.973,37.569,20078.836554595,,,Upper middle income
Suriname,SUR,2023,2.249,51.5873159600861,7.699,36.751,21110.1980204563,,,Upper middle income
Suriname,SUR,2024,2.231,16.2296159130279,7.621,36.619,21800.5265989822,,,Upper middle income
Slovak Republic,SVK,2000,1.3,12.0357805974299,18.546,33.501,11369.9916167703,4.8,,High income
Slovak Republic,SVK,2001,1.2,7.3296201911553,19.148,35.583,12367.3391520167,4.4,,High income
Slovak Republic,SVK,2002,1.19,3.12714222984608,18.541,35.569,13291.7864712556,4.7,,High income
Slovak Republic,SVK,2003,1.2,8.55414305406645,17.549,31.942,14088.2610150529,4.8,,High income
Slovak Republic,SVK,2004,1.25,7.54850088183423,18.206,31.281,15165.8836134619,5.2,,High income
Slovak Republic,SVK,2005,1.27,2.70908494588384,16.276,29.02,16570.2574196157,4.9,,High income
Slovak Republic,SVK,2006,1.25,4.48333120449611,13.395,27.156,18905.7195772335,4.8,,High income
Slovak Republic,SVK,2007,1.27,2.7567237163814,11.16,20.246,21232.2703380662,5.1,,High income
Slovak Republic,SVK,2008,1.34,4.59817976325028,9.514,19.801,23714.1353570991,5.3,,High income
Slovak Republic,SVK,2009,1.44,1.61510464058238,12.023,26.589,23077.3712084636,4.9,,High income
Slovak Republic,SVK,2010,1.43,0.957018132975143,14.387,32.101,25381.7112298749,4.7,89.89,High income
Slovak Republic,SVK,2011,1.45,3.9192859914629,13.634,33.867,26201.6502820886,4.7,90.08,High income
Slovak Republic,SVK,2012,1.34,3.6061026352289,13.966,32.544,27022.7747321382,4.8,90.19,High income
Slovak Republic,SVK,2013,1.34,1.40047368963025,14.226,31.604,28075.4326236719,4.7,90.61,High income
Slovak Republic,SVK,2014,1.37,-0.0761653295419871,11.536,27.36,29108.072180194,4.9,90.18,High income
Slovak Republic,SVK,2015,1.4,-0.325219777427673,11.492,27.612,30147.9903672541,5.3,89.11,High income
Slovak Republic,SVK,2016,1.48,-0.520010196278266,9.679,26.372,29867.9803390081,5.5,88.95,High income
Slovak Republic,SVK,2017,1.52,1.31194588223228,8.142,20.212,30245.7825869756,5.8,89.62,High income
Slovak Republic,SVK,2018,1.54,2.51403712883812,6.544,16.148,31509.8187291635,5.7,90.31,High income
Slovak Republic,SVK,2019,1.57,2.66456133425431,5.761,19.755,33985.6758419661,5.4,90.34,High income
Slovak Republic,SVK,2020,1.59,1.93694126694223,6.719,21.314,35327.9439165588,4.4,91.44,High income
Slovak Republic,SVK,2021,1.63,3.14960629921268,6.894,22.716,38346.0935768177,4.8,92.36,High income
Slovak Republic,SVK,2022,1.57,12.7741463637611,6.143,21.794,41562.1497793913,5.4,92.51,High income
Slovak Republic,SVK,2023,1.49,10.5319476645211,5.843,16.167,45973.9406902991,,93.03,High income
Slovak Republic,SVK,2024,1.46,2.75760909424272,5.3,18.694,48132.356430543,,93.45,High income
Slovenia,SVN,2000,1.26,8.91174418658769,6.918,18.403,17891.5856596003,3.6,,High income
Slovenia,SVN,2001,1.21,8.37966587492204,5.682,16.68,18763.4715912597,3.5,,High income
Slovenia,SVN,2002,1.21,7.48077770703754,5.922,16.648,20004.2990959715,3.5,,High income
Slovenia,SVN,2003,1.2,5.54416421752901,6.479,18.452,20915.5593835145,3.4,,High income
Slovenia,SVN,2004,1.25,3.59297594249509,6.012,17.756,22587.7819716494,3.3,,High income
Slovenia,SVN,2005,1.26,2.45150132316475,6.506,17.761,23682.3710849153,2.9,,High income
Slovenia,SVN,2006,1.31,2.45792444195865,5.95,16.742,25571.066947369,3.2,,High income
Slovenia,SVN,2007,1.38,3.65749563284099,4.818,11.169,27468.038850682,3.2,,High income
Slovenia,SVN,2008,1.53,5.64742380573935,4.371,11.271,29460.9414243515,3.3,,High income
Slovenia,SVN,2009,1.53,0.839262246793887,5.858,13.36,27228.6387025436,3.2,,High income
Slovenia,SVN,2010,1.57,1.80117022137134,7.236,13.824,27579.428605763,3.2,76.78,High income
Slovenia,SVN,2011,1.56,1.8028517194191,8.166,16.74,28715.6339954963,3.2,75.91,High income
Slovenia,SVN,2012,1.58,2.59741386039003,8.841,20.969,28786.7105517686,3.4,74.41,High income
Slovenia,SVN,2013,1.55,1.76920085881907,10.103,23.632,29634.0657611471,3.0,75.26,High income
Slovenia,SVN,2014,1.58,0.19934382657075,9.668,21.275,30571.9753019832,3.2,75.63,High income
Slovenia,SVN,2015,1.57,-0.525552285820877,8.962,14.566,31336.2043858881,3.1,75.05,High income
Slovenia,SVN,2016,1.58,-0.054999541670474,8.0,14.744,33575.1775435757,3.2,73.78,High income
Slovenia,SVN,2017,1.62,1.42910743319306,6.564,12.951,36180.0384547624,3.1,74.53,High income
Slovenia,SVN,2018,1.6,1.7386086198818,5.108,9.541,38620.2045436305,3.5,74.44,High income
Slovenia,SVN,2019,1.61,1.63052260754344,4.446,9.149,42373.2506369279,3.2,74.27,High income
Slovenia,SVN,2020,1.59,-0.05485681576061,4.971,16.097,41767.2579899957,2.5,73.97,High income
Slovenia,SVN,2021,1.64,1.91706506089259,4.744,14.427,45914.0572392406,2.8,76.0,High income
Slovenia,SVN,2022,1.55,8.83369886749452,4.011,12.015,52347.109726538,3.2,75.2,High income
Slovenia,SVN,2023,1.51,7.44687717385838,3.652,8.769,56064.0974596742,,75.26,High income
Slovenia,SVN,2024,1.52,1.96562656432512,3.7,10.859,57186.3713538174,,73.9,High income
Sweden,SWE,2000,1.54,0.899143734041715,5.466,7.942,29636.237888475,4.5,,High income
Sweden,SWE,2001,1.57,2.40595834145436,4.73,10.598,29946.0301894984,4.0,,High income
Sweden,SWE,2002,1.65,2.15848213589266,4.965,12.42,30987.2674908129,4.3,,High income
Sweden,SWE,2003,1.71,1.92565534892383,5.555,13.12,31787.5295342593,4.4,,High income
Sweden,SWE,2004,1.75,0.373659828721824,6.693,17.174,33804.8571053135,4.8,,High income
Sweden,SWE,2005,1.77,0.453170852576138,7.81,22.433,34198.3864576781,4.9,,High income
Sweden,SWE,2006,1.85,1.36021468627693,7.066,22.049,37671.6747821444,5.0,,High income
Sweden,SWE,2007,1.88,2.21216883436733,6.161,19.789,40812.8056059315,,,High income
Sweden,SWE,2008,1.91,3.43704910602875,6.235,20.738,41906.6990173542,5.5,,High income
Sweden,SWE,2009,1.94,-0.494460544378051,8.351,23.763,40094.0288624173,5.1,,High income
Sweden,SWE,2010,1.98,1.15798802715626,8.61,23.654,41951.4533673936,5.3,63.02,High income
Sweden,SWE,2011,1.9,2.9611507382214,7.804,22.263,44332.5217389078,5.0,62.34,High income
Sweden,SWE,2012,1.91,0.888377506923735,7.976,22.198,45206.9864434727,5.3,63.24,High income
Sweden,SWE,2013,1.89,-0.044292970148682,8.052,22.271,46098.2321368832,5.4,62.14,High income
Sweden,SWE,2014,1.88,-0.179638494114635,7.954,21.43,46841.4019746739,5.5,62.06,High income
Sweden,SWE,2015,1.85,-0.0467847449832812,7.432,19.535,48772.0696057277,5.3,59.49,High income
Sweden,SWE,2016,1.85,0.984269244577992,6.99,17.247,50289.7687144136,5.4,59.14,High income
Sweden,SWE,2017,1.78,1.79449904665599,6.718,16.941,51474.1199115161,5.2,58.65,High income
Sweden,SWE,2018,1.76,1.95353530127028,6.365,16.243,53122.438677218,5.0,57.73,High income
Sweden,SWE,2019,1.71,1.78415097403835,6.833,19.652,57046.4463076951,4.7,57.98,High income
Sweden,SWE,2020,1.67,0.497367318853572,8.291,22.731,57489.2657196219,3.6,58.43,High income
Sweden,SWE,2021,1.67,2.16319736447143,8.803,24.012,62731.700616293,3.7,58.21,High income
Sweden,SWE,2022,1.53,8.36929098869189,7.417,23.34,67075.6762724717,4.6,58.27,High income
Sweden,SWE,2023,1.45,8.5486248974891,7.611,21.497,69226.3272756663,,58.28,High income
Sweden,SWE,2024,1.43,2.83581658224034,8.4,23.451,71844.9129880579,,58.19,High income
Eswatini,SWZ,2000,4.03,12.2085358545844,24.547,53.084,4400.66419449933,,,Lower middle income
Eswatini,SWZ,2001,3.944,5.94210982281648,25.24,54.409,4521.4032108244,,,Lower middle income
Eswatini,SWZ,2002,3.854,12.0197154699232,25.771,55.405,4741.61187847577,,,Lower middle income
Eswatini,SWZ,2003,3.796,7.28999999999999,26.259,56.297,5020.28286278551,,,Lower middle income
Eswatini,SWZ,2004,3.76,3.44533507316614,26.716,57.115,5309.60507878112,,,Lower middle income
Eswatini,SWZ,2005,3.704,4.77400404553712,27.221,58.029,5772.68986514959,,,Lower middle income
Eswatini,SWZ,2006,3.632,5.30463946338728,27.693,58.9,6319.41444308281,,,Lower middle income
Eswatini,SWZ,2007,3.58,8.07608827861589,28.24,60.08,6731.95411367419,,,Lower middle income
Eswatini,SWZ,2008,3.567,12.6574601863915,27.891,59.458,6913.68732720184,,,Lower middle income
Eswatini,SWZ,2009,3.504,7.44823423445754,27.488,58.775,7010.9331263514,,,Lower middle income
Eswatini,SWZ,2010,3.375,4.50923691774369,26.856,57.627,7324.46393085837,,,Lower middle income
Eswatini,SWZ,2011,3.317,6.10742714590251,26.105,56.21,7570.9966142438,,,Lower middle income
Eswatini,SWZ,2012,3.266,8.93964682788212,25.226,54.523,7760.32280456285,,,Lower middle income
Eswatini,SWZ,2013,3.237,5.62130623468948,24.556,53.174,8231.15139767951,,,Lower middle income
Eswatini,SWZ,2014,3.181,5.68134885776447,23.931,51.889,8365.743287389,,,Lower middle income
Eswatini,SWZ,2015,3.122,4.95124493704919,23.431,50.801,8391.07006084602,,,Lower middle income
Eswatini,SWZ,2016,3.068,7.8472745908568,22.718,49.277,8484.12117278345,,,Lower middle income
Eswatini,SWZ,2017,3.018,6.22137528933118,24.543,50.646,8584.31100767837,,,Lower middle income
Eswatini,SWZ,2018,2.971,4.81506167461513,26.471,52.178,8535.25593160454,,,Lower middle income
Eswatini,SWZ,2019,2.925,2.59801620311077,28.222,53.405,9248.32206714455,,,Lower middle income
Eswatini,SWZ,2020,2.888,,32.978,61.651,9329.30453360939,,,Lower middle income
Eswatini,SWZ,2021,2.841,,34.153,59.082,9990.43491951205,,,Lower middle income
Eswatini,SWZ,2022,2.801,,36.472,61.734,10635.3924156113,,,Lower middle income
Eswatini,SWZ,2023,2.753,,34.61,58.19,11299.8831236788,,,Lower middle income
Eswatini,SWZ,2024,2.718,,34.643,58.244,11799.2028793201,,,Lower middle income
Sint Maarten (Dutch part),SXM,2000,1.982,,,,,,,High income
Sint Maarten (Dutch part),SXM,2001,1.892,,,,,,,High income
Sint Maarten (Dutch part),SXM,2002,1.809,,,,,,,High income
Sint Maarten (Dutch part),SXM,2003,1.742,,,,,,,High income
Sint Maarten (Dutch part),SXM,2004,1.702,,,,,,,High income
Sint Maarten (Dutch part),SXM,2005,1.708,,,,,,,High income
Sint Maarten (Dutch part),SXM,2006,1.758,0.300601202404805,,,,,,High income
Sint Maarten (Dutch part),SXM,2007,1.572,4.43245754245754,,,,,,High income
Sint Maarten (Dutch part),SXM,2008,1.728,-0.417929020080758,,,,,,High income
Sint Maarten (Dutch part),SXM,2009,1.713,5.95763688760801,,,36454.0882416339,,,High income
Sint Maarten (Dutch part),SXM,2010,1.848,1.33857621672882,,,37736.4056799196,,,High income
Sint Maarten (Dutch part),SXM,2011,1.99,4.58475435650401,,,39730.5467349267,,,High income
Sint Maarten (Dutch part),SXM,2012,1.959,4.01518421081576,,,35520.5138693527,,,High income
Sint Maarten (Dutch part),SXM,2013,1.894,2.5286478853837,,,36178.1870158544,,,High income
Sint Maarten (Dutch part),SXM,2014,1.817,1.88675466275266,,,43514.2365385271,,,High income
Sint Maarten (Dutch part),SXM,2015,1.732,0.330027165141066,,,44587.5911500766,,,High income
Sint Maarten (Dutch part),SXM,2016,1.642,0.111682655737579,,,44845.106868735,,,High income
Sint Maarten (Dutch part),SXM,2017,1.571,2.19201010962985,,,44479.2967076826,,,High income
Sint Maarten (Dutch part),SXM,2018,1.522,,,,41653.2008964784,,,High income
Sint Maarten (Dutch part),SXM,2019,1.481,,,,45715.6970519376,,,High income
Sint Maarten (Dutch part),SXM,2020,1.467,,,,38901.4867603712,,,High income
Sint Maarten (Dutch part),SXM,2021,1.456,,,,40507.0672411717,,,High income
Sint Maarten (Dutch part),SXM,2022,1.453,,,,48760.6820580997,,,High income
Sint Maarten (Dutch part),SXM,2023,1.447,,,,51686.6520818084,,,High income
Sint Maarten (Dutch part),SXM,2024,1.44,,,,53768.6573945662,,,High income
Seychelles,SYC,2000,2.08,6.26876876876878,,,14637.9590709133,,,High income
Seychelles,SYC,2001,1.98,5.96962204168156,,,14614.8329926864,,,High income
Seychelles,SYC,2002,2.04,0.174999999999924,,,14569.6256457696,,,High income
Seychelles,SYC,2003,2.06,3.30255386407089,,,14141.7230046746,,,High income
Seychelles,SYC,2004,2.01,3.85730391367399,,,14160.4071686004,,,High income
Seychelles,SYC,2005,2.2,0.907187718073944,,,15846.0514029555,,,High income
Seychelles,SYC,2006,2.11,-0.353465498693756,,,17503.1964981748,,,High income
Seychelles,SYC,2007,2.24,5.32060027285142,,,19473.4206754148,,,High income
Seychelles,SYC,2008,2.33,36.9647582875289,,,18880.5748562445,,,High income
Seychelles,SYC,2009,2.38,31.7544407744178,,,18453.4410730348,,,High income
Seychelles,SYC,2010,2.13,-2.40463875108227,,,18981.6586503443,,,High income
Seychelles,SYC,2011,2.3,2.55926772230953,,,21780.7075576057,,,High income
Seychelles,SYC,2012,2.32,7.11037062326403,,,22263.822159947,,,High income
Seychelles,SYC,2013,2.21,4.33893848329099,,,22487.2497747,,,High income
Seychelles,SYC,2014,2.19,1.38583454581263,,,24984.526915426,,,High income
Seychelles,SYC,2015,2.26,4.04194410725617,,,25435.2289894362,,,High income
Seychelles,SYC,2016,2.33,-1.01548191697626,,,28811.3970334958,,,High income
Seychelles,SYC,2017,2.34,2.85679575568437,,,30674.6487335442,,,High income
Seychelles,SYC,2018,2.34,3.70291839111568,,,32091.2988657346,,,High income
Seychelles,SYC,2019,2.31,1.80709400809982,,,34219.061370118,,,High income
Seychelles,SYC,2020,2.2,1.20266463987123,,,31055.9442055039,,,High income
Seychelles,SYC,2021,2.38,9.76909936973542,,,29979.8272686091,,,High income
Seychelles,SYC,2022,2.2,2.6260363285129,,,29972.8758315937,,,High income
Seychelles,SYC,2023,2.18,-1.03530088431952,,,31780.7838341965,,,High income
Seychelles,SYC,2024,1.85,0.311726050919668,,,33238.5800343754,,,High income
Syrian Arab Republic,SYR,2000,4.068,-3.84615384615379,9.587,31.829,,,,Low income
Syrian Arab Republic,SYR,2001,3.976,2.99999999999995,11.63,40.137,,,,Low income
Syrian Arab Republic,SYR,2002,3.865,-0.130505282417402,10.94,36.26,,,,Low income
Syrian Arab Republic,SYR,2003,3.763,5.79682944905841,10.28,32.51,,,,Low income
Syrian Arab Republic,SYR,2004,3.679,4.43314136719839,9.513,35.117,,,,Low income
Syrian Arab Republic,SYR,2005,3.605,7.24034939348535,8.81,38.095,,,,Low income
Syrian Arab Republic,SYR,2006,3.562,10.0241105377571,8.17,41.538,,,,Low income
Syrian Arab Republic,SYR,2007,3.538,3.90770950443607,8.42,47.682,,,,Low income
Syrian Arab Republic,SYR,2008,3.481,15.7453252219709,10.94,47.632,,,,Low income
Syrian Arab Republic,SYR,2009,3.415,2.92089711805367,8.14,41.788,,,,Low income
Syrian Arab Republic,SYR,2010,3.355,4.3974138315007,8.61,43.005,,,,Low income
Syrian Arab Republic,SYR,2011,3.285,4.7531638888563,8.626,42.91,,,,Low income
Syrian Arab Republic,SYR,2012,3.221,36.7022953364139,13.8,50.688,,,,Low income
Syrian Arab Republic,SYR,2013,3.165,40.0318378290723,14.5,52.251,,,,Low income
Syrian Arab Republic,SYR,2014,3.117,10.9271141804297,14.782,52.654,,,,Low income
Syrian Arab Republic,SYR,2015,3.067,38.4611429599733,14.244,51.326,,,,Low income
Syrian Arab Republic,SYR,2016,3.012,47.7051615298923,13.798,50.078,,,,Low income
Syrian Arab Republic,SYR,2017,2.972,18.0752696281771,13.603,49.325,3265.07029374996,,,Low income
Syrian Arab Republic,SYR,2018,2.932,0.940983843906769,13.505,48.92,3455.89227013449,,,Low income
Syrian Arab Republic,SYR,2019,2.878,13.4175653228571,13.369,48.731,3502.17511543737,,,Low income
Syrian Arab Republic,SYR,2020,2.837,,15.179,54.525,3737.65751831376,,,Low income
Syrian Arab Republic,SYR,2021,2.798,,14.887,51.341,4592.83860100874,,,Low income
Syrian Arab Republic,SYR,2022,2.746,,13.245,49.12,4772.4616766716,,,Low income
Syrian Arab Republic,SYR,2023,2.712,,13.27,49.533,,,,Low income
Syrian Arab Republic,SYR,2024,2.7,,13.359,50.178,,,,Low income
Turks and Caicos Islands,TCA,2000,2.406,,,,,,,High income
Turks and Caicos Islands,TCA,2001,2.342,,,,,,,High income
Turks and Caicos Islands,TCA,2002,2.242,,,,,,,High income
Turks and Caicos Islands,TCA,2003,2.176,,,,,,,High income
Turks and Caicos Islands,TCA,2004,2.136,,,,,,,High income
Turks and Caicos Islands,TCA,2005,2.106,,,,,,,High income
Turks and Caicos Islands,TCA,2006,2.078,,,,,,,High income
Turks and Caicos Islands,TCA,2007,2.049,,,,32002.5459345285,,,High income
Turks and Caicos Islands,TCA,2008,2.005,,,,33827.5100141307,,,High income
Turks and Caicos Islands,TCA,2009,1.959,,,,26269.9773569727,,,High income
Turks and Caicos Islands,TCA,2010,1.907,,,,25811.8877130918,,,High income
Turks and Caicos Islands,TCA,2011,1.859,,,,26572.5269470054,,,High income
Turks and Caicos Islands,TCA,2012,1.805,,,,23610.474221961,,,High income
Turks and Caicos Islands,TCA,2013,1.752,,,,23931.6892982133,,,High income
Turks and Caicos Islands,TCA,2014,1.729,,,,25546.2927320872,,,High income
Turks and Caicos Islands,TCA,2015,1.718,,,,27484.6414432499,,,High income
Turks and Caicos Islands,TCA,2016,1.713,,,,29780.5785774422,,,High income
Turks and Caicos Islands,TCA,2017,1.704,,,,30097.3550560987,,,High income
Turks and Caicos Islands,TCA,2018,1.677,,,,31151.4748574464,,,High income
Turks and Caicos Islands,TCA,2019,1.617,,,,31173.3797811743,,,High income
Turks and Caicos Islands,TCA,2020,1.552,,,,19530.0254075613,,,High income
Turks and Caicos Islands,TCA,2021,1.501,,,,25056.4880515569,,,High income
Turks and Caicos Islands,TCA,2022,1.477,,,,30220.8240138134,,,High income
Turks and Caicos Islands,TCA,2023,1.463,,,,35336.7403511449,,,High income
Turks and Caicos Islands,TCA,2024,1.452,,,,37954.3876543471,,,High income
Chad,TCD,2000,7.249,3.82260088086306,0.796,0.385,1043.54539995059,,,Low income
Chad,TCD,2001,7.231,12.4312865279941,0.792,0.399,1151.92026849056,,,Low income
Chad,TCD,2002,7.201,5.19181895195446,0.769,0.41,1225.70701162711,,,Low income
Chad,TCD,2003,7.179,-1.75256941248655,0.725,0.416,1377.74659566702,,,Low income
Chad,TCD,2004,7.16,-5.35540028884816,0.672,0.413,1808.21202176525,,,Low income
Chad,TCD,2005,7.134,7.89036567462993,0.663,0.419,2101.69135982144,,,Low income
Chad,TCD,2006,7.118,8.03628897951331,0.716,0.45,2078.60167039399,,,Low income
Chad,TCD,2007,7.092,-8.9747396200927,0.839,0.49,2149.25986052772,,,Low income
Chad,TCD,2008,7.063,10.2969758221254,0.922,0.517,2180.51680433217,,,Low income
Chad,TCD,2009,7.021,9.95242290748864,0.943,0.534,2087.14718677867,,,Low income
Chad,TCD,2010,6.99,-2.07786574641866,0.911,0.543,2319.68883187561,,,Low income
Chad,TCD,2011,6.948,2.0292405367826,0.92,0.558,2388.16512149441,,,Low income
Chad,TCD,2012,6.905,7.51662364663833,0.886,0.565,2435.1240819184,,,Low income
Chad,TCD,2013,6.839,0.222671564624551,0.955,0.59,2110.24705136988,,,Low income
Chad,TCD,2014,6.781,1.6819731392567,0.984,0.609,2133.18441198787,,,Low income
Chad,TCD,2015,6.706,4.37712665065654,1.032,0.63,2377.51137185751,,,Low income
Chad,TCD,2016,6.623,-0.792440525236102,1.091,0.652,2120.08751553857,,,Low income
Chad,TCD,2017,6.537,-1.5370996298084,1.132,0.671,2097.14425483604,,,Low income
Chad,TCD,2018,6.464,4.27462198610545,1.135,0.685,2227.81335372611,,,Low income
Chad,TCD,2019,6.412,-0.971939175419401,1.077,0.677,2351.65339767739,,,Low income
Chad,TCD,2020,6.346,4.46414437232861,1.695,0.952,2185.99034173537,,,Low income
Chad,TCD,2021,6.255,-0.77284437035914,1.53,0.891,2435.07274651099,,,Low income
Chad,TCD,2022,6.215,5.78802687843616,1.081,0.65,2624.11789713994,,,Low income
Chad,TCD,2023,6.12,10.8363568399843,1.059,0.646,2700.36055335878,,,Low income
Chad,TCD,2024,6.028,8.89950732263754,1.053,0.643,2742.65952183613,,,Low income
Togo,TGO,2000,5.1652,1.86260595463067,4.162,7.917,1314.73739642693,,,Low income
Togo,TGO,2001,5.12801,3.91959133653146,4.108,7.874,1320.13616908956,,,Low income
Togo,TGO,2002,5.09187,3.05981857535884,4.087,7.867,1357.0098170239,,,Low income
Togo,TGO,2003,5.047961,-0.930000884072214,3.957,7.735,1439.85178331415,,,Low income
Togo,TGO,2004,4.994707,0.393078681031669,3.992,7.79,1427.00228439547,,,Low income
Togo,TGO,2005,5.037823,6.78292893028314,4.149,7.982,1367.51066289847,,,Low income
Togo,TGO,2006,5.076201,2.22897779414027,4.229,8.088,1407.06825596295,,,Low income
Togo,TGO,2007,5.102,0.945673271705214,3.822,6.997,1387.20061733991,,,Low income
Togo,TGO,2008,5.100197,8.69482814363902,3.279,5.769,1429.30636492931,,,Low income
Togo,TGO,2009,5.104276,3.71360592035809,2.847,4.662,1474.18338993482,,,Low income
Togo,TGO,2010,5.087324,1.44594517430864,2.379,3.534,1537.05369658593,,,Low income
Togo,TGO,2011,4.984234,3.5635147290396,1.982,2.483,1615.98146436985,,,Low income
Togo,TGO,2012,4.853789,2.57718174055848,2.029,2.98,1645.31290397424,,,Low income
Togo,TGO,2013,4.753612,1.82539475909162,2.084,3.498,1715.36073848665,,,Low income
Togo,TGO,2014,4.701602,0.19087507624975,2.141,4.035,1803.14811022135,,,Low income
Togo,TGO,2015,4.661566,2.58500390801595,2.204,4.601,1879.66835517243,,,Low income
Togo,TGO,2016,4.633942,1.28544847051417,2.968,5.793,1932.92614273869,,,Low income
Togo,TGO,2017,4.576231,-0.981889868943119,3.744,7.032,1985.52622129406,,,Low income
Togo,TGO,2018,4.513072,0.927755426457183,2.9,4.913,2067.0664295966,,,Low income
Togo,TGO,2019,4.450408,0.674652770077525,2.036,2.705,2214.69915550677,,,Low income
Togo,TGO,2020,4.386312,1.69928463299399,2.231,3.607,2384.06645451827,,,Low income
Togo,TGO,2021,4.323871,4.1862150652352,2.344,3.824,2638.81095267963,,,Low income
Togo,TGO,2022,4.253183,7.96757361617945,1.965,3.586,2935.01367320787,,,Low income
Togo,TGO,2023,4.192401,5.48928568141131,1.942,3.559,3154.43329348299,,,Low income
Togo,TGO,2024,4.121673,2.86262074089801,1.948,3.563,3365.45809007306,,,Low income
Thailand,THA,2000,1.734,1.59196917460972,2.389,6.224,7289.10499432356,,,Upper middle income
Thailand,THA,2001,1.711,1.62690887314091,2.6,7.503,7632.01609417121,,,Upper middle income
Thailand,THA,2002,1.688,0.697308976625449,1.82,5.342,8148.43702909083,,,Upper middle income
Thailand,THA,2003,1.673,1.80434994635721,1.54,5.327,8824.06945008499,,,Upper middle income
Thailand,THA,2004,1.665,2.7591492623108,1.51,4.419,9545.33813809417,,,Upper middle income
Thailand,THA,2005,1.644,4.54036919634535,1.35,4.576,10169.0453611636,,,Upper middle income
Thailand,THA,2006,1.631,4.63747436011765,1.22,5.29,10912.4427926329,,,Upper middle income
Thailand,THA,2007,1.616,2.24154095286803,1.18,4.352,11723.0995588653,,,Upper middle income
Thailand,THA,2008,1.587,5.46848949649845,1.18,4.728,12062.1598751814,,,Upper middle income
Thailand,THA,2009,1.565,-0.845716092316721,1.49,6.378,11964.0529467715,,,Upper middle income
Thailand,THA,2010,1.562,3.24758842443723,0.622,3.158,12932.2633444457,,,Upper middle income
Thailand,THA,2011,1.571,3.80879058139634,0.66,3.894,13227.454108915,,,Upper middle income
Thailand,THA,2012,1.563,3.01489950334985,0.58,3.193,14616.6497925392,,,Upper middle income
Thailand,THA,2013,1.526,2.18488618530687,0.249,1.519,15215.9492506383,,,Upper middle income
Thailand,THA,2014,1.484,1.8951418189878,0.576,3.878,15365.3175402829,,,Upper middle income
Thailand,THA,2015,1.451,-0.900424963291569,0.597,3.903,15791.1714762207,,,Upper middle income
Thailand,THA,2016,1.4,0.188149704448143,0.688,4.725,16671.2506902144,,,Upper middle income
Thailand,THA,2017,1.363,0.665631893135106,0.83,5.473,17573.339815536,,,Upper middle income
Thailand,THA,2018,1.323,1.06389754183024,0.765,4.608,18876.2208766741,,,Upper middle income
Thailand,THA,2019,1.285,0.706728601314311,0.716,5.405,19963.3918407099,,,Upper middle income
Thailand,THA,2020,1.259,-0.845937147357041,1.099,5.999,19163.7415152349,,,Upper middle income
Thailand,THA,2021,1.234,1.23039541318384,1.215,7.467,20242.7700035656,,,Upper middle income
Thailand,THA,2022,1.221,-1.61068030486688,0.94,7.228,22243.0747727026,,,Upper middle income
Thailand,THA,2023,1.212,8.47805174421543,0.733,6.219,23519.2120979823,,,Upper middle income
Thailand,THA,2024,1.204,1.36580540798037,0.781,6.066,24712.0658575135,,,Upper middle income
Tajikistan,TJK,2000,3.49,,4.15,5.708,1036.12988868059,,,Lower middle income
Tajikistan,TJK,2001,3.49,38.59188944886,3.75,4.751,1138.74372892552,,,Lower middle income
Tajikistan,TJK,2002,3.47,12.2499847845885,3.95,4.577,1256.95258174881,,,Lower middle income
Tajikistan,TJK,2003,3.42,16.3034912049491,3.85,4.041,1395.64684232567,,,Lower middle income
Tajikistan,TJK,2004,3.507,7.14196508692253,3.45,3.593,1550.072020439,,,Lower middle income
Tajikistan,TJK,2005,3.398,7.09193244083773,3.45,3.553,1672.73374996313,,,Lower middle income
Tajikistan,TJK,2006,3.341,10.0108651886461,3.65,3.708,1810.29125697328,,,Lower middle income
Tajikistan,TJK,2007,3.367,13.1491247062982,2.874,2.875,1966.22189890915,,,Lower middle income
Tajikistan,TJK,2008,3.388,20.4705219109964,4.942,3.667,2120.01845704928,,,Lower middle income
Tajikistan,TJK,2009,3.43,6.44823481066697,7.028,4.43,2171.36091638488,,,Lower middle income
Tajikistan,TJK,2010,3.457,6.44531440780658,7.037,4.345,2291.07823631732,,,Lower middle income
Tajikistan,TJK,2011,3.456,12.4315490430406,7.04,4.258,2455.97278263399,,,Lower middle income
Tajikistan,TJK,2012,3.421,5.83116601031462,7.022,4.163,2679.0692960897,,,Lower middle income
Tajikistan,TJK,2013,3.433,5.00964645344951,7.019,4.07,2918.56048007357,,,Lower middle income
Tajikistan,TJK,2014,3.459,6.10442765129667,7.024,3.983,3151.72452793203,,,Lower middle income
Tajikistan,TJK,2015,3.459,5.7145594964971,7.033,3.897,2975.47097476092,,,Lower middle income
Tajikistan,TJK,2016,3.384,6.00458082322139,7.036,3.813,2913.85679547445,,,Lower middle income
Tajikistan,TJK,2017,3.29,,7.035,3.792,3017.00314887354,,,Lower middle income
Tajikistan,TJK,2018,3.294,,7.028,3.773,3069.10385079592,,,Lower middle income
Tajikistan,TJK,2019,3.281,,7.026,3.76,3459.97365083434,,,Lower middle income
Tajikistan,TJK,2020,3.211,,7.576,4.455,3653.95976759112,,,Lower middle income
Tajikistan,TJK,2021,3.17,,7.687,4.222,3985.91247611219,,,Lower middle income
Tajikistan,TJK,2022,3.127,,7.051,3.823,4514.17512398164,,,Lower middle income
Tajikistan,TJK,2023,3.072,,7.037,3.819,4963.58295264504,,,Lower middle income
Tajikistan,TJK,2024,3.036,,7.041,3.818,5405.98011619139,,,Lower middle income
Turkmenistan,TKM,2000,2.9,,11.73,12.412,4208.66515457033,,,Upper middle income
Turkmenistan,TKM,2001,2.814,,10.898,11.804,4401.30380449396,,,Upper middle income
Turkmenistan,TKM,2002,2.71,,10.141,11.083,4392.82381539457,,,Upper middle income
Turkmenistan,TKM,2003,2.667,,9.289,10.388,4536.19781505202,,,Upper middle income
Turkmenistan,TKM,2004,2.674,,8.419,9.288,4798.15317447398,,,Upper middle income
Turkmenistan,TKM,2005,2.706,,7.495,8.011,5489.34542179295,,,Upper middle income
Turkmenistan,TKM,2006,2.724,,6.601,7.171,6163.85018154343,,,Upper middle income
Turkmenistan,TKM,2007,2.734,,5.719,6.027,6901.0175688569,,,Upper middle income
Turkmenistan,TKM,2008,2.75,,4.852,5.382,7915.54792420973,,,Upper middle income
Turkmenistan,TKM,2009,2.794,,4.0,4.675,8285.01893015361,,,Upper middle income
Turkmenistan,TKM,2010,2.848,,4.0,5.041,8971.61628736812,,,Upper middle income
Turkmenistan,TKM,2011,2.9,,4.003,5.101,10282.7266190528,,,Upper middle income
Turkmenistan,TKM,2012,2.955,,3.994,5.187,11035.451277853,,,Upper middle income
Turkmenistan,TKM,2013,3.007,,3.993,5.33,11722.8086272577,,,Upper middle income
Turkmenistan,TKM,2014,3.023,,4.005,5.304,12476.5344358387,,,Upper middle income
Turkmenistan,TKM,2015,3.033,,4.016,5.301,12714.8137240363,,,Upper middle income
Turkmenistan,TKM,2016,2.99,,4.026,5.289,12919.371222426,,,Upper middle income
Turkmenistan,TKM,2017,2.934,,4.035,5.259,13278.4030353381,,,Upper middle income
Turkmenistan,TKM,2018,2.875,,4.036,5.176,14368.4621432532,,,Upper middle income
Turkmenistan,TKM,2019,2.834,,4.035,5.048,15477.7237643978,,,Upper middle income
Turkmenistan,TKM,2020,2.793,,4.489,6.162,15090.9394971778,,,Upper middle income
Turkmenistan,TKM,2021,2.754,,4.458,6.329,16434.1399060353,,,Upper middle income
Turkmenistan,TKM,2022,2.728,,4.017,5.617,18340.1112805299,,,Upper middle income
Turkmenistan,TKM,2023,2.69,,4.007,5.409,19828.9248461199,,,Upper middle income
Turkmenistan,TKM,2024,2.661,,4.02,5.475,21213.0862501953,,,Upper middle income
Timor-Leste,TLS,2000,5.934,,3.529,14.617,1483.17006741499,,,Lower middle income
Timor-Leste,TLS,2001,5.918,,3.386,14.136,1618.59278862518,,,Lower middle income
Timor-Leste,TLS,2002,5.899,,3.371,13.611,1416.88558318293,,,Lower middle income
Timor-Leste,TLS,2003,5.846,7.16515891441839,3.54,13.848,1355.18642736145,,,Lower middle income
Timor-Leste,TLS,2004,5.741,3.23751394003321,3.668,14.067,1378.85404331124,,,Lower middle income
Timor-Leste,TLS,2005,5.611,1.11167400387198,3.611,13.795,1434.82207202052,,,Lower middle income
Timor-Leste,TLS,2006,5.474,3.93616259929866,3.634,13.637,1377.11354073037,,,Lower middle income
Timor-Leste,TLS,2007,5.333,10.3009020174895,3.523,13.352,1515.70892647364,,,Lower middle income
Timor-Leste,TLS,2008,5.171,9.06423621948942,3.434,13.141,1675.04570455243,,,Lower middle income
Timor-Leste,TLS,2009,4.994,0.669681185965433,3.289,12.737,1810.18601908925,,,Lower middle income
Timor-Leste,TLS,2010,4.816,6.76597680236481,3.301,12.832,1955.32940794731,,,Lower middle income
Timor-Leste,TLS,2011,4.614,13.499840238577,3.385,11.971,2065.9605552203,,,Lower middle income
Timor-Leste,TLS,2012,4.404,11.8003096701544,3.47,11.016,2386.13598109278,,,Lower middle income
Timor-Leste,TLS,2013,4.208,11.0849085109954,3.57,9.942,2566.03074458421,,,Lower middle income
Timor-Leste,TLS,2014,3.999,0.726275016139465,3.618,8.647,2859.86058251703,,,Lower middle income
Timor-Leste,TLS,2015,3.779,0.552796026277853,3.678,7.214,3107.57184587966,,,Lower middle income
Timor-Leste,TLS,2016,3.582,-1.33853876185163,4.657,15.879,3390.76224054133,,,Lower middle income
Timor-Leste,TLS,2017,3.399,0.557215537430361,4.254,14.153,3463.11739023437,,,Lower middle income
Timor-Leste,TLS,2018,3.244,2.63647201015892,3.765,12.272,3561.2877375981,,,Lower middle income
Timor-Leste,TLS,2019,3.116,0.958812739703141,3.148,10.361,4556.61425715784,,,Lower middle income
Timor-Leste,TLS,2020,3.011,0.495499215459571,2.808,9.314,6132.08299806495,,,Lower middle income
Timor-Leste,TLS,2021,2.892,3.69792094666786,2.344,6.967,6825.04588630745,,,Lower middle income
Timor-Leste,TLS,2022,2.801,7.00530945399787,1.537,3.227,5729.81171382517,,,Lower middle income
Timor-Leste,TLS,2023,2.707,8.42035103310377,1.525,3.221,4806.82181559299,,,Lower middle income
Timor-Leste,TLS,2024,2.627,2.06284153005468,1.523,3.236,4422.77882172399,,,Lower middle income
Tonga,TON,2000,4.159,6.32763551411155,3.966,18.645,3833.92767581697,,,Upper middle income
Tonga,TON,2001,4.127,8.2902831885033,4.368,20.656,3955.22854483513,,,Upper middle income
Tonga,TON,2002,4.138,10.3590607918507,4.683,22.434,4170.93724886821,,,Upper middle income
Tonga,TON,2003,4.175,11.6386219580735,5.18,24.897,4231.45362875342,,,Upper middle income
Tonga,TON,2004,4.186,10.9734053679554,3.878,18.691,4235.12041303239,,,Upper middle income
Tonga,TON,2005,4.195,8.66569221131751,2.542,12.216,4314.54719822881,,,Upper middle income
Tonga,TON,2006,4.141,6.14911606456575,1.09,5.241,4327.44661888542,,,Upper middle income
Tonga,TON,2007,4.086,5.84224874901387,1.21,5.849,4315.94450579455,,,Upper middle income
Tonga,TON,2008,4.012,10.4469875128222,1.279,6.303,4600.34882862684,,,Upper middle income
Tonga,TON,2009,3.946,1.42685972070534,1.419,7.001,4383.81130248019,,,Upper middle income
Tonga,TON,2010,3.879,3.53491239189831,1.501,7.492,4465.46050009263,,,Upper middle income
Tonga,TON,2011,3.829,6.27075302995691,1.594,8.022,4855.42923652355,,,Upper middle income
Tonga,TON,2012,3.768,1.14753853706055,1.638,8.406,4996.44460870387,,,Upper middle income
Tonga,TON,2013,3.696,0.77562932236742,1.75,9.017,5119.6947531684,,,Upper middle income
Tonga,TON,2014,3.619,2.51087633253706,1.914,9.809,5335.91576294869,,,Upper middle income
Tonga,TON,2015,3.54,-1.05399831971283,2.022,10.391,5471.79679402302,,,Upper middle income
Tonga,TON,2016,3.463,2.57815515245081,2.048,10.671,5920.1576147281,,,Upper middle income
Tonga,TON,2017,3.388,7.51706283551115,2.137,11.144,6229.07024223894,,,Upper middle income
Tonga,TON,2018,3.326,5.03209691984874,2.248,11.675,6392.60067749647,,,Upper middle income
Tonga,TON,2019,3.274,1.17954334821808,2.165,10.865,6473.32058675406,,,Upper middle income
Tonga,TON,2020,3.234,-0.349737696727496,2.712,14.099,6675.6030498711,,,Upper middle income
Tonga,TON,2021,3.198,5.64051140636751,2.111,9.68,6929.17669288438,,,Upper middle income
Tonga,TON,2022,3.171,10.9713652903022,2.002,9.554,7296.17082139288,,,Upper middle income
Tonga,TON,2023,3.129,6.35112980255189,1.652,5.825,7802.66986206107,,,Upper middle income
Tonga,TON,2024,3.1,3.230563002681,1.965,9.414,,,,Upper middle income
Trinidad and Tobago,TTO,2000,1.732,3.55541319666877,12.1,27.821,13953.1361523366,,,High income
Trinidad and Tobago,TTO,2001,1.705,5.536653263223,10.88,26.311,14797.1038365267,,,High income
Trinidad and Tobago,TTO,2002,1.672,4.1500586166472,10.39,26.249,16141.2357287614,,,High income
Trinidad and Tobago,TTO,2003,1.648,3.8111062439687,10.48,25.72,18742.6419219735,,,High income
Trinidad and Tobago,TTO,2004,1.627,3.72154938995965,8.33,21.482,20673.7458449273,,,High income
Trinidad and Tobago,TTO,2005,1.625,6.87453459583516,7.95,21.681,23536.0268722394,,,High income
Trinidad and Tobago,TTO,2006,1.624,8.32960351465347,6.27,16.902,27393.3505461307,,,High income
Trinidad and Tobago,TTO,2007,1.622,7.89438834757299,5.54,14.125,29354.5290108253,,,High income
Trinidad and Tobago,TTO,2008,1.617,12.0303445477177,4.63,12.854,30807.284851992,,,High income
Trinidad and Tobago,TTO,2009,1.618,6.97808725251547,5.28,14.356,29601.6194466575,,,High income
Trinidad and Tobago,TTO,2010,1.614,10.5492003179988,4.033,11.319,30778.3127370297,,,High income
Trinidad and Tobago,TTO,2011,1.611,5.1071328926456,3.425,11.443,31077.796969852,,,High income
Trinidad and Tobago,TTO,2012,1.609,9.26028137068292,3.718,10.263,31883.2297483766,,,High income
Trinidad and Tobago,TTO,2013,1.603,5.19981740465611,2.683,7.931,31746.2052441651,,,High income
Trinidad and Tobago,TTO,2014,1.602,5.68441814595659,2.477,7.741,32026.5300957073,,,High income
Trinidad and Tobago,TTO,2015,1.598,4.66121598098264,2.428,6.766,29825.4628753017,,,High income
Trinidad and Tobago,TTO,2016,1.601,3.07066742464024,3.207,8.396,28231.6820670092,,,High income
Trinidad and Tobago,TTO,2017,1.594,1.88038440183532,3.389,9.408,28484.2557157494,,,High income
Trinidad and Tobago,TTO,2018,1.588,1.01856930188822,3.497,10.312,28673.2413951653,,,High income
Trinidad and Tobago,TTO,2019,1.578,1.00054293027237,3.523,11.101,29315.8054064667,,,High income
Trinidad and Tobago,TTO,2020,1.572,0.598986330824643,4.206,15.903,26731.3556410029,,,High income
Trinidad and Tobago,TTO,2021,1.559,2.05922746915458,4.446,14.42,30482.1201798631,,,High income
Trinidad and Tobago,TTO,2022,1.544,5.82838638517959,4.383,11.554,32978.8585763159,,,High income
Trinidad and Tobago,TTO,2023,1.532,4.62930242419968,3.361,9.068,34623.3691500959,,,High income
Trinidad and Tobago,TTO,2024,1.536,0.526884625776839,3.318,9.054,36328.5130065685,,,High income
Tunisia,TUN,2000,2.025,2.96230794738605,14.94,27.277,6278.98680881057,,,Lower middle income
Tunisia,TUN,2001,1.975,1.98333333333337,14.4,26.404,6593.38196542465,,,Lower middle income
Tunisia,TUN,2002,1.941,2.72103284850455,14.55,26.679,6715.11078442505,,,Lower middle income
Tunisia,TUN,2003,1.956,2.71259247474352,14.51,27.514,7098.4235616264,,,Lower middle income
Tunisia,TUN,2004,1.95,3.63228004956625,14.23,27.798,7671.84535965305,,,Lower middle income
Tunisia,TUN,2005,1.953,2.01778641357144,12.872,25.955,8116.9548993789,,,Lower middle income
Tunisia,TUN,2006,1.952,3.22525337438917,12.51,26.961,8728.65712549855,,,Lower middle income
Tunisia,TUN,2007,1.957,2.96694432477349,12.365,26.761,9479.35063936328,,,Lower middle income
Tunisia,TUN,2008,1.975,4.34502807623045,12.444,27.807,9975.02232125899,,,Lower middle income
Tunisia,TUN,2009,2.004,3.66490330642919,13.29,30.516,10237.08899945,,,Lower middle income
Tunisia,TUN,2010,2.075,3.33897963601069,13.049,32.686,10555.0887033221,,,Lower middle income
Tunisia,TUN,2011,2.189,3.24002842009531,18.334,45.365,10435.9956675373,,,Lower middle income
Tunisia,TUN,2012,2.277,4.6118443220664,17.63,42.128,10614.531301194,,,Lower middle income
Tunisia,TUN,2013,2.31,5.31623531326689,15.934,37.511,10671.569727457,,,Lower middle income
Tunisia,TUN,2014,2.316,4.62555099534031,14.259,39.969,10946.8935757638,,,Lower middle income
Tunisia,TUN,2015,2.306,4.437371273215,15.159,37.406,10782.5438382441,,,Lower middle income
Tunisia,TUN,2016,2.275,3.62939937384381,15.557,38.105,10993.6638464522,,,Lower middle income
Tunisia,TUN,2017,2.205,5.30884839565844,15.33,37.5,11288.7800135085,,,Lower middle income
Tunisia,TUN,2018,2.133,7.30759176031652,15.459,36.073,11841.4061980603,,,Lower middle income
Tunisia,TUN,2019,2.1,6.72007532863799,17.153,38.47,12494.7905733455,,,Lower middle income
Tunisia,TUN,2020,2.0,5.63415115897625,17.651,41.561,11918.066205483,,,Lower middle income
Tunisia,TUN,2021,1.8,5.706350208307,16.632,38.901,12444.3264026887,,,Lower middle income
Tunisia,TUN,2022,1.847,8.30646124447623,15.3,36.566,13618.5389918651,,,Lower middle income
Tunisia,TUN,2023,1.832,9.32899597507865,15.106,36.303,14040.5961148142,,,Lower middle income
Tunisia,TUN,2024,1.818,7.20661657168794,15.341,36.595,14521.0080937638,,,Lower middle income
Turkiye,TUR,2000,2.487,54.9153705812683,6.495,11.896,9325.80817565573,,,Upper middle income
Turkiye,TUR,2001,2.392,54.4001887619074,8.381,14.409,9014.05844261591,,,Upper middle income
Turkiye,TUR,2002,2.268,44.964120947985,10.358,17.024,9154.45153457514,,,Upper middle income
Turkiye,TUR,2003,2.202,21.6024384490573,10.542,18.79,9474.02925535051,7.1,,Upper middle income
Turkiye,TUR,2004,2.197,8.59826168115262,10.838,20.661,10759.3363431927,9.2,,Upper middle income
Turkiye,TUR,2005,2.197,8.17916036802008,10.636,20.566,11803.3604424476,9.5,,Upper middle income
Turkiye,TUR,2006,2.193,9.59724212288446,10.227,20.68,13555.3359748623,9.2,,Upper middle income
Turkiye,TUR,2007,2.16,8.75618090972632,10.285,20.832,14951.141675678,9.1,,Upper middle income
Turkiye,TUR,2008,2.15,10.4441283764885,10.965,21.215,16141.6888074925,9.0,,Upper middle income
Turkiye,TUR,2009,2.1,6.25097663090626,14.026,25.048,15559.7425332501,8.2,,Upper middle income
Turkiye,TUR,2010,2.08,8.56644420552976,11.879,23.084,17466.2641738935,8.0,58.99,Upper middle income
Turkiye,TUR,2011,2.05,6.471879671151,9.789,20.761,19717.2438317111,8.0,58.47,Upper middle income
Turkiye,TUR,2012,2.11,8.89156996512163,9.21,19.842,20739.2725488506,8.0,59.24,Upper middle income
Turkiye,TUR,2013,2.11,7.49309030547693,9.713,21.781,22475.2909778388,7.9,59.21,Upper middle income
Turkiye,TUR,2014,2.19,8.85457271364316,9.901,20.262,24192.537613837,7.8,59.29,Upper middle income
Turkiye,TUR,2015,2.16,7.67085364845885,10.304,22.032,25890.0548901058,7.7,58.51,Upper middle income
Turkiye,TUR,2016,2.11,7.7751341532833,10.899,23.477,26730.7599731835,7.5,58.18,Upper middle income
Turkiye,TUR,2017,2.08,11.1443110840764,10.919,25.771,28353.5406410966,7.1,57.66,Upper middle income
Turkiye,TUR,2018,2.0,16.3324638988929,10.956,24.945,28640.3401839802,6.8,57.01,Upper middle income
Turkiye,TUR,2019,1.89,15.1768215720022,13.73,30.15,29016.4555653445,6.6,56.75,Upper middle income
Turkiye,TUR,2020,1.77,12.2789574462574,13.148,29.789,29209.3308866883,5.84,55.71,Upper middle income
Turkiye,TUR,2021,1.71,19.5964926913324,11.969,28.271,32105.5474400506,,,Upper middle income
Turkiye,TUR,2022,1.63,72.3088359891207,10.465,25.113,39564.1103267333,6.8,,Upper middle income
Turkiye,TUR,2023,1.51,53.8594087593315,9.388,23.027,42786.2004948664,,,Upper middle income
Turkiye,TUR,2024,1.48,58.5064507300342,8.8,22.168,45639.0192735944,,,Upper middle income
Tuvalu,TUV,2000,3.841,,,,2597.25208316056,,,Upper middle income
Tuvalu,TUV,2001,3.749,,,,2595.91651072877,,,Upper middle income
Tuvalu,TUV,2002,3.637,,,,2915.30037644437,,,Upper middle income
Tuvalu,TUV,2003,3.579,,,,2770.10016154552,,,Upper middle income
Tuvalu,TUV,2004,3.553,,,,2764.91389633307,,,Upper middle income
Tuvalu,TUV,2005,3.546,,,,2727.66493096898,,,Upper middle income
Tuvalu,TUV,2006,3.525,,,,2787.10956568152,,,Upper middle income
Tuvalu,TUV,2007,3.446,,,,3034.34916256495,,,Upper middle income
Tuvalu,TUV,2008,3.415,,,,3291.09772372222,,,Upper middle income
Tuvalu,TUV,2009,3.425,,,,3081.93890586604,,,Upper middle income
Tuvalu,TUV,2010,3.442,,,,2945.12892457303,,,Upper middle income
Tuvalu,TUV,2011,3.463,0.5005807431527,,,3175.92841210274,,,Upper middle income
Tuvalu,TUV,2012,3.47,,,,3170.40106063439,,,Upper middle income
Tuvalu,TUV,2013,3.389,,,,3277.2133431185,,,Upper middle income
Tuvalu,TUV,2014,3.33,,,,3418.8526428885,,,Upper middle income
Tuvalu,TUV,2015,3.308,,,,3775.7556591637,,,Upper middle income
Tuvalu,TUV,2016,3.297,,,,4030.86241535456,,,Upper middle income
Tuvalu,TUV,2017,3.301,,,,4226.71874686288,,,Upper middle income
Tuvalu,TUV,2018,3.328,,,,4431.73186603207,,,Upper middle income
Tuvalu,TUV,2019,3.331,,,,5209.70002131965,,,Upper middle income
Tuvalu,TUV,2020,3.309,,,,5122.19827984698,,,Upper middle income
Tuvalu,TUV,2021,3.277,,,,5352.97862537897,,,Upper middle income
Tuvalu,TUV,2022,3.244,,,,5661.14384766376,,,Upper middle income
Tuvalu,TUV,2023,3.208,,,,6151.01047041608,,,Upper middle income
Tuvalu,TUV,2024,3.174,,,,,,,Upper middle income
Tanzania,TZA,2000,5.67,5.92396109637479,3.129,5.369,1163.64367675781,,,Lower middle income
Tanzania,TZA,2001,5.617,5.14746800222618,2.994,5.053,1228.52233886719,,,Lower middle income
Tanzania,TZA,2002,5.57,5.31783366118203,3.023,5.447,1302.05554199219,,,Lower middle income
Tanzania,TZA,2003,5.578,5.30356621509782,3.053,5.835,1379.45776367188,,,Lower middle income
Tanzania,TZA,2004,5.597,4.73580143949058,3.105,6.248,1482.162109375,,,Lower middle income
Tanzania,TZA,2005,5.579,5.03457009267163,3.193,6.71,1598.03747558594,,,Lower middle income
Tanzania,TZA,2006,5.511,7.25097262082546,3.299,7.2,1706.54846191406,,,Lower middle income
Tanzania,TZA,2007,5.403,7.02551436974771,3.023,6.428,1820.00134277344,,,Lower middle income
Tanzania,TZA,2008,5.324,10.2783937621135,2.775,5.642,1908.37353515625,,,Lower middle income
Tanzania,TZA,2009,5.26,12.1422278742988,2.5,4.756,1972.16784667969,,,Lower middle income
Tanzania,TZA,2010,5.225,6.20015595647403,3.03,6.349,2069.40185546875,,,Lower middle income
Tanzania,TZA,2011,5.141,12.6909694699162,3.47,7.88,2211.466796875,,,Lower middle income
Tanzania,TZA,2012,5.137,16.0010938506338,3.223,7.429,2083.48486328125,,,Lower middle income
Tanzania,TZA,2013,5.156,7.87072364573959,2.93,6.9,2176.21655273438,,,Lower middle income
Tanzania,TZA,2014,5.122,6.13161432988012,2.125,4.477,2221.1796875,,,Lower middle income
Tanzania,TZA,2015,5.025,5.58816952959298,2.009,4.228,2317.27978515625,,,Lower middle income
Tanzania,TZA,2016,5.006,5.17476629301493,1.931,4.032,2434.69995117188,,,Lower middle income
Tanzania,TZA,2017,4.988,5.31871605228931,1.854,3.834,2472.4931640625,,,Lower middle income
Tanzania,TZA,2018,4.932,3.49445848856181,1.792,3.652,2727.88012695313,,,Lower middle income
Tanzania,TZA,2019,4.866,3.46428057999021,1.735,3.472,2981.87451171875,,,Lower middle income
Tanzania,TZA,2020,4.801,3.29029062798325,1.792,3.751,3290.60986328125,,,Lower middle income
Tanzania,TZA,2021,4.734,3.69091958802199,1.876,3.681,3493.0830078125,,,Lower middle income
Tanzania,TZA,2022,4.671,4.35027204269101,1.573,3.14,3799.8623046875,,,Lower middle income
Tanzania,TZA,2023,4.606,3.79923291384916,1.565,3.13,4018.5166015625,,,Lower middle income
Tanzania,TZA,2024,4.541,3.05694676312373,1.557,3.124,4220.79638671875,,,Lower middle income
Uganda,UGA,2000,6.788,3.39202158512998,3.531,6.24,1124.20958232447,,,Low income
Uganda,UGA,2001,6.757,1.86512524084773,3.522,6.225,1172.6831745569,,,Low income
Uganda,UGA,2002,6.735,-0.287508511765196,3.5,6.193,1254.98203506699,,,Low income
Uganda,UGA,2003,6.671,8.68047651566884,3.6,6.502,1320.23991630988,,,Low income
Uganda,UGA,2004,6.612,3.72128743978228,2.699,4.701,1405.24288438896,,,Low income
Uganda,UGA,2005,6.525,8.44872642299532,1.9,3.014,1496.50947836066,,,Low income
Uganda,UGA,2006,6.429,7.31067613561864,2.264,3.716,1659.72529096776,,,Low income
Uganda,UGA,2007,6.326,6.1385108328505,2.667,4.464,1794.53518881483,,,Low income
Uganda,UGA,2008,6.202,12.0508555482886,3.035,5.179,1930.70869517816,,,Low income
Uganda,UGA,2009,6.124,13.0172561889185,3.6,6.118,2014.60879442098,,,Low income
Uganda,UGA,2010,6.019,3.97655288478168,3.623,6.146,2091.55963145331,,,Low income
Uganda,UGA,2011,5.885,16.5643496174515,3.523,5.831,2267.72270357093,,,Low income
Uganda,UGA,2012,5.729,12.6790377224659,3.551,5.964,2031.94669538814,,,Low income
Uganda,UGA,2013,5.563,4.90520875694557,1.91,3.207,2044.88182485845,,,Low income
Uganda,UGA,2014,5.408,3.07570668958641,2.357,3.883,2134.00916281741,,,Low income
Uganda,UGA,2015,5.251,5.58968606251725,2.681,4.356,2189.96485919003,,,Low income
Uganda,UGA,2016,5.112,5.70637504616212,3.002,4.822,2165.29759404413,,,Low income
Uganda,UGA,2017,4.987,5.20971705914209,3.428,5.389,2157.95747503369,,,Low income
Uganda,UGA,2018,4.867,2.61601190952274,3.249,5.412,2312.05752813495,,,Low income
Uganda,UGA,2019,4.744,2.867588034469,3.057,5.427,2441.37445233821,,,Low income
Uganda,UGA,2020,4.621,3.31332289544502,3.819,6.926,2532.21950102069,,,Low income
Uganda,UGA,2021,4.51,2.20457204757414,3.416,6.343,2684.92035939744,,,Low income
Uganda,UGA,2022,4.388,7.1957888597581,2.885,5.482,2919.17775407108,,,Low income
Uganda,UGA,2023,4.283,5.35094804280395,2.754,5.324,3097.63702430619,,,Low income
Uganda,UGA,2024,4.165,3.3233806708656,2.74,5.323,3273.2671741364,,,Low income
Ukraine,UKR,2000,1.108,28.2030972388552,11.707,21.157,4228.1162109375,,,Upper middle income
Ukraine,UKR,2001,1.092,11.9588085390459,11.061,20.048,4746.85791015625,,,Upper middle income
Ukraine,UKR,2002,1.127,0.75742084639286,10.136,18.403,5122.84130859375,,,Upper middle income
Ukraine,UKR,2003,1.173,5.17967781908315,9.057,16.476,5764.01123046875,,,Upper middle income
Ukraine,UKR,2004,1.215,9.04806786050888,8.59,15.67,6663.46728515625,,,Upper middle income
Ukraine,UKR,2005,1.221,13.5695764909248,7.18,14.685,7142.10693359375,,,Upper middle income
Ukraine,UKR,2006,1.297,9.05252491133248,6.81,14.108,7971.1962890625,,,Upper middle income
Ukraine,UKR,2007,1.343,12.8387796190181,6.351,12.781,8900.4443359375,,,Upper middle income
Ukraine,UKR,2008,1.444,25.226461707384,6.363,12.921,9323.72265625,,,Upper middle income
Ukraine,UKR,2009,1.47,15.8811924594476,8.84,15.478,7994.61572265625,,,Upper middle income
Ukraine,UKR,2010,1.436,9.37293105078978,8.1,17.012,8453.2998046875,,,Upper middle income
Ukraine,UKR,2011,1.464,7.95572466274652,7.851,16.981,9126.6083984375,,,Upper middle income
Ukraine,UKR,2012,1.528,0.568727971803862,7.529,16.837,9552.314453125,,,Upper middle income
Ukraine,UKR,2013,1.515,-0.238948626045407,7.17,16.549,10903.8251953125,,,Upper middle income
Ukraine,UKR,2014,1.466,12.0718562874251,9.27,22.768,10493.7451171875,,,Upper middle income
Ukraine,UKR,2015,1.387,48.6998646434424,9.14,22.114,9921.833984375,,,Upper middle income
Ukraine,UKR,2016,1.391,13.9127101997797,9.35,21.779,10864.6572265625,,,Upper middle income
Ukraine,UKR,2017,1.3,14.4383227488749,9.5,16.998,11536.0810546875,,,Upper middle income
Ukraine,UKR,2018,1.233,10.9518559353178,8.799,19.338,12554.8486328125,,,Upper middle income
Ukraine,UKR,2019,1.218,7.88671745611133,8.194,15.393,14217.486328125,,,Upper middle income
Ukraine,UKR,2020,1.208,2.73249209419427,9.475,18.546,15541.02734375,,,Upper middle income
Ukraine,UKR,2021,1.148,9.36313917695223,9.834,20.431,17846.408203125,,,Upper middle income
Ukraine,UKR,2022,0.897,20.1836366617478,,,14770.0712890625,,,Upper middle income
Ukraine,UKR,2023,0.977,12.8490222828559,,,17665.34375,,,Upper middle income
Ukraine,UKR,2024,0.988,6.50198464669254,,,18550.462890625,,,Upper middle income
Uruguay,URY,2000,2.196,4.76382472733251,12.627,34.316,10929.3002607587,,,High income
Uruguay,URY,2001,2.161,4.3593406521727,15.052,41.669,10719.3945690687,,,High income
Uruguay,URY,2002,2.16,13.9724725913515,16.648,45.683,10030.1287840488,,,High income
Uruguay,URY,2003,2.116,19.3797301743995,16.661,43.763,10303.2337504047,,,High income
Uruguay,URY,2004,2.093,9.15760507540997,12.98,39.685,11103.1125898913,,,High income
Uruguay,URY,2005,2.097,4.6992773903564,12.009,34.223,12295.700311589,,,High income
Uruguay,URY,2006,2.07,6.39764974385131,10.844,34.475,13179.3881134044,,,High income
Uruguay,URY,2007,2.048,8.11464561179313,9.403,30.896,14397.224966515,,,High income
Uruguay,URY,2008,2.03,7.87707374730888,8.025,28.329,15694.235411976,,,High income
Uruguay,URY,2009,2.018,7.06221874388574,7.74,26.323,16421.7696322847,,,High income
Uruguay,URY,2010,2.011,6.69870886978132,7.158,26.081,17872.5369682924,,,High income
Uruguay,URY,2011,1.987,8.0928320630299,6.307,21.972,19135.3636964186,,,High income
Uruguay,URY,2012,2.012,8.09776580573602,6.451,23.538,19495.4223660846,,,High income
Uruguay,URY,2013,2.034,8.57513504005397,6.444,23.908,20661.3793411187,,,High income
Uruguay,URY,2014,2.026,8.87735333229828,6.547,23.862,21867.8112276315,,,High income
Uruguay,URY,2015,2.041,8.66626987079328,7.488,26.286,22168.6114189676,,,High income
Uruguay,URY,2016,1.966,9.6394134763508,7.841,28.839,22840.5507069805,,,High income
Uruguay,URY,2017,1.824,6.2180938256186,7.89,30.635,23606.6278007958,,,High income
Uruguay,URY,2018,1.681,7.60653360377047,8.336,30.725,24386.4948473952,,,High income
Uruguay,URY,2019,1.567,7.88198870879619,8.836,33.069,25782.6890198871,,,High income
Uruguay,URY,2020,1.497,9.75640636078194,10.413,39.089,25725.258216942,,,High income
Uruguay,URY,2021,1.446,7.74791402314762,9.328,35.362,29431.8850087471,,,High income
Uruguay,URY,2022,1.425,9.10437983075437,7.877,27.015,33000.918699951,,,High income
Uruguay,URY,2023,1.409,5.86910359896119,8.355,28.434,34470.9322201143,,,High income
Uruguay,URY,2024,1.397,4.84914366613156,8.209,29.709,36417.874162496,,,High income
United States,USA,2000,2.056,3.37685727149929,3.992,8.864,36329.9702595751,8.2,,High income
United States,USA,2001,2.0305,2.82617111885407,4.731,9.541,37133.6203973517,8.2,,High income
United States,USA,2002,2.0205,1.58603162650601,5.783,11.031,37997.7424300242,8.0,,High income
United States,USA,2003,2.0475,2.27009497336115,5.989,11.34,39490.3023903176,7.7,,High income
United States,USA,2004,2.0515,2.67723669309172,5.529,10.909,41724.6411982614,7.8,,High income
United States,USA,2005,2.057,3.3927468454955,5.084,10.056,44123.3996470026,7.6,,High income
United States,USA,2006,2.108,3.22594410070404,4.623,9.617,46301.9876485519,7.5,,High income
United States,USA,2007,2.12,2.85267248150138,4.622,9.353,48050.227412195,7.3,,High income
United States,USA,2008,2.072,3.839100296651,5.784,11.085,48570.0594269601,7.1,,High income
United States,USA,2009,2.002,-0.355546266299747,9.254,14.766,47194.9500893872,6.8,,High income
United States,USA,2010,1.931,1.6400434423899,9.633,15.735,48642.6312088213,6.8,65.42,High income
United States,USA,2011,1.8945,3.156841568622,8.949,15.657,50024.8812320773,6.8,64.68,High income
United States,USA,2012,1.8805,2.06933726526067,8.069,14.611,51708.3940614082,6.8,64.01,High income
United States,USA,2013,1.8575,1.46483265562717,7.375,13.881,53297.3862901595,6.8,63.58,High income
United States,USA,2014,1.8625,1.62222297740817,6.168,12.139,55153.3940182967,6.9,63.18,High income
United States,USA,2015,1.8435,0.118627135552451,5.28,10.365,56849.4697923159,6.9,63.14,High income
United States,USA,2016,1.8205,1.26158320570536,4.869,9.303,57976.628204291,7.0,63.19,High income
United States,USA,2017,1.7655,2.13011000365961,4.355,8.05,60047.7190728307,6.9,63.95,High income
United States,USA,2018,1.7295,2.44258329692817,3.896,7.632,62875.6661382728,6.5,64.02,High income
United States,USA,2019,1.706,1.81221007526021,3.669,7.294,65227.9565911035,6.1,64.16,High income
United States,USA,2020,1.6415,1.23358439630629,8.055,14.794,64401.5074354209,5.1,65.46,High income
United States,USA,2021,1.664,4.69785886363742,5.349,8.85,71307.4017277218,6.0,65.46,High income
United States,USA,2022,1.6565,8.00279982052121,3.65,7.428,77860.9112908848,6.2,65.26,High income
United States,USA,2023,1.6165,4.11633838374488,3.638,7.086,82304.6204272866,,65.31,High income
United States,USA,2024,1.6265,2.94952520485207,4.022,8.091,85809.9003846359,,,High income
Uzbekistan,UZB,2000,2.696,,12.301,37.708,2644.26354163536,,,Lower middle income
Uzbekistan,UZB,2001,2.61,,11.279,34.414,2782.34871050012,,,Lower middle income
Uzbekistan,UZB,2002,2.575,,10.256,31.062,2902.03983617689,,,Lower middle income
Uzbekistan,UZB,2003,2.503,,9.22,27.844,3047.24856835492,,,Lower middle income
Uzbekistan,UZB,2004,2.496,,8.152,24.184,3321.19654400978,,,Lower middle income
Uzbekistan,UZB,2005,2.438,,7.092,20.49,3617.85486831461,,,Lower middle income
Uzbekistan,UZB,2006,2.461,,6.035,17.417,3955.97682075928,,,Lower middle income
Uzbekistan,UZB,2007,2.573,,4.99,14.063,4386.1293366958,,,Lower middle income
Uzbekistan,UZB,2008,2.635,,4.89,13.984,4800.05914327553,,,Lower middle income
Uzbekistan,UZB,2009,2.559,,5.04,14.605,5135.46444647583,,,Lower middle income
Uzbekistan,UZB,2010,2.442,,5.36,15.905,5504.8563793137,,,Lower middle income
Uzbekistan,UZB,2011,2.354,13.7797446476602,4.96,11.84,5949.484123529,,,Lower middle income
Uzbekistan,UZB,2012,2.337,13.2088026688373,4.87,11.778,6168.13764755172,,,Lower middle income
Uzbekistan,UZB,2013,2.445,11.8414333622049,4.86,11.944,6412.7238692872,,,Lower middle income
Uzbekistan,UZB,2014,2.546,9.28309356162695,5.09,12.536,6609.76717277708,,,Lower middle income
Uzbekistan,UZB,2015,2.583,8.75188196737508,5.15,12.743,6799.57332842183,,,Lower middle income
Uzbekistan,UZB,2016,2.564,8.130886695236,5.16,12.845,6919.29475621804,,,Lower middle income
Uzbekistan,UZB,2017,2.57,13.8757425441635,5.83,14.608,7818.01112977426,,,Lower middle income
Uzbekistan,UZB,2018,2.713,17.5241796514055,5.392,15.603,8128.75520303523,,,Lower middle income
Uzbekistan,UZB,2019,2.869,14.5257359560687,4.936,16.481,8544.08026729718,,,Lower middle income
Uzbekistan,UZB,2020,3.062,12.8677297362606,5.293,21.52,8451.72505108114,,,Lower middle income
Uzbekistan,UZB,2021,3.273,10.8492397508122,5.364,20.514,9247.64382703929,,,Lower middle income
Uzbekistan,UZB,2022,3.396,11.4466436998836,4.456,18.358,10292.5309427485,,,Lower middle income
Uzbekistan,UZB,2023,3.5,9.95659071258018,4.434,17.938,11106.9715934767,,,Lower middle income
Uzbekistan,UZB,2024,3.486,9.62825465956682,4.439,17.999,11878.5528706848,,,Lower middle income
St. Vincent and the Grenadines,VCT,2000,2.306,0.167679637488279,20.8,39.756,6502.90023634218,,,Upper middle income
St. Vincent and the Grenadines,VCT,2001,2.3,0.9008584858665,21.1,39.585,6768.19370783579,,,Upper middle income
St. Vincent and the Grenadines,VCT,2002,2.218,1.85550399046655,20.623,39.162,7250.39274413097,,,Upper middle income
St. Vincent and the Grenadines,VCT,2003,2.142,0.205981708824254,19.985,38.555,7902.6273088372,,,Upper middle income
St. Vincent and the Grenadines,VCT,2004,2.087,2.96003946719286,19.545,38.29,8471.96246265832,,,Upper middle income
St. Vincent and the Grenadines,VCT,2005,2.068,3.7334291646702,19.461,38.602,8985.69686082526,,,Upper middle income
St. Vincent and the Grenadines,VCT,2006,2.033,2.74067516070673,19.162,38.548,9949.48938765633,,,Upper middle income
St. Vincent and the Grenadines,VCT,2007,2.063,7.23614701584807,18.934,38.617,10604.3480236579,,,Upper middle income
St. Vincent and the Grenadines,VCT,2008,2.15,10.0662418245849,18.79,38.78,10901.5648744568,,,Upper middle income
St. Vincent and the Grenadines,VCT,2009,2.174,0.421539125687215,19.365,40.146,10868.5350934105,,,Upper middle income
St. Vincent and the Grenadines,VCT,2010,2.144,0.747109026311474,19.924,41.448,10561.308030596,,,Upper middle income
St. Vincent and the Grenadines,VCT,2011,2.076,3.1860311155246,20.006,41.857,10773.6144742571,,,Upper middle income
St. Vincent and the Grenadines,VCT,2012,2.113,2.59844414147101,19.833,41.852,10988.5026140095,,,Upper middle income
St. Vincent and the Grenadines,VCT,2013,2.106,0.805127804267928,19.356,41.413,11624.8625142076,,,Upper middle income
St. Vincent and the Grenadines,VCT,2014,2.141,0.193858560794015,19.237,41.514,12135.5830510291,,,Upper middle income
St. Vincent and the Grenadines,VCT,2015,2.133,-1.73361194953959,19.135,41.595,12378.842727428,,,Upper middle income
St. Vincent and the Grenadines,VCT,2016,2.055,-0.149641647633284,19.029,41.69,13493.4773120997,,,Upper middle income
St. Vincent and the Grenadines,VCT,2017,1.94,2.15333648840511,19.024,42.086,13575.4319769513,,,Upper middle income
St. Vincent and the Grenadines,VCT,2018,1.9,2.32414485367921,19.005,42.511,14689.8500710886,,,Upper middle income
St. Vincent and the Grenadines,VCT,2019,1.864,0.91306972532459,19.248,43.429,15339.5560281064,,,Upper middle income
St. Vincent and the Grenadines,VCT,2020,1.83,-0.628131309354654,20.635,48.049,15336.5987771764,,,Upper middle income
St. Vincent and the Grenadines,VCT,2021,1.808,1.57272932500558,20.356,46.207,16200.8994597845,,,Upper middle income
St. Vincent and the Grenadines,VCT,2022,1.791,5.66009779226552,19.277,43.674,18035.273292812,,,Upper middle income
St. Vincent and the Grenadines,VCT,2023,1.775,4.56457719814894,18.348,42.099,19819.869034679,,,Upper middle income
St. Vincent and the Grenadines,VCT,2024,1.761,3.62770736940927,18.093,41.591,21272.0800673662,,,Upper middle income
"Venezuela, RB",VEN,2000,2.79,,13.99,26.441,14174.4400214785,,,Not classified
"Venezuela, RB",VEN,2001,2.779,,13.04,25.696,14713.666786878,,,Not classified
"Venezuela, RB",VEN,2002,2.739,,16.17,34.416,13375.0548428985,,,Not classified
"Venezuela, RB",VEN,2003,2.703,,16.78,37.011,12359.2921584807,,,Not classified
"Venezuela, RB",VEN,2004,2.639,,15.07,32.773,14757.1084670299,,,Not classified
"Venezuela, RB",VEN,2005,2.629,,10.663,21.62,16511.2592917269,,,Not classified
"Venezuela, RB",VEN,2006,2.595,,8.606,18.946,18399.2533134456,,,Not classified
"Venezuela, RB",VEN,2007,2.524,,7.279,15.974,20236.2995307261,,,Not classified
"Venezuela, RB",VEN,2008,2.475,,6.245,13.898,21401.8429058296,,,Not classified
"Venezuela, RB",VEN,2009,2.422,27.080941446613,6.097,13.449,20562.3667824659,,,Not classified
"Venezuela, RB",VEN,2010,2.396,28.1874647092039,7.112,16.157,20235.7105360063,,,Not classified
"Venezuela, RB",VEN,2011,2.398,26.0902123160959,6.902,16.714,21241.4350725543,,,Not classified
"Venezuela, RB",VEN,2012,2.379,21.0689956331876,6.601,18.22,,,,Not classified
"Venezuela, RB",VEN,2013,2.334,40.6394275161589,7.54,22.321,,,,Not classified
"Venezuela, RB",VEN,2014,2.296,62.1686499794829,6.821,19.889,,,,Not classified
"Venezuela, RB",VEN,2015,2.253,121.738085297503,6.139,17.412,,,,Not classified
"Venezuela, RB",VEN,2016,2.217,254.948534781816,5.319,14.579,,,,Not classified
"Venezuela, RB",VEN,2017,2.183,,5.045,15.481,,,,Not classified
"Venezuela, RB",VEN,2018,2.151,,5.468,15.219,,,,Not classified
"Venezuela, RB",VEN,2019,2.131,,5.89,14.921,,,,Not classified
"Venezuela, RB",VEN,2020,2.116,,7.53,17.53,,,,Not classified
"Venezuela, RB",VEN,2021,2.105,,7.027,16.467,,,,Not classified
"Venezuela, RB",VEN,2022,2.088,,5.646,13.622,,,,Not classified
"Venezuela, RB",VEN,2023,2.079,,5.407,13.243,,,,Not classified
"Venezuela, RB",VEN,2024,2.077,,5.321,13.078,,,,Not classified
British Virgin Islands,VGB,2000,1.839,,,,,,,High income
British Virgin Islands,VGB,2001,1.517,,,,,,,High income
British Virgin Islands,VGB,2002,1.247,,,,,,,High income
British Virgin Islands,VGB,2003,1.309,,,,,,,High income
British Virgin Islands,VGB,2004,1.5,,,,,,,High income
British Virgin Islands,VGB,2005,1.34,,,,,,,High income
British Virgin Islands,VGB,2006,1.234,,,,,,,High income
British Virgin Islands,VGB,2007,1.312,,,,,,,High income
British Virgin Islands,VGB,2008,1.272,,,,,,,High income
British Virgin Islands,VGB,2009,1.23,,,,,,,High income
British Virgin Islands,VGB,2010,1.183,,,,,,,High income
British Virgin Islands,VGB,2011,1.268,,,,,,,High income
British Virgin Islands,VGB,2012,1.103,,,,,,,High income
British Virgin Islands,VGB,2013,1.086,,,,,,,High income
British Virgin Islands,VGB,2014,1.235,,,,,,,High income
British Virgin Islands,VGB,2015,1.186,,,,,,,High income
British Virgin Islands,VGB,2016,0.987,,,,,,,High income
British Virgin Islands,VGB,2017,0.873,,,,,,,High income
British Virgin Islands,VGB,2018,0.905,,,,,,,High income
British Virgin Islands,VGB,2019,0.941,,,,,,,High income
British Virgin Islands,VGB,2020,0.975,,,,,,,High income
British Virgin Islands,VGB,2021,0.999,,,,,,,High income
British Virgin Islands,VGB,2022,1.025,,,,,,,High income
British Virgin Islands,VGB,2023,1.045,,,,,,,High income
British Virgin Islands,VGB,2024,1.048,,,,,,,High income
Virgin Islands (U.S.),VIR,2000,2.06,,9.834,24.985,,,,High income
Virgin Islands (U.S.),VIR,2001,1.9,,9.969,25.311,,,,High income
Virgin Islands (U.S.),VIR,2002,2.21,,10.227,25.716,32113.4399904542,,,High income
Virgin Islands (U.S.),VIR,2003,2.07,,10.574,26.759,32618.9563705938,,,High income
Virgin Islands (U.S.),VIR,2004,2.17,,10.266,26.007,34609.1947981106,,,High income
Virgin Islands (U.S.),VIR,2005,2.24,,10.228,25.644,36942.8365046874,,,High income
Virgin Islands (U.S.),VIR,2006,2.03,,9.734,23.923,39447.4212008188,,,High income
Virgin Islands (U.S.),VIR,2007,2.51,,9.523,23.154,42153.5396586495,,,High income
Virgin Islands (U.S.),VIR,2008,2.44,,9.605,23.016,43465.2346944723,,,High income
Virgin Islands (U.S.),VIR,2009,2.37,,10.864,26.232,40846.5620058047,,,High income
Virgin Islands (U.S.),VIR,2010,2.3,,11.059,26.133,41607.5668567026,,,High income
Virgin Islands (U.S.),VIR,2011,2.16,,11.337,28.174,39006.0820134517,,,High income
Virgin Islands (U.S.),VIR,2012,2.06,,11.387,28.709,33878.983108434,,,High income
Virgin Islands (U.S.),VIR,2013,2.08,,11.802,30.33,32333.9108031447,,,High income
Virgin Islands (U.S.),VIR,2014,2.09,,11.871,31.087,32360.9003833552,,,High income
Virgin Islands (U.S.),VIR,2015,2.11,,11.649,29.778,32573.7166812174,,,High income
Virgin Islands (U.S.),VIR,2016,2.09,,11.734,31.426,33470.5904765526,,,High income
Virgin Islands (U.S.),VIR,2017,2.08,,11.445,30.221,33893.5501815475,,,High income
Virgin Islands (U.S.),VIR,2018,2.06,,11.703,30.612,36746.4868901838,,,High income
Virgin Islands (U.S.),VIR,2019,2.05,,11.774,29.908,40021.7775798024,,,High income
Virgin Islands (U.S.),VIR,2020,2.03,,14.366,39.75,41749.0800364553,,,High income
Virgin Islands (U.S.),VIR,2021,2.01,,13.508,35.211,46893.5496988741,,,High income
Virgin Islands (U.S.),VIR,2022,2.0,,12.092,29.231,49793.0324395716,,,High income
Virgin Islands (U.S.),VIR,2023,1.98,,11.358,26.54,,,,High income
Virgin Islands (U.S.),VIR,2024,1.97,,11.423,25.765,,,,High income
Viet Nam,VNM,2000,2.028,-1.71033727851109,2.26,4.052,2614.11840366563,,,Lower middle income
Viet Nam,VNM,2001,2.023,-0.43154451172818,2.76,6.082,2808.83181908363,,,Lower middle income
Viet Nam,VNM,2002,2.006,3.83082838168467,2.12,4.443,3001.87038766922,,,Lower middle income
Viet Nam,VNM,2003,1.999,3.23464817293927,2.25,5.088,3239.77125909915,,,Lower middle income
Viet Nam,VNM,2004,1.968,7.75494748709601,2.14,4.792,3543.09915520461,,,Lower middle income
Viet Nam,VNM,2005,1.887,8.28457243128677,2.078,5.055,3893.66509422594,,,Lower middle income
Viet Nam,VNM,2006,1.873,7.41801715108463,2.046,5.343,4237.40088094732,,,Lower middle income
Viet Nam,VNM,2007,1.911,8.34444889773837,2.026,5.656,4580.79431138427,,,Lower middle income
Viet Nam,VNM,2008,1.933,23.1154483474477,1.889,4.954,4844.06704751546,,,Lower middle income
Viet Nam,VNM,2009,1.92,6.71698269988629,1.737,4.211,5060.73212267196,,,Lower middle income
Viet Nam,VNM,2010,1.906,9.20746648778413,1.114,3.36,5389.21956993674,,,Lower middle income
Viet Nam,VNM,2011,1.927,18.6777322770707,0.999,3.136,5786.12348870721,,,Lower middle income
Viet Nam,VNM,2012,1.967,9.09470339557192,1.027,3.585,6376.79765706172,,,Lower middle income
Viet Nam,VNM,2013,1.98,6.59267475899192,1.316,4.475,6758.40433634749,,,Lower middle income
Viet Nam,VNM,2014,2.09,4.08455446637617,1.256,4.736,7296.8794808738,,,Lower middle income
Viet Nam,VNM,2015,2.1,0.631200905175754,1.848,6.467,7671.5819778084,,,Lower middle income
Viet Nam,VNM,2016,2.0,2.66824816969082,1.848,6.788,8374.50684516118,,,Lower middle income
Viet Nam,VNM,2017,1.985,3.52025688811617,1.874,7.13,9169.73192052855,,,Lower middle income
Viet Nam,VNM,2018,1.88,3.53962805942641,1.161,4.452,10009.9714756006,,,Lower middle income
Viet Nam,VNM,2019,1.943,2.7958236745225,1.681,5.417,11029.2732083963,,,Lower middle income
Viet Nam,VNM,2020,1.957,3.22093436652514,2.103,7.547,11609.3177276423,,,Lower middle income
Viet Nam,VNM,2021,1.942,1.83471554810444,2.383,6.889,12048.9019935536,,,Lower middle income
Viet Nam,VNM,2022,1.927,3.15650749963129,1.57,6.093,13905.1536875216,,,Lower middle income
Viet Nam,VNM,2023,1.913,3.25289282667662,1.645,6.046,15033.8768594355,,,Lower middle income
Viet Nam,VNM,2024,1.895,3.62109273885843,1.602,5.949,16385.5065565458,,,Lower middle income
Vanuatu,VUT,2000,4.537,2.53768844221106,8.266,15.635,2206.10240356774,,,Lower middle income
Vanuatu,VUT,2001,4.495,3.57755452095074,8.415,15.735,2124.95074884916,,,Lower middle income
Vanuatu,VUT,2002,4.382,1.96356754199195,8.598,15.835,1995.32372274512,,,Lower middle income
Vanuatu,VUT,2003,4.293,3.01624129930394,8.659,15.815,2070.35775556982,,,Lower middle income
Vanuatu,VUT,2004,4.214,1.41891891891893,8.432,15.482,2157.44517059131,,,Lower middle income
Vanuatu,VUT,2005,4.133,1.19920053297801,8.121,15.115,2287.00660433246,,,Lower middle income
Vanuatu,VUT,2006,4.1,2.04081632653062,8.006,15.033,2495.85683636109,,,Lower middle income
Vanuatu,VUT,2007,4.117,3.93548387096774,6.855,13.08,2573.40104367128,,,Lower middle income
Vanuatu,VUT,2008,4.159,4.84171322160149,5.663,11.062,2701.28836081834,,,Lower middle income
Vanuatu,VUT,2009,4.157,4.29706572955357,4.565,9.163,2730.28795991124,,,Lower middle income
Vanuatu,VUT,2010,4.126,2.76269469477348,4.681,9.77,2733.45922588718,,,Lower middle income
Vanuatu,VUT,2011,4.093,0.8737931047811,4.811,10.299,2815.68693384029,,,Lower middle income
Vanuatu,VUT,2012,4.059,1.34740362877658,4.936,10.837,2834.1263087371,,,Lower middle income
Vanuatu,VUT,2013,4.039,1.45893371757921,5.038,11.36,2832.00606140469,,,Lower middle income
Vanuatu,VUT,2014,3.999,0.798863838097023,5.137,11.894,2890.13103819703,,,Lower middle income
Vanuatu,VUT,2015,3.952,2.48326875660439,5.168,12.333,2965.84143257378,,,Lower middle income
Vanuatu,VUT,2016,3.915,0.842069084035061,5.197,12.779,3029.80923948413,,,Lower middle income
Vanuatu,VUT,2017,3.875,3.08452624403546,5.247,13.294,3145.92734989467,,,Lower middle income
Vanuatu,VUT,2018,3.834,2.33096379566866,5.353,13.937,3232.94825800672,,,Lower middle income
Vanuatu,VUT,2019,3.79,2.76252019386111,5.444,14.552,3314.66721352425,,,Lower middle income
Vanuatu,VUT,2020,3.738,5.32935073101715,4.046,9.5,3117.64425292038,,,Lower middle income
Vanuatu,VUT,2021,3.696,2.34328358208953,4.776,11.537,3135.83664945678,,,Lower middle income
Vanuatu,VUT,2022,3.647,6.67930581887121,5.077,13.917,3452.60742693882,,,Lower middle income
Vanuatu,VUT,2023,3.596,11.1825017088175,5.011,13.826,3567.81882030223,,,Lower middle income
Vanuatu,VUT,2024,3.569,,4.988,13.799,3605.60736691735,,,Lower middle income
Samoa,WSM,2000,4.523,0.966782350024729,4.733,13.648,3061.84986676721,,,Upper middle income
Samoa,WSM,2001,4.477,3.83828463867725,4.96,14.523,3334.97791645842,,,Upper middle income
Samoa,WSM,2002,4.444,8.0503144654087,4.975,14.897,3552.91066710799,,,Upper middle income
Samoa,WSM,2003,4.392,0.115830115830107,5.038,15.406,3792.19847660915,,,Upper middle income
Samoa,WSM,2004,4.343,16.3131507905901,5.162,16.065,3996.7446356324,,,Upper middle income
Samoa,WSM,2005,4.322,1.85676392572949,5.212,16.623,4378.5944315772,,,Upper middle income
Samoa,WSM,2006,4.322,3.70008680555553,5.321,17.188,4591.90702524785,,,Upper middle income
Samoa,WSM,2007,4.358,5.57706393219629,5.425,17.587,4713.02123375726,,,Upper middle income
Samoa,WSM,2008,4.417,11.565906838454,5.538,18.05,4939.22558356596,,,Upper middle income
Samoa,WSM,2009,4.466,6.32495336235228,5.646,18.387,4906.48254274628,,,Upper middle income
Samoa,WSM,2010,4.52,0.777007268777692,5.621,18.59,5229.04191199124,,,Upper middle income
Samoa,WSM,2011,4.56,5.23541591478434,5.68,18.965,5494.24063118213,,,Upper middle income
Samoa,WSM,2012,4.545,2.0490188352116,8.752,22.106,5338.73979322922,,,Upper middle income
Samoa,WSM,2013,4.491,0.61008572090503,8.772,22.169,5386.90063081914,,,Upper middle income
Samoa,WSM,2014,4.423,-0.40681608842489,8.72,22.128,5468.10058532556,,,Upper middle income
Samoa,WSM,2015,4.344,0.724470134874729,8.901,24.442,5681.77812768843,,,Upper middle income
Samoa,WSM,2016,4.262,1.30471869303179,9.063,26.79,6141.45089044263,,,Upper middle income
Samoa,WSM,2017,4.196,1.74989677484705,9.4,29.273,6280.21500477143,,,Upper middle income
Samoa,WSM,2018,4.136,4.19745888663752,8.649,28.179,6318.26977293454,,,Upper middle income
Samoa,WSM,2019,4.061,0.982326569888117,7.858,27.226,6638.18454759102,,,Upper middle income
Samoa,WSM,2020,4.002,-1.56891247740895,7.467,28.644,6450.75201183405,,,Upper middle income
Samoa,WSM,2021,3.94,3.13320473174494,6.664,26.127,6350.11428353253,,,Upper middle income
Samoa,WSM,2022,3.883,10.9618822286844,5.048,22.848,6909.17129928336,,,Upper middle income
Samoa,WSM,2023,3.829,7.92164684826777,4.92,22.241,8194.80725640734,,,Upper middle income
Samoa,WSM,2024,3.801,2.17245530514377,4.855,21.748,8736.81606772538,,,Upper middle income
Kosovo,XKX,2000,2.698,,,,,,,Upper middle income
Kosovo,XKX,2001,2.765,,,,,,,Upper middle income
Kosovo,XKX,2002,2.791,,,,,,,Upper middle income
Kosovo,XKX,2003,2.67,-1.08481262327414,,,,,,Upper middle income
Kosovo,XKX,2004,2.65,-1.06472696605525,,,,,,Upper middle income
Kosovo,XKX,2005,2.623,-1.38518913159299,,,,,,Upper middle income
Kosovo,XKX,2006,2.494,0.621646938601728,,,,,,Upper middle income
Kosovo,XKX,2007,2.393,4.35849695328369,,,,,,Upper middle income
Kosovo,XKX,2008,2.359,9.35041764658178,,,6352.6523195552,,,Upper middle income
Kosovo,XKX,2009,2.317,-2.41026401661229,,,6736.76108926692,,,Upper middle income
Kosovo,XKX,2010,2.223,3.48050763735842,,,7179.22277933687,,,Upper middle income
Kosovo,XKX,2011,2.038,7.3364177131527,,,7776.47393102774,,,Upper middle income
Kosovo,XKX,2012,1.969,2.47673782156533,,,7897.56692777876,,,Upper middle income
Kosovo,XKX,2013,1.953,1.76732428354892,,,8090.75939263902,,,Upper middle income
Kosovo,XKX,2014,1.87,0.428957808324092,,,8200.47420451574,,,Upper middle income
Kosovo,XKX,2015,1.763,-0.536929392740659,,,8714.91966356132,,,Upper middle income
Kosovo,XKX,2016,1.641,0.273169431045468,,,9157.04630742908,,,Upper middle income
Kosovo,XKX,2017,1.618,1.48823430592319,,,9380.94007290057,,,Upper middle income
Kosovo,XKX,2018,1.581,1.05379773654991,,,10018.7387080811,,,Upper middle income
Kosovo,XKX,2019,1.575,2.67599202639893,,,10861.0531745974,,,Upper middle income
Kosovo,XKX,2020,1.567,0.198227922994854,,,10532.5054692849,,,Upper middle income
Kosovo,XKX,2021,1.561,3.35369139207997,,,12362.4210181213,,,Upper middle income
Kosovo,XKX,2022,1.555,11.5805104542012,,,13950.896732241,,,Upper middle income
Kosovo,XKX,2023,1.545,4.94432438791283,,,15804.4065754058,,,Upper middle income
Kosovo,XKX,2024,1.538,1.61944994559476,,,17864.4160145118,,,Upper middle income
"Yemen, Rep.",YEM,2000,6.317,4.58999999999981,11.557,14.301,2623.64018991703,,,Low income
"Yemen, Rep.",YEM,2001,6.143,11.9115912929855,11.724,15.449,2701.87263707734,,,Low income
"Yemen, Rep.",YEM,2002,5.971,12.2385339389711,11.839,16.569,2768.48728890232,,,Low income
"Yemen, Rep.",YEM,2003,5.839,10.8323607023242,12.014,17.757,2844.12977507524,,,Low income
"Yemen, Rep.",YEM,2004,5.712,12.5150951495207,12.131,18.917,2948.84642049672,,,Low income
"Yemen, Rep.",YEM,2005,5.563,11.8112639374949,12.213,20.07,3113.44691089689,,,Low income
"Yemen, Rep.",YEM,2006,5.412,10.8447986914257,12.349,21.304,3205.30827063904,,,Low income
"Yemen, Rep.",YEM,2007,5.261,7.9051177898873,12.486,22.57,3293.63344207387,,,Low income
"Yemen, Rep.",YEM,2008,5.113,18.9762574318076,12.656,23.908,3369.54629170399,,,Low income
"Yemen, Rep.",YEM,2009,5.004,5.40776098077522,12.762,25.21,3410.61029534486,,,Low income
"Yemen, Rep.",YEM,2010,4.81,11.1748338605044,12.777,26.439,3603.03505664196,,,Low income
"Yemen, Rep.",YEM,2011,4.63,19.5435617131144,13.311,28.773,3113.38292725279,,,Low income
"Yemen, Rep.",YEM,2012,4.633,9.88538714484871,13.473,30.738,3004.92091434025,,,Low income
"Yemen, Rep.",YEM,2013,4.623,10.9684421500198,13.673,32.819,3164.32154223615,,,Low income
"Yemen, Rep.",YEM,2014,4.62,8.10472583623915,13.467,34.406,,,,Low income
"Yemen, Rep.",YEM,2015,4.617,,17.9,38.794,,,,Low income
"Yemen, Rep.",YEM,2016,4.613,,18.42,39.399,,,,Low income
"Yemen, Rep.",YEM,2017,4.61,,18.611,39.645,,,,Low income
"Yemen, Rep.",YEM,2018,4.607,,17.593,38.57,,,,Low income
"Yemen, Rep.",YEM,2019,4.603,,17.213,38.187,,,,Low income
"Yemen, Rep.",YEM,2020,4.6,,17.963,41.231,,,,Low income
"Yemen, Rep.",YEM,2021,4.597,,18.312,40.003,,,,Low income
"Yemen, Rep.",YEM,2022,4.593,,17.224,38.356,,,,Low income
"Yemen, Rep.",YEM,2023,4.59,,16.944,38.085,,,,Low income
"Yemen, Rep.",YEM,2024,4.499,,16.97,38.165,,,,Low income
South Africa,ZAF,2000,2.413,5.33895913599828,22.788,48.421,8095.29428867929,,,Upper middle income
South Africa,ZAF,2001,2.373,5.70189483049608,22.652,48.536,8428.31681707531,,,Upper middle income
South Africa,ZAF,2002,2.324,9.494713780996,22.579,48.746,8792.35588574265,,,Upper middle income
South Africa,ZAF,2003,2.358,5.67942414068799,22.679,49.271,9138.82823855017,,,Upper middle income
South Africa,ZAF,2004,2.436,-0.692039437857687,22.567,49.351,9713.65348468834,,,Upper middle income
South Africa,ZAF,2005,2.512,2.06285308223427,22.472,49.387,10440.6275147132,,,Upper middle income
South Africa,ZAF,2006,2.548,3.2439076541923,22.304,49.253,11250.179555872,,,Upper middle income
South Africa,ZAF,2007,2.545,6.17781214809388,22.26,49.365,12046.6051072501,,,Upper middle income
South Africa,ZAF,2008,2.679,9.90998456005467,22.407,49.864,12525.2630299811,,,Upper middle income
South Africa,ZAF,2009,2.501,7.23809523809527,23.523,51.93,12261.4115911303,,,Upper middle income
South Africa,ZAF,2010,2.445,4.06749555950263,24.683,54.695,12637.2912226018,,,Upper middle income
South Africa,ZAF,2011,2.436,5.0008533879502,24.639,54.899,13143.1933361097,,,Upper middle income
South Africa,ZAF,2012,2.447,5.73797139141739,24.727,56.702,12986.7976675307,,,Upper middle income
South Africa,ZAF,2013,2.428,5.78016910069176,24.561,55.667,13369.4382039605,,,Upper middle income
South Africa,ZAF,2014,2.424,6.13282953059149,24.89,55.522,13358.9417186608,,,Upper middle income
South Africa,ZAF,2015,2.359,4.51869094892506,25.149,55.217,13397.5234813346,,,Upper middle income
South Africa,ZAF,2016,2.261,6.60290842394872,26.536,59.798,13519.3235102376,,,Upper middle income
South Africa,ZAF,2017,2.283,5.18618655524149,27.035,59.045,13738.4385854596,,,Upper middle income
South Africa,ZAF,2018,2.27,4.50987264867388,26.906,59.264,13347.3634826038,,,Upper middle income
South Africa,ZAF,2019,2.264,4.10285075461156,28.468,62.268,13361.4851289112,,,Upper middle income
South Africa,ZAF,2020,2.257,3.23238831615113,29.217,64.571,12671.0862436851,,,Upper middle income
South Africa,ZAF,2021,2.248,4.61874544887136,34.007,70.558,13681.9548144813,,,Upper middle income
South Africa,ZAF,2022,2.227,7.03987272546482,33.268,66.18,14749.0478045301,,,Upper middle income
South Africa,ZAF,2023,2.216,6.0752438457966,32.098,64.343,15199.7329823776,,,Upper middle income
South Africa,ZAF,2024,2.205,4.36115246518962,32.279,64.13,15456.1989933658,,,Upper middle income
Zambia,ZMB,2000,5.921,26.0304117888121,12.93,21.702,1708.51552615927,,,Lower middle income
Zambia,ZMB,2001,5.848,21.3937821792546,13.404,23.181,1785.06711385476,,,Lower middle income
Zambia,ZMB,2002,5.774,22.2333446430947,14.131,25.091,1837.06585172035,,,Lower middle income
Zambia,ZMB,2003,5.71,21.4015783901995,14.704,26.853,1942.21520871647,,,Lower middle income
Zambia,ZMB,2004,5.698,17.9677891087286,15.332,28.769,2067.9372845653,,,Lower middle income
Zambia,ZMB,2005,5.697,18.324439701174,15.9,30.669,2212.81202553596,,,Lower middle income
Zambia,ZMB,2006,5.679,9.01957247226486,13.229,26.222,2377.99239778211,,,Lower middle income
Zambia,ZMB,2007,5.613,10.6573496000153,10.559,21.537,2554.68937629218,,,Lower middle income
Zambia,ZMB,2008,5.53,12.4455793463192,7.93,16.661,2708.00819669101,,,Lower middle income
Zambia,ZMB,2009,5.453,13.3952546325895,10.583,22.652,2872.46418366268,,,Lower middle income
Zambia,ZMB,2010,5.359,8.50176133365265,13.19,28.763,3097.66400499243,,,Lower middle income
Zambia,ZMB,2011,5.256,6.4293968107234,10.548,22.851,3228.48714255039,,,Lower middle income
Zambia,ZMB,2012,5.136,6.57589970757698,7.85,16.857,3323.63312219856,,,Lower middle income
Zambia,ZMB,2013,5.014,6.97767605490307,7.272,15.385,3477.28178777683,,,Lower middle income
Zambia,ZMB,2014,4.89,7.80687553566333,6.576,13.666,3441.31497643775,,,Lower middle income
Zambia,ZMB,2015,4.775,10.1105928909618,5.951,12.005,3337.47306887696,,,Lower middle income
Zambia,ZMB,2016,4.669,17.8697300795268,5.244,10.131,3313.35121570029,,,Lower middle income
Zambia,ZMB,2017,4.567,6.57731154205644,4.529,8.123,3391.62768492775,,,Lower middle income
Zambia,ZMB,2018,4.492,7.4945719272852,5.032,8.037,3442.27307196302,,,Lower middle income
Zambia,ZMB,2019,4.418,9.15031644316296,5.538,8.194,3361.39750299612,,,Lower middle income
Zambia,ZMB,2020,4.323,15.7330604721369,6.032,10.764,3157.30009311643,,,Lower middle income
Zambia,ZMB,2021,4.246,22.0207676245777,5.197,10.005,3503.03491418372,,,Lower middle income
Zambia,ZMB,2022,4.175,10.9932039209136,5.993,9.88,3840.72450511139,,,Lower middle income
Zambia,ZMB,2023,4.101,10.884531691282,5.861,9.788,4076.99508686641,,,Lower middle income
Zambia,ZMB,2024,4.036,14.9856262747939,5.898,9.845,4214.89277804799,,,Lower middle income
Zimbabwe,ZWE,2000,4.009,,5.685,10.024,3429.12057152309,,,Lower middle income
Zimbabwe,ZWE,2001,3.983,,5.313,9.632,3533.08605903604,,,Lower middle income
Zimbabwe,ZWE,2002,3.925,,5.005,9.305,3237.57082661378,,,Lower middle income
Zimbabwe,ZWE,2003,3.862,,4.738,9.026,2707.98957173272,,,Lower middle income
Zimbabwe,ZWE,2004,3.776,,4.39,8.619,2591.02005431794,,,Lower middle income
Zimbabwe,ZWE,2005,3.693,,4.632,8.959,2495.92081736268,,,Lower middle income
Zimbabwe,ZWE,2006,3.635,,4.767,9.172,2453.75642369722,,,Lower middle income
Zimbabwe,ZWE,2007,3.677,,5.008,9.554,2396.37835055325,,,Lower middle income
Zimbabwe,ZWE,2008,3.783,,5.401,10.133,1986.90882459937,,,Lower middle income
Zimbabwe,ZWE,2009,3.95,,5.476,10.289,2232.8525728967,,,Lower middle income
Zimbabwe,ZWE,2010,4.04,3.02267002518892,5.469,10.343,2661.36483256213,,,Lower middle income
Zimbabwe,ZWE,2011,4.126,3.4661297281749,5.368,10.266,3047.31708873749,,,Lower middle income
Zimbabwe,ZWE,2012,4.134,3.72532666110646,5.057,9.405,3472.48572001016,,,Lower middle income
Zimbabwe,ZWE,2013,4.111,1.63495041543822,4.948,8.785,3783.94633704647,,,Lower middle income
Zimbabwe,ZWE,2014,4.011,-0.19778481012661,4.774,8.068,3903.42797706084,,,Lower middle income
Zimbabwe,ZWE,2015,3.911,-2.43096842383404,5.399,9.08,4045.89864738798,,,Lower middle income
Zimbabwe,ZWE,2016,3.828,-1.54366960054161,5.896,9.936,4275.4493505094,,,Lower middle income
Zimbabwe,ZWE,2017,3.768,0.893962316050027,6.35,10.742,10756.4454416985,,,Lower middle income
Zimbabwe,ZWE,2018,3.744,10.6188658669575,6.788,11.526,3992.890718675,,,Lower middle income
Zimbabwe,ZWE,2019,3.748,255.304990757856,7.373,12.472,4165.55567835558,,,Lower middle income
Zimbabwe,ZWE,2020,3.754,557.201817362051,8.617,15.471,4178.58557943828,,,Lower middle income
Zimbabwe,ZWE,2021,3.765,98.5461050920624,9.54,16.289,4827.0886936086,,,Lower middle income
Zimbabwe,ZWE,2022,3.767,104.705170628667,10.087,17.821,5395.8562980064,,,Lower middle income
Zimbabwe,ZWE,2023,3.724,,9.348,16.421,5791.19212877988,,,Lower middle income
Zimbabwe,ZWE,2024,3.674,,9.435,16.53,5928.0806252756,,,Lower middle income
