country,country_code,year,female_youth_unemployment_15_24
Afghanistan,AFG,2025,28.496
Afghanistan,AFG,2024,29.719
Afghanistan,AFG,2023,30.133
Afghanistan,AFG,2022,30.212
Afghanistan,AFG,2021,21.231
Afghanistan,AFG,2020,21.237
Afghanistan,AFG,2019,20.021
Afghanistan,AFG,2018,20.559
Afghanistan,AFG,2017,21.157
Afghanistan,AFG,2016,18.615
Afghanistan,AFG,2015,16.028
Afghanistan,AFG,2014,13.368
Afghanistan,AFG,2013,13.455
Afghanistan,AFG,2012,13.487
Afghanistan,AFG,2011,13.494
Afghanistan,AFG,2010,13.535
Afghanistan,AFG,2009,13.602
Afghanistan,AFG,2008,13.752
Afghanistan,AFG,2007,13.777
Afghanistan,AFG,2006,13.894
Afghanistan,AFG,2005,13.914
Afghanistan,AFG,2004,13.851
Afghanistan,AFG,2003,13.928
Afghanistan,AFG,2002,13.963
Afghanistan,AFG,2001,14.08
Afghanistan,AFG,2000,13.983
Afghanistan,AFG,1999,13.937
Afghanistan,AFG,1998,13.895
Afghanistan,AFG,1997,13.853
Afghanistan,AFG,1996,13.834
Afghanistan,AFG,1995,13.789
Afghanistan,AFG,1994,13.775
Afghanistan,AFG,1993,13.773
Afghanistan,AFG,1992,13.807
Afghanistan,AFG,1991,13.807
Afghanistan,AFG,1990,
Afghanistan,AFG,1989,
Afghanistan,AFG,1988,
Afghanistan,AFG,1987,
Afghanistan,AFG,1986,
Afghanistan,AFG,1985,
Afghanistan,AFG,1984,
Afghanistan,AFG,1983,
Afghanistan,AFG,1982,
Afghanistan,AFG,1981,
Afghanistan,AFG,1980,
Afghanistan,AFG,1979,
Afghanistan,AFG,1978,
Afghanistan,AFG,1977,
Afghanistan,AFG,1976,
Afghanistan,AFG,1975,
Afghanistan,AFG,1974,
Afghanistan,AFG,1973,
Afghanistan,AFG,1972,
Afghanistan,AFG,1971,
Afghanistan,AFG,1970,
Afghanistan,AFG,1969,
Afghanistan,AFG,1968,
Afghanistan,AFG,1967,
Afghanistan,AFG,1966,
Afghanistan,AFG,1965,
Afghanistan,AFG,1964,
Afghanistan,AFG,1963,
Afghanistan,AFG,1962,
Afghanistan,AFG,1961,
Afghanistan,AFG,1960,
Albania,ALB,2025,25.858
Albania,ALB,2024,26.589
Albania,ALB,2023,26.421
Albania,ALB,2022,25.725
Albania,ALB,2021,29.497
Albania,ALB,2020,25.781
Albania,ALB,2019,25.97
Albania,ALB,2018,25.773
Albania,ALB,2017,27.386
Albania,ALB,2016,34.011
Albania,ALB,2015,40.195
Albania,ALB,2014,32.583
Albania,ALB,2013,27.027
Albania,ALB,2012,23.062
Albania,ALB,2011,19.507
Albania,ALB,2010,31.993
Albania,ALB,2009,28.521
Albania,ALB,2008,26.858
Albania,ALB,2007,25.119
Albania,ALB,2006,24.448
Albania,ALB,2005,24.765
Albania,ALB,2004,24.988
Albania,ALB,2003,25.821
Albania,ALB,2002,26.908
Albania,ALB,2001,27.83
Albania,ALB,2000,27.159
Albania,ALB,1999,29.756
Albania,ALB,1998,28.704
Albania,ALB,1997,22.779
Albania,ALB,1996,18.776
Albania,ALB,1995,20.377
Albania,ALB,1994,27.059
Albania,ALB,1993,32.593
Albania,ALB,1992,38.042
Albania,ALB,1991,14.382
Albania,ALB,1990,
Albania,ALB,1989,
Albania,ALB,1988,
Albania,ALB,1987,
Albania,ALB,1986,
Albania,ALB,1985,
Albania,ALB,1984,
Albania,ALB,1983,
Albania,ALB,1982,
Albania,ALB,1981,
Albania,ALB,1980,
Albania,ALB,1979,
Albania,ALB,1978,
Albania,ALB,1977,
Albania,ALB,1976,
Albania,ALB,1975,
Albania,ALB,1974,
Albania,ALB,1973,
Albania,ALB,1972,
Albania,ALB,1971,
Albania,ALB,1970,
Albania,ALB,1969,
Albania,ALB,1968,
Albania,ALB,1967,
Albania,ALB,1966,
Albania,ALB,1965,
Albania,ALB,1964,
Albania,ALB,1963,
Albania,ALB,1962,
Albania,ALB,1961,
Albania,ALB,1960,
Algeria,DZA,2025,45.003
Algeria,DZA,2024,45.56
Algeria,DZA,2023,45.735
Algeria,DZA,2022,47.469
Algeria,DZA,2021,50.939
Algeria,DZA,2020,54.36
Algeria,DZA,2019,47.369
Algeria,DZA,2018,46.844
Algeria,DZA,2017,46.427
Algeria,DZA,2016,44.59
Algeria,DZA,2015,45.213
Algeria,DZA,2014,39.723
Algeria,DZA,2013,41.468
Algeria,DZA,2012,40.76
Algeria,DZA,2011,35.781
Algeria,DZA,2010,38.099
Algeria,DZA,2009,35.283
Algeria,DZA,2008,33.756
Algeria,DZA,2007,33.432
Algeria,DZA,2006,25.904
Algeria,DZA,2005,30.057
Algeria,DZA,2004,29.774
Algeria,DZA,2003,39.395
Algeria,DZA,2002,39.89
Algeria,DZA,2001,39.417
Algeria,DZA,2000,41.52
Algeria,DZA,1999,39.357
Algeria,DZA,1998,36.833
Algeria,DZA,1997,34.671
Algeria,DZA,1996,36.696
Algeria,DZA,1995,39.331
Algeria,DZA,1994,32.75
Algeria,DZA,1993,29.649
Algeria,DZA,1992,26.435
Algeria,DZA,1991,21.23
Algeria,DZA,1990,
Algeria,DZA,1989,
Algeria,DZA,1988,
Algeria,DZA,1987,
Algeria,DZA,1986,
Algeria,DZA,1985,
Algeria,DZA,1984,
Algeria,DZA,1983,
Algeria,DZA,1982,
Algeria,DZA,1981,
Algeria,DZA,1980,
Algeria,DZA,1979,
Algeria,DZA,1978,
Algeria,DZA,1977,
Algeria,DZA,1976,
Algeria,DZA,1975,
Algeria,DZA,1974,
Algeria,DZA,1973,
Algeria,DZA,1972,
Algeria,DZA,1971,
Algeria,DZA,1970,
Algeria,DZA,1969,
Algeria,DZA,1968,
Algeria,DZA,1967,
Algeria,DZA,1966,
Algeria,DZA,1965,
Algeria,DZA,1964,
Algeria,DZA,1963,
Algeria,DZA,1962,
Algeria,DZA,1961,
Algeria,DZA,1960,
American Samoa,ASM,2025,
American Samoa,ASM,2024,
American Samoa,ASM,2023,
American Samoa,ASM,2022,
American Samoa,ASM,2021,
American Samoa,ASM,2020,
American Samoa,ASM,2019,
American Samoa,ASM,2018,
American Samoa,ASM,2017,
American Samoa,ASM,2016,
American Samoa,ASM,2015,
American Samoa,ASM,2014,
American Samoa,ASM,2013,
American Samoa,ASM,2012,
American Samoa,ASM,2011,
American Samoa,ASM,2010,
American Samoa,ASM,2009,
American Samoa,ASM,2008,
American Samoa,ASM,2007,
American Samoa,ASM,2006,
American Samoa,ASM,2005,
American Samoa,ASM,2004,
American Samoa,ASM,2003,
American Samoa,ASM,2002,
American Samoa,ASM,2001,
American Samoa,ASM,2000,
American Samoa,ASM,1999,
American Samoa,ASM,1998,
American Samoa,ASM,1997,
American Samoa,ASM,1996,
American Samoa,ASM,1995,
American Samoa,ASM,1994,
American Samoa,ASM,1993,
American Samoa,ASM,1992,
American Samoa,ASM,1991,
American Samoa,ASM,1990,
American Samoa,ASM,1989,
American Samoa,ASM,1988,
American Samoa,ASM,1987,
American Samoa,ASM,1986,
American Samoa,ASM,1985,
American Samoa,ASM,1984,
American Samoa,ASM,1983,
American Samoa,ASM,1982,
American Samoa,ASM,1981,
American Samoa,ASM,1980,
American Samoa,ASM,1979,
American Samoa,ASM,1978,
American Samoa,ASM,1977,
American Samoa,ASM,1976,
American Samoa,ASM,1975,
American Samoa,ASM,1974,
American Samoa,ASM,1973,
American Samoa,ASM,1972,
American Samoa,ASM,1971,
American Samoa,ASM,1970,
American Samoa,ASM,1969,
American Samoa,ASM,1968,
American Samoa,ASM,1967,
American Samoa,ASM,1966,
American Samoa,ASM,1965,
American Samoa,ASM,1964,
American Samoa,ASM,1963,
American Samoa,ASM,1962,
American Samoa,ASM,1961,
American Samoa,ASM,1960,
Andorra,AND,2025,
Andorra,AND,2024,
Andorra,AND,2023,
Andorra,AND,2022,
Andorra,AND,2021,
Andorra,AND,2020,
Andorra,AND,2019,
Andorra,AND,2018,
Andorra,AND,2017,
Andorra,AND,2016,
Andorra,AND,2015,
Andorra,AND,2014,
Andorra,AND,2013,
Andorra,AND,2012,
Andorra,AND,2011,
Andorra,AND,2010,
Andorra,AND,2009,
Andorra,AND,2008,
Andorra,AND,2007,
Andorra,AND,2006,
Andorra,AND,2005,
Andorra,AND,2004,
Andorra,AND,2003,
Andorra,AND,2002,
Andorra,AND,2001,
Andorra,AND,2000,
Andorra,AND,1999,
Andorra,AND,1998,
Andorra,AND,1997,
Andorra,AND,1996,
Andorra,AND,1995,
Andorra,AND,1994,
Andorra,AND,1993,
Andorra,AND,1992,
Andorra,AND,1991,
Andorra,AND,1990,
Andorra,AND,1989,
Andorra,AND,1988,
Andorra,AND,1987,
Andorra,AND,1986,
Andorra,AND,1985,
Andorra,AND,1984,
Andorra,AND,1983,
Andorra,AND,1982,
Andorra,AND,1981,
Andorra,AND,1980,
Andorra,AND,1979,
Andorra,AND,1978,
Andorra,AND,1977,
Andorra,AND,1976,
Andorra,AND,1975,
Andorra,AND,1974,
Andorra,AND,1973,
Andorra,AND,1972,
Andorra,AND,1971,
Andorra,AND,1970,
Andorra,AND,1969,
Andorra,AND,1968,
Andorra,AND,1967,
Andorra,AND,1966,
Andorra,AND,1965,
Andorra,AND,1964,
Andorra,AND,1963,
Andorra,AND,1962,
Andorra,AND,1961,
Andorra,AND,1960,
Angola,AGO,2025,26.666
Angola,AGO,2024,26.48
Angola,AGO,2023,26.574
Angola,AGO,2022,26.924
Angola,AGO,2021,27.627
Angola,AGO,2020,30.731
Angola,AGO,2019,29.501
Angola,AGO,2018,30.967
Angola,AGO,2017,32.296
Angola,AGO,2016,33.516
Angola,AGO,2015,34.619
Angola,AGO,2014,35.692
Angola,AGO,2013,37.114
Angola,AGO,2012,38.511
Angola,AGO,2011,40.245
Angola,AGO,2010,39.533
Angola,AGO,2009,39.063
Angola,AGO,2008,38.576
Angola,AGO,2007,38.389
Angola,AGO,2006,38.51
Angola,AGO,2005,38.887
Angola,AGO,2004,38.946
Angola,AGO,2003,39.253
Angola,AGO,2002,39.276
Angola,AGO,2001,39.813
Angola,AGO,2000,39.823
Angola,AGO,1999,39.665
Angola,AGO,1998,39.189
Angola,AGO,1997,38.757
Angola,AGO,1996,39.018
Angola,AGO,1995,40.689
Angola,AGO,1994,41.629
Angola,AGO,1993,41.606
Angola,AGO,1992,40.634
Angola,AGO,1991,40.334
Angola,AGO,1990,
Angola,AGO,1989,
Angola,AGO,1988,
Angola,AGO,1987,
Angola,AGO,1986,
Angola,AGO,1985,
Angola,AGO,1984,
Angola,AGO,1983,
Angola,AGO,1982,
Angola,AGO,1981,
Angola,AGO,1980,
Angola,AGO,1979,
Angola,AGO,1978,
Angola,AGO,1977,
Angola,AGO,1976,
Angola,AGO,1975,
Angola,AGO,1974,
Angola,AGO,1973,
Angola,AGO,1972,
Angola,AGO,1971,
Angola,AGO,1970,
Angola,AGO,1969,
Angola,AGO,1968,
Angola,AGO,1967,
Angola,AGO,1966,
Angola,AGO,1965,
Angola,AGO,1964,
Angola,AGO,1963,
Angola,AGO,1962,
Angola,AGO,1961,
Angola,AGO,1960,
Antigua and Barbuda,ATG,2025,
Antigua and Barbuda,ATG,2024,
Antigua and Barbuda,ATG,2023,
Antigua and Barbuda,ATG,2022,
Antigua and Barbuda,ATG,2021,
Antigua and Barbuda,ATG,2020,
Antigua and Barbuda,ATG,2019,
Antigua and Barbuda,ATG,2018,
Antigua and Barbuda,ATG,2017,
Antigua and Barbuda,ATG,2016,
Antigua and Barbuda,ATG,2015,
Antigua and Barbuda,ATG,2014,
Antigua and Barbuda,ATG,2013,
Antigua and Barbuda,ATG,2012,
Antigua and Barbuda,ATG,2011,
Antigua and Barbuda,ATG,2010,
Antigua and Barbuda,ATG,2009,
Antigua and Barbuda,ATG,2008,
Antigua and Barbuda,ATG,2007,
Antigua and Barbuda,ATG,2006,
Antigua and Barbuda,ATG,2005,
Antigua and Barbuda,ATG,2004,
Antigua and Barbuda,ATG,2003,
Antigua and Barbuda,ATG,2002,
Antigua and Barbuda,ATG,2001,
Antigua and Barbuda,ATG,2000,
Antigua and Barbuda,ATG,1999,
Antigua and Barbuda,ATG,1998,
Antigua and Barbuda,ATG,1997,
Antigua and Barbuda,ATG,1996,
Antigua and Barbuda,ATG,1995,
Antigua and Barbuda,ATG,1994,
Antigua and Barbuda,ATG,1993,
Antigua and Barbuda,ATG,1992,
Antigua and Barbuda,ATG,1991,
Antigua and Barbuda,ATG,1990,
Antigua and Barbuda,ATG,1989,
Antigua and Barbuda,ATG,1988,
Antigua and Barbuda,ATG,1987,
Antigua and Barbuda,ATG,1986,
Antigua and Barbuda,ATG,1985,
Antigua and Barbuda,ATG,1984,
Antigua and Barbuda,ATG,1983,
Antigua and Barbuda,ATG,1982,
Antigua and Barbuda,ATG,1981,
Antigua and Barbuda,ATG,1980,
Antigua and Barbuda,ATG,1979,
Antigua and Barbuda,ATG,1978,
Antigua and Barbuda,ATG,1977,
Antigua and Barbuda,ATG,1976,
Antigua and Barbuda,ATG,1975,
Antigua and Barbuda,ATG,1974,
Antigua and Barbuda,ATG,1973,
Antigua and Barbuda,ATG,1972,
Antigua and Barbuda,ATG,1971,
Antigua and Barbuda,ATG,1970,
Antigua and Barbuda,ATG,1969,
Antigua and Barbuda,ATG,1968,
Antigua and Barbuda,ATG,1967,
Antigua and Barbuda,ATG,1966,
Antigua and Barbuda,ATG,1965,
Antigua and Barbuda,ATG,1964,
Antigua and Barbuda,ATG,1963,
Antigua and Barbuda,ATG,1962,
Antigua and Barbuda,ATG,1961,
Antigua and Barbuda,ATG,1960,
Argentina,ARG,2025,21.011
Argentina,ARG,2024,20.172
Argentina,ARG,2023,19.379
Argentina,ARG,2022,20.723
Argentina,ARG,2021,26.688
Argentina,ARG,2020,35.019
Argentina,ARG,2019,28.559
Argentina,ARG,2018,27.869
Argentina,ARG,2017,26.947
Argentina,ARG,2016,25.592
Argentina,ARG,2015,23.714
Argentina,ARG,2014,22.271
Argentina,ARG,2013,23.28
Argentina,ARG,2012,23.025
Argentina,ARG,2011,22.086
Argentina,ARG,2010,23.565
Argentina,ARG,2009,24.521
Argentina,ARG,2008,22.118
Argentina,ARG,2007,24.362
Argentina,ARG,2006,29.202
Argentina,ARG,2005,30.653
Argentina,ARG,2004,34.538
Argentina,ARG,2003,37.704
Argentina,ARG,2002,39.794
Argentina,ARG,2001,36.742
Argentina,ARG,2000,35.218
Argentina,ARG,1999,32.828
Argentina,ARG,1998,30.646
Argentina,ARG,1997,38.242
Argentina,ARG,1996,41.333
Argentina,ARG,1995,47.781
Argentina,ARG,1994,30.297
Argentina,ARG,1993,27.339
Argentina,ARG,1992,14.395
Argentina,ARG,1991,12.143
Argentina,ARG,1990,
Argentina,ARG,1989,
Argentina,ARG,1988,
Argentina,ARG,1987,
Argentina,ARG,1986,
Argentina,ARG,1985,
Argentina,ARG,1984,
Argentina,ARG,1983,
Argentina,ARG,1982,
Argentina,ARG,1981,
Argentina,ARG,1980,
Argentina,ARG,1979,
Argentina,ARG,1978,
Argentina,ARG,1977,
Argentina,ARG,1976,
Argentina,ARG,1975,
Argentina,ARG,1974,
Argentina,ARG,1973,
Argentina,ARG,1972,
Argentina,ARG,1971,
Argentina,ARG,1970,
Argentina,ARG,1969,
Argentina,ARG,1968,
Argentina,ARG,1967,
Argentina,ARG,1966,
Argentina,ARG,1965,
Argentina,ARG,1964,
Argentina,ARG,1963,
Argentina,ARG,1962,
Argentina,ARG,1961,
Argentina,ARG,1960,
Armenia,ARM,2025,30.572
Armenia,ARM,2024,31.225
Armenia,ARM,2023,31.325
Armenia,ARM,2022,30.674
Armenia,ARM,2021,33.337
Armenia,ARM,2020,33.373
Armenia,ARM,2019,35.098
Armenia,ARM,2018,40.157
Armenia,ARM,2017,44.989
Armenia,ARM,2016,44.512
Armenia,ARM,2015,36.976
Armenia,ARM,2014,44.207
Armenia,ARM,2013,40.453
Armenia,ARM,2012,38.853
Armenia,ARM,2011,42.966
Armenia,ARM,2010,44.911
Armenia,ARM,2009,44.24
Armenia,ARM,2008,40.664
Armenia,ARM,2007,10.541
Armenia,ARM,2006,11.134
Armenia,ARM,2005,11.716
Armenia,ARM,2004,12.303
Armenia,ARM,2003,12.892
Armenia,ARM,2002,13.506
Armenia,ARM,2001,14.128
Armenia,ARM,2000,14.735
Armenia,ARM,1999,15.352
Armenia,ARM,1998,13.752
Armenia,ARM,1997,17.203
Armenia,ARM,1996,14.914
Armenia,ARM,1995,10.249
Armenia,ARM,1994,8.589
Armenia,ARM,1993,7.415
Armenia,ARM,1992,2.402
Armenia,ARM,1991,2.38
Armenia,ARM,1990,
Armenia,ARM,1989,
Armenia,ARM,1988,
Armenia,ARM,1987,
Armenia,ARM,1986,
Armenia,ARM,1985,
Armenia,ARM,1984,
Armenia,ARM,1983,
Armenia,ARM,1982,
Armenia,ARM,1981,
Armenia,ARM,1980,
Armenia,ARM,1979,
Armenia,ARM,1978,
Armenia,ARM,1977,
Armenia,ARM,1976,
Armenia,ARM,1975,
Armenia,ARM,1974,
Armenia,ARM,1973,
Armenia,ARM,1972,
Armenia,ARM,1971,
Armenia,ARM,1970,
Armenia,ARM,1969,
Armenia,ARM,1968,
Armenia,ARM,1967,
Armenia,ARM,1966,
Armenia,ARM,1965,
Armenia,ARM,1964,
Armenia,ARM,1963,
Armenia,ARM,1962,
Armenia,ARM,1961,
Armenia,ARM,1960,
Aruba,ABW,2025,
Aruba,ABW,2024,
Aruba,ABW,2023,
Aruba,ABW,2022,
Aruba,ABW,2021,
Aruba,ABW,2020,
Aruba,ABW,2019,
Aruba,ABW,2018,
Aruba,ABW,2017,
Aruba,ABW,2016,
Aruba,ABW,2015,
Aruba,ABW,2014,
Aruba,ABW,2013,
Aruba,ABW,2012,
Aruba,ABW,2011,
Aruba,ABW,2010,
Aruba,ABW,2009,
Aruba,ABW,2008,
Aruba,ABW,2007,
Aruba,ABW,2006,
Aruba,ABW,2005,
Aruba,ABW,2004,
Aruba,ABW,2003,
Aruba,ABW,2002,
Aruba,ABW,2001,
Aruba,ABW,2000,
Aruba,ABW,1999,
Aruba,ABW,1998,
Aruba,ABW,1997,
Aruba,ABW,1996,
Aruba,ABW,1995,
Aruba,ABW,1994,
Aruba,ABW,1993,
Aruba,ABW,1992,
Aruba,ABW,1991,
Aruba,ABW,1990,
Aruba,ABW,1989,
Aruba,ABW,1988,
Aruba,ABW,1987,
Aruba,ABW,1986,
Aruba,ABW,1985,
Aruba,ABW,1984,
Aruba,ABW,1983,
Aruba,ABW,1982,
Aruba,ABW,1981,
Aruba,ABW,1980,
Aruba,ABW,1979,
Aruba,ABW,1978,
Aruba,ABW,1977,
Aruba,ABW,1976,
Aruba,ABW,1975,
Aruba,ABW,1974,
Aruba,ABW,1973,
Aruba,ABW,1972,
Aruba,ABW,1971,
Aruba,ABW,1970,
Aruba,ABW,1969,
Aruba,ABW,1968,
Aruba,ABW,1967,
Aruba,ABW,1966,
Aruba,ABW,1965,
Aruba,ABW,1964,
Aruba,ABW,1963,
Aruba,ABW,1962,
Aruba,ABW,1961,
Aruba,ABW,1960,
Australia,AUS,2025,8.433
Australia,AUS,2024,8.125
Australia,AUS,2023,7.453
Australia,AUS,2022,7.552
Australia,AUS,2021,9.729
Australia,AUS,2020,13.252
Australia,AUS,2019,10.57
Australia,AUS,2018,11.04
Australia,AUS,2017,11.466
Australia,AUS,2016,11.398
Australia,AUS,2015,11.913
Australia,AUS,2014,12.47
Australia,AUS,2013,11.355
Australia,AUS,2012,10.955
Australia,AUS,2011,10.78
Australia,AUS,2010,11.125
Australia,AUS,2009,10.351
Australia,AUS,2008,8.6
Australia,AUS,2007,9.245
Australia,AUS,2006,9.47
Australia,AUS,2005,10.341
Australia,AUS,2004,10.865
Australia,AUS,2003,11.281
Australia,AUS,2002,11.725
Australia,AUS,2001,12.282
Australia,AUS,2000,11.224
Australia,AUS,1999,12.436
Australia,AUS,1998,13.53
Australia,AUS,1997,14.651
Australia,AUS,1996,14.816
Australia,AUS,1995,14.834
Australia,AUS,1994,16.276
Australia,AUS,1993,17.223
Australia,AUS,1992,17.618
Australia,AUS,1991,16.278
Australia,AUS,1990,
Australia,AUS,1989,
Australia,AUS,1988,
Australia,AUS,1987,
Australia,AUS,1986,
Australia,AUS,1985,
Australia,AUS,1984,
Australia,AUS,1983,
Australia,AUS,1982,
Australia,AUS,1981,
Australia,AUS,1980,
Australia,AUS,1979,
Australia,AUS,1978,
Australia,AUS,1977,
Australia,AUS,1976,
Australia,AUS,1975,
Australia,AUS,1974,
Australia,AUS,1973,
Australia,AUS,1972,
Australia,AUS,1971,
Australia,AUS,1970,
Australia,AUS,1969,
Australia,AUS,1968,
Australia,AUS,1967,
Australia,AUS,1966,
Australia,AUS,1965,
Australia,AUS,1964,
Australia,AUS,1963,
Australia,AUS,1962,
Australia,AUS,1961,
Australia,AUS,1960,
Austria,AUT,2025,10.73
Austria,AUT,2024,10.215
Austria,AUT,2023,11.263
Austria,AUT,2022,10.281
Austria,AUT,2021,12.339
Austria,AUT,2020,9.065
Austria,AUT,2019,7.928
Austria,AUT,2018,9.468
Austria,AUT,2017,8.881
Austria,AUT,2016,10.37
Austria,AUT,2015,10.166
Austria,AUT,2014,10.074
Austria,AUT,2013,10.064
Austria,AUT,2012,9.339
Austria,AUT,2011,9.261
Austria,AUT,2010,9.477
Austria,AUT,2009,10.167
Austria,AUT,2008,8.679
Austria,AUT,2007,9.689
Austria,AUT,2006,9.88
Austria,AUT,2005,10.409
Austria,AUT,2004,10.829
Austria,AUT,2003,6.737
Austria,AUT,2002,6.541
Austria,AUT,2001,5.78
Austria,AUT,2000,5.57
Austria,AUT,1999,6.375
Austria,AUT,1998,7.606
Austria,AUT,1997,7.324
Austria,AUT,1996,6.514
Austria,AUT,1995,6.172
Austria,AUT,1994,5.249
Austria,AUT,1993,4.571
Austria,AUT,1992,3.994
Austria,AUT,1991,3.404
Austria,AUT,1990,
Austria,AUT,1989,
Austria,AUT,1988,
Austria,AUT,1987,
Austria,AUT,1986,
Austria,AUT,1985,
Austria,AUT,1984,
Austria,AUT,1983,
Austria,AUT,1982,
Austria,AUT,1981,
Austria,AUT,1980,
Austria,AUT,1979,
Austria,AUT,1978,
Austria,AUT,1977,
Austria,AUT,1976,
Austria,AUT,1975,
Austria,AUT,1974,
Austria,AUT,1973,
Austria,AUT,1972,
Austria,AUT,1971,
Austria,AUT,1970,
Austria,AUT,1969,
Austria,AUT,1968,
Austria,AUT,1967,
Austria,AUT,1966,
Austria,AUT,1965,
Austria,AUT,1964,
Austria,AUT,1963,
Austria,AUT,1962,
Austria,AUT,1961,
Austria,AUT,1960,
Azerbaijan,AZE,2025,14.707
Azerbaijan,AZE,2024,15.224
Azerbaijan,AZE,2023,15.25
Azerbaijan,AZE,2022,15.267
Azerbaijan,AZE,2021,16.511
Azerbaijan,AZE,2020,17.626
Azerbaijan,AZE,2019,12.743
Azerbaijan,AZE,2018,13.269
Azerbaijan,AZE,2017,14.323
Azerbaijan,AZE,2016,14.984
Azerbaijan,AZE,2015,15.631
Azerbaijan,AZE,2014,15.679
Azerbaijan,AZE,2013,15.713
Azerbaijan,AZE,2012,16.095
Azerbaijan,AZE,2011,14.614
Azerbaijan,AZE,2010,14.762
Azerbaijan,AZE,2009,14.634
Azerbaijan,AZE,2008,11.963
Azerbaijan,AZE,2007,11.594
Azerbaijan,AZE,2006,14.338
Azerbaijan,AZE,2005,16.255
Azerbaijan,AZE,2004,21.279
Azerbaijan,AZE,2003,20.877
Azerbaijan,AZE,2002,24.683
Azerbaijan,AZE,2001,25.647
Azerbaijan,AZE,2000,25.287
Azerbaijan,AZE,1999,23.21
Azerbaijan,AZE,1998,21.178
Azerbaijan,AZE,1997,19.115
Azerbaijan,AZE,1996,16.94
Azerbaijan,AZE,1995,15.057
Azerbaijan,AZE,1994,13.318
Azerbaijan,AZE,1993,9.672
Azerbaijan,AZE,1992,3.942
Azerbaijan,AZE,1991,2.007
Azerbaijan,AZE,1990,
Azerbaijan,AZE,1989,
Azerbaijan,AZE,1988,
Azerbaijan,AZE,1987,
Azerbaijan,AZE,1986,
Azerbaijan,AZE,1985,
Azerbaijan,AZE,1984,
Azerbaijan,AZE,1983,
Azerbaijan,AZE,1982,
Azerbaijan,AZE,1981,
Azerbaijan,AZE,1980,
Azerbaijan,AZE,1979,
Azerbaijan,AZE,1978,
Azerbaijan,AZE,1977,
Azerbaijan,AZE,1976,
Azerbaijan,AZE,1975,
Azerbaijan,AZE,1974,
Azerbaijan,AZE,1973,
Azerbaijan,AZE,1972,
Azerbaijan,AZE,1971,
Azerbaijan,AZE,1970,
Azerbaijan,AZE,1969,
Azerbaijan,AZE,1968,
Azerbaijan,AZE,1967,
Azerbaijan,AZE,1966,
Azerbaijan,AZE,1965,
Azerbaijan,AZE,1964,
Azerbaijan,AZE,1963,
Azerbaijan,AZE,1962,
Azerbaijan,AZE,1961,
Azerbaijan,AZE,1960,
"Bahamas, The",BHS,2025,19.598
"Bahamas, The",BHS,2024,17.69
"Bahamas, The",BHS,2023,17.162
"Bahamas, The",BHS,2022,18.354
"Bahamas, The",BHS,2021,21.814
"Bahamas, The",BHS,2020,24.32
"Bahamas, The",BHS,2019,19.811
"Bahamas, The",BHS,2018,24.848
"Bahamas, The",BHS,2017,26.43
"Bahamas, The",BHS,2016,31.804
"Bahamas, The",BHS,2015,28.694
"Bahamas, The",BHS,2014,32.527
"Bahamas, The",BHS,2013,36.321
"Bahamas, The",BHS,2012,31.46
"Bahamas, The",BHS,2011,29.238
"Bahamas, The",BHS,2010,29.588
"Bahamas, The",BHS,2009,29.874
"Bahamas, The",BHS,2008,19.986
"Bahamas, The",BHS,2007,21.492
"Bahamas, The",BHS,2006,18.147
"Bahamas, The",BHS,2005,24.152
"Bahamas, The",BHS,2004,25.903
"Bahamas, The",BHS,2003,29.362
"Bahamas, The",BHS,2002,23.193
"Bahamas, The",BHS,2001,16.046
"Bahamas, The",BHS,2000,19.095
"Bahamas, The",BHS,1999,22.288
"Bahamas, The",BHS,1998,22.941
"Bahamas, The",BHS,1997,30.511
"Bahamas, The",BHS,1996,31.259
"Bahamas, The",BHS,1995,24.42
"Bahamas, The",BHS,1994,28.98
"Bahamas, The",BHS,1993,26.548
"Bahamas, The",BHS,1992,31.504
"Bahamas, The",BHS,1991,25.127
"Bahamas, The",BHS,1990,
"Bahamas, The",BHS,1989,
"Bahamas, The",BHS,1988,
"Bahamas, The",BHS,1987,
"Bahamas, The",BHS,1986,
"Bahamas, The",BHS,1985,
"Bahamas, The",BHS,1984,
"Bahamas, The",BHS,1983,
"Bahamas, The",BHS,1982,
"Bahamas, The",BHS,1981,
"Bahamas, The",BHS,1980,
"Bahamas, The",BHS,1979,
"Bahamas, The",BHS,1978,
"Bahamas, The",BHS,1977,
"Bahamas, The",BHS,1976,
"Bahamas, The",BHS,1975,
"Bahamas, The",BHS,1974,
"Bahamas, The",BHS,1973,
"Bahamas, The",BHS,1972,
"Bahamas, The",BHS,1971,
"Bahamas, The",BHS,1970,
"Bahamas, The",BHS,1969,
"Bahamas, The",BHS,1968,
"Bahamas, The",BHS,1967,
"Bahamas, The",BHS,1966,
"Bahamas, The",BHS,1965,
"Bahamas, The",BHS,1964,
"Bahamas, The",BHS,1963,
"Bahamas, The",BHS,1962,
"Bahamas, The",BHS,1961,
"Bahamas, The",BHS,1960,
Bahrain,BHR,2025,12.545
Bahrain,BHR,2024,12.63
Bahrain,BHR,2023,12.693
Bahrain,BHR,2022,12.969
Bahrain,BHR,2021,14.472
Bahrain,BHR,2020,15.917
Bahrain,BHR,2019,12.938
Bahrain,BHR,2018,12.94
Bahrain,BHR,2017,12.948
Bahrain,BHR,2016,12.828
Bahrain,BHR,2015,12.546
Bahrain,BHR,2014,12.623
Bahrain,BHR,2013,13.01
Bahrain,BHR,2012,13.292
Bahrain,BHR,2011,13.086
Bahrain,BHR,2010,11.756
Bahrain,BHR,2009,11.114
Bahrain,BHR,2008,10.487
Bahrain,BHR,2007,10.031
Bahrain,BHR,2006,9.692
Bahrain,BHR,2005,9.334
Bahrain,BHR,2004,9.157
Bahrain,BHR,2003,9.421
Bahrain,BHR,2002,9.517
Bahrain,BHR,2001,9.488
Bahrain,BHR,2000,9.377
Bahrain,BHR,1999,9.513
Bahrain,BHR,1998,9.6
Bahrain,BHR,1997,9.761
Bahrain,BHR,1996,10.08
Bahrain,BHR,1995,9.769
Bahrain,BHR,1994,9.771
Bahrain,BHR,1993,9.316
Bahrain,BHR,1992,9.846
Bahrain,BHR,1991,10.105
Bahrain,BHR,1990,
Bahrain,BHR,1989,
Bahrain,BHR,1988,
Bahrain,BHR,1987,
Bahrain,BHR,1986,
Bahrain,BHR,1985,
Bahrain,BHR,1984,
Bahrain,BHR,1983,
Bahrain,BHR,1982,
Bahrain,BHR,1981,
Bahrain,BHR,1980,
Bahrain,BHR,1979,
Bahrain,BHR,1978,
Bahrain,BHR,1977,
Bahrain,BHR,1976,
Bahrain,BHR,1975,
Bahrain,BHR,1974,
Bahrain,BHR,1973,
Bahrain,BHR,1972,
Bahrain,BHR,1971,
Bahrain,BHR,1970,
Bahrain,BHR,1969,
Bahrain,BHR,1968,
Bahrain,BHR,1967,
Bahrain,BHR,1966,
Bahrain,BHR,1965,
Bahrain,BHR,1964,
Bahrain,BHR,1963,
Bahrain,BHR,1962,
Bahrain,BHR,1961,
Bahrain,BHR,1960,
Bangladesh,BGD,2025,5.333
Bangladesh,BGD,2024,4.933
Bangladesh,BGD,2023,4.671
Bangladesh,BGD,2022,7.732
Bangladesh,BGD,2021,9.979
Bangladesh,BGD,2020,12.11
Bangladesh,BGD,2019,11.935
Bangladesh,BGD,2018,13.803
Bangladesh,BGD,2017,16.225
Bangladesh,BGD,2016,14.094
Bangladesh,BGD,2015,12.391
Bangladesh,BGD,2014,10.942
Bangladesh,BGD,2013,9.694
Bangladesh,BGD,2012,8.808
Bangladesh,BGD,2011,7.939
Bangladesh,BGD,2010,7.049
Bangladesh,BGD,2009,12.107
Bangladesh,BGD,2008,11.975
Bangladesh,BGD,2007,11.893
Bangladesh,BGD,2006,11.921
Bangladesh,BGD,2005,12.819
Bangladesh,BGD,2004,9.51
Bangladesh,BGD,2003,6.013
Bangladesh,BGD,2002,7.496
Bangladesh,BGD,2001,8.858
Bangladesh,BGD,2000,10.123
Bangladesh,BGD,1999,8.992
Bangladesh,BGD,1998,7.852
Bangladesh,BGD,1997,6.723
Bangladesh,BGD,1996,5.612
Bangladesh,BGD,1995,5.635
Bangladesh,BGD,1994,5.663
Bangladesh,BGD,1993,5.712
Bangladesh,BGD,1992,5.736
Bangladesh,BGD,1991,5.829
Bangladesh,BGD,1990,
Bangladesh,BGD,1989,
Bangladesh,BGD,1988,
Bangladesh,BGD,1987,
Bangladesh,BGD,1986,
Bangladesh,BGD,1985,
Bangladesh,BGD,1984,
Bangladesh,BGD,1983,
Bangladesh,BGD,1982,
Bangladesh,BGD,1981,
Bangladesh,BGD,1980,
Bangladesh,BGD,1979,
Bangladesh,BGD,1978,
Bangladesh,BGD,1977,
Bangladesh,BGD,1976,
Bangladesh,BGD,1975,
Bangladesh,BGD,1974,
Bangladesh,BGD,1973,
Bangladesh,BGD,1972,
Bangladesh,BGD,1971,
Bangladesh,BGD,1970,
Bangladesh,BGD,1969,
Bangladesh,BGD,1968,
Bangladesh,BGD,1967,
Bangladesh,BGD,1966,
Bangladesh,BGD,1965,
Bangladesh,BGD,1964,
Bangladesh,BGD,1963,
Bangladesh,BGD,1962,
Bangladesh,BGD,1961,
Bangladesh,BGD,1960,
Barbados,BRB,2025,17.614
Barbados,BRB,2024,16.891
Barbados,BRB,2023,17.077
Barbados,BRB,2022,25.684
Barbados,BRB,2021,31.302
Barbados,BRB,2020,28.861
Barbados,BRB,2019,21.059
Barbados,BRB,2018,24.053
Barbados,BRB,2017,25.592
Barbados,BRB,2016,27.718
Barbados,BRB,2015,29.697
Barbados,BRB,2014,37.456
Barbados,BRB,2013,31.623
Barbados,BRB,2012,32.482
Barbados,BRB,2011,31.21
Barbados,BRB,2010,24.826
Barbados,BRB,2009,23.495
Barbados,BRB,2008,22.298
Barbados,BRB,2007,19.777
Barbados,BRB,2006,22.817
Barbados,BRB,2005,24.88
Barbados,BRB,2004,23.886
Barbados,BRB,2003,28.034
Barbados,BRB,2002,25.635
Barbados,BRB,2001,25.621
Barbados,BRB,2000,23.869
Barbados,BRB,1999,27.241
Barbados,BRB,1998,29.392
Barbados,BRB,1997,34.696
Barbados,BRB,1996,31.803
Barbados,BRB,1995,42.603
Barbados,BRB,1994,49.79
Barbados,BRB,1993,47.461
Barbados,BRB,1992,47.514
Barbados,BRB,1991,46.157
Barbados,BRB,1990,
Barbados,BRB,1989,
Barbados,BRB,1988,
Barbados,BRB,1987,
Barbados,BRB,1986,
Barbados,BRB,1985,
Barbados,BRB,1984,
Barbados,BRB,1983,
Barbados,BRB,1982,
Barbados,BRB,1981,
Barbados,BRB,1980,
Barbados,BRB,1979,
Barbados,BRB,1978,
Barbados,BRB,1977,
Barbados,BRB,1976,
Barbados,BRB,1975,
Barbados,BRB,1974,
Barbados,BRB,1973,
Barbados,BRB,1972,
Barbados,BRB,1971,
Barbados,BRB,1970,
Barbados,BRB,1969,
Barbados,BRB,1968,
Barbados,BRB,1967,
Barbados,BRB,1966,
Barbados,BRB,1965,
Barbados,BRB,1964,
Barbados,BRB,1963,
Barbados,BRB,1962,
Barbados,BRB,1961,
Barbados,BRB,1960,
Belarus,BLR,2025,7.783
Belarus,BLR,2024,8.936
Belarus,BLR,2023,8.986
Belarus,BLR,2022,9.797
Belarus,BLR,2021,9.565
Belarus,BLR,2020,10.096
Belarus,BLR,2019,7.342
Belarus,BLR,2018,8.369
Belarus,BLR,2017,7.264
Belarus,BLR,2016,8.5
Belarus,BLR,2015,8.603
Belarus,BLR,2014,8.69
Belarus,BLR,2013,8.775
Belarus,BLR,2012,8.842
Belarus,BLR,2011,8.943
Belarus,BLR,2010,9.016
Belarus,BLR,2009,9.113
Belarus,BLR,2008,10.037
Belarus,BLR,2007,11.012
Belarus,BLR,2006,11.97
Belarus,BLR,2005,12.965
Belarus,BLR,2004,13.981
Belarus,BLR,2003,15.03
Belarus,BLR,2002,16.042
Belarus,BLR,2001,17.062
Belarus,BLR,2000,18.025
Belarus,BLR,1999,18.956
Belarus,BLR,1998,20.711
Belarus,BLR,1997,25.083
Belarus,BLR,1996,35.421
Belarus,BLR,1995,25.63
Belarus,BLR,1994,18.653
Belarus,BLR,1993,12.512
Belarus,BLR,1992,4.601
Belarus,BLR,1991,0.898
Belarus,BLR,1990,
Belarus,BLR,1989,
Belarus,BLR,1988,
Belarus,BLR,1987,
Belarus,BLR,1986,
Belarus,BLR,1985,
Belarus,BLR,1984,
Belarus,BLR,1983,
Belarus,BLR,1982,
Belarus,BLR,1981,
Belarus,BLR,1980,
Belarus,BLR,1979,
Belarus,BLR,1978,
Belarus,BLR,1977,
Belarus,BLR,1976,
Belarus,BLR,1975,
Belarus,BLR,1974,
Belarus,BLR,1973,
Belarus,BLR,1972,
Belarus,BLR,1971,
Belarus,BLR,1970,
Belarus,BLR,1969,
Belarus,BLR,1968,
Belarus,BLR,1967,
Belarus,BLR,1966,
Belarus,BLR,1965,
Belarus,BLR,1964,
Belarus,BLR,1963,
Belarus,BLR,1962,
Belarus,BLR,1961,
Belarus,BLR,1960,
Belgium,BEL,2025,15.59
Belgium,BEL,2024,14.898
Belgium,BEL,2023,14.379
Belgium,BEL,2022,14.45
Belgium,BEL,2021,16.177
Belgium,BEL,2020,15.117
Belgium,BEL,2019,12.266
Belgium,BEL,2018,15.263
Belgium,BEL,2017,18.026
Belgium,BEL,2016,18.144
Belgium,BEL,2015,20.041
Belgium,BEL,2014,22.331
Belgium,BEL,2013,22.465
Belgium,BEL,2012,18.863
Belgium,BEL,2011,18.738
Belgium,BEL,2010,22.358
Belgium,BEL,2009,22.485
Belgium,BEL,2008,18.718
Belgium,BEL,2007,20.879
Belgium,BEL,2006,22.565
Belgium,BEL,2005,22.059
Belgium,BEL,2004,19.506
Belgium,BEL,2003,17.501
Belgium,BEL,2002,15.169
Belgium,BEL,2001,16.626
Belgium,BEL,2000,18.157
Belgium,BEL,1999,22.439
Belgium,BEL,1998,23.047
Belgium,BEL,1997,25.728
Belgium,BEL,1996,24.432
Belgium,BEL,1995,23.708
Belgium,BEL,1994,23.394
Belgium,BEL,1993,19.673
Belgium,BEL,1992,15.241
Belgium,BEL,1991,17.208
Belgium,BEL,1990,
Belgium,BEL,1989,
Belgium,BEL,1988,
Belgium,BEL,1987,
Belgium,BEL,1986,
Belgium,BEL,1985,
Belgium,BEL,1984,
Belgium,BEL,1983,
Belgium,BEL,1982,
Belgium,BEL,1981,
Belgium,BEL,1980,
Belgium,BEL,1979,
Belgium,BEL,1978,
Belgium,BEL,1977,
Belgium,BEL,1976,
Belgium,BEL,1975,
Belgium,BEL,1974,
Belgium,BEL,1973,
Belgium,BEL,1972,
Belgium,BEL,1971,
Belgium,BEL,1970,
Belgium,BEL,1969,
Belgium,BEL,1968,
Belgium,BEL,1967,
Belgium,BEL,1966,
Belgium,BEL,1965,
Belgium,BEL,1964,
Belgium,BEL,1963,
Belgium,BEL,1962,
Belgium,BEL,1961,
Belgium,BEL,1960,
Belize,BLZ,2025,29.495
Belize,BLZ,2024,28.568
Belize,BLZ,2023,27.689
Belize,BLZ,2022,28.685
Belize,BLZ,2021,33.284
Belize,BLZ,2020,34.499
Belize,BLZ,2019,29.847
Belize,BLZ,2018,33.594
Belize,BLZ,2017,25.911
Belize,BLZ,2016,26.457
Belize,BLZ,2015,26.018
Belize,BLZ,2014,29.421
Belize,BLZ,2013,26.598
Belize,BLZ,2012,26.604
Belize,BLZ,2011,26.646
Belize,BLZ,2010,26.554
Belize,BLZ,2009,26.307
Belize,BLZ,2008,25.949
Belize,BLZ,2007,27.058
Belize,BLZ,2006,31.006
Belize,BLZ,2005,35.374
Belize,BLZ,2004,33.696
Belize,BLZ,2003,32.201
Belize,BLZ,2002,30.554
Belize,BLZ,2001,30.994
Belize,BLZ,2000,35.367
Belize,BLZ,1999,40.212
Belize,BLZ,1998,41.646
Belize,BLZ,1997,39.433
Belize,BLZ,1996,35.097
Belize,BLZ,1995,33.597
Belize,BLZ,1994,29.143
Belize,BLZ,1993,26.873
Belize,BLZ,1992,26.745
Belize,BLZ,1991,26.767
Belize,BLZ,1990,
Belize,BLZ,1989,
Belize,BLZ,1988,
Belize,BLZ,1987,
Belize,BLZ,1986,
Belize,BLZ,1985,
Belize,BLZ,1984,
Belize,BLZ,1983,
Belize,BLZ,1982,
Belize,BLZ,1981,
Belize,BLZ,1980,
Belize,BLZ,1979,
Belize,BLZ,1978,
Belize,BLZ,1977,
Belize,BLZ,1976,
Belize,BLZ,1975,
Belize,BLZ,1974,
Belize,BLZ,1973,
Belize,BLZ,1972,
Belize,BLZ,1971,
Belize,BLZ,1970,
Belize,BLZ,1969,
Belize,BLZ,1968,
Belize,BLZ,1967,
Belize,BLZ,1966,
Belize,BLZ,1965,
Belize,BLZ,1964,
Belize,BLZ,1963,
Belize,BLZ,1962,
Belize,BLZ,1961,
Belize,BLZ,1960,
Benin,BEN,2025,2.554
Benin,BEN,2024,2.608
Benin,BEN,2023,2.609
Benin,BEN,2022,2.642
Benin,BEN,2021,2.963
Benin,BEN,2020,3.159
Benin,BEN,2019,2.659
Benin,BEN,2018,2.85
Benin,BEN,2017,3.078
Benin,BEN,2016,3.188
Benin,BEN,2015,3.224
Benin,BEN,2014,3.275
Benin,BEN,2013,3.476
Benin,BEN,2012,4.633
Benin,BEN,2011,5.745
Benin,BEN,2010,2.692
Benin,BEN,2009,2.335
Benin,BEN,2008,2.046
Benin,BEN,2007,1.845
Benin,BEN,2006,1.614
Benin,BEN,2005,1.369
Benin,BEN,2004,1.096
Benin,BEN,2003,0.852
Benin,BEN,2002,0.601
Benin,BEN,2001,0.615
Benin,BEN,2000,0.636
Benin,BEN,1999,0.651
Benin,BEN,1998,0.668
Benin,BEN,1997,0.671
Benin,BEN,1996,0.699
Benin,BEN,1995,0.703
Benin,BEN,1994,0.728
Benin,BEN,1993,0.728
Benin,BEN,1992,0.722
Benin,BEN,1991,0.75
Benin,BEN,1990,
Benin,BEN,1989,
Benin,BEN,1988,
Benin,BEN,1987,
Benin,BEN,1986,
Benin,BEN,1985,
Benin,BEN,1984,
Benin,BEN,1983,
Benin,BEN,1982,
Benin,BEN,1981,
Benin,BEN,1980,
Benin,BEN,1979,
Benin,BEN,1978,
Benin,BEN,1977,
Benin,BEN,1976,
Benin,BEN,1975,
Benin,BEN,1974,
Benin,BEN,1973,
Benin,BEN,1972,
Benin,BEN,1971,
Benin,BEN,1970,
Benin,BEN,1969,
Benin,BEN,1968,
Benin,BEN,1967,
Benin,BEN,1966,
Benin,BEN,1965,
Benin,BEN,1964,
Benin,BEN,1963,
Benin,BEN,1962,
Benin,BEN,1961,
Benin,BEN,1960,
Bermuda,BMU,2025,
Bermuda,BMU,2024,
Bermuda,BMU,2023,
Bermuda,BMU,2022,
Bermuda,BMU,2021,
Bermuda,BMU,2020,
Bermuda,BMU,2019,
Bermuda,BMU,2018,
Bermuda,BMU,2017,
Bermuda,BMU,2016,
Bermuda,BMU,2015,
Bermuda,BMU,2014,
Bermuda,BMU,2013,
Bermuda,BMU,2012,
Bermuda,BMU,2011,
Bermuda,BMU,2010,
Bermuda,BMU,2009,
Bermuda,BMU,2008,
Bermuda,BMU,2007,
Bermuda,BMU,2006,
Bermuda,BMU,2005,
Bermuda,BMU,2004,
Bermuda,BMU,2003,
Bermuda,BMU,2002,
Bermuda,BMU,2001,
Bermuda,BMU,2000,
Bermuda,BMU,1999,
Bermuda,BMU,1998,
Bermuda,BMU,1997,
Bermuda,BMU,1996,
Bermuda,BMU,1995,
Bermuda,BMU,1994,
Bermuda,BMU,1993,
Bermuda,BMU,1992,
Bermuda,BMU,1991,
Bermuda,BMU,1990,
Bermuda,BMU,1989,
Bermuda,BMU,1988,
Bermuda,BMU,1987,
Bermuda,BMU,1986,
Bermuda,BMU,1985,
Bermuda,BMU,1984,
Bermuda,BMU,1983,
Bermuda,BMU,1982,
Bermuda,BMU,1981,
Bermuda,BMU,1980,
Bermuda,BMU,1979,
Bermuda,BMU,1978,
Bermuda,BMU,1977,
Bermuda,BMU,1976,
Bermuda,BMU,1975,
Bermuda,BMU,1974,
Bermuda,BMU,1973,
Bermuda,BMU,1972,
Bermuda,BMU,1971,
Bermuda,BMU,1970,
Bermuda,BMU,1969,
Bermuda,BMU,1968,
Bermuda,BMU,1967,
Bermuda,BMU,1966,
Bermuda,BMU,1965,
Bermuda,BMU,1964,
Bermuda,BMU,1963,
Bermuda,BMU,1962,
Bermuda,BMU,1961,
Bermuda,BMU,1960,
Bhutan,BTN,2025,18.409
Bhutan,BTN,2024,19.106
Bhutan,BTN,2023,17.796
Bhutan,BTN,2022,31.127
Bhutan,BTN,2021,23.992
Bhutan,BTN,2020,24.794
Bhutan,BTN,2019,13.422
Bhutan,BTN,2018,15.578
Bhutan,BTN,2017,14.497
Bhutan,BTN,2016,13.401
Bhutan,BTN,2015,12.47
Bhutan,BTN,2014,9.843
Bhutan,BTN,2013,9.779
Bhutan,BTN,2012,7.024
Bhutan,BTN,2011,11.244
Bhutan,BTN,2010,10.879
Bhutan,BTN,2009,14.363
Bhutan,BTN,2008,13.294
Bhutan,BTN,2007,12.162
Bhutan,BTN,2006,9.615
Bhutan,BTN,2005,8.426
Bhutan,BTN,2004,8.527
Bhutan,BTN,2003,6.517
Bhutan,BTN,2002,7.07
Bhutan,BTN,2001,7.658
Bhutan,BTN,2000,6.047
Bhutan,BTN,1999,4.299
Bhutan,BTN,1998,3.655
Bhutan,BTN,1997,3.657
Bhutan,BTN,1996,3.667
Bhutan,BTN,1995,3.692
Bhutan,BTN,1994,3.712
Bhutan,BTN,1993,3.745
Bhutan,BTN,1992,3.713
Bhutan,BTN,1991,3.706
Bhutan,BTN,1990,
Bhutan,BTN,1989,
Bhutan,BTN,1988,
Bhutan,BTN,1987,
Bhutan,BTN,1986,
Bhutan,BTN,1985,
Bhutan,BTN,1984,
Bhutan,BTN,1983,
Bhutan,BTN,1982,
Bhutan,BTN,1981,
Bhutan,BTN,1980,
Bhutan,BTN,1979,
Bhutan,BTN,1978,
Bhutan,BTN,1977,
Bhutan,BTN,1976,
Bhutan,BTN,1975,
Bhutan,BTN,1974,
Bhutan,BTN,1973,
Bhutan,BTN,1972,
Bhutan,BTN,1971,
Bhutan,BTN,1970,
Bhutan,BTN,1969,
Bhutan,BTN,1968,
Bhutan,BTN,1967,
Bhutan,BTN,1966,
Bhutan,BTN,1965,
Bhutan,BTN,1964,
Bhutan,BTN,1963,
Bhutan,BTN,1962,
Bhutan,BTN,1961,
Bhutan,BTN,1960,
Bolivia,BOL,2025,5.64
Bolivia,BOL,2024,5.593
Bolivia,BOL,2023,5.39
Bolivia,BOL,2022,6.7
Bolivia,BOL,2021,8.669
Bolivia,BOL,2020,15.928
Bolivia,BOL,2019,7.562
Bolivia,BOL,2018,6.901
Bolivia,BOL,2017,7.59
Bolivia,BOL,2016,7.729
Bolivia,BOL,2015,8.335
Bolivia,BOL,2014,7.057
Bolivia,BOL,2013,5.56
Bolivia,BOL,2012,4.564
Bolivia,BOL,2011,6.545
Bolivia,BOL,2010,6.559
Bolivia,BOL,2009,6.616
Bolivia,BOL,2008,7.503
Bolivia,BOL,2007,7.243
Bolivia,BOL,2006,6.911
Bolivia,BOL,2005,6.665
Bolivia,BOL,2004,6.406
Bolivia,BOL,2003,6.165
Bolivia,BOL,2002,5.816
Bolivia,BOL,2001,5.542
Bolivia,BOL,2000,5.053
Bolivia,BOL,1999,4.62
Bolivia,BOL,1998,4.16
Bolivia,BOL,1997,3.846
Bolivia,BOL,1996,4.279
Bolivia,BOL,1995,4.705
Bolivia,BOL,1994,5.238
Bolivia,BOL,1993,5.195
Bolivia,BOL,1992,5.165
Bolivia,BOL,1991,5.078
Bolivia,BOL,1990,
Bolivia,BOL,1989,
Bolivia,BOL,1988,
Bolivia,BOL,1987,
Bolivia,BOL,1986,
Bolivia,BOL,1985,
Bolivia,BOL,1984,
Bolivia,BOL,1983,
Bolivia,BOL,1982,
Bolivia,BOL,1981,
Bolivia,BOL,1980,
Bolivia,BOL,1979,
Bolivia,BOL,1978,
Bolivia,BOL,1977,
Bolivia,BOL,1976,
Bolivia,BOL,1975,
Bolivia,BOL,1974,
Bolivia,BOL,1973,
Bolivia,BOL,1972,
Bolivia,BOL,1971,
Bolivia,BOL,1970,
Bolivia,BOL,1969,
Bolivia,BOL,1968,
Bolivia,BOL,1967,
Bolivia,BOL,1966,
Bolivia,BOL,1965,
Bolivia,BOL,1964,
Bolivia,BOL,1963,
Bolivia,BOL,1962,
Bolivia,BOL,1961,
Bolivia,BOL,1960,
Bosnia and Herzegovina,BIH,2025,31.41
Bosnia and Herzegovina,BIH,2024,30.502
Bosnia and Herzegovina,BIH,2023,30.454
Bosnia and Herzegovina,BIH,2022,38.342
Bosnia and Herzegovina,BIH,2021,41.831
Bosnia and Herzegovina,BIH,2020,45.797
Bosnia and Herzegovina,BIH,2019,39.825
Bosnia and Herzegovina,BIH,2018,47.293
Bosnia and Herzegovina,BIH,2017,52.917
Bosnia and Herzegovina,BIH,2016,60.243
Bosnia and Herzegovina,BIH,2015,70.597
Bosnia and Herzegovina,BIH,2014,68.103
Bosnia and Herzegovina,BIH,2013,60.604
Bosnia and Herzegovina,BIH,2012,66.066
Bosnia and Herzegovina,BIH,2011,62.446
Bosnia and Herzegovina,BIH,2010,64.5
Bosnia and Herzegovina,BIH,2009,54.782
Bosnia and Herzegovina,BIH,2008,54.283
Bosnia and Herzegovina,BIH,2007,66.13
Bosnia and Herzegovina,BIH,2006,68.844
Bosnia and Herzegovina,BIH,2005,66.561
Bosnia and Herzegovina,BIH,2004,64.229
Bosnia and Herzegovina,BIH,2003,62.094
Bosnia and Herzegovina,BIH,2002,59.909
Bosnia and Herzegovina,BIH,2001,57.648
Bosnia and Herzegovina,BIH,2000,55.465
Bosnia and Herzegovina,BIH,1999,53.378
Bosnia and Herzegovina,BIH,1998,51.543
Bosnia and Herzegovina,BIH,1997,49.883
Bosnia and Herzegovina,BIH,1996,48.375
Bosnia and Herzegovina,BIH,1995,47.347
Bosnia and Herzegovina,BIH,1994,46.138
Bosnia and Herzegovina,BIH,1993,44.67
Bosnia and Herzegovina,BIH,1992,42.65
Bosnia and Herzegovina,BIH,1991,40.691
Bosnia and Herzegovina,BIH,1990,
Bosnia and Herzegovina,BIH,1989,
Bosnia and Herzegovina,BIH,1988,
Bosnia and Herzegovina,BIH,1987,
Bosnia and Herzegovina,BIH,1986,
Bosnia and Herzegovina,BIH,1985,
Bosnia and Herzegovina,BIH,1984,
Bosnia and Herzegovina,BIH,1983,
Bosnia and Herzegovina,BIH,1982,
Bosnia and Herzegovina,BIH,1981,
Bosnia and Herzegovina,BIH,1980,
Bosnia and Herzegovina,BIH,1979,
Bosnia and Herzegovina,BIH,1978,
Bosnia and Herzegovina,BIH,1977,
Bosnia and Herzegovina,BIH,1976,
Bosnia and Herzegovina,BIH,1975,
Bosnia and Herzegovina,BIH,1974,
Bosnia and Herzegovina,BIH,1973,
Bosnia and Herzegovina,BIH,1972,
Bosnia and Herzegovina,BIH,1971,
Bosnia and Herzegovina,BIH,1970,
Bosnia and Herzegovina,BIH,1969,
Bosnia and Herzegovina,BIH,1968,
Bosnia and Herzegovina,BIH,1967,
Bosnia and Herzegovina,BIH,1966,
Bosnia and Herzegovina,BIH,1965,
Bosnia and Herzegovina,BIH,1964,
Bosnia and Herzegovina,BIH,1963,
Bosnia and Herzegovina,BIH,1962,
Bosnia and Herzegovina,BIH,1961,
Bosnia and Herzegovina,BIH,1960,
Botswana,BWA,2025,51.713
Botswana,BWA,2024,51.103
Botswana,BWA,2023,49.986
Botswana,BWA,2022,49.44
Botswana,BWA,2021,49.149
Botswana,BWA,2020,42.916
Botswana,BWA,2019,34.301
Botswana,BWA,2018,35.012
Botswana,BWA,2017,36.361
Botswana,BWA,2016,37.211
Botswana,BWA,2015,37.949
Botswana,BWA,2014,38.628
Botswana,BWA,2013,39.442
Botswana,BWA,2012,40.285
Botswana,BWA,2011,41.677
Botswana,BWA,2010,42.305
Botswana,BWA,2009,39.767
Botswana,BWA,2008,38.073
Botswana,BWA,2007,37.556
Botswana,BWA,2006,37.275
Botswana,BWA,2005,42.263
Botswana,BWA,2004,47.068
Botswana,BWA,2003,52.305
Botswana,BWA,2002,49.25
Botswana,BWA,2001,45.575
Botswana,BWA,2000,34.221
Botswana,BWA,1999,38.746
Botswana,BWA,1998,43.515
Botswana,BWA,1997,41.981
Botswana,BWA,1996,41.203
Botswana,BWA,1995,40.877
Botswana,BWA,1994,40.612
Botswana,BWA,1993,38.01
Botswana,BWA,1992,35.346
Botswana,BWA,1991,32.487
Botswana,BWA,1990,
Botswana,BWA,1989,
Botswana,BWA,1988,
Botswana,BWA,1987,
Botswana,BWA,1986,
Botswana,BWA,1985,
Botswana,BWA,1984,
Botswana,BWA,1983,
Botswana,BWA,1982,
Botswana,BWA,1981,
Botswana,BWA,1980,
Botswana,BWA,1979,
Botswana,BWA,1978,
Botswana,BWA,1977,
Botswana,BWA,1976,
Botswana,BWA,1975,
Botswana,BWA,1974,
Botswana,BWA,1973,
Botswana,BWA,1972,
Botswana,BWA,1971,
Botswana,BWA,1970,
Botswana,BWA,1969,
Botswana,BWA,1968,
Botswana,BWA,1967,
Botswana,BWA,1966,
Botswana,BWA,1965,
Botswana,BWA,1964,
Botswana,BWA,1963,
Botswana,BWA,1962,
Botswana,BWA,1961,
Botswana,BWA,1960,
Brazil,BRA,2025,16.588
Brazil,BRA,2024,18.561
Brazil,BRA,2023,20.909
Brazil,BRA,2022,24.664
Brazil,BRA,2021,33.539
Brazil,BRA,2020,35.308
Brazil,BRA,2019,31.877
Brazil,BRA,2018,32.231
Brazil,BRA,2017,33.119
Brazil,BRA,2016,30.996
Brazil,BRA,2015,23.675
Brazil,BRA,2014,18.897
Brazil,BRA,2013,19.409
Brazil,BRA,2012,19.85
Brazil,BRA,2011,21.8
Brazil,BRA,2010,23.572
Brazil,BRA,2009,25.603
Brazil,BRA,2008,22.817
Brazil,BRA,2007,24.348
Brazil,BRA,2006,25.552
Brazil,BRA,2005,27.385
Brazil,BRA,2004,25.754
Brazil,BRA,2003,27.169
Brazil,BRA,2002,25.89
Brazil,BRA,2001,25.093
Brazil,BRA,2000,25.632
Brazil,BRA,1999,26.178
Brazil,BRA,1998,25.057
Brazil,BRA,1997,21.395
Brazil,BRA,1996,18.85
Brazil,BRA,1995,16.68
Brazil,BRA,1994,15.377
Brazil,BRA,1993,14.002
Brazil,BRA,1992,16.723
Brazil,BRA,1991,16.291
Brazil,BRA,1990,
Brazil,BRA,1989,
Brazil,BRA,1988,
Brazil,BRA,1987,
Brazil,BRA,1986,
Brazil,BRA,1985,
Brazil,BRA,1984,
Brazil,BRA,1983,
Brazil,BRA,1982,
Brazil,BRA,1981,
Brazil,BRA,1980,
Brazil,BRA,1979,
Brazil,BRA,1978,
Brazil,BRA,1977,
Brazil,BRA,1976,
Brazil,BRA,1975,
Brazil,BRA,1974,
Brazil,BRA,1973,
Brazil,BRA,1972,
Brazil,BRA,1971,
Brazil,BRA,1970,
Brazil,BRA,1969,
Brazil,BRA,1968,
Brazil,BRA,1967,
Brazil,BRA,1966,
Brazil,BRA,1965,
Brazil,BRA,1964,
Brazil,BRA,1963,
Brazil,BRA,1962,
Brazil,BRA,1961,
Brazil,BRA,1960,
British Virgin Islands,VGB,2025,
British Virgin Islands,VGB,2024,
British Virgin Islands,VGB,2023,
British Virgin Islands,VGB,2022,
British Virgin Islands,VGB,2021,
British Virgin Islands,VGB,2020,
British Virgin Islands,VGB,2019,
British Virgin Islands,VGB,2018,
British Virgin Islands,VGB,2017,
British Virgin Islands,VGB,2016,
British Virgin Islands,VGB,2015,
British Virgin Islands,VGB,2014,
British Virgin Islands,VGB,2013,
British Virgin Islands,VGB,2012,
British Virgin Islands,VGB,2011,
British Virgin Islands,VGB,2010,
British Virgin Islands,VGB,2009,
British Virgin Islands,VGB,2008,
British Virgin Islands,VGB,2007,
British Virgin Islands,VGB,2006,
British Virgin Islands,VGB,2005,
British Virgin Islands,VGB,2004,
British Virgin Islands,VGB,2003,
British Virgin Islands,VGB,2002,
British Virgin Islands,VGB,2001,
British Virgin Islands,VGB,2000,
British Virgin Islands,VGB,1999,
British Virgin Islands,VGB,1998,
British Virgin Islands,VGB,1997,
British Virgin Islands,VGB,1996,
British Virgin Islands,VGB,1995,
British Virgin Islands,VGB,1994,
British Virgin Islands,VGB,1993,
British Virgin Islands,VGB,1992,
British Virgin Islands,VGB,1991,
British Virgin Islands,VGB,1990,
British Virgin Islands,VGB,1989,
British Virgin Islands,VGB,1988,
British Virgin Islands,VGB,1987,
British Virgin Islands,VGB,1986,
British Virgin Islands,VGB,1985,
British Virgin Islands,VGB,1984,
British Virgin Islands,VGB,1983,
British Virgin Islands,VGB,1982,
British Virgin Islands,VGB,1981,
British Virgin Islands,VGB,1980,
British Virgin Islands,VGB,1979,
British Virgin Islands,VGB,1978,
British Virgin Islands,VGB,1977,
British Virgin Islands,VGB,1976,
British Virgin Islands,VGB,1975,
British Virgin Islands,VGB,1974,
British Virgin Islands,VGB,1973,
British Virgin Islands,VGB,1972,
British Virgin Islands,VGB,1971,
British Virgin Islands,VGB,1970,
British Virgin Islands,VGB,1969,
British Virgin Islands,VGB,1968,
British Virgin Islands,VGB,1967,
British Virgin Islands,VGB,1966,
British Virgin Islands,VGB,1965,
British Virgin Islands,VGB,1964,
British Virgin Islands,VGB,1963,
British Virgin Islands,VGB,1962,
British Virgin Islands,VGB,1961,
British Virgin Islands,VGB,1960,
Brunei Darussalam,BRN,2025,21.546
Brunei Darussalam,BRN,2024,21.196
Brunei Darussalam,BRN,2023,21.314
Brunei Darussalam,BRN,2022,21.819
Brunei Darussalam,BRN,2021,22.956
Brunei Darussalam,BRN,2020,33.323
Brunei Darussalam,BRN,2019,24.104
Brunei Darussalam,BRN,2018,32.662
Brunei Darussalam,BRN,2017,29.555
Brunei Darussalam,BRN,2016,28.547
Brunei Darussalam,BRN,2015,27.378
Brunei Darussalam,BRN,2014,26.112
Brunei Darussalam,BRN,2013,25.394
Brunei Darussalam,BRN,2012,24.678
Brunei Darussalam,BRN,2011,24.158
Brunei Darussalam,BRN,2010,23.812
Brunei Darussalam,BRN,2009,23.503
Brunei Darussalam,BRN,2008,22.962
Brunei Darussalam,BRN,2007,22.542
Brunei Darussalam,BRN,2006,22.075
Brunei Darussalam,BRN,2005,21.632
Brunei Darussalam,BRN,2004,21.1
Brunei Darussalam,BRN,2003,20.641
Brunei Darussalam,BRN,2002,20.234
Brunei Darussalam,BRN,2001,19.849
Brunei Darussalam,BRN,2000,19.873
Brunei Darussalam,BRN,1999,19.672
Brunei Darussalam,BRN,1998,19.611
Brunei Darussalam,BRN,1997,19.296
Brunei Darussalam,BRN,1996,19.249
Brunei Darussalam,BRN,1995,19.073
Brunei Darussalam,BRN,1994,18.917
Brunei Darussalam,BRN,1993,18.58
Brunei Darussalam,BRN,1992,18.179
Brunei Darussalam,BRN,1991,17.803
Brunei Darussalam,BRN,1990,
Brunei Darussalam,BRN,1989,
Brunei Darussalam,BRN,1988,
Brunei Darussalam,BRN,1987,
Brunei Darussalam,BRN,1986,
Brunei Darussalam,BRN,1985,
Brunei Darussalam,BRN,1984,
Brunei Darussalam,BRN,1983,
Brunei Darussalam,BRN,1982,
Brunei Darussalam,BRN,1981,
Brunei Darussalam,BRN,1980,
Brunei Darussalam,BRN,1979,
Brunei Darussalam,BRN,1978,
Brunei Darussalam,BRN,1977,
Brunei Darussalam,BRN,1976,
Brunei Darussalam,BRN,1975,
Brunei Darussalam,BRN,1974,
Brunei Darussalam,BRN,1973,
Brunei Darussalam,BRN,1972,
Brunei Darussalam,BRN,1971,
Brunei Darussalam,BRN,1970,
Brunei Darussalam,BRN,1969,
Brunei Darussalam,BRN,1968,
Brunei Darussalam,BRN,1967,
Brunei Darussalam,BRN,1966,
Brunei Darussalam,BRN,1965,
Brunei Darussalam,BRN,1964,
Brunei Darussalam,BRN,1963,
Brunei Darussalam,BRN,1962,
Brunei Darussalam,BRN,1961,
Brunei Darussalam,BRN,1960,
Bulgaria,BGR,2025,9.446
Bulgaria,BGR,2024,11.706
Bulgaria,BGR,2023,11.098
Bulgaria,BGR,2022,10.348
Bulgaria,BGR,2021,15.073
Bulgaria,BGR,2020,13.61
Bulgaria,BGR,2019,8.174
Bulgaria,BGR,2018,11.886
Bulgaria,BGR,2017,12.449
Bulgaria,BGR,2016,16.91
Bulgaria,BGR,2015,22.272
Bulgaria,BGR,2014,23.743
Bulgaria,BGR,2013,25.671
Bulgaria,BGR,2012,26.017
Bulgaria,BGR,2011,23.65
Bulgaria,BGR,2010,20.122
Bulgaria,BGR,2009,13.859
Bulgaria,BGR,2008,11.397
Bulgaria,BGR,2007,16.011
Bulgaria,BGR,2006,20.364
Bulgaria,BGR,2005,21.08
Bulgaria,BGR,2004,23.831
Bulgaria,BGR,2003,24.036
Bulgaria,BGR,2002,31.489
Bulgaria,BGR,2001,35.349
Bulgaria,BGR,2000,29.567
Bulgaria,BGR,1999,26.27
Bulgaria,BGR,1998,21.948
Bulgaria,BGR,1997,25.096
Bulgaria,BGR,1996,23.093
Bulgaria,BGR,1995,20.426
Bulgaria,BGR,1994,23.457
Bulgaria,BGR,1993,29.946
Bulgaria,BGR,1992,27.909
Bulgaria,BGR,1991,20.343
Bulgaria,BGR,1990,
Bulgaria,BGR,1989,
Bulgaria,BGR,1988,
Bulgaria,BGR,1987,
Bulgaria,BGR,1986,
Bulgaria,BGR,1985,
Bulgaria,BGR,1984,
Bulgaria,BGR,1983,
Bulgaria,BGR,1982,
Bulgaria,BGR,1981,
Bulgaria,BGR,1980,
Bulgaria,BGR,1979,
Bulgaria,BGR,1978,
Bulgaria,BGR,1977,
Bulgaria,BGR,1976,
Bulgaria,BGR,1975,
Bulgaria,BGR,1974,
Bulgaria,BGR,1973,
Bulgaria,BGR,1972,
Bulgaria,BGR,1971,
Bulgaria,BGR,1970,
Bulgaria,BGR,1969,
Bulgaria,BGR,1968,
Bulgaria,BGR,1967,
Bulgaria,BGR,1966,
Bulgaria,BGR,1965,
Bulgaria,BGR,1964,
Bulgaria,BGR,1963,
Bulgaria,BGR,1962,
Bulgaria,BGR,1961,
Bulgaria,BGR,1960,
Burkina Faso,BFA,2025,8.408
Burkina Faso,BFA,2024,8.793
Burkina Faso,BFA,2023,8.392
Burkina Faso,BFA,2022,8.144
Burkina Faso,BFA,2021,8.774
Burkina Faso,BFA,2020,8.873
Burkina Faso,BFA,2019,7.798
Burkina Faso,BFA,2018,7.683
Burkina Faso,BFA,2017,7.663
Burkina Faso,BFA,2016,7.608
Burkina Faso,BFA,2015,7.48
Burkina Faso,BFA,2014,7.245
Burkina Faso,BFA,2013,7.024
Burkina Faso,BFA,2012,6.792
Burkina Faso,BFA,2011,6.79
Burkina Faso,BFA,2010,6.686
Burkina Faso,BFA,2009,6.713
Burkina Faso,BFA,2008,6.457
Burkina Faso,BFA,2007,6.224
Burkina Faso,BFA,2006,6.845
Burkina Faso,BFA,2005,7.393
Burkina Faso,BFA,2004,6.294
Burkina Faso,BFA,2003,4.987
Burkina Faso,BFA,2002,5.006
Burkina Faso,BFA,2001,4.777
Burkina Faso,BFA,2000,4.617
Burkina Faso,BFA,1999,4.368
Burkina Faso,BFA,1998,4.148
Burkina Faso,BFA,1997,4.092
Burkina Faso,BFA,1996,4.115
Burkina Faso,BFA,1995,4.197
Burkina Faso,BFA,1994,4.23
Burkina Faso,BFA,1993,4.053
Burkina Faso,BFA,1992,4.15
Burkina Faso,BFA,1991,4.108
Burkina Faso,BFA,1990,
Burkina Faso,BFA,1989,
Burkina Faso,BFA,1988,
Burkina Faso,BFA,1987,
Burkina Faso,BFA,1986,
Burkina Faso,BFA,1985,
Burkina Faso,BFA,1984,
Burkina Faso,BFA,1983,
Burkina Faso,BFA,1982,
Burkina Faso,BFA,1981,
Burkina Faso,BFA,1980,
Burkina Faso,BFA,1979,
Burkina Faso,BFA,1978,
Burkina Faso,BFA,1977,
Burkina Faso,BFA,1976,
Burkina Faso,BFA,1975,
Burkina Faso,BFA,1974,
Burkina Faso,BFA,1973,
Burkina Faso,BFA,1972,
Burkina Faso,BFA,1971,
Burkina Faso,BFA,1970,
Burkina Faso,BFA,1969,
Burkina Faso,BFA,1968,
Burkina Faso,BFA,1967,
Burkina Faso,BFA,1966,
Burkina Faso,BFA,1965,
Burkina Faso,BFA,1964,
Burkina Faso,BFA,1963,
Burkina Faso,BFA,1962,
Burkina Faso,BFA,1961,
Burkina Faso,BFA,1960,
Burundi,BDI,2025,1.265
Burundi,BDI,2024,1.249
Burundi,BDI,2023,1.251
Burundi,BDI,2022,1.253
Burundi,BDI,2021,1.406
Burundi,BDI,2020,1.388
Burundi,BDI,2019,1.312
Burundi,BDI,2018,1.433
Burundi,BDI,2017,1.551
Burundi,BDI,2016,1.67
Burundi,BDI,2015,1.787
Burundi,BDI,2014,1.919
Burundi,BDI,2013,1.787
Burundi,BDI,2012,1.682
Burundi,BDI,2011,1.599
Burundi,BDI,2010,1.533
Burundi,BDI,2009,1.473
Burundi,BDI,2008,1.425
Burundi,BDI,2007,2.128
Burundi,BDI,2006,2.807
Burundi,BDI,2005,2.792
Burundi,BDI,2004,2.798
Burundi,BDI,2003,2.78
Burundi,BDI,2002,2.791
Burundi,BDI,2001,2.784
Burundi,BDI,2000,2.777
Burundi,BDI,1999,2.778
Burundi,BDI,1998,2.793
Burundi,BDI,1997,2.779
Burundi,BDI,1996,2.767
Burundi,BDI,1995,2.769
Burundi,BDI,1994,2.774
Burundi,BDI,1993,2.77
Burundi,BDI,1992,2.79
Burundi,BDI,1991,2.797
Burundi,BDI,1990,
Burundi,BDI,1989,
Burundi,BDI,1988,
Burundi,BDI,1987,
Burundi,BDI,1986,
Burundi,BDI,1985,
Burundi,BDI,1984,
Burundi,BDI,1983,
Burundi,BDI,1982,
Burundi,BDI,1981,
Burundi,BDI,1980,
Burundi,BDI,1979,
Burundi,BDI,1978,
Burundi,BDI,1977,
Burundi,BDI,1976,
Burundi,BDI,1975,
Burundi,BDI,1974,
Burundi,BDI,1973,
Burundi,BDI,1972,
Burundi,BDI,1971,
Burundi,BDI,1970,
Burundi,BDI,1969,
Burundi,BDI,1968,
Burundi,BDI,1967,
Burundi,BDI,1966,
Burundi,BDI,1965,
Burundi,BDI,1964,
Burundi,BDI,1963,
Burundi,BDI,1962,
Burundi,BDI,1961,
Burundi,BDI,1960,
Cabo Verde,CPV,2025,33.901
Cabo Verde,CPV,2024,33.582
Cabo Verde,CPV,2023,33.634
Cabo Verde,CPV,2022,34.48
Cabo Verde,CPV,2021,38.05
Cabo Verde,CPV,2020,41.831
Cabo Verde,CPV,2019,33.502
Cabo Verde,CPV,2018,32.021
Cabo Verde,CPV,2017,35.589
Cabo Verde,CPV,2016,33.335
Cabo Verde,CPV,2015,31.233
Cabo Verde,CPV,2014,29.16
Cabo Verde,CPV,2013,27.148
Cabo Verde,CPV,2012,25.364
Cabo Verde,CPV,2011,23.839
Cabo Verde,CPV,2010,22.281
Cabo Verde,CPV,2009,26.789
Cabo Verde,CPV,2008,26.216
Cabo Verde,CPV,2007,25.964
Cabo Verde,CPV,2006,25.871
Cabo Verde,CPV,2005,25.738
Cabo Verde,CPV,2004,25.533
Cabo Verde,CPV,2003,25.531
Cabo Verde,CPV,2002,24.944
Cabo Verde,CPV,2001,24.498
Cabo Verde,CPV,2000,23.939
Cabo Verde,CPV,1999,23.821
Cabo Verde,CPV,1998,23.608
Cabo Verde,CPV,1997,23.334
Cabo Verde,CPV,1996,22.864
Cabo Verde,CPV,1995,22.696
Cabo Verde,CPV,1994,22.529
Cabo Verde,CPV,1993,22.765
Cabo Verde,CPV,1992,22.694
Cabo Verde,CPV,1991,22.519
Cabo Verde,CPV,1990,
Cabo Verde,CPV,1989,
Cabo Verde,CPV,1988,
Cabo Verde,CPV,1987,
Cabo Verde,CPV,1986,
Cabo Verde,CPV,1985,
Cabo Verde,CPV,1984,
Cabo Verde,CPV,1983,
Cabo Verde,CPV,1982,
Cabo Verde,CPV,1981,
Cabo Verde,CPV,1980,
Cabo Verde,CPV,1979,
Cabo Verde,CPV,1978,
Cabo Verde,CPV,1977,
Cabo Verde,CPV,1976,
Cabo Verde,CPV,1975,
Cabo Verde,CPV,1974,
Cabo Verde,CPV,1973,
Cabo Verde,CPV,1972,
Cabo Verde,CPV,1971,
Cabo Verde,CPV,1970,
Cabo Verde,CPV,1969,
Cabo Verde,CPV,1968,
Cabo Verde,CPV,1967,
Cabo Verde,CPV,1966,
Cabo Verde,CPV,1965,
Cabo Verde,CPV,1964,
Cabo Verde,CPV,1963,
Cabo Verde,CPV,1962,
Cabo Verde,CPV,1961,
Cabo Verde,CPV,1960,
Cambodia,KHM,2025,0.453
Cambodia,KHM,2024,0.405
Cambodia,KHM,2023,0.403
Cambodia,KHM,2022,0.581
Cambodia,KHM,2021,0.961
Cambodia,KHM,2020,0.556
Cambodia,KHM,2019,0.466
Cambodia,KHM,2018,0.465
Cambodia,KHM,2017,0.464
Cambodia,KHM,2016,1.223
Cambodia,KHM,2015,0.973
Cambodia,KHM,2014,1.019
Cambodia,KHM,2013,0.704
Cambodia,KHM,2012,0.563
Cambodia,KHM,2011,0.423
Cambodia,KHM,2010,0.939
Cambodia,KHM,2009,0.825
Cambodia,KHM,2008,1.136
Cambodia,KHM,2007,1.706
Cambodia,KHM,2006,1.608
Cambodia,KHM,2005,1.512
Cambodia,KHM,2004,1.423
Cambodia,KHM,2003,1.333
Cambodia,KHM,2002,1.255
Cambodia,KHM,2001,1.176
Cambodia,KHM,2000,1.101
Cambodia,KHM,1999,1.021
Cambodia,KHM,1998,0.925
Cambodia,KHM,1997,0.849
Cambodia,KHM,1996,1.469
Cambodia,KHM,1995,1.468
Cambodia,KHM,1994,1.458
Cambodia,KHM,1993,1.608
Cambodia,KHM,1992,1.584
Cambodia,KHM,1991,1.557
Cambodia,KHM,1990,
Cambodia,KHM,1989,
Cambodia,KHM,1988,
Cambodia,KHM,1987,
Cambodia,KHM,1986,
Cambodia,KHM,1985,
Cambodia,KHM,1984,
Cambodia,KHM,1983,
Cambodia,KHM,1982,
Cambodia,KHM,1981,
Cambodia,KHM,1980,
Cambodia,KHM,1979,
Cambodia,KHM,1978,
Cambodia,KHM,1977,
Cambodia,KHM,1976,
Cambodia,KHM,1975,
Cambodia,KHM,1974,
Cambodia,KHM,1973,
Cambodia,KHM,1972,
Cambodia,KHM,1971,
Cambodia,KHM,1970,
Cambodia,KHM,1969,
Cambodia,KHM,1968,
Cambodia,KHM,1967,
Cambodia,KHM,1966,
Cambodia,KHM,1965,
Cambodia,KHM,1964,
Cambodia,KHM,1963,
Cambodia,KHM,1962,
Cambodia,KHM,1961,
Cambodia,KHM,1960,
Cameroon,CMR,2025,7.136
Cameroon,CMR,2024,7.202
Cameroon,CMR,2023,7.206
Cameroon,CMR,2022,7.253
Cameroon,CMR,2021,7.894
Cameroon,CMR,2020,8.213
Cameroon,CMR,2019,7.137
Cameroon,CMR,2018,7.05
Cameroon,CMR,2017,6.949
Cameroon,CMR,2016,6.839
Cameroon,CMR,2015,6.769
Cameroon,CMR,2014,6.735
Cameroon,CMR,2013,6.954
Cameroon,CMR,2012,7.169
Cameroon,CMR,2011,7.386
Cameroon,CMR,2010,7.566
Cameroon,CMR,2009,6.667
Cameroon,CMR,2008,5.814
Cameroon,CMR,2007,5.029
Cameroon,CMR,2006,5.826
Cameroon,CMR,2005,6.633
Cameroon,CMR,2004,7.299
Cameroon,CMR,2003,8.098
Cameroon,CMR,2002,8.874
Cameroon,CMR,2001,9.6
Cameroon,CMR,2000,9.502
Cameroon,CMR,1999,9.395
Cameroon,CMR,1998,9.321
Cameroon,CMR,1997,9.298
Cameroon,CMR,1996,9.302
Cameroon,CMR,1995,9.719
Cameroon,CMR,1994,9.934
Cameroon,CMR,1993,10.146
Cameroon,CMR,1992,10.087
Cameroon,CMR,1991,10.051
Cameroon,CMR,1990,
Cameroon,CMR,1989,
Cameroon,CMR,1988,
Cameroon,CMR,1987,
Cameroon,CMR,1986,
Cameroon,CMR,1985,
Cameroon,CMR,1984,
Cameroon,CMR,1983,
Cameroon,CMR,1982,
Cameroon,CMR,1981,
Cameroon,CMR,1980,
Cameroon,CMR,1979,
Cameroon,CMR,1978,
Cameroon,CMR,1977,
Cameroon,CMR,1976,
Cameroon,CMR,1975,
Cameroon,CMR,1974,
Cameroon,CMR,1973,
Cameroon,CMR,1972,
Cameroon,CMR,1971,
Cameroon,CMR,1970,
Cameroon,CMR,1969,
Cameroon,CMR,1968,
Cameroon,CMR,1967,
Cameroon,CMR,1966,
Cameroon,CMR,1965,
Cameroon,CMR,1964,
Cameroon,CMR,1963,
Cameroon,CMR,1962,
Cameroon,CMR,1961,
Cameroon,CMR,1960,
Canada,CAN,2025,12.114
Canada,CAN,2024,11.975
Canada,CAN,2023,9.993
Canada,CAN,2022,8.92
Canada,CAN,2021,12.536
Canada,CAN,2020,19.436
Canada,CAN,2019,9.339
Canada,CAN,2018,9.375
Canada,CAN,2017,9.564
Canada,CAN,2016,10.687
Canada,CAN,2015,10.771
Canada,CAN,2014,11.463
Canada,CAN,2013,11.585
Canada,CAN,2012,12.263
Canada,CAN,2011,12.038
Canada,CAN,2010,12.135
Canada,CAN,2009,12.062
Canada,CAN,2008,9.815
Canada,CAN,2007,9.834
Canada,CAN,2006,10.313
Canada,CAN,2005,10.59
Canada,CAN,2004,11.816
Canada,CAN,2003,11.787
Canada,CAN,2002,11.701
Canada,CAN,2001,11.088
Canada,CAN,2000,11.384
Canada,CAN,1999,12.667
Canada,CAN,1998,13.588
Canada,CAN,1997,15.276
Canada,CAN,1996,13.772
Canada,CAN,1995,13.175
Canada,CAN,1994,13.667
Canada,CAN,1993,14.408
Canada,CAN,1992,14.467
Canada,CAN,1991,12.875
Canada,CAN,1990,
Canada,CAN,1989,
Canada,CAN,1988,
Canada,CAN,1987,
Canada,CAN,1986,
Canada,CAN,1985,
Canada,CAN,1984,
Canada,CAN,1983,
Canada,CAN,1982,
Canada,CAN,1981,
Canada,CAN,1980,
Canada,CAN,1979,
Canada,CAN,1978,
Canada,CAN,1977,
Canada,CAN,1976,
Canada,CAN,1975,
Canada,CAN,1974,
Canada,CAN,1973,
Canada,CAN,1972,
Canada,CAN,1971,
Canada,CAN,1970,
Canada,CAN,1969,
Canada,CAN,1968,
Canada,CAN,1967,
Canada,CAN,1966,
Canada,CAN,1965,
Canada,CAN,1964,
Canada,CAN,1963,
Canada,CAN,1962,
Canada,CAN,1961,
Canada,CAN,1960,
Cayman Islands,CYM,2025,
Cayman Islands,CYM,2024,
Cayman Islands,CYM,2023,
Cayman Islands,CYM,2022,
Cayman Islands,CYM,2021,
Cayman Islands,CYM,2020,
Cayman Islands,CYM,2019,
Cayman Islands,CYM,2018,
Cayman Islands,CYM,2017,
Cayman Islands,CYM,2016,
Cayman Islands,CYM,2015,
Cayman Islands,CYM,2014,
Cayman Islands,CYM,2013,
Cayman Islands,CYM,2012,
Cayman Islands,CYM,2011,
Cayman Islands,CYM,2010,
Cayman Islands,CYM,2009,
Cayman Islands,CYM,2008,
Cayman Islands,CYM,2007,
Cayman Islands,CYM,2006,
Cayman Islands,CYM,2005,
Cayman Islands,CYM,2004,
Cayman Islands,CYM,2003,
Cayman Islands,CYM,2002,
Cayman Islands,CYM,2001,
Cayman Islands,CYM,2000,
Cayman Islands,CYM,1999,
Cayman Islands,CYM,1998,
Cayman Islands,CYM,1997,
Cayman Islands,CYM,1996,
Cayman Islands,CYM,1995,
Cayman Islands,CYM,1994,
Cayman Islands,CYM,1993,
Cayman Islands,CYM,1992,
Cayman Islands,CYM,1991,
Cayman Islands,CYM,1990,
Cayman Islands,CYM,1989,
Cayman Islands,CYM,1988,
Cayman Islands,CYM,1987,
Cayman Islands,CYM,1986,
Cayman Islands,CYM,1985,
Cayman Islands,CYM,1984,
Cayman Islands,CYM,1983,
Cayman Islands,CYM,1982,
Cayman Islands,CYM,1981,
Cayman Islands,CYM,1980,
Cayman Islands,CYM,1979,
Cayman Islands,CYM,1978,
Cayman Islands,CYM,1977,
Cayman Islands,CYM,1976,
Cayman Islands,CYM,1975,
Cayman Islands,CYM,1974,
Cayman Islands,CYM,1973,
Cayman Islands,CYM,1972,
Cayman Islands,CYM,1971,
Cayman Islands,CYM,1970,
Cayman Islands,CYM,1969,
Cayman Islands,CYM,1968,
Cayman Islands,CYM,1967,
Cayman Islands,CYM,1966,
Cayman Islands,CYM,1965,
Cayman Islands,CYM,1964,
Cayman Islands,CYM,1963,
Cayman Islands,CYM,1962,
Cayman Islands,CYM,1961,
Cayman Islands,CYM,1960,
Central African Republic,CAF,2025,11.297
Central African Republic,CAF,2024,11.196
Central African Republic,CAF,2023,11.003
Central African Republic,CAF,2022,11.227
Central African Republic,CAF,2021,11.969
Central African Republic,CAF,2020,12.008
Central African Republic,CAF,2019,10.542
Central African Republic,CAF,2018,10.414
Central African Republic,CAF,2017,10.631
Central African Republic,CAF,2016,10.764
Central African Republic,CAF,2015,10.835
Central African Republic,CAF,2014,10.756
Central African Republic,CAF,2013,10.908
Central African Republic,CAF,2012,11.142
Central African Republic,CAF,2011,11.347
Central African Republic,CAF,2010,11.487
Central African Republic,CAF,2009,11.307
Central African Republic,CAF,2008,11.176
Central African Republic,CAF,2007,11.34
Central African Republic,CAF,2006,11.442
Central African Republic,CAF,2005,11.661
Central African Republic,CAF,2004,11.73
Central African Republic,CAF,2003,11.985
Central African Republic,CAF,2002,11.95
Central African Republic,CAF,2001,11.91
Central African Republic,CAF,2000,11.589
Central African Republic,CAF,1999,11.738
Central African Republic,CAF,1998,11.765
Central African Republic,CAF,1997,11.802
Central African Republic,CAF,1996,11.837
Central African Republic,CAF,1995,11.859
Central African Republic,CAF,1994,11.92
Central African Republic,CAF,1993,11.835
Central African Republic,CAF,1992,11.675
Central African Republic,CAF,1991,11.397
Central African Republic,CAF,1990,
Central African Republic,CAF,1989,
Central African Republic,CAF,1988,
Central African Republic,CAF,1987,
Central African Republic,CAF,1986,
Central African Republic,CAF,1985,
Central African Republic,CAF,1984,
Central African Republic,CAF,1983,
Central African Republic,CAF,1982,
Central African Republic,CAF,1981,
Central African Republic,CAF,1980,
Central African Republic,CAF,1979,
Central African Republic,CAF,1978,
Central African Republic,CAF,1977,
Central African Republic,CAF,1976,
Central African Republic,CAF,1975,
Central African Republic,CAF,1974,
Central African Republic,CAF,1973,
Central African Republic,CAF,1972,
Central African Republic,CAF,1971,
Central African Republic,CAF,1970,
Central African Republic,CAF,1969,
Central African Republic,CAF,1968,
Central African Republic,CAF,1967,
Central African Republic,CAF,1966,
Central African Republic,CAF,1965,
Central African Republic,CAF,1964,
Central African Republic,CAF,1963,
Central African Republic,CAF,1962,
Central African Republic,CAF,1961,
Central African Republic,CAF,1960,
Chad,TCD,2025,0.617
Chad,TCD,2024,0.643
Chad,TCD,2023,0.646
Chad,TCD,2022,0.65
Chad,TCD,2021,0.891
Chad,TCD,2020,0.952
Chad,TCD,2019,0.677
Chad,TCD,2018,0.685
Chad,TCD,2017,0.671
Chad,TCD,2016,0.652
Chad,TCD,2015,0.63
Chad,TCD,2014,0.609
Chad,TCD,2013,0.59
Chad,TCD,2012,0.565
Chad,TCD,2011,0.558
Chad,TCD,2010,0.543
Chad,TCD,2009,0.534
Chad,TCD,2008,0.517
Chad,TCD,2007,0.49
Chad,TCD,2006,0.45
Chad,TCD,2005,0.419
Chad,TCD,2004,0.413
Chad,TCD,2003,0.416
Chad,TCD,2002,0.41
Chad,TCD,2001,0.399
Chad,TCD,2000,0.385
Chad,TCD,1999,0.365
Chad,TCD,1998,0.347
Chad,TCD,1997,0.333
Chad,TCD,1996,0.314
Chad,TCD,1995,0.305
Chad,TCD,1994,0.285
Chad,TCD,1993,0.268
Chad,TCD,1992,0.265
Chad,TCD,1991,0.266
Chad,TCD,1990,
Chad,TCD,1989,
Chad,TCD,1988,
Chad,TCD,1987,
Chad,TCD,1986,
Chad,TCD,1985,
Chad,TCD,1984,
Chad,TCD,1983,
Chad,TCD,1982,
Chad,TCD,1981,
Chad,TCD,1980,
Chad,TCD,1979,
Chad,TCD,1978,
Chad,TCD,1977,
Chad,TCD,1976,
Chad,TCD,1975,
Chad,TCD,1974,
Chad,TCD,1973,
Chad,TCD,1972,
Chad,TCD,1971,
Chad,TCD,1970,
Chad,TCD,1969,
Chad,TCD,1968,
Chad,TCD,1967,
Chad,TCD,1966,
Chad,TCD,1965,
Chad,TCD,1964,
Chad,TCD,1963,
Chad,TCD,1962,
Chad,TCD,1961,
Chad,TCD,1960,
Channel Islands,CHI,2025,14.128
Channel Islands,CHI,2024,13.543
Channel Islands,CHI,2023,13.283
Channel Islands,CHI,2022,13.343
Channel Islands,CHI,2021,15.804
Channel Islands,CHI,2020,15.498
Channel Islands,CHI,2019,13.444
Channel Islands,CHI,2018,13.602
Channel Islands,CHI,2017,15.609
Channel Islands,CHI,2016,17.502
Channel Islands,CHI,2015,18.134
Channel Islands,CHI,2014,19.835
Channel Islands,CHI,2013,20.771
Channel Islands,CHI,2012,19.769
Channel Islands,CHI,2011,17.77
Channel Islands,CHI,2010,16.277
Channel Islands,CHI,2009,15.322
Channel Islands,CHI,2008,12.424
Channel Islands,CHI,2007,12.156
Channel Islands,CHI,2006,13.375
Channel Islands,CHI,2005,14.134
Channel Islands,CHI,2004,13.69
Channel Islands,CHI,2003,12.941
Channel Islands,CHI,2002,11.266
Channel Islands,CHI,2001,11.238
Channel Islands,CHI,2000,11.689
Channel Islands,CHI,1999,13.504
Channel Islands,CHI,1998,14.345
Channel Islands,CHI,1997,15.944
Channel Islands,CHI,1996,16.331
Channel Islands,CHI,1995,16.272
Channel Islands,CHI,1994,15.322
Channel Islands,CHI,1993,15.149
Channel Islands,CHI,1992,12.508
Channel Islands,CHI,1991,11.464
Channel Islands,CHI,1990,
Channel Islands,CHI,1989,
Channel Islands,CHI,1988,
Channel Islands,CHI,1987,
Channel Islands,CHI,1986,
Channel Islands,CHI,1985,
Channel Islands,CHI,1984,
Channel Islands,CHI,1983,
Channel Islands,CHI,1982,
Channel Islands,CHI,1981,
Channel Islands,CHI,1980,
Channel Islands,CHI,1979,
Channel Islands,CHI,1978,
Channel Islands,CHI,1977,
Channel Islands,CHI,1976,
Channel Islands,CHI,1975,
Channel Islands,CHI,1974,
Channel Islands,CHI,1973,
Channel Islands,CHI,1972,
Channel Islands,CHI,1971,
Channel Islands,CHI,1970,
Channel Islands,CHI,1969,
Channel Islands,CHI,1968,
Channel Islands,CHI,1967,
Channel Islands,CHI,1966,
Channel Islands,CHI,1965,
Channel Islands,CHI,1964,
Channel Islands,CHI,1963,
Channel Islands,CHI,1962,
Channel Islands,CHI,1961,
Channel Islands,CHI,1960,
Chile,CHL,2025,24.72
Chile,CHL,2024,23.621
Chile,CHL,2023,24.323
Chile,CHL,2022,19.879
Chile,CHL,2021,22.594
Chile,CHL,2020,26.024
Chile,CHL,2019,19.884
Chile,CHL,2018,20.638
Chile,CHL,2017,19.684
Chile,CHL,2016,17.712
Chile,CHL,2015,18.341
Chile,CHL,2014,19.828
Chile,CHL,2013,19.789
Chile,CHL,2012,19.568
Chile,CHL,2011,21.473
Chile,CHL,2010,21.94
Chile,CHL,2009,31.272
Chile,CHL,2008,29.521
Chile,CHL,2007,26.871
Chile,CHL,2006,27.717
Chile,CHL,2005,30.385
Chile,CHL,2004,31.339
Chile,CHL,2003,31.626
Chile,CHL,2002,30.707
Chile,CHL,2001,29.569
Chile,CHL,2000,31.13
Chile,CHL,1999,31.458
Chile,CHL,1998,22.784
Chile,CHL,1997,23.391
Chile,CHL,1996,23.569
Chile,CHL,1995,11.936
Chile,CHL,1994,14.793
Chile,CHL,1993,11.508
Chile,CHL,1992,12.165
Chile,CHL,1991,13.586
Chile,CHL,1990,
Chile,CHL,1989,
Chile,CHL,1988,
Chile,CHL,1987,
Chile,CHL,1986,
Chile,CHL,1985,
Chile,CHL,1984,
Chile,CHL,1983,
Chile,CHL,1982,
Chile,CHL,1981,
Chile,CHL,1980,
Chile,CHL,1979,
Chile,CHL,1978,
Chile,CHL,1977,
Chile,CHL,1976,
Chile,CHL,1975,
Chile,CHL,1974,
Chile,CHL,1973,
Chile,CHL,1972,
Chile,CHL,1971,
Chile,CHL,1970,
Chile,CHL,1969,
Chile,CHL,1968,
Chile,CHL,1967,
Chile,CHL,1966,
Chile,CHL,1965,
Chile,CHL,1964,
Chile,CHL,1963,
Chile,CHL,1962,
Chile,CHL,1961,
Chile,CHL,1960,
China,CHN,2025,14.21
China,CHN,2024,13.461
China,CHN,2023,13.935
China,CHN,2022,13.153
China,CHN,2021,11.141
China,CHN,2020,11.36
China,CHN,2019,9.582
China,CHN,2018,8.672
China,CHN,2017,9.342
China,CHN,2016,9.46
China,CHN,2015,9.542
China,CHN,2014,9.372
China,CHN,2013,9.187
China,CHN,2012,9.026
China,CHN,2011,8.851
China,CHN,2010,8.698
China,CHN,2009,8.977
China,CHN,2008,8.661
China,CHN,2007,8.141
China,CHN,2006,8.226
China,CHN,2005,8.366
China,CHN,2004,8.306
China,CHN,2003,8.471
China,CHN,2002,7.847
China,CHN,2001,7.031
China,CHN,2000,6.013
China,CHN,1999,5.941
China,CHN,1998,5.846
China,CHN,1997,5.746
China,CHN,1996,5.468
China,CHN,1995,5.162
China,CHN,1994,4.892
China,CHN,1993,4.445
China,CHN,1992,3.843
China,CHN,1991,3.781
China,CHN,1990,
China,CHN,1989,
China,CHN,1988,
China,CHN,1987,
China,CHN,1986,
China,CHN,1985,
China,CHN,1984,
China,CHN,1983,
China,CHN,1982,
China,CHN,1981,
China,CHN,1980,
China,CHN,1979,
China,CHN,1978,
China,CHN,1977,
China,CHN,1976,
China,CHN,1975,
China,CHN,1974,
China,CHN,1973,
China,CHN,1972,
China,CHN,1971,
China,CHN,1970,
China,CHN,1969,
China,CHN,1968,
China,CHN,1967,
China,CHN,1966,
China,CHN,1965,
China,CHN,1964,
China,CHN,1963,
China,CHN,1962,
China,CHN,1961,
China,CHN,1960,
Colombia,COL,2025,22.332
Colombia,COL,2024,23.976
Colombia,COL,2023,23.75
Colombia,COL,2022,26.45
Colombia,COL,2021,32.09
Colombia,COL,2020,35.191
Colombia,COL,2019,26.182
Colombia,COL,2018,24.974
Colombia,COL,2017,24.036
Colombia,COL,2016,23.563
Colombia,COL,2015,23.212
Colombia,COL,2014,23.562
Colombia,COL,2013,24.872
Colombia,COL,2012,26.407
Colombia,COL,2011,27.497
Colombia,COL,2010,28.945
Colombia,COL,2009,30.942
Colombia,COL,2008,29.784
Colombia,COL,2007,28.748
Colombia,COL,2006,29.139
Colombia,COL,2005,29.677
Colombia,COL,2004,33.877
Colombia,COL,2003,32.281
Colombia,COL,2002,33.689
Colombia,COL,2001,34.871
Colombia,COL,2000,44.807
Colombia,COL,1999,42.206
Colombia,COL,1998,32.843
Colombia,COL,1997,27.55
Colombia,COL,1996,27.14
Colombia,COL,1995,21.025
Colombia,COL,1994,23.326
Colombia,COL,1993,20.69
Colombia,COL,1992,24.017
Colombia,COL,1991,24.866
Colombia,COL,1990,
Colombia,COL,1989,
Colombia,COL,1988,
Colombia,COL,1987,
Colombia,COL,1986,
Colombia,COL,1985,
Colombia,COL,1984,
Colombia,COL,1983,
Colombia,COL,1982,
Colombia,COL,1981,
Colombia,COL,1980,
Colombia,COL,1979,
Colombia,COL,1978,
Colombia,COL,1977,
Colombia,COL,1976,
Colombia,COL,1975,
Colombia,COL,1974,
Colombia,COL,1973,
Colombia,COL,1972,
Colombia,COL,1971,
Colombia,COL,1970,
Colombia,COL,1969,
Colombia,COL,1968,
Colombia,COL,1967,
Colombia,COL,1966,
Colombia,COL,1965,
Colombia,COL,1964,
Colombia,COL,1963,
Colombia,COL,1962,
Colombia,COL,1961,
Colombia,COL,1960,
Comoros,COM,2025,9.465
Comoros,COM,2024,9.657
Comoros,COM,2023,9.676
Comoros,COM,2022,9.735
Comoros,COM,2021,10.851
Comoros,COM,2020,11.543
Comoros,COM,2019,9.618
Comoros,COM,2018,9.587
Comoros,COM,2017,9.591
Comoros,COM,2016,9.586
Comoros,COM,2015,9.357
Comoros,COM,2014,9.195
Comoros,COM,2013,9.016
Comoros,COM,2012,9.012
Comoros,COM,2011,8.894
Comoros,COM,2010,8.839
Comoros,COM,2009,8.849
Comoros,COM,2008,8.863
Comoros,COM,2007,8.81
Comoros,COM,2006,8.702
Comoros,COM,2005,8.65
Comoros,COM,2004,8.606
Comoros,COM,2003,8.557
Comoros,COM,2002,8.307
Comoros,COM,2001,8.314
Comoros,COM,2000,8.333
Comoros,COM,1999,8.5
Comoros,COM,1998,8.576
Comoros,COM,1997,8.508
Comoros,COM,1996,8.772
Comoros,COM,1995,8.654
Comoros,COM,1994,8.522
Comoros,COM,1993,8.537
Comoros,COM,1992,8.492
Comoros,COM,1991,8.818
Comoros,COM,1990,
Comoros,COM,1989,
Comoros,COM,1988,
Comoros,COM,1987,
Comoros,COM,1986,
Comoros,COM,1985,
Comoros,COM,1984,
Comoros,COM,1983,
Comoros,COM,1982,
Comoros,COM,1981,
Comoros,COM,1980,
Comoros,COM,1979,
Comoros,COM,1978,
Comoros,COM,1977,
Comoros,COM,1976,
Comoros,COM,1975,
Comoros,COM,1974,
Comoros,COM,1973,
Comoros,COM,1972,
Comoros,COM,1971,
Comoros,COM,1970,
Comoros,COM,1969,
Comoros,COM,1968,
Comoros,COM,1967,
Comoros,COM,1966,
Comoros,COM,1965,
Comoros,COM,1964,
Comoros,COM,1963,
Comoros,COM,1962,
Comoros,COM,1961,
Comoros,COM,1960,
"Congo, Dem. Rep.",COD,2025,6.111
"Congo, Dem. Rep.",COD,2024,6.196
"Congo, Dem. Rep.",COD,2023,6.239
"Congo, Dem. Rep.",COD,2022,6.301
"Congo, Dem. Rep.",COD,2021,7.235
"Congo, Dem. Rep.",COD,2020,7.567
"Congo, Dem. Rep.",COD,2019,6.354
"Congo, Dem. Rep.",COD,2018,6.421
"Congo, Dem. Rep.",COD,2017,6.444
"Congo, Dem. Rep.",COD,2016,6.399
"Congo, Dem. Rep.",COD,2015,6.354
"Congo, Dem. Rep.",COD,2014,6.394
"Congo, Dem. Rep.",COD,2013,6.471
"Congo, Dem. Rep.",COD,2012,6.532
"Congo, Dem. Rep.",COD,2011,6.183
"Congo, Dem. Rep.",COD,2010,5.791
"Congo, Dem. Rep.",COD,2009,5.401
"Congo, Dem. Rep.",COD,2008,4.977
"Congo, Dem. Rep.",COD,2007,4.583
"Congo, Dem. Rep.",COD,2006,4.186
"Congo, Dem. Rep.",COD,2005,3.793
"Congo, Dem. Rep.",COD,2004,3.822
"Congo, Dem. Rep.",COD,2003,3.899
"Congo, Dem. Rep.",COD,2002,4.008
"Congo, Dem. Rep.",COD,2001,4.075
"Congo, Dem. Rep.",COD,2000,4.076
"Congo, Dem. Rep.",COD,1999,4.07
"Congo, Dem. Rep.",COD,1998,4.044
"Congo, Dem. Rep.",COD,1997,4.034
"Congo, Dem. Rep.",COD,1996,4.044
"Congo, Dem. Rep.",COD,1995,4.17
"Congo, Dem. Rep.",COD,1994,4.258
"Congo, Dem. Rep.",COD,1993,4.278
"Congo, Dem. Rep.",COD,1992,4.215
"Congo, Dem. Rep.",COD,1991,4.136
"Congo, Dem. Rep.",COD,1990,
"Congo, Dem. Rep.",COD,1989,
"Congo, Dem. Rep.",COD,1988,
"Congo, Dem. Rep.",COD,1987,
"Congo, Dem. Rep.",COD,1986,
"Congo, Dem. Rep.",COD,1985,
"Congo, Dem. Rep.",COD,1984,
"Congo, Dem. Rep.",COD,1983,
"Congo, Dem. Rep.",COD,1982,
"Congo, Dem. Rep.",COD,1981,
"Congo, Dem. Rep.",COD,1980,
"Congo, Dem. Rep.",COD,1979,
"Congo, Dem. Rep.",COD,1978,
"Congo, Dem. Rep.",COD,1977,
"Congo, Dem. Rep.",COD,1976,
"Congo, Dem. Rep.",COD,1975,
"Congo, Dem. Rep.",COD,1974,
"Congo, Dem. Rep.",COD,1973,
"Congo, Dem. Rep.",COD,1972,
"Congo, Dem. Rep.",COD,1971,
"Congo, Dem. Rep.",COD,1970,
"Congo, Dem. Rep.",COD,1969,
"Congo, Dem. Rep.",COD,1968,
"Congo, Dem. Rep.",COD,1967,
"Congo, Dem. Rep.",COD,1966,
"Congo, Dem. Rep.",COD,1965,
"Congo, Dem. Rep.",COD,1964,
"Congo, Dem. Rep.",COD,1963,
"Congo, Dem. Rep.",COD,1962,
"Congo, Dem. Rep.",COD,1961,
"Congo, Dem. Rep.",COD,1960,
"Congo, Rep.",COG,2025,39.447
"Congo, Rep.",COG,2024,39.608
"Congo, Rep.",COG,2023,39.725
"Congo, Rep.",COG,2022,40.144
"Congo, Rep.",COG,2021,43.492
"Congo, Rep.",COG,2020,45.695
"Congo, Rep.",COG,2019,40.771
"Congo, Rep.",COG,2018,41.35
"Congo, Rep.",COG,2017,41.184
"Congo, Rep.",COG,2016,40.457
"Congo, Rep.",COG,2015,39.998
"Congo, Rep.",COG,2014,39.444
"Congo, Rep.",COG,2013,39.684
"Congo, Rep.",COG,2012,39.081
"Congo, Rep.",COG,2011,38.955
"Congo, Rep.",COG,2010,38.676
"Congo, Rep.",COG,2009,39.475
"Congo, Rep.",COG,2008,39.559
"Congo, Rep.",COG,2007,39.402
"Congo, Rep.",COG,2006,38.725
"Congo, Rep.",COG,2005,38.982
"Congo, Rep.",COG,2004,39.022
"Congo, Rep.",COG,2003,38.873
"Congo, Rep.",COG,2002,38.394
"Congo, Rep.",COG,2001,38.709
"Congo, Rep.",COG,2000,38.501
"Congo, Rep.",COG,1999,38.753
"Congo, Rep.",COG,1998,38.282
"Congo, Rep.",COG,1997,38.231
"Congo, Rep.",COG,1996,38.486
"Congo, Rep.",COG,1995,38.706
"Congo, Rep.",COG,1994,38.692
"Congo, Rep.",COG,1993,38.149
"Congo, Rep.",COG,1992,37.943
"Congo, Rep.",COG,1991,37.858
"Congo, Rep.",COG,1990,
"Congo, Rep.",COG,1989,
"Congo, Rep.",COG,1988,
"Congo, Rep.",COG,1987,
"Congo, Rep.",COG,1986,
"Congo, Rep.",COG,1985,
"Congo, Rep.",COG,1984,
"Congo, Rep.",COG,1983,
"Congo, Rep.",COG,1982,
"Congo, Rep.",COG,1981,
"Congo, Rep.",COG,1980,
"Congo, Rep.",COG,1979,
"Congo, Rep.",COG,1978,
"Congo, Rep.",COG,1977,
"Congo, Rep.",COG,1976,
"Congo, Rep.",COG,1975,
"Congo, Rep.",COG,1974,
"Congo, Rep.",COG,1973,
"Congo, Rep.",COG,1972,
"Congo, Rep.",COG,1971,
"Congo, Rep.",COG,1970,
"Congo, Rep.",COG,1969,
"Congo, Rep.",COG,1968,
"Congo, Rep.",COG,1967,
"Congo, Rep.",COG,1966,
"Congo, Rep.",COG,1965,
"Congo, Rep.",COG,1964,
"Congo, Rep.",COG,1963,
"Congo, Rep.",COG,1962,
"Congo, Rep.",COG,1961,
"Congo, Rep.",COG,1960,
Costa Rica,CRI,2025,22.157
Costa Rica,CRI,2024,22.743
Costa Rica,CRI,2023,28.515
Costa Rica,CRI,2022,36.879
Costa Rica,CRI,2021,46.834
Costa Rica,CRI,2020,49.464
Costa Rica,CRI,2019,36.071
Costa Rica,CRI,2018,31.659
Costa Rica,CRI,2017,25.756
Costa Rica,CRI,2016,28.047
Costa Rica,CRI,2015,26.651
Costa Rica,CRI,2014,29.744
Costa Rica,CRI,2013,25.595
Costa Rica,CRI,2012,27.56
Costa Rica,CRI,2011,29.089
Costa Rica,CRI,2010,21.052
Costa Rica,CRI,2009,22.221
Costa Rica,CRI,2008,13.466
Costa Rica,CRI,2007,15.291
Costa Rica,CRI,2006,19.89
Costa Rica,CRI,2005,22.19
Costa Rica,CRI,2004,18.611
Costa Rica,CRI,2003,18.344
Costa Rica,CRI,2002,17.525
Costa Rica,CRI,2001,16.47
Costa Rica,CRI,2000,14.448
Costa Rica,CRI,1999,16.267
Costa Rica,CRI,1998,16.658
Costa Rica,CRI,1997,15.658
Costa Rica,CRI,1996,16.397
Costa Rica,CRI,1995,13.414
Costa Rica,CRI,1994,11.014
Costa Rica,CRI,1993,9.637
Costa Rica,CRI,1992,9.431
Costa Rica,CRI,1991,13.223
Costa Rica,CRI,1990,
Costa Rica,CRI,1989,
Costa Rica,CRI,1988,
Costa Rica,CRI,1987,
Costa Rica,CRI,1986,
Costa Rica,CRI,1985,
Costa Rica,CRI,1984,
Costa Rica,CRI,1983,
Costa Rica,CRI,1982,
Costa Rica,CRI,1981,
Costa Rica,CRI,1980,
Costa Rica,CRI,1979,
Costa Rica,CRI,1978,
Costa Rica,CRI,1977,
Costa Rica,CRI,1976,
Costa Rica,CRI,1975,
Costa Rica,CRI,1974,
Costa Rica,CRI,1973,
Costa Rica,CRI,1972,
Costa Rica,CRI,1971,
Costa Rica,CRI,1970,
Costa Rica,CRI,1969,
Costa Rica,CRI,1968,
Costa Rica,CRI,1967,
Costa Rica,CRI,1966,
Costa Rica,CRI,1965,
Costa Rica,CRI,1964,
Costa Rica,CRI,1963,
Costa Rica,CRI,1962,
Costa Rica,CRI,1961,
Costa Rica,CRI,1960,
Cote d'Ivoire,CIV,2025,4.497
Cote d'Ivoire,CIV,2024,4.7
Cote d'Ivoire,CIV,2023,4.703
Cote d'Ivoire,CIV,2022,4.775
Cote d'Ivoire,CIV,2021,5.421
Cote d'Ivoire,CIV,2020,5.669
Cote d'Ivoire,CIV,2019,4.938
Cote d'Ivoire,CIV,2018,5.648
Cote d'Ivoire,CIV,2017,6.308
Cote d'Ivoire,CIV,2016,3.045
Cote d'Ivoire,CIV,2015,4.397
Cote d'Ivoire,CIV,2014,5.742
Cote d'Ivoire,CIV,2013,7.367
Cote d'Ivoire,CIV,2012,9.47
Cote d'Ivoire,CIV,2011,9.273
Cote d'Ivoire,CIV,2010,8.7
Cote d'Ivoire,CIV,2009,8.565
Cote d'Ivoire,CIV,2008,8.305
Cote d'Ivoire,CIV,2007,8.126
Cote d'Ivoire,CIV,2006,7.805
Cote d'Ivoire,CIV,2005,7.708
Cote d'Ivoire,CIV,2004,7.515
Cote d'Ivoire,CIV,2003,7.351
Cote d'Ivoire,CIV,2002,6.967
Cote d'Ivoire,CIV,2001,6.602
Cote d'Ivoire,CIV,2000,6.195
Cote d'Ivoire,CIV,1999,5.741
Cote d'Ivoire,CIV,1998,5.367
Cote d'Ivoire,CIV,1997,5.207
Cote d'Ivoire,CIV,1996,5.234
Cote d'Ivoire,CIV,1995,5.245
Cote d'Ivoire,CIV,1994,6.379
Cote d'Ivoire,CIV,1993,7.408
Cote d'Ivoire,CIV,1992,8.445
Cote d'Ivoire,CIV,1991,8.355
Cote d'Ivoire,CIV,1990,
Cote d'Ivoire,CIV,1989,
Cote d'Ivoire,CIV,1988,
Cote d'Ivoire,CIV,1987,
Cote d'Ivoire,CIV,1986,
Cote d'Ivoire,CIV,1985,
Cote d'Ivoire,CIV,1984,
Cote d'Ivoire,CIV,1983,
Cote d'Ivoire,CIV,1982,
Cote d'Ivoire,CIV,1981,
Cote d'Ivoire,CIV,1980,
Cote d'Ivoire,CIV,1979,
Cote d'Ivoire,CIV,1978,
Cote d'Ivoire,CIV,1977,
Cote d'Ivoire,CIV,1976,
Cote d'Ivoire,CIV,1975,
Cote d'Ivoire,CIV,1974,
Cote d'Ivoire,CIV,1973,
Cote d'Ivoire,CIV,1972,
Cote d'Ivoire,CIV,1971,
Cote d'Ivoire,CIV,1970,
Cote d'Ivoire,CIV,1969,
Cote d'Ivoire,CIV,1968,
Cote d'Ivoire,CIV,1967,
Cote d'Ivoire,CIV,1966,
Cote d'Ivoire,CIV,1965,
Cote d'Ivoire,CIV,1964,
Cote d'Ivoire,CIV,1963,
Cote d'Ivoire,CIV,1962,
Cote d'Ivoire,CIV,1961,
Cote d'Ivoire,CIV,1960,
Croatia,HRV,2025,17.768
Croatia,HRV,2024,17.877
Croatia,HRV,2023,21.83
Croatia,HRV,2022,22.08
Croatia,HRV,2021,26.329
Croatia,HRV,2020,23.94
Croatia,HRV,2019,18.813
Croatia,HRV,2018,29.229
Croatia,HRV,2017,27.21
Croatia,HRV,2016,31.034
Croatia,HRV,2015,43.555
Croatia,HRV,2014,46.61
Croatia,HRV,2013,51.021
Croatia,HRV,2012,42.304
Croatia,HRV,2011,36.102
Croatia,HRV,2010,33.569
Croatia,HRV,2009,27.442
Croatia,HRV,2008,28.283
Croatia,HRV,2007,29.285
Croatia,HRV,2006,31.21
Croatia,HRV,2005,35.234
Croatia,HRV,2004,37.269
Croatia,HRV,2003,38.698
Croatia,HRV,2002,39.056
Croatia,HRV,2001,41.648
Croatia,HRV,2000,41.664
Croatia,HRV,1999,36.12
Croatia,HRV,1998,31.144
Croatia,HRV,1997,27.144
Croatia,HRV,1996,28.089
Croatia,HRV,1995,29.93
Croatia,HRV,1994,32.019
Croatia,HRV,1993,34.417
Croatia,HRV,1992,36.412
Croatia,HRV,1991,38.451
Croatia,HRV,1990,
Croatia,HRV,1989,
Croatia,HRV,1988,
Croatia,HRV,1987,
Croatia,HRV,1986,
Croatia,HRV,1985,
Croatia,HRV,1984,
Croatia,HRV,1983,
Croatia,HRV,1982,
Croatia,HRV,1981,
Croatia,HRV,1980,
Croatia,HRV,1979,
Croatia,HRV,1978,
Croatia,HRV,1977,
Croatia,HRV,1976,
Croatia,HRV,1975,
Croatia,HRV,1974,
Croatia,HRV,1973,
Croatia,HRV,1972,
Croatia,HRV,1971,
Croatia,HRV,1970,
Croatia,HRV,1969,
Croatia,HRV,1968,
Croatia,HRV,1967,
Croatia,HRV,1966,
Croatia,HRV,1965,
Croatia,HRV,1964,
Croatia,HRV,1963,
Croatia,HRV,1962,
Croatia,HRV,1961,
Croatia,HRV,1960,
Cuba,CUB,2025,3.819
Cuba,CUB,2024,3.86
Cuba,CUB,2023,3.835
Cuba,CUB,2022,3.911
Cuba,CUB,2021,4.526
Cuba,CUB,2020,4.811
Cuba,CUB,2019,3.879
Cuba,CUB,2018,3.868
Cuba,CUB,2017,3.495
Cuba,CUB,2016,4.617
Cuba,CUB,2015,5.465
Cuba,CUB,2014,6.559
Cuba,CUB,2013,7.414
Cuba,CUB,2012,7.503
Cuba,CUB,2011,7.231
Cuba,CUB,2010,5.569
Cuba,CUB,2009,3.489
Cuba,CUB,2008,3.554
Cuba,CUB,2007,3.429
Cuba,CUB,2006,4.051
Cuba,CUB,2005,3.984
Cuba,CUB,2004,3.911
Cuba,CUB,2003,6.066
Cuba,CUB,2002,8.287
Cuba,CUB,2001,10.416
Cuba,CUB,2000,14.98
Cuba,CUB,1999,17.367
Cuba,CUB,1998,16.808
Cuba,CUB,1997,20.053
Cuba,CUB,1996,21.846
Cuba,CUB,1995,21.868
Cuba,CUB,1994,22.219
Cuba,CUB,1993,22.462
Cuba,CUB,1992,21.391
Cuba,CUB,1991,20.34
Cuba,CUB,1990,
Cuba,CUB,1989,
Cuba,CUB,1988,
Cuba,CUB,1987,
Cuba,CUB,1986,
Cuba,CUB,1985,
Cuba,CUB,1984,
Cuba,CUB,1983,
Cuba,CUB,1982,
Cuba,CUB,1981,
Cuba,CUB,1980,
Cuba,CUB,1979,
Cuba,CUB,1978,
Cuba,CUB,1977,
Cuba,CUB,1976,
Cuba,CUB,1975,
Cuba,CUB,1974,
Cuba,CUB,1973,
Cuba,CUB,1972,
Cuba,CUB,1971,
Cuba,CUB,1970,
Cuba,CUB,1969,
Cuba,CUB,1968,
Cuba,CUB,1967,
Cuba,CUB,1966,
Cuba,CUB,1965,
Cuba,CUB,1964,
Cuba,CUB,1963,
Cuba,CUB,1962,
Cuba,CUB,1961,
Cuba,CUB,1960,
Curacao,CUW,2025,
Curacao,CUW,2024,
Curacao,CUW,2023,
Curacao,CUW,2022,
Curacao,CUW,2021,
Curacao,CUW,2020,
Curacao,CUW,2019,
Curacao,CUW,2018,
Curacao,CUW,2017,
Curacao,CUW,2016,
Curacao,CUW,2015,
Curacao,CUW,2014,
Curacao,CUW,2013,
Curacao,CUW,2012,
Curacao,CUW,2011,
Curacao,CUW,2010,
Curacao,CUW,2009,
Curacao,CUW,2008,
Curacao,CUW,2007,
Curacao,CUW,2006,
Curacao,CUW,2005,
Curacao,CUW,2004,
Curacao,CUW,2003,
Curacao,CUW,2002,
Curacao,CUW,2001,
Curacao,CUW,2000,
Curacao,CUW,1999,
Curacao,CUW,1998,
Curacao,CUW,1997,
Curacao,CUW,1996,
Curacao,CUW,1995,
Curacao,CUW,1994,
Curacao,CUW,1993,
Curacao,CUW,1992,
Curacao,CUW,1991,
Curacao,CUW,1990,
Curacao,CUW,1989,
Curacao,CUW,1988,
Curacao,CUW,1987,
Curacao,CUW,1986,
Curacao,CUW,1985,
Curacao,CUW,1984,
Curacao,CUW,1983,
Curacao,CUW,1982,
Curacao,CUW,1981,
Curacao,CUW,1980,
Curacao,CUW,1979,
Curacao,CUW,1978,
Curacao,CUW,1977,
Curacao,CUW,1976,
Curacao,CUW,1975,
Curacao,CUW,1974,
Curacao,CUW,1973,
Curacao,CUW,1972,
Curacao,CUW,1971,
Curacao,CUW,1970,
Curacao,CUW,1969,
Curacao,CUW,1968,
Curacao,CUW,1967,
Curacao,CUW,1966,
Curacao,CUW,1965,
Curacao,CUW,1964,
Curacao,CUW,1963,
Curacao,CUW,1962,
Curacao,CUW,1961,
Curacao,CUW,1960,
Cyprus,CYP,2025,13.055
Cyprus,CYP,2024,13.389
Cyprus,CYP,2023,14.292
Cyprus,CYP,2022,18.607
Cyprus,CYP,2021,16.453
Cyprus,CYP,2020,12.343
Cyprus,CYP,2019,14.678
Cyprus,CYP,2018,16.188
Cyprus,CYP,2017,23.236
Cyprus,CYP,2016,31.977
Cyprus,CYP,2015,30.93
Cyprus,CYP,2014,34.278
Cyprus,CYP,2013,36.064
Cyprus,CYP,2012,26.136
Cyprus,CYP,2011,20.713
Cyprus,CYP,2010,16.791
Cyprus,CYP,2009,13.674
Cyprus,CYP,2008,9.186
Cyprus,CYP,2007,9.228
Cyprus,CYP,2006,11.282
Cyprus,CYP,2005,15.058
Cyprus,CYP,2004,12.129
Cyprus,CYP,2003,8.799
Cyprus,CYP,2002,7.633
Cyprus,CYP,2001,10.462
Cyprus,CYP,2000,12.408
Cyprus,CYP,1999,9.815
Cyprus,CYP,1998,5.681
Cyprus,CYP,1997,6.501
Cyprus,CYP,1996,6.686
Cyprus,CYP,1995,6.131
Cyprus,CYP,1994,6.991
Cyprus,CYP,1993,8.357
Cyprus,CYP,1992,5.271
Cyprus,CYP,1991,10.127
Cyprus,CYP,1990,
Cyprus,CYP,1989,
Cyprus,CYP,1988,
Cyprus,CYP,1987,
Cyprus,CYP,1986,
Cyprus,CYP,1985,
Cyprus,CYP,1984,
Cyprus,CYP,1983,
Cyprus,CYP,1982,
Cyprus,CYP,1981,
Cyprus,CYP,1980,
Cyprus,CYP,1979,
Cyprus,CYP,1978,
Cyprus,CYP,1977,
Cyprus,CYP,1976,
Cyprus,CYP,1975,
Cyprus,CYP,1974,
Cyprus,CYP,1973,
Cyprus,CYP,1972,
Cyprus,CYP,1971,
Cyprus,CYP,1970,
Cyprus,CYP,1969,
Cyprus,CYP,1968,
Cyprus,CYP,1967,
Cyprus,CYP,1966,
Cyprus,CYP,1965,
Cyprus,CYP,1964,
Cyprus,CYP,1963,
Cyprus,CYP,1962,
Cyprus,CYP,1961,
Cyprus,CYP,1960,
Czechia,CZE,2025,9.65
Czechia,CZE,2024,9.779
Czechia,CZE,2023,8.689
Czechia,CZE,2022,7.912
Czechia,CZE,2021,9.044
Czechia,CZE,2020,9.139
Czechia,CZE,2019,5.989
Czechia,CZE,2018,7.194
Czechia,CZE,2017,8.745
Czechia,CZE,2016,11.397
Czechia,CZE,2015,14.434
Czechia,CZE,2014,17.101
Czechia,CZE,2013,19.447
Czechia,CZE,2012,18.996
Czechia,CZE,2011,17.962
Czechia,CZE,2010,18.486
Czechia,CZE,2009,16.699
Czechia,CZE,2008,9.928
Czechia,CZE,2007,10.967
Czechia,CZE,2006,18.646
Czechia,CZE,2005,19.079
Czechia,CZE,2004,19.474
Czechia,CZE,2003,18.809
Czechia,CZE,2002,17.222
Czechia,CZE,2001,17.293
Czechia,CZE,2000,17.382
Czechia,CZE,1999,18.552
Czechia,CZE,1998,14.787
Czechia,CZE,1997,9.994
Czechia,CZE,1996,8.279
Czechia,CZE,1995,8.723
Czechia,CZE,1994,10.038
Czechia,CZE,1993,10.565
Czechia,CZE,1992,5.985
Czechia,CZE,1991,4.158
Czechia,CZE,1990,
Czechia,CZE,1989,
Czechia,CZE,1988,
Czechia,CZE,1987,
Czechia,CZE,1986,
Czechia,CZE,1985,
Czechia,CZE,1984,
Czechia,CZE,1983,
Czechia,CZE,1982,
Czechia,CZE,1981,
Czechia,CZE,1980,
Czechia,CZE,1979,
Czechia,CZE,1978,
Czechia,CZE,1977,
Czechia,CZE,1976,
Czechia,CZE,1975,
Czechia,CZE,1974,
Czechia,CZE,1973,
Czechia,CZE,1972,
Czechia,CZE,1971,
Czechia,CZE,1970,
Czechia,CZE,1969,
Czechia,CZE,1968,
Czechia,CZE,1967,
Czechia,CZE,1966,
Czechia,CZE,1965,
Czechia,CZE,1964,
Czechia,CZE,1963,
Czechia,CZE,1962,
Czechia,CZE,1961,
Czechia,CZE,1960,
Denmark,DNK,2025,11.399
Denmark,DNK,2024,11.549
Denmark,DNK,2023,11.251
Denmark,DNK,2022,10.453
Denmark,DNK,2021,10.935
Denmark,DNK,2020,10.652
Denmark,DNK,2019,9.721
Denmark,DNK,2018,9.228
Denmark,DNK,2017,11.884
Denmark,DNK,2016,10.824
Denmark,DNK,2015,11.135
Denmark,DNK,2014,12.834
Denmark,DNK,2013,13.327
Denmark,DNK,2012,14.804
Denmark,DNK,2011,14.381
Denmark,DNK,2010,13.135
Denmark,DNK,2009,11.557
Denmark,DNK,2008,10.334
Denmark,DNK,2007,7.377
Denmark,DNK,2006,7.476
Denmark,DNK,2005,8.578
Denmark,DNK,2004,7.05
Denmark,DNK,2003,8.957
Denmark,DNK,2002,5.191
Denmark,DNK,2001,9.249
Denmark,DNK,2000,6.984
Denmark,DNK,1999,10.499
Denmark,DNK,1998,7.66
Denmark,DNK,1997,9.818
Denmark,DNK,1996,12.401
Denmark,DNK,1995,12.371
Denmark,DNK,1994,10.184
Denmark,DNK,1993,14.725
Denmark,DNK,1992,12.539
Denmark,DNK,1991,12.353
Denmark,DNK,1990,
Denmark,DNK,1989,
Denmark,DNK,1988,
Denmark,DNK,1987,
Denmark,DNK,1986,
Denmark,DNK,1985,
Denmark,DNK,1984,
Denmark,DNK,1983,
Denmark,DNK,1982,
Denmark,DNK,1981,
Denmark,DNK,1980,
Denmark,DNK,1979,
Denmark,DNK,1978,
Denmark,DNK,1977,
Denmark,DNK,1976,
Denmark,DNK,1975,
Denmark,DNK,1974,
Denmark,DNK,1973,
Denmark,DNK,1972,
Denmark,DNK,1971,
Denmark,DNK,1970,
Denmark,DNK,1969,
Denmark,DNK,1968,
Denmark,DNK,1967,
Denmark,DNK,1966,
Denmark,DNK,1965,
Denmark,DNK,1964,
Denmark,DNK,1963,
Denmark,DNK,1962,
Denmark,DNK,1961,
Denmark,DNK,1960,
Djibouti,DJI,2025,77.699
Djibouti,DJI,2024,77.485
Djibouti,DJI,2023,77.589
Djibouti,DJI,2022,78.002
Djibouti,DJI,2021,81.052
Djibouti,DJI,2020,84.183
Djibouti,DJI,2019,77.37
Djibouti,DJI,2018,76.407
Djibouti,DJI,2017,75.346
Djibouti,DJI,2016,74.371
Djibouti,DJI,2015,73.799
Djibouti,DJI,2014,73.292
Djibouti,DJI,2013,72.559
Djibouti,DJI,2012,71.98
Djibouti,DJI,2011,71.668
Djibouti,DJI,2010,71.16
Djibouti,DJI,2009,70.455
Djibouti,DJI,2008,69.525
Djibouti,DJI,2007,69.139
Djibouti,DJI,2006,68.726
Djibouti,DJI,2005,68.339
Djibouti,DJI,2004,67.921
Djibouti,DJI,2003,67.665
Djibouti,DJI,2002,67.41
Djibouti,DJI,2001,66.727
Djibouti,DJI,2000,66.163
Djibouti,DJI,1999,65.622
Djibouti,DJI,1998,65.395
Djibouti,DJI,1997,64.74
Djibouti,DJI,1996,63.938
Djibouti,DJI,1995,63.788
Djibouti,DJI,1994,63.056
Djibouti,DJI,1993,63.043
Djibouti,DJI,1992,61.12
Djibouti,DJI,1991,60.159
Djibouti,DJI,1990,
Djibouti,DJI,1989,
Djibouti,DJI,1988,
Djibouti,DJI,1987,
Djibouti,DJI,1986,
Djibouti,DJI,1985,
Djibouti,DJI,1984,
Djibouti,DJI,1983,
Djibouti,DJI,1982,
Djibouti,DJI,1981,
Djibouti,DJI,1980,
Djibouti,DJI,1979,
Djibouti,DJI,1978,
Djibouti,DJI,1977,
Djibouti,DJI,1976,
Djibouti,DJI,1975,
Djibouti,DJI,1974,
Djibouti,DJI,1973,
Djibouti,DJI,1972,
Djibouti,DJI,1971,
Djibouti,DJI,1970,
Djibouti,DJI,1969,
Djibouti,DJI,1968,
Djibouti,DJI,1967,
Djibouti,DJI,1966,
Djibouti,DJI,1965,
Djibouti,DJI,1964,
Djibouti,DJI,1963,
Djibouti,DJI,1962,
Djibouti,DJI,1961,
Djibouti,DJI,1960,
Dominica,DMA,2025,
Dominica,DMA,2024,
Dominica,DMA,2023,
Dominica,DMA,2022,
Dominica,DMA,2021,
Dominica,DMA,2020,
Dominica,DMA,2019,
Dominica,DMA,2018,
Dominica,DMA,2017,
Dominica,DMA,2016,
Dominica,DMA,2015,
Dominica,DMA,2014,
Dominica,DMA,2013,
Dominica,DMA,2012,
Dominica,DMA,2011,
Dominica,DMA,2010,
Dominica,DMA,2009,
Dominica,DMA,2008,
Dominica,DMA,2007,
Dominica,DMA,2006,
Dominica,DMA,2005,
Dominica,DMA,2004,
Dominica,DMA,2003,
Dominica,DMA,2002,
Dominica,DMA,2001,
Dominica,DMA,2000,
Dominica,DMA,1999,
Dominica,DMA,1998,
Dominica,DMA,1997,
Dominica,DMA,1996,
Dominica,DMA,1995,
Dominica,DMA,1994,
Dominica,DMA,1993,
Dominica,DMA,1992,
Dominica,DMA,1991,
Dominica,DMA,1990,
Dominica,DMA,1989,
Dominica,DMA,1988,
Dominica,DMA,1987,
Dominica,DMA,1986,
Dominica,DMA,1985,
Dominica,DMA,1984,
Dominica,DMA,1983,
Dominica,DMA,1982,
Dominica,DMA,1981,
Dominica,DMA,1980,
Dominica,DMA,1979,
Dominica,DMA,1978,
Dominica,DMA,1977,
Dominica,DMA,1976,
Dominica,DMA,1975,
Dominica,DMA,1974,
Dominica,DMA,1973,
Dominica,DMA,1972,
Dominica,DMA,1971,
Dominica,DMA,1970,
Dominica,DMA,1969,
Dominica,DMA,1968,
Dominica,DMA,1967,
Dominica,DMA,1966,
Dominica,DMA,1965,
Dominica,DMA,1964,
Dominica,DMA,1963,
Dominica,DMA,1962,
Dominica,DMA,1961,
Dominica,DMA,1960,
Dominican Republic,DOM,2025,16.86
Dominican Republic,DOM,2024,17.569
Dominican Republic,DOM,2023,15.076
Dominican Republic,DOM,2022,17.672
Dominican Republic,DOM,2021,25.563
Dominican Republic,DOM,2020,20.774
Dominican Republic,DOM,2019,22.983
Dominican Republic,DOM,2018,23.013
Dominican Republic,DOM,2017,19.655
Dominican Republic,DOM,2016,25.916
Dominican Republic,DOM,2015,24.275
Dominican Republic,DOM,2014,20.858
Dominican Republic,DOM,2013,27.2
Dominican Republic,DOM,2012,19.798
Dominican Republic,DOM,2011,19.488
Dominican Republic,DOM,2010,15.75
Dominican Republic,DOM,2009,20.516
Dominican Republic,DOM,2008,17.397
Dominican Republic,DOM,2007,19.499
Dominican Republic,DOM,2006,17.772
Dominican Republic,DOM,2005,18.629
Dominican Republic,DOM,2004,20.634
Dominican Republic,DOM,2003,19.414
Dominican Republic,DOM,2002,19.407
Dominican Republic,DOM,2001,21.94
Dominican Republic,DOM,2000,20.65
Dominican Republic,DOM,1999,20.307
Dominican Republic,DOM,1998,20.222
Dominican Republic,DOM,1997,20.198
Dominican Republic,DOM,1996,20.505
Dominican Republic,DOM,1995,20.331
Dominican Republic,DOM,1994,19.92
Dominican Republic,DOM,1993,19.878
Dominican Republic,DOM,1992,20.546
Dominican Republic,DOM,1991,20.916
Dominican Republic,DOM,1990,
Dominican Republic,DOM,1989,
Dominican Republic,DOM,1988,
Dominican Republic,DOM,1987,
Dominican Republic,DOM,1986,
Dominican Republic,DOM,1985,
Dominican Republic,DOM,1984,
Dominican Republic,DOM,1983,
Dominican Republic,DOM,1982,
Dominican Republic,DOM,1981,
Dominican Republic,DOM,1980,
Dominican Republic,DOM,1979,
Dominican Republic,DOM,1978,
Dominican Republic,DOM,1977,
Dominican Republic,DOM,1976,
Dominican Republic,DOM,1975,
Dominican Republic,DOM,1974,
Dominican Republic,DOM,1973,
Dominican Republic,DOM,1972,
Dominican Republic,DOM,1971,
Dominican Republic,DOM,1970,
Dominican Republic,DOM,1969,
Dominican Republic,DOM,1968,
Dominican Republic,DOM,1967,
Dominican Republic,DOM,1966,
Dominican Republic,DOM,1965,
Dominican Republic,DOM,1964,
Dominican Republic,DOM,1963,
Dominican Republic,DOM,1962,
Dominican Republic,DOM,1961,
Dominican Republic,DOM,1960,
Ecuador,ECU,2025,10.683
Ecuador,ECU,2024,11.322
Ecuador,ECU,2023,10.36
Ecuador,ECU,2022,10.876
Ecuador,ECU,2021,12.773
Ecuador,ECU,2020,14.979
Ecuador,ECU,2019,11.707
Ecuador,ECU,2018,10.417
Ecuador,ECU,2017,11.424
Ecuador,ECU,2016,14.077
Ecuador,ECU,2015,11.535
Ecuador,ECU,2014,11.869
Ecuador,ECU,2013,10.932
Ecuador,ECU,2012,10.748
Ecuador,ECU,2011,11.749
Ecuador,ECU,2010,12.226
Ecuador,ECU,2009,12.654
Ecuador,ECU,2008,11.393
Ecuador,ECU,2007,7.833
Ecuador,ECU,2006,10.306
Ecuador,ECU,2005,9.893
Ecuador,ECU,2004,11.981
Ecuador,ECU,2003,11.29
Ecuador,ECU,2002,10.723
Ecuador,ECU,2001,10.637
Ecuador,ECU,2000,12.39
Ecuador,ECU,1999,12.158
Ecuador,ECU,1998,11.718
Ecuador,ECU,1997,11.995
Ecuador,ECU,1996,11.775
Ecuador,ECU,1995,11.707
Ecuador,ECU,1994,11.659
Ecuador,ECU,1993,11.587
Ecuador,ECU,1992,11.429
Ecuador,ECU,1991,11.445
Ecuador,ECU,1990,
Ecuador,ECU,1989,
Ecuador,ECU,1988,
Ecuador,ECU,1987,
Ecuador,ECU,1986,
Ecuador,ECU,1985,
Ecuador,ECU,1984,
Ecuador,ECU,1983,
Ecuador,ECU,1982,
Ecuador,ECU,1981,
Ecuador,ECU,1980,
Ecuador,ECU,1979,
Ecuador,ECU,1978,
Ecuador,ECU,1977,
Ecuador,ECU,1976,
Ecuador,ECU,1975,
Ecuador,ECU,1974,
Ecuador,ECU,1973,
Ecuador,ECU,1972,
Ecuador,ECU,1971,
Ecuador,ECU,1970,
Ecuador,ECU,1969,
Ecuador,ECU,1968,
Ecuador,ECU,1967,
Ecuador,ECU,1966,
Ecuador,ECU,1965,
Ecuador,ECU,1964,
Ecuador,ECU,1963,
Ecuador,ECU,1962,
Ecuador,ECU,1961,
Ecuador,ECU,1960,
"Egypt, Arab Rep.",EGY,2025,38.711
"Egypt, Arab Rep.",EGY,2024,36.834
"Egypt, Arab Rep.",EGY,2023,36.589
"Egypt, Arab Rep.",EGY,2022,35.751
"Egypt, Arab Rep.",EGY,2021,42.743
"Egypt, Arab Rep.",EGY,2020,46.054
"Egypt, Arab Rep.",EGY,2019,51.834
"Egypt, Arab Rep.",EGY,2018,52.799
"Egypt, Arab Rep.",EGY,2017,40.013
"Egypt, Arab Rep.",EGY,2016,40.554
"Egypt, Arab Rep.",EGY,2015,39.872
"Egypt, Arab Rep.",EGY,2014,45.236
"Egypt, Arab Rep.",EGY,2013,49.016
"Egypt, Arab Rep.",EGY,2012,53.724
"Egypt, Arab Rep.",EGY,2011,50.426
"Egypt, Arab Rep.",EGY,2010,52.248
"Egypt, Arab Rep.",EGY,2009,50.222
"Egypt, Arab Rep.",EGY,2008,48.857
"Egypt, Arab Rep.",EGY,2007,44.436
"Egypt, Arab Rep.",EGY,2006,52.275
"Egypt, Arab Rep.",EGY,2005,49.268
"Egypt, Arab Rep.",EGY,2004,48.304
"Egypt, Arab Rep.",EGY,2003,39.079
"Egypt, Arab Rep.",EGY,2002,36.871
"Egypt, Arab Rep.",EGY,2001,47.026
"Egypt, Arab Rep.",EGY,2000,45.947
"Egypt, Arab Rep.",EGY,1999,35.744
"Egypt, Arab Rep.",EGY,1998,41.714
"Egypt, Arab Rep.",EGY,1997,42.058
"Egypt, Arab Rep.",EGY,1996,39.317
"Egypt, Arab Rep.",EGY,1995,50.154
"Egypt, Arab Rep.",EGY,1994,48.442
"Egypt, Arab Rep.",EGY,1993,47.051
"Egypt, Arab Rep.",EGY,1992,35.683
"Egypt, Arab Rep.",EGY,1991,42.751
"Egypt, Arab Rep.",EGY,1990,
"Egypt, Arab Rep.",EGY,1989,
"Egypt, Arab Rep.",EGY,1988,
"Egypt, Arab Rep.",EGY,1987,
"Egypt, Arab Rep.",EGY,1986,
"Egypt, Arab Rep.",EGY,1985,
"Egypt, Arab Rep.",EGY,1984,
"Egypt, Arab Rep.",EGY,1983,
"Egypt, Arab Rep.",EGY,1982,
"Egypt, Arab Rep.",EGY,1981,
"Egypt, Arab Rep.",EGY,1980,
"Egypt, Arab Rep.",EGY,1979,
"Egypt, Arab Rep.",EGY,1978,
"Egypt, Arab Rep.",EGY,1977,
"Egypt, Arab Rep.",EGY,1976,
"Egypt, Arab Rep.",EGY,1975,
"Egypt, Arab Rep.",EGY,1974,
"Egypt, Arab Rep.",EGY,1973,
"Egypt, Arab Rep.",EGY,1972,
"Egypt, Arab Rep.",EGY,1971,
"Egypt, Arab Rep.",EGY,1970,
"Egypt, Arab Rep.",EGY,1969,
"Egypt, Arab Rep.",EGY,1968,
"Egypt, Arab Rep.",EGY,1967,
"Egypt, Arab Rep.",EGY,1966,
"Egypt, Arab Rep.",EGY,1965,
"Egypt, Arab Rep.",EGY,1964,
"Egypt, Arab Rep.",EGY,1963,
"Egypt, Arab Rep.",EGY,1962,
"Egypt, Arab Rep.",EGY,1961,
"Egypt, Arab Rep.",EGY,1960,
El Salvador,SLV,2025,10.342
El Salvador,SLV,2024,10.327
El Salvador,SLV,2023,9.711
El Salvador,SLV,2022,11.121
El Salvador,SLV,2021,14.053
El Salvador,SLV,2020,14.79
El Salvador,SLV,2019,12.796
El Salvador,SLV,2018,11.485
El Salvador,SLV,2017,12.109
El Salvador,SLV,2016,9.941
El Salvador,SLV,2015,9.908
El Salvador,SLV,2014,9.126
El Salvador,SLV,2013,10.266
El Salvador,SLV,2012,9.188
El Salvador,SLV,2011,9.387
El Salvador,SLV,2010,12.016
El Salvador,SLV,2009,12.967
El Salvador,SLV,2008,8.907
El Salvador,SLV,2007,8.177
El Salvador,SLV,2006,8.409
El Salvador,SLV,2005,10.313
El Salvador,SLV,2004,8.204
El Salvador,SLV,2003,7.416
El Salvador,SLV,2002,7.41
El Salvador,SLV,2001,11.059
El Salvador,SLV,2000,7.868
El Salvador,SLV,1999,10.149
El Salvador,SLV,1998,11.826
El Salvador,SLV,1997,11.279
El Salvador,SLV,1996,13.591
El Salvador,SLV,1995,12.268
El Salvador,SLV,1994,13.242
El Salvador,SLV,1993,13.837
El Salvador,SLV,1992,14.402
El Salvador,SLV,1991,12.927
El Salvador,SLV,1990,
El Salvador,SLV,1989,
El Salvador,SLV,1988,
El Salvador,SLV,1987,
El Salvador,SLV,1986,
El Salvador,SLV,1985,
El Salvador,SLV,1984,
El Salvador,SLV,1983,
El Salvador,SLV,1982,
El Salvador,SLV,1981,
El Salvador,SLV,1980,
El Salvador,SLV,1979,
El Salvador,SLV,1978,
El Salvador,SLV,1977,
El Salvador,SLV,1976,
El Salvador,SLV,1975,
El Salvador,SLV,1974,
El Salvador,SLV,1973,
El Salvador,SLV,1972,
El Salvador,SLV,1971,
El Salvador,SLV,1970,
El Salvador,SLV,1969,
El Salvador,SLV,1968,
El Salvador,SLV,1967,
El Salvador,SLV,1966,
El Salvador,SLV,1965,
El Salvador,SLV,1964,
El Salvador,SLV,1963,
El Salvador,SLV,1962,
El Salvador,SLV,1961,
El Salvador,SLV,1960,
Equatorial Guinea,GNQ,2025,17.055
Equatorial Guinea,GNQ,2024,16.865
Equatorial Guinea,GNQ,2023,16.719
Equatorial Guinea,GNQ,2022,17.136
Equatorial Guinea,GNQ,2021,18.312
Equatorial Guinea,GNQ,2020,18.966
Equatorial Guinea,GNQ,2019,16.195
Equatorial Guinea,GNQ,2018,16.016
Equatorial Guinea,GNQ,2017,16.384
Equatorial Guinea,GNQ,2016,16.567
Equatorial Guinea,GNQ,2015,16.582
Equatorial Guinea,GNQ,2014,16.416
Equatorial Guinea,GNQ,2013,16.653
Equatorial Guinea,GNQ,2012,16.95
Equatorial Guinea,GNQ,2011,17.138
Equatorial Guinea,GNQ,2010,17.234
Equatorial Guinea,GNQ,2009,16.73
Equatorial Guinea,GNQ,2008,16.305
Equatorial Guinea,GNQ,2007,16.422
Equatorial Guinea,GNQ,2006,16.443
Equatorial Guinea,GNQ,2005,16.651
Equatorial Guinea,GNQ,2004,16.63
Equatorial Guinea,GNQ,2003,16.833
Equatorial Guinea,GNQ,2002,16.624
Equatorial Guinea,GNQ,2001,16.439
Equatorial Guinea,GNQ,2000,15.861
Equatorial Guinea,GNQ,1999,15.855
Equatorial Guinea,GNQ,1998,15.71
Equatorial Guinea,GNQ,1997,15.587
Equatorial Guinea,GNQ,1996,15.473
Equatorial Guinea,GNQ,1995,15.378
Equatorial Guinea,GNQ,1994,15.338
Equatorial Guinea,GNQ,1993,15.171
Equatorial Guinea,GNQ,1992,14.912
Equatorial Guinea,GNQ,1991,14.53
Equatorial Guinea,GNQ,1990,
Equatorial Guinea,GNQ,1989,
Equatorial Guinea,GNQ,1988,
Equatorial Guinea,GNQ,1987,
Equatorial Guinea,GNQ,1986,
Equatorial Guinea,GNQ,1985,
Equatorial Guinea,GNQ,1984,
Equatorial Guinea,GNQ,1983,
Equatorial Guinea,GNQ,1982,
Equatorial Guinea,GNQ,1981,
Equatorial Guinea,GNQ,1980,
Equatorial Guinea,GNQ,1979,
Equatorial Guinea,GNQ,1978,
Equatorial Guinea,GNQ,1977,
Equatorial Guinea,GNQ,1976,
Equatorial Guinea,GNQ,1975,
Equatorial Guinea,GNQ,1974,
Equatorial Guinea,GNQ,1973,
Equatorial Guinea,GNQ,1972,
Equatorial Guinea,GNQ,1971,
Equatorial Guinea,GNQ,1970,
Equatorial Guinea,GNQ,1969,
Equatorial Guinea,GNQ,1968,
Equatorial Guinea,GNQ,1967,
Equatorial Guinea,GNQ,1966,
Equatorial Guinea,GNQ,1965,
Equatorial Guinea,GNQ,1964,
Equatorial Guinea,GNQ,1963,
Equatorial Guinea,GNQ,1962,
Equatorial Guinea,GNQ,1961,
Equatorial Guinea,GNQ,1960,
Eritrea,ERI,2025,11.439
Eritrea,ERI,2024,11.239
Eritrea,ERI,2023,11.11
Eritrea,ERI,2022,11.353
Eritrea,ERI,2021,12.152
Eritrea,ERI,2020,12.341
Eritrea,ERI,2019,10.804
Eritrea,ERI,2018,10.703
Eritrea,ERI,2017,10.974
Eritrea,ERI,2016,11.117
Eritrea,ERI,2015,11.174
Eritrea,ERI,2014,11.07
Eritrea,ERI,2013,11.23
Eritrea,ERI,2012,11.484
Eritrea,ERI,2011,11.745
Eritrea,ERI,2010,11.911
Eritrea,ERI,2009,11.628
Eritrea,ERI,2008,11.407
Eritrea,ERI,2007,11.519
Eritrea,ERI,2006,11.511
Eritrea,ERI,2005,11.592
Eritrea,ERI,2004,11.535
Eritrea,ERI,2003,11.718
Eritrea,ERI,2002,11.619
Eritrea,ERI,2001,11.5
Eritrea,ERI,2000,11.097
Eritrea,ERI,1999,11.062
Eritrea,ERI,1998,10.911
Eritrea,ERI,1997,10.751
Eritrea,ERI,1996,10.59
Eritrea,ERI,1995,10.582
Eritrea,ERI,1994,10.682
Eritrea,ERI,1993,10.577
Eritrea,ERI,1992,10.425
Eritrea,ERI,1991,10.147
Eritrea,ERI,1990,
Eritrea,ERI,1989,
Eritrea,ERI,1988,
Eritrea,ERI,1987,
Eritrea,ERI,1986,
Eritrea,ERI,1985,
Eritrea,ERI,1984,
Eritrea,ERI,1983,
Eritrea,ERI,1982,
Eritrea,ERI,1981,
Eritrea,ERI,1980,
Eritrea,ERI,1979,
Eritrea,ERI,1978,
Eritrea,ERI,1977,
Eritrea,ERI,1976,
Eritrea,ERI,1975,
Eritrea,ERI,1974,
Eritrea,ERI,1973,
Eritrea,ERI,1972,
Eritrea,ERI,1971,
Eritrea,ERI,1970,
Eritrea,ERI,1969,
Eritrea,ERI,1968,
Eritrea,ERI,1967,
Eritrea,ERI,1966,
Eritrea,ERI,1965,
Eritrea,ERI,1964,
Eritrea,ERI,1963,
Eritrea,ERI,1962,
Eritrea,ERI,1961,
Eritrea,ERI,1960,
Estonia,EST,2025,19.38
Estonia,EST,2024,19.408
Estonia,EST,2023,16.311
Estonia,EST,2022,16.35
Estonia,EST,2021,14.934
Estonia,EST,2020,18.611
Estonia,EST,2019,12.109
Estonia,EST,2018,11.233
Estonia,EST,2017,9.415
Estonia,EST,2016,10.633
Estonia,EST,2015,13.02
Estonia,EST,2014,9.978
Estonia,EST,2013,19.782
Estonia,EST,2012,18.473
Estonia,EST,2011,20.595
Estonia,EST,2010,29.517
Estonia,EST,2009,21.829
Estonia,EST,2008,11.311
Estonia,EST,2007,7.147
Estonia,EST,2006,15.16
Estonia,EST,2005,13.801
Estonia,EST,2004,23.886
Estonia,EST,2003,31.913
Estonia,EST,2002,24.737
Estonia,EST,2001,31.073
Estonia,EST,2000,19.641
Estonia,EST,1999,21.866
Estonia,EST,1998,11.717
Estonia,EST,1997,15.292
Estonia,EST,1996,16.619
Estonia,EST,1995,16.376
Estonia,EST,1994,11.833
Estonia,EST,1993,13.078
Estonia,EST,1992,8.175
Estonia,EST,1991,3.977
Estonia,EST,1990,
Estonia,EST,1989,
Estonia,EST,1988,
Estonia,EST,1987,
Estonia,EST,1986,
Estonia,EST,1985,
Estonia,EST,1984,
Estonia,EST,1983,
Estonia,EST,1982,
Estonia,EST,1981,
Estonia,EST,1980,
Estonia,EST,1979,
Estonia,EST,1978,
Estonia,EST,1977,
Estonia,EST,1976,
Estonia,EST,1975,
Estonia,EST,1974,
Estonia,EST,1973,
Estonia,EST,1972,
Estonia,EST,1971,
Estonia,EST,1970,
Estonia,EST,1969,
Estonia,EST,1968,
Estonia,EST,1967,
Estonia,EST,1966,
Estonia,EST,1965,
Estonia,EST,1964,
Estonia,EST,1963,
Estonia,EST,1962,
Estonia,EST,1961,
Estonia,EST,1960,
Eswatini,SWZ,2025,57.725
Eswatini,SWZ,2024,58.244
Eswatini,SWZ,2023,58.19
Eswatini,SWZ,2022,61.734
Eswatini,SWZ,2021,59.082
Eswatini,SWZ,2020,61.651
Eswatini,SWZ,2019,53.405
Eswatini,SWZ,2018,52.178
Eswatini,SWZ,2017,50.646
Eswatini,SWZ,2016,49.277
Eswatini,SWZ,2015,50.801
Eswatini,SWZ,2014,51.889
Eswatini,SWZ,2013,53.174
Eswatini,SWZ,2012,54.523
Eswatini,SWZ,2011,56.21
Eswatini,SWZ,2010,57.627
Eswatini,SWZ,2009,58.775
Eswatini,SWZ,2008,59.458
Eswatini,SWZ,2007,60.08
Eswatini,SWZ,2006,58.9
Eswatini,SWZ,2005,58.029
Eswatini,SWZ,2004,57.115
Eswatini,SWZ,2003,56.297
Eswatini,SWZ,2002,55.405
Eswatini,SWZ,2001,54.409
Eswatini,SWZ,2000,53.084
Eswatini,SWZ,1999,51.733
Eswatini,SWZ,1998,50.379
Eswatini,SWZ,1997,48.953
Eswatini,SWZ,1996,46.436
Eswatini,SWZ,1995,43.917
Eswatini,SWZ,1994,44.329
Eswatini,SWZ,1993,44.693
Eswatini,SWZ,1992,43.042
Eswatini,SWZ,1991,41.972
Eswatini,SWZ,1990,
Eswatini,SWZ,1989,
Eswatini,SWZ,1988,
Eswatini,SWZ,1987,
Eswatini,SWZ,1986,
Eswatini,SWZ,1985,
Eswatini,SWZ,1984,
Eswatini,SWZ,1983,
Eswatini,SWZ,1982,
Eswatini,SWZ,1981,
Eswatini,SWZ,1980,
Eswatini,SWZ,1979,
Eswatini,SWZ,1978,
Eswatini,SWZ,1977,
Eswatini,SWZ,1976,
Eswatini,SWZ,1975,
Eswatini,SWZ,1974,
Eswatini,SWZ,1973,
Eswatini,SWZ,1972,
Eswatini,SWZ,1971,
Eswatini,SWZ,1970,
Eswatini,SWZ,1969,
Eswatini,SWZ,1968,
Eswatini,SWZ,1967,
Eswatini,SWZ,1966,
Eswatini,SWZ,1965,
Eswatini,SWZ,1964,
Eswatini,SWZ,1963,
Eswatini,SWZ,1962,
Eswatini,SWZ,1961,
Eswatini,SWZ,1960,
Ethiopia,ETH,2025,7.077
Ethiopia,ETH,2024,7.216
Ethiopia,ETH,2023,7.245
Ethiopia,ETH,2022,7.253
Ethiopia,ETH,2021,8.295
Ethiopia,ETH,2020,8.536
Ethiopia,ETH,2019,6.286
Ethiopia,ETH,2018,5.949
Ethiopia,ETH,2017,5.579
Ethiopia,ETH,2016,5.269
Ethiopia,ETH,2015,4.961
Ethiopia,ETH,2014,4.702
Ethiopia,ETH,2013,4.411
Ethiopia,ETH,2012,4.404
Ethiopia,ETH,2011,4.424
Ethiopia,ETH,2010,4.454
Ethiopia,ETH,2009,4.497
Ethiopia,ETH,2008,4.5
Ethiopia,ETH,2007,4.517
Ethiopia,ETH,2006,4.519
Ethiopia,ETH,2005,4.723
Ethiopia,ETH,2004,5.263
Ethiopia,ETH,2003,5.747
Ethiopia,ETH,2002,5.999
Ethiopia,ETH,2001,6.32
Ethiopia,ETH,2000,6.944
Ethiopia,ETH,1999,7.405
Ethiopia,ETH,1998,6.761
Ethiopia,ETH,1997,6.102
Ethiopia,ETH,1996,5.63
Ethiopia,ETH,1995,5.145
Ethiopia,ETH,1994,4.881
Ethiopia,ETH,1993,5.029
Ethiopia,ETH,1992,5.181
Ethiopia,ETH,1991,5.058
Ethiopia,ETH,1990,
Ethiopia,ETH,1989,
Ethiopia,ETH,1988,
Ethiopia,ETH,1987,
Ethiopia,ETH,1986,
Ethiopia,ETH,1985,
Ethiopia,ETH,1984,
Ethiopia,ETH,1983,
Ethiopia,ETH,1982,
Ethiopia,ETH,1981,
Ethiopia,ETH,1980,
Ethiopia,ETH,1979,
Ethiopia,ETH,1978,
Ethiopia,ETH,1977,
Ethiopia,ETH,1976,
Ethiopia,ETH,1975,
Ethiopia,ETH,1974,
Ethiopia,ETH,1973,
Ethiopia,ETH,1972,
Ethiopia,ETH,1971,
Ethiopia,ETH,1970,
Ethiopia,ETH,1969,
Ethiopia,ETH,1968,
Ethiopia,ETH,1967,
Ethiopia,ETH,1966,
Ethiopia,ETH,1965,
Ethiopia,ETH,1964,
Ethiopia,ETH,1963,
Ethiopia,ETH,1962,
Ethiopia,ETH,1961,
Ethiopia,ETH,1960,
Faroe Islands,FRO,2025,
Faroe Islands,FRO,2024,
Faroe Islands,FRO,2023,
Faroe Islands,FRO,2022,
Faroe Islands,FRO,2021,
Faroe Islands,FRO,2020,
Faroe Islands,FRO,2019,
Faroe Islands,FRO,2018,
Faroe Islands,FRO,2017,
Faroe Islands,FRO,2016,
Faroe Islands,FRO,2015,
Faroe Islands,FRO,2014,
Faroe Islands,FRO,2013,
Faroe Islands,FRO,2012,
Faroe Islands,FRO,2011,
Faroe Islands,FRO,2010,
Faroe Islands,FRO,2009,
Faroe Islands,FRO,2008,
Faroe Islands,FRO,2007,
Faroe Islands,FRO,2006,
Faroe Islands,FRO,2005,
Faroe Islands,FRO,2004,
Faroe Islands,FRO,2003,
Faroe Islands,FRO,2002,
Faroe Islands,FRO,2001,
Faroe Islands,FRO,2000,
Faroe Islands,FRO,1999,
Faroe Islands,FRO,1998,
Faroe Islands,FRO,1997,
Faroe Islands,FRO,1996,
Faroe Islands,FRO,1995,
Faroe Islands,FRO,1994,
Faroe Islands,FRO,1993,
Faroe Islands,FRO,1992,
Faroe Islands,FRO,1991,
Faroe Islands,FRO,1990,
Faroe Islands,FRO,1989,
Faroe Islands,FRO,1988,
Faroe Islands,FRO,1987,
Faroe Islands,FRO,1986,
Faroe Islands,FRO,1985,
Faroe Islands,FRO,1984,
Faroe Islands,FRO,1983,
Faroe Islands,FRO,1982,
Faroe Islands,FRO,1981,
Faroe Islands,FRO,1980,
Faroe Islands,FRO,1979,
Faroe Islands,FRO,1978,
Faroe Islands,FRO,1977,
Faroe Islands,FRO,1976,
Faroe Islands,FRO,1975,
Faroe Islands,FRO,1974,
Faroe Islands,FRO,1973,
Faroe Islands,FRO,1972,
Faroe Islands,FRO,1971,
Faroe Islands,FRO,1970,
Faroe Islands,FRO,1969,
Faroe Islands,FRO,1968,
Faroe Islands,FRO,1967,
Faroe Islands,FRO,1966,
Faroe Islands,FRO,1965,
Faroe Islands,FRO,1964,
Faroe Islands,FRO,1963,
Faroe Islands,FRO,1962,
Faroe Islands,FRO,1961,
Faroe Islands,FRO,1960,
Fiji,FJI,2025,19.722
Fiji,FJI,2024,19.712
Fiji,FJI,2023,20.118
Fiji,FJI,2022,20.914
Fiji,FJI,2021,22.282
Fiji,FJI,2020,23.644
Fiji,FJI,2019,21.5
Fiji,FJI,2018,21.654
Fiji,FJI,2017,21.638
Fiji,FJI,2016,21.502
Fiji,FJI,2015,20.113
Fiji,FJI,2014,19.016
Fiji,FJI,2013,18.538
Fiji,FJI,2012,17.969
Fiji,FJI,2011,17.389
Fiji,FJI,2010,17.175
Fiji,FJI,2009,17.019
Fiji,FJI,2008,16.601
Fiji,FJI,2007,16.311
Fiji,FJI,2006,15.806
Fiji,FJI,2005,15.568
Fiji,FJI,2004,18.072
Fiji,FJI,2003,17.843
Fiji,FJI,2002,17.617
Fiji,FJI,2001,17.102
Fiji,FJI,2000,16.859
Fiji,FJI,1999,16.663
Fiji,FJI,1998,16.632
Fiji,FJI,1997,16.416
Fiji,FJI,1996,15.971
Fiji,FJI,1995,15.903
Fiji,FJI,1994,15.664
Fiji,FJI,1993,15.713
Fiji,FJI,1992,15.441
Fiji,FJI,1991,15.098
Fiji,FJI,1990,
Fiji,FJI,1989,
Fiji,FJI,1988,
Fiji,FJI,1987,
Fiji,FJI,1986,
Fiji,FJI,1985,
Fiji,FJI,1984,
Fiji,FJI,1983,
Fiji,FJI,1982,
Fiji,FJI,1981,
Fiji,FJI,1980,
Fiji,FJI,1979,
Fiji,FJI,1978,
Fiji,FJI,1977,
Fiji,FJI,1976,
Fiji,FJI,1975,
Fiji,FJI,1974,
Fiji,FJI,1973,
Fiji,FJI,1972,
Fiji,FJI,1971,
Fiji,FJI,1970,
Fiji,FJI,1969,
Fiji,FJI,1968,
Fiji,FJI,1967,
Fiji,FJI,1966,
Fiji,FJI,1965,
Fiji,FJI,1964,
Fiji,FJI,1963,
Fiji,FJI,1962,
Fiji,FJI,1961,
Fiji,FJI,1960,
Finland,FIN,2025,20.757
Finland,FIN,2024,17.991
Finland,FIN,2023,15.414
Finland,FIN,2022,13.987
Finland,FIN,2021,16.405
Finland,FIN,2020,19.354
Finland,FIN,2019,15.593
Finland,FIN,2018,16.768
Finland,FIN,2017,19.294
Finland,FIN,2016,18.546
Finland,FIN,2015,19.608
Finland,FIN,2014,18.294
Finland,FIN,2013,16.992
Finland,FIN,2012,17.972
Finland,FIN,2011,18.334
Finland,FIN,2010,18.968
Finland,FIN,2009,18.907
Finland,FIN,2008,15.771
Finland,FIN,2007,16.58
Finland,FIN,2006,25.272
Finland,FIN,2005,26.052
Finland,FIN,2004,27.257
Finland,FIN,2003,28.424
Finland,FIN,2002,28.549
Finland,FIN,2001,28.503
Finland,FIN,2000,30.507
Finland,FIN,1999,31.024
Finland,FIN,1998,35.337
Finland,FIN,1997,36.841
Finland,FIN,1996,41.017
Finland,FIN,1995,40.426
Finland,FIN,1994,30.709
Finland,FIN,1993,30.44
Finland,FIN,1992,22.665
Finland,FIN,1991,13.161
Finland,FIN,1990,
Finland,FIN,1989,
Finland,FIN,1988,
Finland,FIN,1987,
Finland,FIN,1986,
Finland,FIN,1985,
Finland,FIN,1984,
Finland,FIN,1983,
Finland,FIN,1982,
Finland,FIN,1981,
Finland,FIN,1980,
Finland,FIN,1979,
Finland,FIN,1978,
Finland,FIN,1977,
Finland,FIN,1976,
Finland,FIN,1975,
Finland,FIN,1974,
Finland,FIN,1973,
Finland,FIN,1972,
Finland,FIN,1971,
Finland,FIN,1970,
Finland,FIN,1969,
Finland,FIN,1968,
Finland,FIN,1967,
Finland,FIN,1966,
Finland,FIN,1965,
Finland,FIN,1964,
Finland,FIN,1963,
Finland,FIN,1962,
Finland,FIN,1961,
Finland,FIN,1960,
France,FRA,2025,18.831
France,FRA,2024,18.326
France,FRA,2023,16.495
France,FRA,2022,16.572
France,FRA,2021,19.297
France,FRA,2020,20.602
France,FRA,2019,18.798
France,FRA,2018,20.005
France,FRA,2017,21.73
France,FRA,2016,24.854
France,FRA,2015,24.033
France,FRA,2014,23.998
France,FRA,2013,25.028
France,FRA,2012,24.694
France,FRA,2011,24.19
France,FRA,2010,24.741
France,FRA,2009,22.827
France,FRA,2008,19.38
France,FRA,2007,20.62
France,FRA,2006,24.197
France,FRA,2005,22.695
France,FRA,2004,19.718
France,FRA,2003,18.132
France,FRA,2002,20.725
France,FRA,2001,20.422
France,FRA,2000,22.507
France,FRA,1999,28.151
France,FRA,1998,28.333
France,FRA,1997,30.97
France,FRA,1996,30.212
France,FRA,1995,30.579
France,FRA,1994,30.298
France,FRA,1993,27.522
France,FRA,1992,24.927
France,FRA,1991,22.581
France,FRA,1990,
France,FRA,1989,
France,FRA,1988,
France,FRA,1987,
France,FRA,1986,
France,FRA,1985,
France,FRA,1984,
France,FRA,1983,
France,FRA,1982,
France,FRA,1981,
France,FRA,1980,
France,FRA,1979,
France,FRA,1978,
France,FRA,1977,
France,FRA,1976,
France,FRA,1975,
France,FRA,1974,
France,FRA,1973,
France,FRA,1972,
France,FRA,1971,
France,FRA,1970,
France,FRA,1969,
France,FRA,1968,
France,FRA,1967,
France,FRA,1966,
France,FRA,1965,
France,FRA,1964,
France,FRA,1963,
France,FRA,1962,
France,FRA,1961,
France,FRA,1960,
French Polynesia,PYF,2025,41.07
French Polynesia,PYF,2024,41.168
French Polynesia,PYF,2023,41.149
French Polynesia,PYF,2022,41.707
French Polynesia,PYF,2021,43.922
French Polynesia,PYF,2020,47.257
French Polynesia,PYF,2019,41.213
French Polynesia,PYF,2018,40.721
French Polynesia,PYF,2017,40.191
French Polynesia,PYF,2016,39.899
French Polynesia,PYF,2015,39.588
French Polynesia,PYF,2014,39.362
French Polynesia,PYF,2013,39.268
French Polynesia,PYF,2012,39.128
French Polynesia,PYF,2011,39.387
French Polynesia,PYF,2010,39.029
French Polynesia,PYF,2009,38.597
French Polynesia,PYF,2008,38.149
French Polynesia,PYF,2007,38.277
French Polynesia,PYF,2006,38.395
French Polynesia,PYF,2005,38.332
French Polynesia,PYF,2004,38.386
French Polynesia,PYF,2003,38.714
French Polynesia,PYF,2002,38.798
French Polynesia,PYF,2001,38.501
French Polynesia,PYF,2000,38.074
French Polynesia,PYF,1999,38.107
French Polynesia,PYF,1998,38.011
French Polynesia,PYF,1997,37.812
French Polynesia,PYF,1996,37.472
French Polynesia,PYF,1995,37.382
French Polynesia,PYF,1994,37.257
French Polynesia,PYF,1993,36.535
French Polynesia,PYF,1992,36.134
French Polynesia,PYF,1991,35.568
French Polynesia,PYF,1990,
French Polynesia,PYF,1989,
French Polynesia,PYF,1988,
French Polynesia,PYF,1987,
French Polynesia,PYF,1986,
French Polynesia,PYF,1985,
French Polynesia,PYF,1984,
French Polynesia,PYF,1983,
French Polynesia,PYF,1982,
French Polynesia,PYF,1981,
French Polynesia,PYF,1980,
French Polynesia,PYF,1979,
French Polynesia,PYF,1978,
French Polynesia,PYF,1977,
French Polynesia,PYF,1976,
French Polynesia,PYF,1975,
French Polynesia,PYF,1974,
French Polynesia,PYF,1973,
French Polynesia,PYF,1972,
French Polynesia,PYF,1971,
French Polynesia,PYF,1970,
French Polynesia,PYF,1969,
French Polynesia,PYF,1968,
French Polynesia,PYF,1967,
French Polynesia,PYF,1966,
French Polynesia,PYF,1965,
French Polynesia,PYF,1964,
French Polynesia,PYF,1963,
French Polynesia,PYF,1962,
French Polynesia,PYF,1961,
French Polynesia,PYF,1960,
Gabon,GAB,2025,42.407
Gabon,GAB,2024,42.508
Gabon,GAB,2023,42.654
Gabon,GAB,2022,42.927
Gabon,GAB,2021,44.811
Gabon,GAB,2020,47.15
Gabon,GAB,2019,42.895
Gabon,GAB,2018,43.026
Gabon,GAB,2017,42.752
Gabon,GAB,2016,42.408
Gabon,GAB,2015,42.078
Gabon,GAB,2014,41.908
Gabon,GAB,2013,41.614
Gabon,GAB,2012,41.417
Gabon,GAB,2011,41.736
Gabon,GAB,2010,42.49
Gabon,GAB,2009,41.944
Gabon,GAB,2008,41.502
Gabon,GAB,2007,40.3
Gabon,GAB,2006,39.942
Gabon,GAB,2005,38.729
Gabon,GAB,2004,39.088
Gabon,GAB,2003,39.129
Gabon,GAB,2002,39.626
Gabon,GAB,2001,40.523
Gabon,GAB,2000,40.655
Gabon,GAB,1999,40.312
Gabon,GAB,1998,39.622
Gabon,GAB,1997,39.854
Gabon,GAB,1996,40.427
Gabon,GAB,1995,40.892
Gabon,GAB,1994,42.172
Gabon,GAB,1993,42.706
Gabon,GAB,1992,42.715
Gabon,GAB,1991,41.87
Gabon,GAB,1990,
Gabon,GAB,1989,
Gabon,GAB,1988,
Gabon,GAB,1987,
Gabon,GAB,1986,
Gabon,GAB,1985,
Gabon,GAB,1984,
Gabon,GAB,1983,
Gabon,GAB,1982,
Gabon,GAB,1981,
Gabon,GAB,1980,
Gabon,GAB,1979,
Gabon,GAB,1978,
Gabon,GAB,1977,
Gabon,GAB,1976,
Gabon,GAB,1975,
Gabon,GAB,1974,
Gabon,GAB,1973,
Gabon,GAB,1972,
Gabon,GAB,1971,
Gabon,GAB,1970,
Gabon,GAB,1969,
Gabon,GAB,1968,
Gabon,GAB,1967,
Gabon,GAB,1966,
Gabon,GAB,1965,
Gabon,GAB,1964,
Gabon,GAB,1963,
Gabon,GAB,1962,
Gabon,GAB,1961,
Gabon,GAB,1960,
"Gambia, The",GMB,2025,11.28
"Gambia, The",GMB,2024,10.894
"Gambia, The",GMB,2023,10.881
"Gambia, The",GMB,2022,10.095
"Gambia, The",GMB,2021,10.257
"Gambia, The",GMB,2020,9.849
"Gambia, The",GMB,2019,7.32
"Gambia, The",GMB,2018,6.534
"Gambia, The",GMB,2017,8.481
"Gambia, The",GMB,2016,10.627
"Gambia, The",GMB,2015,12.592
"Gambia, The",GMB,2014,14.56
"Gambia, The",GMB,2013,16.873
"Gambia, The",GMB,2012,18.75
"Gambia, The",GMB,2011,18.674
"Gambia, The",GMB,2010,17.743
"Gambia, The",GMB,2009,17.914
"Gambia, The",GMB,2008,18.337
"Gambia, The",GMB,2007,18.851
"Gambia, The",GMB,2006,18.627
"Gambia, The",GMB,2005,18.185
"Gambia, The",GMB,2004,18.183
"Gambia, The",GMB,2003,18.31
"Gambia, The",GMB,2002,18.442
"Gambia, The",GMB,2001,17.869
"Gambia, The",GMB,2000,18.03
"Gambia, The",GMB,1999,18.091
"Gambia, The",GMB,1998,18.344
"Gambia, The",GMB,1997,18.475
"Gambia, The",GMB,1996,18.731
"Gambia, The",GMB,1995,18.646
"Gambia, The",GMB,1994,18.445
"Gambia, The",GMB,1993,18.203
"Gambia, The",GMB,1992,18.134
"Gambia, The",GMB,1991,17.986
"Gambia, The",GMB,1990,
"Gambia, The",GMB,1989,
"Gambia, The",GMB,1988,
"Gambia, The",GMB,1987,
"Gambia, The",GMB,1986,
"Gambia, The",GMB,1985,
"Gambia, The",GMB,1984,
"Gambia, The",GMB,1983,
"Gambia, The",GMB,1982,
"Gambia, The",GMB,1981,
"Gambia, The",GMB,1980,
"Gambia, The",GMB,1979,
"Gambia, The",GMB,1978,
"Gambia, The",GMB,1977,
"Gambia, The",GMB,1976,
"Gambia, The",GMB,1975,
"Gambia, The",GMB,1974,
"Gambia, The",GMB,1973,
"Gambia, The",GMB,1972,
"Gambia, The",GMB,1971,
"Gambia, The",GMB,1970,
"Gambia, The",GMB,1969,
"Gambia, The",GMB,1968,
"Gambia, The",GMB,1967,
"Gambia, The",GMB,1966,
"Gambia, The",GMB,1965,
"Gambia, The",GMB,1964,
"Gambia, The",GMB,1963,
"Gambia, The",GMB,1962,
"Gambia, The",GMB,1961,
"Gambia, The",GMB,1960,
Georgia,GEO,2025,31.941
Georgia,GEO,2024,32.158
Georgia,GEO,2023,32.266
Georgia,GEO,2022,32.518
Georgia,GEO,2021,32.252
Georgia,GEO,2020,32.274
Georgia,GEO,2019,32.381
Georgia,GEO,2018,34.631
Georgia,GEO,2017,32.312
Georgia,GEO,2016,31.335
Georgia,GEO,2015,37.791
Georgia,GEO,2014,32.447
Georgia,GEO,2013,38.743
Georgia,GEO,2012,39.091
Georgia,GEO,2011,42.804
Georgia,GEO,2010,42.194
Georgia,GEO,2009,46.087
Georgia,GEO,2008,38.8
Georgia,GEO,2007,31.91
Georgia,GEO,2006,27.31
Georgia,GEO,2005,27.164
Georgia,GEO,2004,27.868
Georgia,GEO,2003,27.26
Georgia,GEO,2002,23.986
Georgia,GEO,2001,18.283
Georgia,GEO,2000,19.01
Georgia,GEO,1999,22.632
Georgia,GEO,1998,25.448
Georgia,GEO,1997,20.105
Georgia,GEO,1996,19.96
Georgia,GEO,1995,13.091
Georgia,GEO,1994,14.42
Georgia,GEO,1993,9.295
Georgia,GEO,1992,9.318
Georgia,GEO,1991,4.667
Georgia,GEO,1990,
Georgia,GEO,1989,
Georgia,GEO,1988,
Georgia,GEO,1987,
Georgia,GEO,1986,
Georgia,GEO,1985,
Georgia,GEO,1984,
Georgia,GEO,1983,
Georgia,GEO,1982,
Georgia,GEO,1981,
Georgia,GEO,1980,
Georgia,GEO,1979,
Georgia,GEO,1978,
Georgia,GEO,1977,
Georgia,GEO,1976,
Georgia,GEO,1975,
Georgia,GEO,1974,
Georgia,GEO,1973,
Georgia,GEO,1972,
Georgia,GEO,1971,
Georgia,GEO,1970,
Georgia,GEO,1969,
Georgia,GEO,1968,
Georgia,GEO,1967,
Georgia,GEO,1966,
Georgia,GEO,1965,
Georgia,GEO,1964,
Georgia,GEO,1963,
Georgia,GEO,1962,
Georgia,GEO,1961,
Georgia,GEO,1960,
Germany,DEU,2025,5.893
Germany,DEU,2024,5.935
Germany,DEU,2023,5.38
Germany,DEU,2022,5.638
Germany,DEU,2021,6.303
Germany,DEU,2020,8.018
Germany,DEU,2019,4.818
Germany,DEU,2018,5.206
Germany,DEU,2017,5.851
Germany,DEU,2016,6.183
Germany,DEU,2015,6.392
Germany,DEU,2014,7.017
Germany,DEU,2013,6.991
Germany,DEU,2012,7.563
Germany,DEU,2011,8.16
Germany,DEU,2010,9.038
Germany,DEU,2009,9.897
Germany,DEU,2008,10.526
Germany,DEU,2007,10.816
Germany,DEU,2006,12.153
Germany,DEU,2005,13.986
Germany,DEU,2004,10.221
Germany,DEU,2003,8.046
Germany,DEU,2002,7.235
Germany,DEU,2001,6.398
Germany,DEU,2000,7.442
Germany,DEU,1999,7.722
Germany,DEU,1998,8.538
Germany,DEU,1997,9.149
Germany,DEU,1996,8.631
Germany,DEU,1995,8.189
Germany,DEU,1994,8.424
Germany,DEU,1993,7.709
Germany,DEU,1992,6.559
Germany,DEU,1991,5.86
Germany,DEU,1990,
Germany,DEU,1989,
Germany,DEU,1988,
Germany,DEU,1987,
Germany,DEU,1986,
Germany,DEU,1985,
Germany,DEU,1984,
Germany,DEU,1983,
Germany,DEU,1982,
Germany,DEU,1981,
Germany,DEU,1980,
Germany,DEU,1979,
Germany,DEU,1978,
Germany,DEU,1977,
Germany,DEU,1976,
Germany,DEU,1975,
Germany,DEU,1974,
Germany,DEU,1973,
Germany,DEU,1972,
Germany,DEU,1971,
Germany,DEU,1970,
Germany,DEU,1969,
Germany,DEU,1968,
Germany,DEU,1967,
Germany,DEU,1966,
Germany,DEU,1965,
Germany,DEU,1964,
Germany,DEU,1963,
Germany,DEU,1962,
Germany,DEU,1961,
Germany,DEU,1960,
Ghana,GHA,2025,5.736
Ghana,GHA,2024,5.276
Ghana,GHA,2023,5.286
Ghana,GHA,2022,5.334
Ghana,GHA,2021,5.923
Ghana,GHA,2020,6.336
Ghana,GHA,2019,5.719
Ghana,GHA,2018,5.919
Ghana,GHA,2017,6.151
Ghana,GHA,2016,10.168
Ghana,GHA,2015,13.618
Ghana,GHA,2014,9.276
Ghana,GHA,2013,5.194
Ghana,GHA,2012,7.365
Ghana,GHA,2011,9.741
Ghana,GHA,2010,12.223
Ghana,GHA,2009,11.739
Ghana,GHA,2008,10.951
Ghana,GHA,2007,10.455
Ghana,GHA,2006,9.729
Ghana,GHA,2005,10.898
Ghana,GHA,2004,12.073
Ghana,GHA,2003,13.261
Ghana,GHA,2002,14.458
Ghana,GHA,2001,15.561
Ghana,GHA,2000,16.596
Ghana,GHA,1999,16.699
Ghana,GHA,1998,13.723
Ghana,GHA,1997,12.966
Ghana,GHA,1996,12.23
Ghana,GHA,1995,11.423
Ghana,GHA,1994,10.655
Ghana,GHA,1993,9.784
Ghana,GHA,1992,9.115
Ghana,GHA,1991,5.786
Ghana,GHA,1990,
Ghana,GHA,1989,
Ghana,GHA,1988,
Ghana,GHA,1987,
Ghana,GHA,1986,
Ghana,GHA,1985,
Ghana,GHA,1984,
Ghana,GHA,1983,
Ghana,GHA,1982,
Ghana,GHA,1981,
Ghana,GHA,1980,
Ghana,GHA,1979,
Ghana,GHA,1978,
Ghana,GHA,1977,
Ghana,GHA,1976,
Ghana,GHA,1975,
Ghana,GHA,1974,
Ghana,GHA,1973,
Ghana,GHA,1972,
Ghana,GHA,1971,
Ghana,GHA,1970,
Ghana,GHA,1969,
Ghana,GHA,1968,
Ghana,GHA,1967,
Ghana,GHA,1966,
Ghana,GHA,1965,
Ghana,GHA,1964,
Ghana,GHA,1963,
Ghana,GHA,1962,
Ghana,GHA,1961,
Ghana,GHA,1960,
Gibraltar,GIB,2025,
Gibraltar,GIB,2024,
Gibraltar,GIB,2023,
Gibraltar,GIB,2022,
Gibraltar,GIB,2021,
Gibraltar,GIB,2020,
Gibraltar,GIB,2019,
Gibraltar,GIB,2018,
Gibraltar,GIB,2017,
Gibraltar,GIB,2016,
Gibraltar,GIB,2015,
Gibraltar,GIB,2014,
Gibraltar,GIB,2013,
Gibraltar,GIB,2012,
Gibraltar,GIB,2011,
Gibraltar,GIB,2010,
Gibraltar,GIB,2009,
Gibraltar,GIB,2008,
Gibraltar,GIB,2007,
Gibraltar,GIB,2006,
Gibraltar,GIB,2005,
Gibraltar,GIB,2004,
Gibraltar,GIB,2003,
Gibraltar,GIB,2002,
Gibraltar,GIB,2001,
Gibraltar,GIB,2000,
Gibraltar,GIB,1999,
Gibraltar,GIB,1998,
Gibraltar,GIB,1997,
Gibraltar,GIB,1996,
Gibraltar,GIB,1995,
Gibraltar,GIB,1994,
Gibraltar,GIB,1993,
Gibraltar,GIB,1992,
Gibraltar,GIB,1991,
Gibraltar,GIB,1990,
Gibraltar,GIB,1989,
Gibraltar,GIB,1988,
Gibraltar,GIB,1987,
Gibraltar,GIB,1986,
Gibraltar,GIB,1985,
Gibraltar,GIB,1984,
Gibraltar,GIB,1983,
Gibraltar,GIB,1982,
Gibraltar,GIB,1981,
Gibraltar,GIB,1980,
Gibraltar,GIB,1979,
Gibraltar,GIB,1978,
Gibraltar,GIB,1977,
Gibraltar,GIB,1976,
Gibraltar,GIB,1975,
Gibraltar,GIB,1974,
Gibraltar,GIB,1973,
Gibraltar,GIB,1972,
Gibraltar,GIB,1971,
Gibraltar,GIB,1970,
Gibraltar,GIB,1969,
Gibraltar,GIB,1968,
Gibraltar,GIB,1967,
Gibraltar,GIB,1966,
Gibraltar,GIB,1965,
Gibraltar,GIB,1964,
Gibraltar,GIB,1963,
Gibraltar,GIB,1962,
Gibraltar,GIB,1961,
Gibraltar,GIB,1960,
Greece,GRC,2025,25.008
Greece,GRC,2024,24.117
Greece,GRC,2023,29.469
Greece,GRC,2022,39.223
Greece,GRC,2021,41.146
Greece,GRC,2020,38.561
Greece,GRC,2019,37.356
Greece,GRC,2018,44.472
Greece,GRC,2017,48.441
Greece,GRC,2016,50.724
Greece,GRC,2015,55.027
Greece,GRC,2014,58.765
Greece,GRC,2013,64.309
Greece,GRC,2012,63.541
Greece,GRC,2011,52.259
Greece,GRC,2010,40.893
Greece,GRC,2009,33.516
Greece,GRC,2008,28.379
Greece,GRC,2007,32.291
Greece,GRC,2006,34.766
Greece,GRC,2005,34.831
Greece,GRC,2004,36.255
Greece,GRC,2003,36.773
Greece,GRC,2002,35.625
Greece,GRC,2001,35.809
Greece,GRC,2000,38.215
Greece,GRC,1999,41.613
Greece,GRC,1998,44.35
Greece,GRC,1997,43.638
Greece,GRC,1996,43.75
Greece,GRC,1995,43.218
Greece,GRC,1994,39.746
Greece,GRC,1993,42.655
Greece,GRC,1992,38.401
Greece,GRC,1991,33.649
Greece,GRC,1990,
Greece,GRC,1989,
Greece,GRC,1988,
Greece,GRC,1987,
Greece,GRC,1986,
Greece,GRC,1985,
Greece,GRC,1984,
Greece,GRC,1983,
Greece,GRC,1982,
Greece,GRC,1981,
Greece,GRC,1980,
Greece,GRC,1979,
Greece,GRC,1978,
Greece,GRC,1977,
Greece,GRC,1976,
Greece,GRC,1975,
Greece,GRC,1974,
Greece,GRC,1973,
Greece,GRC,1972,
Greece,GRC,1971,
Greece,GRC,1970,
Greece,GRC,1969,
Greece,GRC,1968,
Greece,GRC,1967,
Greece,GRC,1966,
Greece,GRC,1965,
Greece,GRC,1964,
Greece,GRC,1963,
Greece,GRC,1962,
Greece,GRC,1961,
Greece,GRC,1960,
Greenland,GRL,2025,
Greenland,GRL,2024,
Greenland,GRL,2023,
Greenland,GRL,2022,
Greenland,GRL,2021,
Greenland,GRL,2020,
Greenland,GRL,2019,
Greenland,GRL,2018,
Greenland,GRL,2017,
Greenland,GRL,2016,
Greenland,GRL,2015,
Greenland,GRL,2014,
Greenland,GRL,2013,
Greenland,GRL,2012,
Greenland,GRL,2011,
Greenland,GRL,2010,
Greenland,GRL,2009,
Greenland,GRL,2008,
Greenland,GRL,2007,
Greenland,GRL,2006,
Greenland,GRL,2005,
Greenland,GRL,2004,
Greenland,GRL,2003,
Greenland,GRL,2002,
Greenland,GRL,2001,
Greenland,GRL,2000,
Greenland,GRL,1999,
Greenland,GRL,1998,
Greenland,GRL,1997,
Greenland,GRL,1996,
Greenland,GRL,1995,
Greenland,GRL,1994,
Greenland,GRL,1993,
Greenland,GRL,1992,
Greenland,GRL,1991,
Greenland,GRL,1990,
Greenland,GRL,1989,
Greenland,GRL,1988,
Greenland,GRL,1987,
Greenland,GRL,1986,
Greenland,GRL,1985,
Greenland,GRL,1984,
Greenland,GRL,1983,
Greenland,GRL,1982,
Greenland,GRL,1981,
Greenland,GRL,1980,
Greenland,GRL,1979,
Greenland,GRL,1978,
Greenland,GRL,1977,
Greenland,GRL,1976,
Greenland,GRL,1975,
Greenland,GRL,1974,
Greenland,GRL,1973,
Greenland,GRL,1972,
Greenland,GRL,1971,
Greenland,GRL,1970,
Greenland,GRL,1969,
Greenland,GRL,1968,
Greenland,GRL,1967,
Greenland,GRL,1966,
Greenland,GRL,1965,
Greenland,GRL,1964,
Greenland,GRL,1963,
Greenland,GRL,1962,
Greenland,GRL,1961,
Greenland,GRL,1960,
Grenada,GRD,2025,
Grenada,GRD,2024,
Grenada,GRD,2023,
Grenada,GRD,2022,
Grenada,GRD,2021,
Grenada,GRD,2020,
Grenada,GRD,2019,
Grenada,GRD,2018,
Grenada,GRD,2017,
Grenada,GRD,2016,
Grenada,GRD,2015,
Grenada,GRD,2014,
Grenada,GRD,2013,
Grenada,GRD,2012,
Grenada,GRD,2011,
Grenada,GRD,2010,
Grenada,GRD,2009,
Grenada,GRD,2008,
Grenada,GRD,2007,
Grenada,GRD,2006,
Grenada,GRD,2005,
Grenada,GRD,2004,
Grenada,GRD,2003,
Grenada,GRD,2002,
Grenada,GRD,2001,
Grenada,GRD,2000,
Grenada,GRD,1999,
Grenada,GRD,1998,
Grenada,GRD,1997,
Grenada,GRD,1996,
Grenada,GRD,1995,
Grenada,GRD,1994,
Grenada,GRD,1993,
Grenada,GRD,1992,
Grenada,GRD,1991,
Grenada,GRD,1990,
Grenada,GRD,1989,
Grenada,GRD,1988,
Grenada,GRD,1987,
Grenada,GRD,1986,
Grenada,GRD,1985,
Grenada,GRD,1984,
Grenada,GRD,1983,
Grenada,GRD,1982,
Grenada,GRD,1981,
Grenada,GRD,1980,
Grenada,GRD,1979,
Grenada,GRD,1978,
Grenada,GRD,1977,
Grenada,GRD,1976,
Grenada,GRD,1975,
Grenada,GRD,1974,
Grenada,GRD,1973,
Grenada,GRD,1972,
Grenada,GRD,1971,
Grenada,GRD,1970,
Grenada,GRD,1969,
Grenada,GRD,1968,
Grenada,GRD,1967,
Grenada,GRD,1966,
Grenada,GRD,1965,
Grenada,GRD,1964,
Grenada,GRD,1963,
Grenada,GRD,1962,
Grenada,GRD,1961,
Grenada,GRD,1960,
Guam,GUM,2025,14.251
Guam,GUM,2024,13.297
Guam,GUM,2023,13.268
Guam,GUM,2022,13.47
Guam,GUM,2021,14.891
Guam,GUM,2020,16.148
Guam,GUM,2019,13.57
Guam,GUM,2018,13.531
Guam,GUM,2017,13.386
Guam,GUM,2016,13.244
Guam,GUM,2015,16.828
Guam,GUM,2014,18.435
Guam,GUM,2013,27.68
Guam,GUM,2012,29.237
Guam,GUM,2011,39.936
Guam,GUM,2010,23.683
Guam,GUM,2009,25.743
Guam,GUM,2008,25.402
Guam,GUM,2007,24.677
Guam,GUM,2006,18.579
Guam,GUM,2005,18.754
Guam,GUM,2004,20.053
Guam,GUM,2003,22.893
Guam,GUM,2002,25.357
Guam,GUM,2001,29.727
Guam,GUM,2000,34.646
Guam,GUM,1999,31.38
Guam,GUM,1998,17.341
Guam,GUM,1997,21.583
Guam,GUM,1996,18.423
Guam,GUM,1995,17.576
Guam,GUM,1994,16.994
Guam,GUM,1993,12.465
Guam,GUM,1992,8.86
Guam,GUM,1991,8.006
Guam,GUM,1990,
Guam,GUM,1989,
Guam,GUM,1988,
Guam,GUM,1987,
Guam,GUM,1986,
Guam,GUM,1985,
Guam,GUM,1984,
Guam,GUM,1983,
Guam,GUM,1982,
Guam,GUM,1981,
Guam,GUM,1980,
Guam,GUM,1979,
Guam,GUM,1978,
Guam,GUM,1977,
Guam,GUM,1976,
Guam,GUM,1975,
Guam,GUM,1974,
Guam,GUM,1973,
Guam,GUM,1972,
Guam,GUM,1971,
Guam,GUM,1970,
Guam,GUM,1969,
Guam,GUM,1968,
Guam,GUM,1967,
Guam,GUM,1966,
Guam,GUM,1965,
Guam,GUM,1964,
Guam,GUM,1963,
Guam,GUM,1962,
Guam,GUM,1961,
Guam,GUM,1960,
Guatemala,GTM,2025,5.505
Guatemala,GTM,2024,4.8
Guatemala,GTM,2023,4.578
Guatemala,GTM,2022,10.154
Guatemala,GTM,2021,5.383
Guatemala,GTM,2020,6.773
Guatemala,GTM,2019,5.574
Guatemala,GTM,2018,6.685
Guatemala,GTM,2017,7.927
Guatemala,GTM,2016,8.084
Guatemala,GTM,2015,9.683
Guatemala,GTM,2014,8.228
Guatemala,GTM,2013,5.8
Guatemala,GTM,2012,6.394
Guatemala,GTM,2011,6.462
Guatemala,GTM,2010,6.615
Guatemala,GTM,2009,6.552
Guatemala,GTM,2008,6.383
Guatemala,GTM,2007,6.51
Guatemala,GTM,2006,6.857
Guatemala,GTM,2005,7.202
Guatemala,GTM,2004,7.3
Guatemala,GTM,2003,5.176
Guatemala,GTM,2002,4.731
Guatemala,GTM,2001,4.724
Guatemala,GTM,2000,4.58
Guatemala,GTM,1999,4.537
Guatemala,GTM,1998,4.581
Guatemala,GTM,1997,4.585
Guatemala,GTM,1996,4.606
Guatemala,GTM,1995,4.564
Guatemala,GTM,1994,4.577
Guatemala,GTM,1993,4.599
Guatemala,GTM,1992,4.64
Guatemala,GTM,1991,4.681
Guatemala,GTM,1990,
Guatemala,GTM,1989,
Guatemala,GTM,1988,
Guatemala,GTM,1987,
Guatemala,GTM,1986,
Guatemala,GTM,1985,
Guatemala,GTM,1984,
Guatemala,GTM,1983,
Guatemala,GTM,1982,
Guatemala,GTM,1981,
Guatemala,GTM,1980,
Guatemala,GTM,1979,
Guatemala,GTM,1978,
Guatemala,GTM,1977,
Guatemala,GTM,1976,
Guatemala,GTM,1975,
Guatemala,GTM,1974,
Guatemala,GTM,1973,
Guatemala,GTM,1972,
Guatemala,GTM,1971,
Guatemala,GTM,1970,
Guatemala,GTM,1969,
Guatemala,GTM,1968,
Guatemala,GTM,1967,
Guatemala,GTM,1966,
Guatemala,GTM,1965,
Guatemala,GTM,1964,
Guatemala,GTM,1963,
Guatemala,GTM,1962,
Guatemala,GTM,1961,
Guatemala,GTM,1960,
Guinea,GIN,2025,7.728
Guinea,GIN,2024,7.956
Guinea,GIN,2023,7.966
Guinea,GIN,2022,8.002
Guinea,GIN,2021,9.06
Guinea,GIN,2020,9.675
Guinea,GIN,2019,7.869
Guinea,GIN,2018,7.17
Guinea,GIN,2017,6.695
Guinea,GIN,2016,6.316
Guinea,GIN,2015,5.93
Guinea,GIN,2014,5.347
Guinea,GIN,2013,5.243
Guinea,GIN,2012,5.161
Guinea,GIN,2011,5.233
Guinea,GIN,2010,5.199
Guinea,GIN,2009,5.098
Guinea,GIN,2008,4.995
Guinea,GIN,2007,4.958
Guinea,GIN,2006,4.984
Guinea,GIN,2005,4.925
Guinea,GIN,2004,4.827
Guinea,GIN,2003,4.747
Guinea,GIN,2002,4.669
Guinea,GIN,2001,4.702
Guinea,GIN,2000,4.714
Guinea,GIN,1999,4.673
Guinea,GIN,1998,4.667
Guinea,GIN,1997,4.659
Guinea,GIN,1996,4.688
Guinea,GIN,1995,4.681
Guinea,GIN,1994,4.709
Guinea,GIN,1993,4.737
Guinea,GIN,1992,4.754
Guinea,GIN,1991,4.745
Guinea,GIN,1990,
Guinea,GIN,1989,
Guinea,GIN,1988,
Guinea,GIN,1987,
Guinea,GIN,1986,
Guinea,GIN,1985,
Guinea,GIN,1984,
Guinea,GIN,1983,
Guinea,GIN,1982,
Guinea,GIN,1981,
Guinea,GIN,1980,
Guinea,GIN,1979,
Guinea,GIN,1978,
Guinea,GIN,1977,
Guinea,GIN,1976,
Guinea,GIN,1975,
Guinea,GIN,1974,
Guinea,GIN,1973,
Guinea,GIN,1972,
Guinea,GIN,1971,
Guinea,GIN,1970,
Guinea,GIN,1969,
Guinea,GIN,1968,
Guinea,GIN,1967,
Guinea,GIN,1966,
Guinea,GIN,1965,
Guinea,GIN,1964,
Guinea,GIN,1963,
Guinea,GIN,1962,
Guinea,GIN,1961,
Guinea,GIN,1960,
Guinea-Bissau,GNB,2025,1.944
Guinea-Bissau,GNB,2024,1.792
Guinea-Bissau,GNB,2023,1.785
Guinea-Bissau,GNB,2022,1.793
Guinea-Bissau,GNB,2021,2.232
Guinea-Bissau,GNB,2020,2.52
Guinea-Bissau,GNB,2019,2.171
Guinea-Bissau,GNB,2018,3.784
Guinea-Bissau,GNB,2017,3.749
Guinea-Bissau,GNB,2016,3.778
Guinea-Bissau,GNB,2015,3.792
Guinea-Bissau,GNB,2014,3.867
Guinea-Bissau,GNB,2013,3.785
Guinea-Bissau,GNB,2012,3.754
Guinea-Bissau,GNB,2011,3.704
Guinea-Bissau,GNB,2010,3.734
Guinea-Bissau,GNB,2009,3.758
Guinea-Bissau,GNB,2008,3.75
Guinea-Bissau,GNB,2007,3.722
Guinea-Bissau,GNB,2006,3.731
Guinea-Bissau,GNB,2005,3.756
Guinea-Bissau,GNB,2004,3.782
Guinea-Bissau,GNB,2003,3.74
Guinea-Bissau,GNB,2002,3.721
Guinea-Bissau,GNB,2001,3.58
Guinea-Bissau,GNB,2000,3.86
Guinea-Bissau,GNB,1999,3.796
Guinea-Bissau,GNB,1998,3.847
Guinea-Bissau,GNB,1997,3.563
Guinea-Bissau,GNB,1996,3.594
Guinea-Bissau,GNB,1995,3.691
Guinea-Bissau,GNB,1994,3.727
Guinea-Bissau,GNB,1993,3.71
Guinea-Bissau,GNB,1992,3.673
Guinea-Bissau,GNB,1991,3.626
Guinea-Bissau,GNB,1990,
Guinea-Bissau,GNB,1989,
Guinea-Bissau,GNB,1988,
Guinea-Bissau,GNB,1987,
Guinea-Bissau,GNB,1986,
Guinea-Bissau,GNB,1985,
Guinea-Bissau,GNB,1984,
Guinea-Bissau,GNB,1983,
Guinea-Bissau,GNB,1982,
Guinea-Bissau,GNB,1981,
Guinea-Bissau,GNB,1980,
Guinea-Bissau,GNB,1979,
Guinea-Bissau,GNB,1978,
Guinea-Bissau,GNB,1977,
Guinea-Bissau,GNB,1976,
Guinea-Bissau,GNB,1975,
Guinea-Bissau,GNB,1974,
Guinea-Bissau,GNB,1973,
Guinea-Bissau,GNB,1972,
Guinea-Bissau,GNB,1971,
Guinea-Bissau,GNB,1970,
Guinea-Bissau,GNB,1969,
Guinea-Bissau,GNB,1968,
Guinea-Bissau,GNB,1967,
Guinea-Bissau,GNB,1966,
Guinea-Bissau,GNB,1965,
Guinea-Bissau,GNB,1964,
Guinea-Bissau,GNB,1963,
Guinea-Bissau,GNB,1962,
Guinea-Bissau,GNB,1961,
Guinea-Bissau,GNB,1960,
Guyana,GUY,2025,30.175
Guyana,GUY,2024,29.955
Guyana,GUY,2023,29.988
Guyana,GUY,2022,29.937
Guyana,GUY,2021,35.926
Guyana,GUY,2020,38.276
Guyana,GUY,2019,32.305
Guyana,GUY,2018,33.073
Guyana,GUY,2017,32.55
Guyana,GUY,2016,32.029
Guyana,GUY,2015,31.485
Guyana,GUY,2014,30.801
Guyana,GUY,2013,30.237
Guyana,GUY,2012,29.854
Guyana,GUY,2011,29.563
Guyana,GUY,2010,29.338
Guyana,GUY,2009,28.825
Guyana,GUY,2008,28.362
Guyana,GUY,2007,28.086
Guyana,GUY,2006,27.856
Guyana,GUY,2005,28.951
Guyana,GUY,2004,29.628
Guyana,GUY,2003,30.361
Guyana,GUY,2002,31.106
Guyana,GUY,2001,31.259
Guyana,GUY,2000,31.635
Guyana,GUY,1999,31.445
Guyana,GUY,1998,31.356
Guyana,GUY,1997,31.173
Guyana,GUY,1996,31.178
Guyana,GUY,1995,31.27
Guyana,GUY,1994,31.238
Guyana,GUY,1993,31.446
Guyana,GUY,1992,31.904
Guyana,GUY,1991,31.92
Guyana,GUY,1990,
Guyana,GUY,1989,
Guyana,GUY,1988,
Guyana,GUY,1987,
Guyana,GUY,1986,
Guyana,GUY,1985,
Guyana,GUY,1984,
Guyana,GUY,1983,
Guyana,GUY,1982,
Guyana,GUY,1981,
Guyana,GUY,1980,
Guyana,GUY,1979,
Guyana,GUY,1978,
Guyana,GUY,1977,
Guyana,GUY,1976,
Guyana,GUY,1975,
Guyana,GUY,1974,
Guyana,GUY,1973,
Guyana,GUY,1972,
Guyana,GUY,1971,
Guyana,GUY,1970,
Guyana,GUY,1969,
Guyana,GUY,1968,
Guyana,GUY,1967,
Guyana,GUY,1966,
Guyana,GUY,1965,
Guyana,GUY,1964,
Guyana,GUY,1963,
Guyana,GUY,1962,
Guyana,GUY,1961,
Guyana,GUY,1960,
Haiti,HTI,2025,47.892
Haiti,HTI,2024,47.112
Haiti,HTI,2023,46.398
Haiti,HTI,2022,46.276
Haiti,HTI,2021,47.943
Haiti,HTI,2020,50.387
Haiti,HTI,2019,44.688
Haiti,HTI,2018,43.986
Haiti,HTI,2017,43.701
Haiti,HTI,2016,43.37
Haiti,HTI,2015,42.841
Haiti,HTI,2014,42.614
Haiti,HTI,2013,42.155
Haiti,HTI,2012,42.823
Haiti,HTI,2011,43.326
Haiti,HTI,2010,44.657
Haiti,HTI,2009,44.53
Haiti,HTI,2008,45.954
Haiti,HTI,2007,46.91
Haiti,HTI,2006,44.036
Haiti,HTI,2005,40.42
Haiti,HTI,2004,37.375
Haiti,HTI,2003,34.076
Haiti,HTI,2002,30.994
Haiti,HTI,2001,27.616
Haiti,HTI,2000,24.202
Haiti,HTI,1999,20.585
Haiti,HTI,1998,20.331
Haiti,HTI,1997,19.818
Haiti,HTI,1996,20.249
Haiti,HTI,1995,20.479
Haiti,HTI,1994,20.964
Haiti,HTI,1993,20.151
Haiti,HTI,1992,19.68
Haiti,HTI,1991,19.381
Haiti,HTI,1990,
Haiti,HTI,1989,
Haiti,HTI,1988,
Haiti,HTI,1987,
Haiti,HTI,1986,
Haiti,HTI,1985,
Haiti,HTI,1984,
Haiti,HTI,1983,
Haiti,HTI,1982,
Haiti,HTI,1981,
Haiti,HTI,1980,
Haiti,HTI,1979,
Haiti,HTI,1978,
Haiti,HTI,1977,
Haiti,HTI,1976,
Haiti,HTI,1975,
Haiti,HTI,1974,
Haiti,HTI,1973,
Haiti,HTI,1972,
Haiti,HTI,1971,
Haiti,HTI,1970,
Haiti,HTI,1969,
Haiti,HTI,1968,
Haiti,HTI,1967,
Haiti,HTI,1966,
Haiti,HTI,1965,
Haiti,HTI,1964,
Haiti,HTI,1963,
Haiti,HTI,1962,
Haiti,HTI,1961,
Haiti,HTI,1960,
Honduras,HND,2025,12.421
Honduras,HND,2024,11.999
Honduras,HND,2023,15.465
Honduras,HND,2022,21.673
Honduras,HND,2021,18.581
Honduras,HND,2020,26.211
Honduras,HND,2019,17.503
Honduras,HND,2018,15.779
Honduras,HND,2017,17.093
Honduras,HND,2016,20.804
Honduras,HND,2015,19.399
Honduras,HND,2014,17.546
Honduras,HND,2013,15.58
Honduras,HND,2012,12.416
Honduras,HND,2011,13.743
Honduras,HND,2010,11.814
Honduras,HND,2009,9.952
Honduras,HND,2008,8.782
Honduras,HND,2007,8.052
Honduras,HND,2006,9.902
Honduras,HND,2005,12.892
Honduras,HND,2004,16.379
Honduras,HND,2003,12.701
Honduras,HND,2002,9.234
Honduras,HND,2001,7.721
Honduras,HND,2000,7.32
Honduras,HND,1999,7.073
Honduras,HND,1998,8.139
Honduras,HND,1997,6.218
Honduras,HND,1996,8.213
Honduras,HND,1995,6.346
Honduras,HND,1994,5.997
Honduras,HND,1993,5.728
Honduras,HND,1992,5.452
Honduras,HND,1991,9.99
Honduras,HND,1990,
Honduras,HND,1989,
Honduras,HND,1988,
Honduras,HND,1987,
Honduras,HND,1986,
Honduras,HND,1985,
Honduras,HND,1984,
Honduras,HND,1983,
Honduras,HND,1982,
Honduras,HND,1981,
Honduras,HND,1980,
Honduras,HND,1979,
Honduras,HND,1978,
Honduras,HND,1977,
Honduras,HND,1976,
Honduras,HND,1975,
Honduras,HND,1974,
Honduras,HND,1973,
Honduras,HND,1972,
Honduras,HND,1971,
Honduras,HND,1970,
Honduras,HND,1969,
Honduras,HND,1968,
Honduras,HND,1967,
Honduras,HND,1966,
Honduras,HND,1965,
Honduras,HND,1964,
Honduras,HND,1963,
Honduras,HND,1962,
Honduras,HND,1961,
Honduras,HND,1960,
"Hong Kong SAR, China",HKG,2025,8.002
"Hong Kong SAR, China",HKG,2024,8.621
"Hong Kong SAR, China",HKG,2023,8.371
"Hong Kong SAR, China",HKG,2022,10.11
"Hong Kong SAR, China",HKG,2021,10.431
"Hong Kong SAR, China",HKG,2020,13.699
"Hong Kong SAR, China",HKG,2019,6.566
"Hong Kong SAR, China",HKG,2018,7.556
"Hong Kong SAR, China",HKG,2017,7.944
"Hong Kong SAR, China",HKG,2016,8.557
"Hong Kong SAR, China",HKG,2015,9.548
"Hong Kong SAR, China",HKG,2014,8.073
"Hong Kong SAR, China",HKG,2013,7.715
"Hong Kong SAR, China",HKG,2012,7.645
"Hong Kong SAR, China",HKG,2011,7.697
"Hong Kong SAR, China",HKG,2010,10.271
"Hong Kong SAR, China",HKG,2009,10.09
"Hong Kong SAR, China",HKG,2008,6.873
"Hong Kong SAR, China",HKG,2007,7.183
"Hong Kong SAR, China",HKG,2006,8.081
"Hong Kong SAR, China",HKG,2005,7.898
"Hong Kong SAR, China",HKG,2004,9.215
"Hong Kong SAR, China",HKG,2003,11.608
"Hong Kong SAR, China",HKG,2002,11.806
"Hong Kong SAR, China",HKG,2001,9.123
"Hong Kong SAR, China",HKG,2000,10.198
"Hong Kong SAR, China",HKG,1999,12.007
"Hong Kong SAR, China",HKG,1998,8.943
"Hong Kong SAR, China",HKG,1997,4.566
"Hong Kong SAR, China",HKG,1996,5.55
"Hong Kong SAR, China",HKG,1995,5.889
"Hong Kong SAR, China",HKG,1994,3.573
"Hong Kong SAR, China",HKG,1993,4.076
"Hong Kong SAR, China",HKG,1992,3.858
"Hong Kong SAR, China",HKG,1991,3.659
"Hong Kong SAR, China",HKG,1990,
"Hong Kong SAR, China",HKG,1989,
"Hong Kong SAR, China",HKG,1988,
"Hong Kong SAR, China",HKG,1987,
"Hong Kong SAR, China",HKG,1986,
"Hong Kong SAR, China",HKG,1985,
"Hong Kong SAR, China",HKG,1984,
"Hong Kong SAR, China",HKG,1983,
"Hong Kong SAR, China",HKG,1982,
"Hong Kong SAR, China",HKG,1981,
"Hong Kong SAR, China",HKG,1980,
"Hong Kong SAR, China",HKG,1979,
"Hong Kong SAR, China",HKG,1978,
"Hong Kong SAR, China",HKG,1977,
"Hong Kong SAR, China",HKG,1976,
"Hong Kong SAR, China",HKG,1975,
"Hong Kong SAR, China",HKG,1974,
"Hong Kong SAR, China",HKG,1973,
"Hong Kong SAR, China",HKG,1972,
"Hong Kong SAR, China",HKG,1971,
"Hong Kong SAR, China",HKG,1970,
"Hong Kong SAR, China",HKG,1969,
"Hong Kong SAR, China",HKG,1968,
"Hong Kong SAR, China",HKG,1967,
"Hong Kong SAR, China",HKG,1966,
"Hong Kong SAR, China",HKG,1965,
"Hong Kong SAR, China",HKG,1964,
"Hong Kong SAR, China",HKG,1963,
"Hong Kong SAR, China",HKG,1962,
"Hong Kong SAR, China",HKG,1961,
"Hong Kong SAR, China",HKG,1960,
Hungary,HUN,2025,13.878
Hungary,HUN,2024,14.808
Hungary,HUN,2023,12.245
Hungary,HUN,2022,9.527
Hungary,HUN,2021,15.475
Hungary,HUN,2020,14.111
Hungary,HUN,2019,10.981
Hungary,HUN,2018,10.615
Hungary,HUN,2017,12.028
Hungary,HUN,2016,12.915
Hungary,HUN,2015,15.996
Hungary,HUN,2014,20.956
Hungary,HUN,2013,27.905
Hungary,HUN,2012,27.161
Hungary,HUN,2011,24.703
Hungary,HUN,2010,24.699
Hungary,HUN,2009,24.554
Hungary,HUN,2008,20.429
Hungary,HUN,2007,18.954
Hungary,HUN,2006,20.037
Hungary,HUN,2005,19.357
Hungary,HUN,2004,14.4
Hungary,HUN,2003,12.394
Hungary,HUN,2002,10.587
Hungary,HUN,2001,9.894
Hungary,HUN,2000,10.872
Hungary,HUN,1999,11.151
Hungary,HUN,1998,13.166
Hungary,HUN,1997,14.643
Hungary,HUN,1996,17.893
Hungary,HUN,1995,16.374
Hungary,HUN,1994,17.147
Hungary,HUN,1993,18.884
Hungary,HUN,1992,15.542
Hungary,HUN,1991,13.649
Hungary,HUN,1990,
Hungary,HUN,1989,
Hungary,HUN,1988,
Hungary,HUN,1987,
Hungary,HUN,1986,
Hungary,HUN,1985,
Hungary,HUN,1984,
Hungary,HUN,1983,
Hungary,HUN,1982,
Hungary,HUN,1981,
Hungary,HUN,1980,
Hungary,HUN,1979,
Hungary,HUN,1978,
Hungary,HUN,1977,
Hungary,HUN,1976,
Hungary,HUN,1975,
Hungary,HUN,1974,
Hungary,HUN,1973,
Hungary,HUN,1972,
Hungary,HUN,1971,
Hungary,HUN,1970,
Hungary,HUN,1969,
Hungary,HUN,1968,
Hungary,HUN,1967,
Hungary,HUN,1966,
Hungary,HUN,1965,
Hungary,HUN,1964,
Hungary,HUN,1963,
Hungary,HUN,1962,
Hungary,HUN,1961,
Hungary,HUN,1960,
Iceland,ISL,2025,8.084
Iceland,ISL,2024,8.905
Iceland,ISL,2023,7.013
Iceland,ISL,2022,5.5
Iceland,ISL,2021,10.699
Iceland,ISL,2020,8.864
Iceland,ISL,2019,5.476
Iceland,ISL,2018,5.439
Iceland,ISL,2017,6.778
Iceland,ISL,2016,6.146
Iceland,ISL,2015,6.617
Iceland,ISL,2014,6.507
Iceland,ISL,2013,7.643
Iceland,ISL,2012,12.0
Iceland,ISL,2011,10.511
Iceland,ISL,2010,13.785
Iceland,ISL,2009,11.654
Iceland,ISL,2008,7.072
Iceland,ISL,2007,5.934
Iceland,ISL,2006,7.345
Iceland,ISL,2005,5.85
Iceland,ISL,2004,7.021
Iceland,ISL,2003,11.48
Iceland,ISL,2002,2.979
Iceland,ISL,2001,4.313
Iceland,ISL,2000,3.736
Iceland,ISL,1999,4.951
Iceland,ISL,1998,7.45
Iceland,ISL,1997,7.501
Iceland,ISL,1996,7.478
Iceland,ISL,1995,9.664
Iceland,ISL,1994,10.01
Iceland,ISL,1993,9.661
Iceland,ISL,1992,10.761
Iceland,ISL,1991,3.894
Iceland,ISL,1990,
Iceland,ISL,1989,
Iceland,ISL,1988,
Iceland,ISL,1987,
Iceland,ISL,1986,
Iceland,ISL,1985,
Iceland,ISL,1984,
Iceland,ISL,1983,
Iceland,ISL,1982,
Iceland,ISL,1981,
Iceland,ISL,1980,
Iceland,ISL,1979,
Iceland,ISL,1978,
Iceland,ISL,1977,
Iceland,ISL,1976,
Iceland,ISL,1975,
Iceland,ISL,1974,
Iceland,ISL,1973,
Iceland,ISL,1972,
Iceland,ISL,1971,
Iceland,ISL,1970,
Iceland,ISL,1969,
Iceland,ISL,1968,
Iceland,ISL,1967,
Iceland,ISL,1966,
Iceland,ISL,1965,
Iceland,ISL,1964,
Iceland,ISL,1963,
Iceland,ISL,1962,
Iceland,ISL,1961,
Iceland,ISL,1960,
India,IND,2025,17.528
India,IND,2024,17.084
India,IND,2023,15.515
India,IND,2022,18.714
India,IND,2021,19.621
India,IND,2020,24.9
India,IND,2019,23.192
India,IND,2018,25.408
India,IND,2017,24.872
India,IND,2016,24.386
India,IND,2015,23.974
India,IND,2014,23.579
India,IND,2013,23.21
India,IND,2012,22.776
India,IND,2011,22.337
India,IND,2010,22.02
India,IND,2009,21.717
India,IND,2008,21.397
India,IND,2007,20.977
India,IND,2006,20.684
India,IND,2005,20.416
India,IND,2004,20.274
India,IND,2003,20.124
India,IND,2002,20.003
India,IND,2001,19.673
India,IND,2000,19.437
India,IND,1999,19.356
India,IND,1998,19.306
India,IND,1997,19.194
India,IND,1996,19.054
India,IND,1995,19.04
India,IND,1994,19.006
India,IND,1993,19.059
India,IND,1992,18.965
India,IND,1991,18.889
India,IND,1990,
India,IND,1989,
India,IND,1988,
India,IND,1987,
India,IND,1986,
India,IND,1985,
India,IND,1984,
India,IND,1983,
India,IND,1982,
India,IND,1981,
India,IND,1980,
India,IND,1979,
India,IND,1978,
India,IND,1977,
India,IND,1976,
India,IND,1975,
India,IND,1974,
India,IND,1973,
India,IND,1972,
India,IND,1971,
India,IND,1970,
India,IND,1969,
India,IND,1968,
India,IND,1967,
India,IND,1966,
India,IND,1965,
India,IND,1964,
India,IND,1963,
India,IND,1962,
India,IND,1961,
India,IND,1960,
Indonesia,IDN,2025,12.745
Indonesia,IDN,2024,13.037
Indonesia,IDN,2023,12.979
Indonesia,IDN,2022,13.671
Indonesia,IDN,2021,12.689
Indonesia,IDN,2020,14.383
Indonesia,IDN,2019,13.303
Indonesia,IDN,2018,16.541
Indonesia,IDN,2017,14.371
Indonesia,IDN,2016,16.095
Indonesia,IDN,2015,17.346
Indonesia,IDN,2014,16.495
Indonesia,IDN,2013,16.462
Indonesia,IDN,2012,16.29
Indonesia,IDN,2011,19.548
Indonesia,IDN,2010,19.089
Indonesia,IDN,2009,20.942
Indonesia,IDN,2008,21.562
Indonesia,IDN,2007,25.614
Indonesia,IDN,2006,27.489
Indonesia,IDN,2005,30.67
Indonesia,IDN,2004,27.079
Indonesia,IDN,2003,23.772
Indonesia,IDN,2002,23.647
Indonesia,IDN,2001,21.048
Indonesia,IDN,2000,19.858
Indonesia,IDN,1999,20.676
Indonesia,IDN,1998,19.117
Indonesia,IDN,1997,17.069
Indonesia,IDN,1996,16.804
Indonesia,IDN,1995,15.597
Indonesia,IDN,1994,14.428
Indonesia,IDN,1993,8.949
Indonesia,IDN,1992,8.583
Indonesia,IDN,1991,8.442
Indonesia,IDN,1990,
Indonesia,IDN,1989,
Indonesia,IDN,1988,
Indonesia,IDN,1987,
Indonesia,IDN,1986,
Indonesia,IDN,1985,
Indonesia,IDN,1984,
Indonesia,IDN,1983,
Indonesia,IDN,1982,
Indonesia,IDN,1981,
Indonesia,IDN,1980,
Indonesia,IDN,1979,
Indonesia,IDN,1978,
Indonesia,IDN,1977,
Indonesia,IDN,1976,
Indonesia,IDN,1975,
Indonesia,IDN,1974,
Indonesia,IDN,1973,
Indonesia,IDN,1972,
Indonesia,IDN,1971,
Indonesia,IDN,1970,
Indonesia,IDN,1969,
Indonesia,IDN,1968,
Indonesia,IDN,1967,
Indonesia,IDN,1966,
Indonesia,IDN,1965,
Indonesia,IDN,1964,
Indonesia,IDN,1963,
Indonesia,IDN,1962,
Indonesia,IDN,1961,
Indonesia,IDN,1960,
"Iran, Islamic Rep.",IRN,2025,32.039
"Iran, Islamic Rep.",IRN,2024,31.475
"Iran, Islamic Rep.",IRN,2023,31.487
"Iran, Islamic Rep.",IRN,2022,35.663
"Iran, Islamic Rep.",IRN,2021,36.57
"Iran, Islamic Rep.",IRN,2020,35.546
"Iran, Islamic Rep.",IRN,2019,38.34
"Iran, Islamic Rep.",IRN,2018,39.521
"Iran, Islamic Rep.",IRN,2017,42.99
"Iran, Islamic Rep.",IRN,2016,43.612
"Iran, Islamic Rep.",IRN,2015,42.208
"Iran, Islamic Rep.",IRN,2014,43.272
"Iran, Islamic Rep.",IRN,2013,41.305
"Iran, Islamic Rep.",IRN,2012,40.177
"Iran, Islamic Rep.",IRN,2011,41.551
"Iran, Islamic Rep.",IRN,2010,40.572
"Iran, Islamic Rep.",IRN,2009,32.137
"Iran, Islamic Rep.",IRN,2008,33.649
"Iran, Islamic Rep.",IRN,2007,30.008
"Iran, Islamic Rep.",IRN,2006,31.589
"Iran, Islamic Rep.",IRN,2005,32.431
"Iran, Islamic Rep.",IRN,2004,29.279
"Iran, Islamic Rep.",IRN,2003,33.735
"Iran, Islamic Rep.",IRN,2002,38.541
"Iran, Islamic Rep.",IRN,2001,36.461
"Iran, Islamic Rep.",IRN,2000,33.962
"Iran, Islamic Rep.",IRN,1999,31.758
"Iran, Islamic Rep.",IRN,1998,28.973
"Iran, Islamic Rep.",IRN,1997,26.404
"Iran, Islamic Rep.",IRN,1996,23.905
"Iran, Islamic Rep.",IRN,1995,28.463
"Iran, Islamic Rep.",IRN,1994,32.469
"Iran, Islamic Rep.",IRN,1993,35.276
"Iran, Islamic Rep.",IRN,1992,37.619
"Iran, Islamic Rep.",IRN,1991,40.624
"Iran, Islamic Rep.",IRN,1990,
"Iran, Islamic Rep.",IRN,1989,
"Iran, Islamic Rep.",IRN,1988,
"Iran, Islamic Rep.",IRN,1987,
"Iran, Islamic Rep.",IRN,1986,
"Iran, Islamic Rep.",IRN,1985,
"Iran, Islamic Rep.",IRN,1984,
"Iran, Islamic Rep.",IRN,1983,
"Iran, Islamic Rep.",IRN,1982,
"Iran, Islamic Rep.",IRN,1981,
"Iran, Islamic Rep.",IRN,1980,
"Iran, Islamic Rep.",IRN,1979,
"Iran, Islamic Rep.",IRN,1978,
"Iran, Islamic Rep.",IRN,1977,
"Iran, Islamic Rep.",IRN,1976,
"Iran, Islamic Rep.",IRN,1975,
"Iran, Islamic Rep.",IRN,1974,
"Iran, Islamic Rep.",IRN,1973,
"Iran, Islamic Rep.",IRN,1972,
"Iran, Islamic Rep.",IRN,1971,
"Iran, Islamic Rep.",IRN,1970,
"Iran, Islamic Rep.",IRN,1969,
"Iran, Islamic Rep.",IRN,1968,
"Iran, Islamic Rep.",IRN,1967,
"Iran, Islamic Rep.",IRN,1966,
"Iran, Islamic Rep.",IRN,1965,
"Iran, Islamic Rep.",IRN,1964,
"Iran, Islamic Rep.",IRN,1963,
"Iran, Islamic Rep.",IRN,1962,
"Iran, Islamic Rep.",IRN,1961,
"Iran, Islamic Rep.",IRN,1960,
Iraq,IRQ,2025,66.368
Iraq,IRQ,2024,65.589
Iraq,IRQ,2023,65.375
Iraq,IRQ,2022,65.273
Iraq,IRQ,2021,62.206
Iraq,IRQ,2020,65.857
Iraq,IRQ,2019,60.408
Iraq,IRQ,2018,61.123
Iraq,IRQ,2017,62.553
Iraq,IRQ,2016,37.463
Iraq,IRQ,2015,41.682
Iraq,IRQ,2014,45.664
Iraq,IRQ,2013,37.543
Iraq,IRQ,2012,29.496
Iraq,IRQ,2011,27.601
Iraq,IRQ,2010,25.437
Iraq,IRQ,2009,23.432
Iraq,IRQ,2008,21.313
Iraq,IRQ,2007,19.411
Iraq,IRQ,2006,19.136
Iraq,IRQ,2005,19.365
Iraq,IRQ,2004,19.56
Iraq,IRQ,2003,19.864
Iraq,IRQ,2002,19.416
Iraq,IRQ,2001,18.907
Iraq,IRQ,2000,18.592
Iraq,IRQ,1999,18.472
Iraq,IRQ,1998,18.541
Iraq,IRQ,1997,18.758
Iraq,IRQ,1996,18.884
Iraq,IRQ,1995,18.636
Iraq,IRQ,1994,18.217
Iraq,IRQ,1993,18.276
Iraq,IRQ,1992,18.138
Iraq,IRQ,1991,18.284
Iraq,IRQ,1990,
Iraq,IRQ,1989,
Iraq,IRQ,1988,
Iraq,IRQ,1987,
Iraq,IRQ,1986,
Iraq,IRQ,1985,
Iraq,IRQ,1984,
Iraq,IRQ,1983,
Iraq,IRQ,1982,
Iraq,IRQ,1981,
Iraq,IRQ,1980,
Iraq,IRQ,1979,
Iraq,IRQ,1978,
Iraq,IRQ,1977,
Iraq,IRQ,1976,
Iraq,IRQ,1975,
Iraq,IRQ,1974,
Iraq,IRQ,1973,
Iraq,IRQ,1972,
Iraq,IRQ,1971,
Iraq,IRQ,1970,
Iraq,IRQ,1969,
Iraq,IRQ,1968,
Iraq,IRQ,1967,
Iraq,IRQ,1966,
Iraq,IRQ,1965,
Iraq,IRQ,1964,
Iraq,IRQ,1963,
Iraq,IRQ,1962,
Iraq,IRQ,1961,
Iraq,IRQ,1960,
Ireland,IRL,2025,9.805
Ireland,IRL,2024,10.037
Ireland,IRL,2023,9.514
Ireland,IRL,2022,9.505
Ireland,IRL,2021,16.229
Ireland,IRL,2020,15.275
Ireland,IRL,2019,10.59
Ireland,IRL,2018,12.595
Ireland,IRL,2017,12.605
Ireland,IRL,2016,13.557
Ireland,IRL,2015,16.333
Ireland,IRL,2014,19.82
Ireland,IRL,2013,22.778
Ireland,IRL,2012,23.562
Ireland,IRL,2011,22.327
Ireland,IRL,2010,20.905
Ireland,IRL,2009,16.801
Ireland,IRL,2008,10.055
Ireland,IRL,2007,7.869
Ireland,IRL,2006,7.377
Ireland,IRL,2005,6.896
Ireland,IRL,2004,7.088
Ireland,IRL,2003,6.685
Ireland,IRL,2002,6.224
Ireland,IRL,2001,5.46
Ireland,IRL,2000,6.538
Ireland,IRL,1999,8.047
Ireland,IRL,1998,10.365
Ireland,IRL,1997,14.02
Ireland,IRL,1996,15.947
Ireland,IRL,1995,16.274
Ireland,IRL,1994,19.409
Ireland,IRL,1993,21.388
Ireland,IRL,1992,19.696
Ireland,IRL,1991,20.247
Ireland,IRL,1990,
Ireland,IRL,1989,
Ireland,IRL,1988,
Ireland,IRL,1987,
Ireland,IRL,1986,
Ireland,IRL,1985,
Ireland,IRL,1984,
Ireland,IRL,1983,
Ireland,IRL,1982,
Ireland,IRL,1981,
Ireland,IRL,1980,
Ireland,IRL,1979,
Ireland,IRL,1978,
Ireland,IRL,1977,
Ireland,IRL,1976,
Ireland,IRL,1975,
Ireland,IRL,1974,
Ireland,IRL,1973,
Ireland,IRL,1972,
Ireland,IRL,1971,
Ireland,IRL,1970,
Ireland,IRL,1969,
Ireland,IRL,1968,
Ireland,IRL,1967,
Ireland,IRL,1966,
Ireland,IRL,1965,
Ireland,IRL,1964,
Ireland,IRL,1963,
Ireland,IRL,1962,
Ireland,IRL,1961,
Ireland,IRL,1960,
Isle of Man,IMN,2025,
Isle of Man,IMN,2024,
Isle of Man,IMN,2023,
Isle of Man,IMN,2022,
Isle of Man,IMN,2021,
Isle of Man,IMN,2020,
Isle of Man,IMN,2019,
Isle of Man,IMN,2018,
Isle of Man,IMN,2017,
Isle of Man,IMN,2016,
Isle of Man,IMN,2015,
Isle of Man,IMN,2014,
Isle of Man,IMN,2013,
Isle of Man,IMN,2012,
Isle of Man,IMN,2011,
Isle of Man,IMN,2010,
Isle of Man,IMN,2009,
Isle of Man,IMN,2008,
Isle of Man,IMN,2007,
Isle of Man,IMN,2006,
Isle of Man,IMN,2005,
Isle of Man,IMN,2004,
Isle of Man,IMN,2003,
Isle of Man,IMN,2002,
Isle of Man,IMN,2001,
Isle of Man,IMN,2000,
Isle of Man,IMN,1999,
Isle of Man,IMN,1998,
Isle of Man,IMN,1997,
Isle of Man,IMN,1996,
Isle of Man,IMN,1995,
Isle of Man,IMN,1994,
Isle of Man,IMN,1993,
Isle of Man,IMN,1992,
Isle of Man,IMN,1991,
Isle of Man,IMN,1990,
Isle of Man,IMN,1989,
Isle of Man,IMN,1988,
Isle of Man,IMN,1987,
Isle of Man,IMN,1986,
Isle of Man,IMN,1985,
Isle of Man,IMN,1984,
Isle of Man,IMN,1983,
Isle of Man,IMN,1982,
Isle of Man,IMN,1981,
Isle of Man,IMN,1980,
Isle of Man,IMN,1979,
Isle of Man,IMN,1978,
Isle of Man,IMN,1977,
Isle of Man,IMN,1976,
Isle of Man,IMN,1975,
Isle of Man,IMN,1974,
Isle of Man,IMN,1973,
Isle of Man,IMN,1972,
Isle of Man,IMN,1971,
Isle of Man,IMN,1970,
Isle of Man,IMN,1969,
Isle of Man,IMN,1968,
Isle of Man,IMN,1967,
Isle of Man,IMN,1966,
Isle of Man,IMN,1965,
Isle of Man,IMN,1964,
Isle of Man,IMN,1963,
Isle of Man,IMN,1962,
Isle of Man,IMN,1961,
Isle of Man,IMN,1960,
Israel,ISR,2025,5.987
Israel,ISR,2024,5.995
Israel,ISR,2023,5.707
Israel,ISR,2022,6.413
Israel,ISR,2021,7.877
Israel,ISR,2020,7.939
Israel,ISR,2019,7.133
Israel,ISR,2018,7.238
Israel,ISR,2017,7.761
Israel,ISR,2016,8.953
Israel,ISR,2015,9.651
Israel,ISR,2014,11.013
Israel,ISR,2013,10.551
Israel,ISR,2012,12.638
Israel,ISR,2011,11.716
Israel,ISR,2010,13.542
Israel,ISR,2009,13.783
Israel,ISR,2008,13.098
Israel,ISR,2007,17.294
Israel,ISR,2006,19.615
Israel,ISR,2005,18.725
Israel,ISR,2004,21.834
Israel,ISR,2003,22.691
Israel,ISR,2002,20.774
Israel,ISR,2001,18.658
Israel,ISR,2000,17.344
Israel,ISR,1999,17.692
Israel,ISR,1998,17.649
Israel,ISR,1997,16.534
Israel,ISR,1996,15.485
Israel,ISR,1995,17.597
Israel,ISR,1994,19.44
Israel,ISR,1993,23.214
Israel,ISR,1992,25.331
Israel,ISR,1991,24.996
Israel,ISR,1990,
Israel,ISR,1989,
Israel,ISR,1988,
Israel,ISR,1987,
Israel,ISR,1986,
Israel,ISR,1985,
Israel,ISR,1984,
Israel,ISR,1983,
Israel,ISR,1982,
Israel,ISR,1981,
Israel,ISR,1980,
Israel,ISR,1979,
Israel,ISR,1978,
Israel,ISR,1977,
Israel,ISR,1976,
Israel,ISR,1975,
Israel,ISR,1974,
Israel,ISR,1973,
Israel,ISR,1972,
Israel,ISR,1971,
Israel,ISR,1970,
Israel,ISR,1969,
Israel,ISR,1968,
Israel,ISR,1967,
Israel,ISR,1966,
Israel,ISR,1965,
Israel,ISR,1964,
Israel,ISR,1963,
Israel,ISR,1962,
Israel,ISR,1961,
Israel,ISR,1960,
Italy,ITA,2025,22.558
Italy,ITA,2024,21.869
Italy,ITA,2023,25.226
Italy,ITA,2022,25.819
Italy,ITA,2021,32.849
Italy,ITA,2020,32.043
Italy,ITA,2019,31.1
Italy,ITA,2018,34.882
Italy,ITA,2017,37.309
Italy,ITA,2016,39.618
Italy,ITA,2015,42.606
Italy,ITA,2014,44.646
Italy,ITA,2013,41.428
Italy,ITA,2012,37.539
Italy,ITA,2011,32.063
Italy,ITA,2010,29.404
Italy,ITA,2009,28.525
Italy,ITA,2008,24.654
Italy,ITA,2007,23.33
Italy,ITA,2006,25.463
Italy,ITA,2005,27.639
Italy,ITA,2004,29.063
Italy,ITA,2003,31.231
Italy,ITA,2002,31.768
Italy,ITA,2001,31.767
Italy,ITA,2000,35.559
Italy,ITA,1999,38.693
Italy,ITA,1998,38.73
Italy,ITA,1997,40.993
Italy,ITA,1996,40.075
Italy,ITA,1995,38.586
Italy,ITA,1994,36.032
Italy,ITA,1993,35.22
Italy,ITA,1992,33.119
Italy,ITA,1991,33.916
Italy,ITA,1990,
Italy,ITA,1989,
Italy,ITA,1988,
Italy,ITA,1987,
Italy,ITA,1986,
Italy,ITA,1985,
Italy,ITA,1984,
Italy,ITA,1983,
Italy,ITA,1982,
Italy,ITA,1981,
Italy,ITA,1980,
Italy,ITA,1979,
Italy,ITA,1978,
Italy,ITA,1977,
Italy,ITA,1976,
Italy,ITA,1975,
Italy,ITA,1974,
Italy,ITA,1973,
Italy,ITA,1972,
Italy,ITA,1971,
Italy,ITA,1970,
Italy,ITA,1969,
Italy,ITA,1968,
Italy,ITA,1967,
Italy,ITA,1966,
Italy,ITA,1965,
Italy,ITA,1964,
Italy,ITA,1963,
Italy,ITA,1962,
Italy,ITA,1961,
Italy,ITA,1960,
Jamaica,JAM,2025,12.951
Jamaica,JAM,2024,11.803
Jamaica,JAM,2023,11.422
Jamaica,JAM,2022,14.145
Jamaica,JAM,2021,19.962
Jamaica,JAM,2020,23.291
Jamaica,JAM,2019,20.379
Jamaica,JAM,2018,22.001
Jamaica,JAM,2017,26.774
Jamaica,JAM,2016,30.604
Jamaica,JAM,2015,33.576
Jamaica,JAM,2014,35.708
Jamaica,JAM,2013,36.467
Jamaica,JAM,2012,31.377
Jamaica,JAM,2011,26.247
Jamaica,JAM,2010,25.588
Jamaica,JAM,2009,22.74
Jamaica,JAM,2008,22.839
Jamaica,JAM,2007,22.657
Jamaica,JAM,2006,22.618
Jamaica,JAM,2005,22.515
Jamaica,JAM,2004,22.38
Jamaica,JAM,2003,22.307
Jamaica,JAM,2002,22.341
Jamaica,JAM,2001,22.245
Jamaica,JAM,2000,22.008
Jamaica,JAM,1999,21.675
Jamaica,JAM,1998,21.248
Jamaica,JAM,1997,20.812
Jamaica,JAM,1996,20.529
Jamaica,JAM,1995,19.766
Jamaica,JAM,1994,19.656
Jamaica,JAM,1993,19.28
Jamaica,JAM,1992,19.446
Jamaica,JAM,1991,18.922
Jamaica,JAM,1990,
Jamaica,JAM,1989,
Jamaica,JAM,1988,
Jamaica,JAM,1987,
Jamaica,JAM,1986,
Jamaica,JAM,1985,
Jamaica,JAM,1984,
Jamaica,JAM,1983,
Jamaica,JAM,1982,
Jamaica,JAM,1981,
Jamaica,JAM,1980,
Jamaica,JAM,1979,
Jamaica,JAM,1978,
Jamaica,JAM,1977,
Jamaica,JAM,1976,
Jamaica,JAM,1975,
Jamaica,JAM,1974,
Jamaica,JAM,1973,
Jamaica,JAM,1972,
Jamaica,JAM,1971,
Jamaica,JAM,1970,
Jamaica,JAM,1969,
Jamaica,JAM,1968,
Jamaica,JAM,1967,
Jamaica,JAM,1966,
Jamaica,JAM,1965,
Jamaica,JAM,1964,
Jamaica,JAM,1963,
Jamaica,JAM,1962,
Jamaica,JAM,1961,
Jamaica,JAM,1960,
Japan,JPN,2025,3.675
Japan,JPN,2024,3.744
Japan,JPN,2023,3.75
Japan,JPN,2022,3.751
Japan,JPN,2021,4.09
Japan,JPN,2020,4.083
Japan,JPN,2019,3.744
Japan,JPN,2018,3.182
Japan,JPN,2017,4.4
Japan,JPN,2016,4.498
Japan,JPN,2015,5.072
Japan,JPN,2014,5.625
Japan,JPN,2013,5.927
Japan,JPN,2012,7.517
Japan,JPN,2011,7.249
Japan,JPN,2010,8.09
Japan,JPN,2009,8.24
Japan,JPN,2008,6.726
Japan,JPN,2007,7.338
Japan,JPN,2006,7.317
Japan,JPN,2005,7.337
Japan,JPN,2004,8.046
Japan,JPN,2003,8.634
Japan,JPN,2002,8.661
Japan,JPN,2001,8.478
Japan,JPN,2000,8.018
Japan,JPN,1999,8.17
Japan,JPN,1998,7.252
Japan,JPN,1997,6.323
Japan,JPN,1996,6.643
Japan,JPN,1995,6.067
Japan,JPN,1994,5.294
Japan,JPN,1993,5.281
Japan,JPN,1992,4.122
Japan,JPN,1991,4.194
Japan,JPN,1990,
Japan,JPN,1989,
Japan,JPN,1988,
Japan,JPN,1987,
Japan,JPN,1986,
Japan,JPN,1985,
Japan,JPN,1984,
Japan,JPN,1983,
Japan,JPN,1982,
Japan,JPN,1981,
Japan,JPN,1980,
Japan,JPN,1979,
Japan,JPN,1978,
Japan,JPN,1977,
Japan,JPN,1976,
Japan,JPN,1975,
Japan,JPN,1974,
Japan,JPN,1973,
Japan,JPN,1972,
Japan,JPN,1971,
Japan,JPN,1970,
Japan,JPN,1969,
Japan,JPN,1968,
Japan,JPN,1967,
Japan,JPN,1966,
Japan,JPN,1965,
Japan,JPN,1964,
Japan,JPN,1963,
Japan,JPN,1962,
Japan,JPN,1961,
Japan,JPN,1960,
Jordan,JOR,2025,41.756
Jordan,JOR,2024,40.009
Jordan,JOR,2023,39.858
Jordan,JOR,2022,47.743
Jordan,JOR,2021,54.052
Jordan,JOR,2020,53.105
Jordan,JOR,2019,48.79
Jordan,JOR,2018,49.018
Jordan,JOR,2017,48.944
Jordan,JOR,2016,53.9
Jordan,JOR,2015,52.999
Jordan,JOR,2014,47.753
Jordan,JOR,2013,51.357
Jordan,JOR,2012,46.491
Jordan,JOR,2011,49.544
Jordan,JOR,2010,50.867
Jordan,JOR,2009,57.017
Jordan,JOR,2008,57.014
Jordan,JOR,2007,59.328
Jordan,JOR,2006,56.265
Jordan,JOR,2005,57.987
Jordan,JOR,2004,51.194
Jordan,JOR,2003,44.652
Jordan,JOR,2002,47.266
Jordan,JOR,2001,43.816
Jordan,JOR,2000,44.966
Jordan,JOR,1999,46.308
Jordan,JOR,1998,47.674
Jordan,JOR,1997,48.551
Jordan,JOR,1996,49.486
Jordan,JOR,1995,60.502
Jordan,JOR,1994,58.721
Jordan,JOR,1993,58.327
Jordan,JOR,1992,57.78
Jordan,JOR,1991,59.329
Jordan,JOR,1990,
Jordan,JOR,1989,
Jordan,JOR,1988,
Jordan,JOR,1987,
Jordan,JOR,1986,
Jordan,JOR,1985,
Jordan,JOR,1984,
Jordan,JOR,1983,
Jordan,JOR,1982,
Jordan,JOR,1981,
Jordan,JOR,1980,
Jordan,JOR,1979,
Jordan,JOR,1978,
Jordan,JOR,1977,
Jordan,JOR,1976,
Jordan,JOR,1975,
Jordan,JOR,1974,
Jordan,JOR,1973,
Jordan,JOR,1972,
Jordan,JOR,1971,
Jordan,JOR,1970,
Jordan,JOR,1969,
Jordan,JOR,1968,
Jordan,JOR,1967,
Jordan,JOR,1966,
Jordan,JOR,1965,
Jordan,JOR,1964,
Jordan,JOR,1963,
Jordan,JOR,1962,
Jordan,JOR,1961,
Jordan,JOR,1960,
Kazakhstan,KAZ,2025,4.889
Kazakhstan,KAZ,2024,4.944
Kazakhstan,KAZ,2023,4.946
Kazakhstan,KAZ,2022,4.961
Kazakhstan,KAZ,2021,5.115
Kazakhstan,KAZ,2020,4.172
Kazakhstan,KAZ,2019,4.012
Kazakhstan,KAZ,2018,3.991
Kazakhstan,KAZ,2017,3.978
Kazakhstan,KAZ,2016,4.029
Kazakhstan,KAZ,2015,4.016
Kazakhstan,KAZ,2014,4.131
Kazakhstan,KAZ,2013,4.256
Kazakhstan,KAZ,2012,5.114
Kazakhstan,KAZ,2011,5.037
Kazakhstan,KAZ,2010,5.713
Kazakhstan,KAZ,2009,8.085
Kazakhstan,KAZ,2008,8.152
Kazakhstan,KAZ,2007,10.295
Kazakhstan,KAZ,2006,12.296
Kazakhstan,KAZ,2005,13.965
Kazakhstan,KAZ,2004,15.482
Kazakhstan,KAZ,2003,16.171
Kazakhstan,KAZ,2002,18.667
Kazakhstan,KAZ,2001,19.986
Kazakhstan,KAZ,2000,24.214
Kazakhstan,KAZ,1999,25.415
Kazakhstan,KAZ,1998,24.731
Kazakhstan,KAZ,1997,24.432
Kazakhstan,KAZ,1996,24.172
Kazakhstan,KAZ,1995,20.399
Kazakhstan,KAZ,1994,14.073
Kazakhstan,KAZ,1993,2.085
Kazakhstan,KAZ,1992,1.895
Kazakhstan,KAZ,1991,1.715
Kazakhstan,KAZ,1990,
Kazakhstan,KAZ,1989,
Kazakhstan,KAZ,1988,
Kazakhstan,KAZ,1987,
Kazakhstan,KAZ,1986,
Kazakhstan,KAZ,1985,
Kazakhstan,KAZ,1984,
Kazakhstan,KAZ,1983,
Kazakhstan,KAZ,1982,
Kazakhstan,KAZ,1981,
Kazakhstan,KAZ,1980,
Kazakhstan,KAZ,1979,
Kazakhstan,KAZ,1978,
Kazakhstan,KAZ,1977,
Kazakhstan,KAZ,1976,
Kazakhstan,KAZ,1975,
Kazakhstan,KAZ,1974,
Kazakhstan,KAZ,1973,
Kazakhstan,KAZ,1972,
Kazakhstan,KAZ,1971,
Kazakhstan,KAZ,1970,
Kazakhstan,KAZ,1969,
Kazakhstan,KAZ,1968,
Kazakhstan,KAZ,1967,
Kazakhstan,KAZ,1966,
Kazakhstan,KAZ,1965,
Kazakhstan,KAZ,1964,
Kazakhstan,KAZ,1963,
Kazakhstan,KAZ,1962,
Kazakhstan,KAZ,1961,
Kazakhstan,KAZ,1960,
Kenya,KEN,2025,18.964
Kenya,KEN,2024,19.604
Kenya,KEN,2023,19.239
Kenya,KEN,2022,19.648
Kenya,KEN,2021,16.794
Kenya,KEN,2020,16.626
Kenya,KEN,2019,13.354
Kenya,KEN,2018,11.342
Kenya,KEN,2017,9.346
Kenya,KEN,2016,7.311
Kenya,KEN,2015,7.27
Kenya,KEN,2014,7.223
Kenya,KEN,2013,7.152
Kenya,KEN,2012,6.924
Kenya,KEN,2011,6.899
Kenya,KEN,2010,7.01
Kenya,KEN,2009,6.983
Kenya,KEN,2008,6.794
Kenya,KEN,2007,6.524
Kenya,KEN,2006,6.524
Kenya,KEN,2005,6.595
Kenya,KEN,2004,6.741
Kenya,KEN,2003,6.744
Kenya,KEN,2002,6.79
Kenya,KEN,2001,6.684
Kenya,KEN,2000,6.664
Kenya,KEN,1999,6.633
Kenya,KEN,1998,6.533
Kenya,KEN,1997,6.462
Kenya,KEN,1996,6.353
Kenya,KEN,1995,6.455
Kenya,KEN,1994,6.61
Kenya,KEN,1993,6.614
Kenya,KEN,1992,6.431
Kenya,KEN,1991,6.196
Kenya,KEN,1990,
Kenya,KEN,1989,
Kenya,KEN,1988,
Kenya,KEN,1987,
Kenya,KEN,1986,
Kenya,KEN,1985,
Kenya,KEN,1984,
Kenya,KEN,1983,
Kenya,KEN,1982,
Kenya,KEN,1981,
Kenya,KEN,1980,
Kenya,KEN,1979,
Kenya,KEN,1978,
Kenya,KEN,1977,
Kenya,KEN,1976,
Kenya,KEN,1975,
Kenya,KEN,1974,
Kenya,KEN,1973,
Kenya,KEN,1972,
Kenya,KEN,1971,
Kenya,KEN,1970,
Kenya,KEN,1969,
Kenya,KEN,1968,
Kenya,KEN,1967,
Kenya,KEN,1966,
Kenya,KEN,1965,
Kenya,KEN,1964,
Kenya,KEN,1963,
Kenya,KEN,1962,
Kenya,KEN,1961,
Kenya,KEN,1960,
Kiribati,KIR,2025,
Kiribati,KIR,2024,
Kiribati,KIR,2023,
Kiribati,KIR,2022,
Kiribati,KIR,2021,
Kiribati,KIR,2020,
Kiribati,KIR,2019,
Kiribati,KIR,2018,
Kiribati,KIR,2017,
Kiribati,KIR,2016,
Kiribati,KIR,2015,
Kiribati,KIR,2014,
Kiribati,KIR,2013,
Kiribati,KIR,2012,
Kiribati,KIR,2011,
Kiribati,KIR,2010,
Kiribati,KIR,2009,
Kiribati,KIR,2008,
Kiribati,KIR,2007,
Kiribati,KIR,2006,
Kiribati,KIR,2005,
Kiribati,KIR,2004,
Kiribati,KIR,2003,
Kiribati,KIR,2002,
Kiribati,KIR,2001,
Kiribati,KIR,2000,
Kiribati,KIR,1999,
Kiribati,KIR,1998,
Kiribati,KIR,1997,
Kiribati,KIR,1996,
Kiribati,KIR,1995,
Kiribati,KIR,1994,
Kiribati,KIR,1993,
Kiribati,KIR,1992,
Kiribati,KIR,1991,
Kiribati,KIR,1990,
Kiribati,KIR,1989,
Kiribati,KIR,1988,
Kiribati,KIR,1987,
Kiribati,KIR,1986,
Kiribati,KIR,1985,
Kiribati,KIR,1984,
Kiribati,KIR,1983,
Kiribati,KIR,1982,
Kiribati,KIR,1981,
Kiribati,KIR,1980,
Kiribati,KIR,1979,
Kiribati,KIR,1978,
Kiribati,KIR,1977,
Kiribati,KIR,1976,
Kiribati,KIR,1975,
Kiribati,KIR,1974,
Kiribati,KIR,1973,
Kiribati,KIR,1972,
Kiribati,KIR,1971,
Kiribati,KIR,1970,
Kiribati,KIR,1969,
Kiribati,KIR,1968,
Kiribati,KIR,1967,
Kiribati,KIR,1966,
Kiribati,KIR,1965,
Kiribati,KIR,1964,
Kiribati,KIR,1963,
Kiribati,KIR,1962,
Kiribati,KIR,1961,
Kiribati,KIR,1960,
"Korea, Dem. People's Rep.",PRK,2025,8.616
"Korea, Dem. People's Rep.",PRK,2024,8.433
"Korea, Dem. People's Rep.",PRK,2023,8.194
"Korea, Dem. People's Rep.",PRK,2022,8.287
"Korea, Dem. People's Rep.",PRK,2021,8.819
"Korea, Dem. People's Rep.",PRK,2020,9.371
"Korea, Dem. People's Rep.",PRK,2019,8.367
"Korea, Dem. People's Rep.",PRK,2018,8.495
"Korea, Dem. People's Rep.",PRK,2017,8.844
"Korea, Dem. People's Rep.",PRK,2016,8.882
"Korea, Dem. People's Rep.",PRK,2015,8.353
"Korea, Dem. People's Rep.",PRK,2014,8.168
"Korea, Dem. People's Rep.",PRK,2013,8.334
"Korea, Dem. People's Rep.",PRK,2012,8.188
"Korea, Dem. People's Rep.",PRK,2011,8.421
"Korea, Dem. People's Rep.",PRK,2010,8.2
"Korea, Dem. People's Rep.",PRK,2009,8.369
"Korea, Dem. People's Rep.",PRK,2008,8.338
"Korea, Dem. People's Rep.",PRK,2007,8.624
"Korea, Dem. People's Rep.",PRK,2006,8.773
"Korea, Dem. People's Rep.",PRK,2005,8.912
"Korea, Dem. People's Rep.",PRK,2004,8.962
"Korea, Dem. People's Rep.",PRK,2003,8.971
"Korea, Dem. People's Rep.",PRK,2002,8.905
"Korea, Dem. People's Rep.",PRK,2001,9.003
"Korea, Dem. People's Rep.",PRK,2000,8.883
"Korea, Dem. People's Rep.",PRK,1999,8.947
"Korea, Dem. People's Rep.",PRK,1998,8.357
"Korea, Dem. People's Rep.",PRK,1997,7.81
"Korea, Dem. People's Rep.",PRK,1996,7.493
"Korea, Dem. People's Rep.",PRK,1995,7.354
"Korea, Dem. People's Rep.",PRK,1994,7.211
"Korea, Dem. People's Rep.",PRK,1993,6.81
"Korea, Dem. People's Rep.",PRK,1992,6.492
"Korea, Dem. People's Rep.",PRK,1991,6.362
"Korea, Dem. People's Rep.",PRK,1990,
"Korea, Dem. People's Rep.",PRK,1989,
"Korea, Dem. People's Rep.",PRK,1988,
"Korea, Dem. People's Rep.",PRK,1987,
"Korea, Dem. People's Rep.",PRK,1986,
"Korea, Dem. People's Rep.",PRK,1985,
"Korea, Dem. People's Rep.",PRK,1984,
"Korea, Dem. People's Rep.",PRK,1983,
"Korea, Dem. People's Rep.",PRK,1982,
"Korea, Dem. People's Rep.",PRK,1981,
"Korea, Dem. People's Rep.",PRK,1980,
"Korea, Dem. People's Rep.",PRK,1979,
"Korea, Dem. People's Rep.",PRK,1978,
"Korea, Dem. People's Rep.",PRK,1977,
"Korea, Dem. People's Rep.",PRK,1976,
"Korea, Dem. People's Rep.",PRK,1975,
"Korea, Dem. People's Rep.",PRK,1974,
"Korea, Dem. People's Rep.",PRK,1973,
"Korea, Dem. People's Rep.",PRK,1972,
"Korea, Dem. People's Rep.",PRK,1971,
"Korea, Dem. People's Rep.",PRK,1970,
"Korea, Dem. People's Rep.",PRK,1969,
"Korea, Dem. People's Rep.",PRK,1968,
"Korea, Dem. People's Rep.",PRK,1967,
"Korea, Dem. People's Rep.",PRK,1966,
"Korea, Dem. People's Rep.",PRK,1965,
"Korea, Dem. People's Rep.",PRK,1964,
"Korea, Dem. People's Rep.",PRK,1963,
"Korea, Dem. People's Rep.",PRK,1962,
"Korea, Dem. People's Rep.",PRK,1961,
"Korea, Dem. People's Rep.",PRK,1960,
"Korea, Rep.",KOR,2025,6.712
"Korea, Rep.",KOR,2024,6.514
"Korea, Rep.",KOR,2023,5.416
"Korea, Rep.",KOR,2022,6.157
"Korea, Rep.",KOR,2021,7.356
"Korea, Rep.",KOR,2020,9.631
"Korea, Rep.",KOR,2019,9.531
"Korea, Rep.",KOR,2018,9.935
"Korea, Rep.",KOR,2017,9.535
"Korea, Rep.",KOR,2016,10.039
"Korea, Rep.",KOR,2015,9.908
"Korea, Rep.",KOR,2014,7.993
"Korea, Rep.",KOR,2013,8.933
"Korea, Rep.",KOR,2012,7.393
"Korea, Rep.",KOR,2011,7.105
"Korea, Rep.",KOR,2010,7.56
"Korea, Rep.",KOR,2009,8.063
"Korea, Rep.",KOR,2008,7.19
"Korea, Rep.",KOR,2007,6.274
"Korea, Rep.",KOR,2006,8.025
"Korea, Rep.",KOR,2005,8.308
"Korea, Rep.",KOR,2004,8.968
"Korea, Rep.",KOR,2003,8.458
"Korea, Rep.",KOR,2002,6.93
"Korea, Rep.",KOR,2001,8.12
"Korea, Rep.",KOR,2000,8.369
"Korea, Rep.",KOR,1999,11.463
"Korea, Rep.",KOR,1998,12.472
"Korea, Rep.",KOR,1997,6.455
"Korea, Rep.",KOR,1996,4.687
"Korea, Rep.",KOR,1995,5.221
"Korea, Rep.",KOR,1994,5.903
"Korea, Rep.",KOR,1993,6.958
"Korea, Rep.",KOR,1992,6.479
"Korea, Rep.",KOR,1991,5.711
"Korea, Rep.",KOR,1990,
"Korea, Rep.",KOR,1989,
"Korea, Rep.",KOR,1988,
"Korea, Rep.",KOR,1987,
"Korea, Rep.",KOR,1986,
"Korea, Rep.",KOR,1985,
"Korea, Rep.",KOR,1984,
"Korea, Rep.",KOR,1983,
"Korea, Rep.",KOR,1982,
"Korea, Rep.",KOR,1981,
"Korea, Rep.",KOR,1980,
"Korea, Rep.",KOR,1979,
"Korea, Rep.",KOR,1978,
"Korea, Rep.",KOR,1977,
"Korea, Rep.",KOR,1976,
"Korea, Rep.",KOR,1975,
"Korea, Rep.",KOR,1974,
"Korea, Rep.",KOR,1973,
"Korea, Rep.",KOR,1972,
"Korea, Rep.",KOR,1971,
"Korea, Rep.",KOR,1970,
"Korea, Rep.",KOR,1969,
"Korea, Rep.",KOR,1968,
"Korea, Rep.",KOR,1967,
"Korea, Rep.",KOR,1966,
"Korea, Rep.",KOR,1965,
"Korea, Rep.",KOR,1964,
"Korea, Rep.",KOR,1963,
"Korea, Rep.",KOR,1962,
"Korea, Rep.",KOR,1961,
"Korea, Rep.",KOR,1960,
Kosovo,XKX,2025,
Kosovo,XKX,2024,
Kosovo,XKX,2023,
Kosovo,XKX,2022,
Kosovo,XKX,2021,
Kosovo,XKX,2020,
Kosovo,XKX,2019,
Kosovo,XKX,2018,
Kosovo,XKX,2017,
Kosovo,XKX,2016,
Kosovo,XKX,2015,
Kosovo,XKX,2014,
Kosovo,XKX,2013,
Kosovo,XKX,2012,
Kosovo,XKX,2011,
Kosovo,XKX,2010,
Kosovo,XKX,2009,
Kosovo,XKX,2008,
Kosovo,XKX,2007,
Kosovo,XKX,2006,
Kosovo,XKX,2005,
Kosovo,XKX,2004,
Kosovo,XKX,2003,
Kosovo,XKX,2002,
Kosovo,XKX,2001,
Kosovo,XKX,2000,
Kosovo,XKX,1999,
Kosovo,XKX,1998,
Kosovo,XKX,1997,
Kosovo,XKX,1996,
Kosovo,XKX,1995,
Kosovo,XKX,1994,
Kosovo,XKX,1993,
Kosovo,XKX,1992,
Kosovo,XKX,1991,
Kosovo,XKX,1990,
Kosovo,XKX,1989,
Kosovo,XKX,1988,
Kosovo,XKX,1987,
Kosovo,XKX,1986,
Kosovo,XKX,1985,
Kosovo,XKX,1984,
Kosovo,XKX,1983,
Kosovo,XKX,1982,
Kosovo,XKX,1981,
Kosovo,XKX,1980,
Kosovo,XKX,1979,
Kosovo,XKX,1978,
Kosovo,XKX,1977,
Kosovo,XKX,1976,
Kosovo,XKX,1975,
Kosovo,XKX,1974,
Kosovo,XKX,1973,
Kosovo,XKX,1972,
Kosovo,XKX,1971,
Kosovo,XKX,1970,
Kosovo,XKX,1969,
Kosovo,XKX,1968,
Kosovo,XKX,1967,
Kosovo,XKX,1966,
Kosovo,XKX,1965,
Kosovo,XKX,1964,
Kosovo,XKX,1963,
Kosovo,XKX,1962,
Kosovo,XKX,1961,
Kosovo,XKX,1960,
Kuwait,KWT,2025,29.464
Kuwait,KWT,2024,29.364
Kuwait,KWT,2023,29.011
Kuwait,KWT,2022,28.803
Kuwait,KWT,2021,34.354
Kuwait,KWT,2020,37.431
Kuwait,KWT,2019,30.186
Kuwait,KWT,2018,30.124
Kuwait,KWT,2017,29.986
Kuwait,KWT,2016,29.382
Kuwait,KWT,2015,21.041
Kuwait,KWT,2014,17.601
Kuwait,KWT,2013,14.714
Kuwait,KWT,2012,12.096
Kuwait,KWT,2011,9.641
Kuwait,KWT,2010,7.391
Kuwait,KWT,2009,8.551
Kuwait,KWT,2008,9.408
Kuwait,KWT,2007,7.803
Kuwait,KWT,2006,7.269
Kuwait,KWT,2005,8.189
Kuwait,KWT,2004,9.148
Kuwait,KWT,2003,6.56
Kuwait,KWT,2002,5.443
Kuwait,KWT,2001,3.914
Kuwait,KWT,2000,4.035
Kuwait,KWT,1999,3.55
Kuwait,KWT,1998,3.646
Kuwait,KWT,1997,3.719
Kuwait,KWT,1996,3.864
Kuwait,KWT,1995,4.03
Kuwait,KWT,1994,4.101
Kuwait,KWT,1993,4.345
Kuwait,KWT,1992,4.424
Kuwait,KWT,1991,4.467
Kuwait,KWT,1990,
Kuwait,KWT,1989,
Kuwait,KWT,1988,
Kuwait,KWT,1987,
Kuwait,KWT,1986,
Kuwait,KWT,1985,
Kuwait,KWT,1984,
Kuwait,KWT,1983,
Kuwait,KWT,1982,
Kuwait,KWT,1981,
Kuwait,KWT,1980,
Kuwait,KWT,1979,
Kuwait,KWT,1978,
Kuwait,KWT,1977,
Kuwait,KWT,1976,
Kuwait,KWT,1975,
Kuwait,KWT,1974,
Kuwait,KWT,1973,
Kuwait,KWT,1972,
Kuwait,KWT,1971,
Kuwait,KWT,1970,
Kuwait,KWT,1969,
Kuwait,KWT,1968,
Kuwait,KWT,1967,
Kuwait,KWT,1966,
Kuwait,KWT,1965,
Kuwait,KWT,1964,
Kuwait,KWT,1963,
Kuwait,KWT,1962,
Kuwait,KWT,1961,
Kuwait,KWT,1960,
Kyrgyz Republic,KGZ,2025,8.056
Kyrgyz Republic,KGZ,2024,6.996
Kyrgyz Republic,KGZ,2023,6.996
Kyrgyz Republic,KGZ,2022,14.398
Kyrgyz Republic,KGZ,2021,14.937
Kyrgyz Republic,KGZ,2020,16.007
Kyrgyz Republic,KGZ,2019,17.94
Kyrgyz Republic,KGZ,2018,13.447
Kyrgyz Republic,KGZ,2017,13.012
Kyrgyz Republic,KGZ,2016,12.102
Kyrgyz Republic,KGZ,2015,11.231
Kyrgyz Republic,KGZ,2014,10.629
Kyrgyz Republic,KGZ,2013,9.98
Kyrgyz Republic,KGZ,2012,9.932
Kyrgyz Republic,KGZ,2011,9.183
Kyrgyz Republic,KGZ,2010,8.827
Kyrgyz Republic,KGZ,2009,8.434
Kyrgyz Republic,KGZ,2008,8.052
Kyrgyz Republic,KGZ,2007,7.65
Kyrgyz Republic,KGZ,2006,7.227
Kyrgyz Republic,KGZ,2005,6.859
Kyrgyz Republic,KGZ,2004,6.553
Kyrgyz Republic,KGZ,2003,6.18
Kyrgyz Republic,KGZ,2002,5.812
Kyrgyz Republic,KGZ,2001,5.493
Kyrgyz Republic,KGZ,2000,5.144
Kyrgyz Republic,KGZ,1999,4.777
Kyrgyz Republic,KGZ,1998,4.438
Kyrgyz Republic,KGZ,1997,4.145
Kyrgyz Republic,KGZ,1996,3.857
Kyrgyz Republic,KGZ,1995,3.573
Kyrgyz Republic,KGZ,1994,3.315
Kyrgyz Republic,KGZ,1993,3.077
Kyrgyz Republic,KGZ,1992,2.784
Kyrgyz Republic,KGZ,1991,2.617
Kyrgyz Republic,KGZ,1990,
Kyrgyz Republic,KGZ,1989,
Kyrgyz Republic,KGZ,1988,
Kyrgyz Republic,KGZ,1987,
Kyrgyz Republic,KGZ,1986,
Kyrgyz Republic,KGZ,1985,
Kyrgyz Republic,KGZ,1984,
Kyrgyz Republic,KGZ,1983,
Kyrgyz Republic,KGZ,1982,
Kyrgyz Republic,KGZ,1981,
Kyrgyz Republic,KGZ,1980,
Kyrgyz Republic,KGZ,1979,
Kyrgyz Republic,KGZ,1978,
Kyrgyz Republic,KGZ,1977,
Kyrgyz Republic,KGZ,1976,
Kyrgyz Republic,KGZ,1975,
Kyrgyz Republic,KGZ,1974,
Kyrgyz Republic,KGZ,1973,
Kyrgyz Republic,KGZ,1972,
Kyrgyz Republic,KGZ,1971,
Kyrgyz Republic,KGZ,1970,
Kyrgyz Republic,KGZ,1969,
Kyrgyz Republic,KGZ,1968,
Kyrgyz Republic,KGZ,1967,
Kyrgyz Republic,KGZ,1966,
Kyrgyz Republic,KGZ,1965,
Kyrgyz Republic,KGZ,1964,
Kyrgyz Republic,KGZ,1963,
Kyrgyz Republic,KGZ,1962,
Kyrgyz Republic,KGZ,1961,
Kyrgyz Republic,KGZ,1960,
Lao PDR,LAO,2025,2.222
Lao PDR,LAO,2024,2.054
Lao PDR,LAO,2023,2.048
Lao PDR,LAO,2022,2.053
Lao PDR,LAO,2021,3.124
Lao PDR,LAO,2020,4.006
Lao PDR,LAO,2019,4.102
Lao PDR,LAO,2018,4.683
Lao PDR,LAO,2017,5.257
Lao PDR,LAO,2016,4.303
Lao PDR,LAO,2015,3.37
Lao PDR,LAO,2014,2.979
Lao PDR,LAO,2013,2.59
Lao PDR,LAO,2012,2.203
Lao PDR,LAO,2011,1.831
Lao PDR,LAO,2010,1.453
Lao PDR,LAO,2009,1.725
Lao PDR,LAO,2008,1.968
Lao PDR,LAO,2007,2.232
Lao PDR,LAO,2006,2.508
Lao PDR,LAO,2005,2.817
Lao PDR,LAO,2004,3.112
Lao PDR,LAO,2003,3.397
Lao PDR,LAO,2002,3.674
Lao PDR,LAO,2001,3.903
Lao PDR,LAO,2000,4.219
Lao PDR,LAO,1999,4.448
Lao PDR,LAO,1998,4.712
Lao PDR,LAO,1997,4.864
Lao PDR,LAO,1996,5.056
Lao PDR,LAO,1995,5.328
Lao PDR,LAO,1994,5.357
Lao PDR,LAO,1993,5.479
Lao PDR,LAO,1992,5.429
Lao PDR,LAO,1991,5.084
Lao PDR,LAO,1990,
Lao PDR,LAO,1989,
Lao PDR,LAO,1988,
Lao PDR,LAO,1987,
Lao PDR,LAO,1986,
Lao PDR,LAO,1985,
Lao PDR,LAO,1984,
Lao PDR,LAO,1983,
Lao PDR,LAO,1982,
Lao PDR,LAO,1981,
Lao PDR,LAO,1980,
Lao PDR,LAO,1979,
Lao PDR,LAO,1978,
Lao PDR,LAO,1977,
Lao PDR,LAO,1976,
Lao PDR,LAO,1975,
Lao PDR,LAO,1974,
Lao PDR,LAO,1973,
Lao PDR,LAO,1972,
Lao PDR,LAO,1971,
Lao PDR,LAO,1970,
Lao PDR,LAO,1969,
Lao PDR,LAO,1968,
Lao PDR,LAO,1967,
Lao PDR,LAO,1966,
Lao PDR,LAO,1965,
Lao PDR,LAO,1964,
Lao PDR,LAO,1963,
Lao PDR,LAO,1962,
Lao PDR,LAO,1961,
Lao PDR,LAO,1960,
Latvia,LVA,2025,13.152
Latvia,LVA,2024,14.131
Latvia,LVA,2023,9.982
Latvia,LVA,2022,10.15
Latvia,LVA,2021,14.601
Latvia,LVA,2020,15.476
Latvia,LVA,2019,10.125
Latvia,LVA,2018,11.833
Latvia,LVA,2017,15.404
Latvia,LVA,2016,12.127
Latvia,LVA,2015,14.14
Latvia,LVA,2014,19.935
Latvia,LVA,2013,24.948
Latvia,LVA,2012,29.491
Latvia,LVA,2011,30.679
Latvia,LVA,2010,34.849
Latvia,LVA,2009,29.275
Latvia,LVA,2008,13.102
Latvia,LVA,2007,9.951
Latvia,LVA,2006,16.054
Latvia,LVA,2005,18.443
Latvia,LVA,2004,30.815
Latvia,LVA,2003,26.611
Latvia,LVA,2002,25.354
Latvia,LVA,2001,24.012
Latvia,LVA,2000,21.702
Latvia,LVA,1999,19.57
Latvia,LVA,1998,26.129
Latvia,LVA,1997,28.602
Latvia,LVA,1996,39.537
Latvia,LVA,1995,36.178
Latvia,LVA,1994,35.447
Latvia,LVA,1993,31.556
Latvia,LVA,1992,12.506
Latvia,LVA,1991,5.221
Latvia,LVA,1990,
Latvia,LVA,1989,
Latvia,LVA,1988,
Latvia,LVA,1987,
Latvia,LVA,1986,
Latvia,LVA,1985,
Latvia,LVA,1984,
Latvia,LVA,1983,
Latvia,LVA,1982,
Latvia,LVA,1981,
Latvia,LVA,1980,
Latvia,LVA,1979,
Latvia,LVA,1978,
Latvia,LVA,1977,
Latvia,LVA,1976,
Latvia,LVA,1975,
Latvia,LVA,1974,
Latvia,LVA,1973,
Latvia,LVA,1972,
Latvia,LVA,1971,
Latvia,LVA,1970,
Latvia,LVA,1969,
Latvia,LVA,1968,
Latvia,LVA,1967,
Latvia,LVA,1966,
Latvia,LVA,1965,
Latvia,LVA,1964,
Latvia,LVA,1963,
Latvia,LVA,1962,
Latvia,LVA,1961,
Latvia,LVA,1960,
Lebanon,LBN,2025,
Lebanon,LBN,2024,
Lebanon,LBN,2023,21.311
Lebanon,LBN,2022,21.419
Lebanon,LBN,2021,23.53
Lebanon,LBN,2020,24.76
Lebanon,LBN,2019,21.57
Lebanon,LBN,2018,21.456
Lebanon,LBN,2017,21.381
Lebanon,LBN,2016,21.333
Lebanon,LBN,2015,21.25
Lebanon,LBN,2014,21.162
Lebanon,LBN,2013,21.215
Lebanon,LBN,2012,21.034
Lebanon,LBN,2011,20.706
Lebanon,LBN,2010,20.353
Lebanon,LBN,2009,20.273
Lebanon,LBN,2008,20.612
Lebanon,LBN,2007,20.801
Lebanon,LBN,2006,20.188
Lebanon,LBN,2005,19.428
Lebanon,LBN,2004,18.727
Lebanon,LBN,2003,19.028
Lebanon,LBN,2002,19.301
Lebanon,LBN,2001,19.66
Lebanon,LBN,2000,19.881
Lebanon,LBN,1999,20.114
Lebanon,LBN,1998,19.861
Lebanon,LBN,1997,19.933
Lebanon,LBN,1996,19.528
Lebanon,LBN,1995,19.365
Lebanon,LBN,1994,19.061
Lebanon,LBN,1993,18.746
Lebanon,LBN,1992,18.531
Lebanon,LBN,1991,18.74
Lebanon,LBN,1990,
Lebanon,LBN,1989,
Lebanon,LBN,1988,
Lebanon,LBN,1987,
Lebanon,LBN,1986,
Lebanon,LBN,1985,
Lebanon,LBN,1984,
Lebanon,LBN,1983,
Lebanon,LBN,1982,
Lebanon,LBN,1981,
Lebanon,LBN,1980,
Lebanon,LBN,1979,
Lebanon,LBN,1978,
Lebanon,LBN,1977,
Lebanon,LBN,1976,
Lebanon,LBN,1975,
Lebanon,LBN,1974,
Lebanon,LBN,1973,
Lebanon,LBN,1972,
Lebanon,LBN,1971,
Lebanon,LBN,1970,
Lebanon,LBN,1969,
Lebanon,LBN,1968,
Lebanon,LBN,1967,
Lebanon,LBN,1966,
Lebanon,LBN,1965,
Lebanon,LBN,1964,
Lebanon,LBN,1963,
Lebanon,LBN,1962,
Lebanon,LBN,1961,
Lebanon,LBN,1960,
Lesotho,LSO,2025,37.144
Lesotho,LSO,2024,37.224
Lesotho,LSO,2023,37.224
Lesotho,LSO,2022,37.672
Lesotho,LSO,2021,40.244
Lesotho,LSO,2020,42.484
Lesotho,LSO,2019,37.645
Lesotho,LSO,2018,36.524
Lesotho,LSO,2017,35.478
Lesotho,LSO,2016,34.43
Lesotho,LSO,2015,33.956
Lesotho,LSO,2014,33.07
Lesotho,LSO,2013,32.241
Lesotho,LSO,2012,31.533
Lesotho,LSO,2011,31.727
Lesotho,LSO,2010,31.276
Lesotho,LSO,2009,31.011
Lesotho,LSO,2008,30.276
Lesotho,LSO,2007,30.17
Lesotho,LSO,2006,30.142
Lesotho,LSO,2005,29.911
Lesotho,LSO,2004,29.922
Lesotho,LSO,2003,29.61
Lesotho,LSO,2002,29.518
Lesotho,LSO,2001,29.409
Lesotho,LSO,2000,29.446
Lesotho,LSO,1999,29.362
Lesotho,LSO,1998,28.943
Lesotho,LSO,1997,28.787
Lesotho,LSO,1996,28.64
Lesotho,LSO,1995,28.844
Lesotho,LSO,1994,28.62
Lesotho,LSO,1993,28.583
Lesotho,LSO,1992,28.43
Lesotho,LSO,1991,28.528
Lesotho,LSO,1990,
Lesotho,LSO,1989,
Lesotho,LSO,1988,
Lesotho,LSO,1987,
Lesotho,LSO,1986,
Lesotho,LSO,1985,
Lesotho,LSO,1984,
Lesotho,LSO,1983,
Lesotho,LSO,1982,
Lesotho,LSO,1981,
Lesotho,LSO,1980,
Lesotho,LSO,1979,
Lesotho,LSO,1978,
Lesotho,LSO,1977,
Lesotho,LSO,1976,
Lesotho,LSO,1975,
Lesotho,LSO,1974,
Lesotho,LSO,1973,
Lesotho,LSO,1972,
Lesotho,LSO,1971,
Lesotho,LSO,1970,
Lesotho,LSO,1969,
Lesotho,LSO,1968,
Lesotho,LSO,1967,
Lesotho,LSO,1966,
Lesotho,LSO,1965,
Lesotho,LSO,1964,
Lesotho,LSO,1963,
Lesotho,LSO,1962,
Lesotho,LSO,1961,
Lesotho,LSO,1960,
Liberia,LBR,2025,2.196
Liberia,LBR,2024,2.116
Liberia,LBR,2023,2.112
Liberia,LBR,2022,2.129
Liberia,LBR,2021,2.667
Liberia,LBR,2020,2.915
Liberia,LBR,2019,2.197
Liberia,LBR,2018,2.193
Liberia,LBR,2017,2.195
Liberia,LBR,2016,2.2
Liberia,LBR,2015,1.686
Liberia,LBR,2014,1.194
Liberia,LBR,2013,1.871
Liberia,LBR,2012,2.55
Liberia,LBR,2011,3.213
Liberia,LBR,2010,3.85
Liberia,LBR,2009,3.82
Liberia,LBR,2008,3.795
Liberia,LBR,2007,3.803
Liberia,LBR,2006,3.846
Liberia,LBR,2005,3.97
Liberia,LBR,2004,3.975
Liberia,LBR,2003,3.968
Liberia,LBR,2002,3.774
Liberia,LBR,2001,3.647
Liberia,LBR,2000,3.55
Liberia,LBR,1999,3.532
Liberia,LBR,1998,3.591
Liberia,LBR,1997,3.731
Liberia,LBR,1996,3.924
Liberia,LBR,1995,4.1
Liberia,LBR,1994,4.158
Liberia,LBR,1993,4.207
Liberia,LBR,1992,4.225
Liberia,LBR,1991,4.237
Liberia,LBR,1990,
Liberia,LBR,1989,
Liberia,LBR,1988,
Liberia,LBR,1987,
Liberia,LBR,1986,
Liberia,LBR,1985,
Liberia,LBR,1984,
Liberia,LBR,1983,
Liberia,LBR,1982,
Liberia,LBR,1981,
Liberia,LBR,1980,
Liberia,LBR,1979,
Liberia,LBR,1978,
Liberia,LBR,1977,
Liberia,LBR,1976,
Liberia,LBR,1975,
Liberia,LBR,1974,
Liberia,LBR,1973,
Liberia,LBR,1972,
Liberia,LBR,1971,
Liberia,LBR,1970,
Liberia,LBR,1969,
Liberia,LBR,1968,
Liberia,LBR,1967,
Liberia,LBR,1966,
Liberia,LBR,1965,
Liberia,LBR,1964,
Liberia,LBR,1963,
Liberia,LBR,1962,
Liberia,LBR,1961,
Liberia,LBR,1960,
Libya,LBY,2025,69.204
Libya,LBY,2024,69.516
Libya,LBY,2023,68.675
Libya,LBY,2022,69.873
Libya,LBY,2021,71.996
Libya,LBY,2020,74.809
Libya,LBY,2019,69.662
Libya,LBY,2018,69.125
Libya,LBY,2017,69.512
Libya,LBY,2016,70.598
Libya,LBY,2015,70.799
Libya,LBY,2014,69.772
Libya,LBY,2013,69.641
Libya,LBY,2012,68.777
Libya,LBY,2011,69.227
Libya,LBY,2010,68.078
Libya,LBY,2009,67.398
Libya,LBY,2008,66.218
Libya,LBY,2007,64.957
Libya,LBY,2006,64.326
Libya,LBY,2005,63.389
Libya,LBY,2004,63.504
Libya,LBY,2003,63.303
Libya,LBY,2002,63.3
Libya,LBY,2001,62.811
Libya,LBY,2000,62.57
Libya,LBY,1999,62.059
Libya,LBY,1998,61.369
Libya,LBY,1997,60.691
Libya,LBY,1996,60.299
Libya,LBY,1995,60.093
Libya,LBY,1994,59.695
Libya,LBY,1993,58.678
Libya,LBY,1992,58.005
Libya,LBY,1991,57.259
Libya,LBY,1990,
Libya,LBY,1989,
Libya,LBY,1988,
Libya,LBY,1987,
Libya,LBY,1986,
Libya,LBY,1985,
Libya,LBY,1984,
Libya,LBY,1983,
Libya,LBY,1982,
Libya,LBY,1981,
Libya,LBY,1980,
Libya,LBY,1979,
Libya,LBY,1978,
Libya,LBY,1977,
Libya,LBY,1976,
Libya,LBY,1975,
Libya,LBY,1974,
Libya,LBY,1973,
Libya,LBY,1972,
Libya,LBY,1971,
Libya,LBY,1970,
Libya,LBY,1969,
Libya,LBY,1968,
Libya,LBY,1967,
Libya,LBY,1966,
Libya,LBY,1965,
Libya,LBY,1964,
Libya,LBY,1963,
Libya,LBY,1962,
Libya,LBY,1961,
Libya,LBY,1960,
Liechtenstein,LIE,2025,
Liechtenstein,LIE,2024,
Liechtenstein,LIE,2023,
Liechtenstein,LIE,2022,
Liechtenstein,LIE,2021,
Liechtenstein,LIE,2020,
Liechtenstein,LIE,2019,
Liechtenstein,LIE,2018,
Liechtenstein,LIE,2017,
Liechtenstein,LIE,2016,
Liechtenstein,LIE,2015,
Liechtenstein,LIE,2014,
Liechtenstein,LIE,2013,
Liechtenstein,LIE,2012,
Liechtenstein,LIE,2011,
Liechtenstein,LIE,2010,
Liechtenstein,LIE,2009,
Liechtenstein,LIE,2008,
Liechtenstein,LIE,2007,
Liechtenstein,LIE,2006,
Liechtenstein,LIE,2005,
Liechtenstein,LIE,2004,
Liechtenstein,LIE,2003,
Liechtenstein,LIE,2002,
Liechtenstein,LIE,2001,
Liechtenstein,LIE,2000,
Liechtenstein,LIE,1999,
Liechtenstein,LIE,1998,
Liechtenstein,LIE,1997,
Liechtenstein,LIE,1996,
Liechtenstein,LIE,1995,
Liechtenstein,LIE,1994,
Liechtenstein,LIE,1993,
Liechtenstein,LIE,1992,
Liechtenstein,LIE,1991,
Liechtenstein,LIE,1990,
Liechtenstein,LIE,1989,
Liechtenstein,LIE,1988,
Liechtenstein,LIE,1987,
Liechtenstein,LIE,1986,
Liechtenstein,LIE,1985,
Liechtenstein,LIE,1984,
Liechtenstein,LIE,1983,
Liechtenstein,LIE,1982,
Liechtenstein,LIE,1981,
Liechtenstein,LIE,1980,
Liechtenstein,LIE,1979,
Liechtenstein,LIE,1978,
Liechtenstein,LIE,1977,
Liechtenstein,LIE,1976,
Liechtenstein,LIE,1975,
Liechtenstein,LIE,1974,
Liechtenstein,LIE,1973,
Liechtenstein,LIE,1972,
Liechtenstein,LIE,1971,
Liechtenstein,LIE,1970,
Liechtenstein,LIE,1969,
Liechtenstein,LIE,1968,
Liechtenstein,LIE,1967,
Liechtenstein,LIE,1966,
Liechtenstein,LIE,1965,
Liechtenstein,LIE,1964,
Liechtenstein,LIE,1963,
Liechtenstein,LIE,1962,
Liechtenstein,LIE,1961,
Liechtenstein,LIE,1960,
Lithuania,LTU,2025,11.081
Lithuania,LTU,2024,10.035
Lithuania,LTU,2023,10.135
Lithuania,LTU,2022,10.338
Lithuania,LTU,2021,14.687
Lithuania,LTU,2020,17.287
Lithuania,LTU,2019,9.241
Lithuania,LTU,2018,10.066
Lithuania,LTU,2017,11.657
Lithuania,LTU,2016,12.623
Lithuania,LTU,2015,16.654
Lithuania,LTU,2014,18.719
Lithuania,LTU,2013,20.361
Lithuania,LTU,2012,22.707
Lithuania,LTU,2011,29.375
Lithuania,LTU,2010,31.607
Lithuania,LTU,2009,22.38
Lithuania,LTU,2008,13.886
Lithuania,LTU,2007,10.443
Lithuania,LTU,2006,9.975
Lithuania,LTU,2005,15.463
Lithuania,LTU,2004,16.517
Lithuania,LTU,2003,32.916
Lithuania,LTU,2002,21.569
Lithuania,LTU,2001,24.596
Lithuania,LTU,2000,27.268
Lithuania,LTU,1999,20.986
Lithuania,LTU,1998,18.905
Lithuania,LTU,1997,22.225
Lithuania,LTU,1996,25.719
Lithuania,LTU,1995,27.393
Lithuania,LTU,1994,21.446
Lithuania,LTU,1993,21.466
Lithuania,LTU,1992,1.874
Lithuania,LTU,1991,1.725
Lithuania,LTU,1990,
Lithuania,LTU,1989,
Lithuania,LTU,1988,
Lithuania,LTU,1987,
Lithuania,LTU,1986,
Lithuania,LTU,1985,
Lithuania,LTU,1984,
Lithuania,LTU,1983,
Lithuania,LTU,1982,
Lithuania,LTU,1981,
Lithuania,LTU,1980,
Lithuania,LTU,1979,
Lithuania,LTU,1978,
Lithuania,LTU,1977,
Lithuania,LTU,1976,
Lithuania,LTU,1975,
Lithuania,LTU,1974,
Lithuania,LTU,1973,
Lithuania,LTU,1972,
Lithuania,LTU,1971,
Lithuania,LTU,1970,
Lithuania,LTU,1969,
Lithuania,LTU,1968,
Lithuania,LTU,1967,
Lithuania,LTU,1966,
Lithuania,LTU,1965,
Lithuania,LTU,1964,
Lithuania,LTU,1963,
Lithuania,LTU,1962,
Lithuania,LTU,1961,
Lithuania,LTU,1960,
Luxembourg,LUX,2025,19.543
Luxembourg,LUX,2024,18.185
Luxembourg,LUX,2023,22.803
Luxembourg,LUX,2022,18.506
Luxembourg,LUX,2021,16.242
Luxembourg,LUX,2020,21.326
Luxembourg,LUX,2019,15.999
Luxembourg,LUX,2018,11.894
Luxembourg,LUX,2017,12.71
Luxembourg,LUX,2016,22.214
Luxembourg,LUX,2015,14.124
Luxembourg,LUX,2014,24.64
Luxembourg,LUX,2013,14.052
Luxembourg,LUX,2012,16.922
Luxembourg,LUX,2011,22.629
Luxembourg,LUX,2010,10.24
Luxembourg,LUX,2009,18.541
Luxembourg,LUX,2008,24.057
Luxembourg,LUX,2007,16.657
Luxembourg,LUX,2006,15.008
Luxembourg,LUX,2005,16.19
Luxembourg,LUX,2004,22.376
Luxembourg,LUX,2003,12.185
Luxembourg,LUX,2002,8.99
Luxembourg,LUX,2001,5.438
Luxembourg,LUX,2000,7.291
Luxembourg,LUX,1999,7.407
Luxembourg,LUX,1998,7.098
Luxembourg,LUX,1997,9.215
Luxembourg,LUX,1996,8.275
Luxembourg,LUX,1995,7.826
Luxembourg,LUX,1994,7.254
Luxembourg,LUX,1993,4.266
Luxembourg,LUX,1992,3.107
Luxembourg,LUX,1991,2.542
Luxembourg,LUX,1990,
Luxembourg,LUX,1989,
Luxembourg,LUX,1988,
Luxembourg,LUX,1987,
Luxembourg,LUX,1986,
Luxembourg,LUX,1985,
Luxembourg,LUX,1984,
Luxembourg,LUX,1983,
Luxembourg,LUX,1982,
Luxembourg,LUX,1981,
Luxembourg,LUX,1980,
Luxembourg,LUX,1979,
Luxembourg,LUX,1978,
Luxembourg,LUX,1977,
Luxembourg,LUX,1976,
Luxembourg,LUX,1975,
Luxembourg,LUX,1974,
Luxembourg,LUX,1973,
Luxembourg,LUX,1972,
Luxembourg,LUX,1971,
Luxembourg,LUX,1970,
Luxembourg,LUX,1969,
Luxembourg,LUX,1968,
Luxembourg,LUX,1967,
Luxembourg,LUX,1966,
Luxembourg,LUX,1965,
Luxembourg,LUX,1964,
Luxembourg,LUX,1963,
Luxembourg,LUX,1962,
Luxembourg,LUX,1961,
Luxembourg,LUX,1960,
"Macao SAR, China",MAC,2025,4.913
"Macao SAR, China",MAC,2024,4.86
"Macao SAR, China",MAC,2023,4.753
"Macao SAR, China",MAC,2022,4.998
"Macao SAR, China",MAC,2021,5.275
"Macao SAR, China",MAC,2020,5.783
"Macao SAR, China",MAC,2019,4.266
"Macao SAR, China",MAC,2018,4.152
"Macao SAR, China",MAC,2017,3.826
"Macao SAR, China",MAC,2016,3.477
"Macao SAR, China",MAC,2015,3.544
"Macao SAR, China",MAC,2014,3.042
"Macao SAR, China",MAC,2013,2.997
"Macao SAR, China",MAC,2012,4.247
"Macao SAR, China",MAC,2011,4.671
"Macao SAR, China",MAC,2010,3.448
"Macao SAR, China",MAC,2009,5.755
"Macao SAR, China",MAC,2008,4.337
"Macao SAR, China",MAC,2007,4.131
"Macao SAR, China",MAC,2006,5.825
"Macao SAR, China",MAC,2005,5.862
"Macao SAR, China",MAC,2004,7.503
"Macao SAR, China",MAC,2003,7.2
"Macao SAR, China",MAC,2002,6.965
"Macao SAR, China",MAC,2001,6.188
"Macao SAR, China",MAC,2000,7.545
"Macao SAR, China",MAC,1999,7.246
"Macao SAR, China",MAC,1998,5.773
"Macao SAR, China",MAC,1997,4.745
"Macao SAR, China",MAC,1996,3.85
"Macao SAR, China",MAC,1995,3.171
"Macao SAR, China",MAC,1994,2.827
"Macao SAR, China",MAC,1993,2.116
"Macao SAR, China",MAC,1992,2.589
"Macao SAR, China",MAC,1991,4.037
"Macao SAR, China",MAC,1990,
"Macao SAR, China",MAC,1989,
"Macao SAR, China",MAC,1988,
"Macao SAR, China",MAC,1987,
"Macao SAR, China",MAC,1986,
"Macao SAR, China",MAC,1985,
"Macao SAR, China",MAC,1984,
"Macao SAR, China",MAC,1983,
"Macao SAR, China",MAC,1982,
"Macao SAR, China",MAC,1981,
"Macao SAR, China",MAC,1980,
"Macao SAR, China",MAC,1979,
"Macao SAR, China",MAC,1978,
"Macao SAR, China",MAC,1977,
"Macao SAR, China",MAC,1976,
"Macao SAR, China",MAC,1975,
"Macao SAR, China",MAC,1974,
"Macao SAR, China",MAC,1973,
"Macao SAR, China",MAC,1972,
"Macao SAR, China",MAC,1971,
"Macao SAR, China",MAC,1970,
"Macao SAR, China",MAC,1969,
"Macao SAR, China",MAC,1968,
"Macao SAR, China",MAC,1967,
"Macao SAR, China",MAC,1966,
"Macao SAR, China",MAC,1965,
"Macao SAR, China",MAC,1964,
"Macao SAR, China",MAC,1963,
"Macao SAR, China",MAC,1962,
"Macao SAR, China",MAC,1961,
"Macao SAR, China",MAC,1960,
Madagascar,MDG,2025,5.304
Madagascar,MDG,2024,5.571
Madagascar,MDG,2023,5.545
Madagascar,MDG,2022,5.693
Madagascar,MDG,2021,6.08
Madagascar,MDG,2020,5.872
Madagascar,MDG,2019,4.37
Madagascar,MDG,2018,3.999
Madagascar,MDG,2017,3.627
Madagascar,MDG,2016,3.264
Madagascar,MDG,2015,2.913
Madagascar,MDG,2014,2.281
Madagascar,MDG,2013,1.66
Madagascar,MDG,2012,1.03
Madagascar,MDG,2011,3.62
Madagascar,MDG,2010,5.413
Madagascar,MDG,2009,4.556
Madagascar,MDG,2008,3.901
Madagascar,MDG,2007,3.499
Madagascar,MDG,2006,3.147
Madagascar,MDG,2005,2.802
Madagascar,MDG,2004,5.112
Madagascar,MDG,2003,7.273
Madagascar,MDG,2002,7.082
Madagascar,MDG,2001,6.438
Madagascar,MDG,2000,6.973
Madagascar,MDG,1999,6.983
Madagascar,MDG,1998,7.032
Madagascar,MDG,1997,7.075
Madagascar,MDG,1996,7.152
Madagascar,MDG,1995,7.149
Madagascar,MDG,1994,7.156
Madagascar,MDG,1993,7.289
Madagascar,MDG,1992,7.261
Madagascar,MDG,1991,7.192
Madagascar,MDG,1990,
Madagascar,MDG,1989,
Madagascar,MDG,1988,
Madagascar,MDG,1987,
Madagascar,MDG,1986,
Madagascar,MDG,1985,
Madagascar,MDG,1984,
Madagascar,MDG,1983,
Madagascar,MDG,1982,
Madagascar,MDG,1981,
Madagascar,MDG,1980,
Madagascar,MDG,1979,
Madagascar,MDG,1978,
Madagascar,MDG,1977,
Madagascar,MDG,1976,
Madagascar,MDG,1975,
Madagascar,MDG,1974,
Madagascar,MDG,1973,
Madagascar,MDG,1972,
Madagascar,MDG,1971,
Madagascar,MDG,1970,
Madagascar,MDG,1969,
Madagascar,MDG,1968,
Madagascar,MDG,1967,
Madagascar,MDG,1966,
Madagascar,MDG,1965,
Madagascar,MDG,1964,
Madagascar,MDG,1963,
Madagascar,MDG,1962,
Madagascar,MDG,1961,
Madagascar,MDG,1960,
Malawi,MWI,2025,7.311
Malawi,MWI,2024,7.231
Malawi,MWI,2023,7.187
Malawi,MWI,2022,7.195
Malawi,MWI,2021,8.047
Malawi,MWI,2020,8.434
Malawi,MWI,2019,7.143
Malawi,MWI,2018,7.188
Malawi,MWI,2017,7.203
Malawi,MWI,2016,7.156
Malawi,MWI,2015,7.085
Malawi,MWI,2014,7.082
Malawi,MWI,2013,7.076
Malawi,MWI,2012,7.03
Malawi,MWI,2011,6.895
Malawi,MWI,2010,6.834
Malawi,MWI,2009,6.774
Malawi,MWI,2008,6.827
Malawi,MWI,2007,6.9
Malawi,MWI,2006,6.976
Malawi,MWI,2005,6.96
Malawi,MWI,2004,6.998
Malawi,MWI,2003,7.204
Malawi,MWI,2002,7.296
Malawi,MWI,2001,7.284
Malawi,MWI,2000,7.131
Malawi,MWI,1999,7.104
Malawi,MWI,1998,7.034
Malawi,MWI,1997,6.808
Malawi,MWI,1996,7.054
Malawi,MWI,1995,7.006
Malawi,MWI,1994,7.447
Malawi,MWI,1993,7.082
Malawi,MWI,1992,7.145
Malawi,MWI,1991,6.979
Malawi,MWI,1990,
Malawi,MWI,1989,
Malawi,MWI,1988,
Malawi,MWI,1987,
Malawi,MWI,1986,
Malawi,MWI,1985,
Malawi,MWI,1984,
Malawi,MWI,1983,
Malawi,MWI,1982,
Malawi,MWI,1981,
Malawi,MWI,1980,
Malawi,MWI,1979,
Malawi,MWI,1978,
Malawi,MWI,1977,
Malawi,MWI,1976,
Malawi,MWI,1975,
Malawi,MWI,1974,
Malawi,MWI,1973,
Malawi,MWI,1972,
Malawi,MWI,1971,
Malawi,MWI,1970,
Malawi,MWI,1969,
Malawi,MWI,1968,
Malawi,MWI,1967,
Malawi,MWI,1966,
Malawi,MWI,1965,
Malawi,MWI,1964,
Malawi,MWI,1963,
Malawi,MWI,1962,
Malawi,MWI,1961,
Malawi,MWI,1960,
Malaysia,MYS,2025,13.288
Malaysia,MYS,2024,13.842
Malaysia,MYS,2023,13.741
Malaysia,MYS,2022,13.773
Malaysia,MYS,2021,10.514
Malaysia,MYS,2020,13.283
Malaysia,MYS,2019,12.739
Malaysia,MYS,2018,13.114
Malaysia,MYS,2017,12.618
Malaysia,MYS,2016,11.854
Malaysia,MYS,2015,12.256
Malaysia,MYS,2014,11.241
Malaysia,MYS,2013,11.759
Malaysia,MYS,2012,10.77
Malaysia,MYS,2011,10.852
Malaysia,MYS,2010,11.395
Malaysia,MYS,2009,11.775
Malaysia,MYS,2008,11.536
Malaysia,MYS,2007,11.404
Malaysia,MYS,2006,10.834
Malaysia,MYS,2005,11.749
Malaysia,MYS,2004,12.01
Malaysia,MYS,2003,11.363
Malaysia,MYS,2002,11.817
Malaysia,MYS,2001,11.816
Malaysia,MYS,2000,9.413
Malaysia,MYS,1999,9.976
Malaysia,MYS,1998,9.89
Malaysia,MYS,1997,8.436
Malaysia,MYS,1996,7.54
Malaysia,MYS,1995,10.756
Malaysia,MYS,1994,12.159
Malaysia,MYS,1993,13.443
Malaysia,MYS,1992,11.877
Malaysia,MYS,1991,11.61
Malaysia,MYS,1990,
Malaysia,MYS,1989,
Malaysia,MYS,1988,
Malaysia,MYS,1987,
Malaysia,MYS,1986,
Malaysia,MYS,1985,
Malaysia,MYS,1984,
Malaysia,MYS,1983,
Malaysia,MYS,1982,
Malaysia,MYS,1981,
Malaysia,MYS,1980,
Malaysia,MYS,1979,
Malaysia,MYS,1978,
Malaysia,MYS,1977,
Malaysia,MYS,1976,
Malaysia,MYS,1975,
Malaysia,MYS,1974,
Malaysia,MYS,1973,
Malaysia,MYS,1972,
Malaysia,MYS,1971,
Malaysia,MYS,1970,
Malaysia,MYS,1969,
Malaysia,MYS,1968,
Malaysia,MYS,1967,
Malaysia,MYS,1966,
Malaysia,MYS,1965,
Malaysia,MYS,1964,
Malaysia,MYS,1963,
Malaysia,MYS,1962,
Malaysia,MYS,1961,
Malaysia,MYS,1960,
Maldives,MDV,2025,9.363
Maldives,MDV,2024,8.546
Maldives,MDV,2023,8.226
Maldives,MDV,2022,8.395
Maldives,MDV,2021,9.265
Maldives,MDV,2020,9.787
Maldives,MDV,2019,8.189
Maldives,MDV,2018,8.98
Maldives,MDV,2017,9.759
Maldives,MDV,2016,10.49
Maldives,MDV,2015,12.059
Maldives,MDV,2014,13.569
Maldives,MDV,2013,15.005
Maldives,MDV,2012,16.424
Maldives,MDV,2011,17.906
Maldives,MDV,2010,19.319
Maldives,MDV,2009,20.733
Maldives,MDV,2008,18.746
Maldives,MDV,2007,17.163
Maldives,MDV,2006,15.454
Maldives,MDV,2005,13.78
Maldives,MDV,2004,11.968
Maldives,MDV,2003,10.3
Maldives,MDV,2002,8.617
Maldives,MDV,2001,6.892
Maldives,MDV,2000,5.127
Maldives,MDV,1999,4.708
Maldives,MDV,1998,4.288
Maldives,MDV,1997,3.856
Maldives,MDV,1996,3.43
Maldives,MDV,1995,3.006
Maldives,MDV,1994,3.011
Maldives,MDV,1993,3.013
Maldives,MDV,1992,2.98
Maldives,MDV,1991,2.951
Maldives,MDV,1990,
Maldives,MDV,1989,
Maldives,MDV,1988,
Maldives,MDV,1987,
Maldives,MDV,1986,
Maldives,MDV,1985,
Maldives,MDV,1984,
Maldives,MDV,1983,
Maldives,MDV,1982,
Maldives,MDV,1981,
Maldives,MDV,1980,
Maldives,MDV,1979,
Maldives,MDV,1978,
Maldives,MDV,1977,
Maldives,MDV,1976,
Maldives,MDV,1975,
Maldives,MDV,1974,
Maldives,MDV,1973,
Maldives,MDV,1972,
Maldives,MDV,1971,
Maldives,MDV,1970,
Maldives,MDV,1969,
Maldives,MDV,1968,
Maldives,MDV,1967,
Maldives,MDV,1966,
Maldives,MDV,1965,
Maldives,MDV,1964,
Maldives,MDV,1963,
Maldives,MDV,1962,
Maldives,MDV,1961,
Maldives,MDV,1960,
Mali,MLI,2025,3.973
Mali,MLI,2024,3.774
Mali,MLI,2023,3.793
Mali,MLI,2022,4.713
Mali,MLI,2021,4.165
Mali,MLI,2020,7.585
Mali,MLI,2019,4.733
Mali,MLI,2018,2.157
Mali,MLI,2017,2.077
Mali,MLI,2016,1.993
Mali,MLI,2015,2.026
Mali,MLI,2014,2.111
Mali,MLI,2013,2.145
Mali,MLI,2012,2.101
Mali,MLI,2011,2.051
Mali,MLI,2010,2.025
Mali,MLI,2009,2.052
Mali,MLI,2008,2.03
Mali,MLI,2007,2.018
Mali,MLI,2006,2.036
Mali,MLI,2005,2.009
Mali,MLI,2004,2.047
Mali,MLI,2003,1.916
Mali,MLI,2002,1.996
Mali,MLI,2001,1.969
Mali,MLI,2000,2.039
Mali,MLI,1999,1.992
Mali,MLI,1998,1.979
Mali,MLI,1997,2.043
Mali,MLI,1996,2.056
Mali,MLI,1995,2.098
Mali,MLI,1994,2.144
Mali,MLI,1993,2.072
Mali,MLI,1992,2.134
Mali,MLI,1991,2.07
Mali,MLI,1990,
Mali,MLI,1989,
Mali,MLI,1988,
Mali,MLI,1987,
Mali,MLI,1986,
Mali,MLI,1985,
Mali,MLI,1984,
Mali,MLI,1983,
Mali,MLI,1982,
Mali,MLI,1981,
Mali,MLI,1980,
Mali,MLI,1979,
Mali,MLI,1978,
Mali,MLI,1977,
Mali,MLI,1976,
Mali,MLI,1975,
Mali,MLI,1974,
Mali,MLI,1973,
Mali,MLI,1972,
Mali,MLI,1971,
Mali,MLI,1970,
Mali,MLI,1969,
Mali,MLI,1968,
Mali,MLI,1967,
Mali,MLI,1966,
Mali,MLI,1965,
Mali,MLI,1964,
Mali,MLI,1963,
Mali,MLI,1962,
Mali,MLI,1961,
Mali,MLI,1960,
Malta,MLT,2025,7.217
Malta,MLT,2024,8.481
Malta,MLT,2023,6.262
Malta,MLT,2022,5.989
Malta,MLT,2021,6.015
Malta,MLT,2020,8.259
Malta,MLT,2019,8.618
Malta,MLT,2018,6.74
Malta,MLT,2017,9.95
Malta,MLT,2016,11.366
Malta,MLT,2015,9.843
Malta,MLT,2014,9.531
Malta,MLT,2013,10.366
Malta,MLT,2012,14.49
Malta,MLT,2011,12.847
Malta,MLT,2010,11.822
Malta,MLT,2009,12.519
Malta,MLT,2008,9.962
Malta,MLT,2007,11.801
Malta,MLT,2006,14.367
Malta,MLT,2005,16.015
Malta,MLT,2004,18.031
Malta,MLT,2003,19.664
Malta,MLT,2002,14.174
Malta,MLT,2001,14.585
Malta,MLT,2000,10.401
Malta,MLT,1999,10.364
Malta,MLT,1998,10.287
Malta,MLT,1997,10.273
Malta,MLT,1996,10.145
Malta,MLT,1995,10.093
Malta,MLT,1994,10.103
Malta,MLT,1993,10.088
Malta,MLT,1992,10.004
Malta,MLT,1991,9.951
Malta,MLT,1990,
Malta,MLT,1989,
Malta,MLT,1988,
Malta,MLT,1987,
Malta,MLT,1986,
Malta,MLT,1985,
Malta,MLT,1984,
Malta,MLT,1983,
Malta,MLT,1982,
Malta,MLT,1981,
Malta,MLT,1980,
Malta,MLT,1979,
Malta,MLT,1978,
Malta,MLT,1977,
Malta,MLT,1976,
Malta,MLT,1975,
Malta,MLT,1974,
Malta,MLT,1973,
Malta,MLT,1972,
Malta,MLT,1971,
Malta,MLT,1970,
Malta,MLT,1969,
Malta,MLT,1968,
Malta,MLT,1967,
Malta,MLT,1966,
Malta,MLT,1965,
Malta,MLT,1964,
Malta,MLT,1963,
Malta,MLT,1962,
Malta,MLT,1961,
Malta,MLT,1960,
Marshall Islands,MHL,2025,
Marshall Islands,MHL,2024,
Marshall Islands,MHL,2023,
Marshall Islands,MHL,2022,
Marshall Islands,MHL,2021,
Marshall Islands,MHL,2020,
Marshall Islands,MHL,2019,
Marshall Islands,MHL,2018,
Marshall Islands,MHL,2017,
Marshall Islands,MHL,2016,
Marshall Islands,MHL,2015,
Marshall Islands,MHL,2014,
Marshall Islands,MHL,2013,
Marshall Islands,MHL,2012,
Marshall Islands,MHL,2011,
Marshall Islands,MHL,2010,
Marshall Islands,MHL,2009,
Marshall Islands,MHL,2008,
Marshall Islands,MHL,2007,
Marshall Islands,MHL,2006,
Marshall Islands,MHL,2005,
Marshall Islands,MHL,2004,
Marshall Islands,MHL,2003,
Marshall Islands,MHL,2002,
Marshall Islands,MHL,2001,
Marshall Islands,MHL,2000,
Marshall Islands,MHL,1999,
Marshall Islands,MHL,1998,
Marshall Islands,MHL,1997,
Marshall Islands,MHL,1996,
Marshall Islands,MHL,1995,
Marshall Islands,MHL,1994,
Marshall Islands,MHL,1993,
Marshall Islands,MHL,1992,
Marshall Islands,MHL,1991,
Marshall Islands,MHL,1990,
Marshall Islands,MHL,1989,
Marshall Islands,MHL,1988,
Marshall Islands,MHL,1987,
Marshall Islands,MHL,1986,
Marshall Islands,MHL,1985,
Marshall Islands,MHL,1984,
Marshall Islands,MHL,1983,
Marshall Islands,MHL,1982,
Marshall Islands,MHL,1981,
Marshall Islands,MHL,1980,
Marshall Islands,MHL,1979,
Marshall Islands,MHL,1978,
Marshall Islands,MHL,1977,
Marshall Islands,MHL,1976,
Marshall Islands,MHL,1975,
Marshall Islands,MHL,1974,
Marshall Islands,MHL,1973,
Marshall Islands,MHL,1972,
Marshall Islands,MHL,1971,
Marshall Islands,MHL,1970,
Marshall Islands,MHL,1969,
Marshall Islands,MHL,1968,
Marshall Islands,MHL,1967,
Marshall Islands,MHL,1966,
Marshall Islands,MHL,1965,
Marshall Islands,MHL,1964,
Marshall Islands,MHL,1963,
Marshall Islands,MHL,1962,
Marshall Islands,MHL,1961,
Marshall Islands,MHL,1960,
Mauritania,MRT,2025,29.802
Mauritania,MRT,2024,30.036
Mauritania,MRT,2023,30.268
Mauritania,MRT,2022,30.626
Mauritania,MRT,2021,32.202
Mauritania,MRT,2020,33.542
Mauritania,MRT,2019,30.157
Mauritania,MRT,2018,27.686
Mauritania,MRT,2017,25.032
Mauritania,MRT,2016,23.406
Mauritania,MRT,2015,21.61
Mauritania,MRT,2014,20.046
Mauritania,MRT,2013,18.489
Mauritania,MRT,2012,17.02
Mauritania,MRT,2011,17.19
Mauritania,MRT,2010,17.36
Mauritania,MRT,2009,17.524
Mauritania,MRT,2008,16.874
Mauritania,MRT,2007,16.567
Mauritania,MRT,2006,16.35
Mauritania,MRT,2005,16.714
Mauritania,MRT,2004,16.955
Mauritania,MRT,2003,17.146
Mauritania,MRT,2002,17.529
Mauritania,MRT,2001,17.454
Mauritania,MRT,2000,17.326
Mauritania,MRT,1999,17.33
Mauritania,MRT,1998,17.252
Mauritania,MRT,1997,17.01
Mauritania,MRT,1996,17.004
Mauritania,MRT,1995,17.037
Mauritania,MRT,1994,17.325
Mauritania,MRT,1993,17.156
Mauritania,MRT,1992,17.39
Mauritania,MRT,1991,17.26
Mauritania,MRT,1990,
Mauritania,MRT,1989,
Mauritania,MRT,1988,
Mauritania,MRT,1987,
Mauritania,MRT,1986,
Mauritania,MRT,1985,
Mauritania,MRT,1984,
Mauritania,MRT,1983,
Mauritania,MRT,1982,
Mauritania,MRT,1981,
Mauritania,MRT,1980,
Mauritania,MRT,1979,
Mauritania,MRT,1978,
Mauritania,MRT,1977,
Mauritania,MRT,1976,
Mauritania,MRT,1975,
Mauritania,MRT,1974,
Mauritania,MRT,1973,
Mauritania,MRT,1972,
Mauritania,MRT,1971,
Mauritania,MRT,1970,
Mauritania,MRT,1969,
Mauritania,MRT,1968,
Mauritania,MRT,1967,
Mauritania,MRT,1966,
Mauritania,MRT,1965,
Mauritania,MRT,1964,
Mauritania,MRT,1963,
Mauritania,MRT,1962,
Mauritania,MRT,1961,
Mauritania,MRT,1960,
Mauritius,MUS,2025,19.684
Mauritius,MUS,2024,18.542
Mauritius,MUS,2023,18.556
Mauritius,MUS,2022,24.63
Mauritius,MUS,2021,26.071
Mauritius,MUS,2020,28.602
Mauritius,MUS,2019,28.845
Mauritius,MUS,2018,28.319
Mauritius,MUS,2017,31.428
Mauritius,MUS,2016,30.058
Mauritius,MUS,2015,31.457
Mauritius,MUS,2014,32.463
Mauritius,MUS,2013,29.645
Mauritius,MUS,2012,30.437
Mauritius,MUS,2011,27.31
Mauritius,MUS,2010,29.34
Mauritius,MUS,2009,26.31
Mauritius,MUS,2008,25.186
Mauritius,MUS,2007,31.097
Mauritius,MUS,2006,30.953
Mauritius,MUS,2005,33.858
Mauritius,MUS,2004,30.722
Mauritius,MUS,2003,30.475
Mauritius,MUS,2002,29.186
Mauritius,MUS,2001,29.927
Mauritius,MUS,2000,28.678
Mauritius,MUS,1999,28.687
Mauritius,MUS,1998,28.293
Mauritius,MUS,1997,28.318
Mauritius,MUS,1996,28.359
Mauritius,MUS,1995,28.334
Mauritius,MUS,1994,27.95
Mauritius,MUS,1993,27.706
Mauritius,MUS,1992,27.293
Mauritius,MUS,1991,27.148
Mauritius,MUS,1990,
Mauritius,MUS,1989,
Mauritius,MUS,1988,
Mauritius,MUS,1987,
Mauritius,MUS,1986,
Mauritius,MUS,1985,
Mauritius,MUS,1984,
Mauritius,MUS,1983,
Mauritius,MUS,1982,
Mauritius,MUS,1981,
Mauritius,MUS,1980,
Mauritius,MUS,1979,
Mauritius,MUS,1978,
Mauritius,MUS,1977,
Mauritius,MUS,1976,
Mauritius,MUS,1975,
Mauritius,MUS,1974,
Mauritius,MUS,1973,
Mauritius,MUS,1972,
Mauritius,MUS,1971,
Mauritius,MUS,1970,
Mauritius,MUS,1969,
Mauritius,MUS,1968,
Mauritius,MUS,1967,
Mauritius,MUS,1966,
Mauritius,MUS,1965,
Mauritius,MUS,1964,
Mauritius,MUS,1963,
Mauritius,MUS,1962,
Mauritius,MUS,1961,
Mauritius,MUS,1960,
Mexico,MEX,2025,6.299
Mexico,MEX,2024,6.306
Mexico,MEX,2023,6.397
Mexico,MEX,2022,7.323
Mexico,MEX,2021,8.317
Mexico,MEX,2020,8.639
Mexico,MEX,2019,7.981
Mexico,MEX,2018,7.522
Mexico,MEX,2017,7.936
Mexico,MEX,2016,8.656
Mexico,MEX,2015,9.929
Mexico,MEX,2014,10.664
Mexico,MEX,2013,10.697
Mexico,MEX,2012,10.266
Mexico,MEX,2011,10.711
Mexico,MEX,2010,10.47
Mexico,MEX,2009,11.134
Mexico,MEX,2008,8.665
Mexico,MEX,2007,8.154
Mexico,MEX,2006,8.043
Mexico,MEX,2005,8.134
Mexico,MEX,2004,11.537
Mexico,MEX,2003,9.802
Mexico,MEX,2002,8.172
Mexico,MEX,2001,6.819
Mexico,MEX,2000,6.368
Mexico,MEX,1999,6.277
Mexico,MEX,1998,8.973
Mexico,MEX,1997,10.795
Mexico,MEX,1996,12.638
Mexico,MEX,1995,15.579
Mexico,MEX,1994,8.497
Mexico,MEX,1993,6.383
Mexico,MEX,1992,6.227
Mexico,MEX,1991,5.937
Mexico,MEX,1990,
Mexico,MEX,1989,
Mexico,MEX,1988,
Mexico,MEX,1987,
Mexico,MEX,1986,
Mexico,MEX,1985,
Mexico,MEX,1984,
Mexico,MEX,1983,
Mexico,MEX,1982,
Mexico,MEX,1981,
Mexico,MEX,1980,
Mexico,MEX,1979,
Mexico,MEX,1978,
Mexico,MEX,1977,
Mexico,MEX,1976,
Mexico,MEX,1975,
Mexico,MEX,1974,
Mexico,MEX,1973,
Mexico,MEX,1972,
Mexico,MEX,1971,
Mexico,MEX,1970,
Mexico,MEX,1969,
Mexico,MEX,1968,
Mexico,MEX,1967,
Mexico,MEX,1966,
Mexico,MEX,1965,
Mexico,MEX,1964,
Mexico,MEX,1963,
Mexico,MEX,1962,
Mexico,MEX,1961,
Mexico,MEX,1960,
"Micronesia, Fed. Sts.",FSM,2025,
"Micronesia, Fed. Sts.",FSM,2024,
"Micronesia, Fed. Sts.",FSM,2023,
"Micronesia, Fed. Sts.",FSM,2022,
"Micronesia, Fed. Sts.",FSM,2021,
"Micronesia, Fed. Sts.",FSM,2020,
"Micronesia, Fed. Sts.",FSM,2019,
"Micronesia, Fed. Sts.",FSM,2018,
"Micronesia, Fed. Sts.",FSM,2017,
"Micronesia, Fed. Sts.",FSM,2016,
"Micronesia, Fed. Sts.",FSM,2015,
"Micronesia, Fed. Sts.",FSM,2014,
"Micronesia, Fed. Sts.",FSM,2013,
"Micronesia, Fed. Sts.",FSM,2012,
"Micronesia, Fed. Sts.",FSM,2011,
"Micronesia, Fed. Sts.",FSM,2010,
"Micronesia, Fed. Sts.",FSM,2009,
"Micronesia, Fed. Sts.",FSM,2008,
"Micronesia, Fed. Sts.",FSM,2007,
"Micronesia, Fed. Sts.",FSM,2006,
"Micronesia, Fed. Sts.",FSM,2005,
"Micronesia, Fed. Sts.",FSM,2004,
"Micronesia, Fed. Sts.",FSM,2003,
"Micronesia, Fed. Sts.",FSM,2002,
"Micronesia, Fed. Sts.",FSM,2001,
"Micronesia, Fed. Sts.",FSM,2000,
"Micronesia, Fed. Sts.",FSM,1999,
"Micronesia, Fed. Sts.",FSM,1998,
"Micronesia, Fed. Sts.",FSM,1997,
"Micronesia, Fed. Sts.",FSM,1996,
"Micronesia, Fed. Sts.",FSM,1995,
"Micronesia, Fed. Sts.",FSM,1994,
"Micronesia, Fed. Sts.",FSM,1993,
"Micronesia, Fed. Sts.",FSM,1992,
"Micronesia, Fed. Sts.",FSM,1991,
"Micronesia, Fed. Sts.",FSM,1990,
"Micronesia, Fed. Sts.",FSM,1989,
"Micronesia, Fed. Sts.",FSM,1988,
"Micronesia, Fed. Sts.",FSM,1987,
"Micronesia, Fed. Sts.",FSM,1986,
"Micronesia, Fed. Sts.",FSM,1985,
"Micronesia, Fed. Sts.",FSM,1984,
"Micronesia, Fed. Sts.",FSM,1983,
"Micronesia, Fed. Sts.",FSM,1982,
"Micronesia, Fed. Sts.",FSM,1981,
"Micronesia, Fed. Sts.",FSM,1980,
"Micronesia, Fed. Sts.",FSM,1979,
"Micronesia, Fed. Sts.",FSM,1978,
"Micronesia, Fed. Sts.",FSM,1977,
"Micronesia, Fed. Sts.",FSM,1976,
"Micronesia, Fed. Sts.",FSM,1975,
"Micronesia, Fed. Sts.",FSM,1974,
"Micronesia, Fed. Sts.",FSM,1973,
"Micronesia, Fed. Sts.",FSM,1972,
"Micronesia, Fed. Sts.",FSM,1971,
"Micronesia, Fed. Sts.",FSM,1970,
"Micronesia, Fed. Sts.",FSM,1969,
"Micronesia, Fed. Sts.",FSM,1968,
"Micronesia, Fed. Sts.",FSM,1967,
"Micronesia, Fed. Sts.",FSM,1966,
"Micronesia, Fed. Sts.",FSM,1965,
"Micronesia, Fed. Sts.",FSM,1964,
"Micronesia, Fed. Sts.",FSM,1963,
"Micronesia, Fed. Sts.",FSM,1962,
"Micronesia, Fed. Sts.",FSM,1961,
"Micronesia, Fed. Sts.",FSM,1960,
Moldova,MDA,2025,3.197
Moldova,MDA,2024,3.414
Moldova,MDA,2023,3.888
Moldova,MDA,2022,3.296
Moldova,MDA,2021,1.573
Moldova,MDA,2020,4.411
Moldova,MDA,2019,2.421
Moldova,MDA,2018,3.488
Moldova,MDA,2017,4.024
Moldova,MDA,2016,2.22
Moldova,MDA,2015,2.954
Moldova,MDA,2014,2.204
Moldova,MDA,2013,3.097
Moldova,MDA,2012,3.798
Moldova,MDA,2011,5.003
Moldova,MDA,2010,4.585
Moldova,MDA,2009,6.712
Moldova,MDA,2008,6.089
Moldova,MDA,2007,6.68
Moldova,MDA,2006,7.82
Moldova,MDA,2005,13.653
Moldova,MDA,2004,12.932
Moldova,MDA,2003,13.665
Moldova,MDA,2002,12.759
Moldova,MDA,2001,14.165
Moldova,MDA,2000,15.069
Moldova,MDA,1999,18.539
Moldova,MDA,1998,16.683
Moldova,MDA,1997,13.292
Moldova,MDA,1996,13.226
Moldova,MDA,1995,8.939
Moldova,MDA,1994,9.765
Moldova,MDA,1993,6.25
Moldova,MDA,1992,6.241
Moldova,MDA,1991,3.235
Moldova,MDA,1990,
Moldova,MDA,1989,
Moldova,MDA,1988,
Moldova,MDA,1987,
Moldova,MDA,1986,
Moldova,MDA,1985,
Moldova,MDA,1984,
Moldova,MDA,1983,
Moldova,MDA,1982,
Moldova,MDA,1981,
Moldova,MDA,1980,
Moldova,MDA,1979,
Moldova,MDA,1978,
Moldova,MDA,1977,
Moldova,MDA,1976,
Moldova,MDA,1975,
Moldova,MDA,1974,
Moldova,MDA,1973,
Moldova,MDA,1972,
Moldova,MDA,1971,
Moldova,MDA,1970,
Moldova,MDA,1969,
Moldova,MDA,1968,
Moldova,MDA,1967,
Moldova,MDA,1966,
Moldova,MDA,1965,
Moldova,MDA,1964,
Moldova,MDA,1963,
Moldova,MDA,1962,
Moldova,MDA,1961,
Moldova,MDA,1960,
Monaco,MCO,2025,
Monaco,MCO,2024,
Monaco,MCO,2023,
Monaco,MCO,2022,
Monaco,MCO,2021,
Monaco,MCO,2020,
Monaco,MCO,2019,
Monaco,MCO,2018,
Monaco,MCO,2017,
Monaco,MCO,2016,
Monaco,MCO,2015,
Monaco,MCO,2014,
Monaco,MCO,2013,
Monaco,MCO,2012,
Monaco,MCO,2011,
Monaco,MCO,2010,
Monaco,MCO,2009,
Monaco,MCO,2008,
Monaco,MCO,2007,
Monaco,MCO,2006,
Monaco,MCO,2005,
Monaco,MCO,2004,
Monaco,MCO,2003,
Monaco,MCO,2002,
Monaco,MCO,2001,
Monaco,MCO,2000,
Monaco,MCO,1999,
Monaco,MCO,1998,
Monaco,MCO,1997,
Monaco,MCO,1996,
Monaco,MCO,1995,
Monaco,MCO,1994,
Monaco,MCO,1993,
Monaco,MCO,1992,
Monaco,MCO,1991,
Monaco,MCO,1990,
Monaco,MCO,1989,
Monaco,MCO,1988,
Monaco,MCO,1987,
Monaco,MCO,1986,
Monaco,MCO,1985,
Monaco,MCO,1984,
Monaco,MCO,1983,
Monaco,MCO,1982,
Monaco,MCO,1981,
Monaco,MCO,1980,
Monaco,MCO,1979,
Monaco,MCO,1978,
Monaco,MCO,1977,
Monaco,MCO,1976,
Monaco,MCO,1975,
Monaco,MCO,1974,
Monaco,MCO,1973,
Monaco,MCO,1972,
Monaco,MCO,1971,
Monaco,MCO,1970,
Monaco,MCO,1969,
Monaco,MCO,1968,
Monaco,MCO,1967,
Monaco,MCO,1966,
Monaco,MCO,1965,
Monaco,MCO,1964,
Monaco,MCO,1963,
Monaco,MCO,1962,
Monaco,MCO,1961,
Monaco,MCO,1960,
Mongolia,MNG,2025,10.241
Mongolia,MNG,2024,9.739
Mongolia,MNG,2023,9.781
Mongolia,MNG,2022,12.406
Mongolia,MNG,2021,18.602
Mongolia,MNG,2020,16.255
Mongolia,MNG,2019,21.182
Mongolia,MNG,2018,17.867
Mongolia,MNG,2017,21.474
Mongolia,MNG,2016,21.075
Mongolia,MNG,2015,13.75
Mongolia,MNG,2014,12.485
Mongolia,MNG,2013,13.022
Mongolia,MNG,2012,9.094
Mongolia,MNG,2011,10.16
Mongolia,MNG,2010,13.917
Mongolia,MNG,2009,10.639
Mongolia,MNG,2008,8.655
Mongolia,MNG,2007,12.518
Mongolia,MNG,2006,12.948
Mongolia,MNG,2005,11.957
Mongolia,MNG,2004,11.02
Mongolia,MNG,2003,10.165
Mongolia,MNG,2002,9.847
Mongolia,MNG,2001,9.881
Mongolia,MNG,2000,9.884
Mongolia,MNG,1999,9.854
Mongolia,MNG,1998,9.872
Mongolia,MNG,1997,9.822
Mongolia,MNG,1996,9.844
Mongolia,MNG,1995,9.934
Mongolia,MNG,1994,10.151
Mongolia,MNG,1993,10.314
Mongolia,MNG,1992,10.313
Mongolia,MNG,1991,10.118
Mongolia,MNG,1990,
Mongolia,MNG,1989,
Mongolia,MNG,1988,
Mongolia,MNG,1987,
Mongolia,MNG,1986,
Mongolia,MNG,1985,
Mongolia,MNG,1984,
Mongolia,MNG,1983,
Mongolia,MNG,1982,
Mongolia,MNG,1981,
Mongolia,MNG,1980,
Mongolia,MNG,1979,
Mongolia,MNG,1978,
Mongolia,MNG,1977,
Mongolia,MNG,1976,
Mongolia,MNG,1975,
Mongolia,MNG,1974,
Mongolia,MNG,1973,
Mongolia,MNG,1972,
Mongolia,MNG,1971,
Mongolia,MNG,1970,
Mongolia,MNG,1969,
Mongolia,MNG,1968,
Mongolia,MNG,1967,
Mongolia,MNG,1966,
Mongolia,MNG,1965,
Mongolia,MNG,1964,
Mongolia,MNG,1963,
Mongolia,MNG,1962,
Mongolia,MNG,1961,
Mongolia,MNG,1960,
Montenegro,MNE,2025,24.05
Montenegro,MNE,2024,24.256
Montenegro,MNE,2023,27.561
Montenegro,MNE,2022,22.718
Montenegro,MNE,2021,32.816
Montenegro,MNE,2020,39.9
Montenegro,MNE,2019,24.364
Montenegro,MNE,2018,23.723
Montenegro,MNE,2017,33.154
Montenegro,MNE,2016,34.768
Montenegro,MNE,2015,34.621
Montenegro,MNE,2014,35.657
Montenegro,MNE,2013,38.914
Montenegro,MNE,2012,41.273
Montenegro,MNE,2011,39.204
Montenegro,MNE,2010,40.405
Montenegro,MNE,2009,39.74
Montenegro,MNE,2008,35.757
Montenegro,MNE,2007,40.704
Montenegro,MNE,2006,54.439
Montenegro,MNE,2005,68.145
Montenegro,MNE,2004,67.971
Montenegro,MNE,2003,67.874
Montenegro,MNE,2002,67.761
Montenegro,MNE,2001,68.022
Montenegro,MNE,2000,67.838
Montenegro,MNE,1999,67.795
Montenegro,MNE,1998,67.622
Montenegro,MNE,1997,67.541
Montenegro,MNE,1996,67.407
Montenegro,MNE,1995,67.359
Montenegro,MNE,1994,67.293
Montenegro,MNE,1993,67.218
Montenegro,MNE,1992,67.116
Montenegro,MNE,1991,67.049
Montenegro,MNE,1990,
Montenegro,MNE,1989,
Montenegro,MNE,1988,
Montenegro,MNE,1987,
Montenegro,MNE,1986,
Montenegro,MNE,1985,
Montenegro,MNE,1984,
Montenegro,MNE,1983,
Montenegro,MNE,1982,
Montenegro,MNE,1981,
Montenegro,MNE,1980,
Montenegro,MNE,1979,
Montenegro,MNE,1978,
Montenegro,MNE,1977,
Montenegro,MNE,1976,
Montenegro,MNE,1975,
Montenegro,MNE,1974,
Montenegro,MNE,1973,
Montenegro,MNE,1972,
Montenegro,MNE,1971,
Montenegro,MNE,1970,
Montenegro,MNE,1969,
Montenegro,MNE,1968,
Montenegro,MNE,1967,
Montenegro,MNE,1966,
Montenegro,MNE,1965,
Montenegro,MNE,1964,
Montenegro,MNE,1963,
Montenegro,MNE,1962,
Montenegro,MNE,1961,
Montenegro,MNE,1960,
Morocco,MAR,2025,22.592
Morocco,MAR,2024,22.82
Morocco,MAR,2023,22.532
Morocco,MAR,2022,23.128
Morocco,MAR,2021,25.779
Morocco,MAR,2020,27.223
Morocco,MAR,2019,22.964
Morocco,MAR,2018,22.895
Morocco,MAR,2017,22.644
Morocco,MAR,2016,22.672
Morocco,MAR,2015,21.355
Morocco,MAR,2014,17.553
Morocco,MAR,2013,18.076
Morocco,MAR,2012,19.016
Morocco,MAR,2011,17.305
Morocco,MAR,2010,15.863
Morocco,MAR,2009,14.593
Morocco,MAR,2008,15.976
Morocco,MAR,2007,12.891
Morocco,MAR,2006,14.046
Morocco,MAR,2005,14.353
Morocco,MAR,2004,14.446
Morocco,MAR,2003,15.906
Morocco,MAR,2002,16.774
Morocco,MAR,2001,16.499
Morocco,MAR,2000,16.777
Morocco,MAR,1999,16.725
Morocco,MAR,1998,16.322
Morocco,MAR,1997,16.667
Morocco,MAR,1996,16.229
Morocco,MAR,1995,16.558
Morocco,MAR,1994,16.44
Morocco,MAR,1993,16.444
Morocco,MAR,1992,16.263
Morocco,MAR,1991,16.068
Morocco,MAR,1990,
Morocco,MAR,1989,
Morocco,MAR,1988,
Morocco,MAR,1987,
Morocco,MAR,1986,
Morocco,MAR,1985,
Morocco,MAR,1984,
Morocco,MAR,1983,
Morocco,MAR,1982,
Morocco,MAR,1981,
Morocco,MAR,1980,
Morocco,MAR,1979,
Morocco,MAR,1978,
Morocco,MAR,1977,
Morocco,MAR,1976,
Morocco,MAR,1975,
Morocco,MAR,1974,
Morocco,MAR,1973,
Morocco,MAR,1972,
Morocco,MAR,1971,
Morocco,MAR,1970,
Morocco,MAR,1969,
Morocco,MAR,1968,
Morocco,MAR,1967,
Morocco,MAR,1966,
Morocco,MAR,1965,
Morocco,MAR,1964,
Morocco,MAR,1963,
Morocco,MAR,1962,
Morocco,MAR,1961,
Morocco,MAR,1960,
Mozambique,MOZ,2025,11.314
Mozambique,MOZ,2024,11.453
Mozambique,MOZ,2023,11.435
Mozambique,MOZ,2022,11.581
Mozambique,MOZ,2021,9.984
Mozambique,MOZ,2020,9.891
Mozambique,MOZ,2019,8.535
Mozambique,MOZ,2018,8.167
Mozambique,MOZ,2017,7.766
Mozambique,MOZ,2016,7.346
Mozambique,MOZ,2015,7.006
Mozambique,MOZ,2014,6.747
Mozambique,MOZ,2013,6.518
Mozambique,MOZ,2012,6.278
Mozambique,MOZ,2011,6.082
Mozambique,MOZ,2010,5.852
Mozambique,MOZ,2009,5.602
Mozambique,MOZ,2008,5.305
Mozambique,MOZ,2007,5.088
Mozambique,MOZ,2006,4.856
Mozambique,MOZ,2005,4.671
Mozambique,MOZ,2004,4.398
Mozambique,MOZ,2003,4.115
Mozambique,MOZ,2002,3.964
Mozambique,MOZ,2001,3.709
Mozambique,MOZ,2000,3.512
Mozambique,MOZ,1999,3.176
Mozambique,MOZ,1998,2.974
Mozambique,MOZ,1997,2.837
Mozambique,MOZ,1996,2.887
Mozambique,MOZ,1995,2.889
Mozambique,MOZ,1994,2.984
Mozambique,MOZ,1993,3.007
Mozambique,MOZ,1992,3.113
Mozambique,MOZ,1991,2.993
Mozambique,MOZ,1990,
Mozambique,MOZ,1989,
Mozambique,MOZ,1988,
Mozambique,MOZ,1987,
Mozambique,MOZ,1986,
Mozambique,MOZ,1985,
Mozambique,MOZ,1984,
Mozambique,MOZ,1983,
Mozambique,MOZ,1982,
Mozambique,MOZ,1981,
Mozambique,MOZ,1980,
Mozambique,MOZ,1979,
Mozambique,MOZ,1978,
Mozambique,MOZ,1977,
Mozambique,MOZ,1976,
Mozambique,MOZ,1975,
Mozambique,MOZ,1974,
Mozambique,MOZ,1973,
Mozambique,MOZ,1972,
Mozambique,MOZ,1971,
Mozambique,MOZ,1970,
Mozambique,MOZ,1969,
Mozambique,MOZ,1968,
Mozambique,MOZ,1967,
Mozambique,MOZ,1966,
Mozambique,MOZ,1965,
Mozambique,MOZ,1964,
Mozambique,MOZ,1963,
Mozambique,MOZ,1962,
Mozambique,MOZ,1961,
Mozambique,MOZ,1960,
Myanmar,MMR,2025,8.745
Myanmar,MMR,2024,9.256
Myanmar,MMR,2023,9.313
Myanmar,MMR,2022,9.359
Myanmar,MMR,2021,11.554
Myanmar,MMR,2020,5.904
Myanmar,MMR,2019,1.39
Myanmar,MMR,2018,2.071
Myanmar,MMR,2017,4.471
Myanmar,MMR,2016,3.071
Myanmar,MMR,2015,1.77
Myanmar,MMR,2014,1.754
Myanmar,MMR,2013,1.745
Myanmar,MMR,2012,1.726
Myanmar,MMR,2011,1.702
Myanmar,MMR,2010,1.671
Myanmar,MMR,2009,1.64
Myanmar,MMR,2008,1.606
Myanmar,MMR,2007,1.569
Myanmar,MMR,2006,1.539
Myanmar,MMR,2005,1.514
Myanmar,MMR,2004,1.501
Myanmar,MMR,2003,1.492
Myanmar,MMR,2002,1.474
Myanmar,MMR,2001,1.463
Myanmar,MMR,2000,1.477
Myanmar,MMR,1999,1.501
Myanmar,MMR,1998,1.51
Myanmar,MMR,1997,1.498
Myanmar,MMR,1996,1.482
Myanmar,MMR,1995,1.475
Myanmar,MMR,1994,1.453
Myanmar,MMR,1993,1.481
Myanmar,MMR,1992,1.487
Myanmar,MMR,1991,1.503
Myanmar,MMR,1990,
Myanmar,MMR,1989,
Myanmar,MMR,1988,
Myanmar,MMR,1987,
Myanmar,MMR,1986,
Myanmar,MMR,1985,
Myanmar,MMR,1984,
Myanmar,MMR,1983,
Myanmar,MMR,1982,
Myanmar,MMR,1981,
Myanmar,MMR,1980,
Myanmar,MMR,1979,
Myanmar,MMR,1978,
Myanmar,MMR,1977,
Myanmar,MMR,1976,
Myanmar,MMR,1975,
Myanmar,MMR,1974,
Myanmar,MMR,1973,
Myanmar,MMR,1972,
Myanmar,MMR,1971,
Myanmar,MMR,1970,
Myanmar,MMR,1969,
Myanmar,MMR,1968,
Myanmar,MMR,1967,
Myanmar,MMR,1966,
Myanmar,MMR,1965,
Myanmar,MMR,1964,
Myanmar,MMR,1963,
Myanmar,MMR,1962,
Myanmar,MMR,1961,
Myanmar,MMR,1960,
Namibia,NAM,2025,39.527
Namibia,NAM,2024,38.005
Namibia,NAM,2023,37.916
Namibia,NAM,2022,38.61
Namibia,NAM,2021,40.999
Namibia,NAM,2020,42.769
Namibia,NAM,2019,38.737
Namibia,NAM,2018,38.531
Namibia,NAM,2017,45.794
Namibia,NAM,2016,51.724
Namibia,NAM,2015,46.854
Namibia,NAM,2014,42.484
Namibia,NAM,2013,45.187
Namibia,NAM,2012,39.688
Namibia,NAM,2011,44.337
Namibia,NAM,2010,48.808
Namibia,NAM,2009,49.067
Namibia,NAM,2008,48.598
Namibia,NAM,2007,48.887
Namibia,NAM,2006,48.483
Namibia,NAM,2005,49.091
Namibia,NAM,2004,49.153
Namibia,NAM,2003,48.209
Namibia,NAM,2002,46.154
Namibia,NAM,2001,44.156
Namibia,NAM,2000,41.825
Namibia,NAM,1999,44.227
Namibia,NAM,1998,46.649
Namibia,NAM,1997,48.924
Namibia,NAM,1996,45.484
Namibia,NAM,1995,42.285
Namibia,NAM,1994,38.407
Namibia,NAM,1993,36.381
Namibia,NAM,1992,34.636
Namibia,NAM,1991,33.559
Namibia,NAM,1990,
Namibia,NAM,1989,
Namibia,NAM,1988,
Namibia,NAM,1987,
Namibia,NAM,1986,
Namibia,NAM,1985,
Namibia,NAM,1984,
Namibia,NAM,1983,
Namibia,NAM,1982,
Namibia,NAM,1981,
Namibia,NAM,1980,
Namibia,NAM,1979,
Namibia,NAM,1978,
Namibia,NAM,1977,
Namibia,NAM,1976,
Namibia,NAM,1975,
Namibia,NAM,1974,
Namibia,NAM,1973,
Namibia,NAM,1972,
Namibia,NAM,1971,
Namibia,NAM,1970,
Namibia,NAM,1969,
Namibia,NAM,1968,
Namibia,NAM,1967,
Namibia,NAM,1966,
Namibia,NAM,1965,
Namibia,NAM,1964,
Namibia,NAM,1963,
Namibia,NAM,1962,
Namibia,NAM,1961,
Namibia,NAM,1960,
Nauru,NRU,2025,
Nauru,NRU,2024,
Nauru,NRU,2023,
Nauru,NRU,2022,
Nauru,NRU,2021,
Nauru,NRU,2020,
Nauru,NRU,2019,
Nauru,NRU,2018,
Nauru,NRU,2017,
Nauru,NRU,2016,
Nauru,NRU,2015,
Nauru,NRU,2014,
Nauru,NRU,2013,
Nauru,NRU,2012,
Nauru,NRU,2011,
Nauru,NRU,2010,
Nauru,NRU,2009,
Nauru,NRU,2008,
Nauru,NRU,2007,
Nauru,NRU,2006,
Nauru,NRU,2005,
Nauru,NRU,2004,
Nauru,NRU,2003,
Nauru,NRU,2002,
Nauru,NRU,2001,
Nauru,NRU,2000,
Nauru,NRU,1999,
Nauru,NRU,1998,
Nauru,NRU,1997,
Nauru,NRU,1996,
Nauru,NRU,1995,
Nauru,NRU,1994,
Nauru,NRU,1993,
Nauru,NRU,1992,
Nauru,NRU,1991,
Nauru,NRU,1990,
Nauru,NRU,1989,
Nauru,NRU,1988,
Nauru,NRU,1987,
Nauru,NRU,1986,
Nauru,NRU,1985,
Nauru,NRU,1984,
Nauru,NRU,1983,
Nauru,NRU,1982,
Nauru,NRU,1981,
Nauru,NRU,1980,
Nauru,NRU,1979,
Nauru,NRU,1978,
Nauru,NRU,1977,
Nauru,NRU,1976,
Nauru,NRU,1975,
Nauru,NRU,1974,
Nauru,NRU,1973,
Nauru,NRU,1972,
Nauru,NRU,1971,
Nauru,NRU,1970,
Nauru,NRU,1969,
Nauru,NRU,1968,
Nauru,NRU,1967,
Nauru,NRU,1966,
Nauru,NRU,1965,
Nauru,NRU,1964,
Nauru,NRU,1963,
Nauru,NRU,1962,
Nauru,NRU,1961,
Nauru,NRU,1960,
Nepal,NPL,2025,23.186
Nepal,NPL,2024,23.293
Nepal,NPL,2023,23.032
Nepal,NPL,2022,23.18
Nepal,NPL,2021,25.279
Nepal,NPL,2020,27.07
Nepal,NPL,2019,22.228
Nepal,NPL,2018,22.153
Nepal,NPL,2017,22.035
Nepal,NPL,2016,21.931
Nepal,NPL,2015,21.719
Nepal,NPL,2014,21.606
Nepal,NPL,2013,21.567
Nepal,NPL,2012,21.423
Nepal,NPL,2011,21.356
Nepal,NPL,2010,21.261
Nepal,NPL,2009,21.305
Nepal,NPL,2008,21.335
Nepal,NPL,2007,21.397
Nepal,NPL,2006,21.343
Nepal,NPL,2005,21.314
Nepal,NPL,2004,21.41
Nepal,NPL,2003,21.418
Nepal,NPL,2002,21.369
Nepal,NPL,2001,21.267
Nepal,NPL,2000,21.332
Nepal,NPL,1999,21.376
Nepal,NPL,1998,21.362
Nepal,NPL,1997,21.352
Nepal,NPL,1996,21.25
Nepal,NPL,1995,21.264
Nepal,NPL,1994,21.226
Nepal,NPL,1993,21.264
Nepal,NPL,1992,21.252
Nepal,NPL,1991,21.275
Nepal,NPL,1990,
Nepal,NPL,1989,
Nepal,NPL,1988,
Nepal,NPL,1987,
Nepal,NPL,1986,
Nepal,NPL,1985,
Nepal,NPL,1984,
Nepal,NPL,1983,
Nepal,NPL,1982,
Nepal,NPL,1981,
Nepal,NPL,1980,
Nepal,NPL,1979,
Nepal,NPL,1978,
Nepal,NPL,1977,
Nepal,NPL,1976,
Nepal,NPL,1975,
Nepal,NPL,1974,
Nepal,NPL,1973,
Nepal,NPL,1972,
Nepal,NPL,1971,
Nepal,NPL,1970,
Nepal,NPL,1969,
Nepal,NPL,1968,
Nepal,NPL,1967,
Nepal,NPL,1966,
Nepal,NPL,1965,
Nepal,NPL,1964,
Nepal,NPL,1963,
Nepal,NPL,1962,
Nepal,NPL,1961,
Nepal,NPL,1960,
Netherlands,NLD,2025,8.53
Netherlands,NLD,2024,8.55
Netherlands,NLD,2023,8.235
Netherlands,NLD,2022,7.975
Netherlands,NLD,2021,8.964
Netherlands,NLD,2020,8.76
Netherlands,NLD,2019,6.072
Netherlands,NLD,2018,6.539
Netherlands,NLD,2017,8.629
Netherlands,NLD,2016,10.111
Netherlands,NLD,2015,11.023
Netherlands,NLD,2014,12.844
Netherlands,NLD,2013,12.616
Netherlands,NLD,2012,11.379
Netherlands,NLD,2011,9.349
Netherlands,NLD,2010,9.915
Netherlands,NLD,2009,8.779
Netherlands,NLD,2008,7.651
Netherlands,NLD,2007,9.073
Netherlands,NLD,2006,9.85
Netherlands,NLD,2005,10.801
Netherlands,NLD,2004,8.028
Netherlands,NLD,2003,6.441
Netherlands,NLD,2002,4.796
Netherlands,NLD,2001,4.485
Netherlands,NLD,2000,5.775
Netherlands,NLD,1999,8.027
Netherlands,NLD,1998,9.099
Netherlands,NLD,1997,10.114
Netherlands,NLD,1996,11.419
Netherlands,NLD,1995,12.53
Netherlands,NLD,1994,8.971
Netherlands,NLD,1993,9.478
Netherlands,NLD,1992,8.545
Netherlands,NLD,1991,11.902
Netherlands,NLD,1990,
Netherlands,NLD,1989,
Netherlands,NLD,1988,
Netherlands,NLD,1987,
Netherlands,NLD,1986,
Netherlands,NLD,1985,
Netherlands,NLD,1984,
Netherlands,NLD,1983,
Netherlands,NLD,1982,
Netherlands,NLD,1981,
Netherlands,NLD,1980,
Netherlands,NLD,1979,
Netherlands,NLD,1978,
Netherlands,NLD,1977,
Netherlands,NLD,1976,
Netherlands,NLD,1975,
Netherlands,NLD,1974,
Netherlands,NLD,1973,
Netherlands,NLD,1972,
Netherlands,NLD,1971,
Netherlands,NLD,1970,
Netherlands,NLD,1969,
Netherlands,NLD,1968,
Netherlands,NLD,1967,
Netherlands,NLD,1966,
Netherlands,NLD,1965,
Netherlands,NLD,1964,
Netherlands,NLD,1963,
Netherlands,NLD,1962,
Netherlands,NLD,1961,
Netherlands,NLD,1960,
New Caledonia,NCL,2025,36.563
New Caledonia,NCL,2024,35.134
New Caledonia,NCL,2023,34.948
New Caledonia,NCL,2022,34.491
New Caledonia,NCL,2021,36.792
New Caledonia,NCL,2020,48.066
New Caledonia,NCL,2019,35.247
New Caledonia,NCL,2018,39.96
New Caledonia,NCL,2017,39.622
New Caledonia,NCL,2016,39.699
New Caledonia,NCL,2015,39.677
New Caledonia,NCL,2014,39.75
New Caledonia,NCL,2013,39.835
New Caledonia,NCL,2012,39.706
New Caledonia,NCL,2011,39.907
New Caledonia,NCL,2010,40.371
New Caledonia,NCL,2009,40.654
New Caledonia,NCL,2008,41.733
New Caledonia,NCL,2007,42.8
New Caledonia,NCL,2006,43.99
New Caledonia,NCL,2005,45.271
New Caledonia,NCL,2004,46.706
New Caledonia,NCL,2003,47.581
New Caledonia,NCL,2002,48.479
New Caledonia,NCL,2001,49.283
New Caledonia,NCL,2000,50.452
New Caledonia,NCL,1999,50.985
New Caledonia,NCL,1998,51.598
New Caledonia,NCL,1997,51.449
New Caledonia,NCL,1996,51.796
New Caledonia,NCL,1995,51.445
New Caledonia,NCL,1994,51.323
New Caledonia,NCL,1993,50.651
New Caledonia,NCL,1992,50.09
New Caledonia,NCL,1991,48.847
New Caledonia,NCL,1990,
New Caledonia,NCL,1989,
New Caledonia,NCL,1988,
New Caledonia,NCL,1987,
New Caledonia,NCL,1986,
New Caledonia,NCL,1985,
New Caledonia,NCL,1984,
New Caledonia,NCL,1983,
New Caledonia,NCL,1982,
New Caledonia,NCL,1981,
New Caledonia,NCL,1980,
New Caledonia,NCL,1979,
New Caledonia,NCL,1978,
New Caledonia,NCL,1977,
New Caledonia,NCL,1976,
New Caledonia,NCL,1975,
New Caledonia,NCL,1974,
New Caledonia,NCL,1973,
New Caledonia,NCL,1972,
New Caledonia,NCL,1971,
New Caledonia,NCL,1970,
New Caledonia,NCL,1969,
New Caledonia,NCL,1968,
New Caledonia,NCL,1967,
New Caledonia,NCL,1966,
New Caledonia,NCL,1965,
New Caledonia,NCL,1964,
New Caledonia,NCL,1963,
New Caledonia,NCL,1962,
New Caledonia,NCL,1961,
New Caledonia,NCL,1960,
New Zealand,NZL,2025,13.694
New Zealand,NZL,2024,13.628
New Zealand,NZL,2023,10.58
New Zealand,NZL,2022,9.09
New Zealand,NZL,2021,10.173
New Zealand,NZL,2020,12.644
New Zealand,NZL,2019,11.478
New Zealand,NZL,2018,10.994
New Zealand,NZL,2017,13.368
New Zealand,NZL,2016,13.62
New Zealand,NZL,2015,13.84
New Zealand,NZL,2014,14.767
New Zealand,NZL,2013,15.631
New Zealand,NZL,2012,18.403
New Zealand,NZL,2011,16.367
New Zealand,NZL,2010,17.809
New Zealand,NZL,2009,17.387
New Zealand,NZL,2008,10.962
New Zealand,NZL,2007,10.179
New Zealand,NZL,2006,10.469
New Zealand,NZL,2005,10.198
New Zealand,NZL,2004,10.469
New Zealand,NZL,2003,10.677
New Zealand,NZL,2002,11.666
New Zealand,NZL,2001,11.866
New Zealand,NZL,2000,12.351
New Zealand,NZL,1999,12.95
New Zealand,NZL,1998,13.881
New Zealand,NZL,1997,13.389
New Zealand,NZL,1996,11.542
New Zealand,NZL,1995,12.183
New Zealand,NZL,1994,14.778
New Zealand,NZL,1993,16.349
New Zealand,NZL,1992,16.886
New Zealand,NZL,1991,17.186
New Zealand,NZL,1990,
New Zealand,NZL,1989,
New Zealand,NZL,1988,
New Zealand,NZL,1987,
New Zealand,NZL,1986,
New Zealand,NZL,1985,
New Zealand,NZL,1984,
New Zealand,NZL,1983,
New Zealand,NZL,1982,
New Zealand,NZL,1981,
New Zealand,NZL,1980,
New Zealand,NZL,1979,
New Zealand,NZL,1978,
New Zealand,NZL,1977,
New Zealand,NZL,1976,
New Zealand,NZL,1975,
New Zealand,NZL,1974,
New Zealand,NZL,1973,
New Zealand,NZL,1972,
New Zealand,NZL,1971,
New Zealand,NZL,1970,
New Zealand,NZL,1969,
New Zealand,NZL,1968,
New Zealand,NZL,1967,
New Zealand,NZL,1966,
New Zealand,NZL,1965,
New Zealand,NZL,1964,
New Zealand,NZL,1963,
New Zealand,NZL,1962,
New Zealand,NZL,1961,
New Zealand,NZL,1960,
Nicaragua,NIC,2025,12.393
Nicaragua,NIC,2024,12.418
Nicaragua,NIC,2023,11.982
Nicaragua,NIC,2022,12.344
Nicaragua,NIC,2021,14.319
Nicaragua,NIC,2020,14.993
Nicaragua,NIC,2019,13.038
Nicaragua,NIC,2018,12.528
Nicaragua,NIC,2017,8.328
Nicaragua,NIC,2016,10.093
Nicaragua,NIC,2015,12.722
Nicaragua,NIC,2014,13.026
Nicaragua,NIC,2013,11.575
Nicaragua,NIC,2012,11.075
Nicaragua,NIC,2011,13.793
Nicaragua,NIC,2010,16.327
Nicaragua,NIC,2009,17.181
Nicaragua,NIC,2008,13.418
Nicaragua,NIC,2007,9.761
Nicaragua,NIC,2006,9.65
Nicaragua,NIC,2005,11.201
Nicaragua,NIC,2004,15.38
Nicaragua,NIC,2003,14.863
Nicaragua,NIC,2002,14.682
Nicaragua,NIC,2001,14.243
Nicaragua,NIC,2000,14.116
Nicaragua,NIC,1999,14.04
Nicaragua,NIC,1998,13.998
Nicaragua,NIC,1997,13.834
Nicaragua,NIC,1996,13.836
Nicaragua,NIC,1995,14.198
Nicaragua,NIC,1994,14.484
Nicaragua,NIC,1993,14.672
Nicaragua,NIC,1992,14.649
Nicaragua,NIC,1991,14.776
Nicaragua,NIC,1990,
Nicaragua,NIC,1989,
Nicaragua,NIC,1988,
Nicaragua,NIC,1987,
Nicaragua,NIC,1986,
Nicaragua,NIC,1985,
Nicaragua,NIC,1984,
Nicaragua,NIC,1983,
Nicaragua,NIC,1982,
Nicaragua,NIC,1981,
Nicaragua,NIC,1980,
Nicaragua,NIC,1979,
Nicaragua,NIC,1978,
Nicaragua,NIC,1977,
Nicaragua,NIC,1976,
Nicaragua,NIC,1975,
Nicaragua,NIC,1974,
Nicaragua,NIC,1973,
Nicaragua,NIC,1972,
Nicaragua,NIC,1971,
Nicaragua,NIC,1970,
Nicaragua,NIC,1969,
Nicaragua,NIC,1968,
Nicaragua,NIC,1967,
Nicaragua,NIC,1966,
Nicaragua,NIC,1965,
Nicaragua,NIC,1964,
Nicaragua,NIC,1963,
Nicaragua,NIC,1962,
Nicaragua,NIC,1961,
Nicaragua,NIC,1960,
Niger,NER,2025,0.324
Niger,NER,2024,0.237
Niger,NER,2023,0.242
Niger,NER,2022,0.242
Niger,NER,2021,0.96
Niger,NER,2020,0.726
Niger,NER,2019,0.761
Niger,NER,2018,0.694
Niger,NER,2017,0.634
Niger,NER,2016,0.56
Niger,NER,2015,0.49
Niger,NER,2014,0.41
Niger,NER,2013,2.926
Niger,NER,2012,5.315
Niger,NER,2011,0.155
Niger,NER,2010,0.648
Niger,NER,2009,1.317
Niger,NER,2008,2.025
Niger,NER,2007,2.809
Niger,NER,2006,3.672
Niger,NER,2005,4.609
Niger,NER,2004,4.055
Niger,NER,2003,3.258
Niger,NER,2002,2.585
Niger,NER,2001,1.85
Niger,NER,2000,1.831
Niger,NER,1999,1.812
Niger,NER,1998,1.814
Niger,NER,1997,1.888
Niger,NER,1996,1.889
Niger,NER,1995,1.89
Niger,NER,1994,1.895
Niger,NER,1993,1.917
Niger,NER,1992,1.933
Niger,NER,1991,1.942
Niger,NER,1990,
Niger,NER,1989,
Niger,NER,1988,
Niger,NER,1987,
Niger,NER,1986,
Niger,NER,1985,
Niger,NER,1984,
Niger,NER,1983,
Niger,NER,1982,
Niger,NER,1981,
Niger,NER,1980,
Niger,NER,1979,
Niger,NER,1978,
Niger,NER,1977,
Niger,NER,1976,
Niger,NER,1975,
Niger,NER,1974,
Niger,NER,1973,
Niger,NER,1972,
Niger,NER,1971,
Niger,NER,1970,
Niger,NER,1969,
Niger,NER,1968,
Niger,NER,1967,
Niger,NER,1966,
Niger,NER,1965,
Niger,NER,1964,
Niger,NER,1963,
Niger,NER,1962,
Niger,NER,1961,
Niger,NER,1960,
Nigeria,NGA,2025,6.286
Nigeria,NGA,2024,6.28
Nigeria,NGA,2023,6.329
Nigeria,NGA,2022,7.453
Nigeria,NGA,2021,10.376
Nigeria,NGA,2020,11.961
Nigeria,NGA,2019,10.799
Nigeria,NGA,2018,10.506
Nigeria,NGA,2017,10.062
Nigeria,NGA,2016,9.425
Nigeria,NGA,2015,8.758
Nigeria,NGA,2014,8.325
Nigeria,NGA,2013,7.975
Nigeria,NGA,2012,7.767
Nigeria,NGA,2011,7.432
Nigeria,NGA,2010,7.41
Nigeria,NGA,2009,7.381
Nigeria,NGA,2008,7.45
Nigeria,NGA,2007,7.388
Nigeria,NGA,2006,7.229
Nigeria,NGA,2005,7.089
Nigeria,NGA,2004,6.812
Nigeria,NGA,2003,6.811
Nigeria,NGA,2002,6.795
Nigeria,NGA,2001,7.066
Nigeria,NGA,2000,7.089
Nigeria,NGA,1999,7.069
Nigeria,NGA,1998,6.942
Nigeria,NGA,1997,6.979
Nigeria,NGA,1996,7.056
Nigeria,NGA,1995,7.192
Nigeria,NGA,1994,7.09
Nigeria,NGA,1993,7.068
Nigeria,NGA,1992,6.791
Nigeria,NGA,1991,6.942
Nigeria,NGA,1990,
Nigeria,NGA,1989,
Nigeria,NGA,1988,
Nigeria,NGA,1987,
Nigeria,NGA,1986,
Nigeria,NGA,1985,
Nigeria,NGA,1984,
Nigeria,NGA,1983,
Nigeria,NGA,1982,
Nigeria,NGA,1981,
Nigeria,NGA,1980,
Nigeria,NGA,1979,
Nigeria,NGA,1978,
Nigeria,NGA,1977,
Nigeria,NGA,1976,
Nigeria,NGA,1975,
Nigeria,NGA,1974,
Nigeria,NGA,1973,
Nigeria,NGA,1972,
Nigeria,NGA,1971,
Nigeria,NGA,1970,
Nigeria,NGA,1969,
Nigeria,NGA,1968,
Nigeria,NGA,1967,
Nigeria,NGA,1966,
Nigeria,NGA,1965,
Nigeria,NGA,1964,
Nigeria,NGA,1963,
Nigeria,NGA,1962,
Nigeria,NGA,1961,
Nigeria,NGA,1960,
North Macedonia,MKD,2025,28.497
North Macedonia,MKD,2024,27.371
North Macedonia,MKD,2023,31.238
North Macedonia,MKD,2022,38.047
North Macedonia,MKD,2021,40.925
North Macedonia,MKD,2020,38.524
North Macedonia,MKD,2019,38.655
North Macedonia,MKD,2018,43.856
North Macedonia,MKD,2017,48.758
North Macedonia,MKD,2016,49.113
North Macedonia,MKD,2015,43.629
North Macedonia,MKD,2014,55.096
North Macedonia,MKD,2013,50.745
North Macedonia,MKD,2012,51.724
North Macedonia,MKD,2011,54.884
North Macedonia,MKD,2010,55.838
North Macedonia,MKD,2009,59.34
North Macedonia,MKD,2008,57.677
North Macedonia,MKD,2007,58.75
North Macedonia,MKD,2006,61.318
North Macedonia,MKD,2005,61.817
North Macedonia,MKD,2004,65.248
North Macedonia,MKD,2003,66.501
North Macedonia,MKD,2002,58.637
North Macedonia,MKD,2001,57.65
North Macedonia,MKD,2000,62.172
North Macedonia,MKD,1999,59.147
North Macedonia,MKD,1998,66.285
North Macedonia,MKD,1997,71.175
North Macedonia,MKD,1996,77.272
North Macedonia,MKD,1995,71.826
North Macedonia,MKD,1994,62.843
North Macedonia,MKD,1993,58.242
North Macedonia,MKD,1992,56.022
North Macedonia,MKD,1991,53.54
North Macedonia,MKD,1990,
North Macedonia,MKD,1989,
North Macedonia,MKD,1988,
North Macedonia,MKD,1987,
North Macedonia,MKD,1986,
North Macedonia,MKD,1985,
North Macedonia,MKD,1984,
North Macedonia,MKD,1983,
North Macedonia,MKD,1982,
North Macedonia,MKD,1981,
North Macedonia,MKD,1980,
North Macedonia,MKD,1979,
North Macedonia,MKD,1978,
North Macedonia,MKD,1977,
North Macedonia,MKD,1976,
North Macedonia,MKD,1975,
North Macedonia,MKD,1974,
North Macedonia,MKD,1973,
North Macedonia,MKD,1972,
North Macedonia,MKD,1971,
North Macedonia,MKD,1970,
North Macedonia,MKD,1969,
North Macedonia,MKD,1968,
North Macedonia,MKD,1967,
North Macedonia,MKD,1966,
North Macedonia,MKD,1965,
North Macedonia,MKD,1964,
North Macedonia,MKD,1963,
North Macedonia,MKD,1962,
North Macedonia,MKD,1961,
North Macedonia,MKD,1960,
Northern Mariana Islands,MNP,2025,
Northern Mariana Islands,MNP,2024,
Northern Mariana Islands,MNP,2023,
Northern Mariana Islands,MNP,2022,
Northern Mariana Islands,MNP,2021,
Northern Mariana Islands,MNP,2020,
Northern Mariana Islands,MNP,2019,
Northern Mariana Islands,MNP,2018,
Northern Mariana Islands,MNP,2017,
Northern Mariana Islands,MNP,2016,
Northern Mariana Islands,MNP,2015,
Northern Mariana Islands,MNP,2014,
Northern Mariana Islands,MNP,2013,
Northern Mariana Islands,MNP,2012,
Northern Mariana Islands,MNP,2011,
Northern Mariana Islands,MNP,2010,
Northern Mariana Islands,MNP,2009,
Northern Mariana Islands,MNP,2008,
Northern Mariana Islands,MNP,2007,
Northern Mariana Islands,MNP,2006,
Northern Mariana Islands,MNP,2005,
Northern Mariana Islands,MNP,2004,
Northern Mariana Islands,MNP,2003,
Northern Mariana Islands,MNP,2002,
Northern Mariana Islands,MNP,2001,
Northern Mariana Islands,MNP,2000,
Northern Mariana Islands,MNP,1999,
Northern Mariana Islands,MNP,1998,
Northern Mariana Islands,MNP,1997,
Northern Mariana Islands,MNP,1996,
Northern Mariana Islands,MNP,1995,
Northern Mariana Islands,MNP,1994,
Northern Mariana Islands,MNP,1993,
Northern Mariana Islands,MNP,1992,
Northern Mariana Islands,MNP,1991,
Northern Mariana Islands,MNP,1990,
Northern Mariana Islands,MNP,1989,
Northern Mariana Islands,MNP,1988,
Northern Mariana Islands,MNP,1987,
Northern Mariana Islands,MNP,1986,
Northern Mariana Islands,MNP,1985,
Northern Mariana Islands,MNP,1984,
Northern Mariana Islands,MNP,1983,
Northern Mariana Islands,MNP,1982,
Northern Mariana Islands,MNP,1981,
Northern Mariana Islands,MNP,1980,
Northern Mariana Islands,MNP,1979,
Northern Mariana Islands,MNP,1978,
Northern Mariana Islands,MNP,1977,
Northern Mariana Islands,MNP,1976,
Northern Mariana Islands,MNP,1975,
Northern Mariana Islands,MNP,1974,
Northern Mariana Islands,MNP,1973,
Northern Mariana Islands,MNP,1972,
Northern Mariana Islands,MNP,1971,
Northern Mariana Islands,MNP,1970,
Northern Mariana Islands,MNP,1969,
Northern Mariana Islands,MNP,1968,
Northern Mariana Islands,MNP,1967,
Northern Mariana Islands,MNP,1966,
Northern Mariana Islands,MNP,1965,
Northern Mariana Islands,MNP,1964,
Northern Mariana Islands,MNP,1963,
Northern Mariana Islands,MNP,1962,
Northern Mariana Islands,MNP,1961,
Northern Mariana Islands,MNP,1960,
Norway,NOR,2025,12.44
Norway,NOR,2024,11.361
Norway,NOR,2023,10.724
Norway,NOR,2022,8.084
Norway,NOR,2021,12.36
Norway,NOR,2020,10.39
Norway,NOR,2019,9.363
Norway,NOR,2018,8.519
Norway,NOR,2017,8.932
Norway,NOR,2016,9.167
Norway,NOR,2015,8.505
Norway,NOR,2014,6.557
Norway,NOR,2013,7.465
Norway,NOR,2012,6.868
Norway,NOR,2011,7.586
Norway,NOR,2010,7.439
Norway,NOR,2009,7.762
Norway,NOR,2008,6.509
Norway,NOR,2007,6.55
Norway,NOR,2006,8.526
Norway,NOR,2005,10.523
Norway,NOR,2004,11.713
Norway,NOR,2003,11.28
Norway,NOR,2002,12.278
Norway,NOR,2001,11.902
Norway,NOR,2000,11.141
Norway,NOR,1999,11.127
Norway,NOR,1998,12.605
Norway,NOR,1997,13.994
Norway,NOR,1996,14.901
Norway,NOR,1995,16.915
Norway,NOR,1994,10.961
Norway,NOR,1993,11.878
Norway,NOR,1992,11.377
Norway,NOR,1991,10.907
Norway,NOR,1990,
Norway,NOR,1989,
Norway,NOR,1988,
Norway,NOR,1987,
Norway,NOR,1986,
Norway,NOR,1985,
Norway,NOR,1984,
Norway,NOR,1983,
Norway,NOR,1982,
Norway,NOR,1981,
Norway,NOR,1980,
Norway,NOR,1979,
Norway,NOR,1978,
Norway,NOR,1977,
Norway,NOR,1976,
Norway,NOR,1975,
Norway,NOR,1974,
Norway,NOR,1973,
Norway,NOR,1972,
Norway,NOR,1971,
Norway,NOR,1970,
Norway,NOR,1969,
Norway,NOR,1968,
Norway,NOR,1967,
Norway,NOR,1966,
Norway,NOR,1965,
Norway,NOR,1964,
Norway,NOR,1963,
Norway,NOR,1962,
Norway,NOR,1961,
Norway,NOR,1960,
Oman,OMN,2025,29.032
Oman,OMN,2024,29.114
Oman,OMN,2023,29.066
Oman,OMN,2022,29.375
Oman,OMN,2021,15.362
Oman,OMN,2020,29.185
Oman,OMN,2019,21.372
Oman,OMN,2018,19.501
Oman,OMN,2017,26.031
Oman,OMN,2016,32.463
Oman,OMN,2015,30.387
Oman,OMN,2014,27.978
Oman,OMN,2013,25.8
Oman,OMN,2012,24.039
Oman,OMN,2011,21.91
Oman,OMN,2010,19.322
Oman,OMN,2009,17.282
Oman,OMN,2008,15.918
Oman,OMN,2007,15.595
Oman,OMN,2006,15.225
Oman,OMN,2005,15.021
Oman,OMN,2004,14.594
Oman,OMN,2003,13.804
Oman,OMN,2002,12.958
Oman,OMN,2001,12.803
Oman,OMN,2000,13.002
Oman,OMN,1999,12.926
Oman,OMN,1998,12.775
Oman,OMN,1997,12.463
Oman,OMN,1996,12.676
Oman,OMN,1995,12.57
Oman,OMN,1994,12.491
Oman,OMN,1993,12.414
Oman,OMN,1992,12.777
Oman,OMN,1991,12.614
Oman,OMN,1990,
Oman,OMN,1989,
Oman,OMN,1988,
Oman,OMN,1987,
Oman,OMN,1986,
Oman,OMN,1985,
Oman,OMN,1984,
Oman,OMN,1983,
Oman,OMN,1982,
Oman,OMN,1981,
Oman,OMN,1980,
Oman,OMN,1979,
Oman,OMN,1978,
Oman,OMN,1977,
Oman,OMN,1976,
Oman,OMN,1975,
Oman,OMN,1974,
Oman,OMN,1973,
Oman,OMN,1972,
Oman,OMN,1971,
Oman,OMN,1970,
Oman,OMN,1969,
Oman,OMN,1968,
Oman,OMN,1967,
Oman,OMN,1966,
Oman,OMN,1965,
Oman,OMN,1964,
Oman,OMN,1963,
Oman,OMN,1962,
Oman,OMN,1961,
Oman,OMN,1960,
Pakistan,PAK,2025,10.143
Pakistan,PAK,2024,10.213
Pakistan,PAK,2023,9.532
Pakistan,PAK,2022,9.952
Pakistan,PAK,2021,14.278
Pakistan,PAK,2020,14.129
Pakistan,PAK,2019,8.775
Pakistan,PAK,2018,6.749
Pakistan,PAK,2017,5.61
Pakistan,PAK,2016,4.434
Pakistan,PAK,2015,9.528
Pakistan,PAK,2014,3.906
Pakistan,PAK,2013,5.396
Pakistan,PAK,2012,4.416
Pakistan,PAK,2011,1.337
Pakistan,PAK,2010,1.071
Pakistan,PAK,2009,0.639
Pakistan,PAK,2008,1.251
Pakistan,PAK,2007,0.493
Pakistan,PAK,2006,0.592
Pakistan,PAK,2005,0.59
Pakistan,PAK,2004,0.595
Pakistan,PAK,2003,0.6
Pakistan,PAK,2002,0.598
Pakistan,PAK,2001,0.631
Pakistan,PAK,2000,0.668
Pakistan,PAK,1999,0.641
Pakistan,PAK,1998,0.603
Pakistan,PAK,1997,0.594
Pakistan,PAK,1996,0.597
Pakistan,PAK,1995,0.611
Pakistan,PAK,1994,0.604
Pakistan,PAK,1993,0.594
Pakistan,PAK,1992,0.573
Pakistan,PAK,1991,0.577
Pakistan,PAK,1990,
Pakistan,PAK,1989,
Pakistan,PAK,1988,
Pakistan,PAK,1987,
Pakistan,PAK,1986,
Pakistan,PAK,1985,
Pakistan,PAK,1984,
Pakistan,PAK,1983,
Pakistan,PAK,1982,
Pakistan,PAK,1981,
Pakistan,PAK,1980,
Pakistan,PAK,1979,
Pakistan,PAK,1978,
Pakistan,PAK,1977,
Pakistan,PAK,1976,
Pakistan,PAK,1975,
Pakistan,PAK,1974,
Pakistan,PAK,1973,
Pakistan,PAK,1972,
Pakistan,PAK,1971,
Pakistan,PAK,1970,
Pakistan,PAK,1969,
Pakistan,PAK,1968,
Pakistan,PAK,1967,
Pakistan,PAK,1966,
Pakistan,PAK,1965,
Pakistan,PAK,1964,
Pakistan,PAK,1963,
Pakistan,PAK,1962,
Pakistan,PAK,1961,
Pakistan,PAK,1960,
Palau,PLW,2025,
Palau,PLW,2024,
Palau,PLW,2023,
Palau,PLW,2022,
Palau,PLW,2021,
Palau,PLW,2020,
Palau,PLW,2019,
Palau,PLW,2018,
Palau,PLW,2017,
Palau,PLW,2016,
Palau,PLW,2015,
Palau,PLW,2014,
Palau,PLW,2013,
Palau,PLW,2012,
Palau,PLW,2011,
Palau,PLW,2010,
Palau,PLW,2009,
Palau,PLW,2008,
Palau,PLW,2007,
Palau,PLW,2006,
Palau,PLW,2005,
Palau,PLW,2004,
Palau,PLW,2003,
Palau,PLW,2002,
Palau,PLW,2001,
Palau,PLW,2000,
Palau,PLW,1999,
Palau,PLW,1998,
Palau,PLW,1997,
Palau,PLW,1996,
Palau,PLW,1995,
Palau,PLW,1994,
Palau,PLW,1993,
Palau,PLW,1992,
Palau,PLW,1991,
Palau,PLW,1990,
Palau,PLW,1989,
Palau,PLW,1988,
Palau,PLW,1987,
Palau,PLW,1986,
Palau,PLW,1985,
Palau,PLW,1984,
Palau,PLW,1983,
Palau,PLW,1982,
Palau,PLW,1981,
Palau,PLW,1980,
Palau,PLW,1979,
Palau,PLW,1978,
Palau,PLW,1977,
Palau,PLW,1976,
Palau,PLW,1975,
Palau,PLW,1974,
Palau,PLW,1973,
Palau,PLW,1972,
Palau,PLW,1971,
Palau,PLW,1970,
Palau,PLW,1969,
Palau,PLW,1968,
Palau,PLW,1967,
Palau,PLW,1966,
Palau,PLW,1965,
Palau,PLW,1964,
Palau,PLW,1963,
Palau,PLW,1962,
Palau,PLW,1961,
Palau,PLW,1960,
Panama,PAN,2025,26.199
Panama,PAN,2024,26.686
Panama,PAN,2023,22.011
Panama,PAN,2022,23.314
Panama,PAN,2021,27.083
Panama,PAN,2020,44.856
Panama,PAN,2019,22.989
Panama,PAN,2018,20.012
Panama,PAN,2017,19.268
Panama,PAN,2016,15.852
Panama,PAN,2015,15.772
Panama,PAN,2014,13.852
Panama,PAN,2013,12.712
Panama,PAN,2012,12.955
Panama,PAN,2011,13.41
Panama,PAN,2010,18.77
Panama,PAN,2009,18.502
Panama,PAN,2008,18.198
Panama,PAN,2007,18.26
Panama,PAN,2006,18.433
Panama,PAN,2005,18.6
Panama,PAN,2004,18.807
Panama,PAN,2003,19.073
Panama,PAN,2002,19.099
Panama,PAN,2001,18.988
Panama,PAN,2000,18.701
Panama,PAN,1999,18.558
Panama,PAN,1998,18.954
Panama,PAN,1997,19.193
Panama,PAN,1996,19.367
Panama,PAN,1995,18.922
Panama,PAN,1994,18.666
Panama,PAN,1993,18.412
Panama,PAN,1992,18.303
Panama,PAN,1991,18.53
Panama,PAN,1990,
Panama,PAN,1989,
Panama,PAN,1988,
Panama,PAN,1987,
Panama,PAN,1986,
Panama,PAN,1985,
Panama,PAN,1984,
Panama,PAN,1983,
Panama,PAN,1982,
Panama,PAN,1981,
Panama,PAN,1980,
Panama,PAN,1979,
Panama,PAN,1978,
Panama,PAN,1977,
Panama,PAN,1976,
Panama,PAN,1975,
Panama,PAN,1974,
Panama,PAN,1973,
Panama,PAN,1972,
Panama,PAN,1971,
Panama,PAN,1970,
Panama,PAN,1969,
Panama,PAN,1968,
Panama,PAN,1967,
Panama,PAN,1966,
Panama,PAN,1965,
Panama,PAN,1964,
Panama,PAN,1963,
Panama,PAN,1962,
Panama,PAN,1961,
Panama,PAN,1960,
Papua New Guinea,PNG,2025,2.992
Papua New Guinea,PNG,2024,2.971
Papua New Guinea,PNG,2023,2.976
Papua New Guinea,PNG,2022,2.989
Papua New Guinea,PNG,2021,3.432
Papua New Guinea,PNG,2020,3.682
Papua New Guinea,PNG,2019,3.134
Papua New Guinea,PNG,2018,3.155
Papua New Guinea,PNG,2017,3.144
Papua New Guinea,PNG,2016,3.101
Papua New Guinea,PNG,2015,3.126
Papua New Guinea,PNG,2014,3.146
Papua New Guinea,PNG,2013,3.228
Papua New Guinea,PNG,2012,3.182
Papua New Guinea,PNG,2011,3.16
Papua New Guinea,PNG,2010,2.895
Papua New Guinea,PNG,2009,2.999
Papua New Guinea,PNG,2008,3.107
Papua New Guinea,PNG,2007,3.164
Papua New Guinea,PNG,2006,3.302
Papua New Guinea,PNG,2005,3.433
Papua New Guinea,PNG,2004,3.6
Papua New Guinea,PNG,2003,3.744
Papua New Guinea,PNG,2002,3.914
Papua New Guinea,PNG,2001,4.015
Papua New Guinea,PNG,2000,4.186
Papua New Guinea,PNG,1999,4.224
Papua New Guinea,PNG,1998,4.148
Papua New Guinea,PNG,1997,4.172
Papua New Guinea,PNG,1996,4.083
Papua New Guinea,PNG,1995,3.931
Papua New Guinea,PNG,1994,3.768
Papua New Guinea,PNG,1993,3.713
Papua New Guinea,PNG,1992,3.882
Papua New Guinea,PNG,1991,4.012
Papua New Guinea,PNG,1990,
Papua New Guinea,PNG,1989,
Papua New Guinea,PNG,1988,
Papua New Guinea,PNG,1987,
Papua New Guinea,PNG,1986,
Papua New Guinea,PNG,1985,
Papua New Guinea,PNG,1984,
Papua New Guinea,PNG,1983,
Papua New Guinea,PNG,1982,
Papua New Guinea,PNG,1981,
Papua New Guinea,PNG,1980,
Papua New Guinea,PNG,1979,
Papua New Guinea,PNG,1978,
Papua New Guinea,PNG,1977,
Papua New Guinea,PNG,1976,
Papua New Guinea,PNG,1975,
Papua New Guinea,PNG,1974,
Papua New Guinea,PNG,1973,
Papua New Guinea,PNG,1972,
Papua New Guinea,PNG,1971,
Papua New Guinea,PNG,1970,
Papua New Guinea,PNG,1969,
Papua New Guinea,PNG,1968,
Papua New Guinea,PNG,1967,
Papua New Guinea,PNG,1966,
Papua New Guinea,PNG,1965,
Papua New Guinea,PNG,1964,
Papua New Guinea,PNG,1963,
Papua New Guinea,PNG,1962,
Papua New Guinea,PNG,1961,
Papua New Guinea,PNG,1960,
Paraguay,PRY,2025,15.173
Paraguay,PRY,2024,17.338
Paraguay,PRY,2023,17.084
Paraguay,PRY,2022,17.844
Paraguay,PRY,2021,21.867
Paraguay,PRY,2020,23.518
Paraguay,PRY,2019,20.113
Paraguay,PRY,2018,18.704
Paraguay,PRY,2017,19.603
Paraguay,PRY,2016,15.417
Paraguay,PRY,2015,11.862
Paraguay,PRY,2014,15.868
Paraguay,PRY,2013,11.694
Paraguay,PRY,2012,13.78
Paraguay,PRY,2011,16.431
Paraguay,PRY,2010,14.667
Paraguay,PRY,2009,15.567
Paraguay,PRY,2008,13.617
Paraguay,PRY,2007,16.142
Paraguay,PRY,2006,14.76
Paraguay,PRY,2005,14.195
Paraguay,PRY,2004,18.238
Paraguay,PRY,2003,18.267
Paraguay,PRY,2002,22.643
Paraguay,PRY,2001,14.281
Paraguay,PRY,2000,17.423
Paraguay,PRY,1999,11.911
Paraguay,PRY,1998,10.796
Paraguay,PRY,1997,14.731
Paraguay,PRY,1996,18.775
Paraguay,PRY,1995,8.268
Paraguay,PRY,1994,7.91
Paraguay,PRY,1993,8.88
Paraguay,PRY,1992,7.292
Paraguay,PRY,1991,9.65
Paraguay,PRY,1990,
Paraguay,PRY,1989,
Paraguay,PRY,1988,
Paraguay,PRY,1987,
Paraguay,PRY,1986,
Paraguay,PRY,1985,
Paraguay,PRY,1984,
Paraguay,PRY,1983,
Paraguay,PRY,1982,
Paraguay,PRY,1981,
Paraguay,PRY,1980,
Paraguay,PRY,1979,
Paraguay,PRY,1978,
Paraguay,PRY,1977,
Paraguay,PRY,1976,
Paraguay,PRY,1975,
Paraguay,PRY,1974,
Paraguay,PRY,1973,
Paraguay,PRY,1972,
Paraguay,PRY,1971,
Paraguay,PRY,1970,
Paraguay,PRY,1969,
Paraguay,PRY,1968,
Paraguay,PRY,1967,
Paraguay,PRY,1966,
Paraguay,PRY,1965,
Paraguay,PRY,1964,
Paraguay,PRY,1963,
Paraguay,PRY,1962,
Paraguay,PRY,1961,
Paraguay,PRY,1960,
Peru,PER,2025,10.488
Peru,PER,2024,10.765
Peru,PER,2023,10.134
Peru,PER,2022,8.808
Peru,PER,2021,10.742
Peru,PER,2020,12.914
Peru,PER,2019,7.906
Peru,PER,2018,9.023
Peru,PER,2017,8.473
Peru,PER,2016,8.742
Peru,PER,2015,6.609
Peru,PER,2014,7.603
Peru,PER,2013,6.923
Peru,PER,2012,7.981
Peru,PER,2011,7.103
Peru,PER,2010,7.185
Peru,PER,2009,6.914
Peru,PER,2008,8.014
Peru,PER,2007,7.777
Peru,PER,2006,8.351
Peru,PER,2005,8.657
Peru,PER,2004,8.275
Peru,PER,2003,5.515
Peru,PER,2002,5.581
Peru,PER,2001,5.693
Peru,PER,2000,5.592
Peru,PER,1999,5.635
Peru,PER,1998,5.666
Peru,PER,1997,5.467
Peru,PER,1996,5.572
Peru,PER,1995,5.464
Peru,PER,1994,5.338
Peru,PER,1993,5.511
Peru,PER,1992,5.655
Peru,PER,1991,5.583
Peru,PER,1990,
Peru,PER,1989,
Peru,PER,1988,
Peru,PER,1987,
Peru,PER,1986,
Peru,PER,1985,
Peru,PER,1984,
Peru,PER,1983,
Peru,PER,1982,
Peru,PER,1981,
Peru,PER,1980,
Peru,PER,1979,
Peru,PER,1978,
Peru,PER,1977,
Peru,PER,1976,
Peru,PER,1975,
Peru,PER,1974,
Peru,PER,1973,
Peru,PER,1972,
Peru,PER,1971,
Peru,PER,1970,
Peru,PER,1969,
Peru,PER,1968,
Peru,PER,1967,
Peru,PER,1966,
Peru,PER,1965,
Peru,PER,1964,
Peru,PER,1963,
Peru,PER,1962,
Peru,PER,1961,
Peru,PER,1960,
Philippines,PHL,2025,8.578
Philippines,PHL,2024,8.619
Philippines,PHL,2023,8.557
Philippines,PHL,2022,8.195
Philippines,PHL,2021,10.187
Philippines,PHL,2020,8.433
Philippines,PHL,2019,8.092
Philippines,PHL,2018,8.108
Philippines,PHL,2017,8.812
Philippines,PHL,2016,9.187
Philippines,PHL,2015,10.188
Philippines,PHL,2014,11.455
Philippines,PHL,2013,11.302
Philippines,PHL,2012,11.644
Philippines,PHL,2011,11.819
Philippines,PHL,2010,11.851
Philippines,PHL,2009,12.655
Philippines,PHL,2008,12.291
Philippines,PHL,2007,10.798
Philippines,PHL,2006,12.314
Philippines,PHL,2005,11.558
Philippines,PHL,2004,11.487
Philippines,PHL,2003,11.275
Philippines,PHL,2002,11.717
Philippines,PHL,2001,12.175
Philippines,PHL,2000,12.329
Philippines,PHL,1999,12.23
Philippines,PHL,1998,12.071
Philippines,PHL,1997,11.856
Philippines,PHL,1996,11.801
Philippines,PHL,1995,11.864
Philippines,PHL,1994,11.975
Philippines,PHL,1993,12.12
Philippines,PHL,1992,12.0
Philippines,PHL,1991,11.646
Philippines,PHL,1990,
Philippines,PHL,1989,
Philippines,PHL,1988,
Philippines,PHL,1987,
Philippines,PHL,1986,
Philippines,PHL,1985,
Philippines,PHL,1984,
Philippines,PHL,1983,
Philippines,PHL,1982,
Philippines,PHL,1981,
Philippines,PHL,1980,
Philippines,PHL,1979,
Philippines,PHL,1978,
Philippines,PHL,1977,
Philippines,PHL,1976,
Philippines,PHL,1975,
Philippines,PHL,1974,
Philippines,PHL,1973,
Philippines,PHL,1972,
Philippines,PHL,1971,
Philippines,PHL,1970,
Philippines,PHL,1969,
Philippines,PHL,1968,
Philippines,PHL,1967,
Philippines,PHL,1966,
Philippines,PHL,1965,
Philippines,PHL,1964,
Philippines,PHL,1963,
Philippines,PHL,1962,
Philippines,PHL,1961,
Philippines,PHL,1960,
Poland,POL,2025,10.772
Poland,POL,2024,10.844
Poland,POL,2023,11.018
Poland,POL,2022,11.071
Poland,POL,2021,12.313
Poland,POL,2020,11.54
Poland,POL,2019,10.174
Poland,POL,2018,11.959
Poland,POL,2017,15.034
Poland,POL,2016,17.835
Poland,POL,2015,20.733
Poland,POL,2014,25.242
Poland,POL,2013,29.725
Poland,POL,2012,29.529
Poland,POL,2011,28.197
Poland,POL,2010,25.124
Poland,POL,2009,20.937
Poland,POL,2008,19.563
Poland,POL,2007,23.401
Poland,POL,2006,31.288
Poland,POL,2005,38.566
Poland,POL,2004,42.482
Poland,POL,2003,43.98
Poland,POL,2002,44.038
Poland,POL,2001,41.564
Poland,POL,2000,34.819
Poland,POL,1999,30.884
Poland,POL,1998,23.229
Poland,POL,1997,25.841
Poland,POL,1996,31.034
Poland,POL,1995,33.543
Poland,POL,1994,34.336
Poland,POL,1993,32.357
Poland,POL,1992,29.94
Poland,POL,1991,29.959
Poland,POL,1990,
Poland,POL,1989,
Poland,POL,1988,
Poland,POL,1987,
Poland,POL,1986,
Poland,POL,1985,
Poland,POL,1984,
Poland,POL,1983,
Poland,POL,1982,
Poland,POL,1981,
Poland,POL,1980,
Poland,POL,1979,
Poland,POL,1978,
Poland,POL,1977,
Poland,POL,1976,
Poland,POL,1975,
Poland,POL,1974,
Poland,POL,1973,
Poland,POL,1972,
Poland,POL,1971,
Poland,POL,1970,
Poland,POL,1969,
Poland,POL,1968,
Poland,POL,1967,
Poland,POL,1966,
Poland,POL,1965,
Poland,POL,1964,
Poland,POL,1963,
Poland,POL,1962,
Poland,POL,1961,
Poland,POL,1960,
Portugal,PRT,2025,20.844
Portugal,PRT,2024,22.575
Portugal,PRT,2023,20.086
Portugal,PRT,2022,20.547
Portugal,PRT,2021,26.651
Portugal,PRT,2020,23.986
Portugal,PRT,2019,21.336
Portugal,PRT,2018,20.476
Portugal,PRT,2017,25.348
Portugal,PRT,2016,28.617
Portugal,PRT,2015,34.098
Portugal,PRT,2014,35.004
Portugal,PRT,2013,39.918
Portugal,PRT,2012,39.226
Portugal,PRT,2011,31.67
Portugal,PRT,2010,24.021
Portugal,PRT,2009,21.678
Portugal,PRT,2008,20.297
Portugal,PRT,2007,20.311
Portugal,PRT,2006,18.499
Portugal,PRT,2005,19.154
Portugal,PRT,2004,15.916
Portugal,PRT,2003,16.745
Portugal,PRT,2002,12.1
Portugal,PRT,2001,12.027
Portugal,PRT,2000,11.781
Portugal,PRT,1999,11.011
Portugal,PRT,1998,10.755
Portugal,PRT,1997,18.064
Portugal,PRT,1996,20.032
Portugal,PRT,1995,17.095
Portugal,PRT,1994,17.035
Portugal,PRT,1993,14.766
Portugal,PRT,1992,10.764
Portugal,PRT,1991,11.688
Portugal,PRT,1990,
Portugal,PRT,1989,
Portugal,PRT,1988,
Portugal,PRT,1987,
Portugal,PRT,1986,
Portugal,PRT,1985,
Portugal,PRT,1984,
Portugal,PRT,1983,
Portugal,PRT,1982,
Portugal,PRT,1981,
Portugal,PRT,1980,
Portugal,PRT,1979,
Portugal,PRT,1978,
Portugal,PRT,1977,
Portugal,PRT,1976,
Portugal,PRT,1975,
Portugal,PRT,1974,
Portugal,PRT,1973,
Portugal,PRT,1972,
Portugal,PRT,1971,
Portugal,PRT,1970,
Portugal,PRT,1969,
Portugal,PRT,1968,
Portugal,PRT,1967,
Portugal,PRT,1966,
Portugal,PRT,1965,
Portugal,PRT,1964,
Portugal,PRT,1963,
Portugal,PRT,1962,
Portugal,PRT,1961,
Portugal,PRT,1960,
Puerto Rico (US),PRI,2025,11.262
Puerto Rico (US),PRI,2024,10.239
Puerto Rico (US),PRI,2023,10.31
Puerto Rico (US),PRI,2022,10.682
Puerto Rico (US),PRI,2021,13.994
Puerto Rico (US),PRI,2020,15.526
Puerto Rico (US),PRI,2019,14.583
Puerto Rico (US),PRI,2018,16.066
Puerto Rico (US),PRI,2017,18.884
Puerto Rico (US),PRI,2016,20.587
Puerto Rico (US),PRI,2015,20.883
Puerto Rico (US),PRI,2014,24.455
Puerto Rico (US),PRI,2013,25.436
Puerto Rico (US),PRI,2012,25.979
Puerto Rico (US),PRI,2011,27.081
Puerto Rico (US),PRI,2010,26.855
Puerto Rico (US),PRI,2009,26.259
Puerto Rico (US),PRI,2008,20.229
Puerto Rico (US),PRI,2007,18.915
Puerto Rico (US),PRI,2006,21.668
Puerto Rico (US),PRI,2005,21.001
Puerto Rico (US),PRI,2004,19.596
Puerto Rico (US),PRI,2003,22.609
Puerto Rico (US),PRI,2002,23.003
Puerto Rico (US),PRI,2001,20.335
Puerto Rico (US),PRI,2000,16.151
Puerto Rico (US),PRI,1999,19.656
Puerto Rico (US),PRI,1998,24.631
Puerto Rico (US),PRI,1997,24.763
Puerto Rico (US),PRI,1996,25.706
Puerto Rico (US),PRI,1995,23.24
Puerto Rico (US),PRI,1994,22.832
Puerto Rico (US),PRI,1993,24.91
Puerto Rico (US),PRI,1992,30.875
Puerto Rico (US),PRI,1991,32.998
Puerto Rico (US),PRI,1990,
Puerto Rico (US),PRI,1989,
Puerto Rico (US),PRI,1988,
Puerto Rico (US),PRI,1987,
Puerto Rico (US),PRI,1986,
Puerto Rico (US),PRI,1985,
Puerto Rico (US),PRI,1984,
Puerto Rico (US),PRI,1983,
Puerto Rico (US),PRI,1982,
Puerto Rico (US),PRI,1981,
Puerto Rico (US),PRI,1980,
Puerto Rico (US),PRI,1979,
Puerto Rico (US),PRI,1978,
Puerto Rico (US),PRI,1977,
Puerto Rico (US),PRI,1976,
Puerto Rico (US),PRI,1975,
Puerto Rico (US),PRI,1974,
Puerto Rico (US),PRI,1973,
Puerto Rico (US),PRI,1972,
Puerto Rico (US),PRI,1971,
Puerto Rico (US),PRI,1970,
Puerto Rico (US),PRI,1969,
Puerto Rico (US),PRI,1968,
Puerto Rico (US),PRI,1967,
Puerto Rico (US),PRI,1966,
Puerto Rico (US),PRI,1965,
Puerto Rico (US),PRI,1964,
Puerto Rico (US),PRI,1963,
Puerto Rico (US),PRI,1962,
Puerto Rico (US),PRI,1961,
Puerto Rico (US),PRI,1960,
Qatar,QAT,2025,1.484
Qatar,QAT,2024,1.47
Qatar,QAT,2023,1.497
Qatar,QAT,2022,1.588
Qatar,QAT,2021,2.039
Qatar,QAT,2020,1.837
Qatar,QAT,2019,1.483
Qatar,QAT,2018,1.649
Qatar,QAT,2017,2.392
Qatar,QAT,2016,2.429
Qatar,QAT,2015,2.964
Qatar,QAT,2014,3.881
Qatar,QAT,2013,7.152
Qatar,QAT,2012,8.297
Qatar,QAT,2011,9.159
Qatar,QAT,2010,8.427
Qatar,QAT,2009,6.784
Qatar,QAT,2008,4.926
Qatar,QAT,2007,7.998
Qatar,QAT,2006,11.786
Qatar,QAT,2005,10.282
Qatar,QAT,2004,9.956
Qatar,QAT,2003,10.194
Qatar,QAT,2002,10.06
Qatar,QAT,2001,9.916
Qatar,QAT,2000,9.757
Qatar,QAT,1999,9.667
Qatar,QAT,1998,9.633
Qatar,QAT,1997,9.76
Qatar,QAT,1996,10.069
Qatar,QAT,1995,10.219
Qatar,QAT,1994,10.286
Qatar,QAT,1993,10.268
Qatar,QAT,1992,10.16
Qatar,QAT,1991,10.071
Qatar,QAT,1990,
Qatar,QAT,1989,
Qatar,QAT,1988,
Qatar,QAT,1987,
Qatar,QAT,1986,
Qatar,QAT,1985,
Qatar,QAT,1984,
Qatar,QAT,1983,
Qatar,QAT,1982,
Qatar,QAT,1981,
Qatar,QAT,1980,
Qatar,QAT,1979,
Qatar,QAT,1978,
Qatar,QAT,1977,
Qatar,QAT,1976,
Qatar,QAT,1975,
Qatar,QAT,1974,
Qatar,QAT,1973,
Qatar,QAT,1972,
Qatar,QAT,1971,
Qatar,QAT,1970,
Qatar,QAT,1969,
Qatar,QAT,1968,
Qatar,QAT,1967,
Qatar,QAT,1966,
Qatar,QAT,1965,
Qatar,QAT,1964,
Qatar,QAT,1963,
Qatar,QAT,1962,
Qatar,QAT,1961,
Qatar,QAT,1960,
Romania,ROU,2025,24.718
Romania,ROU,2024,24.724
Romania,ROU,2023,22.116
Romania,ROU,2022,25.007
Romania,ROU,2021,21.385
Romania,ROU,2020,16.786
Romania,ROU,2019,18.017
Romania,ROU,2018,16.67
Romania,ROU,2017,19.15
Romania,ROU,2016,22.399
Romania,ROU,2015,23.903
Romania,ROU,2014,25.091
Romania,ROU,2013,24.939
Romania,ROU,2012,23.34
Romania,ROU,2011,23.855
Romania,ROU,2010,22.181
Romania,ROU,2009,20.885
Romania,ROU,2008,18.902
Romania,ROU,2007,19.097
Romania,ROU,2006,20.524
Romania,ROU,2005,18.686
Romania,ROU,2004,19.42
Romania,ROU,2003,20.237
Romania,ROU,2002,22.658
Romania,ROU,2001,17.433
Romania,ROU,2000,16.006
Romania,ROU,1999,15.602
Romania,ROU,1998,17.592
Romania,ROU,1997,20.315
Romania,ROU,1996,26.072
Romania,ROU,1995,25.031
Romania,ROU,1994,27.645
Romania,ROU,1993,28.699
Romania,ROU,1992,29.784
Romania,ROU,1991,30.132
Romania,ROU,1990,
Romania,ROU,1989,
Romania,ROU,1988,
Romania,ROU,1987,
Romania,ROU,1986,
Romania,ROU,1985,
Romania,ROU,1984,
Romania,ROU,1983,
Romania,ROU,1982,
Romania,ROU,1981,
Romania,ROU,1980,
Romania,ROU,1979,
Romania,ROU,1978,
Romania,ROU,1977,
Romania,ROU,1976,
Romania,ROU,1975,
Romania,ROU,1974,
Romania,ROU,1973,
Romania,ROU,1972,
Romania,ROU,1971,
Romania,ROU,1970,
Romania,ROU,1969,
Romania,ROU,1968,
Romania,ROU,1967,
Romania,ROU,1966,
Romania,ROU,1965,
Romania,ROU,1964,
Romania,ROU,1963,
Romania,ROU,1962,
Romania,ROU,1961,
Romania,ROU,1960,
Russian Federation,RUS,2025,7.822
Russian Federation,RUS,2024,8.556
Russian Federation,RUS,2023,11.793
Russian Federation,RUS,2022,15.461
Russian Federation,RUS,2021,17.371
Russian Federation,RUS,2020,18.248
Russian Federation,RUS,2019,15.69
Russian Federation,RUS,2018,17.897
Russian Federation,RUS,2017,17.041
Russian Federation,RUS,2016,17.482
Russian Federation,RUS,2015,17.332
Russian Federation,RUS,2014,14.609
Russian Federation,RUS,2013,15.013
Russian Federation,RUS,2012,15.417
Russian Federation,RUS,2011,15.844
Russian Federation,RUS,2010,17.496
Russian Federation,RUS,2009,18.931
Russian Federation,RUS,2008,15.149
Russian Federation,RUS,2007,14.45
Russian Federation,RUS,2006,17.174
Russian Federation,RUS,2005,16.864
Russian Federation,RUS,2004,18.665
Russian Federation,RUS,2003,18.795
Russian Federation,RUS,2002,16.894
Russian Federation,RUS,2001,19.195
Russian Federation,RUS,2000,22.199
Russian Federation,RUS,1999,25.774
Russian Federation,RUS,1998,27.611
Russian Federation,RUS,1997,24.086
Russian Federation,RUS,1996,20.515
Russian Federation,RUS,1995,19.962
Russian Federation,RUS,1994,17.476
Russian Federation,RUS,1993,13.936
Russian Federation,RUS,1992,12.922
Russian Federation,RUS,1991,12.982
Russian Federation,RUS,1990,
Russian Federation,RUS,1989,
Russian Federation,RUS,1988,
Russian Federation,RUS,1987,
Russian Federation,RUS,1986,
Russian Federation,RUS,1985,
Russian Federation,RUS,1984,
Russian Federation,RUS,1983,
Russian Federation,RUS,1982,
Russian Federation,RUS,1981,
Russian Federation,RUS,1980,
Russian Federation,RUS,1979,
Russian Federation,RUS,1978,
Russian Federation,RUS,1977,
Russian Federation,RUS,1976,
Russian Federation,RUS,1975,
Russian Federation,RUS,1974,
Russian Federation,RUS,1973,
Russian Federation,RUS,1972,
Russian Federation,RUS,1971,
Russian Federation,RUS,1970,
Russian Federation,RUS,1969,
Russian Federation,RUS,1968,
Russian Federation,RUS,1967,
Russian Federation,RUS,1966,
Russian Federation,RUS,1965,
Russian Federation,RUS,1964,
Russian Federation,RUS,1963,
Russian Federation,RUS,1962,
Russian Federation,RUS,1961,
Russian Federation,RUS,1960,
Rwanda,RWA,2025,18.435
Rwanda,RWA,2024,19.11
Rwanda,RWA,2023,20.191
Rwanda,RWA,2022,23.462
Rwanda,RWA,2021,24.271
Rwanda,RWA,2020,17.308
Rwanda,RWA,2019,16.705
Rwanda,RWA,2018,16.866
Rwanda,RWA,2017,18.011
Rwanda,RWA,2016,17.867
Rwanda,RWA,2015,17.868
Rwanda,RWA,2014,17.814
Rwanda,RWA,2013,17.668
Rwanda,RWA,2012,17.488
Rwanda,RWA,2011,17.528
Rwanda,RWA,2010,17.325
Rwanda,RWA,2009,17.242
Rwanda,RWA,2008,17.042
Rwanda,RWA,2007,17.04
Rwanda,RWA,2006,16.972
Rwanda,RWA,2005,17.196
Rwanda,RWA,2004,16.955
Rwanda,RWA,2003,16.838
Rwanda,RWA,2002,16.5
Rwanda,RWA,2001,16.746
Rwanda,RWA,2000,16.574
Rwanda,RWA,1999,16.276
Rwanda,RWA,1998,15.757
Rwanda,RWA,1997,15.455
Rwanda,RWA,1996,15.9
Rwanda,RWA,1995,16.357
Rwanda,RWA,1994,17.074
Rwanda,RWA,1993,17.287
Rwanda,RWA,1992,17.255
Rwanda,RWA,1991,17.516
Rwanda,RWA,1990,
Rwanda,RWA,1989,
Rwanda,RWA,1988,
Rwanda,RWA,1987,
Rwanda,RWA,1986,
Rwanda,RWA,1985,
Rwanda,RWA,1984,
Rwanda,RWA,1983,
Rwanda,RWA,1982,
Rwanda,RWA,1981,
Rwanda,RWA,1980,
Rwanda,RWA,1979,
Rwanda,RWA,1978,
Rwanda,RWA,1977,
Rwanda,RWA,1976,
Rwanda,RWA,1975,
Rwanda,RWA,1974,
Rwanda,RWA,1973,
Rwanda,RWA,1972,
Rwanda,RWA,1971,
Rwanda,RWA,1970,
Rwanda,RWA,1969,
Rwanda,RWA,1968,
Rwanda,RWA,1967,
Rwanda,RWA,1966,
Rwanda,RWA,1965,
Rwanda,RWA,1964,
Rwanda,RWA,1963,
Rwanda,RWA,1962,
Rwanda,RWA,1961,
Rwanda,RWA,1960,
Samoa,WSM,2025,21.367
Samoa,WSM,2024,21.748
Samoa,WSM,2023,22.241
Samoa,WSM,2022,22.848
Samoa,WSM,2021,26.127
Samoa,WSM,2020,28.644
Samoa,WSM,2019,27.226
Samoa,WSM,2018,28.179
Samoa,WSM,2017,29.273
Samoa,WSM,2016,26.79
Samoa,WSM,2015,24.442
Samoa,WSM,2014,22.128
Samoa,WSM,2013,22.169
Samoa,WSM,2012,22.106
Samoa,WSM,2011,18.965
Samoa,WSM,2010,18.59
Samoa,WSM,2009,18.387
Samoa,WSM,2008,18.05
Samoa,WSM,2007,17.587
Samoa,WSM,2006,17.188
Samoa,WSM,2005,16.623
Samoa,WSM,2004,16.065
Samoa,WSM,2003,15.406
Samoa,WSM,2002,14.897
Samoa,WSM,2001,14.523
Samoa,WSM,2000,13.648
Samoa,WSM,1999,12.742
Samoa,WSM,1998,11.549
Samoa,WSM,1997,10.387
Samoa,WSM,1996,9.476
Samoa,WSM,1995,8.544
Samoa,WSM,1994,7.747
Samoa,WSM,1993,6.927
Samoa,WSM,1992,6.215
Samoa,WSM,1991,5.352
Samoa,WSM,1990,
Samoa,WSM,1989,
Samoa,WSM,1988,
Samoa,WSM,1987,
Samoa,WSM,1986,
Samoa,WSM,1985,
Samoa,WSM,1984,
Samoa,WSM,1983,
Samoa,WSM,1982,
Samoa,WSM,1981,
Samoa,WSM,1980,
Samoa,WSM,1979,
Samoa,WSM,1978,
Samoa,WSM,1977,
Samoa,WSM,1976,
Samoa,WSM,1975,
Samoa,WSM,1974,
Samoa,WSM,1973,
Samoa,WSM,1972,
Samoa,WSM,1971,
Samoa,WSM,1970,
Samoa,WSM,1969,
Samoa,WSM,1968,
Samoa,WSM,1967,
Samoa,WSM,1966,
Samoa,WSM,1965,
Samoa,WSM,1964,
Samoa,WSM,1963,
Samoa,WSM,1962,
Samoa,WSM,1961,
Samoa,WSM,1960,
San Marino,SMR,2025,
San Marino,SMR,2024,
San Marino,SMR,2023,
San Marino,SMR,2022,
San Marino,SMR,2021,
San Marino,SMR,2020,
San Marino,SMR,2019,
San Marino,SMR,2018,
San Marino,SMR,2017,
San Marino,SMR,2016,
San Marino,SMR,2015,
San Marino,SMR,2014,
San Marino,SMR,2013,
San Marino,SMR,2012,
San Marino,SMR,2011,
San Marino,SMR,2010,
San Marino,SMR,2009,
San Marino,SMR,2008,
San Marino,SMR,2007,
San Marino,SMR,2006,
San Marino,SMR,2005,
San Marino,SMR,2004,
San Marino,SMR,2003,
San Marino,SMR,2002,
San Marino,SMR,2001,
San Marino,SMR,2000,
San Marino,SMR,1999,
San Marino,SMR,1998,
San Marino,SMR,1997,
San Marino,SMR,1996,
San Marino,SMR,1995,
San Marino,SMR,1994,
San Marino,SMR,1993,
San Marino,SMR,1992,
San Marino,SMR,1991,
San Marino,SMR,1990,
San Marino,SMR,1989,
San Marino,SMR,1988,
San Marino,SMR,1987,
San Marino,SMR,1986,
San Marino,SMR,1985,
San Marino,SMR,1984,
San Marino,SMR,1983,
San Marino,SMR,1982,
San Marino,SMR,1981,
San Marino,SMR,1980,
San Marino,SMR,1979,
San Marino,SMR,1978,
San Marino,SMR,1977,
San Marino,SMR,1976,
San Marino,SMR,1975,
San Marino,SMR,1974,
San Marino,SMR,1973,
San Marino,SMR,1972,
San Marino,SMR,1971,
San Marino,SMR,1970,
San Marino,SMR,1969,
San Marino,SMR,1968,
San Marino,SMR,1967,
San Marino,SMR,1966,
San Marino,SMR,1965,
San Marino,SMR,1964,
San Marino,SMR,1963,
San Marino,SMR,1962,
San Marino,SMR,1961,
San Marino,SMR,1960,
Sao Tome and Principe,STP,2025,9.356
Sao Tome and Principe,STP,2024,9.19
Sao Tome and Principe,STP,2023,9.168
Sao Tome and Principe,STP,2022,9.111
Sao Tome and Principe,STP,2021,9.757
Sao Tome and Principe,STP,2020,10.242
Sao Tome and Principe,STP,2019,9.008
Sao Tome and Principe,STP,2018,8.915
Sao Tome and Principe,STP,2017,8.995
Sao Tome and Principe,STP,2016,12.079
Sao Tome and Principe,STP,2015,15.276
Sao Tome and Principe,STP,2014,18.442
Sao Tome and Principe,STP,2013,21.918
Sao Tome and Principe,STP,2012,25.539
Sao Tome and Principe,STP,2011,27.338
Sao Tome and Principe,STP,2010,28.707
Sao Tome and Principe,STP,2009,30.196
Sao Tome and Principe,STP,2008,31.234
Sao Tome and Principe,STP,2007,32.744
Sao Tome and Principe,STP,2006,34.278
Sao Tome and Principe,STP,2005,33.982
Sao Tome and Principe,STP,2004,32.223
Sao Tome and Principe,STP,2003,33.926
Sao Tome and Principe,STP,2002,34.421
Sao Tome and Principe,STP,2001,32.8
Sao Tome and Principe,STP,2000,24.208
Sao Tome and Principe,STP,1999,24.12
Sao Tome and Principe,STP,1998,24.18
Sao Tome and Principe,STP,1997,24.22
Sao Tome and Principe,STP,1996,24.136
Sao Tome and Principe,STP,1995,24.201
Sao Tome and Principe,STP,1994,24.322
Sao Tome and Principe,STP,1993,24.384
Sao Tome and Principe,STP,1992,24.648
Sao Tome and Principe,STP,1991,24.42
Sao Tome and Principe,STP,1990,
Sao Tome and Principe,STP,1989,
Sao Tome and Principe,STP,1988,
Sao Tome and Principe,STP,1987,
Sao Tome and Principe,STP,1986,
Sao Tome and Principe,STP,1985,
Sao Tome and Principe,STP,1984,
Sao Tome and Principe,STP,1983,
Sao Tome and Principe,STP,1982,
Sao Tome and Principe,STP,1981,
Sao Tome and Principe,STP,1980,
Sao Tome and Principe,STP,1979,
Sao Tome and Principe,STP,1978,
Sao Tome and Principe,STP,1977,
Sao Tome and Principe,STP,1976,
Sao Tome and Principe,STP,1975,
Sao Tome and Principe,STP,1974,
Sao Tome and Principe,STP,1973,
Sao Tome and Principe,STP,1972,
Sao Tome and Principe,STP,1971,
Sao Tome and Principe,STP,1970,
Sao Tome and Principe,STP,1969,
Sao Tome and Principe,STP,1968,
Sao Tome and Principe,STP,1967,
Sao Tome and Principe,STP,1966,
Sao Tome and Principe,STP,1965,
Sao Tome and Principe,STP,1964,
Sao Tome and Principe,STP,1963,
Sao Tome and Principe,STP,1962,
Sao Tome and Principe,STP,1961,
Sao Tome and Principe,STP,1960,
Saudi Arabia,SAU,2025,19.677
Saudi Arabia,SAU,2024,21.072
Saudi Arabia,SAU,2023,22.779
Saudi Arabia,SAU,2022,26.733
Saudi Arabia,SAU,2021,28.67
Saudi Arabia,SAU,2020,51.857
Saudi Arabia,SAU,2019,51.985
Saudi Arabia,SAU,2018,59.034
Saudi Arabia,SAU,2017,61.894
Saudi Arabia,SAU,2016,48.085
Saudi Arabia,SAU,2015,59.089
Saudi Arabia,SAU,2014,59.779
Saudi Arabia,SAU,2013,56.465
Saudi Arabia,SAU,2012,54.291
Saudi Arabia,SAU,2011,51.456
Saudi Arabia,SAU,2010,51.963
Saudi Arabia,SAU,2009,54.127
Saudi Arabia,SAU,2008,48.772
Saudi Arabia,SAU,2007,44.955
Saudi Arabia,SAU,2006,47.245
Saudi Arabia,SAU,2005,46.045
Saudi Arabia,SAU,2004,44.246
Saudi Arabia,SAU,2003,42.089
Saudi Arabia,SAU,2002,39.593
Saudi Arabia,SAU,2001,32.008
Saudi Arabia,SAU,2000,33.407
Saudi Arabia,SAU,1999,26.991
Saudi Arabia,SAU,1998,25.916
Saudi Arabia,SAU,1997,25.111
Saudi Arabia,SAU,1996,24.132
Saudi Arabia,SAU,1995,23.111
Saudi Arabia,SAU,1994,21.646
Saudi Arabia,SAU,1993,20.014
Saudi Arabia,SAU,1992,18.304
Saudi Arabia,SAU,1991,18.396
Saudi Arabia,SAU,1990,
Saudi Arabia,SAU,1989,
Saudi Arabia,SAU,1988,
Saudi Arabia,SAU,1987,
Saudi Arabia,SAU,1986,
Saudi Arabia,SAU,1985,
Saudi Arabia,SAU,1984,
Saudi Arabia,SAU,1983,
Saudi Arabia,SAU,1982,
Saudi Arabia,SAU,1981,
Saudi Arabia,SAU,1980,
Saudi Arabia,SAU,1979,
Saudi Arabia,SAU,1978,
Saudi Arabia,SAU,1977,
Saudi Arabia,SAU,1976,
Saudi Arabia,SAU,1975,
Saudi Arabia,SAU,1974,
Saudi Arabia,SAU,1973,
Saudi Arabia,SAU,1972,
Saudi Arabia,SAU,1971,
Saudi Arabia,SAU,1970,
Saudi Arabia,SAU,1969,
Saudi Arabia,SAU,1968,
Saudi Arabia,SAU,1967,
Saudi Arabia,SAU,1966,
Saudi Arabia,SAU,1965,
Saudi Arabia,SAU,1964,
Saudi Arabia,SAU,1963,
Saudi Arabia,SAU,1962,
Saudi Arabia,SAU,1961,
Saudi Arabia,SAU,1960,
Senegal,SEN,2025,5.476
Senegal,SEN,2024,5.879
Senegal,SEN,2023,5.873
Senegal,SEN,2022,5.933
Senegal,SEN,2021,7.234
Senegal,SEN,2020,7.843
Senegal,SEN,2019,6.542
Senegal,SEN,2018,5.556
Senegal,SEN,2017,4.839
Senegal,SEN,2016,6.639
Senegal,SEN,2015,8.989
Senegal,SEN,2014,7.81
Senegal,SEN,2013,6.69
Senegal,SEN,2012,5.346
Senegal,SEN,2011,4.066
Senegal,SEN,2010,4.021
Senegal,SEN,2009,4.039
Senegal,SEN,2008,4.052
Senegal,SEN,2007,4.041
Senegal,SEN,2006,4.003
Senegal,SEN,2005,3.926
Senegal,SEN,2004,4.01
Senegal,SEN,2003,4.01
Senegal,SEN,2002,4.039
Senegal,SEN,2001,3.896
Senegal,SEN,2000,3.856
Senegal,SEN,1999,3.868
Senegal,SEN,1998,3.955
Senegal,SEN,1997,3.959
Senegal,SEN,1996,4.024
Senegal,SEN,1995,4.035
Senegal,SEN,1994,4.125
Senegal,SEN,1993,4.059
Senegal,SEN,1992,4.103
Senegal,SEN,1991,4.039
Senegal,SEN,1990,
Senegal,SEN,1989,
Senegal,SEN,1988,
Senegal,SEN,1987,
Senegal,SEN,1986,
Senegal,SEN,1985,
Senegal,SEN,1984,
Senegal,SEN,1983,
Senegal,SEN,1982,
Senegal,SEN,1981,
Senegal,SEN,1980,
Senegal,SEN,1979,
Senegal,SEN,1978,
Senegal,SEN,1977,
Senegal,SEN,1976,
Senegal,SEN,1975,
Senegal,SEN,1974,
Senegal,SEN,1973,
Senegal,SEN,1972,
Senegal,SEN,1971,
Senegal,SEN,1970,
Senegal,SEN,1969,
Senegal,SEN,1968,
Senegal,SEN,1967,
Senegal,SEN,1966,
Senegal,SEN,1965,
Senegal,SEN,1964,
Senegal,SEN,1963,
Senegal,SEN,1962,
Senegal,SEN,1961,
Senegal,SEN,1960,
Serbia,SRB,2025,21.677
Serbia,SRB,2024,21.928
Serbia,SRB,2023,26.19
Serbia,SRB,2022,25.179
Serbia,SRB,2021,27.132
Serbia,SRB,2020,29.334
Serbia,SRB,2019,29.815
Serbia,SRB,2018,31.938
Serbia,SRB,2017,36.185
Serbia,SRB,2016,39.407
Serbia,SRB,2015,48.116
Serbia,SRB,2014,49.989
Serbia,SRB,2013,56.932
Serbia,SRB,2012,56.803
Serbia,SRB,2011,57.078
Serbia,SRB,2010,47.533
Serbia,SRB,2009,44.395
Serbia,SRB,2008,41.203
Serbia,SRB,2007,47.725
Serbia,SRB,2006,54.891
Serbia,SRB,2005,51.725
Serbia,SRB,2004,45.1
Serbia,SRB,2003,32.067
Serbia,SRB,2002,30.706
Serbia,SRB,2001,29.075
Serbia,SRB,2000,28.648
Serbia,SRB,1999,31.203
Serbia,SRB,1998,31.261
Serbia,SRB,1997,30.848
Serbia,SRB,1996,29.954
Serbia,SRB,1995,30.728
Serbia,SRB,1994,30.666
Serbia,SRB,1993,30.636
Serbia,SRB,1992,30.625
Serbia,SRB,1991,30.642
Serbia,SRB,1990,
Serbia,SRB,1989,
Serbia,SRB,1988,
Serbia,SRB,1987,
Serbia,SRB,1986,
Serbia,SRB,1985,
Serbia,SRB,1984,
Serbia,SRB,1983,
Serbia,SRB,1982,
Serbia,SRB,1981,
Serbia,SRB,1980,
Serbia,SRB,1979,
Serbia,SRB,1978,
Serbia,SRB,1977,
Serbia,SRB,1976,
Serbia,SRB,1975,
Serbia,SRB,1974,
Serbia,SRB,1973,
Serbia,SRB,1972,
Serbia,SRB,1971,
Serbia,SRB,1970,
Serbia,SRB,1969,
Serbia,SRB,1968,
Serbia,SRB,1967,
Serbia,SRB,1966,
Serbia,SRB,1965,
Serbia,SRB,1964,
Serbia,SRB,1963,
Serbia,SRB,1962,
Serbia,SRB,1961,
Serbia,SRB,1960,
Seychelles,SYC,2025,
Seychelles,SYC,2024,
Seychelles,SYC,2023,
Seychelles,SYC,2022,
Seychelles,SYC,2021,
Seychelles,SYC,2020,
Seychelles,SYC,2019,
Seychelles,SYC,2018,
Seychelles,SYC,2017,
Seychelles,SYC,2016,
Seychelles,SYC,2015,
Seychelles,SYC,2014,
Seychelles,SYC,2013,
Seychelles,SYC,2012,
Seychelles,SYC,2011,
Seychelles,SYC,2010,
Seychelles,SYC,2009,
Seychelles,SYC,2008,
Seychelles,SYC,2007,
Seychelles,SYC,2006,
Seychelles,SYC,2005,
Seychelles,SYC,2004,
Seychelles,SYC,2003,
Seychelles,SYC,2002,
Seychelles,SYC,2001,
Seychelles,SYC,2000,
Seychelles,SYC,1999,
Seychelles,SYC,1998,
Seychelles,SYC,1997,
Seychelles,SYC,1996,
Seychelles,SYC,1995,
Seychelles,SYC,1994,
Seychelles,SYC,1993,
Seychelles,SYC,1992,
Seychelles,SYC,1991,
Seychelles,SYC,1990,
Seychelles,SYC,1989,
Seychelles,SYC,1988,
Seychelles,SYC,1987,
Seychelles,SYC,1986,
Seychelles,SYC,1985,
Seychelles,SYC,1984,
Seychelles,SYC,1983,
Seychelles,SYC,1982,
Seychelles,SYC,1981,
Seychelles,SYC,1980,
Seychelles,SYC,1979,
Seychelles,SYC,1978,
Seychelles,SYC,1977,
Seychelles,SYC,1976,
Seychelles,SYC,1975,
Seychelles,SYC,1974,
Seychelles,SYC,1973,
Seychelles,SYC,1972,
Seychelles,SYC,1971,
Seychelles,SYC,1970,
Seychelles,SYC,1969,
Seychelles,SYC,1968,
Seychelles,SYC,1967,
Seychelles,SYC,1966,
Seychelles,SYC,1965,
Seychelles,SYC,1964,
Seychelles,SYC,1963,
Seychelles,SYC,1962,
Seychelles,SYC,1961,
Seychelles,SYC,1960,
Sierra Leone,SLE,2025,2.546
Sierra Leone,SLE,2024,2.477
Sierra Leone,SLE,2023,2.469
Sierra Leone,SLE,2022,2.484
Sierra Leone,SLE,2021,2.836
Sierra Leone,SLE,2020,2.979
Sierra Leone,SLE,2019,2.521
Sierra Leone,SLE,2018,2.508
Sierra Leone,SLE,2017,3.38
Sierra Leone,SLE,2016,4.335
Sierra Leone,SLE,2015,5.182
Sierra Leone,SLE,2014,5.965
Sierra Leone,SLE,2013,5.572
Sierra Leone,SLE,2012,5.42
Sierra Leone,SLE,2011,5.273
Sierra Leone,SLE,2010,5.08
Sierra Leone,SLE,2009,4.871
Sierra Leone,SLE,2008,4.619
Sierra Leone,SLE,2007,4.388
Sierra Leone,SLE,2006,4.145
Sierra Leone,SLE,2005,3.889
Sierra Leone,SLE,2004,3.53
Sierra Leone,SLE,2003,6.481
Sierra Leone,SLE,2002,6.521
Sierra Leone,SLE,2001,6.906
Sierra Leone,SLE,2000,6.807
Sierra Leone,SLE,1999,6.993
Sierra Leone,SLE,1998,6.957
Sierra Leone,SLE,1997,7.11
Sierra Leone,SLE,1996,7.072
Sierra Leone,SLE,1995,7.092
Sierra Leone,SLE,1994,7.27
Sierra Leone,SLE,1993,7.225
Sierra Leone,SLE,1992,7.212
Sierra Leone,SLE,1991,6.955
Sierra Leone,SLE,1990,
Sierra Leone,SLE,1989,
Sierra Leone,SLE,1988,
Sierra Leone,SLE,1987,
Sierra Leone,SLE,1986,
Sierra Leone,SLE,1985,
Sierra Leone,SLE,1984,
Sierra Leone,SLE,1983,
Sierra Leone,SLE,1982,
Sierra Leone,SLE,1981,
Sierra Leone,SLE,1980,
Sierra Leone,SLE,1979,
Sierra Leone,SLE,1978,
Sierra Leone,SLE,1977,
Sierra Leone,SLE,1976,
Sierra Leone,SLE,1975,
Sierra Leone,SLE,1974,
Sierra Leone,SLE,1973,
Sierra Leone,SLE,1972,
Sierra Leone,SLE,1971,
Sierra Leone,SLE,1970,
Sierra Leone,SLE,1969,
Sierra Leone,SLE,1968,
Sierra Leone,SLE,1967,
Sierra Leone,SLE,1966,
Sierra Leone,SLE,1965,
Sierra Leone,SLE,1964,
Sierra Leone,SLE,1963,
Sierra Leone,SLE,1962,
Sierra Leone,SLE,1961,
Sierra Leone,SLE,1960,
Singapore,SGP,2025,8.532
Singapore,SGP,2024,7.725
Singapore,SGP,2023,11.804
Singapore,SGP,2022,10.086
Singapore,SGP,2021,12.442
Singapore,SGP,2020,13.336
Singapore,SGP,2019,9.538
Singapore,SGP,2018,10.767
Singapore,SGP,2017,12.27
Singapore,SGP,2016,11.978
Singapore,SGP,2015,10.585
Singapore,SGP,2014,11.33
Singapore,SGP,2013,12.588
Singapore,SGP,2012,11.327
Singapore,SGP,2011,11.639
Singapore,SGP,2010,11.884
Singapore,SGP,2009,16.073
Singapore,SGP,2008,11.697
Singapore,SGP,2007,10.646
Singapore,SGP,2006,11.171
Singapore,SGP,2005,13.976
Singapore,SGP,2004,14.655
Singapore,SGP,2003,14.335
Singapore,SGP,2002,15.379
Singapore,SGP,2001,10.049
Singapore,SGP,2000,8.562
Singapore,SGP,1999,12.419
Singapore,SGP,1998,10.044
Singapore,SGP,1997,6.326
Singapore,SGP,1996,10.277
Singapore,SGP,1995,7.885
Singapore,SGP,1994,9.106
Singapore,SGP,1993,8.781
Singapore,SGP,1992,7.905
Singapore,SGP,1991,4.211
Singapore,SGP,1990,
Singapore,SGP,1989,
Singapore,SGP,1988,
Singapore,SGP,1987,
Singapore,SGP,1986,
Singapore,SGP,1985,
Singapore,SGP,1984,
Singapore,SGP,1983,
Singapore,SGP,1982,
Singapore,SGP,1981,
Singapore,SGP,1980,
Singapore,SGP,1979,
Singapore,SGP,1978,
Singapore,SGP,1977,
Singapore,SGP,1976,
Singapore,SGP,1975,
Singapore,SGP,1974,
Singapore,SGP,1973,
Singapore,SGP,1972,
Singapore,SGP,1971,
Singapore,SGP,1970,
Singapore,SGP,1969,
Singapore,SGP,1968,
Singapore,SGP,1967,
Singapore,SGP,1966,
Singapore,SGP,1965,
Singapore,SGP,1964,
Singapore,SGP,1963,
Singapore,SGP,1962,
Singapore,SGP,1961,
Singapore,SGP,1960,
Sint Maarten (Dutch part),SXM,2025,
Sint Maarten (Dutch part),SXM,2024,
Sint Maarten (Dutch part),SXM,2023,
Sint Maarten (Dutch part),SXM,2022,
Sint Maarten (Dutch part),SXM,2021,
Sint Maarten (Dutch part),SXM,2020,
Sint Maarten (Dutch part),SXM,2019,
Sint Maarten (Dutch part),SXM,2018,
Sint Maarten (Dutch part),SXM,2017,
Sint Maarten (Dutch part),SXM,2016,
Sint Maarten (Dutch part),SXM,2015,
Sint Maarten (Dutch part),SXM,2014,
Sint Maarten (Dutch part),SXM,2013,
Sint Maarten (Dutch part),SXM,2012,
Sint Maarten (Dutch part),SXM,2011,
Sint Maarten (Dutch part),SXM,2010,
Sint Maarten (Dutch part),SXM,2009,
Sint Maarten (Dutch part),SXM,2008,
Sint Maarten (Dutch part),SXM,2007,
Sint Maarten (Dutch part),SXM,2006,
Sint Maarten (Dutch part),SXM,2005,
Sint Maarten (Dutch part),SXM,2004,
Sint Maarten (Dutch part),SXM,2003,
Sint Maarten (Dutch part),SXM,2002,
Sint Maarten (Dutch part),SXM,2001,
Sint Maarten (Dutch part),SXM,2000,
Sint Maarten (Dutch part),SXM,1999,
Sint Maarten (Dutch part),SXM,1998,
Sint Maarten (Dutch part),SXM,1997,
Sint Maarten (Dutch part),SXM,1996,
Sint Maarten (Dutch part),SXM,1995,
Sint Maarten (Dutch part),SXM,1994,
Sint Maarten (Dutch part),SXM,1993,
Sint Maarten (Dutch part),SXM,1992,
Sint Maarten (Dutch part),SXM,1991,
Sint Maarten (Dutch part),SXM,1990,
Sint Maarten (Dutch part),SXM,1989,
Sint Maarten (Dutch part),SXM,1988,
Sint Maarten (Dutch part),SXM,1987,
Sint Maarten (Dutch part),SXM,1986,
Sint Maarten (Dutch part),SXM,1985,
Sint Maarten (Dutch part),SXM,1984,
Sint Maarten (Dutch part),SXM,1983,
Sint Maarten (Dutch part),SXM,1982,
Sint Maarten (Dutch part),SXM,1981,
Sint Maarten (Dutch part),SXM,1980,
Sint Maarten (Dutch part),SXM,1979,
Sint Maarten (Dutch part),SXM,1978,
Sint Maarten (Dutch part),SXM,1977,
Sint Maarten (Dutch part),SXM,1976,
Sint Maarten (Dutch part),SXM,1975,
Sint Maarten (Dutch part),SXM,1974,
Sint Maarten (Dutch part),SXM,1973,
Sint Maarten (Dutch part),SXM,1972,
Sint Maarten (Dutch part),SXM,1971,
Sint Maarten (Dutch part),SXM,1970,
Sint Maarten (Dutch part),SXM,1969,
Sint Maarten (Dutch part),SXM,1968,
Sint Maarten (Dutch part),SXM,1967,
Sint Maarten (Dutch part),SXM,1966,
Sint Maarten (Dutch part),SXM,1965,
Sint Maarten (Dutch part),SXM,1964,
Sint Maarten (Dutch part),SXM,1963,
Sint Maarten (Dutch part),SXM,1962,
Sint Maarten (Dutch part),SXM,1961,
Sint Maarten (Dutch part),SXM,1960,
Slovak Republic,SVK,2025,17.646
Slovak Republic,SVK,2024,18.694
Slovak Republic,SVK,2023,16.167
Slovak Republic,SVK,2022,21.794
Slovak Republic,SVK,2021,22.716
Slovak Republic,SVK,2020,21.314
Slovak Republic,SVK,2019,19.755
Slovak Republic,SVK,2018,16.148
Slovak Republic,SVK,2017,20.212
Slovak Republic,SVK,2016,26.372
Slovak Republic,SVK,2015,27.612
Slovak Republic,SVK,2014,27.36
Slovak Republic,SVK,2013,31.604
Slovak Republic,SVK,2012,32.544
Slovak Republic,SVK,2011,33.867
Slovak Republic,SVK,2010,32.101
Slovak Republic,SVK,2009,26.589
Slovak Republic,SVK,2008,19.801
Slovak Republic,SVK,2007,20.246
Slovak Republic,SVK,2006,27.156
Slovak Republic,SVK,2005,29.02
Slovak Republic,SVK,2004,31.281
Slovak Republic,SVK,2003,31.942
Slovak Republic,SVK,2002,35.569
Slovak Republic,SVK,2001,35.583
Slovak Republic,SVK,2000,33.501
Slovak Republic,SVK,1999,31.722
Slovak Republic,SVK,1998,22.738
Slovak Republic,SVK,1997,22.569
Slovak Republic,SVK,1996,21.608
Slovak Republic,SVK,1995,23.077
Slovak Republic,SVK,1994,26.489
Slovak Republic,SVK,1993,21.92
Slovak Republic,SVK,1992,21.815
Slovak Republic,SVK,1991,21.614
Slovak Republic,SVK,1990,
Slovak Republic,SVK,1989,
Slovak Republic,SVK,1988,
Slovak Republic,SVK,1987,
Slovak Republic,SVK,1986,
Slovak Republic,SVK,1985,
Slovak Republic,SVK,1984,
Slovak Republic,SVK,1983,
Slovak Republic,SVK,1982,
Slovak Republic,SVK,1981,
Slovak Republic,SVK,1980,
Slovak Republic,SVK,1979,
Slovak Republic,SVK,1978,
Slovak Republic,SVK,1977,
Slovak Republic,SVK,1976,
Slovak Republic,SVK,1975,
Slovak Republic,SVK,1974,
Slovak Republic,SVK,1973,
Slovak Republic,SVK,1972,
Slovak Republic,SVK,1971,
Slovak Republic,SVK,1970,
Slovak Republic,SVK,1969,
Slovak Republic,SVK,1968,
Slovak Republic,SVK,1967,
Slovak Republic,SVK,1966,
Slovak Republic,SVK,1965,
Slovak Republic,SVK,1964,
Slovak Republic,SVK,1963,
Slovak Republic,SVK,1962,
Slovak Republic,SVK,1961,
Slovak Republic,SVK,1960,
Slovenia,SVN,2025,9.56
Slovenia,SVN,2024,10.859
Slovenia,SVN,2023,8.769
Slovenia,SVN,2022,12.015
Slovenia,SVN,2021,14.427
Slovenia,SVN,2020,16.097
Slovenia,SVN,2019,9.149
Slovenia,SVN,2018,9.541
Slovenia,SVN,2017,12.951
Slovenia,SVN,2016,14.744
Slovenia,SVN,2015,14.566
Slovenia,SVN,2014,21.275
Slovenia,SVN,2013,23.632
Slovenia,SVN,2012,20.969
Slovenia,SVN,2011,16.74
Slovenia,SVN,2010,13.824
Slovenia,SVN,2009,13.36
Slovenia,SVN,2008,11.271
Slovenia,SVN,2007,11.169
Slovenia,SVN,2006,16.742
Slovenia,SVN,2005,17.761
Slovenia,SVN,2004,17.756
Slovenia,SVN,2003,18.452
Slovenia,SVN,2002,16.648
Slovenia,SVN,2001,16.68
Slovenia,SVN,2000,18.403
Slovenia,SVN,1999,20.087
Slovenia,SVN,1998,18.358
Slovenia,SVN,1997,19.358
Slovenia,SVN,1996,16.904
Slovenia,SVN,1995,19.398
Slovenia,SVN,1994,22.146
Slovenia,SVN,1993,25.068
Slovenia,SVN,1992,22.454
Slovenia,SVN,1991,19.625
Slovenia,SVN,1990,
Slovenia,SVN,1989,
Slovenia,SVN,1988,
Slovenia,SVN,1987,
Slovenia,SVN,1986,
Slovenia,SVN,1985,
Slovenia,SVN,1984,
Slovenia,SVN,1983,
Slovenia,SVN,1982,
Slovenia,SVN,1981,
Slovenia,SVN,1980,
Slovenia,SVN,1979,
Slovenia,SVN,1978,
Slovenia,SVN,1977,
Slovenia,SVN,1976,
Slovenia,SVN,1975,
Slovenia,SVN,1974,
Slovenia,SVN,1973,
Slovenia,SVN,1972,
Slovenia,SVN,1971,
Slovenia,SVN,1970,
Slovenia,SVN,1969,
Slovenia,SVN,1968,
Slovenia,SVN,1967,
Slovenia,SVN,1966,
Slovenia,SVN,1965,
Slovenia,SVN,1964,
Slovenia,SVN,1963,
Slovenia,SVN,1962,
Slovenia,SVN,1961,
Slovenia,SVN,1960,
Solomon Islands,SLB,2025,3.121
Solomon Islands,SLB,2024,3.341
Solomon Islands,SLB,2023,3.325
Solomon Islands,SLB,2022,3.342
Solomon Islands,SLB,2021,1.684
Solomon Islands,SLB,2020,1.861
Solomon Islands,SLB,2019,1.566
Solomon Islands,SLB,2018,1.55
Solomon Islands,SLB,2017,1.557
Solomon Islands,SLB,2016,1.567
Solomon Islands,SLB,2015,1.568
Solomon Islands,SLB,2014,1.565
Solomon Islands,SLB,2013,1.536
Solomon Islands,SLB,2012,2.045
Solomon Islands,SLB,2011,2.569
Solomon Islands,SLB,2010,3.096
Solomon Islands,SLB,2009,3.662
Solomon Islands,SLB,2008,3.615
Solomon Islands,SLB,2007,3.563
Solomon Islands,SLB,2006,3.481
Solomon Islands,SLB,2005,3.42
Solomon Islands,SLB,2004,3.512
Solomon Islands,SLB,2003,3.663
Solomon Islands,SLB,2002,3.867
Solomon Islands,SLB,2001,3.83
Solomon Islands,SLB,2000,3.722
Solomon Islands,SLB,1999,3.574
Solomon Islands,SLB,1998,3.535
Solomon Islands,SLB,1997,3.413
Solomon Islands,SLB,1996,3.288
Solomon Islands,SLB,1995,3.245
Solomon Islands,SLB,1994,3.188
Solomon Islands,SLB,1993,3.2
Solomon Islands,SLB,1992,3.217
Solomon Islands,SLB,1991,3.31
Solomon Islands,SLB,1990,
Solomon Islands,SLB,1989,
Solomon Islands,SLB,1988,
Solomon Islands,SLB,1987,
Solomon Islands,SLB,1986,
Solomon Islands,SLB,1985,
Solomon Islands,SLB,1984,
Solomon Islands,SLB,1983,
Solomon Islands,SLB,1982,
Solomon Islands,SLB,1981,
Solomon Islands,SLB,1980,
Solomon Islands,SLB,1979,
Solomon Islands,SLB,1978,
Solomon Islands,SLB,1977,
Solomon Islands,SLB,1976,
Solomon Islands,SLB,1975,
Solomon Islands,SLB,1974,
Solomon Islands,SLB,1973,
Solomon Islands,SLB,1972,
Solomon Islands,SLB,1971,
Solomon Islands,SLB,1970,
Solomon Islands,SLB,1969,
Solomon Islands,SLB,1968,
Solomon Islands,SLB,1967,
Solomon Islands,SLB,1966,
Solomon Islands,SLB,1965,
Solomon Islands,SLB,1964,
Solomon Islands,SLB,1963,
Solomon Islands,SLB,1962,
Solomon Islands,SLB,1961,
Solomon Islands,SLB,1960,
"Somalia, Fed. Rep.",SOM,2025,37.41
"Somalia, Fed. Rep.",SOM,2024,37.339
"Somalia, Fed. Rep.",SOM,2023,37.312
"Somalia, Fed. Rep.",SOM,2022,37.543
"Somalia, Fed. Rep.",SOM,2021,38.644
"Somalia, Fed. Rep.",SOM,2020,39.733
"Somalia, Fed. Rep.",SOM,2019,36.907
"Somalia, Fed. Rep.",SOM,2018,36.666
"Somalia, Fed. Rep.",SOM,2017,36.251
"Somalia, Fed. Rep.",SOM,2016,36.498
"Somalia, Fed. Rep.",SOM,2015,36.356
"Somalia, Fed. Rep.",SOM,2014,36.541
"Somalia, Fed. Rep.",SOM,2013,36.641
"Somalia, Fed. Rep.",SOM,2012,36.804
"Somalia, Fed. Rep.",SOM,2011,36.709
"Somalia, Fed. Rep.",SOM,2010,36.594
"Somalia, Fed. Rep.",SOM,2009,36.544
"Somalia, Fed. Rep.",SOM,2008,36.514
"Somalia, Fed. Rep.",SOM,2007,36.472
"Somalia, Fed. Rep.",SOM,2006,36.522
"Somalia, Fed. Rep.",SOM,2005,36.496
"Somalia, Fed. Rep.",SOM,2004,36.493
"Somalia, Fed. Rep.",SOM,2003,36.509
"Somalia, Fed. Rep.",SOM,2002,36.549
"Somalia, Fed. Rep.",SOM,2001,36.591
"Somalia, Fed. Rep.",SOM,2000,36.649
"Somalia, Fed. Rep.",SOM,1999,36.963
"Somalia, Fed. Rep.",SOM,1998,36.969
"Somalia, Fed. Rep.",SOM,1997,37.131
"Somalia, Fed. Rep.",SOM,1996,38.094
"Somalia, Fed. Rep.",SOM,1995,38.324
"Somalia, Fed. Rep.",SOM,1994,38.986
"Somalia, Fed. Rep.",SOM,1993,38.088
"Somalia, Fed. Rep.",SOM,1992,38.138
"Somalia, Fed. Rep.",SOM,1991,37.465
"Somalia, Fed. Rep.",SOM,1990,
"Somalia, Fed. Rep.",SOM,1989,
"Somalia, Fed. Rep.",SOM,1988,
"Somalia, Fed. Rep.",SOM,1987,
"Somalia, Fed. Rep.",SOM,1986,
"Somalia, Fed. Rep.",SOM,1985,
"Somalia, Fed. Rep.",SOM,1984,
"Somalia, Fed. Rep.",SOM,1983,
"Somalia, Fed. Rep.",SOM,1982,
"Somalia, Fed. Rep.",SOM,1981,
"Somalia, Fed. Rep.",SOM,1980,
"Somalia, Fed. Rep.",SOM,1979,
"Somalia, Fed. Rep.",SOM,1978,
"Somalia, Fed. Rep.",SOM,1977,
"Somalia, Fed. Rep.",SOM,1976,
"Somalia, Fed. Rep.",SOM,1975,
"Somalia, Fed. Rep.",SOM,1974,
"Somalia, Fed. Rep.",SOM,1973,
"Somalia, Fed. Rep.",SOM,1972,
"Somalia, Fed. Rep.",SOM,1971,
"Somalia, Fed. Rep.",SOM,1970,
"Somalia, Fed. Rep.",SOM,1969,
"Somalia, Fed. Rep.",SOM,1968,
"Somalia, Fed. Rep.",SOM,1967,
"Somalia, Fed. Rep.",SOM,1966,
"Somalia, Fed. Rep.",SOM,1965,
"Somalia, Fed. Rep.",SOM,1964,
"Somalia, Fed. Rep.",SOM,1963,
"Somalia, Fed. Rep.",SOM,1962,
"Somalia, Fed. Rep.",SOM,1961,
"Somalia, Fed. Rep.",SOM,1960,
South Africa,ZAF,2025,64.054
South Africa,ZAF,2024,64.13
South Africa,ZAF,2023,64.343
South Africa,ZAF,2022,66.18
South Africa,ZAF,2021,70.558
South Africa,ZAF,2020,64.571
South Africa,ZAF,2019,62.268
South Africa,ZAF,2018,59.264
South Africa,ZAF,2017,59.045
South Africa,ZAF,2016,59.798
South Africa,ZAF,2015,55.217
South Africa,ZAF,2014,55.522
South Africa,ZAF,2013,55.667
South Africa,ZAF,2012,56.702
South Africa,ZAF,2011,54.899
South Africa,ZAF,2010,54.695
South Africa,ZAF,2009,51.93
South Africa,ZAF,2008,49.864
South Africa,ZAF,2007,49.365
South Africa,ZAF,2006,49.253
South Africa,ZAF,2005,49.387
South Africa,ZAF,2004,49.351
South Africa,ZAF,2003,49.271
South Africa,ZAF,2002,48.746
South Africa,ZAF,2001,48.536
South Africa,ZAF,2000,48.421
South Africa,ZAF,1999,48.225
South Africa,ZAF,1998,47.587
South Africa,ZAF,1997,46.864
South Africa,ZAF,1996,46.731
South Africa,ZAF,1995,47.303
South Africa,ZAF,1994,48.422
South Africa,ZAF,1993,48.899
South Africa,ZAF,1992,48.631
South Africa,ZAF,1991,48.028
South Africa,ZAF,1990,
South Africa,ZAF,1989,
South Africa,ZAF,1988,
South Africa,ZAF,1987,
South Africa,ZAF,1986,
South Africa,ZAF,1985,
South Africa,ZAF,1984,
South Africa,ZAF,1983,
South Africa,ZAF,1982,
South Africa,ZAF,1981,
South Africa,ZAF,1980,
South Africa,ZAF,1979,
South Africa,ZAF,1978,
South Africa,ZAF,1977,
South Africa,ZAF,1976,
South Africa,ZAF,1975,
South Africa,ZAF,1974,
South Africa,ZAF,1973,
South Africa,ZAF,1972,
South Africa,ZAF,1971,
South Africa,ZAF,1970,
South Africa,ZAF,1969,
South Africa,ZAF,1968,
South Africa,ZAF,1967,
South Africa,ZAF,1966,
South Africa,ZAF,1965,
South Africa,ZAF,1964,
South Africa,ZAF,1963,
South Africa,ZAF,1962,
South Africa,ZAF,1961,
South Africa,ZAF,1960,
South Sudan,SSD,2025,
South Sudan,SSD,2024,
South Sudan,SSD,2023,17.658
South Sudan,SSD,2022,17.813
South Sudan,SSD,2021,19.76
South Sudan,SSD,2020,20.826
South Sudan,SSD,2019,18.155
South Sudan,SSD,2018,18.398
South Sudan,SSD,2017,18.599
South Sudan,SSD,2016,18.519
South Sudan,SSD,2015,18.102
South Sudan,SSD,2014,18.224
South Sudan,SSD,2013,18.349
South Sudan,SSD,2012,18.501
South Sudan,SSD,2011,18.25
South Sudan,SSD,2010,18.093
South Sudan,SSD,2009,18.015
South Sudan,SSD,2008,17.822
South Sudan,SSD,2007,17.744
South Sudan,SSD,2006,17.704
South Sudan,SSD,2005,17.659
South Sudan,SSD,2004,17.609
South Sudan,SSD,2003,17.542
South Sudan,SSD,2002,17.494
South Sudan,SSD,2001,17.498
South Sudan,SSD,2000,17.494
South Sudan,SSD,1999,17.263
South Sudan,SSD,1998,17.183
South Sudan,SSD,1997,17.13
South Sudan,SSD,1996,17.4
South Sudan,SSD,1995,17.424
South Sudan,SSD,1994,17.415
South Sudan,SSD,1993,17.318
South Sudan,SSD,1992,17.501
South Sudan,SSD,1991,17.476
South Sudan,SSD,1990,
South Sudan,SSD,1989,
South Sudan,SSD,1988,
South Sudan,SSD,1987,
South Sudan,SSD,1986,
South Sudan,SSD,1985,
South Sudan,SSD,1984,
South Sudan,SSD,1983,
South Sudan,SSD,1982,
South Sudan,SSD,1981,
South Sudan,SSD,1980,
South Sudan,SSD,1979,
South Sudan,SSD,1978,
South Sudan,SSD,1977,
South Sudan,SSD,1976,
South Sudan,SSD,1975,
South Sudan,SSD,1974,
South Sudan,SSD,1973,
South Sudan,SSD,1972,
South Sudan,SSD,1971,
South Sudan,SSD,1970,
South Sudan,SSD,1969,
South Sudan,SSD,1968,
South Sudan,SSD,1967,
South Sudan,SSD,1966,
South Sudan,SSD,1965,
South Sudan,SSD,1964,
South Sudan,SSD,1963,
South Sudan,SSD,1962,
South Sudan,SSD,1961,
South Sudan,SSD,1960,
Spain,ESP,2025,25.746
Spain,ESP,2024,27.116
Spain,ESP,2023,28.527
Spain,ESP,2022,30.882
Spain,ESP,2021,36.175
Spain,ESP,2020,39.735
Spain,ESP,2019,34.466
Spain,ESP,2018,33.258
Spain,ESP,2017,37.414
Spain,ESP,2016,44.884
Spain,ESP,2015,47.952
Spain,ESP,2014,52.894
Spain,ESP,2013,54.565
Spain,ESP,2012,51.374
Spain,ESP,2011,43.949
Spain,ESP,2010,39.56
Spain,ESP,2009,36.087
Spain,ESP,2008,25.519
Spain,ESP,2007,21.693
Spain,ESP,2006,21.522
Spain,ESP,2005,23.408
Spain,ESP,2004,26.457
Spain,ESP,2003,26.477
Spain,ESP,2002,27.786
Spain,ESP,2001,26.48
Spain,ESP,2000,32.254
Spain,ESP,1999,37.107
Spain,ESP,1998,43.275
Spain,ESP,1997,45.911
Spain,ESP,1996,48.381
Spain,ESP,1995,48.48
Spain,ESP,1994,49.8
Spain,ESP,1993,46.729
Spain,ESP,1992,39.964
Spain,ESP,1991,37.647
Spain,ESP,1990,
Spain,ESP,1989,
Spain,ESP,1988,
Spain,ESP,1987,
Spain,ESP,1986,
Spain,ESP,1985,
Spain,ESP,1984,
Spain,ESP,1983,
Spain,ESP,1982,
Spain,ESP,1981,
Spain,ESP,1980,
Spain,ESP,1979,
Spain,ESP,1978,
Spain,ESP,1977,
Spain,ESP,1976,
Spain,ESP,1975,
Spain,ESP,1974,
Spain,ESP,1973,
Spain,ESP,1972,
Spain,ESP,1971,
Spain,ESP,1970,
Spain,ESP,1969,
Spain,ESP,1968,
Spain,ESP,1967,
Spain,ESP,1966,
Spain,ESP,1965,
Spain,ESP,1964,
Spain,ESP,1963,
Spain,ESP,1962,
Spain,ESP,1961,
Spain,ESP,1960,
Sri Lanka,LKA,2025,24.767
Sri Lanka,LKA,2024,25.611
Sri Lanka,LKA,2023,24.618
Sri Lanka,LKA,2022,25.86
Sri Lanka,LKA,2021,34.785
Sri Lanka,LKA,2020,34.004
Sri Lanka,LKA,2019,27.356
Sri Lanka,LKA,2018,28.804
Sri Lanka,LKA,2017,23.17
Sri Lanka,LKA,2016,27.519
Sri Lanka,LKA,2015,25.477
Sri Lanka,LKA,2014,25.355
Sri Lanka,LKA,2013,24.422
Sri Lanka,LKA,2012,22.704
Sri Lanka,LKA,2011,24.402
Sri Lanka,LKA,2010,23.596
Sri Lanka,LKA,2009,28.02
Sri Lanka,LKA,2008,25.922
Sri Lanka,LKA,2007,28.541
Sri Lanka,LKA,2006,29.049
Sri Lanka,LKA,2005,38.858
Sri Lanka,LKA,2004,38.765
Sri Lanka,LKA,2003,36.722
Sri Lanka,LKA,2002,36.081
Sri Lanka,LKA,2001,30.797
Sri Lanka,LKA,2000,30.196
Sri Lanka,LKA,1999,33.764
Sri Lanka,LKA,1998,31.98
Sri Lanka,LKA,1997,40.72
Sri Lanka,LKA,1996,42.173
Sri Lanka,LKA,1995,42.975
Sri Lanka,LKA,1994,43.662
Sri Lanka,LKA,1993,44.159
Sri Lanka,LKA,1992,46.866
Sri Lanka,LKA,1991,46.981
Sri Lanka,LKA,1990,
Sri Lanka,LKA,1989,
Sri Lanka,LKA,1988,
Sri Lanka,LKA,1987,
Sri Lanka,LKA,1986,
Sri Lanka,LKA,1985,
Sri Lanka,LKA,1984,
Sri Lanka,LKA,1983,
Sri Lanka,LKA,1982,
Sri Lanka,LKA,1981,
Sri Lanka,LKA,1980,
Sri Lanka,LKA,1979,
Sri Lanka,LKA,1978,
Sri Lanka,LKA,1977,
Sri Lanka,LKA,1976,
Sri Lanka,LKA,1975,
Sri Lanka,LKA,1974,
Sri Lanka,LKA,1973,
Sri Lanka,LKA,1972,
Sri Lanka,LKA,1971,
Sri Lanka,LKA,1970,
Sri Lanka,LKA,1969,
Sri Lanka,LKA,1968,
Sri Lanka,LKA,1967,
Sri Lanka,LKA,1966,
Sri Lanka,LKA,1965,
Sri Lanka,LKA,1964,
Sri Lanka,LKA,1963,
Sri Lanka,LKA,1962,
Sri Lanka,LKA,1961,
Sri Lanka,LKA,1960,
St. Kitts and Nevis,KNA,2025,
St. Kitts and Nevis,KNA,2024,
St. Kitts and Nevis,KNA,2023,
St. Kitts and Nevis,KNA,2022,
St. Kitts and Nevis,KNA,2021,
St. Kitts and Nevis,KNA,2020,
St. Kitts and Nevis,KNA,2019,
St. Kitts and Nevis,KNA,2018,
St. Kitts and Nevis,KNA,2017,
St. Kitts and Nevis,KNA,2016,
St. Kitts and Nevis,KNA,2015,
St. Kitts and Nevis,KNA,2014,
St. Kitts and Nevis,KNA,2013,
St. Kitts and Nevis,KNA,2012,
St. Kitts and Nevis,KNA,2011,
St. Kitts and Nevis,KNA,2010,
St. Kitts and Nevis,KNA,2009,
St. Kitts and Nevis,KNA,2008,
St. Kitts and Nevis,KNA,2007,
St. Kitts and Nevis,KNA,2006,
St. Kitts and Nevis,KNA,2005,
St. Kitts and Nevis,KNA,2004,
St. Kitts and Nevis,KNA,2003,
St. Kitts and Nevis,KNA,2002,
St. Kitts and Nevis,KNA,2001,
St. Kitts and Nevis,KNA,2000,
St. Kitts and Nevis,KNA,1999,
St. Kitts and Nevis,KNA,1998,
St. Kitts and Nevis,KNA,1997,
St. Kitts and Nevis,KNA,1996,
St. Kitts and Nevis,KNA,1995,
St. Kitts and Nevis,KNA,1994,
St. Kitts and Nevis,KNA,1993,
St. Kitts and Nevis,KNA,1992,
St. Kitts and Nevis,KNA,1991,
St. Kitts and Nevis,KNA,1990,
St. Kitts and Nevis,KNA,1989,
St. Kitts and Nevis,KNA,1988,
St. Kitts and Nevis,KNA,1987,
St. Kitts and Nevis,KNA,1986,
St. Kitts and Nevis,KNA,1985,
St. Kitts and Nevis,KNA,1984,
St. Kitts and Nevis,KNA,1983,
St. Kitts and Nevis,KNA,1982,
St. Kitts and Nevis,KNA,1981,
St. Kitts and Nevis,KNA,1980,
St. Kitts and Nevis,KNA,1979,
St. Kitts and Nevis,KNA,1978,
St. Kitts and Nevis,KNA,1977,
St. Kitts and Nevis,KNA,1976,
St. Kitts and Nevis,KNA,1975,
St. Kitts and Nevis,KNA,1974,
St. Kitts and Nevis,KNA,1973,
St. Kitts and Nevis,KNA,1972,
St. Kitts and Nevis,KNA,1971,
St. Kitts and Nevis,KNA,1970,
St. Kitts and Nevis,KNA,1969,
St. Kitts and Nevis,KNA,1968,
St. Kitts and Nevis,KNA,1967,
St. Kitts and Nevis,KNA,1966,
St. Kitts and Nevis,KNA,1965,
St. Kitts and Nevis,KNA,1964,
St. Kitts and Nevis,KNA,1963,
St. Kitts and Nevis,KNA,1962,
St. Kitts and Nevis,KNA,1961,
St. Kitts and Nevis,KNA,1960,
St. Lucia,LCA,2025,18.97
St. Lucia,LCA,2024,18.304
St. Lucia,LCA,2023,30.849
St. Lucia,LCA,2022,26.088
St. Lucia,LCA,2021,42.25
St. Lucia,LCA,2020,50.601
St. Lucia,LCA,2019,33.344
St. Lucia,LCA,2018,39.429
St. Lucia,LCA,2017,42.632
St. Lucia,LCA,2016,43.296
St. Lucia,LCA,2015,44.179
St. Lucia,LCA,2014,44.814
St. Lucia,LCA,2013,45.272
St. Lucia,LCA,2012,39.661
St. Lucia,LCA,2011,37.022
St. Lucia,LCA,2010,33.165
St. Lucia,LCA,2009,29.251
St. Lucia,LCA,2008,25.615
St. Lucia,LCA,2007,31.726
St. Lucia,LCA,2006,33.939
St. Lucia,LCA,2005,38.059
St. Lucia,LCA,2004,41.036
St. Lucia,LCA,2003,46.008
St. Lucia,LCA,2002,38.984
St. Lucia,LCA,2001,36.778
St. Lucia,LCA,2000,34.118
St. Lucia,LCA,1999,32.634
St. Lucia,LCA,1998,41.11
St. Lucia,LCA,1997,37.232
St. Lucia,LCA,1996,30.261
St. Lucia,LCA,1995,32.324
St. Lucia,LCA,1994,35.225
St. Lucia,LCA,1993,34.854
St. Lucia,LCA,1992,34.33
St. Lucia,LCA,1991,34.188
St. Lucia,LCA,1990,
St. Lucia,LCA,1989,
St. Lucia,LCA,1988,
St. Lucia,LCA,1987,
St. Lucia,LCA,1986,
St. Lucia,LCA,1985,
St. Lucia,LCA,1984,
St. Lucia,LCA,1983,
St. Lucia,LCA,1982,
St. Lucia,LCA,1981,
St. Lucia,LCA,1980,
St. Lucia,LCA,1979,
St. Lucia,LCA,1978,
St. Lucia,LCA,1977,
St. Lucia,LCA,1976,
St. Lucia,LCA,1975,
St. Lucia,LCA,1974,
St. Lucia,LCA,1973,
St. Lucia,LCA,1972,
St. Lucia,LCA,1971,
St. Lucia,LCA,1970,
St. Lucia,LCA,1969,
St. Lucia,LCA,1968,
St. Lucia,LCA,1967,
St. Lucia,LCA,1966,
St. Lucia,LCA,1965,
St. Lucia,LCA,1964,
St. Lucia,LCA,1963,
St. Lucia,LCA,1962,
St. Lucia,LCA,1961,
St. Lucia,LCA,1960,
St. Martin (French part),MAF,2025,
St. Martin (French part),MAF,2024,
St. Martin (French part),MAF,2023,
St. Martin (French part),MAF,2022,
St. Martin (French part),MAF,2021,
St. Martin (French part),MAF,2020,
St. Martin (French part),MAF,2019,
St. Martin (French part),MAF,2018,
St. Martin (French part),MAF,2017,
St. Martin (French part),MAF,2016,
St. Martin (French part),MAF,2015,
St. Martin (French part),MAF,2014,
St. Martin (French part),MAF,2013,
St. Martin (French part),MAF,2012,
St. Martin (French part),MAF,2011,
St. Martin (French part),MAF,2010,
St. Martin (French part),MAF,2009,
St. Martin (French part),MAF,2008,
St. Martin (French part),MAF,2007,
St. Martin (French part),MAF,2006,
St. Martin (French part),MAF,2005,
St. Martin (French part),MAF,2004,
St. Martin (French part),MAF,2003,
St. Martin (French part),MAF,2002,
St. Martin (French part),MAF,2001,
St. Martin (French part),MAF,2000,
St. Martin (French part),MAF,1999,
St. Martin (French part),MAF,1998,
St. Martin (French part),MAF,1997,
St. Martin (French part),MAF,1996,
St. Martin (French part),MAF,1995,
St. Martin (French part),MAF,1994,
St. Martin (French part),MAF,1993,
St. Martin (French part),MAF,1992,
St. Martin (French part),MAF,1991,
St. Martin (French part),MAF,1990,
St. Martin (French part),MAF,1989,
St. Martin (French part),MAF,1988,
St. Martin (French part),MAF,1987,
St. Martin (French part),MAF,1986,
St. Martin (French part),MAF,1985,
St. Martin (French part),MAF,1984,
St. Martin (French part),MAF,1983,
St. Martin (French part),MAF,1982,
St. Martin (French part),MAF,1981,
St. Martin (French part),MAF,1980,
St. Martin (French part),MAF,1979,
St. Martin (French part),MAF,1978,
St. Martin (French part),MAF,1977,
St. Martin (French part),MAF,1976,
St. Martin (French part),MAF,1975,
St. Martin (French part),MAF,1974,
St. Martin (French part),MAF,1973,
St. Martin (French part),MAF,1972,
St. Martin (French part),MAF,1971,
St. Martin (French part),MAF,1970,
St. Martin (French part),MAF,1969,
St. Martin (French part),MAF,1968,
St. Martin (French part),MAF,1967,
St. Martin (French part),MAF,1966,
St. Martin (French part),MAF,1965,
St. Martin (French part),MAF,1964,
St. Martin (French part),MAF,1963,
St. Martin (French part),MAF,1962,
St. Martin (French part),MAF,1961,
St. Martin (French part),MAF,1960,
St. Vincent and the Grenadines,VCT,2025,41.364
St. Vincent and the Grenadines,VCT,2024,41.591
St. Vincent and the Grenadines,VCT,2023,42.099
St. Vincent and the Grenadines,VCT,2022,43.674
St. Vincent and the Grenadines,VCT,2021,46.207
St. Vincent and the Grenadines,VCT,2020,48.049
St. Vincent and the Grenadines,VCT,2019,43.429
St. Vincent and the Grenadines,VCT,2018,42.511
St. Vincent and the Grenadines,VCT,2017,42.086
St. Vincent and the Grenadines,VCT,2016,41.69
St. Vincent and the Grenadines,VCT,2015,41.595
St. Vincent and the Grenadines,VCT,2014,41.514
St. Vincent and the Grenadines,VCT,2013,41.413
St. Vincent and the Grenadines,VCT,2012,41.852
St. Vincent and the Grenadines,VCT,2011,41.857
St. Vincent and the Grenadines,VCT,2010,41.448
St. Vincent and the Grenadines,VCT,2009,40.146
St. Vincent and the Grenadines,VCT,2008,38.78
St. Vincent and the Grenadines,VCT,2007,38.617
St. Vincent and the Grenadines,VCT,2006,38.548
St. Vincent and the Grenadines,VCT,2005,38.602
St. Vincent and the Grenadines,VCT,2004,38.29
St. Vincent and the Grenadines,VCT,2003,38.555
St. Vincent and the Grenadines,VCT,2002,39.162
St. Vincent and the Grenadines,VCT,2001,39.585
St. Vincent and the Grenadines,VCT,2000,39.756
St. Vincent and the Grenadines,VCT,1999,39.992
St. Vincent and the Grenadines,VCT,1998,40.556
St. Vincent and the Grenadines,VCT,1997,40.504
St. Vincent and the Grenadines,VCT,1996,41.332
St. Vincent and the Grenadines,VCT,1995,41.22
St. Vincent and the Grenadines,VCT,1994,41.692
St. Vincent and the Grenadines,VCT,1993,41.582
St. Vincent and the Grenadines,VCT,1992,41.849
St. Vincent and the Grenadines,VCT,1991,42.794
St. Vincent and the Grenadines,VCT,1990,
St. Vincent and the Grenadines,VCT,1989,
St. Vincent and the Grenadines,VCT,1988,
St. Vincent and the Grenadines,VCT,1987,
St. Vincent and the Grenadines,VCT,1986,
St. Vincent and the Grenadines,VCT,1985,
St. Vincent and the Grenadines,VCT,1984,
St. Vincent and the Grenadines,VCT,1983,
St. Vincent and the Grenadines,VCT,1982,
St. Vincent and the Grenadines,VCT,1981,
St. Vincent and the Grenadines,VCT,1980,
St. Vincent and the Grenadines,VCT,1979,
St. Vincent and the Grenadines,VCT,1978,
St. Vincent and the Grenadines,VCT,1977,
St. Vincent and the Grenadines,VCT,1976,
St. Vincent and the Grenadines,VCT,1975,
St. Vincent and the Grenadines,VCT,1974,
St. Vincent and the Grenadines,VCT,1973,
St. Vincent and the Grenadines,VCT,1972,
St. Vincent and the Grenadines,VCT,1971,
St. Vincent and the Grenadines,VCT,1970,
St. Vincent and the Grenadines,VCT,1969,
St. Vincent and the Grenadines,VCT,1968,
St. Vincent and the Grenadines,VCT,1967,
St. Vincent and the Grenadines,VCT,1966,
St. Vincent and the Grenadines,VCT,1965,
St. Vincent and the Grenadines,VCT,1964,
St. Vincent and the Grenadines,VCT,1963,
St. Vincent and the Grenadines,VCT,1962,
St. Vincent and the Grenadines,VCT,1961,
St. Vincent and the Grenadines,VCT,1960,
Sudan,SDN,2025,
Sudan,SDN,2024,
Sudan,SDN,2023,
Sudan,SDN,2022,13.099
Sudan,SDN,2021,19.703
Sudan,SDN,2020,24.435
Sudan,SDN,2019,24.274
Sudan,SDN,2018,26.86
Sudan,SDN,2017,29.318
Sudan,SDN,2016,31.65
Sudan,SDN,2015,34.025
Sudan,SDN,2014,36.854
Sudan,SDN,2013,39.308
Sudan,SDN,2012,41.381
Sudan,SDN,2011,42.913
Sudan,SDN,2010,37.509
Sudan,SDN,2009,32.38
Sudan,SDN,2008,31.939
Sudan,SDN,2007,31.72
Sudan,SDN,2006,31.591
Sudan,SDN,2005,31.454
Sudan,SDN,2004,31.307
Sudan,SDN,2003,31.151
Sudan,SDN,2002,31.034
Sudan,SDN,2001,30.985
Sudan,SDN,2000,30.917
Sudan,SDN,1999,30.463
Sudan,SDN,1998,30.252
Sudan,SDN,1997,30.061
Sudan,SDN,1996,30.398
Sudan,SDN,1995,30.683
Sudan,SDN,1994,30.895
Sudan,SDN,1993,30.936
Sudan,SDN,1992,31.419
Sudan,SDN,1991,31.57
Sudan,SDN,1990,
Sudan,SDN,1989,
Sudan,SDN,1988,
Sudan,SDN,1987,
Sudan,SDN,1986,
Sudan,SDN,1985,
Sudan,SDN,1984,
Sudan,SDN,1983,
Sudan,SDN,1982,
Sudan,SDN,1981,
Sudan,SDN,1980,
Sudan,SDN,1979,
Sudan,SDN,1978,
Sudan,SDN,1977,
Sudan,SDN,1976,
Sudan,SDN,1975,
Sudan,SDN,1974,
Sudan,SDN,1973,
Sudan,SDN,1972,
Sudan,SDN,1971,
Sudan,SDN,1970,
Sudan,SDN,1969,
Sudan,SDN,1968,
Sudan,SDN,1967,
Sudan,SDN,1966,
Sudan,SDN,1965,
Sudan,SDN,1964,
Sudan,SDN,1963,
Sudan,SDN,1962,
Sudan,SDN,1961,
Sudan,SDN,1960,
Suriname,SUR,2025,37.174
Suriname,SUR,2024,36.619
Suriname,SUR,2023,36.751
Suriname,SUR,2022,37.569
Suriname,SUR,2021,40.034
Suriname,SUR,2020,42.68
Suriname,SUR,2019,36.424
Suriname,SUR,2018,36.578
Suriname,SUR,2017,37.042
Suriname,SUR,2016,37.195
Suriname,SUR,2015,20.836
Suriname,SUR,2014,30.109
Suriname,SUR,2013,30.646
Suriname,SUR,2012,30.894
Suriname,SUR,2011,34.446
Suriname,SUR,2010,25.901
Suriname,SUR,2009,33.521
Suriname,SUR,2008,34.434
Suriname,SUR,2007,35.443
Suriname,SUR,2006,36.389
Suriname,SUR,2005,37.46
Suriname,SUR,2004,38.639
Suriname,SUR,2003,42.972
Suriname,SUR,2002,47.303
Suriname,SUR,2001,51.773
Suriname,SUR,2000,56.259
Suriname,SUR,1999,60.53
Suriname,SUR,1998,51.227
Suriname,SUR,1997,42.505
Suriname,SUR,1996,35.279
Suriname,SUR,1995,28.142
Suriname,SUR,1994,32.5
Suriname,SUR,1993,48.348
Suriname,SUR,1992,50.065
Suriname,SUR,1991,49.205
Suriname,SUR,1990,
Suriname,SUR,1989,
Suriname,SUR,1988,
Suriname,SUR,1987,
Suriname,SUR,1986,
Suriname,SUR,1985,
Suriname,SUR,1984,
Suriname,SUR,1983,
Suriname,SUR,1982,
Suriname,SUR,1981,
Suriname,SUR,1980,
Suriname,SUR,1979,
Suriname,SUR,1978,
Suriname,SUR,1977,
Suriname,SUR,1976,
Suriname,SUR,1975,
Suriname,SUR,1974,
Suriname,SUR,1973,
Suriname,SUR,1972,
Suriname,SUR,1971,
Suriname,SUR,1970,
Suriname,SUR,1969,
Suriname,SUR,1968,
Suriname,SUR,1967,
Suriname,SUR,1966,
Suriname,SUR,1965,
Suriname,SUR,1964,
Suriname,SUR,1963,
Suriname,SUR,1962,
Suriname,SUR,1961,
Suriname,SUR,1960,
Sweden,SWE,2025,23.372
Sweden,SWE,2024,23.451
Sweden,SWE,2023,21.497
Sweden,SWE,2022,23.34
Sweden,SWE,2021,24.012
Sweden,SWE,2020,22.731
Sweden,SWE,2019,19.652
Sweden,SWE,2018,16.243
Sweden,SWE,2017,16.941
Sweden,SWE,2016,17.247
Sweden,SWE,2015,19.535
Sweden,SWE,2014,21.43
Sweden,SWE,2013,22.271
Sweden,SWE,2012,22.198
Sweden,SWE,2011,22.263
Sweden,SWE,2010,23.654
Sweden,SWE,2009,23.763
Sweden,SWE,2008,20.738
Sweden,SWE,2007,19.789
Sweden,SWE,2006,22.049
Sweden,SWE,2005,22.433
Sweden,SWE,2004,17.174
Sweden,SWE,2003,13.12
Sweden,SWE,2002,12.42
Sweden,SWE,2001,10.598
Sweden,SWE,2000,7.942
Sweden,SWE,1999,14.924
Sweden,SWE,1998,16.235
Sweden,SWE,1997,20.253
Sweden,SWE,1996,19.869
Sweden,SWE,1995,17.992
Sweden,SWE,1994,19.584
Sweden,SWE,1993,18.91
Sweden,SWE,1992,10.931
Sweden,SWE,1991,7.253
Sweden,SWE,1990,
Sweden,SWE,1989,
Sweden,SWE,1988,
Sweden,SWE,1987,
Sweden,SWE,1986,
Sweden,SWE,1985,
Sweden,SWE,1984,
Sweden,SWE,1983,
Sweden,SWE,1982,
Sweden,SWE,1981,
Sweden,SWE,1980,
Sweden,SWE,1979,
Sweden,SWE,1978,
Sweden,SWE,1977,
Sweden,SWE,1976,
Sweden,SWE,1975,
Sweden,SWE,1974,
Sweden,SWE,1973,
Sweden,SWE,1972,
Sweden,SWE,1971,
Sweden,SWE,1970,
Sweden,SWE,1969,
Sweden,SWE,1968,
Sweden,SWE,1967,
Sweden,SWE,1966,
Sweden,SWE,1965,
Sweden,SWE,1964,
Sweden,SWE,1963,
Sweden,SWE,1962,
Sweden,SWE,1961,
Sweden,SWE,1960,
Switzerland,CHE,2025,9.035
Switzerland,CHE,2024,8.47
Switzerland,CHE,2023,7.602
Switzerland,CHE,2022,6.817
Switzerland,CHE,2021,8.282
Switzerland,CHE,2020,8.006
Switzerland,CHE,2019,7.161
Switzerland,CHE,2018,7.45
Switzerland,CHE,2017,7.976
Switzerland,CHE,2016,8.402
Switzerland,CHE,2015,8.394
Switzerland,CHE,2014,8.56
Switzerland,CHE,2013,8.776
Switzerland,CHE,2012,8.002
Switzerland,CHE,2011,7.893
Switzerland,CHE,2010,8.697
Switzerland,CHE,2009,8.953
Switzerland,CHE,2008,7.393
Switzerland,CHE,2007,7.389
Switzerland,CHE,2006,7.463
Switzerland,CHE,2005,9.083
Switzerland,CHE,2004,7.36
Switzerland,CHE,2003,8.718
Switzerland,CHE,2002,3.926
Switzerland,CHE,2001,5.493
Switzerland,CHE,2000,3.907
Switzerland,CHE,1999,5.658
Switzerland,CHE,1998,7.0
Switzerland,CHE,1997,3.84
Switzerland,CHE,1996,4.051
Switzerland,CHE,1995,4.554
Switzerland,CHE,1994,6.271
Switzerland,CHE,1993,5.491
Switzerland,CHE,1992,2.763
Switzerland,CHE,1991,3.473
Switzerland,CHE,1990,
Switzerland,CHE,1989,
Switzerland,CHE,1988,
Switzerland,CHE,1987,
Switzerland,CHE,1986,
Switzerland,CHE,1985,
Switzerland,CHE,1984,
Switzerland,CHE,1983,
Switzerland,CHE,1982,
Switzerland,CHE,1981,
Switzerland,CHE,1980,
Switzerland,CHE,1979,
Switzerland,CHE,1978,
Switzerland,CHE,1977,
Switzerland,CHE,1976,
Switzerland,CHE,1975,
Switzerland,CHE,1974,
Switzerland,CHE,1973,
Switzerland,CHE,1972,
Switzerland,CHE,1971,
Switzerland,CHE,1970,
Switzerland,CHE,1969,
Switzerland,CHE,1968,
Switzerland,CHE,1967,
Switzerland,CHE,1966,
Switzerland,CHE,1965,
Switzerland,CHE,1964,
Switzerland,CHE,1963,
Switzerland,CHE,1962,
Switzerland,CHE,1961,
Switzerland,CHE,1960,
Syrian Arab Republic,SYR,2025,50.949
Syrian Arab Republic,SYR,2024,50.178
Syrian Arab Republic,SYR,2023,49.533
Syrian Arab Republic,SYR,2022,49.12
Syrian Arab Republic,SYR,2021,51.341
Syrian Arab Republic,SYR,2020,54.525
Syrian Arab Republic,SYR,2019,48.731
Syrian Arab Republic,SYR,2018,48.92
Syrian Arab Republic,SYR,2017,49.325
Syrian Arab Republic,SYR,2016,50.078
Syrian Arab Republic,SYR,2015,51.326
Syrian Arab Republic,SYR,2014,52.654
Syrian Arab Republic,SYR,2013,52.251
Syrian Arab Republic,SYR,2012,50.688
Syrian Arab Republic,SYR,2011,42.91
Syrian Arab Republic,SYR,2010,43.005
Syrian Arab Republic,SYR,2009,41.788
Syrian Arab Republic,SYR,2008,47.632
Syrian Arab Republic,SYR,2007,47.682
Syrian Arab Republic,SYR,2006,41.538
Syrian Arab Republic,SYR,2005,38.095
Syrian Arab Republic,SYR,2004,35.117
Syrian Arab Republic,SYR,2003,32.51
Syrian Arab Republic,SYR,2002,36.26
Syrian Arab Republic,SYR,2001,40.137
Syrian Arab Republic,SYR,2000,31.829
Syrian Arab Republic,SYR,1999,23.723
Syrian Arab Republic,SYR,1998,23.445
Syrian Arab Republic,SYR,1997,22.749
Syrian Arab Republic,SYR,1996,22.038
Syrian Arab Republic,SYR,1995,21.366
Syrian Arab Republic,SYR,1994,17.935
Syrian Arab Republic,SYR,1993,9.705
Syrian Arab Republic,SYR,1992,14.87
Syrian Arab Republic,SYR,1991,20.362
Syrian Arab Republic,SYR,1990,
Syrian Arab Republic,SYR,1989,
Syrian Arab Republic,SYR,1988,
Syrian Arab Republic,SYR,1987,
Syrian Arab Republic,SYR,1986,
Syrian Arab Republic,SYR,1985,
Syrian Arab Republic,SYR,1984,
Syrian Arab Republic,SYR,1983,
Syrian Arab Republic,SYR,1982,
Syrian Arab Republic,SYR,1981,
Syrian Arab Republic,SYR,1980,
Syrian Arab Republic,SYR,1979,
Syrian Arab Republic,SYR,1978,
Syrian Arab Republic,SYR,1977,
Syrian Arab Republic,SYR,1976,
Syrian Arab Republic,SYR,1975,
Syrian Arab Republic,SYR,1974,
Syrian Arab Republic,SYR,1973,
Syrian Arab Republic,SYR,1972,
Syrian Arab Republic,SYR,1971,
Syrian Arab Republic,SYR,1970,
Syrian Arab Republic,SYR,1969,
Syrian Arab Republic,SYR,1968,
Syrian Arab Republic,SYR,1967,
Syrian Arab Republic,SYR,1966,
Syrian Arab Republic,SYR,1965,
Syrian Arab Republic,SYR,1964,
Syrian Arab Republic,SYR,1963,
Syrian Arab Republic,SYR,1962,
Syrian Arab Republic,SYR,1961,
Syrian Arab Republic,SYR,1960,
Tajikistan,TJK,2025,3.761
Tajikistan,TJK,2024,3.818
Tajikistan,TJK,2023,3.819
Tajikistan,TJK,2022,3.823
Tajikistan,TJK,2021,4.222
Tajikistan,TJK,2020,4.455
Tajikistan,TJK,2019,3.76
Tajikistan,TJK,2018,3.773
Tajikistan,TJK,2017,3.792
Tajikistan,TJK,2016,3.813
Tajikistan,TJK,2015,3.897
Tajikistan,TJK,2014,3.983
Tajikistan,TJK,2013,4.07
Tajikistan,TJK,2012,4.163
Tajikistan,TJK,2011,4.258
Tajikistan,TJK,2010,4.345
Tajikistan,TJK,2009,4.43
Tajikistan,TJK,2008,3.667
Tajikistan,TJK,2007,2.875
Tajikistan,TJK,2006,3.708
Tajikistan,TJK,2005,3.553
Tajikistan,TJK,2004,3.593
Tajikistan,TJK,2003,4.041
Tajikistan,TJK,2002,4.577
Tajikistan,TJK,2001,4.751
Tajikistan,TJK,2000,5.708
Tajikistan,TJK,1999,6.605
Tajikistan,TJK,1998,7.39
Tajikistan,TJK,1997,7.026
Tajikistan,TJK,1996,6.737
Tajikistan,TJK,1995,5.603
Tajikistan,TJK,1994,5.104
Tajikistan,TJK,1993,4.058
Tajikistan,TJK,1992,2.904
Tajikistan,TJK,1991,2.872
Tajikistan,TJK,1990,
Tajikistan,TJK,1989,
Tajikistan,TJK,1988,
Tajikistan,TJK,1987,
Tajikistan,TJK,1986,
Tajikistan,TJK,1985,
Tajikistan,TJK,1984,
Tajikistan,TJK,1983,
Tajikistan,TJK,1982,
Tajikistan,TJK,1981,
Tajikistan,TJK,1980,
Tajikistan,TJK,1979,
Tajikistan,TJK,1978,
Tajikistan,TJK,1977,
Tajikistan,TJK,1976,
Tajikistan,TJK,1975,
Tajikistan,TJK,1974,
Tajikistan,TJK,1973,
Tajikistan,TJK,1972,
Tajikistan,TJK,1971,
Tajikistan,TJK,1970,
Tajikistan,TJK,1969,
Tajikistan,TJK,1968,
Tajikistan,TJK,1967,
Tajikistan,TJK,1966,
Tajikistan,TJK,1965,
Tajikistan,TJK,1964,
Tajikistan,TJK,1963,
Tajikistan,TJK,1962,
Tajikistan,TJK,1961,
Tajikistan,TJK,1960,
Tanzania,TZA,2025,3.196
Tanzania,TZA,2024,3.124
Tanzania,TZA,2023,3.13
Tanzania,TZA,2022,3.14
Tanzania,TZA,2021,3.681
Tanzania,TZA,2020,3.751
Tanzania,TZA,2019,3.472
Tanzania,TZA,2018,3.652
Tanzania,TZA,2017,3.834
Tanzania,TZA,2016,4.032
Tanzania,TZA,2015,4.228
Tanzania,TZA,2014,4.477
Tanzania,TZA,2013,6.9
Tanzania,TZA,2012,7.429
Tanzania,TZA,2011,7.88
Tanzania,TZA,2010,6.349
Tanzania,TZA,2009,4.756
Tanzania,TZA,2008,5.642
Tanzania,TZA,2007,6.428
Tanzania,TZA,2006,7.2
Tanzania,TZA,2005,6.71
Tanzania,TZA,2004,6.248
Tanzania,TZA,2003,5.835
Tanzania,TZA,2002,5.447
Tanzania,TZA,2001,5.053
Tanzania,TZA,2000,5.369
Tanzania,TZA,1999,5.633
Tanzania,TZA,1998,5.872
Tanzania,TZA,1997,6.108
Tanzania,TZA,1996,6.451
Tanzania,TZA,1995,6.888
Tanzania,TZA,1994,7.309
Tanzania,TZA,1993,7.519
Tanzania,TZA,1992,7.409
Tanzania,TZA,1991,7.473
Tanzania,TZA,1990,
Tanzania,TZA,1989,
Tanzania,TZA,1988,
Tanzania,TZA,1987,
Tanzania,TZA,1986,
Tanzania,TZA,1985,
Tanzania,TZA,1984,
Tanzania,TZA,1983,
Tanzania,TZA,1982,
Tanzania,TZA,1981,
Tanzania,TZA,1980,
Tanzania,TZA,1979,
Tanzania,TZA,1978,
Tanzania,TZA,1977,
Tanzania,TZA,1976,
Tanzania,TZA,1975,
Tanzania,TZA,1974,
Tanzania,TZA,1973,
Tanzania,TZA,1972,
Tanzania,TZA,1971,
Tanzania,TZA,1970,
Tanzania,TZA,1969,
Tanzania,TZA,1968,
Tanzania,TZA,1967,
Tanzania,TZA,1966,
Tanzania,TZA,1965,
Tanzania,TZA,1964,
Tanzania,TZA,1963,
Tanzania,TZA,1962,
Tanzania,TZA,1961,
Tanzania,TZA,1960,
Thailand,THA,2025,5.782
Thailand,THA,2024,6.066
Thailand,THA,2023,6.219
Thailand,THA,2022,7.228
Thailand,THA,2021,7.467
Thailand,THA,2020,5.999
Thailand,THA,2019,5.405
Thailand,THA,2018,4.608
Thailand,THA,2017,5.473
Thailand,THA,2016,4.725
Thailand,THA,2015,3.903
Thailand,THA,2014,3.878
Thailand,THA,2013,1.519
Thailand,THA,2012,3.193
Thailand,THA,2011,3.894
Thailand,THA,2010,3.158
Thailand,THA,2009,6.378
Thailand,THA,2008,4.728
Thailand,THA,2007,4.352
Thailand,THA,2006,5.29
Thailand,THA,2005,4.576
Thailand,THA,2004,4.419
Thailand,THA,2003,5.327
Thailand,THA,2002,5.342
Thailand,THA,2001,7.503
Thailand,THA,2000,6.224
Thailand,THA,1999,7.386
Thailand,THA,1998,6.601
Thailand,THA,1997,1.781
Thailand,THA,1996,2.372
Thailand,THA,1995,2.51
Thailand,THA,1994,2.724
Thailand,THA,1993,3.046
Thailand,THA,1992,2.468
Thailand,THA,1991,5.709
Thailand,THA,1990,
Thailand,THA,1989,
Thailand,THA,1988,
Thailand,THA,1987,
Thailand,THA,1986,
Thailand,THA,1985,
Thailand,THA,1984,
Thailand,THA,1983,
Thailand,THA,1982,
Thailand,THA,1981,
Thailand,THA,1980,
Thailand,THA,1979,
Thailand,THA,1978,
Thailand,THA,1977,
Thailand,THA,1976,
Thailand,THA,1975,
Thailand,THA,1974,
Thailand,THA,1973,
Thailand,THA,1972,
Thailand,THA,1971,
Thailand,THA,1970,
Thailand,THA,1969,
Thailand,THA,1968,
Thailand,THA,1967,
Thailand,THA,1966,
Thailand,THA,1965,
Thailand,THA,1964,
Thailand,THA,1963,
Thailand,THA,1962,
Thailand,THA,1961,
Thailand,THA,1960,
Timor-Leste,TLS,2025,3.96
Timor-Leste,TLS,2024,3.236
Timor-Leste,TLS,2023,3.221
Timor-Leste,TLS,2022,3.227
Timor-Leste,TLS,2021,6.967
Timor-Leste,TLS,2020,9.314
Timor-Leste,TLS,2019,10.361
Timor-Leste,TLS,2018,12.272
Timor-Leste,TLS,2017,14.153
Timor-Leste,TLS,2016,15.879
Timor-Leste,TLS,2015,7.214
Timor-Leste,TLS,2014,8.647
Timor-Leste,TLS,2013,9.942
Timor-Leste,TLS,2012,11.016
Timor-Leste,TLS,2011,11.971
Timor-Leste,TLS,2010,12.832
Timor-Leste,TLS,2009,12.737
Timor-Leste,TLS,2008,13.141
Timor-Leste,TLS,2007,13.352
Timor-Leste,TLS,2006,13.637
Timor-Leste,TLS,2005,13.795
Timor-Leste,TLS,2004,14.067
Timor-Leste,TLS,2003,13.848
Timor-Leste,TLS,2002,13.611
Timor-Leste,TLS,2001,14.136
Timor-Leste,TLS,2000,14.617
Timor-Leste,TLS,1999,14.065
Timor-Leste,TLS,1998,14.334
Timor-Leste,TLS,1997,14.191
Timor-Leste,TLS,1996,14.076
Timor-Leste,TLS,1995,13.862
Timor-Leste,TLS,1994,13.565
Timor-Leste,TLS,1993,13.222
Timor-Leste,TLS,1992,13.189
Timor-Leste,TLS,1991,13.139
Timor-Leste,TLS,1990,
Timor-Leste,TLS,1989,
Timor-Leste,TLS,1988,
Timor-Leste,TLS,1987,
Timor-Leste,TLS,1986,
Timor-Leste,TLS,1985,
Timor-Leste,TLS,1984,
Timor-Leste,TLS,1983,
Timor-Leste,TLS,1982,
Timor-Leste,TLS,1981,
Timor-Leste,TLS,1980,
Timor-Leste,TLS,1979,
Timor-Leste,TLS,1978,
Timor-Leste,TLS,1977,
Timor-Leste,TLS,1976,
Timor-Leste,TLS,1975,
Timor-Leste,TLS,1974,
Timor-Leste,TLS,1973,
Timor-Leste,TLS,1972,
Timor-Leste,TLS,1971,
Timor-Leste,TLS,1970,
Timor-Leste,TLS,1969,
Timor-Leste,TLS,1968,
Timor-Leste,TLS,1967,
Timor-Leste,TLS,1966,
Timor-Leste,TLS,1965,
Timor-Leste,TLS,1964,
Timor-Leste,TLS,1963,
Timor-Leste,TLS,1962,
Timor-Leste,TLS,1961,
Timor-Leste,TLS,1960,
Togo,TGO,2025,3.535
Togo,TGO,2024,3.563
Togo,TGO,2023,3.559
Togo,TGO,2022,3.586
Togo,TGO,2021,3.824
Togo,TGO,2020,3.607
Togo,TGO,2019,2.705
Togo,TGO,2018,4.913
Togo,TGO,2017,7.032
Togo,TGO,2016,5.793
Togo,TGO,2015,4.601
Togo,TGO,2014,4.035
Togo,TGO,2013,3.498
Togo,TGO,2012,2.98
Togo,TGO,2011,2.483
Togo,TGO,2010,3.534
Togo,TGO,2009,4.662
Togo,TGO,2008,5.769
Togo,TGO,2007,6.997
Togo,TGO,2006,8.088
Togo,TGO,2005,7.982
Togo,TGO,2004,7.79
Togo,TGO,2003,7.735
Togo,TGO,2002,7.867
Togo,TGO,2001,7.874
Togo,TGO,2000,7.917
Togo,TGO,1999,7.581
Togo,TGO,1998,7.428
Togo,TGO,1997,7.207
Togo,TGO,1996,7.168
Togo,TGO,1995,7.62
Togo,TGO,1994,7.849
Togo,TGO,1993,8.17
Togo,TGO,1992,7.837
Togo,TGO,1991,7.657
Togo,TGO,1990,
Togo,TGO,1989,
Togo,TGO,1988,
Togo,TGO,1987,
Togo,TGO,1986,
Togo,TGO,1985,
Togo,TGO,1984,
Togo,TGO,1983,
Togo,TGO,1982,
Togo,TGO,1981,
Togo,TGO,1980,
Togo,TGO,1979,
Togo,TGO,1978,
Togo,TGO,1977,
Togo,TGO,1976,
Togo,TGO,1975,
Togo,TGO,1974,
Togo,TGO,1973,
Togo,TGO,1972,
Togo,TGO,1971,
Togo,TGO,1970,
Togo,TGO,1969,
Togo,TGO,1968,
Togo,TGO,1967,
Togo,TGO,1966,
Togo,TGO,1965,
Togo,TGO,1964,
Togo,TGO,1963,
Togo,TGO,1962,
Togo,TGO,1961,
Togo,TGO,1960,
Tonga,TON,2025,9.659
Tonga,TON,2024,9.414
Tonga,TON,2023,5.825
Tonga,TON,2022,9.554
Tonga,TON,2021,9.68
Tonga,TON,2020,14.099
Tonga,TON,2019,10.865
Tonga,TON,2018,11.675
Tonga,TON,2017,11.144
Tonga,TON,2016,10.671
Tonga,TON,2015,10.391
Tonga,TON,2014,9.809
Tonga,TON,2013,9.017
Tonga,TON,2012,8.406
Tonga,TON,2011,8.022
Tonga,TON,2010,7.492
Tonga,TON,2009,7.001
Tonga,TON,2008,6.303
Tonga,TON,2007,5.849
Tonga,TON,2006,5.241
Tonga,TON,2005,12.216
Tonga,TON,2004,18.691
Tonga,TON,2003,24.897
Tonga,TON,2002,22.434
Tonga,TON,2001,20.656
Tonga,TON,2000,18.645
Tonga,TON,1999,17.1
Tonga,TON,1998,15.345
Tonga,TON,1997,13.174
Tonga,TON,1996,11.059
Tonga,TON,1995,9.168
Tonga,TON,1994,7.667
Tonga,TON,1993,5.737
Tonga,TON,1992,5.682
Tonga,TON,1991,5.442
Tonga,TON,1990,
Tonga,TON,1989,
Tonga,TON,1988,
Tonga,TON,1987,
Tonga,TON,1986,
Tonga,TON,1985,
Tonga,TON,1984,
Tonga,TON,1983,
Tonga,TON,1982,
Tonga,TON,1981,
Tonga,TON,1980,
Tonga,TON,1979,
Tonga,TON,1978,
Tonga,TON,1977,
Tonga,TON,1976,
Tonga,TON,1975,
Tonga,TON,1974,
Tonga,TON,1973,
Tonga,TON,1972,
Tonga,TON,1971,
Tonga,TON,1970,
Tonga,TON,1969,
Tonga,TON,1968,
Tonga,TON,1967,
Tonga,TON,1966,
Tonga,TON,1965,
Tonga,TON,1964,
Tonga,TON,1963,
Tonga,TON,1962,
Tonga,TON,1961,
Tonga,TON,1960,
Trinidad and Tobago,TTO,2025,9.395
Trinidad and Tobago,TTO,2024,9.054
Trinidad and Tobago,TTO,2023,9.068
Trinidad and Tobago,TTO,2022,11.554
Trinidad and Tobago,TTO,2021,14.42
Trinidad and Tobago,TTO,2020,15.903
Trinidad and Tobago,TTO,2019,11.101
Trinidad and Tobago,TTO,2018,10.312
Trinidad and Tobago,TTO,2017,9.408
Trinidad and Tobago,TTO,2016,8.396
Trinidad and Tobago,TTO,2015,6.766
Trinidad and Tobago,TTO,2014,7.741
Trinidad and Tobago,TTO,2013,7.931
Trinidad and Tobago,TTO,2012,10.263
Trinidad and Tobago,TTO,2011,11.443
Trinidad and Tobago,TTO,2010,11.319
Trinidad and Tobago,TTO,2009,14.356
Trinidad and Tobago,TTO,2008,12.854
Trinidad and Tobago,TTO,2007,14.125
Trinidad and Tobago,TTO,2006,16.902
Trinidad and Tobago,TTO,2005,21.681
Trinidad and Tobago,TTO,2004,21.482
Trinidad and Tobago,TTO,2003,25.72
Trinidad and Tobago,TTO,2002,26.249
Trinidad and Tobago,TTO,2001,26.311
Trinidad and Tobago,TTO,2000,27.821
Trinidad and Tobago,TTO,1999,31.163
Trinidad and Tobago,TTO,1998,32.698
Trinidad and Tobago,TTO,1997,33.527
Trinidad and Tobago,TTO,1996,36.127
Trinidad and Tobago,TTO,1995,35.412
Trinidad and Tobago,TTO,1994,38.345
Trinidad and Tobago,TTO,1993,40.253
Trinidad and Tobago,TTO,1992,42.836
Trinidad and Tobago,TTO,1991,42.873
Trinidad and Tobago,TTO,1990,
Trinidad and Tobago,TTO,1989,
Trinidad and Tobago,TTO,1988,
Trinidad and Tobago,TTO,1987,
Trinidad and Tobago,TTO,1986,
Trinidad and Tobago,TTO,1985,
Trinidad and Tobago,TTO,1984,
Trinidad and Tobago,TTO,1983,
Trinidad and Tobago,TTO,1982,
Trinidad and Tobago,TTO,1981,
Trinidad and Tobago,TTO,1980,
Trinidad and Tobago,TTO,1979,
Trinidad and Tobago,TTO,1978,
Trinidad and Tobago,TTO,1977,
Trinidad and Tobago,TTO,1976,
Trinidad and Tobago,TTO,1975,
Trinidad and Tobago,TTO,1974,
Trinidad and Tobago,TTO,1973,
Trinidad and Tobago,TTO,1972,
Trinidad and Tobago,TTO,1971,
Trinidad and Tobago,TTO,1970,
Trinidad and Tobago,TTO,1969,
Trinidad and Tobago,TTO,1968,
Trinidad and Tobago,TTO,1967,
Trinidad and Tobago,TTO,1966,
Trinidad and Tobago,TTO,1965,
Trinidad and Tobago,TTO,1964,
Trinidad and Tobago,TTO,1963,
Trinidad and Tobago,TTO,1962,
Trinidad and Tobago,TTO,1961,
Trinidad and Tobago,TTO,1960,
Tunisia,TUN,2025,35.98
Tunisia,TUN,2024,36.595
Tunisia,TUN,2023,36.303
Tunisia,TUN,2022,36.566
Tunisia,TUN,2021,38.901
Tunisia,TUN,2020,41.561
Tunisia,TUN,2019,38.47
Tunisia,TUN,2018,36.073
Tunisia,TUN,2017,37.5
Tunisia,TUN,2016,38.105
Tunisia,TUN,2015,37.406
Tunisia,TUN,2014,39.969
Tunisia,TUN,2013,37.511
Tunisia,TUN,2012,42.128
Tunisia,TUN,2011,45.365
Tunisia,TUN,2010,32.686
Tunisia,TUN,2009,30.516
Tunisia,TUN,2008,27.807
Tunisia,TUN,2007,26.761
Tunisia,TUN,2006,26.961
Tunisia,TUN,2005,25.955
Tunisia,TUN,2004,27.798
Tunisia,TUN,2003,27.514
Tunisia,TUN,2002,26.679
Tunisia,TUN,2001,26.404
Tunisia,TUN,2000,27.277
Tunisia,TUN,1999,28.007
Tunisia,TUN,1998,28.417
Tunisia,TUN,1997,29.055
Tunisia,TUN,1996,28.747
Tunisia,TUN,1995,28.644
Tunisia,TUN,1994,27.785
Tunisia,TUN,1993,27.536
Tunisia,TUN,1992,26.973
Tunisia,TUN,1991,27.068
Tunisia,TUN,1990,
Tunisia,TUN,1989,
Tunisia,TUN,1988,
Tunisia,TUN,1987,
Tunisia,TUN,1986,
Tunisia,TUN,1985,
Tunisia,TUN,1984,
Tunisia,TUN,1983,
Tunisia,TUN,1982,
Tunisia,TUN,1981,
Tunisia,TUN,1980,
Tunisia,TUN,1979,
Tunisia,TUN,1978,
Tunisia,TUN,1977,
Tunisia,TUN,1976,
Tunisia,TUN,1975,
Tunisia,TUN,1974,
Tunisia,TUN,1973,
Tunisia,TUN,1972,
Tunisia,TUN,1971,
Tunisia,TUN,1970,
Tunisia,TUN,1969,
Tunisia,TUN,1968,
Tunisia,TUN,1967,
Tunisia,TUN,1966,
Tunisia,TUN,1965,
Tunisia,TUN,1964,
Tunisia,TUN,1963,
Tunisia,TUN,1962,
Tunisia,TUN,1961,
Tunisia,TUN,1960,
Turkiye,TUR,2025,21.84
Turkiye,TUR,2024,22.168
Turkiye,TUR,2023,23.027
Turkiye,TUR,2022,25.113
Turkiye,TUR,2021,28.271
Turkiye,TUR,2020,29.789
Turkiye,TUR,2019,30.15
Turkiye,TUR,2018,24.945
Turkiye,TUR,2017,25.771
Turkiye,TUR,2016,23.477
Turkiye,TUR,2015,22.032
Turkiye,TUR,2014,20.262
Turkiye,TUR,2013,21.781
Turkiye,TUR,2012,19.842
Turkiye,TUR,2011,20.761
Turkiye,TUR,2010,23.084
Turkiye,TUR,2009,25.048
Turkiye,TUR,2008,21.215
Turkiye,TUR,2007,20.832
Turkiye,TUR,2006,20.68
Turkiye,TUR,2005,20.566
Turkiye,TUR,2004,20.661
Turkiye,TUR,2003,18.79
Turkiye,TUR,2002,17.024
Turkiye,TUR,2001,14.409
Turkiye,TUR,2000,11.896
Turkiye,TUR,1999,14.061
Turkiye,TUR,1998,12.903
Turkiye,TUR,1997,15.189
Turkiye,TUR,1996,11.272
Turkiye,TUR,1995,13.264
Turkiye,TUR,1994,13.534
Turkiye,TUR,1993,16.123
Turkiye,TUR,1992,13.643
Turkiye,TUR,1991,11.767
Turkiye,TUR,1990,
Turkiye,TUR,1989,
Turkiye,TUR,1988,
Turkiye,TUR,1987,
Turkiye,TUR,1986,
Turkiye,TUR,1985,
Turkiye,TUR,1984,
Turkiye,TUR,1983,
Turkiye,TUR,1982,
Turkiye,TUR,1981,
Turkiye,TUR,1980,
Turkiye,TUR,1979,
Turkiye,TUR,1978,
Turkiye,TUR,1977,
Turkiye,TUR,1976,
Turkiye,TUR,1975,
Turkiye,TUR,1974,
Turkiye,TUR,1973,
Turkiye,TUR,1972,
Turkiye,TUR,1971,
Turkiye,TUR,1970,
Turkiye,TUR,1969,
Turkiye,TUR,1968,
Turkiye,TUR,1967,
Turkiye,TUR,1966,
Turkiye,TUR,1965,
Turkiye,TUR,1964,
Turkiye,TUR,1963,
Turkiye,TUR,1962,
Turkiye,TUR,1961,
Turkiye,TUR,1960,
Turkmenistan,TKM,2025,5.793
Turkmenistan,TKM,2024,5.475
Turkmenistan,TKM,2023,5.409
Turkmenistan,TKM,2022,5.617
Turkmenistan,TKM,2021,6.329
Turkmenistan,TKM,2020,6.162
Turkmenistan,TKM,2019,5.048
Turkmenistan,TKM,2018,5.176
Turkmenistan,TKM,2017,5.259
Turkmenistan,TKM,2016,5.289
Turkmenistan,TKM,2015,5.301
Turkmenistan,TKM,2014,5.304
Turkmenistan,TKM,2013,5.33
Turkmenistan,TKM,2012,5.187
Turkmenistan,TKM,2011,5.101
Turkmenistan,TKM,2010,5.041
Turkmenistan,TKM,2009,4.675
Turkmenistan,TKM,2008,5.382
Turkmenistan,TKM,2007,6.027
Turkmenistan,TKM,2006,7.171
Turkmenistan,TKM,2005,8.011
Turkmenistan,TKM,2004,9.288
Turkmenistan,TKM,2003,10.388
Turkmenistan,TKM,2002,11.083
Turkmenistan,TKM,2001,11.804
Turkmenistan,TKM,2000,12.412
Turkmenistan,TKM,1999,13.564
Turkmenistan,TKM,1998,12.868
Turkmenistan,TKM,1997,11.696
Turkmenistan,TKM,1996,10.995
Turkmenistan,TKM,1995,8.878
Turkmenistan,TKM,1994,5.044
Turkmenistan,TKM,1993,1.626
Turkmenistan,TKM,1992,1.618
Turkmenistan,TKM,1991,1.503
Turkmenistan,TKM,1990,
Turkmenistan,TKM,1989,
Turkmenistan,TKM,1988,
Turkmenistan,TKM,1987,
Turkmenistan,TKM,1986,
Turkmenistan,TKM,1985,
Turkmenistan,TKM,1984,
Turkmenistan,TKM,1983,
Turkmenistan,TKM,1982,
Turkmenistan,TKM,1981,
Turkmenistan,TKM,1980,
Turkmenistan,TKM,1979,
Turkmenistan,TKM,1978,
Turkmenistan,TKM,1977,
Turkmenistan,TKM,1976,
Turkmenistan,TKM,1975,
Turkmenistan,TKM,1974,
Turkmenistan,TKM,1973,
Turkmenistan,TKM,1972,
Turkmenistan,TKM,1971,
Turkmenistan,TKM,1970,
Turkmenistan,TKM,1969,
Turkmenistan,TKM,1968,
Turkmenistan,TKM,1967,
Turkmenistan,TKM,1966,
Turkmenistan,TKM,1965,
Turkmenistan,TKM,1964,
Turkmenistan,TKM,1963,
Turkmenistan,TKM,1962,
Turkmenistan,TKM,1961,
Turkmenistan,TKM,1960,
Turks and Caicos Islands,TCA,2025,
Turks and Caicos Islands,TCA,2024,
Turks and Caicos Islands,TCA,2023,
Turks and Caicos Islands,TCA,2022,
Turks and Caicos Islands,TCA,2021,
Turks and Caicos Islands,TCA,2020,
Turks and Caicos Islands,TCA,2019,
Turks and Caicos Islands,TCA,2018,
Turks and Caicos Islands,TCA,2017,
Turks and Caicos Islands,TCA,2016,
Turks and Caicos Islands,TCA,2015,
Turks and Caicos Islands,TCA,2014,
Turks and Caicos Islands,TCA,2013,
Turks and Caicos Islands,TCA,2012,
Turks and Caicos Islands,TCA,2011,
Turks and Caicos Islands,TCA,2010,
Turks and Caicos Islands,TCA,2009,
Turks and Caicos Islands,TCA,2008,
Turks and Caicos Islands,TCA,2007,
Turks and Caicos Islands,TCA,2006,
Turks and Caicos Islands,TCA,2005,
Turks and Caicos Islands,TCA,2004,
Turks and Caicos Islands,TCA,2003,
Turks and Caicos Islands,TCA,2002,
Turks and Caicos Islands,TCA,2001,
Turks and Caicos Islands,TCA,2000,
Turks and Caicos Islands,TCA,1999,
Turks and Caicos Islands,TCA,1998,
Turks and Caicos Islands,TCA,1997,
Turks and Caicos Islands,TCA,1996,
Turks and Caicos Islands,TCA,1995,
Turks and Caicos Islands,TCA,1994,
Turks and Caicos Islands,TCA,1993,
Turks and Caicos Islands,TCA,1992,
Turks and Caicos Islands,TCA,1991,
Turks and Caicos Islands,TCA,1990,
Turks and Caicos Islands,TCA,1989,
Turks and Caicos Islands,TCA,1988,
Turks and Caicos Islands,TCA,1987,
Turks and Caicos Islands,TCA,1986,
Turks and Caicos Islands,TCA,1985,
Turks and Caicos Islands,TCA,1984,
Turks and Caicos Islands,TCA,1983,
Turks and Caicos Islands,TCA,1982,
Turks and Caicos Islands,TCA,1981,
Turks and Caicos Islands,TCA,1980,
Turks and Caicos Islands,TCA,1979,
Turks and Caicos Islands,TCA,1978,
Turks and Caicos Islands,TCA,1977,
Turks and Caicos Islands,TCA,1976,
Turks and Caicos Islands,TCA,1975,
Turks and Caicos Islands,TCA,1974,
Turks and Caicos Islands,TCA,1973,
Turks and Caicos Islands,TCA,1972,
Turks and Caicos Islands,TCA,1971,
Turks and Caicos Islands,TCA,1970,
Turks and Caicos Islands,TCA,1969,
Turks and Caicos Islands,TCA,1968,
Turks and Caicos Islands,TCA,1967,
Turks and Caicos Islands,TCA,1966,
Turks and Caicos Islands,TCA,1965,
Turks and Caicos Islands,TCA,1964,
Turks and Caicos Islands,TCA,1963,
Turks and Caicos Islands,TCA,1962,
Turks and Caicos Islands,TCA,1961,
Turks and Caicos Islands,TCA,1960,
Tuvalu,TUV,2025,
Tuvalu,TUV,2024,
Tuvalu,TUV,2023,
Tuvalu,TUV,2022,
Tuvalu,TUV,2021,
Tuvalu,TUV,2020,
Tuvalu,TUV,2019,
Tuvalu,TUV,2018,
Tuvalu,TUV,2017,
Tuvalu,TUV,2016,
Tuvalu,TUV,2015,
Tuvalu,TUV,2014,
Tuvalu,TUV,2013,
Tuvalu,TUV,2012,
Tuvalu,TUV,2011,
Tuvalu,TUV,2010,
Tuvalu,TUV,2009,
Tuvalu,TUV,2008,
Tuvalu,TUV,2007,
Tuvalu,TUV,2006,
Tuvalu,TUV,2005,
Tuvalu,TUV,2004,
Tuvalu,TUV,2003,
Tuvalu,TUV,2002,
Tuvalu,TUV,2001,
Tuvalu,TUV,2000,
Tuvalu,TUV,1999,
Tuvalu,TUV,1998,
Tuvalu,TUV,1997,
Tuvalu,TUV,1996,
Tuvalu,TUV,1995,
Tuvalu,TUV,1994,
Tuvalu,TUV,1993,
Tuvalu,TUV,1992,
Tuvalu,TUV,1991,
Tuvalu,TUV,1990,
Tuvalu,TUV,1989,
Tuvalu,TUV,1988,
Tuvalu,TUV,1987,
Tuvalu,TUV,1986,
Tuvalu,TUV,1985,
Tuvalu,TUV,1984,
Tuvalu,TUV,1983,
Tuvalu,TUV,1982,
Tuvalu,TUV,1981,
Tuvalu,TUV,1980,
Tuvalu,TUV,1979,
Tuvalu,TUV,1978,
Tuvalu,TUV,1977,
Tuvalu,TUV,1976,
Tuvalu,TUV,1975,
Tuvalu,TUV,1974,
Tuvalu,TUV,1973,
Tuvalu,TUV,1972,
Tuvalu,TUV,1971,
Tuvalu,TUV,1970,
Tuvalu,TUV,1969,
Tuvalu,TUV,1968,
Tuvalu,TUV,1967,
Tuvalu,TUV,1966,
Tuvalu,TUV,1965,
Tuvalu,TUV,1964,
Tuvalu,TUV,1963,
Tuvalu,TUV,1962,
Tuvalu,TUV,1961,
Tuvalu,TUV,1960,
Uganda,UGA,2025,5.111
Uganda,UGA,2024,5.323
Uganda,UGA,2023,5.324
Uganda,UGA,2022,5.482
Uganda,UGA,2021,6.343
Uganda,UGA,2020,6.926
Uganda,UGA,2019,5.427
Uganda,UGA,2018,5.412
Uganda,UGA,2017,5.389
Uganda,UGA,2016,4.822
Uganda,UGA,2015,4.356
Uganda,UGA,2014,3.883
Uganda,UGA,2013,3.207
Uganda,UGA,2012,5.964
Uganda,UGA,2011,5.831
Uganda,UGA,2010,6.146
Uganda,UGA,2009,6.118
Uganda,UGA,2008,5.179
Uganda,UGA,2007,4.464
Uganda,UGA,2006,3.716
Uganda,UGA,2005,3.014
Uganda,UGA,2004,4.701
Uganda,UGA,2003,6.502
Uganda,UGA,2002,6.193
Uganda,UGA,2001,6.225
Uganda,UGA,2000,6.24
Uganda,UGA,1999,6.167
Uganda,UGA,1998,6.129
Uganda,UGA,1997,5.884
Uganda,UGA,1996,5.839
Uganda,UGA,1995,5.868
Uganda,UGA,1994,6.173
Uganda,UGA,1993,6.203
Uganda,UGA,1992,6.271
Uganda,UGA,1991,6.153
Uganda,UGA,1990,
Uganda,UGA,1989,
Uganda,UGA,1988,
Uganda,UGA,1987,
Uganda,UGA,1986,
Uganda,UGA,1985,
Uganda,UGA,1984,
Uganda,UGA,1983,
Uganda,UGA,1982,
Uganda,UGA,1981,
Uganda,UGA,1980,
Uganda,UGA,1979,
Uganda,UGA,1978,
Uganda,UGA,1977,
Uganda,UGA,1976,
Uganda,UGA,1975,
Uganda,UGA,1974,
Uganda,UGA,1973,
Uganda,UGA,1972,
Uganda,UGA,1971,
Uganda,UGA,1970,
Uganda,UGA,1969,
Uganda,UGA,1968,
Uganda,UGA,1967,
Uganda,UGA,1966,
Uganda,UGA,1965,
Uganda,UGA,1964,
Uganda,UGA,1963,
Uganda,UGA,1962,
Uganda,UGA,1961,
Uganda,UGA,1960,
Ukraine,UKR,2025,
Ukraine,UKR,2024,
Ukraine,UKR,2023,
Ukraine,UKR,2022,
Ukraine,UKR,2021,20.431
Ukraine,UKR,2020,18.546
Ukraine,UKR,2019,15.393
Ukraine,UKR,2018,19.338
Ukraine,UKR,2017,16.998
Ukraine,UKR,2016,21.779
Ukraine,UKR,2015,22.114
Ukraine,UKR,2014,22.768
Ukraine,UKR,2013,16.549
Ukraine,UKR,2012,16.837
Ukraine,UKR,2011,16.981
Ukraine,UKR,2010,17.012
Ukraine,UKR,2009,15.478
Ukraine,UKR,2008,12.921
Ukraine,UKR,2007,12.781
Ukraine,UKR,2006,14.108
Ukraine,UKR,2005,14.685
Ukraine,UKR,2004,15.67
Ukraine,UKR,2003,16.476
Ukraine,UKR,2002,18.403
Ukraine,UKR,2001,20.048
Ukraine,UKR,2000,21.157
Ukraine,UKR,1999,21.381
Ukraine,UKR,1998,20.355
Ukraine,UKR,1997,15.865
Ukraine,UKR,1996,13.714
Ukraine,UKR,1995,9.31
Ukraine,UKR,1994,3.313
Ukraine,UKR,1993,3.321
Ukraine,UKR,1992,3.161
Ukraine,UKR,1991,3.17
Ukraine,UKR,1990,
Ukraine,UKR,1989,
Ukraine,UKR,1988,
Ukraine,UKR,1987,
Ukraine,UKR,1986,
Ukraine,UKR,1985,
Ukraine,UKR,1984,
Ukraine,UKR,1983,
Ukraine,UKR,1982,
Ukraine,UKR,1981,
Ukraine,UKR,1980,
Ukraine,UKR,1979,
Ukraine,UKR,1978,
Ukraine,UKR,1977,
Ukraine,UKR,1976,
Ukraine,UKR,1975,
Ukraine,UKR,1974,
Ukraine,UKR,1973,
Ukraine,UKR,1972,
Ukraine,UKR,1971,
Ukraine,UKR,1970,
Ukraine,UKR,1969,
Ukraine,UKR,1968,
Ukraine,UKR,1967,
Ukraine,UKR,1966,
Ukraine,UKR,1965,
Ukraine,UKR,1964,
Ukraine,UKR,1963,
Ukraine,UKR,1962,
Ukraine,UKR,1961,
Ukraine,UKR,1960,
United Arab Emirates,ARE,2025,12.431
United Arab Emirates,ARE,2024,13.08
United Arab Emirates,ARE,2023,12.846
United Arab Emirates,ARE,2022,20.074
United Arab Emirates,ARE,2021,17.292
United Arab Emirates,ARE,2020,16.635
United Arab Emirates,ARE,2019,13.954
United Arab Emirates,ARE,2018,11.892
United Arab Emirates,ARE,2017,13.412
United Arab Emirates,ARE,2016,7.904
United Arab Emirates,ARE,2015,8.426
United Arab Emirates,ARE,2014,9.018
United Arab Emirates,ARE,2013,9.521
United Arab Emirates,ARE,2012,10.143
United Arab Emirates,ARE,2011,10.913
United Arab Emirates,ARE,2010,11.664
United Arab Emirates,ARE,2009,12.327
United Arab Emirates,ARE,2008,12.651
United Arab Emirates,ARE,2007,13.284
United Arab Emirates,ARE,2006,13.702
United Arab Emirates,ARE,2005,14.114
United Arab Emirates,ARE,2004,12.233
United Arab Emirates,ARE,2003,10.535
United Arab Emirates,ARE,2002,8.631
United Arab Emirates,ARE,2001,6.813
United Arab Emirates,ARE,2000,5.056
United Arab Emirates,ARE,1999,4.927
United Arab Emirates,ARE,1998,4.755
United Arab Emirates,ARE,1997,4.563
United Arab Emirates,ARE,1996,4.445
United Arab Emirates,ARE,1995,4.355
United Arab Emirates,ARE,1994,4.351
United Arab Emirates,ARE,1993,4.376
United Arab Emirates,ARE,1992,4.18
United Arab Emirates,ARE,1991,4.081
United Arab Emirates,ARE,1990,
United Arab Emirates,ARE,1989,
United Arab Emirates,ARE,1988,
United Arab Emirates,ARE,1987,
United Arab Emirates,ARE,1986,
United Arab Emirates,ARE,1985,
United Arab Emirates,ARE,1984,
United Arab Emirates,ARE,1983,
United Arab Emirates,ARE,1982,
United Arab Emirates,ARE,1981,
United Arab Emirates,ARE,1980,
United Arab Emirates,ARE,1979,
United Arab Emirates,ARE,1978,
United Arab Emirates,ARE,1977,
United Arab Emirates,ARE,1976,
United Arab Emirates,ARE,1975,
United Arab Emirates,ARE,1974,
United Arab Emirates,ARE,1973,
United Arab Emirates,ARE,1972,
United Arab Emirates,ARE,1971,
United Arab Emirates,ARE,1970,
United Arab Emirates,ARE,1969,
United Arab Emirates,ARE,1968,
United Arab Emirates,ARE,1967,
United Arab Emirates,ARE,1966,
United Arab Emirates,ARE,1965,
United Arab Emirates,ARE,1964,
United Arab Emirates,ARE,1963,
United Arab Emirates,ARE,1962,
United Arab Emirates,ARE,1961,
United Arab Emirates,ARE,1960,
United Kingdom,GBR,2025,11.659
United Kingdom,GBR,2024,11.884
United Kingdom,GBR,2023,9.393
United Kingdom,GBR,2022,8.102
United Kingdom,GBR,2021,11.323
United Kingdom,GBR,2020,11.574
United Kingdom,GBR,2019,8.975
United Kingdom,GBR,2018,10.612
United Kingdom,GBR,2017,10.985
United Kingdom,GBR,2016,11.38
United Kingdom,GBR,2015,13.57
United Kingdom,GBR,2014,15.277
United Kingdom,GBR,2013,18.204
United Kingdom,GBR,2012,18.885
United Kingdom,GBR,2011,18.865
United Kingdom,GBR,2010,17.956
United Kingdom,GBR,2009,16.371
United Kingdom,GBR,2008,13.051
United Kingdom,GBR,2007,12.881
United Kingdom,GBR,2006,12.274
United Kingdom,GBR,2005,11.254
United Kingdom,GBR,2004,9.648
United Kingdom,GBR,2003,9.377
United Kingdom,GBR,2002,8.684
United Kingdom,GBR,2001,8.596
United Kingdom,GBR,2000,10.288
United Kingdom,GBR,1999,10.268
United Kingdom,GBR,1998,10.557
United Kingdom,GBR,1997,11.111
United Kingdom,GBR,1996,11.34
United Kingdom,GBR,1995,12.545
United Kingdom,GBR,1994,12.769
United Kingdom,GBR,1993,13.426
United Kingdom,GBR,1992,11.662
United Kingdom,GBR,1991,11.444
United Kingdom,GBR,1990,
United Kingdom,GBR,1989,
United Kingdom,GBR,1988,
United Kingdom,GBR,1987,
United Kingdom,GBR,1986,
United Kingdom,GBR,1985,
United Kingdom,GBR,1984,
United Kingdom,GBR,1983,
United Kingdom,GBR,1982,
United Kingdom,GBR,1981,
United Kingdom,GBR,1980,
United Kingdom,GBR,1979,
United Kingdom,GBR,1978,
United Kingdom,GBR,1977,
United Kingdom,GBR,1976,
United Kingdom,GBR,1975,
United Kingdom,GBR,1974,
United Kingdom,GBR,1973,
United Kingdom,GBR,1972,
United Kingdom,GBR,1971,
United Kingdom,GBR,1970,
United Kingdom,GBR,1969,
United Kingdom,GBR,1968,
United Kingdom,GBR,1967,
United Kingdom,GBR,1966,
United Kingdom,GBR,1965,
United Kingdom,GBR,1964,
United Kingdom,GBR,1963,
United Kingdom,GBR,1962,
United Kingdom,GBR,1961,
United Kingdom,GBR,1960,
United States,USA,2025,8.519
United States,USA,2024,8.091
United States,USA,2023,7.086
United States,USA,2022,7.428
United States,USA,2021,8.85
United States,USA,2020,14.794
United States,USA,2019,7.294
United States,USA,2018,7.632
United States,USA,2017,8.05
United States,USA,2016,9.303
United States,USA,2015,10.365
United States,USA,2014,12.139
United States,USA,2013,13.881
United States,USA,2012,14.611
United States,USA,2011,15.657
United States,USA,2010,15.735
United States,USA,2009,14.766
United States,USA,2008,11.085
United States,USA,2007,9.353
United States,USA,2006,9.617
United States,USA,2005,10.056
United States,USA,2004,10.909
United States,USA,2003,11.34
United States,USA,2002,11.031
United States,USA,2001,9.541
United States,USA,2000,8.864
United States,USA,1999,9.451
United States,USA,1998,9.731
United States,USA,1997,10.917
United States,USA,1996,11.416
United States,USA,1995,11.781
United States,USA,1994,11.82
United States,USA,1993,12.353
United States,USA,1992,13.019
United States,USA,1991,12.471
United States,USA,1990,
United States,USA,1989,
United States,USA,1988,
United States,USA,1987,
United States,USA,1986,
United States,USA,1985,
United States,USA,1984,
United States,USA,1983,
United States,USA,1982,
United States,USA,1981,
United States,USA,1980,
United States,USA,1979,
United States,USA,1978,
United States,USA,1977,
United States,USA,1976,
United States,USA,1975,
United States,USA,1974,
United States,USA,1973,
United States,USA,1972,
United States,USA,1971,
United States,USA,1970,
United States,USA,1969,
United States,USA,1968,
United States,USA,1967,
United States,USA,1966,
United States,USA,1965,
United States,USA,1964,
United States,USA,1963,
United States,USA,1962,
United States,USA,1961,
United States,USA,1960,
Uruguay,URY,2025,27.979
Uruguay,URY,2024,29.709
Uruguay,URY,2023,28.434
Uruguay,URY,2022,27.015
Uruguay,URY,2021,35.362
Uruguay,URY,2020,39.089
Uruguay,URY,2019,33.069
Uruguay,URY,2018,30.725
Uruguay,URY,2017,30.635
Uruguay,URY,2016,28.839
Uruguay,URY,2015,26.286
Uruguay,URY,2014,23.862
Uruguay,URY,2013,23.908
Uruguay,URY,2012,23.538
Uruguay,URY,2011,21.972
Uruguay,URY,2010,26.081
Uruguay,URY,2009,26.323
Uruguay,URY,2008,28.329
Uruguay,URY,2007,30.896
Uruguay,URY,2006,34.475
Uruguay,URY,2005,34.223
Uruguay,URY,2004,39.685
Uruguay,URY,2003,43.763
Uruguay,URY,2002,45.683
Uruguay,URY,2001,41.669
Uruguay,URY,2000,34.316
Uruguay,URY,1999,29.805
Uruguay,URY,1998,27.971
Uruguay,URY,1997,34.224
Uruguay,URY,1996,35.989
Uruguay,URY,1995,29.299
Uruguay,URY,1994,29.974
Uruguay,URY,1993,27.509
Uruguay,URY,1992,28.89
Uruguay,URY,1991,29.141
Uruguay,URY,1990,
Uruguay,URY,1989,
Uruguay,URY,1988,
Uruguay,URY,1987,
Uruguay,URY,1986,
Uruguay,URY,1985,
Uruguay,URY,1984,
Uruguay,URY,1983,
Uruguay,URY,1982,
Uruguay,URY,1981,
Uruguay,URY,1980,
Uruguay,URY,1979,
Uruguay,URY,1978,
Uruguay,URY,1977,
Uruguay,URY,1976,
Uruguay,URY,1975,
Uruguay,URY,1974,
Uruguay,URY,1973,
Uruguay,URY,1972,
Uruguay,URY,1971,
Uruguay,URY,1970,
Uruguay,URY,1969,
Uruguay,URY,1968,
Uruguay,URY,1967,
Uruguay,URY,1966,
Uruguay,URY,1965,
Uruguay,URY,1964,
Uruguay,URY,1963,
Uruguay,URY,1962,
Uruguay,URY,1961,
Uruguay,URY,1960,
Uzbekistan,UZB,2025,18.572
Uzbekistan,UZB,2024,17.999
Uzbekistan,UZB,2023,17.938
Uzbekistan,UZB,2022,18.358
Uzbekistan,UZB,2021,20.514
Uzbekistan,UZB,2020,21.52
Uzbekistan,UZB,2019,16.481
Uzbekistan,UZB,2018,15.603
Uzbekistan,UZB,2017,14.608
Uzbekistan,UZB,2016,12.845
Uzbekistan,UZB,2015,12.743
Uzbekistan,UZB,2014,12.536
Uzbekistan,UZB,2013,11.944
Uzbekistan,UZB,2012,11.778
Uzbekistan,UZB,2011,11.84
Uzbekistan,UZB,2010,15.905
Uzbekistan,UZB,2009,14.605
Uzbekistan,UZB,2008,13.984
Uzbekistan,UZB,2007,14.063
Uzbekistan,UZB,2006,17.417
Uzbekistan,UZB,2005,20.49
Uzbekistan,UZB,2004,24.184
Uzbekistan,UZB,2003,27.844
Uzbekistan,UZB,2002,31.062
Uzbekistan,UZB,2001,34.414
Uzbekistan,UZB,2000,37.708
Uzbekistan,UZB,1999,41.515
Uzbekistan,UZB,1998,41.931
Uzbekistan,UZB,1997,35.078
Uzbekistan,UZB,1996,35.142
Uzbekistan,UZB,1995,26.115
Uzbekistan,UZB,1994,25.116
Uzbekistan,UZB,1993,17.451
Uzbekistan,UZB,1992,8.041
Uzbekistan,UZB,1991,5.275
Uzbekistan,UZB,1990,
Uzbekistan,UZB,1989,
Uzbekistan,UZB,1988,
Uzbekistan,UZB,1987,
Uzbekistan,UZB,1986,
Uzbekistan,UZB,1985,
Uzbekistan,UZB,1984,
Uzbekistan,UZB,1983,
Uzbekistan,UZB,1982,
Uzbekistan,UZB,1981,
Uzbekistan,UZB,1980,
Uzbekistan,UZB,1979,
Uzbekistan,UZB,1978,
Uzbekistan,UZB,1977,
Uzbekistan,UZB,1976,
Uzbekistan,UZB,1975,
Uzbekistan,UZB,1974,
Uzbekistan,UZB,1973,
Uzbekistan,UZB,1972,
Uzbekistan,UZB,1971,
Uzbekistan,UZB,1970,
Uzbekistan,UZB,1969,
Uzbekistan,UZB,1968,
Uzbekistan,UZB,1967,
Uzbekistan,UZB,1966,
Uzbekistan,UZB,1965,
Uzbekistan,UZB,1964,
Uzbekistan,UZB,1963,
Uzbekistan,UZB,1962,
Uzbekistan,UZB,1961,
Uzbekistan,UZB,1960,
Vanuatu,VUT,2025,13.272
Vanuatu,VUT,2024,13.799
Vanuatu,VUT,2023,13.826
Vanuatu,VUT,2022,13.917
Vanuatu,VUT,2021,11.537
Vanuatu,VUT,2020,9.5
Vanuatu,VUT,2019,14.552
Vanuatu,VUT,2018,13.937
Vanuatu,VUT,2017,13.294
Vanuatu,VUT,2016,12.779
Vanuatu,VUT,2015,12.333
Vanuatu,VUT,2014,11.894
Vanuatu,VUT,2013,11.36
Vanuatu,VUT,2012,10.837
Vanuatu,VUT,2011,10.299
Vanuatu,VUT,2010,9.77
Vanuatu,VUT,2009,9.163
Vanuatu,VUT,2008,11.062
Vanuatu,VUT,2007,13.08
Vanuatu,VUT,2006,15.033
Vanuatu,VUT,2005,15.115
Vanuatu,VUT,2004,15.482
Vanuatu,VUT,2003,15.815
Vanuatu,VUT,2002,15.835
Vanuatu,VUT,2001,15.735
Vanuatu,VUT,2000,15.635
Vanuatu,VUT,1999,15.677
Vanuatu,VUT,1998,15.644
Vanuatu,VUT,1997,15.688
Vanuatu,VUT,1996,15.529
Vanuatu,VUT,1995,15.617
Vanuatu,VUT,1994,15.592
Vanuatu,VUT,1993,15.732
Vanuatu,VUT,1992,15.227
Vanuatu,VUT,1991,15.21
Vanuatu,VUT,1990,
Vanuatu,VUT,1989,
Vanuatu,VUT,1988,
Vanuatu,VUT,1987,
Vanuatu,VUT,1986,
Vanuatu,VUT,1985,
Vanuatu,VUT,1984,
Vanuatu,VUT,1983,
Vanuatu,VUT,1982,
Vanuatu,VUT,1981,
Vanuatu,VUT,1980,
Vanuatu,VUT,1979,
Vanuatu,VUT,1978,
Vanuatu,VUT,1977,
Vanuatu,VUT,1976,
Vanuatu,VUT,1975,
Vanuatu,VUT,1974,
Vanuatu,VUT,1973,
Vanuatu,VUT,1972,
Vanuatu,VUT,1971,
Vanuatu,VUT,1970,
Vanuatu,VUT,1969,
Vanuatu,VUT,1968,
Vanuatu,VUT,1967,
Vanuatu,VUT,1966,
Vanuatu,VUT,1965,
Vanuatu,VUT,1964,
Vanuatu,VUT,1963,
Vanuatu,VUT,1962,
Vanuatu,VUT,1961,
Vanuatu,VUT,1960,
"Venezuela, RB",VEN,2025,13.112
"Venezuela, RB",VEN,2024,13.078
"Venezuela, RB",VEN,2023,13.243
"Venezuela, RB",VEN,2022,13.622
"Venezuela, RB",VEN,2021,16.467
"Venezuela, RB",VEN,2020,17.53
"Venezuela, RB",VEN,2019,14.921
"Venezuela, RB",VEN,2018,15.219
"Venezuela, RB",VEN,2017,15.481
"Venezuela, RB",VEN,2016,14.579
"Venezuela, RB",VEN,2015,17.412
"Venezuela, RB",VEN,2014,19.889
"Venezuela, RB",VEN,2013,22.321
"Venezuela, RB",VEN,2012,18.22
"Venezuela, RB",VEN,2011,16.714
"Venezuela, RB",VEN,2010,16.157
"Venezuela, RB",VEN,2009,13.449
"Venezuela, RB",VEN,2008,13.898
"Venezuela, RB",VEN,2007,15.974
"Venezuela, RB",VEN,2006,18.946
"Venezuela, RB",VEN,2005,21.62
"Venezuela, RB",VEN,2004,32.773
"Venezuela, RB",VEN,2003,37.011
"Venezuela, RB",VEN,2002,34.416
"Venezuela, RB",VEN,2001,25.696
"Venezuela, RB",VEN,2000,26.441
"Venezuela, RB",VEN,1999,29.797
"Venezuela, RB",VEN,1998,24.102
"Venezuela, RB",VEN,1997,24.685
"Venezuela, RB",VEN,1996,25.679
"Venezuela, RB",VEN,1995,22.5
"Venezuela, RB",VEN,1994,17.027
"Venezuela, RB",VEN,1993,10.185
"Venezuela, RB",VEN,1992,12.435
"Venezuela, RB",VEN,1991,16.473
"Venezuela, RB",VEN,1990,
"Venezuela, RB",VEN,1989,
"Venezuela, RB",VEN,1988,
"Venezuela, RB",VEN,1987,
"Venezuela, RB",VEN,1986,
"Venezuela, RB",VEN,1985,
"Venezuela, RB",VEN,1984,
"Venezuela, RB",VEN,1983,
"Venezuela, RB",VEN,1982,
"Venezuela, RB",VEN,1981,
"Venezuela, RB",VEN,1980,
"Venezuela, RB",VEN,1979,
"Venezuela, RB",VEN,1978,
"Venezuela, RB",VEN,1977,
"Venezuela, RB",VEN,1976,
"Venezuela, RB",VEN,1975,
"Venezuela, RB",VEN,1974,
"Venezuela, RB",VEN,1973,
"Venezuela, RB",VEN,1972,
"Venezuela, RB",VEN,1971,
"Venezuela, RB",VEN,1970,
"Venezuela, RB",VEN,1969,
"Venezuela, RB",VEN,1968,
"Venezuela, RB",VEN,1967,
"Venezuela, RB",VEN,1966,
"Venezuela, RB",VEN,1965,
"Venezuela, RB",VEN,1964,
"Venezuela, RB",VEN,1963,
"Venezuela, RB",VEN,1962,
"Venezuela, RB",VEN,1961,
"Venezuela, RB",VEN,1960,
Viet Nam,VNM,2025,5.63
Viet Nam,VNM,2024,5.949
Viet Nam,VNM,2023,6.046
Viet Nam,VNM,2022,6.093
Viet Nam,VNM,2021,6.889
Viet Nam,VNM,2020,7.547
Viet Nam,VNM,2019,5.417
Viet Nam,VNM,2018,4.452
Viet Nam,VNM,2017,7.13
Viet Nam,VNM,2016,6.788
Viet Nam,VNM,2015,6.467
Viet Nam,VNM,2014,4.736
Viet Nam,VNM,2013,4.475
Viet Nam,VNM,2012,3.585
Viet Nam,VNM,2011,3.136
Viet Nam,VNM,2010,3.36
Viet Nam,VNM,2009,4.211
Viet Nam,VNM,2008,4.954
Viet Nam,VNM,2007,5.656
Viet Nam,VNM,2006,5.343
Viet Nam,VNM,2005,5.055
Viet Nam,VNM,2004,4.792
Viet Nam,VNM,2003,5.088
Viet Nam,VNM,2002,4.443
Viet Nam,VNM,2001,6.082
Viet Nam,VNM,2000,4.052
Viet Nam,VNM,1999,4.502
Viet Nam,VNM,1998,4.098
Viet Nam,VNM,1997,4.865
Viet Nam,VNM,1996,3.203
Viet Nam,VNM,1995,3.213
Viet Nam,VNM,1994,3.216
Viet Nam,VNM,1993,3.27
Viet Nam,VNM,1992,3.33
Viet Nam,VNM,1991,3.351
Viet Nam,VNM,1990,
Viet Nam,VNM,1989,
Viet Nam,VNM,1988,
Viet Nam,VNM,1987,
Viet Nam,VNM,1986,
Viet Nam,VNM,1985,
Viet Nam,VNM,1984,
Viet Nam,VNM,1983,
Viet Nam,VNM,1982,
Viet Nam,VNM,1981,
Viet Nam,VNM,1980,
Viet Nam,VNM,1979,
Viet Nam,VNM,1978,
Viet Nam,VNM,1977,
Viet Nam,VNM,1976,
Viet Nam,VNM,1975,
Viet Nam,VNM,1974,
Viet Nam,VNM,1973,
Viet Nam,VNM,1972,
Viet Nam,VNM,1971,
Viet Nam,VNM,1970,
Viet Nam,VNM,1969,
Viet Nam,VNM,1968,
Viet Nam,VNM,1967,
Viet Nam,VNM,1966,
Viet Nam,VNM,1965,
Viet Nam,VNM,1964,
Viet Nam,VNM,1963,
Viet Nam,VNM,1962,
Viet Nam,VNM,1961,
Viet Nam,VNM,1960,
Virgin Islands (U.S.),VIR,2025,27.481
Virgin Islands (U.S.),VIR,2024,25.765
Virgin Islands (U.S.),VIR,2023,26.54
Virgin Islands (U.S.),VIR,2022,29.231
Virgin Islands (U.S.),VIR,2021,35.211
Virgin Islands (U.S.),VIR,2020,39.75
Virgin Islands (U.S.),VIR,2019,29.908
Virgin Islands (U.S.),VIR,2018,30.612
Virgin Islands (U.S.),VIR,2017,30.221
Virgin Islands (U.S.),VIR,2016,31.426
Virgin Islands (U.S.),VIR,2015,29.778
Virgin Islands (U.S.),VIR,2014,31.087
Virgin Islands (U.S.),VIR,2013,30.33
Virgin Islands (U.S.),VIR,2012,28.709
Virgin Islands (U.S.),VIR,2011,28.174
Virgin Islands (U.S.),VIR,2010,26.133
Virgin Islands (U.S.),VIR,2009,26.232
Virgin Islands (U.S.),VIR,2008,23.016
Virgin Islands (U.S.),VIR,2007,23.154
Virgin Islands (U.S.),VIR,2006,23.923
Virgin Islands (U.S.),VIR,2005,25.644
Virgin Islands (U.S.),VIR,2004,26.007
Virgin Islands (U.S.),VIR,2003,26.759
Virgin Islands (U.S.),VIR,2002,25.716
Virgin Islands (U.S.),VIR,2001,25.311
Virgin Islands (U.S.),VIR,2000,24.985
Virgin Islands (U.S.),VIR,1999,26.247
Virgin Islands (U.S.),VIR,1998,27.204
Virgin Islands (U.S.),VIR,1997,27.555
Virgin Islands (U.S.),VIR,1996,27.244
Virgin Islands (U.S.),VIR,1995,27.178
Virgin Islands (U.S.),VIR,1994,27.878
Virgin Islands (U.S.),VIR,1993,28.33
Virgin Islands (U.S.),VIR,1992,29.135
Virgin Islands (U.S.),VIR,1991,28.941
Virgin Islands (U.S.),VIR,1990,
Virgin Islands (U.S.),VIR,1989,
Virgin Islands (U.S.),VIR,1988,
Virgin Islands (U.S.),VIR,1987,
Virgin Islands (U.S.),VIR,1986,
Virgin Islands (U.S.),VIR,1985,
Virgin Islands (U.S.),VIR,1984,
Virgin Islands (U.S.),VIR,1983,
Virgin Islands (U.S.),VIR,1982,
Virgin Islands (U.S.),VIR,1981,
Virgin Islands (U.S.),VIR,1980,
Virgin Islands (U.S.),VIR,1979,
Virgin Islands (U.S.),VIR,1978,
Virgin Islands (U.S.),VIR,1977,
Virgin Islands (U.S.),VIR,1976,
Virgin Islands (U.S.),VIR,1975,
Virgin Islands (U.S.),VIR,1974,
Virgin Islands (U.S.),VIR,1973,
Virgin Islands (U.S.),VIR,1972,
Virgin Islands (U.S.),VIR,1971,
Virgin Islands (U.S.),VIR,1970,
Virgin Islands (U.S.),VIR,1969,
Virgin Islands (U.S.),VIR,1968,
Virgin Islands (U.S.),VIR,1967,
Virgin Islands (U.S.),VIR,1966,
Virgin Islands (U.S.),VIR,1965,
Virgin Islands (U.S.),VIR,1964,
Virgin Islands (U.S.),VIR,1963,
Virgin Islands (U.S.),VIR,1962,
Virgin Islands (U.S.),VIR,1961,
Virgin Islands (U.S.),VIR,1960,
West Bank and Gaza,PSE,2025,
West Bank and Gaza,PSE,2024,
West Bank and Gaza,PSE,2023,
West Bank and Gaza,PSE,2022,56.616
West Bank and Gaza,PSE,2021,64.136
West Bank and Gaza,PSE,2020,69.384
West Bank and Gaza,PSE,2019,66.638
West Bank and Gaza,PSE,2018,68.985
West Bank and Gaza,PSE,2017,66.695
West Bank and Gaza,PSE,2016,60.568
West Bank and Gaza,PSE,2015,56.033
West Bank and Gaza,PSE,2014,51.486
West Bank and Gaza,PSE,2013,57.958
West Bank and Gaza,PSE,2012,56.038
West Bank and Gaza,PSE,2011,46.262
West Bank and Gaza,PSE,2010,43.599
West Bank and Gaza,PSE,2009,38.661
West Bank and Gaza,PSE,2008,43.466
West Bank and Gaza,PSE,2007,36.5
West Bank and Gaza,PSE,2006,32.998
West Bank and Gaza,PSE,2005,38.831
West Bank and Gaza,PSE,2004,36.793
West Bank and Gaza,PSE,2003,34.015
West Bank and Gaza,PSE,2002,29.567
West Bank and Gaza,PSE,2001,24.323
West Bank and Gaza,PSE,2000,16.904
West Bank and Gaza,PSE,1999,16.791
West Bank and Gaza,PSE,1998,16.74
West Bank and Gaza,PSE,1997,16.586
West Bank and Gaza,PSE,1996,16.568
West Bank and Gaza,PSE,1995,16.585
West Bank and Gaza,PSE,1994,16.56
West Bank and Gaza,PSE,1993,16.444
West Bank and Gaza,PSE,1992,16.386
West Bank and Gaza,PSE,1991,16.227
West Bank and Gaza,PSE,1990,
West Bank and Gaza,PSE,1989,
West Bank and Gaza,PSE,1988,
West Bank and Gaza,PSE,1987,
West Bank and Gaza,PSE,1986,
West Bank and Gaza,PSE,1985,
West Bank and Gaza,PSE,1984,
West Bank and Gaza,PSE,1983,
West Bank and Gaza,PSE,1982,
West Bank and Gaza,PSE,1981,
West Bank and Gaza,PSE,1980,
West Bank and Gaza,PSE,1979,
West Bank and Gaza,PSE,1978,
West Bank and Gaza,PSE,1977,
West Bank and Gaza,PSE,1976,
West Bank and Gaza,PSE,1975,
West Bank and Gaza,PSE,1974,
West Bank and Gaza,PSE,1973,
West Bank and Gaza,PSE,1972,
West Bank and Gaza,PSE,1971,
West Bank and Gaza,PSE,1970,
West Bank and Gaza,PSE,1969,
West Bank and Gaza,PSE,1968,
West Bank and Gaza,PSE,1967,
West Bank and Gaza,PSE,1966,
West Bank and Gaza,PSE,1965,
West Bank and Gaza,PSE,1964,
West Bank and Gaza,PSE,1963,
West Bank and Gaza,PSE,1962,
West Bank and Gaza,PSE,1961,
West Bank and Gaza,PSE,1960,
"Yemen, Rep.",YEM,2025,39.218
"Yemen, Rep.",YEM,2024,38.165
"Yemen, Rep.",YEM,2023,38.085
"Yemen, Rep.",YEM,2022,38.356
"Yemen, Rep.",YEM,2021,40.003
"Yemen, Rep.",YEM,2020,41.231
"Yemen, Rep.",YEM,2019,38.187
"Yemen, Rep.",YEM,2018,38.57
"Yemen, Rep.",YEM,2017,39.645
"Yemen, Rep.",YEM,2016,39.399
"Yemen, Rep.",YEM,2015,38.794
"Yemen, Rep.",YEM,2014,34.406
"Yemen, Rep.",YEM,2013,32.819
"Yemen, Rep.",YEM,2012,30.738
"Yemen, Rep.",YEM,2011,28.773
"Yemen, Rep.",YEM,2010,26.439
"Yemen, Rep.",YEM,2009,25.21
"Yemen, Rep.",YEM,2008,23.908
"Yemen, Rep.",YEM,2007,22.57
"Yemen, Rep.",YEM,2006,21.304
"Yemen, Rep.",YEM,2005,20.07
"Yemen, Rep.",YEM,2004,18.917
"Yemen, Rep.",YEM,2003,17.757
"Yemen, Rep.",YEM,2002,16.569
"Yemen, Rep.",YEM,2001,15.449
"Yemen, Rep.",YEM,2000,14.301
"Yemen, Rep.",YEM,1999,13.218
"Yemen, Rep.",YEM,1998,12.405
"Yemen, Rep.",YEM,1997,11.593
"Yemen, Rep.",YEM,1996,10.735
"Yemen, Rep.",YEM,1995,9.874
"Yemen, Rep.",YEM,1994,8.935
"Yemen, Rep.",YEM,1993,8.906
"Yemen, Rep.",YEM,1992,8.952
"Yemen, Rep.",YEM,1991,8.955
"Yemen, Rep.",YEM,1990,
"Yemen, Rep.",YEM,1989,
"Yemen, Rep.",YEM,1988,
"Yemen, Rep.",YEM,1987,
"Yemen, Rep.",YEM,1986,
"Yemen, Rep.",YEM,1985,
"Yemen, Rep.",YEM,1984,
"Yemen, Rep.",YEM,1983,
"Yemen, Rep.",YEM,1982,
"Yemen, Rep.",YEM,1981,
"Yemen, Rep.",YEM,1980,
"Yemen, Rep.",YEM,1979,
"Yemen, Rep.",YEM,1978,
"Yemen, Rep.",YEM,1977,
"Yemen, Rep.",YEM,1976,
"Yemen, Rep.",YEM,1975,
"Yemen, Rep.",YEM,1974,
"Yemen, Rep.",YEM,1973,
"Yemen, Rep.",YEM,1972,
"Yemen, Rep.",YEM,1971,
"Yemen, Rep.",YEM,1970,
"Yemen, Rep.",YEM,1969,
"Yemen, Rep.",YEM,1968,
"Yemen, Rep.",YEM,1967,
"Yemen, Rep.",YEM,1966,
"Yemen, Rep.",YEM,1965,
"Yemen, Rep.",YEM,1964,
"Yemen, Rep.",YEM,1963,
"Yemen, Rep.",YEM,1962,
"Yemen, Rep.",YEM,1961,
"Yemen, Rep.",YEM,1960,
Zambia,ZMB,2025,10.131
Zambia,ZMB,2024,9.845
Zambia,ZMB,2023,9.788
Zambia,ZMB,2022,9.88
Zambia,ZMB,2021,10.005
Zambia,ZMB,2020,10.764
Zambia,ZMB,2019,8.194
Zambia,ZMB,2018,8.037
Zambia,ZMB,2017,8.123
Zambia,ZMB,2016,10.131
Zambia,ZMB,2015,12.005
Zambia,ZMB,2014,13.666
Zambia,ZMB,2013,15.385
Zambia,ZMB,2012,16.857
Zambia,ZMB,2011,22.851
Zambia,ZMB,2010,28.763
Zambia,ZMB,2009,22.652
Zambia,ZMB,2008,16.661
Zambia,ZMB,2007,21.537
Zambia,ZMB,2006,26.222
Zambia,ZMB,2005,30.669
Zambia,ZMB,2004,28.769
Zambia,ZMB,2003,26.853
Zambia,ZMB,2002,25.091
Zambia,ZMB,2001,23.181
Zambia,ZMB,2000,21.702
Zambia,ZMB,1999,21.836
Zambia,ZMB,1998,21.842
Zambia,ZMB,1997,25.298
Zambia,ZMB,1996,30.014
Zambia,ZMB,1995,33.191
Zambia,ZMB,1994,36.909
Zambia,ZMB,1993,39.277
Zambia,ZMB,1992,41.202
Zambia,ZMB,1991,42.243
Zambia,ZMB,1990,
Zambia,ZMB,1989,
Zambia,ZMB,1988,
Zambia,ZMB,1987,
Zambia,ZMB,1986,
Zambia,ZMB,1985,
Zambia,ZMB,1984,
Zambia,ZMB,1983,
Zambia,ZMB,1982,
Zambia,ZMB,1981,
Zambia,ZMB,1980,
Zambia,ZMB,1979,
Zambia,ZMB,1978,
Zambia,ZMB,1977,
Zambia,ZMB,1976,
Zambia,ZMB,1975,
Zambia,ZMB,1974,
Zambia,ZMB,1973,
Zambia,ZMB,1972,
Zambia,ZMB,1971,
Zambia,ZMB,1970,
Zambia,ZMB,1969,
Zambia,ZMB,1968,
Zambia,ZMB,1967,
Zambia,ZMB,1966,
Zambia,ZMB,1965,
Zambia,ZMB,1964,
Zambia,ZMB,1963,
Zambia,ZMB,1962,
Zambia,ZMB,1961,
Zambia,ZMB,1960,
Zimbabwe,ZWE,2025,16.221
Zimbabwe,ZWE,2024,16.53
Zimbabwe,ZWE,2023,16.421
Zimbabwe,ZWE,2022,17.821
Zimbabwe,ZWE,2021,16.289
Zimbabwe,ZWE,2020,15.471
Zimbabwe,ZWE,2019,12.472
Zimbabwe,ZWE,2018,11.526
Zimbabwe,ZWE,2017,10.742
Zimbabwe,ZWE,2016,9.936
Zimbabwe,ZWE,2015,9.08
Zimbabwe,ZWE,2014,8.068
Zimbabwe,ZWE,2013,8.785
Zimbabwe,ZWE,2012,9.405
Zimbabwe,ZWE,2011,10.266
Zimbabwe,ZWE,2010,10.343
Zimbabwe,ZWE,2009,10.289
Zimbabwe,ZWE,2008,10.133
Zimbabwe,ZWE,2007,9.554
Zimbabwe,ZWE,2006,9.172
Zimbabwe,ZWE,2005,8.959
Zimbabwe,ZWE,2004,8.619
Zimbabwe,ZWE,2003,9.026
Zimbabwe,ZWE,2002,9.305
Zimbabwe,ZWE,2001,9.632
Zimbabwe,ZWE,2000,10.024
Zimbabwe,ZWE,1999,10.3
Zimbabwe,ZWE,1998,10.831
Zimbabwe,ZWE,1997,11.548
Zimbabwe,ZWE,1996,9.69
Zimbabwe,ZWE,1995,8.149
Zimbabwe,ZWE,1994,6.641
Zimbabwe,ZWE,1993,6.673
Zimbabwe,ZWE,1992,6.766
Zimbabwe,ZWE,1991,6.744
Zimbabwe,ZWE,1990,
Zimbabwe,ZWE,1989,
Zimbabwe,ZWE,1988,
Zimbabwe,ZWE,1987,
Zimbabwe,ZWE,1986,
Zimbabwe,ZWE,1985,
Zimbabwe,ZWE,1984,
Zimbabwe,ZWE,1983,
Zimbabwe,ZWE,1982,
Zimbabwe,ZWE,1981,
Zimbabwe,ZWE,1980,
Zimbabwe,ZWE,1979,
Zimbabwe,ZWE,1978,
Zimbabwe,ZWE,1977,
Zimbabwe,ZWE,1976,
Zimbabwe,ZWE,1975,
Zimbabwe,ZWE,1974,
Zimbabwe,ZWE,1973,
Zimbabwe,ZWE,1972,
Zimbabwe,ZWE,1971,
Zimbabwe,ZWE,1970,
Zimbabwe,ZWE,1969,
Zimbabwe,ZWE,1968,
Zimbabwe,ZWE,1967,
Zimbabwe,ZWE,1966,
Zimbabwe,ZWE,1965,
Zimbabwe,ZWE,1964,
Zimbabwe,ZWE,1963,
Zimbabwe,ZWE,1962,
Zimbabwe,ZWE,1961,
Zimbabwe,ZWE,1960,
