country,country_code,year,female_labor_force_participation
Afghanistan,AFG,2025,5.086
Afghanistan,AFG,2024,5.123
Afghanistan,AFG,2023,5.145
Afghanistan,AFG,2022,5.159
Afghanistan,AFG,2021,14.616
Afghanistan,AFG,2020,16.474
Afghanistan,AFG,2019,18.298
Afghanistan,AFG,2018,19.805
Afghanistan,AFG,2017,21.24
Afghanistan,AFG,2016,20.156
Afghanistan,AFG,2015,19.113
Afghanistan,AFG,2014,18.107
Afghanistan,AFG,2013,17.138
Afghanistan,AFG,2012,16.208
Afghanistan,AFG,2011,15.893
Afghanistan,AFG,2010,15.572
Afghanistan,AFG,2009,15.248
Afghanistan,AFG,2008,14.944
Afghanistan,AFG,2007,14.67
Afghanistan,AFG,2006,14.452
Afghanistan,AFG,2005,14.302
Afghanistan,AFG,2004,14.205
Afghanistan,AFG,2003,14.154
Afghanistan,AFG,2002,14.152
Afghanistan,AFG,2001,14.196
Afghanistan,AFG,2000,14.294
Afghanistan,AFG,1999,14.443
Afghanistan,AFG,1998,14.625
Afghanistan,AFG,1997,14.819
Afghanistan,AFG,1996,15.015
Afghanistan,AFG,1995,15.194
Afghanistan,AFG,1994,15.358
Afghanistan,AFG,1993,15.506
Afghanistan,AFG,1992,15.618
Afghanistan,AFG,1991,15.695
Afghanistan,AFG,1990,15.739
Afghanistan,AFG,1989,
Afghanistan,AFG,1988,
Afghanistan,AFG,1987,
Afghanistan,AFG,1986,
Afghanistan,AFG,1985,
Afghanistan,AFG,1984,
Afghanistan,AFG,1983,
Afghanistan,AFG,1982,
Afghanistan,AFG,1981,
Afghanistan,AFG,1980,
Afghanistan,AFG,1979,
Afghanistan,AFG,1978,
Afghanistan,AFG,1977,
Afghanistan,AFG,1976,
Afghanistan,AFG,1975,
Afghanistan,AFG,1974,
Afghanistan,AFG,1973,
Afghanistan,AFG,1972,
Afghanistan,AFG,1971,
Afghanistan,AFG,1970,
Afghanistan,AFG,1969,
Afghanistan,AFG,1968,
Afghanistan,AFG,1967,
Afghanistan,AFG,1966,
Afghanistan,AFG,1965,
Afghanistan,AFG,1964,
Afghanistan,AFG,1963,
Afghanistan,AFG,1962,
Afghanistan,AFG,1961,
Afghanistan,AFG,1960,
Albania,ALB,2025,58.567
Albania,ALB,2024,58.154
Albania,ALB,2023,57.963
Albania,ALB,2022,56.407
Albania,ALB,2021,52.523
Albania,ALB,2020,52.252
Albania,ALB,2019,52.931
Albania,ALB,2018,51.406
Albania,ALB,2017,49.736
Albania,ALB,2016,49.888
Albania,ALB,2015,47.117
Albania,ALB,2014,43.958
Albania,ALB,2013,43.783
Albania,ALB,2012,48.936
Albania,ALB,2011,52.561
Albania,ALB,2010,46.835
Albania,ALB,2009,45.955
Albania,ALB,2008,45.514
Albania,ALB,2007,46.076
Albania,ALB,2006,46.652
Albania,ALB,2005,47.242
Albania,ALB,2004,47.845
Albania,ALB,2003,48.461
Albania,ALB,2002,49.088
Albania,ALB,2001,49.68
Albania,ALB,2000,50.831
Albania,ALB,1999,51.824
Albania,ALB,1998,53.714
Albania,ALB,1997,55.15
Albania,ALB,1996,53.351
Albania,ALB,1995,54.819
Albania,ALB,1994,57.037
Albania,ALB,1993,58.56
Albania,ALB,1992,60.357
Albania,ALB,1991,59.052
Albania,ALB,1990,53.47
Albania,ALB,1989,
Albania,ALB,1988,
Albania,ALB,1987,
Albania,ALB,1986,
Albania,ALB,1985,
Albania,ALB,1984,
Albania,ALB,1983,
Albania,ALB,1982,
Albania,ALB,1981,
Albania,ALB,1980,
Albania,ALB,1979,
Albania,ALB,1978,
Albania,ALB,1977,
Albania,ALB,1976,
Albania,ALB,1975,
Albania,ALB,1974,
Albania,ALB,1973,
Albania,ALB,1972,
Albania,ALB,1971,
Albania,ALB,1970,
Albania,ALB,1969,
Albania,ALB,1968,
Albania,ALB,1967,
Albania,ALB,1966,
Albania,ALB,1965,
Albania,ALB,1964,
Albania,ALB,1963,
Albania,ALB,1962,
Albania,ALB,1961,
Albania,ALB,1960,
Algeria,DZA,2025,14.142
Algeria,DZA,2024,14.306
Algeria,DZA,2023,14.338
Algeria,DZA,2022,14.331
Algeria,DZA,2021,13.433
Algeria,DZA,2020,13.206
Algeria,DZA,2019,14.677
Algeria,DZA,2018,14.801
Algeria,DZA,2017,14.919
Algeria,DZA,2016,15.031
Algeria,DZA,2015,15.258
Algeria,DZA,2014,15.256
Algeria,DZA,2013,15.036
Algeria,DZA,2012,14.821
Algeria,DZA,2011,14.614
Algeria,DZA,2010,14.418
Algeria,DZA,2009,14.234
Algeria,DZA,2008,13.865
Algeria,DZA,2007,13.528
Algeria,DZA,2006,13.225
Algeria,DZA,2005,12.954
Algeria,DZA,2004,12.713
Algeria,DZA,2003,12.503
Algeria,DZA,2002,12.318
Algeria,DZA,2001,12.16
Algeria,DZA,2000,12.026
Algeria,DZA,1999,11.914
Algeria,DZA,1998,11.823
Algeria,DZA,1997,11.763
Algeria,DZA,1996,11.737
Algeria,DZA,1995,11.624
Algeria,DZA,1994,11.539
Algeria,DZA,1993,11.574
Algeria,DZA,1992,11.663
Algeria,DZA,1991,11.674
Algeria,DZA,1990,11.705
Algeria,DZA,1989,
Algeria,DZA,1988,
Algeria,DZA,1987,
Algeria,DZA,1986,
Algeria,DZA,1985,
Algeria,DZA,1984,
Algeria,DZA,1983,
Algeria,DZA,1982,
Algeria,DZA,1981,
Algeria,DZA,1980,
Algeria,DZA,1979,
Algeria,DZA,1978,
Algeria,DZA,1977,
Algeria,DZA,1976,
Algeria,DZA,1975,
Algeria,DZA,1974,
Algeria,DZA,1973,
Algeria,DZA,1972,
Algeria,DZA,1971,
Algeria,DZA,1970,
Algeria,DZA,1969,
Algeria,DZA,1968,
Algeria,DZA,1967,
Algeria,DZA,1966,
Algeria,DZA,1965,
Algeria,DZA,1964,
Algeria,DZA,1963,
Algeria,DZA,1962,
Algeria,DZA,1961,
Algeria,DZA,1960,
American Samoa,ASM,2025,
American Samoa,ASM,2024,
American Samoa,ASM,2023,
American Samoa,ASM,2022,
American Samoa,ASM,2021,
American Samoa,ASM,2020,
American Samoa,ASM,2019,
American Samoa,ASM,2018,
American Samoa,ASM,2017,
American Samoa,ASM,2016,
American Samoa,ASM,2015,
American Samoa,ASM,2014,
American Samoa,ASM,2013,
American Samoa,ASM,2012,
American Samoa,ASM,2011,
American Samoa,ASM,2010,
American Samoa,ASM,2009,
American Samoa,ASM,2008,
American Samoa,ASM,2007,
American Samoa,ASM,2006,
American Samoa,ASM,2005,
American Samoa,ASM,2004,
American Samoa,ASM,2003,
American Samoa,ASM,2002,
American Samoa,ASM,2001,
American Samoa,ASM,2000,
American Samoa,ASM,1999,
American Samoa,ASM,1998,
American Samoa,ASM,1997,
American Samoa,ASM,1996,
American Samoa,ASM,1995,
American Samoa,ASM,1994,
American Samoa,ASM,1993,
American Samoa,ASM,1992,
American Samoa,ASM,1991,
American Samoa,ASM,1990,
American Samoa,ASM,1989,
American Samoa,ASM,1988,
American Samoa,ASM,1987,
American Samoa,ASM,1986,
American Samoa,ASM,1985,
American Samoa,ASM,1984,
American Samoa,ASM,1983,
American Samoa,ASM,1982,
American Samoa,ASM,1981,
American Samoa,ASM,1980,
American Samoa,ASM,1979,
American Samoa,ASM,1978,
American Samoa,ASM,1977,
American Samoa,ASM,1976,
American Samoa,ASM,1975,
American Samoa,ASM,1974,
American Samoa,ASM,1973,
American Samoa,ASM,1972,
American Samoa,ASM,1971,
American Samoa,ASM,1970,
American Samoa,ASM,1969,
American Samoa,ASM,1968,
American Samoa,ASM,1967,
American Samoa,ASM,1966,
American Samoa,ASM,1965,
American Samoa,ASM,1964,
American Samoa,ASM,1963,
American Samoa,ASM,1962,
American Samoa,ASM,1961,
American Samoa,ASM,1960,
Andorra,AND,2025,
Andorra,AND,2024,
Andorra,AND,2023,
Andorra,AND,2022,
Andorra,AND,2021,
Andorra,AND,2020,
Andorra,AND,2019,
Andorra,AND,2018,
Andorra,AND,2017,
Andorra,AND,2016,
Andorra,AND,2015,
Andorra,AND,2014,
Andorra,AND,2013,
Andorra,AND,2012,
Andorra,AND,2011,
Andorra,AND,2010,
Andorra,AND,2009,
Andorra,AND,2008,
Andorra,AND,2007,
Andorra,AND,2006,
Andorra,AND,2005,
Andorra,AND,2004,
Andorra,AND,2003,
Andorra,AND,2002,
Andorra,AND,2001,
Andorra,AND,2000,
Andorra,AND,1999,
Andorra,AND,1998,
Andorra,AND,1997,
Andorra,AND,1996,
Andorra,AND,1995,
Andorra,AND,1994,
Andorra,AND,1993,
Andorra,AND,1992,
Andorra,AND,1991,
Andorra,AND,1990,
Andorra,AND,1989,
Andorra,AND,1988,
Andorra,AND,1987,
Andorra,AND,1986,
Andorra,AND,1985,
Andorra,AND,1984,
Andorra,AND,1983,
Andorra,AND,1982,
Andorra,AND,1981,
Andorra,AND,1980,
Andorra,AND,1979,
Andorra,AND,1978,
Andorra,AND,1977,
Andorra,AND,1976,
Andorra,AND,1975,
Andorra,AND,1974,
Andorra,AND,1973,
Andorra,AND,1972,
Andorra,AND,1971,
Andorra,AND,1970,
Andorra,AND,1969,
Andorra,AND,1968,
Andorra,AND,1967,
Andorra,AND,1966,
Andorra,AND,1965,
Andorra,AND,1964,
Andorra,AND,1963,
Andorra,AND,1962,
Andorra,AND,1961,
Andorra,AND,1960,
Angola,AGO,2025,72.224
Angola,AGO,2024,72.359
Angola,AGO,2023,72.318
Angola,AGO,2022,74.018
Angola,AGO,2021,74.695
Angola,AGO,2020,71.342
Angola,AGO,2019,72.985
Angola,AGO,2018,73.224
Angola,AGO,2017,73.461
Angola,AGO,2016,73.697
Angola,AGO,2015,73.933
Angola,AGO,2014,74.167
Angola,AGO,2013,74.4
Angola,AGO,2012,74.633
Angola,AGO,2011,74.865
Angola,AGO,2010,75.621
Angola,AGO,2009,75.627
Angola,AGO,2008,75.633
Angola,AGO,2007,75.633
Angola,AGO,2006,75.626
Angola,AGO,2005,75.615
Angola,AGO,2004,75.597
Angola,AGO,2003,75.574
Angola,AGO,2002,75.548
Angola,AGO,2001,75.522
Angola,AGO,2000,75.495
Angola,AGO,1999,75.471
Angola,AGO,1998,75.451
Angola,AGO,1997,75.434
Angola,AGO,1996,75.425
Angola,AGO,1995,75.426
Angola,AGO,1994,75.442
Angola,AGO,1993,75.473
Angola,AGO,1992,75.511
Angola,AGO,1991,75.555
Angola,AGO,1990,75.604
Angola,AGO,1989,
Angola,AGO,1988,
Angola,AGO,1987,
Angola,AGO,1986,
Angola,AGO,1985,
Angola,AGO,1984,
Angola,AGO,1983,
Angola,AGO,1982,
Angola,AGO,1981,
Angola,AGO,1980,
Angola,AGO,1979,
Angola,AGO,1978,
Angola,AGO,1977,
Angola,AGO,1976,
Angola,AGO,1975,
Angola,AGO,1974,
Angola,AGO,1973,
Angola,AGO,1972,
Angola,AGO,1971,
Angola,AGO,1970,
Angola,AGO,1969,
Angola,AGO,1968,
Angola,AGO,1967,
Angola,AGO,1966,
Angola,AGO,1965,
Angola,AGO,1964,
Angola,AGO,1963,
Angola,AGO,1962,
Angola,AGO,1961,
Angola,AGO,1960,
Antigua and Barbuda,ATG,2025,
Antigua and Barbuda,ATG,2024,
Antigua and Barbuda,ATG,2023,
Antigua and Barbuda,ATG,2022,
Antigua and Barbuda,ATG,2021,
Antigua and Barbuda,ATG,2020,
Antigua and Barbuda,ATG,2019,
Antigua and Barbuda,ATG,2018,
Antigua and Barbuda,ATG,2017,
Antigua and Barbuda,ATG,2016,
Antigua and Barbuda,ATG,2015,
Antigua and Barbuda,ATG,2014,
Antigua and Barbuda,ATG,2013,
Antigua and Barbuda,ATG,2012,
Antigua and Barbuda,ATG,2011,
Antigua and Barbuda,ATG,2010,
Antigua and Barbuda,ATG,2009,
Antigua and Barbuda,ATG,2008,
Antigua and Barbuda,ATG,2007,
Antigua and Barbuda,ATG,2006,
Antigua and Barbuda,ATG,2005,
Antigua and Barbuda,ATG,2004,
Antigua and Barbuda,ATG,2003,
Antigua and Barbuda,ATG,2002,
Antigua and Barbuda,ATG,2001,
Antigua and Barbuda,ATG,2000,
Antigua and Barbuda,ATG,1999,
Antigua and Barbuda,ATG,1998,
Antigua and Barbuda,ATG,1997,
Antigua and Barbuda,ATG,1996,
Antigua and Barbuda,ATG,1995,
Antigua and Barbuda,ATG,1994,
Antigua and Barbuda,ATG,1993,
Antigua and Barbuda,ATG,1992,
Antigua and Barbuda,ATG,1991,
Antigua and Barbuda,ATG,1990,
Antigua and Barbuda,ATG,1989,
Antigua and Barbuda,ATG,1988,
Antigua and Barbuda,ATG,1987,
Antigua and Barbuda,ATG,1986,
Antigua and Barbuda,ATG,1985,
Antigua and Barbuda,ATG,1984,
Antigua and Barbuda,ATG,1983,
Antigua and Barbuda,ATG,1982,
Antigua and Barbuda,ATG,1981,
Antigua and Barbuda,ATG,1980,
Antigua and Barbuda,ATG,1979,
Antigua and Barbuda,ATG,1978,
Antigua and Barbuda,ATG,1977,
Antigua and Barbuda,ATG,1976,
Antigua and Barbuda,ATG,1975,
Antigua and Barbuda,ATG,1974,
Antigua and Barbuda,ATG,1973,
Antigua and Barbuda,ATG,1972,
Antigua and Barbuda,ATG,1971,
Antigua and Barbuda,ATG,1970,
Antigua and Barbuda,ATG,1969,
Antigua and Barbuda,ATG,1968,
Antigua and Barbuda,ATG,1967,
Antigua and Barbuda,ATG,1966,
Antigua and Barbuda,ATG,1965,
Antigua and Barbuda,ATG,1964,
Antigua and Barbuda,ATG,1963,
Antigua and Barbuda,ATG,1962,
Antigua and Barbuda,ATG,1961,
Antigua and Barbuda,ATG,1960,
Argentina,ARG,2025,52.469
Argentina,ARG,2024,52.281
Argentina,ARG,2023,52.958
Argentina,ARG,2022,51.868
Argentina,ARG,2021,50.26
Argentina,ARG,2020,46.486
Argentina,ARG,2019,50.0
Argentina,ARG,2018,49.146
Argentina,ARG,2017,47.666
Argentina,ARG,2016,47.582
Argentina,ARG,2015,47.498
Argentina,ARG,2014,47.417
Argentina,ARG,2013,47.642
Argentina,ARG,2012,48.055
Argentina,ARG,2011,47.947
Argentina,ARG,2010,47.689
Argentina,ARG,2009,48.789
Argentina,ARG,2008,48.064
Argentina,ARG,2007,48.901
Argentina,ARG,2006,49.738
Argentina,ARG,2005,49.098
Argentina,ARG,2004,49.963
Argentina,ARG,2003,48.936
Argentina,ARG,2002,47.938
Argentina,ARG,2001,49.755
Argentina,ARG,2000,50.537
Argentina,ARG,1999,50.751
Argentina,ARG,1998,51.287
Argentina,ARG,1997,50.698
Argentina,ARG,1996,49.453
Argentina,ARG,1995,48.503
Argentina,ARG,1994,48.662
Argentina,ARG,1993,47.546
Argentina,ARG,1992,46.08
Argentina,ARG,1991,44.64
Argentina,ARG,1990,43.117
Argentina,ARG,1989,
Argentina,ARG,1988,
Argentina,ARG,1987,
Argentina,ARG,1986,
Argentina,ARG,1985,
Argentina,ARG,1984,
Argentina,ARG,1983,
Argentina,ARG,1982,
Argentina,ARG,1981,
Argentina,ARG,1980,
Argentina,ARG,1979,
Argentina,ARG,1978,
Argentina,ARG,1977,
Argentina,ARG,1976,
Argentina,ARG,1975,
Argentina,ARG,1974,
Argentina,ARG,1973,
Argentina,ARG,1972,
Argentina,ARG,1971,
Argentina,ARG,1970,
Argentina,ARG,1969,
Argentina,ARG,1968,
Argentina,ARG,1967,
Argentina,ARG,1966,
Argentina,ARG,1965,
Argentina,ARG,1964,
Argentina,ARG,1963,
Argentina,ARG,1962,
Argentina,ARG,1961,
Argentina,ARG,1960,
Armenia,ARM,2025,51.057
Armenia,ARM,2024,51.586
Armenia,ARM,2023,51.517
Armenia,ARM,2022,50.24
Armenia,ARM,2021,55.118
Armenia,ARM,2020,54.317
Armenia,ARM,2019,50.799
Armenia,ARM,2018,53.631
Armenia,ARM,2017,53.766
Armenia,ARM,2016,53.881
Armenia,ARM,2015,53.826
Armenia,ARM,2014,53.835
Armenia,ARM,2013,53.878
Armenia,ARM,2012,53.928
Armenia,ARM,2011,54.222
Armenia,ARM,2010,54.4
Armenia,ARM,2009,54.373
Armenia,ARM,2008,52.96
Armenia,ARM,2007,53.273
Armenia,ARM,2006,53.243
Armenia,ARM,2005,53.338
Armenia,ARM,2004,53.518
Armenia,ARM,2003,53.753
Armenia,ARM,2002,54.029
Armenia,ARM,2001,54.317
Armenia,ARM,2000,54.459
Armenia,ARM,1999,54.477
Armenia,ARM,1998,54.56
Armenia,ARM,1997,54.822
Armenia,ARM,1996,55.239
Armenia,ARM,1995,55.715
Armenia,ARM,1994,56.26
Armenia,ARM,1993,56.808
Armenia,ARM,1992,57.275
Armenia,ARM,1991,57.536
Armenia,ARM,1990,57.601
Armenia,ARM,1989,
Armenia,ARM,1988,
Armenia,ARM,1987,
Armenia,ARM,1986,
Armenia,ARM,1985,
Armenia,ARM,1984,
Armenia,ARM,1983,
Armenia,ARM,1982,
Armenia,ARM,1981,
Armenia,ARM,1980,
Armenia,ARM,1979,
Armenia,ARM,1978,
Armenia,ARM,1977,
Armenia,ARM,1976,
Armenia,ARM,1975,
Armenia,ARM,1974,
Armenia,ARM,1973,
Armenia,ARM,1972,
Armenia,ARM,1971,
Armenia,ARM,1970,
Armenia,ARM,1969,
Armenia,ARM,1968,
Armenia,ARM,1967,
Armenia,ARM,1966,
Armenia,ARM,1965,
Armenia,ARM,1964,
Armenia,ARM,1963,
Armenia,ARM,1962,
Armenia,ARM,1961,
Armenia,ARM,1960,
Aruba,ABW,2025,
Aruba,ABW,2024,
Aruba,ABW,2023,
Aruba,ABW,2022,
Aruba,ABW,2021,
Aruba,ABW,2020,
Aruba,ABW,2019,
Aruba,ABW,2018,
Aruba,ABW,2017,
Aruba,ABW,2016,
Aruba,ABW,2015,
Aruba,ABW,2014,
Aruba,ABW,2013,
Aruba,ABW,2012,
Aruba,ABW,2011,
Aruba,ABW,2010,
Aruba,ABW,2009,
Aruba,ABW,2008,
Aruba,ABW,2007,
Aruba,ABW,2006,
Aruba,ABW,2005,
Aruba,ABW,2004,
Aruba,ABW,2003,
Aruba,ABW,2002,
Aruba,ABW,2001,
Aruba,ABW,2000,
Aruba,ABW,1999,
Aruba,ABW,1998,
Aruba,ABW,1997,
Aruba,ABW,1996,
Aruba,ABW,1995,
Aruba,ABW,1994,
Aruba,ABW,1993,
Aruba,ABW,1992,
Aruba,ABW,1991,
Aruba,ABW,1990,
Aruba,ABW,1989,
Aruba,ABW,1988,
Aruba,ABW,1987,
Aruba,ABW,1986,
Aruba,ABW,1985,
Aruba,ABW,1984,
Aruba,ABW,1983,
Aruba,ABW,1982,
Aruba,ABW,1981,
Aruba,ABW,1980,
Aruba,ABW,1979,
Aruba,ABW,1978,
Aruba,ABW,1977,
Aruba,ABW,1976,
Aruba,ABW,1975,
Aruba,ABW,1974,
Aruba,ABW,1973,
Aruba,ABW,1972,
Aruba,ABW,1971,
Aruba,ABW,1970,
Aruba,ABW,1969,
Aruba,ABW,1968,
Aruba,ABW,1967,
Aruba,ABW,1966,
Aruba,ABW,1965,
Aruba,ABW,1964,
Aruba,ABW,1963,
Aruba,ABW,1962,
Aruba,ABW,1961,
Aruba,ABW,1960,
Australia,AUS,2025,62.513
Australia,AUS,2024,62.647
Australia,AUS,2023,62.576
Australia,AUS,2022,62.524
Australia,AUS,2021,61.516
Australia,AUS,2020,60.136
Australia,AUS,2019,61.031
Australia,AUS,2018,60.628
Australia,AUS,2017,59.877
Australia,AUS,2016,59.381
Australia,AUS,2015,59.151
Australia,AUS,2014,58.704
Australia,AUS,2013,58.739
Australia,AUS,2012,58.833
Australia,AUS,2011,58.931
Australia,AUS,2010,58.676
Australia,AUS,2009,58.792
Australia,AUS,2008,58.603
Australia,AUS,2007,58.135
Australia,AUS,2006,57.582
Australia,AUS,2005,57.048
Australia,AUS,2004,55.774
Australia,AUS,2003,56.013
Australia,AUS,2002,55.355
Australia,AUS,2001,55.158
Australia,AUS,2000,54.618
Australia,AUS,1999,53.727
Australia,AUS,1998,53.721
Australia,AUS,1997,53.66
Australia,AUS,1996,53.859
Australia,AUS,1995,53.675
Australia,AUS,1994,52.67
Australia,AUS,1993,51.77
Australia,AUS,1992,51.996
Australia,AUS,1991,52.038
Australia,AUS,1990,52.307
Australia,AUS,1989,
Australia,AUS,1988,
Australia,AUS,1987,
Australia,AUS,1986,
Australia,AUS,1985,
Australia,AUS,1984,
Australia,AUS,1983,
Australia,AUS,1982,
Australia,AUS,1981,
Australia,AUS,1980,
Australia,AUS,1979,
Australia,AUS,1978,
Australia,AUS,1977,
Australia,AUS,1976,
Australia,AUS,1975,
Australia,AUS,1974,
Australia,AUS,1973,
Australia,AUS,1972,
Australia,AUS,1971,
Australia,AUS,1970,
Australia,AUS,1969,
Australia,AUS,1968,
Australia,AUS,1967,
Australia,AUS,1966,
Australia,AUS,1965,
Australia,AUS,1964,
Australia,AUS,1963,
Australia,AUS,1962,
Australia,AUS,1961,
Australia,AUS,1960,
Austria,AUT,2025,55.059
Austria,AUT,2024,55.408
Austria,AUT,2023,55.812
Austria,AUT,2022,55.688
Austria,AUT,2021,55.35
Austria,AUT,2020,55.224
Austria,AUT,2019,55.514
Austria,AUT,2018,55.426
Austria,AUT,2017,55.351
Austria,AUT,2016,55.349
Austria,AUT,2015,54.827
Austria,AUT,2014,54.763
Austria,AUT,2013,54.711
Austria,AUT,2012,54.446
Austria,AUT,2011,53.942
Austria,AUT,2010,53.648
Austria,AUT,2009,53.539
Austria,AUT,2008,52.872
Austria,AUT,2007,52.379
Austria,AUT,2006,51.541
Austria,AUT,2005,50.866
Austria,AUT,2004,50.059
Austria,AUT,2003,50.232
Austria,AUT,2002,50.127
Austria,AUT,2001,48.861
Austria,AUT,2000,48.991
Austria,AUT,1999,48.998
Austria,AUT,1998,48.82
Austria,AUT,1997,48.253
Austria,AUT,1996,48.267
Austria,AUT,1995,48.714
Austria,AUT,1994,48.112
Austria,AUT,1993,45.647
Austria,AUT,1992,45.051
Austria,AUT,1991,43.647
Austria,AUT,1990,43.096
Austria,AUT,1989,
Austria,AUT,1988,
Austria,AUT,1987,
Austria,AUT,1986,
Austria,AUT,1985,
Austria,AUT,1984,
Austria,AUT,1983,
Austria,AUT,1982,
Austria,AUT,1981,
Austria,AUT,1980,
Austria,AUT,1979,
Austria,AUT,1978,
Austria,AUT,1977,
Austria,AUT,1976,
Austria,AUT,1975,
Austria,AUT,1974,
Austria,AUT,1973,
Austria,AUT,1972,
Austria,AUT,1971,
Austria,AUT,1970,
Austria,AUT,1969,
Austria,AUT,1968,
Austria,AUT,1967,
Austria,AUT,1966,
Austria,AUT,1965,
Austria,AUT,1964,
Austria,AUT,1963,
Austria,AUT,1962,
Austria,AUT,1961,
Austria,AUT,1960,
Azerbaijan,AZE,2025,60.759
Azerbaijan,AZE,2024,61.35
Azerbaijan,AZE,2023,61.748
Azerbaijan,AZE,2022,62.165
Azerbaijan,AZE,2021,61.174
Azerbaijan,AZE,2020,64.382
Azerbaijan,AZE,2019,62.441
Azerbaijan,AZE,2018,62.63
Azerbaijan,AZE,2017,62.213
Azerbaijan,AZE,2016,62.043
Azerbaijan,AZE,2015,61.096
Azerbaijan,AZE,2014,60.244
Azerbaijan,AZE,2013,59.364
Azerbaijan,AZE,2012,59.237
Azerbaijan,AZE,2011,59.434
Azerbaijan,AZE,2010,59.793
Azerbaijan,AZE,2009,58.092
Azerbaijan,AZE,2008,56.428
Azerbaijan,AZE,2007,56.405
Azerbaijan,AZE,2006,61.162
Azerbaijan,AZE,2005,62.978
Azerbaijan,AZE,2004,64.222
Azerbaijan,AZE,2003,66.626
Azerbaijan,AZE,2002,68.823
Azerbaijan,AZE,2001,70.283
Azerbaijan,AZE,2000,72.205
Azerbaijan,AZE,1999,73.434
Azerbaijan,AZE,1998,74.02
Azerbaijan,AZE,1997,74.902
Azerbaijan,AZE,1996,75.293
Azerbaijan,AZE,1995,75.155
Azerbaijan,AZE,1994,73.087
Azerbaijan,AZE,1993,69.968
Azerbaijan,AZE,1992,66.843
Azerbaijan,AZE,1991,64.489
Azerbaijan,AZE,1990,64.26
Azerbaijan,AZE,1989,
Azerbaijan,AZE,1988,
Azerbaijan,AZE,1987,
Azerbaijan,AZE,1986,
Azerbaijan,AZE,1985,
Azerbaijan,AZE,1984,
Azerbaijan,AZE,1983,
Azerbaijan,AZE,1982,
Azerbaijan,AZE,1981,
Azerbaijan,AZE,1980,
Azerbaijan,AZE,1979,
Azerbaijan,AZE,1978,
Azerbaijan,AZE,1977,
Azerbaijan,AZE,1976,
Azerbaijan,AZE,1975,
Azerbaijan,AZE,1974,
Azerbaijan,AZE,1973,
Azerbaijan,AZE,1972,
Azerbaijan,AZE,1971,
Azerbaijan,AZE,1970,
Azerbaijan,AZE,1969,
Azerbaijan,AZE,1968,
Azerbaijan,AZE,1967,
Azerbaijan,AZE,1966,
Azerbaijan,AZE,1965,
Azerbaijan,AZE,1964,
Azerbaijan,AZE,1963,
Azerbaijan,AZE,1962,
Azerbaijan,AZE,1961,
Azerbaijan,AZE,1960,
"Bahamas, The",BHS,2025,70.728
"Bahamas, The",BHS,2024,70.973
"Bahamas, The",BHS,2023,71.014
"Bahamas, The",BHS,2022,70.887
"Bahamas, The",BHS,2021,66.863
"Bahamas, The",BHS,2020,65.17
"Bahamas, The",BHS,2019,71.252
"Bahamas, The",BHS,2018,71.023
"Bahamas, The",BHS,2017,70.76
"Bahamas, The",BHS,2016,70.509
"Bahamas, The",BHS,2015,70.291
"Bahamas, The",BHS,2014,70.09
"Bahamas, The",BHS,2013,69.915
"Bahamas, The",BHS,2012,69.764
"Bahamas, The",BHS,2011,69.633
"Bahamas, The",BHS,2010,69.521
"Bahamas, The",BHS,2009,69.433
"Bahamas, The",BHS,2008,69.337
"Bahamas, The",BHS,2007,69.225
"Bahamas, The",BHS,2006,69.101
"Bahamas, The",BHS,2005,68.965
"Bahamas, The",BHS,2004,68.825
"Bahamas, The",BHS,2003,68.668
"Bahamas, The",BHS,2002,68.495
"Bahamas, The",BHS,2001,68.303
"Bahamas, The",BHS,2000,68.089
"Bahamas, The",BHS,1999,67.853
"Bahamas, The",BHS,1998,67.574
"Bahamas, The",BHS,1997,67.244
"Bahamas, The",BHS,1996,66.883
"Bahamas, The",BHS,1995,66.492
"Bahamas, The",BHS,1994,66.07
"Bahamas, The",BHS,1993,65.668
"Bahamas, The",BHS,1992,65.238
"Bahamas, The",BHS,1991,64.788
"Bahamas, The",BHS,1990,64.326
"Bahamas, The",BHS,1989,
"Bahamas, The",BHS,1988,
"Bahamas, The",BHS,1987,
"Bahamas, The",BHS,1986,
"Bahamas, The",BHS,1985,
"Bahamas, The",BHS,1984,
"Bahamas, The",BHS,1983,
"Bahamas, The",BHS,1982,
"Bahamas, The",BHS,1981,
"Bahamas, The",BHS,1980,
"Bahamas, The",BHS,1979,
"Bahamas, The",BHS,1978,
"Bahamas, The",BHS,1977,
"Bahamas, The",BHS,1976,
"Bahamas, The",BHS,1975,
"Bahamas, The",BHS,1974,
"Bahamas, The",BHS,1973,
"Bahamas, The",BHS,1972,
"Bahamas, The",BHS,1971,
"Bahamas, The",BHS,1970,
"Bahamas, The",BHS,1969,
"Bahamas, The",BHS,1968,
"Bahamas, The",BHS,1967,
"Bahamas, The",BHS,1966,
"Bahamas, The",BHS,1965,
"Bahamas, The",BHS,1964,
"Bahamas, The",BHS,1963,
"Bahamas, The",BHS,1962,
"Bahamas, The",BHS,1961,
"Bahamas, The",BHS,1960,
Bahrain,BHR,2025,42.294
Bahrain,BHR,2024,42.406
Bahrain,BHR,2023,42.382
Bahrain,BHR,2022,42.205
Bahrain,BHR,2021,41.196
Bahrain,BHR,2020,41.047
Bahrain,BHR,2019,42.516
Bahrain,BHR,2018,43.209
Bahrain,BHR,2017,43.581
Bahrain,BHR,2016,43.543
Bahrain,BHR,2015,43.369
Bahrain,BHR,2014,43.095
Bahrain,BHR,2013,42.952
Bahrain,BHR,2012,42.806
Bahrain,BHR,2011,42.579
Bahrain,BHR,2010,43.59
Bahrain,BHR,2009,42.274
Bahrain,BHR,2008,40.943
Bahrain,BHR,2007,39.727
Bahrain,BHR,2006,38.62
Bahrain,BHR,2005,37.61
Bahrain,BHR,2004,36.673
Bahrain,BHR,2003,36.073
Bahrain,BHR,2002,35.493
Bahrain,BHR,2001,34.91
Bahrain,BHR,2000,34.267
Bahrain,BHR,1999,33.597
Bahrain,BHR,1998,32.956
Bahrain,BHR,1997,32.342
Bahrain,BHR,1996,31.771
Bahrain,BHR,1995,31.238
Bahrain,BHR,1994,30.73
Bahrain,BHR,1993,30.226
Bahrain,BHR,1992,29.71
Bahrain,BHR,1991,29.122
Bahrain,BHR,1990,29.681
Bahrain,BHR,1989,
Bahrain,BHR,1988,
Bahrain,BHR,1987,
Bahrain,BHR,1986,
Bahrain,BHR,1985,
Bahrain,BHR,1984,
Bahrain,BHR,1983,
Bahrain,BHR,1982,
Bahrain,BHR,1981,
Bahrain,BHR,1980,
Bahrain,BHR,1979,
Bahrain,BHR,1978,
Bahrain,BHR,1977,
Bahrain,BHR,1976,
Bahrain,BHR,1975,
Bahrain,BHR,1974,
Bahrain,BHR,1973,
Bahrain,BHR,1972,
Bahrain,BHR,1971,
Bahrain,BHR,1970,
Bahrain,BHR,1969,
Bahrain,BHR,1968,
Bahrain,BHR,1967,
Bahrain,BHR,1966,
Bahrain,BHR,1965,
Bahrain,BHR,1964,
Bahrain,BHR,1963,
Bahrain,BHR,1962,
Bahrain,BHR,1961,
Bahrain,BHR,1960,
Bangladesh,BGD,2025,38.649
Bangladesh,BGD,2024,38.708
Bangladesh,BGD,2023,41.874
Bangladesh,BGD,2022,43.687
Bangladesh,BGD,2021,42.181
Bangladesh,BGD,2020,40.323
Bangladesh,BGD,2019,39.33
Bangladesh,BGD,2018,38.056
Bangladesh,BGD,2017,36.676
Bangladesh,BGD,2016,33.497
Bangladesh,BGD,2015,33.531
Bangladesh,BGD,2014,33.571
Bangladesh,BGD,2013,33.616
Bangladesh,BGD,2012,34.316
Bangladesh,BGD,2011,35.021
Bangladesh,BGD,2010,35.723
Bangladesh,BGD,2009,34.041
Bangladesh,BGD,2008,32.398
Bangladesh,BGD,2007,30.797
Bangladesh,BGD,2006,29.241
Bangladesh,BGD,2005,29.194
Bangladesh,BGD,2004,29.123
Bangladesh,BGD,2003,29.055
Bangladesh,BGD,2002,28.98
Bangladesh,BGD,2001,28.878
Bangladesh,BGD,2000,28.671
Bangladesh,BGD,1999,28.345
Bangladesh,BGD,1998,27.966
Bangladesh,BGD,1997,27.531
Bangladesh,BGD,1996,27.021
Bangladesh,BGD,1995,26.467
Bangladesh,BGD,1994,25.931
Bangladesh,BGD,1993,25.434
Bangladesh,BGD,1992,24.977
Bangladesh,BGD,1991,24.564
Bangladesh,BGD,1990,24.207
Bangladesh,BGD,1989,
Bangladesh,BGD,1988,
Bangladesh,BGD,1987,
Bangladesh,BGD,1986,
Bangladesh,BGD,1985,
Bangladesh,BGD,1984,
Bangladesh,BGD,1983,
Bangladesh,BGD,1982,
Bangladesh,BGD,1981,
Bangladesh,BGD,1980,
Bangladesh,BGD,1979,
Bangladesh,BGD,1978,
Bangladesh,BGD,1977,
Bangladesh,BGD,1976,
Bangladesh,BGD,1975,
Bangladesh,BGD,1974,
Bangladesh,BGD,1973,
Bangladesh,BGD,1972,
Bangladesh,BGD,1971,
Bangladesh,BGD,1970,
Bangladesh,BGD,1969,
Bangladesh,BGD,1968,
Bangladesh,BGD,1967,
Bangladesh,BGD,1966,
Bangladesh,BGD,1965,
Bangladesh,BGD,1964,
Bangladesh,BGD,1963,
Bangladesh,BGD,1962,
Bangladesh,BGD,1961,
Bangladesh,BGD,1960,
Barbados,BRB,2025,61.03
Barbados,BRB,2024,61.371
Barbados,BRB,2023,61.146
Barbados,BRB,2022,61.109
Barbados,BRB,2021,58.963
Barbados,BRB,2020,59.687
Barbados,BRB,2019,61.588
Barbados,BRB,2018,61.625
Barbados,BRB,2017,62.517
Barbados,BRB,2016,62.528
Barbados,BRB,2015,61.731
Barbados,BRB,2014,63.225
Barbados,BRB,2013,63.997
Barbados,BRB,2012,62.881
Barbados,BRB,2011,64.298
Barbados,BRB,2010,64.422
Barbados,BRB,2009,64.545
Barbados,BRB,2008,64.646
Barbados,BRB,2007,64.677
Barbados,BRB,2006,64.675
Barbados,BRB,2005,64.689
Barbados,BRB,2004,64.711
Barbados,BRB,2003,64.051
Barbados,BRB,2002,63.93
Barbados,BRB,2001,63.804
Barbados,BRB,2000,63.612
Barbados,BRB,1999,63.418
Barbados,BRB,1998,63.249
Barbados,BRB,1997,63.033
Barbados,BRB,1996,63.609
Barbados,BRB,1995,63.353
Barbados,BRB,1994,62.085
Barbados,BRB,1993,61.48
Barbados,BRB,1992,60.871
Barbados,BRB,1991,60.931
Barbados,BRB,1990,60.938
Barbados,BRB,1989,
Barbados,BRB,1988,
Barbados,BRB,1987,
Barbados,BRB,1986,
Barbados,BRB,1985,
Barbados,BRB,1984,
Barbados,BRB,1983,
Barbados,BRB,1982,
Barbados,BRB,1981,
Barbados,BRB,1980,
Barbados,BRB,1979,
Barbados,BRB,1978,
Barbados,BRB,1977,
Barbados,BRB,1976,
Barbados,BRB,1975,
Barbados,BRB,1974,
Barbados,BRB,1973,
Barbados,BRB,1972,
Barbados,BRB,1971,
Barbados,BRB,1970,
Barbados,BRB,1969,
Barbados,BRB,1968,
Barbados,BRB,1967,
Barbados,BRB,1966,
Barbados,BRB,1965,
Barbados,BRB,1964,
Barbados,BRB,1963,
Barbados,BRB,1962,
Barbados,BRB,1961,
Barbados,BRB,1960,
Belarus,BLR,2025,56.769
Belarus,BLR,2024,57.229
Belarus,BLR,2023,57.417
Belarus,BLR,2022,57.892
Belarus,BLR,2021,58.024
Belarus,BLR,2020,57.884
Belarus,BLR,2019,58.277
Belarus,BLR,2018,58.081
Belarus,BLR,2017,58.591
Belarus,BLR,2016,58.75
Belarus,BLR,2015,58.668
Belarus,BLR,2014,58.566
Belarus,BLR,2013,58.402
Belarus,BLR,2012,58.162
Belarus,BLR,2011,57.832
Belarus,BLR,2010,57.407
Belarus,BLR,2009,56.961
Belarus,BLR,2008,56.488
Belarus,BLR,2007,56.055
Belarus,BLR,2006,55.723
Belarus,BLR,2005,55.418
Belarus,BLR,2004,55.18
Belarus,BLR,2003,54.932
Belarus,BLR,2002,54.578
Belarus,BLR,2001,54.121
Belarus,BLR,2000,53.472
Belarus,BLR,1999,52.723
Belarus,BLR,1998,52.483
Belarus,BLR,1997,52.499
Belarus,BLR,1996,52.865
Belarus,BLR,1995,53.079
Belarus,BLR,1994,52.844
Belarus,BLR,1993,52.706
Belarus,BLR,1992,52.792
Belarus,BLR,1991,52.885
Belarus,BLR,1990,53.101
Belarus,BLR,1989,
Belarus,BLR,1988,
Belarus,BLR,1987,
Belarus,BLR,1986,
Belarus,BLR,1985,
Belarus,BLR,1984,
Belarus,BLR,1983,
Belarus,BLR,1982,
Belarus,BLR,1981,
Belarus,BLR,1980,
Belarus,BLR,1979,
Belarus,BLR,1978,
Belarus,BLR,1977,
Belarus,BLR,1976,
Belarus,BLR,1975,
Belarus,BLR,1974,
Belarus,BLR,1973,
Belarus,BLR,1972,
Belarus,BLR,1971,
Belarus,BLR,1970,
Belarus,BLR,1969,
Belarus,BLR,1968,
Belarus,BLR,1967,
Belarus,BLR,1966,
Belarus,BLR,1965,
Belarus,BLR,1964,
Belarus,BLR,1963,
Belarus,BLR,1962,
Belarus,BLR,1961,
Belarus,BLR,1960,
Belgium,BEL,2025,49.78
Belgium,BEL,2024,49.97
Belgium,BEL,2023,49.834
Belgium,BEL,2022,50.029
Belgium,BEL,2021,49.367
Belgium,BEL,2020,48.659
Belgium,BEL,2019,49.097
Belgium,BEL,2018,48.769
Belgium,BEL,2017,47.974
Belgium,BEL,2016,47.81
Belgium,BEL,2015,48.045
Belgium,BEL,2014,48.125
Belgium,BEL,2013,47.804
Belgium,BEL,2012,47.155
Belgium,BEL,2011,47.103
Belgium,BEL,2010,47.774
Belgium,BEL,2009,46.979
Belgium,BEL,2008,46.928
Belgium,BEL,2007,46.59
Belgium,BEL,2006,45.818
Belgium,BEL,2005,45.687
Belgium,BEL,2004,44.185
Belgium,BEL,2003,42.881
Belgium,BEL,2002,42.506
Belgium,BEL,2001,41.787
Belgium,BEL,2000,43.616
Belgium,BEL,1999,43.147
Belgium,BEL,1998,41.54
Belgium,BEL,1997,40.971
Belgium,BEL,1996,40.526
Belgium,BEL,1995,40.424
Belgium,BEL,1994,40.04
Belgium,BEL,1993,39.461
Belgium,BEL,1992,38.759
Belgium,BEL,1991,37.914
Belgium,BEL,1990,36.46
Belgium,BEL,1989,
Belgium,BEL,1988,
Belgium,BEL,1987,
Belgium,BEL,1986,
Belgium,BEL,1985,
Belgium,BEL,1984,
Belgium,BEL,1983,
Belgium,BEL,1982,
Belgium,BEL,1981,
Belgium,BEL,1980,
Belgium,BEL,1979,
Belgium,BEL,1978,
Belgium,BEL,1977,
Belgium,BEL,1976,
Belgium,BEL,1975,
Belgium,BEL,1974,
Belgium,BEL,1973,
Belgium,BEL,1972,
Belgium,BEL,1971,
Belgium,BEL,1970,
Belgium,BEL,1969,
Belgium,BEL,1968,
Belgium,BEL,1967,
Belgium,BEL,1966,
Belgium,BEL,1965,
Belgium,BEL,1964,
Belgium,BEL,1963,
Belgium,BEL,1962,
Belgium,BEL,1961,
Belgium,BEL,1960,
Belize,BLZ,2025,46.472
Belize,BLZ,2024,43.833
Belize,BLZ,2023,44.076
Belize,BLZ,2022,43.563
Belize,BLZ,2021,46.813
Belize,BLZ,2020,41.478
Belize,BLZ,2019,57.096
Belize,BLZ,2018,54.103
Belize,BLZ,2017,48.678
Belize,BLZ,2016,49.101
Belize,BLZ,2015,48.253
Belize,BLZ,2014,47.392
Belize,BLZ,2013,46.501
Belize,BLZ,2012,45.998
Belize,BLZ,2011,45.496
Belize,BLZ,2010,44.998
Belize,BLZ,2009,44.486
Belize,BLZ,2008,43.959
Belize,BLZ,2007,43.433
Belize,BLZ,2006,42.908
Belize,BLZ,2005,42.385
Belize,BLZ,2004,41.864
Belize,BLZ,2003,41.346
Belize,BLZ,2002,40.829
Belize,BLZ,2001,40.317
Belize,BLZ,2000,39.808
Belize,BLZ,1999,39.297
Belize,BLZ,1998,39.252
Belize,BLZ,1997,38.34
Belize,BLZ,1996,36.967
Belize,BLZ,1995,35.616
Belize,BLZ,1994,34.28
Belize,BLZ,1993,34.368
Belize,BLZ,1992,34.061
Belize,BLZ,1991,33.332
Belize,BLZ,1990,32.663
Belize,BLZ,1989,
Belize,BLZ,1988,
Belize,BLZ,1987,
Belize,BLZ,1986,
Belize,BLZ,1985,
Belize,BLZ,1984,
Belize,BLZ,1983,
Belize,BLZ,1982,
Belize,BLZ,1981,
Belize,BLZ,1980,
Belize,BLZ,1979,
Belize,BLZ,1978,
Belize,BLZ,1977,
Belize,BLZ,1976,
Belize,BLZ,1975,
Belize,BLZ,1974,
Belize,BLZ,1973,
Belize,BLZ,1972,
Belize,BLZ,1971,
Belize,BLZ,1970,
Belize,BLZ,1969,
Belize,BLZ,1968,
Belize,BLZ,1967,
Belize,BLZ,1966,
Belize,BLZ,1965,
Belize,BLZ,1964,
Belize,BLZ,1963,
Belize,BLZ,1962,
Belize,BLZ,1961,
Belize,BLZ,1960,
Benin,BEN,2025,75.164
Benin,BEN,2024,74.985
Benin,BEN,2023,74.802
Benin,BEN,2022,74.633
Benin,BEN,2021,74.754
Benin,BEN,2020,73.587
Benin,BEN,2019,74.325
Benin,BEN,2018,73.755
Benin,BEN,2017,73.179
Benin,BEN,2016,72.597
Benin,BEN,2015,72.007
Benin,BEN,2014,71.412
Benin,BEN,2013,70.81
Benin,BEN,2012,70.202
Benin,BEN,2011,69.588
Benin,BEN,2010,69.1
Benin,BEN,2009,68.616
Benin,BEN,2008,68.136
Benin,BEN,2007,67.66
Benin,BEN,2006,67.187
Benin,BEN,2005,66.715
Benin,BEN,2004,66.244
Benin,BEN,2003,65.78
Benin,BEN,2002,65.319
Benin,BEN,2001,64.381
Benin,BEN,2000,63.474
Benin,BEN,1999,62.594
Benin,BEN,1998,61.741
Benin,BEN,1997,60.913
Benin,BEN,1996,60.109
Benin,BEN,1995,59.322
Benin,BEN,1994,58.548
Benin,BEN,1993,57.803
Benin,BEN,1992,57.082
Benin,BEN,1991,57.096
Benin,BEN,1990,57.113
Benin,BEN,1989,
Benin,BEN,1988,
Benin,BEN,1987,
Benin,BEN,1986,
Benin,BEN,1985,
Benin,BEN,1984,
Benin,BEN,1983,
Benin,BEN,1982,
Benin,BEN,1981,
Benin,BEN,1980,
Benin,BEN,1979,
Benin,BEN,1978,
Benin,BEN,1977,
Benin,BEN,1976,
Benin,BEN,1975,
Benin,BEN,1974,
Benin,BEN,1973,
Benin,BEN,1972,
Benin,BEN,1971,
Benin,BEN,1970,
Benin,BEN,1969,
Benin,BEN,1968,
Benin,BEN,1967,
Benin,BEN,1966,
Benin,BEN,1965,
Benin,BEN,1964,
Benin,BEN,1963,
Benin,BEN,1962,
Benin,BEN,1961,
Benin,BEN,1960,
Bermuda,BMU,2025,
Bermuda,BMU,2024,
Bermuda,BMU,2023,
Bermuda,BMU,2022,
Bermuda,BMU,2021,
Bermuda,BMU,2020,
Bermuda,BMU,2019,
Bermuda,BMU,2018,
Bermuda,BMU,2017,
Bermuda,BMU,2016,
Bermuda,BMU,2015,
Bermuda,BMU,2014,
Bermuda,BMU,2013,
Bermuda,BMU,2012,
Bermuda,BMU,2011,
Bermuda,BMU,2010,
Bermuda,BMU,2009,
Bermuda,BMU,2008,
Bermuda,BMU,2007,
Bermuda,BMU,2006,
Bermuda,BMU,2005,
Bermuda,BMU,2004,
Bermuda,BMU,2003,
Bermuda,BMU,2002,
Bermuda,BMU,2001,
Bermuda,BMU,2000,
Bermuda,BMU,1999,
Bermuda,BMU,1998,
Bermuda,BMU,1997,
Bermuda,BMU,1996,
Bermuda,BMU,1995,
Bermuda,BMU,1994,
Bermuda,BMU,1993,
Bermuda,BMU,1992,
Bermuda,BMU,1991,
Bermuda,BMU,1990,
Bermuda,BMU,1989,
Bermuda,BMU,1988,
Bermuda,BMU,1987,
Bermuda,BMU,1986,
Bermuda,BMU,1985,
Bermuda,BMU,1984,
Bermuda,BMU,1983,
Bermuda,BMU,1982,
Bermuda,BMU,1981,
Bermuda,BMU,1980,
Bermuda,BMU,1979,
Bermuda,BMU,1978,
Bermuda,BMU,1977,
Bermuda,BMU,1976,
Bermuda,BMU,1975,
Bermuda,BMU,1974,
Bermuda,BMU,1973,
Bermuda,BMU,1972,
Bermuda,BMU,1971,
Bermuda,BMU,1970,
Bermuda,BMU,1969,
Bermuda,BMU,1968,
Bermuda,BMU,1967,
Bermuda,BMU,1966,
Bermuda,BMU,1965,
Bermuda,BMU,1964,
Bermuda,BMU,1963,
Bermuda,BMU,1962,
Bermuda,BMU,1961,
Bermuda,BMU,1960,
Bhutan,BTN,2025,56.7
Bhutan,BTN,2024,56.636
Bhutan,BTN,2023,56.618
Bhutan,BTN,2022,52.51
Bhutan,BTN,2021,64.902
Bhutan,BTN,2020,63.002
Bhutan,BTN,2019,60.631
Bhutan,BTN,2018,54.743
Bhutan,BTN,2017,54.815
Bhutan,BTN,2016,54.892
Bhutan,BTN,2015,54.976
Bhutan,BTN,2014,53.93
Bhutan,BTN,2013,58.19
Bhutan,BTN,2012,63.073
Bhutan,BTN,2011,62.328
Bhutan,BTN,2010,63.319
Bhutan,BTN,2009,65.615
Bhutan,BTN,2008,65.254
Bhutan,BTN,2007,64.807
Bhutan,BTN,2006,64.326
Bhutan,BTN,2005,63.749
Bhutan,BTN,2004,62.923
Bhutan,BTN,2003,61.96
Bhutan,BTN,2002,61.032
Bhutan,BTN,2001,60.142
Bhutan,BTN,2000,59.314
Bhutan,BTN,1999,58.576
Bhutan,BTN,1998,57.914
Bhutan,BTN,1997,57.31
Bhutan,BTN,1996,56.768
Bhutan,BTN,1995,56.274
Bhutan,BTN,1994,55.836
Bhutan,BTN,1993,55.461
Bhutan,BTN,1992,55.124
Bhutan,BTN,1991,54.863
Bhutan,BTN,1990,54.673
Bhutan,BTN,1989,
Bhutan,BTN,1988,
Bhutan,BTN,1987,
Bhutan,BTN,1986,
Bhutan,BTN,1985,
Bhutan,BTN,1984,
Bhutan,BTN,1983,
Bhutan,BTN,1982,
Bhutan,BTN,1981,
Bhutan,BTN,1980,
Bhutan,BTN,1979,
Bhutan,BTN,1978,
Bhutan,BTN,1977,
Bhutan,BTN,1976,
Bhutan,BTN,1975,
Bhutan,BTN,1974,
Bhutan,BTN,1973,
Bhutan,BTN,1972,
Bhutan,BTN,1971,
Bhutan,BTN,1970,
Bhutan,BTN,1969,
Bhutan,BTN,1968,
Bhutan,BTN,1967,
Bhutan,BTN,1966,
Bhutan,BTN,1965,
Bhutan,BTN,1964,
Bhutan,BTN,1963,
Bhutan,BTN,1962,
Bhutan,BTN,1961,
Bhutan,BTN,1960,
Bolivia,BOL,2025,72.868
Bolivia,BOL,2024,72.389
Bolivia,BOL,2023,72.455
Bolivia,BOL,2022,71.715
Bolivia,BOL,2021,71.057
Bolivia,BOL,2020,65.02
Bolivia,BOL,2019,66.243
Bolivia,BOL,2018,63.56
Bolivia,BOL,2017,59.112
Bolivia,BOL,2016,56.919
Bolivia,BOL,2015,57.044
Bolivia,BOL,2014,57.169
Bolivia,BOL,2013,57.294
Bolivia,BOL,2012,57.42
Bolivia,BOL,2011,57.545
Bolivia,BOL,2010,57.671
Bolivia,BOL,2009,57.798
Bolivia,BOL,2008,57.924
Bolivia,BOL,2007,58.05
Bolivia,BOL,2006,58.177
Bolivia,BOL,2005,58.305
Bolivia,BOL,2004,58.433
Bolivia,BOL,2003,58.561
Bolivia,BOL,2002,58.69
Bolivia,BOL,2001,58.83
Bolivia,BOL,2000,58.98
Bolivia,BOL,1999,59.135
Bolivia,BOL,1998,59.291
Bolivia,BOL,1997,59.45
Bolivia,BOL,1996,58.814
Bolivia,BOL,1995,58.237
Bolivia,BOL,1994,57.599
Bolivia,BOL,1993,56.939
Bolivia,BOL,1992,56.414
Bolivia,BOL,1991,56.347
Bolivia,BOL,1990,55.844
Bolivia,BOL,1989,
Bolivia,BOL,1988,
Bolivia,BOL,1987,
Bolivia,BOL,1986,
Bolivia,BOL,1985,
Bolivia,BOL,1984,
Bolivia,BOL,1983,
Bolivia,BOL,1982,
Bolivia,BOL,1981,
Bolivia,BOL,1980,
Bolivia,BOL,1979,
Bolivia,BOL,1978,
Bolivia,BOL,1977,
Bolivia,BOL,1976,
Bolivia,BOL,1975,
Bolivia,BOL,1974,
Bolivia,BOL,1973,
Bolivia,BOL,1972,
Bolivia,BOL,1971,
Bolivia,BOL,1970,
Bolivia,BOL,1969,
Bolivia,BOL,1968,
Bolivia,BOL,1967,
Bolivia,BOL,1966,
Bolivia,BOL,1965,
Bolivia,BOL,1964,
Bolivia,BOL,1963,
Bolivia,BOL,1962,
Bolivia,BOL,1961,
Bolivia,BOL,1960,
Bosnia and Herzegovina,BIH,2025,39.241
Bosnia and Herzegovina,BIH,2024,39.399
Bosnia and Herzegovina,BIH,2023,39.533
Bosnia and Herzegovina,BIH,2022,38.537
Bosnia and Herzegovina,BIH,2021,37.416
Bosnia and Herzegovina,BIH,2020,37.115
Bosnia and Herzegovina,BIH,2019,38.209
Bosnia and Herzegovina,BIH,2018,38.384
Bosnia and Herzegovina,BIH,2017,38.558
Bosnia and Herzegovina,BIH,2016,38.632
Bosnia and Herzegovina,BIH,2015,38.824
Bosnia and Herzegovina,BIH,2014,38.994
Bosnia and Herzegovina,BIH,2013,39.306
Bosnia and Herzegovina,BIH,2012,39.563
Bosnia and Herzegovina,BIH,2011,39.774
Bosnia and Herzegovina,BIH,2010,40.214
Bosnia and Herzegovina,BIH,2009,40.333
Bosnia and Herzegovina,BIH,2008,40.457
Bosnia and Herzegovina,BIH,2007,40.479
Bosnia and Herzegovina,BIH,2006,40.519
Bosnia and Herzegovina,BIH,2005,40.562
Bosnia and Herzegovina,BIH,2004,40.792
Bosnia and Herzegovina,BIH,2003,40.934
Bosnia and Herzegovina,BIH,2002,41.141
Bosnia and Herzegovina,BIH,2001,41.131
Bosnia and Herzegovina,BIH,2000,41.249
Bosnia and Herzegovina,BIH,1999,41.333
Bosnia and Herzegovina,BIH,1998,41.339
Bosnia and Herzegovina,BIH,1997,41.478
Bosnia and Herzegovina,BIH,1996,41.446
Bosnia and Herzegovina,BIH,1995,41.637
Bosnia and Herzegovina,BIH,1994,42.027
Bosnia and Herzegovina,BIH,1993,42.207
Bosnia and Herzegovina,BIH,1992,42.511
Bosnia and Herzegovina,BIH,1991,42.19
Bosnia and Herzegovina,BIH,1990,41.671
Bosnia and Herzegovina,BIH,1989,
Bosnia and Herzegovina,BIH,1988,
Bosnia and Herzegovina,BIH,1987,
Bosnia and Herzegovina,BIH,1986,
Bosnia and Herzegovina,BIH,1985,
Bosnia and Herzegovina,BIH,1984,
Bosnia and Herzegovina,BIH,1983,
Bosnia and Herzegovina,BIH,1982,
Bosnia and Herzegovina,BIH,1981,
Bosnia and Herzegovina,BIH,1980,
Bosnia and Herzegovina,BIH,1979,
Bosnia and Herzegovina,BIH,1978,
Bosnia and Herzegovina,BIH,1977,
Bosnia and Herzegovina,BIH,1976,
Bosnia and Herzegovina,BIH,1975,
Bosnia and Herzegovina,BIH,1974,
Bosnia and Herzegovina,BIH,1973,
Bosnia and Herzegovina,BIH,1972,
Bosnia and Herzegovina,BIH,1971,
Bosnia and Herzegovina,BIH,1970,
Bosnia and Herzegovina,BIH,1969,
Bosnia and Herzegovina,BIH,1968,
Bosnia and Herzegovina,BIH,1967,
Bosnia and Herzegovina,BIH,1966,
Bosnia and Herzegovina,BIH,1965,
Bosnia and Herzegovina,BIH,1964,
Bosnia and Herzegovina,BIH,1963,
Bosnia and Herzegovina,BIH,1962,
Bosnia and Herzegovina,BIH,1961,
Bosnia and Herzegovina,BIH,1960,
Botswana,BWA,2025,63.708
Botswana,BWA,2024,63.45
Botswana,BWA,2023,63.426
Botswana,BWA,2022,59.93
Botswana,BWA,2021,58.943
Botswana,BWA,2020,56.142
Botswana,BWA,2019,58.044
Botswana,BWA,2018,57.556
Botswana,BWA,2017,57.102
Botswana,BWA,2016,56.68
Botswana,BWA,2015,56.288
Botswana,BWA,2014,55.889
Botswana,BWA,2013,55.432
Botswana,BWA,2012,54.887
Botswana,BWA,2011,54.162
Botswana,BWA,2010,53.337
Botswana,BWA,2009,55.988
Botswana,BWA,2008,55.073
Botswana,BWA,2007,54.17
Botswana,BWA,2006,53.282
Botswana,BWA,2005,52.584
Botswana,BWA,2004,51.905
Botswana,BWA,2003,51.259
Botswana,BWA,2002,50.663
Botswana,BWA,2001,50.088
Botswana,BWA,2000,49.511
Botswana,BWA,1999,49.262
Botswana,BWA,1998,49.101
Botswana,BWA,1997,49.057
Botswana,BWA,1996,49.006
Botswana,BWA,1995,48.952
Botswana,BWA,1994,48.888
Botswana,BWA,1993,48.823
Botswana,BWA,1992,48.752
Botswana,BWA,1991,48.705
Botswana,BWA,1990,48.669
Botswana,BWA,1989,
Botswana,BWA,1988,
Botswana,BWA,1987,
Botswana,BWA,1986,
Botswana,BWA,1985,
Botswana,BWA,1984,
Botswana,BWA,1983,
Botswana,BWA,1982,
Botswana,BWA,1981,
Botswana,BWA,1980,
Botswana,BWA,1979,
Botswana,BWA,1978,
Botswana,BWA,1977,
Botswana,BWA,1976,
Botswana,BWA,1975,
Botswana,BWA,1974,
Botswana,BWA,1973,
Botswana,BWA,1972,
Botswana,BWA,1971,
Botswana,BWA,1970,
Botswana,BWA,1969,
Botswana,BWA,1968,
Botswana,BWA,1967,
Botswana,BWA,1966,
Botswana,BWA,1965,
Botswana,BWA,1964,
Botswana,BWA,1963,
Botswana,BWA,1962,
Botswana,BWA,1961,
Botswana,BWA,1960,
Brazil,BRA,2025,53.411
Brazil,BRA,2024,53.576
Brazil,BRA,2023,53.205
Brazil,BRA,2022,53.864
Brazil,BRA,2021,52.482
Brazil,BRA,2020,50.338
Brazil,BRA,2019,55.306
Brazil,BRA,2018,54.581
Brazil,BRA,2017,54.353
Brazil,BRA,2016,53.522
Brazil,BRA,2015,53.323
Brazil,BRA,2014,52.714
Brazil,BRA,2013,52.826
Brazil,BRA,2012,52.873
Brazil,BRA,2011,53.517
Brazil,BRA,2010,55.049
Brazil,BRA,2009,56.567
Brazil,BRA,2008,56.039
Brazil,BRA,2007,56.286
Brazil,BRA,2006,56.546
Brazil,BRA,2005,56.859
Brazil,BRA,2004,55.642
Brazil,BRA,2003,54.776
Brazil,BRA,2002,54.57
Brazil,BRA,2001,52.957
Brazil,BRA,2000,51.851
Brazil,BRA,1999,50.801
Brazil,BRA,1998,49.48
Brazil,BRA,1997,48.677
Brazil,BRA,1996,47.676
Brazil,BRA,1995,48.916
Brazil,BRA,1994,47.821
Brazil,BRA,1993,46.718
Brazil,BRA,1992,45.604
Brazil,BRA,1991,44.487
Brazil,BRA,1990,44.405
Brazil,BRA,1989,
Brazil,BRA,1988,
Brazil,BRA,1987,
Brazil,BRA,1986,
Brazil,BRA,1985,
Brazil,BRA,1984,
Brazil,BRA,1983,
Brazil,BRA,1982,
Brazil,BRA,1981,
Brazil,BRA,1980,
Brazil,BRA,1979,
Brazil,BRA,1978,
Brazil,BRA,1977,
Brazil,BRA,1976,
Brazil,BRA,1975,
Brazil,BRA,1974,
Brazil,BRA,1973,
Brazil,BRA,1972,
Brazil,BRA,1971,
Brazil,BRA,1970,
Brazil,BRA,1969,
Brazil,BRA,1968,
Brazil,BRA,1967,
Brazil,BRA,1966,
Brazil,BRA,1965,
Brazil,BRA,1964,
Brazil,BRA,1963,
Brazil,BRA,1962,
Brazil,BRA,1961,
Brazil,BRA,1960,
British Virgin Islands,VGB,2025,
British Virgin Islands,VGB,2024,
British Virgin Islands,VGB,2023,
British Virgin Islands,VGB,2022,
British Virgin Islands,VGB,2021,
British Virgin Islands,VGB,2020,
British Virgin Islands,VGB,2019,
British Virgin Islands,VGB,2018,
British Virgin Islands,VGB,2017,
British Virgin Islands,VGB,2016,
British Virgin Islands,VGB,2015,
British Virgin Islands,VGB,2014,
British Virgin Islands,VGB,2013,
British Virgin Islands,VGB,2012,
British Virgin Islands,VGB,2011,
British Virgin Islands,VGB,2010,
British Virgin Islands,VGB,2009,
British Virgin Islands,VGB,2008,
British Virgin Islands,VGB,2007,
British Virgin Islands,VGB,2006,
British Virgin Islands,VGB,2005,
British Virgin Islands,VGB,2004,
British Virgin Islands,VGB,2003,
British Virgin Islands,VGB,2002,
British Virgin Islands,VGB,2001,
British Virgin Islands,VGB,2000,
British Virgin Islands,VGB,1999,
British Virgin Islands,VGB,1998,
British Virgin Islands,VGB,1997,
British Virgin Islands,VGB,1996,
British Virgin Islands,VGB,1995,
British Virgin Islands,VGB,1994,
British Virgin Islands,VGB,1993,
British Virgin Islands,VGB,1992,
British Virgin Islands,VGB,1991,
British Virgin Islands,VGB,1990,
British Virgin Islands,VGB,1989,
British Virgin Islands,VGB,1988,
British Virgin Islands,VGB,1987,
British Virgin Islands,VGB,1986,
British Virgin Islands,VGB,1985,
British Virgin Islands,VGB,1984,
British Virgin Islands,VGB,1983,
British Virgin Islands,VGB,1982,
British Virgin Islands,VGB,1981,
British Virgin Islands,VGB,1980,
British Virgin Islands,VGB,1979,
British Virgin Islands,VGB,1978,
British Virgin Islands,VGB,1977,
British Virgin Islands,VGB,1976,
British Virgin Islands,VGB,1975,
British Virgin Islands,VGB,1974,
British Virgin Islands,VGB,1973,
British Virgin Islands,VGB,1972,
British Virgin Islands,VGB,1971,
British Virgin Islands,VGB,1970,
British Virgin Islands,VGB,1969,
British Virgin Islands,VGB,1968,
British Virgin Islands,VGB,1967,
British Virgin Islands,VGB,1966,
British Virgin Islands,VGB,1965,
British Virgin Islands,VGB,1964,
British Virgin Islands,VGB,1963,
British Virgin Islands,VGB,1962,
British Virgin Islands,VGB,1961,
British Virgin Islands,VGB,1960,
Brunei Darussalam,BRN,2025,54.436
Brunei Darussalam,BRN,2024,54.71
Brunei Darussalam,BRN,2023,54.827
Brunei Darussalam,BRN,2022,53.7
Brunei Darussalam,BRN,2021,54.791
Brunei Darussalam,BRN,2020,54.472
Brunei Darussalam,BRN,2019,55.057
Brunei Darussalam,BRN,2018,57.72
Brunei Darussalam,BRN,2017,57.458
Brunei Darussalam,BRN,2016,57.411
Brunei Darussalam,BRN,2015,57.383
Brunei Darussalam,BRN,2014,57.355
Brunei Darussalam,BRN,2013,57.304
Brunei Darussalam,BRN,2012,57.224
Brunei Darussalam,BRN,2011,57.074
Brunei Darussalam,BRN,2010,56.829
Brunei Darussalam,BRN,2009,56.589
Brunei Darussalam,BRN,2008,56.426
Brunei Darussalam,BRN,2007,56.329
Brunei Darussalam,BRN,2006,56.255
Brunei Darussalam,BRN,2005,56.173
Brunei Darussalam,BRN,2004,56.076
Brunei Darussalam,BRN,2003,55.963
Brunei Darussalam,BRN,2002,55.83
Brunei Darussalam,BRN,2001,55.678
Brunei Darussalam,BRN,2000,54.851
Brunei Darussalam,BRN,1999,53.986
Brunei Darussalam,BRN,1998,53.105
Brunei Darussalam,BRN,1997,52.222
Brunei Darussalam,BRN,1996,51.337
Brunei Darussalam,BRN,1995,50.431
Brunei Darussalam,BRN,1994,49.487
Brunei Darussalam,BRN,1993,48.497
Brunei Darussalam,BRN,1992,47.474
Brunei Darussalam,BRN,1991,46.434
Brunei Darussalam,BRN,1990,46.963
Brunei Darussalam,BRN,1989,
Brunei Darussalam,BRN,1988,
Brunei Darussalam,BRN,1987,
Brunei Darussalam,BRN,1986,
Brunei Darussalam,BRN,1985,
Brunei Darussalam,BRN,1984,
Brunei Darussalam,BRN,1983,
Brunei Darussalam,BRN,1982,
Brunei Darussalam,BRN,1981,
Brunei Darussalam,BRN,1980,
Brunei Darussalam,BRN,1979,
Brunei Darussalam,BRN,1978,
Brunei Darussalam,BRN,1977,
Brunei Darussalam,BRN,1976,
Brunei Darussalam,BRN,1975,
Brunei Darussalam,BRN,1974,
Brunei Darussalam,BRN,1973,
Brunei Darussalam,BRN,1972,
Brunei Darussalam,BRN,1971,
Brunei Darussalam,BRN,1970,
Brunei Darussalam,BRN,1969,
Brunei Darussalam,BRN,1968,
Brunei Darussalam,BRN,1967,
Brunei Darussalam,BRN,1966,
Brunei Darussalam,BRN,1965,
Brunei Darussalam,BRN,1964,
Brunei Darussalam,BRN,1963,
Brunei Darussalam,BRN,1962,
Brunei Darussalam,BRN,1961,
Brunei Darussalam,BRN,1960,
Bulgaria,BGR,2025,50.376
Bulgaria,BGR,2024,50.487
Bulgaria,BGR,2023,51.029
Bulgaria,BGR,2022,50.802
Bulgaria,BGR,2021,49.193
Bulgaria,BGR,2020,49.517
Bulgaria,BGR,2019,50.385
Bulgaria,BGR,2018,49.175
Bulgaria,BGR,2017,49.604
Bulgaria,BGR,2016,47.437
Bulgaria,BGR,2015,48.725
Bulgaria,BGR,2014,48.389
Bulgaria,BGR,2013,48.534
Bulgaria,BGR,2012,47.958
Bulgaria,BGR,2011,47.2
Bulgaria,BGR,2010,47.819
Bulgaria,BGR,2009,48.062
Bulgaria,BGR,2008,48.92
Bulgaria,BGR,2007,48.069
Bulgaria,BGR,2006,46.742
Bulgaria,BGR,2005,44.646
Bulgaria,BGR,2004,45.711
Bulgaria,BGR,2003,44.865
Bulgaria,BGR,2002,46.197
Bulgaria,BGR,2001,46.664
Bulgaria,BGR,2000,44.321
Bulgaria,BGR,1999,44.55
Bulgaria,BGR,1998,44.243
Bulgaria,BGR,1997,44.449
Bulgaria,BGR,1996,44.032
Bulgaria,BGR,1995,44.215
Bulgaria,BGR,1994,44.338
Bulgaria,BGR,1993,44.445
Bulgaria,BGR,1992,44.605
Bulgaria,BGR,1991,44.733
Bulgaria,BGR,1990,44.911
Bulgaria,BGR,1989,
Bulgaria,BGR,1988,
Bulgaria,BGR,1987,
Bulgaria,BGR,1986,
Bulgaria,BGR,1985,
Bulgaria,BGR,1984,
Bulgaria,BGR,1983,
Bulgaria,BGR,1982,
Bulgaria,BGR,1981,
Bulgaria,BGR,1980,
Bulgaria,BGR,1979,
Bulgaria,BGR,1978,
Bulgaria,BGR,1977,
Bulgaria,BGR,1976,
Bulgaria,BGR,1975,
Bulgaria,BGR,1974,
Bulgaria,BGR,1973,
Bulgaria,BGR,1972,
Bulgaria,BGR,1971,
Bulgaria,BGR,1970,
Bulgaria,BGR,1969,
Bulgaria,BGR,1968,
Bulgaria,BGR,1967,
Bulgaria,BGR,1966,
Bulgaria,BGR,1965,
Bulgaria,BGR,1964,
Bulgaria,BGR,1963,
Bulgaria,BGR,1962,
Bulgaria,BGR,1961,
Bulgaria,BGR,1960,
Burkina Faso,BFA,2025,64.074
Burkina Faso,BFA,2024,64.113
Burkina Faso,BFA,2023,64.722
Burkina Faso,BFA,2022,65.403
Burkina Faso,BFA,2021,67.668
Burkina Faso,BFA,2020,69.457
Burkina Faso,BFA,2019,72.467
Burkina Faso,BFA,2018,72.734
Burkina Faso,BFA,2017,73.0
Burkina Faso,BFA,2016,73.267
Burkina Faso,BFA,2015,73.531
Burkina Faso,BFA,2014,73.793
Burkina Faso,BFA,2013,74.052
Burkina Faso,BFA,2012,74.31
Burkina Faso,BFA,2011,74.565
Burkina Faso,BFA,2010,74.817
Burkina Faso,BFA,2009,75.067
Burkina Faso,BFA,2008,75.314
Burkina Faso,BFA,2007,75.561
Burkina Faso,BFA,2006,75.811
Burkina Faso,BFA,2005,76.062
Burkina Faso,BFA,2004,76.315
Burkina Faso,BFA,2003,76.568
Burkina Faso,BFA,2002,76.819
Burkina Faso,BFA,2001,77.068
Burkina Faso,BFA,2000,77.315
Burkina Faso,BFA,1999,77.559
Burkina Faso,BFA,1998,77.801
Burkina Faso,BFA,1997,78.036
Burkina Faso,BFA,1996,78.264
Burkina Faso,BFA,1995,78.489
Burkina Faso,BFA,1994,78.714
Burkina Faso,BFA,1993,78.935
Burkina Faso,BFA,1992,79.153
Burkina Faso,BFA,1991,79.367
Burkina Faso,BFA,1990,79.394
Burkina Faso,BFA,1989,
Burkina Faso,BFA,1988,
Burkina Faso,BFA,1987,
Burkina Faso,BFA,1986,
Burkina Faso,BFA,1985,
Burkina Faso,BFA,1984,
Burkina Faso,BFA,1983,
Burkina Faso,BFA,1982,
Burkina Faso,BFA,1981,
Burkina Faso,BFA,1980,
Burkina Faso,BFA,1979,
Burkina Faso,BFA,1978,
Burkina Faso,BFA,1977,
Burkina Faso,BFA,1976,
Burkina Faso,BFA,1975,
Burkina Faso,BFA,1974,
Burkina Faso,BFA,1973,
Burkina Faso,BFA,1972,
Burkina Faso,BFA,1971,
Burkina Faso,BFA,1970,
Burkina Faso,BFA,1969,
Burkina Faso,BFA,1968,
Burkina Faso,BFA,1967,
Burkina Faso,BFA,1966,
Burkina Faso,BFA,1965,
Burkina Faso,BFA,1964,
Burkina Faso,BFA,1963,
Burkina Faso,BFA,1962,
Burkina Faso,BFA,1961,
Burkina Faso,BFA,1960,
Burundi,BDI,2025,79.498
Burundi,BDI,2024,79.728
Burundi,BDI,2023,79.98
Burundi,BDI,2022,80.249
Burundi,BDI,2021,80.488
Burundi,BDI,2020,78.558
Burundi,BDI,2019,80.888
Burundi,BDI,2018,81.073
Burundi,BDI,2017,81.087
Burundi,BDI,2016,81.001
Burundi,BDI,2015,80.778
Burundi,BDI,2014,80.46
Burundi,BDI,2013,80.235
Burundi,BDI,2012,79.95
Burundi,BDI,2011,79.631
Burundi,BDI,2010,79.267
Burundi,BDI,2009,78.77
Burundi,BDI,2008,78.219
Burundi,BDI,2007,77.675
Burundi,BDI,2006,77.057
Burundi,BDI,2005,78.357
Burundi,BDI,2004,79.526
Burundi,BDI,2003,80.577
Burundi,BDI,2002,81.561
Burundi,BDI,2001,82.48
Burundi,BDI,2000,83.348
Burundi,BDI,1999,84.182
Burundi,BDI,1998,84.972
Burundi,BDI,1997,85.85
Burundi,BDI,1996,86.708
Burundi,BDI,1995,87.479
Burundi,BDI,1994,88.078
Burundi,BDI,1993,88.762
Burundi,BDI,1992,89.435
Burundi,BDI,1991,89.953
Burundi,BDI,1990,90.451
Burundi,BDI,1989,
Burundi,BDI,1988,
Burundi,BDI,1987,
Burundi,BDI,1986,
Burundi,BDI,1985,
Burundi,BDI,1984,
Burundi,BDI,1983,
Burundi,BDI,1982,
Burundi,BDI,1981,
Burundi,BDI,1980,
Burundi,BDI,1979,
Burundi,BDI,1978,
Burundi,BDI,1977,
Burundi,BDI,1976,
Burundi,BDI,1975,
Burundi,BDI,1974,
Burundi,BDI,1973,
Burundi,BDI,1972,
Burundi,BDI,1971,
Burundi,BDI,1970,
Burundi,BDI,1969,
Burundi,BDI,1968,
Burundi,BDI,1967,
Burundi,BDI,1966,
Burundi,BDI,1965,
Burundi,BDI,1964,
Burundi,BDI,1963,
Burundi,BDI,1962,
Burundi,BDI,1961,
Burundi,BDI,1960,
Cabo Verde,CPV,2025,50.47
Cabo Verde,CPV,2024,50.429
Cabo Verde,CPV,2023,50.216
Cabo Verde,CPV,2022,49.927
Cabo Verde,CPV,2021,47.643
Cabo Verde,CPV,2020,46.76
Cabo Verde,CPV,2019,50.407
Cabo Verde,CPV,2018,48.62
Cabo Verde,CPV,2017,52.038
Cabo Verde,CPV,2016,51.941
Cabo Verde,CPV,2015,51.843
Cabo Verde,CPV,2014,51.743
Cabo Verde,CPV,2013,51.641
Cabo Verde,CPV,2012,51.537
Cabo Verde,CPV,2011,51.431
Cabo Verde,CPV,2010,51.329
Cabo Verde,CPV,2009,48.403
Cabo Verde,CPV,2008,47.831
Cabo Verde,CPV,2007,47.285
Cabo Verde,CPV,2006,46.764
Cabo Verde,CPV,2005,46.269
Cabo Verde,CPV,2004,45.799
Cabo Verde,CPV,2003,45.352
Cabo Verde,CPV,2002,44.928
Cabo Verde,CPV,2001,44.524
Cabo Verde,CPV,2000,44.134
Cabo Verde,CPV,1999,43.749
Cabo Verde,CPV,1998,43.375
Cabo Verde,CPV,1997,43.017
Cabo Verde,CPV,1996,42.673
Cabo Verde,CPV,1995,42.347
Cabo Verde,CPV,1994,42.036
Cabo Verde,CPV,1993,41.741
Cabo Verde,CPV,1992,41.461
Cabo Verde,CPV,1991,41.196
Cabo Verde,CPV,1990,40.946
Cabo Verde,CPV,1989,
Cabo Verde,CPV,1988,
Cabo Verde,CPV,1987,
Cabo Verde,CPV,1986,
Cabo Verde,CPV,1985,
Cabo Verde,CPV,1984,
Cabo Verde,CPV,1983,
Cabo Verde,CPV,1982,
Cabo Verde,CPV,1981,
Cabo Verde,CPV,1980,
Cabo Verde,CPV,1979,
Cabo Verde,CPV,1978,
Cabo Verde,CPV,1977,
Cabo Verde,CPV,1976,
Cabo Verde,CPV,1975,
Cabo Verde,CPV,1974,
Cabo Verde,CPV,1973,
Cabo Verde,CPV,1972,
Cabo Verde,CPV,1971,
Cabo Verde,CPV,1970,
Cabo Verde,CPV,1969,
Cabo Verde,CPV,1968,
Cabo Verde,CPV,1967,
Cabo Verde,CPV,1966,
Cabo Verde,CPV,1965,
Cabo Verde,CPV,1964,
Cabo Verde,CPV,1963,
Cabo Verde,CPV,1962,
Cabo Verde,CPV,1961,
Cabo Verde,CPV,1960,
Cambodia,KHM,2025,77.351
Cambodia,KHM,2024,77.299
Cambodia,KHM,2023,77.22
Cambodia,KHM,2022,77.173
Cambodia,KHM,2021,73.711
Cambodia,KHM,2020,77.09
Cambodia,KHM,2019,77.289
Cambodia,KHM,2018,76.845
Cambodia,KHM,2017,76.417
Cambodia,KHM,2016,75.918
Cambodia,KHM,2015,73.417
Cambodia,KHM,2014,74.39
Cambodia,KHM,2013,74.402
Cambodia,KHM,2012,78.356
Cambodia,KHM,2011,81.841
Cambodia,KHM,2010,81.275
Cambodia,KHM,2009,77.375
Cambodia,KHM,2008,71.971
Cambodia,KHM,2007,74.683
Cambodia,KHM,2006,74.887
Cambodia,KHM,2005,75.101
Cambodia,KHM,2004,75.325
Cambodia,KHM,2003,75.559
Cambodia,KHM,2002,76.315
Cambodia,KHM,2001,77.074
Cambodia,KHM,2000,77.834
Cambodia,KHM,1999,78.595
Cambodia,KHM,1998,78.92
Cambodia,KHM,1997,78.936
Cambodia,KHM,1996,78.837
Cambodia,KHM,1995,78.774
Cambodia,KHM,1994,78.807
Cambodia,KHM,1993,77.377
Cambodia,KHM,1992,77.337
Cambodia,KHM,1991,77.389
Cambodia,KHM,1990,77.488
Cambodia,KHM,1989,
Cambodia,KHM,1988,
Cambodia,KHM,1987,
Cambodia,KHM,1986,
Cambodia,KHM,1985,
Cambodia,KHM,1984,
Cambodia,KHM,1983,
Cambodia,KHM,1982,
Cambodia,KHM,1981,
Cambodia,KHM,1980,
Cambodia,KHM,1979,
Cambodia,KHM,1978,
Cambodia,KHM,1977,
Cambodia,KHM,1976,
Cambodia,KHM,1975,
Cambodia,KHM,1974,
Cambodia,KHM,1973,
Cambodia,KHM,1972,
Cambodia,KHM,1971,
Cambodia,KHM,1970,
Cambodia,KHM,1969,
Cambodia,KHM,1968,
Cambodia,KHM,1967,
Cambodia,KHM,1966,
Cambodia,KHM,1965,
Cambodia,KHM,1964,
Cambodia,KHM,1963,
Cambodia,KHM,1962,
Cambodia,KHM,1961,
Cambodia,KHM,1960,
Cameroon,CMR,2025,56.595
Cameroon,CMR,2024,57.104
Cameroon,CMR,2023,57.095
Cameroon,CMR,2022,57.098
Cameroon,CMR,2021,57.093
Cameroon,CMR,2020,58.059
Cameroon,CMR,2019,60.035
Cameroon,CMR,2018,61.419
Cameroon,CMR,2017,62.821
Cameroon,CMR,2016,64.23
Cameroon,CMR,2015,65.628
Cameroon,CMR,2014,67.006
Cameroon,CMR,2013,67.885
Cameroon,CMR,2012,68.757
Cameroon,CMR,2011,69.623
Cameroon,CMR,2010,70.481
Cameroon,CMR,2009,73.187
Cameroon,CMR,2008,75.727
Cameroon,CMR,2007,78.096
Cameroon,CMR,2006,78.075
Cameroon,CMR,2005,78.055
Cameroon,CMR,2004,78.031
Cameroon,CMR,2003,77.998
Cameroon,CMR,2002,77.954
Cameroon,CMR,2001,77.905
Cameroon,CMR,2000,77.861
Cameroon,CMR,1999,77.821
Cameroon,CMR,1998,77.78
Cameroon,CMR,1997,77.729
Cameroon,CMR,1996,77.677
Cameroon,CMR,1995,77.636
Cameroon,CMR,1994,77.608
Cameroon,CMR,1993,77.589
Cameroon,CMR,1992,77.579
Cameroon,CMR,1991,77.579
Cameroon,CMR,1990,77.585
Cameroon,CMR,1989,
Cameroon,CMR,1988,
Cameroon,CMR,1987,
Cameroon,CMR,1986,
Cameroon,CMR,1985,
Cameroon,CMR,1984,
Cameroon,CMR,1983,
Cameroon,CMR,1982,
Cameroon,CMR,1981,
Cameroon,CMR,1980,
Cameroon,CMR,1979,
Cameroon,CMR,1978,
Cameroon,CMR,1977,
Cameroon,CMR,1976,
Cameroon,CMR,1975,
Cameroon,CMR,1974,
Cameroon,CMR,1973,
Cameroon,CMR,1972,
Cameroon,CMR,1971,
Cameroon,CMR,1970,
Cameroon,CMR,1969,
Cameroon,CMR,1968,
Cameroon,CMR,1967,
Cameroon,CMR,1966,
Cameroon,CMR,1965,
Cameroon,CMR,1964,
Cameroon,CMR,1963,
Cameroon,CMR,1962,
Cameroon,CMR,1961,
Cameroon,CMR,1960,
Canada,CAN,2025,60.204
Canada,CAN,2024,60.415
Canada,CAN,2023,61.134
Canada,CAN,2022,61.049
Canada,CAN,2021,60.634
Canada,CAN,2020,59.379
Canada,CAN,2019,61.253
Canada,CAN,2018,60.965
Canada,CAN,2017,61.072
Canada,CAN,2016,60.879
Canada,CAN,2015,60.969
Canada,CAN,2014,61.204
Canada,CAN,2013,61.816
Canada,CAN,2012,61.73
Canada,CAN,2011,61.643
Canada,CAN,2010,61.867
Canada,CAN,2009,61.889
Canada,CAN,2008,61.9
Canada,CAN,2007,61.769
Canada,CAN,2006,61.268
Canada,CAN,2005,60.992
Canada,CAN,2004,61.292
Canada,CAN,2003,61.174
Canada,CAN,2002,60.159
Canada,CAN,2001,58.978
Canada,CAN,2000,58.669
Canada,CAN,1999,58.201
Canada,CAN,1998,57.674
Canada,CAN,1997,57.086
Canada,CAN,1996,56.77
Canada,CAN,1995,56.808
Canada,CAN,1994,56.856
Canada,CAN,1993,57.009
Canada,CAN,1992,57.202
Canada,CAN,1991,57.826
Canada,CAN,1990,57.884
Canada,CAN,1989,
Canada,CAN,1988,
Canada,CAN,1987,
Canada,CAN,1986,
Canada,CAN,1985,
Canada,CAN,1984,
Canada,CAN,1983,
Canada,CAN,1982,
Canada,CAN,1981,
Canada,CAN,1980,
Canada,CAN,1979,
Canada,CAN,1978,
Canada,CAN,1977,
Canada,CAN,1976,
Canada,CAN,1975,
Canada,CAN,1974,
Canada,CAN,1973,
Canada,CAN,1972,
Canada,CAN,1971,
Canada,CAN,1970,
Canada,CAN,1969,
Canada,CAN,1968,
Canada,CAN,1967,
Canada,CAN,1966,
Canada,CAN,1965,
Canada,CAN,1964,
Canada,CAN,1963,
Canada,CAN,1962,
Canada,CAN,1961,
Canada,CAN,1960,
Cayman Islands,CYM,2025,
Cayman Islands,CYM,2024,
Cayman Islands,CYM,2023,
Cayman Islands,CYM,2022,
Cayman Islands,CYM,2021,
Cayman Islands,CYM,2020,
Cayman Islands,CYM,2019,
Cayman Islands,CYM,2018,
Cayman Islands,CYM,2017,
Cayman Islands,CYM,2016,
Cayman Islands,CYM,2015,
Cayman Islands,CYM,2014,
Cayman Islands,CYM,2013,
Cayman Islands,CYM,2012,
Cayman Islands,CYM,2011,
Cayman Islands,CYM,2010,
Cayman Islands,CYM,2009,
Cayman Islands,CYM,2008,
Cayman Islands,CYM,2007,
Cayman Islands,CYM,2006,
Cayman Islands,CYM,2005,
Cayman Islands,CYM,2004,
Cayman Islands,CYM,2003,
Cayman Islands,CYM,2002,
Cayman Islands,CYM,2001,
Cayman Islands,CYM,2000,
Cayman Islands,CYM,1999,
Cayman Islands,CYM,1998,
Cayman Islands,CYM,1997,
Cayman Islands,CYM,1996,
Cayman Islands,CYM,1995,
Cayman Islands,CYM,1994,
Cayman Islands,CYM,1993,
Cayman Islands,CYM,1992,
Cayman Islands,CYM,1991,
Cayman Islands,CYM,1990,
Cayman Islands,CYM,1989,
Cayman Islands,CYM,1988,
Cayman Islands,CYM,1987,
Cayman Islands,CYM,1986,
Cayman Islands,CYM,1985,
Cayman Islands,CYM,1984,
Cayman Islands,CYM,1983,
Cayman Islands,CYM,1982,
Cayman Islands,CYM,1981,
Cayman Islands,CYM,1980,
Cayman Islands,CYM,1979,
Cayman Islands,CYM,1978,
Cayman Islands,CYM,1977,
Cayman Islands,CYM,1976,
Cayman Islands,CYM,1975,
Cayman Islands,CYM,1974,
Cayman Islands,CYM,1973,
Cayman Islands,CYM,1972,
Cayman Islands,CYM,1971,
Cayman Islands,CYM,1970,
Cayman Islands,CYM,1969,
Cayman Islands,CYM,1968,
Cayman Islands,CYM,1967,
Cayman Islands,CYM,1966,
Cayman Islands,CYM,1965,
Cayman Islands,CYM,1964,
Cayman Islands,CYM,1963,
Cayman Islands,CYM,1962,
Cayman Islands,CYM,1961,
Cayman Islands,CYM,1960,
Central African Republic,CAF,2025,65.464
Central African Republic,CAF,2024,65.544
Central African Republic,CAF,2023,65.608
Central African Republic,CAF,2022,65.525
Central African Republic,CAF,2021,64.799
Central African Republic,CAF,2020,64.776
Central African Republic,CAF,2019,65.359
Central African Republic,CAF,2018,65.313
Central African Republic,CAF,2017,65.308
Central African Republic,CAF,2016,65.301
Central African Republic,CAF,2015,65.301
Central African Republic,CAF,2014,65.391
Central African Republic,CAF,2013,65.549
Central African Republic,CAF,2012,65.693
Central African Republic,CAF,2011,65.832
Central African Republic,CAF,2010,65.914
Central African Republic,CAF,2009,65.871
Central African Republic,CAF,2008,65.824
Central African Republic,CAF,2007,65.847
Central African Republic,CAF,2006,65.883
Central African Republic,CAF,2005,65.898
Central African Republic,CAF,2004,65.881
Central African Republic,CAF,2003,65.863
Central African Republic,CAF,2002,65.822
Central African Republic,CAF,2001,65.792
Central African Republic,CAF,2000,65.774
Central African Republic,CAF,1999,65.737
Central African Republic,CAF,1998,65.709
Central African Republic,CAF,1997,65.693
Central African Republic,CAF,1996,65.689
Central African Republic,CAF,1995,65.709
Central African Republic,CAF,1994,65.736
Central African Republic,CAF,1993,65.758
Central African Republic,CAF,1992,65.801
Central African Republic,CAF,1991,65.871
Central African Republic,CAF,1990,65.971
Central African Republic,CAF,1989,
Central African Republic,CAF,1988,
Central African Republic,CAF,1987,
Central African Republic,CAF,1986,
Central African Republic,CAF,1985,
Central African Republic,CAF,1984,
Central African Republic,CAF,1983,
Central African Republic,CAF,1982,
Central African Republic,CAF,1981,
Central African Republic,CAF,1980,
Central African Republic,CAF,1979,
Central African Republic,CAF,1978,
Central African Republic,CAF,1977,
Central African Republic,CAF,1976,
Central African Republic,CAF,1975,
Central African Republic,CAF,1974,
Central African Republic,CAF,1973,
Central African Republic,CAF,1972,
Central African Republic,CAF,1971,
Central African Republic,CAF,1970,
Central African Republic,CAF,1969,
Central African Republic,CAF,1968,
Central African Republic,CAF,1967,
Central African Republic,CAF,1966,
Central African Republic,CAF,1965,
Central African Republic,CAF,1964,
Central African Republic,CAF,1963,
Central African Republic,CAF,1962,
Central African Republic,CAF,1961,
Central African Republic,CAF,1960,
Chad,TCD,2025,47.301
Chad,TCD,2024,47.554
Chad,TCD,2023,47.817
Chad,TCD,2022,47.933
Chad,TCD,2021,48.119
Chad,TCD,2020,48.067
Chad,TCD,2019,48.531
Chad,TCD,2018,48.501
Chad,TCD,2017,49.161
Chad,TCD,2016,49.821
Chad,TCD,2015,50.481
Chad,TCD,2014,51.14
Chad,TCD,2013,51.799
Chad,TCD,2012,52.458
Chad,TCD,2011,53.116
Chad,TCD,2010,53.772
Chad,TCD,2009,54.426
Chad,TCD,2008,55.079
Chad,TCD,2007,55.729
Chad,TCD,2006,56.375
Chad,TCD,2005,57.019
Chad,TCD,2004,57.662
Chad,TCD,2003,58.304
Chad,TCD,2002,58.941
Chad,TCD,2001,59.573
Chad,TCD,2000,60.201
Chad,TCD,1999,60.824
Chad,TCD,1998,61.444
Chad,TCD,1997,62.058
Chad,TCD,1996,62.667
Chad,TCD,1995,63.276
Chad,TCD,1994,63.881
Chad,TCD,1993,64.472
Chad,TCD,1992,64.666
Chad,TCD,1991,64.624
Chad,TCD,1990,64.615
Chad,TCD,1989,
Chad,TCD,1988,
Chad,TCD,1987,
Chad,TCD,1986,
Chad,TCD,1985,
Chad,TCD,1984,
Chad,TCD,1983,
Chad,TCD,1982,
Chad,TCD,1981,
Chad,TCD,1980,
Chad,TCD,1979,
Chad,TCD,1978,
Chad,TCD,1977,
Chad,TCD,1976,
Chad,TCD,1975,
Chad,TCD,1974,
Chad,TCD,1973,
Chad,TCD,1972,
Chad,TCD,1971,
Chad,TCD,1970,
Chad,TCD,1969,
Chad,TCD,1968,
Chad,TCD,1967,
Chad,TCD,1966,
Chad,TCD,1965,
Chad,TCD,1964,
Chad,TCD,1963,
Chad,TCD,1962,
Chad,TCD,1961,
Chad,TCD,1960,
Channel Islands,CHI,2025,49.249
Channel Islands,CHI,2024,49.628
Channel Islands,CHI,2023,50.001
Channel Islands,CHI,2022,50.891
Channel Islands,CHI,2021,50.885
Channel Islands,CHI,2020,50.528
Channel Islands,CHI,2019,51.31
Channel Islands,CHI,2018,51.305
Channel Islands,CHI,2017,51.412
Channel Islands,CHI,2016,51.517
Channel Islands,CHI,2015,51.239
Channel Islands,CHI,2014,51.111
Channel Islands,CHI,2013,52.312
Channel Islands,CHI,2012,51.902
Channel Islands,CHI,2011,51.719
Channel Islands,CHI,2010,52.783
Channel Islands,CHI,2009,51.838
Channel Islands,CHI,2008,51.712
Channel Islands,CHI,2007,51.595
Channel Islands,CHI,2006,51.326
Channel Islands,CHI,2005,51.137
Channel Islands,CHI,2004,50.691
Channel Islands,CHI,2003,50.559
Channel Islands,CHI,2002,50.236
Channel Islands,CHI,2001,49.633
Channel Islands,CHI,2000,49.345
Channel Islands,CHI,1999,48.754
Channel Islands,CHI,1998,47.791
Channel Islands,CHI,1997,47.366
Channel Islands,CHI,1996,46.858
Channel Islands,CHI,1995,46.079
Channel Islands,CHI,1994,45.623
Channel Islands,CHI,1993,45.602
Channel Islands,CHI,1992,45.804
Channel Islands,CHI,1991,45.553
Channel Islands,CHI,1990,45.343
Channel Islands,CHI,1989,
Channel Islands,CHI,1988,
Channel Islands,CHI,1987,
Channel Islands,CHI,1986,
Channel Islands,CHI,1985,
Channel Islands,CHI,1984,
Channel Islands,CHI,1983,
Channel Islands,CHI,1982,
Channel Islands,CHI,1981,
Channel Islands,CHI,1980,
Channel Islands,CHI,1979,
Channel Islands,CHI,1978,
Channel Islands,CHI,1977,
Channel Islands,CHI,1976,
Channel Islands,CHI,1975,
Channel Islands,CHI,1974,
Channel Islands,CHI,1973,
Channel Islands,CHI,1972,
Channel Islands,CHI,1971,
Channel Islands,CHI,1970,
Channel Islands,CHI,1969,
Channel Islands,CHI,1968,
Channel Islands,CHI,1967,
Channel Islands,CHI,1966,
Channel Islands,CHI,1965,
Channel Islands,CHI,1964,
Channel Islands,CHI,1963,
Channel Islands,CHI,1962,
Channel Islands,CHI,1961,
Channel Islands,CHI,1960,
Chile,CHL,2025,52.887
Chile,CHL,2024,52.784
Chile,CHL,2023,51.963
Chile,CHL,2022,50.025
Chile,CHL,2021,46.579
Chile,CHL,2020,45.442
Chile,CHL,2019,52.651
Chile,CHL,2018,52.416
Chile,CHL,2017,51.739
Chile,CHL,2016,50.756
Chile,CHL,2015,50.352
Chile,CHL,2014,50.288
Chile,CHL,2013,49.656
Chile,CHL,2012,49.179
Chile,CHL,2011,48.913
Chile,CHL,2010,46.856
Chile,CHL,2009,44.615
Chile,CHL,2008,44.182
Chile,CHL,2007,42.235
Chile,CHL,2006,41.288
Chile,CHL,2005,40.131
Chile,CHL,2004,39.211
Chile,CHL,2003,37.8
Chile,CHL,2002,36.448
Chile,CHL,2001,36.726
Chile,CHL,2000,37.7
Chile,CHL,1999,38.096
Chile,CHL,1998,37.854
Chile,CHL,1997,37.492
Chile,CHL,1996,36.756
Chile,CHL,1995,35.896
Chile,CHL,1994,34.784
Chile,CHL,1993,34.088
Chile,CHL,1992,33.205
Chile,CHL,1991,31.873
Chile,CHL,1990,30.983
Chile,CHL,1989,
Chile,CHL,1988,
Chile,CHL,1987,
Chile,CHL,1986,
Chile,CHL,1985,
Chile,CHL,1984,
Chile,CHL,1983,
Chile,CHL,1982,
Chile,CHL,1981,
Chile,CHL,1980,
Chile,CHL,1979,
Chile,CHL,1978,
Chile,CHL,1977,
Chile,CHL,1976,
Chile,CHL,1975,
Chile,CHL,1974,
Chile,CHL,1973,
Chile,CHL,1972,
Chile,CHL,1971,
Chile,CHL,1970,
Chile,CHL,1969,
Chile,CHL,1968,
Chile,CHL,1967,
Chile,CHL,1966,
Chile,CHL,1965,
Chile,CHL,1964,
Chile,CHL,1963,
Chile,CHL,1962,
Chile,CHL,1961,
Chile,CHL,1960,
China,CHN,2025,59.148
China,CHN,2024,59.448
China,CHN,2023,60.216
China,CHN,2022,60.097
China,CHN,2021,61.182
China,CHN,2020,59.711
China,CHN,2019,61.305
China,CHN,2018,61.585
China,CHN,2017,61.957
China,CHN,2016,62.326
China,CHN,2015,62.605
China,CHN,2014,62.826
China,CHN,2013,63.023
China,CHN,2012,63.333
China,CHN,2011,63.662
China,CHN,2010,63.672
China,CHN,2009,64.108
China,CHN,2008,64.541
China,CHN,2007,64.972
China,CHN,2006,65.4
China,CHN,2005,65.826
China,CHN,2004,66.25
China,CHN,2003,66.67
China,CHN,2002,67.088
China,CHN,2001,67.502
China,CHN,2000,67.913
China,CHN,1999,68.453
China,CHN,1998,68.988
China,CHN,1997,69.518
China,CHN,1996,70.044
China,CHN,1995,70.564
China,CHN,1994,71.079
China,CHN,1993,71.589
China,CHN,1992,72.095
China,CHN,1991,72.595
China,CHN,1990,73.09
China,CHN,1989,
China,CHN,1988,
China,CHN,1987,
China,CHN,1986,
China,CHN,1985,
China,CHN,1984,
China,CHN,1983,
China,CHN,1982,
China,CHN,1981,
China,CHN,1980,
China,CHN,1979,
China,CHN,1978,
China,CHN,1977,
China,CHN,1976,
China,CHN,1975,
China,CHN,1974,
China,CHN,1973,
China,CHN,1972,
China,CHN,1971,
China,CHN,1970,
China,CHN,1969,
China,CHN,1968,
China,CHN,1967,
China,CHN,1966,
China,CHN,1965,
China,CHN,1964,
China,CHN,1963,
China,CHN,1962,
China,CHN,1961,
China,CHN,1960,
Colombia,COL,2025,51.624
Colombia,COL,2024,51.719
Colombia,COL,2023,51.833
Colombia,COL,2022,50.922
Colombia,COL,2021,51.679
Colombia,COL,2020,51.108
Colombia,COL,2019,52.398
Colombia,COL,2018,53.244
Colombia,COL,2017,54.343
Colombia,COL,2016,54.719
Colombia,COL,2015,55.255
Colombia,COL,2014,55.002
Colombia,COL,2013,55.303
Colombia,COL,2012,56.011
Colombia,COL,2011,54.946
Colombia,COL,2010,54.415
Colombia,COL,2009,53.922
Colombia,COL,2008,50.37
Colombia,COL,2007,49.981
Colombia,COL,2006,50.562
Colombia,COL,2005,51.148
Colombia,COL,2004,52.953
Colombia,COL,2003,53.712
Colombia,COL,2002,52.356
Colombia,COL,2001,53.393
Colombia,COL,2000,53.39
Colombia,COL,1999,53.21
Colombia,COL,1998,54.012
Colombia,COL,1997,54.144
Colombia,COL,1996,53.923
Colombia,COL,1995,53.957
Colombia,COL,1994,53.647
Colombia,COL,1993,53.321
Colombia,COL,1992,53.091
Colombia,COL,1991,53.067
Colombia,COL,1990,53.361
Colombia,COL,1989,
Colombia,COL,1988,
Colombia,COL,1987,
Colombia,COL,1986,
Colombia,COL,1985,
Colombia,COL,1984,
Colombia,COL,1983,
Colombia,COL,1982,
Colombia,COL,1981,
Colombia,COL,1980,
Colombia,COL,1979,
Colombia,COL,1978,
Colombia,COL,1977,
Colombia,COL,1976,
Colombia,COL,1975,
Colombia,COL,1974,
Colombia,COL,1973,
Colombia,COL,1972,
Colombia,COL,1971,
Colombia,COL,1970,
Colombia,COL,1969,
Colombia,COL,1968,
Colombia,COL,1967,
Colombia,COL,1966,
Colombia,COL,1965,
Colombia,COL,1964,
Colombia,COL,1963,
Colombia,COL,1962,
Colombia,COL,1961,
Colombia,COL,1960,
Comoros,COM,2025,47.649
Comoros,COM,2024,47.126
Comoros,COM,2023,47.058
Comoros,COM,2022,47.033
Comoros,COM,2021,47.073
Comoros,COM,2020,44.892
Comoros,COM,2019,43.318
Comoros,COM,2018,41.147
Comoros,COM,2017,38.973
Comoros,COM,2016,36.845
Comoros,COM,2015,34.778
Comoros,COM,2014,32.729
Comoros,COM,2013,32.711
Comoros,COM,2012,32.694
Comoros,COM,2011,32.678
Comoros,COM,2010,32.665
Comoros,COM,2009,32.654
Comoros,COM,2008,32.646
Comoros,COM,2007,32.64
Comoros,COM,2006,32.635
Comoros,COM,2005,32.629
Comoros,COM,2004,32.62
Comoros,COM,2003,32.457
Comoros,COM,2002,32.373
Comoros,COM,2001,32.315
Comoros,COM,2000,32.238
Comoros,COM,1999,32.132
Comoros,COM,1998,32.033
Comoros,COM,1997,31.972
Comoros,COM,1996,31.947
Comoros,COM,1995,31.954
Comoros,COM,1994,31.988
Comoros,COM,1993,32.052
Comoros,COM,1992,32.147
Comoros,COM,1991,32.184
Comoros,COM,1990,32.156
Comoros,COM,1989,
Comoros,COM,1988,
Comoros,COM,1987,
Comoros,COM,1986,
Comoros,COM,1985,
Comoros,COM,1984,
Comoros,COM,1983,
Comoros,COM,1982,
Comoros,COM,1981,
Comoros,COM,1980,
Comoros,COM,1979,
Comoros,COM,1978,
Comoros,COM,1977,
Comoros,COM,1976,
Comoros,COM,1975,
Comoros,COM,1974,
Comoros,COM,1973,
Comoros,COM,1972,
Comoros,COM,1971,
Comoros,COM,1970,
Comoros,COM,1969,
Comoros,COM,1968,
Comoros,COM,1967,
Comoros,COM,1966,
Comoros,COM,1965,
Comoros,COM,1964,
Comoros,COM,1963,
Comoros,COM,1962,
Comoros,COM,1961,
Comoros,COM,1960,
"Congo, Dem. Rep.",COD,2025,61.848
"Congo, Dem. Rep.",COD,2024,61.886
"Congo, Dem. Rep.",COD,2023,61.719
"Congo, Dem. Rep.",COD,2022,61.434
"Congo, Dem. Rep.",COD,2021,60.48
"Congo, Dem. Rep.",COD,2020,60.259
"Congo, Dem. Rep.",COD,2019,61.038
"Congo, Dem. Rep.",COD,2018,61.275
"Congo, Dem. Rep.",COD,2017,61.492
"Congo, Dem. Rep.",COD,2016,61.662
"Congo, Dem. Rep.",COD,2015,61.84
"Congo, Dem. Rep.",COD,2014,62.049
"Congo, Dem. Rep.",COD,2013,62.255
"Congo, Dem. Rep.",COD,2012,62.458
"Congo, Dem. Rep.",COD,2011,63.787
"Congo, Dem. Rep.",COD,2010,65.096
"Congo, Dem. Rep.",COD,2009,66.381
"Congo, Dem. Rep.",COD,2008,67.643
"Congo, Dem. Rep.",COD,2007,68.88
"Congo, Dem. Rep.",COD,2006,70.091
"Congo, Dem. Rep.",COD,2005,71.275
"Congo, Dem. Rep.",COD,2004,71.279
"Congo, Dem. Rep.",COD,2003,71.297
"Congo, Dem. Rep.",COD,2002,71.323
"Congo, Dem. Rep.",COD,2001,71.34
"Congo, Dem. Rep.",COD,2000,71.353
"Congo, Dem. Rep.",COD,1999,71.368
"Congo, Dem. Rep.",COD,1998,71.361
"Congo, Dem. Rep.",COD,1997,71.447
"Congo, Dem. Rep.",COD,1996,71.71
"Congo, Dem. Rep.",COD,1995,71.971
"Congo, Dem. Rep.",COD,1994,71.934
"Congo, Dem. Rep.",COD,1993,71.795
"Congo, Dem. Rep.",COD,1992,71.799
"Congo, Dem. Rep.",COD,1991,71.818
"Congo, Dem. Rep.",COD,1990,71.837
"Congo, Dem. Rep.",COD,1989,
"Congo, Dem. Rep.",COD,1988,
"Congo, Dem. Rep.",COD,1987,
"Congo, Dem. Rep.",COD,1986,
"Congo, Dem. Rep.",COD,1985,
"Congo, Dem. Rep.",COD,1984,
"Congo, Dem. Rep.",COD,1983,
"Congo, Dem. Rep.",COD,1982,
"Congo, Dem. Rep.",COD,1981,
"Congo, Dem. Rep.",COD,1980,
"Congo, Dem. Rep.",COD,1979,
"Congo, Dem. Rep.",COD,1978,
"Congo, Dem. Rep.",COD,1977,
"Congo, Dem. Rep.",COD,1976,
"Congo, Dem. Rep.",COD,1975,
"Congo, Dem. Rep.",COD,1974,
"Congo, Dem. Rep.",COD,1973,
"Congo, Dem. Rep.",COD,1972,
"Congo, Dem. Rep.",COD,1971,
"Congo, Dem. Rep.",COD,1970,
"Congo, Dem. Rep.",COD,1969,
"Congo, Dem. Rep.",COD,1968,
"Congo, Dem. Rep.",COD,1967,
"Congo, Dem. Rep.",COD,1966,
"Congo, Dem. Rep.",COD,1965,
"Congo, Dem. Rep.",COD,1964,
"Congo, Dem. Rep.",COD,1963,
"Congo, Dem. Rep.",COD,1962,
"Congo, Dem. Rep.",COD,1961,
"Congo, Dem. Rep.",COD,1960,
"Congo, Rep.",COG,2025,65.576
"Congo, Rep.",COG,2024,65.604
"Congo, Rep.",COG,2023,65.642
"Congo, Rep.",COG,2022,65.72
"Congo, Rep.",COG,2021,64.018
"Congo, Rep.",COG,2020,63.276
"Congo, Rep.",COG,2019,66.513
"Congo, Rep.",COG,2018,66.472
"Congo, Rep.",COG,2017,66.458
"Congo, Rep.",COG,2016,66.471
"Congo, Rep.",COG,2015,66.526
"Congo, Rep.",COG,2014,66.62
"Congo, Rep.",COG,2013,66.742
"Congo, Rep.",COG,2012,66.888
"Congo, Rep.",COG,2011,67.011
"Congo, Rep.",COG,2010,67.094
"Congo, Rep.",COG,2009,67.055
"Congo, Rep.",COG,2008,67.001
"Congo, Rep.",COG,2007,66.999
"Congo, Rep.",COG,2006,66.924
"Congo, Rep.",COG,2005,66.817
"Congo, Rep.",COG,2004,66.706
"Congo, Rep.",COG,2003,66.596
"Congo, Rep.",COG,2002,66.545
"Congo, Rep.",COG,2001,66.536
"Congo, Rep.",COG,2000,66.338
"Congo, Rep.",COG,1999,66.118
"Congo, Rep.",COG,1998,66.045
"Congo, Rep.",COG,1997,66.053
"Congo, Rep.",COG,1996,66.079
"Congo, Rep.",COG,1995,66.042
"Congo, Rep.",COG,1994,66.005
"Congo, Rep.",COG,1993,65.947
"Congo, Rep.",COG,1992,65.878
"Congo, Rep.",COG,1991,65.82
"Congo, Rep.",COG,1990,65.762
"Congo, Rep.",COG,1989,
"Congo, Rep.",COG,1988,
"Congo, Rep.",COG,1987,
"Congo, Rep.",COG,1986,
"Congo, Rep.",COG,1985,
"Congo, Rep.",COG,1984,
"Congo, Rep.",COG,1983,
"Congo, Rep.",COG,1982,
"Congo, Rep.",COG,1981,
"Congo, Rep.",COG,1980,
"Congo, Rep.",COG,1979,
"Congo, Rep.",COG,1978,
"Congo, Rep.",COG,1977,
"Congo, Rep.",COG,1976,
"Congo, Rep.",COG,1975,
"Congo, Rep.",COG,1974,
"Congo, Rep.",COG,1973,
"Congo, Rep.",COG,1972,
"Congo, Rep.",COG,1971,
"Congo, Rep.",COG,1970,
"Congo, Rep.",COG,1969,
"Congo, Rep.",COG,1968,
"Congo, Rep.",COG,1967,
"Congo, Rep.",COG,1966,
"Congo, Rep.",COG,1965,
"Congo, Rep.",COG,1964,
"Congo, Rep.",COG,1963,
"Congo, Rep.",COG,1962,
"Congo, Rep.",COG,1961,
"Congo, Rep.",COG,1960,
Costa Rica,CRI,2025,46.017
Costa Rica,CRI,2024,45.982
Costa Rica,CRI,2023,44.088
Costa Rica,CRI,2022,50.283
Costa Rica,CRI,2021,50.251
Costa Rica,CRI,2020,48.644
Costa Rica,CRI,2019,52.726
Costa Rica,CRI,2018,48.659
Costa Rica,CRI,2017,45.905
Costa Rica,CRI,2016,46.018
Costa Rica,CRI,2015,50.06
Costa Rica,CRI,2014,51.34
Costa Rica,CRI,2013,51.249
Costa Rica,CRI,2012,51.437
Costa Rica,CRI,2011,46.479
Costa Rica,CRI,2010,44.113
Costa Rica,CRI,2009,44.827
Costa Rica,CRI,2008,44.444
Costa Rica,CRI,2007,44.3
Costa Rica,CRI,2006,43.309
Costa Rica,CRI,2005,43.679
Costa Rica,CRI,2004,39.832
Costa Rica,CRI,2003,41.454
Costa Rica,CRI,2002,41.143
Costa Rica,CRI,2001,41.564
Costa Rica,CRI,2000,38.642
Costa Rica,CRI,1999,39.936
Costa Rica,CRI,1998,39.443
Costa Rica,CRI,1997,37.121
Costa Rica,CRI,1996,34.067
Costa Rica,CRI,1995,35.575
Costa Rica,CRI,1994,34.664
Costa Rica,CRI,1993,33.52
Costa Rica,CRI,1992,32.6
Costa Rica,CRI,1991,33.325
Costa Rica,CRI,1990,32.866
Costa Rica,CRI,1989,
Costa Rica,CRI,1988,
Costa Rica,CRI,1987,
Costa Rica,CRI,1986,
Costa Rica,CRI,1985,
Costa Rica,CRI,1984,
Costa Rica,CRI,1983,
Costa Rica,CRI,1982,
Costa Rica,CRI,1981,
Costa Rica,CRI,1980,
Costa Rica,CRI,1979,
Costa Rica,CRI,1978,
Costa Rica,CRI,1977,
Costa Rica,CRI,1976,
Costa Rica,CRI,1975,
Costa Rica,CRI,1974,
Costa Rica,CRI,1973,
Costa Rica,CRI,1972,
Costa Rica,CRI,1971,
Costa Rica,CRI,1970,
Costa Rica,CRI,1969,
Costa Rica,CRI,1968,
Costa Rica,CRI,1967,
Costa Rica,CRI,1966,
Costa Rica,CRI,1965,
Costa Rica,CRI,1964,
Costa Rica,CRI,1963,
Costa Rica,CRI,1962,
Costa Rica,CRI,1961,
Costa Rica,CRI,1960,
Cote d'Ivoire,CIV,2025,59.454
Cote d'Ivoire,CIV,2024,59.465
Cote d'Ivoire,CIV,2023,59.258
Cote d'Ivoire,CIV,2022,59.059
Cote d'Ivoire,CIV,2021,57.846
Cote d'Ivoire,CIV,2020,56.484
Cote d'Ivoire,CIV,2019,56.176
Cote d'Ivoire,CIV,2018,56.841
Cote d'Ivoire,CIV,2017,57.507
Cote d'Ivoire,CIV,2016,58.173
Cote d'Ivoire,CIV,2015,59.228
Cote d'Ivoire,CIV,2014,60.285
Cote d'Ivoire,CIV,2013,61.354
Cote d'Ivoire,CIV,2012,62.427
Cote d'Ivoire,CIV,2011,61.415
Cote d'Ivoire,CIV,2010,60.409
Cote d'Ivoire,CIV,2009,59.41
Cote d'Ivoire,CIV,2008,58.42
Cote d'Ivoire,CIV,2007,57.421
Cote d'Ivoire,CIV,2006,56.408
Cote d'Ivoire,CIV,2005,55.396
Cote d'Ivoire,CIV,2004,54.385
Cote d'Ivoire,CIV,2003,53.377
Cote d'Ivoire,CIV,2002,52.371
Cote d'Ivoire,CIV,2001,51.366
Cote d'Ivoire,CIV,2000,50.363
Cote d'Ivoire,CIV,1999,49.362
Cote d'Ivoire,CIV,1998,48.365
Cote d'Ivoire,CIV,1997,48.309
Cote d'Ivoire,CIV,1996,48.241
Cote d'Ivoire,CIV,1995,48.167
Cote d'Ivoire,CIV,1994,48.087
Cote d'Ivoire,CIV,1993,48.007
Cote d'Ivoire,CIV,1992,47.926
Cote d'Ivoire,CIV,1991,47.844
Cote d'Ivoire,CIV,1990,47.767
Cote d'Ivoire,CIV,1989,
Cote d'Ivoire,CIV,1988,
Cote d'Ivoire,CIV,1987,
Cote d'Ivoire,CIV,1986,
Cote d'Ivoire,CIV,1985,
Cote d'Ivoire,CIV,1984,
Cote d'Ivoire,CIV,1983,
Cote d'Ivoire,CIV,1982,
Cote d'Ivoire,CIV,1981,
Cote d'Ivoire,CIV,1980,
Cote d'Ivoire,CIV,1979,
Cote d'Ivoire,CIV,1978,
Cote d'Ivoire,CIV,1977,
Cote d'Ivoire,CIV,1976,
Cote d'Ivoire,CIV,1975,
Cote d'Ivoire,CIV,1974,
Cote d'Ivoire,CIV,1973,
Cote d'Ivoire,CIV,1972,
Cote d'Ivoire,CIV,1971,
Cote d'Ivoire,CIV,1970,
Cote d'Ivoire,CIV,1969,
Cote d'Ivoire,CIV,1968,
Cote d'Ivoire,CIV,1967,
Cote d'Ivoire,CIV,1966,
Cote d'Ivoire,CIV,1965,
Cote d'Ivoire,CIV,1964,
Cote d'Ivoire,CIV,1963,
Cote d'Ivoire,CIV,1962,
Cote d'Ivoire,CIV,1961,
Cote d'Ivoire,CIV,1960,
Croatia,HRV,2025,47.377
Croatia,HRV,2024,47.541
Croatia,HRV,2023,47.139
Croatia,HRV,2022,46.975
Croatia,HRV,2021,45.869
Croatia,HRV,2020,44.447
Croatia,HRV,2019,44.78
Croatia,HRV,2018,45.012
Croatia,HRV,2017,45.236
Croatia,HRV,2016,45.148
Croatia,HRV,2015,46.662
Croatia,HRV,2014,46.252
Croatia,HRV,2013,44.453
Croatia,HRV,2012,44.466
Croatia,HRV,2011,44.475
Croatia,HRV,2010,46.029
Croatia,HRV,2009,46.582
Croatia,HRV,2008,45.65
Croatia,HRV,2007,45.055
Croatia,HRV,2006,45.42
Croatia,HRV,2005,45.394
Croatia,HRV,2004,45.204
Croatia,HRV,2003,44.088
Croatia,HRV,2002,44.136
Croatia,HRV,2001,44.305
Croatia,HRV,2000,44.411
Croatia,HRV,1999,44.508
Croatia,HRV,1998,44.657
Croatia,HRV,1997,44.87
Croatia,HRV,1996,45.115
Croatia,HRV,1995,45.389
Croatia,HRV,1994,45.693
Croatia,HRV,1993,45.999
Croatia,HRV,1992,46.311
Croatia,HRV,1991,46.616
Croatia,HRV,1990,47.312
Croatia,HRV,1989,
Croatia,HRV,1988,
Croatia,HRV,1987,
Croatia,HRV,1986,
Croatia,HRV,1985,
Croatia,HRV,1984,
Croatia,HRV,1983,
Croatia,HRV,1982,
Croatia,HRV,1981,
Croatia,HRV,1980,
Croatia,HRV,1979,
Croatia,HRV,1978,
Croatia,HRV,1977,
Croatia,HRV,1976,
Croatia,HRV,1975,
Croatia,HRV,1974,
Croatia,HRV,1973,
Croatia,HRV,1972,
Croatia,HRV,1971,
Croatia,HRV,1970,
Croatia,HRV,1969,
Croatia,HRV,1968,
Croatia,HRV,1967,
Croatia,HRV,1966,
Croatia,HRV,1965,
Croatia,HRV,1964,
Croatia,HRV,1963,
Croatia,HRV,1962,
Croatia,HRV,1961,
Croatia,HRV,1960,
Cuba,CUB,2025,39.974
Cuba,CUB,2024,40.393
Cuba,CUB,2023,41.159
Cuba,CUB,2022,41.921
Cuba,CUB,2021,42.429
Cuba,CUB,2020,42.291
Cuba,CUB,2019,44.687
Cuba,CUB,2018,44.767
Cuba,CUB,2017,44.641
Cuba,CUB,2016,44.479
Cuba,CUB,2015,44.31
Cuba,CUB,2014,43.803
Cuba,CUB,2013,43.436
Cuba,CUB,2012,42.916
Cuba,CUB,2011,42.401
Cuba,CUB,2010,41.932
Cuba,CUB,2009,42.464
Cuba,CUB,2008,41.274
Cuba,CUB,2007,40.724
Cuba,CUB,2006,39.999
Cuba,CUB,2005,39.002
Cuba,CUB,2004,38.073
Cuba,CUB,2003,37.514
Cuba,CUB,2002,37.06
Cuba,CUB,2001,36.714
Cuba,CUB,2000,36.259
Cuba,CUB,1999,35.641
Cuba,CUB,1998,34.993
Cuba,CUB,1997,34.735
Cuba,CUB,1996,34.331
Cuba,CUB,1995,33.656
Cuba,CUB,1994,33.378
Cuba,CUB,1993,33.306
Cuba,CUB,1992,34.476
Cuba,CUB,1991,35.428
Cuba,CUB,1990,36.346
Cuba,CUB,1989,
Cuba,CUB,1988,
Cuba,CUB,1987,
Cuba,CUB,1986,
Cuba,CUB,1985,
Cuba,CUB,1984,
Cuba,CUB,1983,
Cuba,CUB,1982,
Cuba,CUB,1981,
Cuba,CUB,1980,
Cuba,CUB,1979,
Cuba,CUB,1978,
Cuba,CUB,1977,
Cuba,CUB,1976,
Cuba,CUB,1975,
Cuba,CUB,1974,
Cuba,CUB,1973,
Cuba,CUB,1972,
Cuba,CUB,1971,
Cuba,CUB,1970,
Cuba,CUB,1969,
Cuba,CUB,1968,
Cuba,CUB,1967,
Cuba,CUB,1966,
Cuba,CUB,1965,
Cuba,CUB,1964,
Cuba,CUB,1963,
Cuba,CUB,1962,
Cuba,CUB,1961,
Cuba,CUB,1960,
Curacao,CUW,2025,
Curacao,CUW,2024,
Curacao,CUW,2023,
Curacao,CUW,2022,
Curacao,CUW,2021,
Curacao,CUW,2020,
Curacao,CUW,2019,
Curacao,CUW,2018,
Curacao,CUW,2017,
Curacao,CUW,2016,
Curacao,CUW,2015,
Curacao,CUW,2014,
Curacao,CUW,2013,
Curacao,CUW,2012,
Curacao,CUW,2011,
Curacao,CUW,2010,
Curacao,CUW,2009,
Curacao,CUW,2008,
Curacao,CUW,2007,
Curacao,CUW,2006,
Curacao,CUW,2005,
Curacao,CUW,2004,
Curacao,CUW,2003,
Curacao,CUW,2002,
Curacao,CUW,2001,
Curacao,CUW,2000,
Curacao,CUW,1999,
Curacao,CUW,1998,
Curacao,CUW,1997,
Curacao,CUW,1996,
Curacao,CUW,1995,
Curacao,CUW,1994,
Curacao,CUW,1993,
Curacao,CUW,1992,
Curacao,CUW,1991,
Curacao,CUW,1990,
Curacao,CUW,1989,
Curacao,CUW,1988,
Curacao,CUW,1987,
Curacao,CUW,1986,
Curacao,CUW,1985,
Curacao,CUW,1984,
Curacao,CUW,1983,
Curacao,CUW,1982,
Curacao,CUW,1981,
Curacao,CUW,1980,
Curacao,CUW,1979,
Curacao,CUW,1978,
Curacao,CUW,1977,
Curacao,CUW,1976,
Curacao,CUW,1975,
Curacao,CUW,1974,
Curacao,CUW,1973,
Curacao,CUW,1972,
Curacao,CUW,1971,
Curacao,CUW,1970,
Curacao,CUW,1969,
Curacao,CUW,1968,
Curacao,CUW,1967,
Curacao,CUW,1966,
Curacao,CUW,1965,
Curacao,CUW,1964,
Curacao,CUW,1963,
Curacao,CUW,1962,
Curacao,CUW,1961,
Curacao,CUW,1960,
Cyprus,CYP,2025,61.213
Cyprus,CYP,2024,61.408
Cyprus,CYP,2023,62.495
Cyprus,CYP,2022,61.219
Cyprus,CYP,2021,59.534
Cyprus,CYP,2020,59.05
Cyprus,CYP,2019,60.096
Cyprus,CYP,2018,59.627
Cyprus,CYP,2017,58.922
Cyprus,CYP,2016,58.281
Cyprus,CYP,2015,59.097
Cyprus,CYP,2014,58.944
Cyprus,CYP,2013,57.37
Cyprus,CYP,2012,57.202
Cyprus,CYP,2011,57.516
Cyprus,CYP,2010,57.839
Cyprus,CYP,2009,56.692
Cyprus,CYP,2008,56.119
Cyprus,CYP,2007,55.717
Cyprus,CYP,2006,54.296
Cyprus,CYP,2005,53.507
Cyprus,CYP,2004,53.674
Cyprus,CYP,2003,53.747
Cyprus,CYP,2002,52.342
Cyprus,CYP,2001,51.87
Cyprus,CYP,2000,49.302
Cyprus,CYP,1999,48.712
Cyprus,CYP,1998,48.114
Cyprus,CYP,1997,47.491
Cyprus,CYP,1996,46.826
Cyprus,CYP,1995,46.116
Cyprus,CYP,1994,45.371
Cyprus,CYP,1993,44.607
Cyprus,CYP,1992,43.862
Cyprus,CYP,1991,43.443
Cyprus,CYP,1990,42.671
Cyprus,CYP,1989,
Cyprus,CYP,1988,
Cyprus,CYP,1987,
Cyprus,CYP,1986,
Cyprus,CYP,1985,
Cyprus,CYP,1984,
Cyprus,CYP,1983,
Cyprus,CYP,1982,
Cyprus,CYP,1981,
Cyprus,CYP,1980,
Cyprus,CYP,1979,
Cyprus,CYP,1978,
Cyprus,CYP,1977,
Cyprus,CYP,1976,
Cyprus,CYP,1975,
Cyprus,CYP,1974,
Cyprus,CYP,1973,
Cyprus,CYP,1972,
Cyprus,CYP,1971,
Cyprus,CYP,1970,
Cyprus,CYP,1969,
Cyprus,CYP,1968,
Cyprus,CYP,1967,
Cyprus,CYP,1966,
Cyprus,CYP,1965,
Cyprus,CYP,1964,
Cyprus,CYP,1963,
Cyprus,CYP,1962,
Cyprus,CYP,1961,
Cyprus,CYP,1960,
Czechia,CZE,2025,53.456
Czechia,CZE,2024,53.656
Czechia,CZE,2023,53.241
Czechia,CZE,2022,52.191
Czechia,CZE,2021,51.555
Czechia,CZE,2020,51.463
Czechia,CZE,2019,52.3
Czechia,CZE,2018,52.559
Czechia,CZE,2017,52.114
Czechia,CZE,2016,51.735
Czechia,CZE,2015,51.187
Czechia,CZE,2014,50.803
Czechia,CZE,2013,50.888
Czechia,CZE,2012,50.041
Czechia,CZE,2011,49.472
Czechia,CZE,2010,49.231
Czechia,CZE,2009,49.436
Czechia,CZE,2008,49.224
Czechia,CZE,2007,49.75
Czechia,CZE,2006,50.53
Czechia,CZE,2005,50.657
Czechia,CZE,2004,50.554
Czechia,CZE,2003,50.83
Czechia,CZE,2002,50.954
Czechia,CZE,2001,51.274
Czechia,CZE,2000,51.637
Czechia,CZE,1999,52.153
Czechia,CZE,1998,51.963
Czechia,CZE,1997,51.856
Czechia,CZE,1996,51.865
Czechia,CZE,1995,52.401
Czechia,CZE,1994,52.618
Czechia,CZE,1993,52.36
Czechia,CZE,1992,52.322
Czechia,CZE,1991,52.288
Czechia,CZE,1990,52.738
Czechia,CZE,1989,
Czechia,CZE,1988,
Czechia,CZE,1987,
Czechia,CZE,1986,
Czechia,CZE,1985,
Czechia,CZE,1984,
Czechia,CZE,1983,
Czechia,CZE,1982,
Czechia,CZE,1981,
Czechia,CZE,1980,
Czechia,CZE,1979,
Czechia,CZE,1978,
Czechia,CZE,1977,
Czechia,CZE,1976,
Czechia,CZE,1975,
Czechia,CZE,1974,
Czechia,CZE,1973,
Czechia,CZE,1972,
Czechia,CZE,1971,
Czechia,CZE,1970,
Czechia,CZE,1969,
Czechia,CZE,1968,
Czechia,CZE,1967,
Czechia,CZE,1966,
Czechia,CZE,1965,
Czechia,CZE,1964,
Czechia,CZE,1963,
Czechia,CZE,1962,
Czechia,CZE,1961,
Czechia,CZE,1960,
Denmark,DNK,2025,60.792
Denmark,DNK,2024,60.902
Denmark,DNK,2023,59.812
Denmark,DNK,2022,59.551
Denmark,DNK,2021,58.161
Denmark,DNK,2020,57.886
Denmark,DNK,2019,58.06
Denmark,DNK,2018,57.649
Denmark,DNK,2017,57.739
Denmark,DNK,2016,57.677
Denmark,DNK,2015,56.837
Denmark,DNK,2014,57.097
Denmark,DNK,2013,57.679
Denmark,DNK,2012,58.281
Denmark,DNK,2011,58.71
Denmark,DNK,2010,58.97
Denmark,DNK,2009,59.768
Denmark,DNK,2008,60.052
Denmark,DNK,2007,60.849
Denmark,DNK,2006,61.296
Denmark,DNK,2005,60.62
Denmark,DNK,2004,60.627
Denmark,DNK,2003,59.949
Denmark,DNK,2002,60.309
Denmark,DNK,2001,59.874
Denmark,DNK,2000,60.03
Denmark,DNK,1999,60.155
Denmark,DNK,1998,59.36
Denmark,DNK,1997,58.604
Denmark,DNK,1996,58.316
Denmark,DNK,1995,57.908
Denmark,DNK,1994,57.918
Denmark,DNK,1993,60.996
Denmark,DNK,1992,61.591
Denmark,DNK,1991,61.443
Denmark,DNK,1990,61.106
Denmark,DNK,1989,
Denmark,DNK,1988,
Denmark,DNK,1987,
Denmark,DNK,1986,
Denmark,DNK,1985,
Denmark,DNK,1984,
Denmark,DNK,1983,
Denmark,DNK,1982,
Denmark,DNK,1981,
Denmark,DNK,1980,
Denmark,DNK,1979,
Denmark,DNK,1978,
Denmark,DNK,1977,
Denmark,DNK,1976,
Denmark,DNK,1975,
Denmark,DNK,1974,
Denmark,DNK,1973,
Denmark,DNK,1972,
Denmark,DNK,1971,
Denmark,DNK,1970,
Denmark,DNK,1969,
Denmark,DNK,1968,
Denmark,DNK,1967,
Denmark,DNK,1966,
Denmark,DNK,1965,
Denmark,DNK,1964,
Denmark,DNK,1963,
Denmark,DNK,1962,
Denmark,DNK,1961,
Denmark,DNK,1960,
Djibouti,DJI,2025,19.365
Djibouti,DJI,2024,19.235
Djibouti,DJI,2023,18.936
Djibouti,DJI,2022,18.678
Djibouti,DJI,2021,18.537
Djibouti,DJI,2020,18.264
Djibouti,DJI,2019,18.531
Djibouti,DJI,2018,18.34
Djibouti,DJI,2017,18.146
Djibouti,DJI,2016,17.959
Djibouti,DJI,2015,17.785
Djibouti,DJI,2014,17.627
Djibouti,DJI,2013,17.485
Djibouti,DJI,2012,17.359
Djibouti,DJI,2011,17.241
Djibouti,DJI,2010,17.125
Djibouti,DJI,2009,17.01
Djibouti,DJI,2008,16.89
Djibouti,DJI,2007,16.771
Djibouti,DJI,2006,16.66
Djibouti,DJI,2005,16.581
Djibouti,DJI,2004,16.549
Djibouti,DJI,2003,16.542
Djibouti,DJI,2002,16.502
Djibouti,DJI,2001,16.406
Djibouti,DJI,2000,16.302
Djibouti,DJI,1999,16.194
Djibouti,DJI,1998,16.053
Djibouti,DJI,1997,15.869
Djibouti,DJI,1996,15.718
Djibouti,DJI,1995,15.641
Djibouti,DJI,1994,15.582
Djibouti,DJI,1993,15.53
Djibouti,DJI,1992,15.474
Djibouti,DJI,1991,15.423
Djibouti,DJI,1990,15.379
Djibouti,DJI,1989,
Djibouti,DJI,1988,
Djibouti,DJI,1987,
Djibouti,DJI,1986,
Djibouti,DJI,1985,
Djibouti,DJI,1984,
Djibouti,DJI,1983,
Djibouti,DJI,1982,
Djibouti,DJI,1981,
Djibouti,DJI,1980,
Djibouti,DJI,1979,
Djibouti,DJI,1978,
Djibouti,DJI,1977,
Djibouti,DJI,1976,
Djibouti,DJI,1975,
Djibouti,DJI,1974,
Djibouti,DJI,1973,
Djibouti,DJI,1972,
Djibouti,DJI,1971,
Djibouti,DJI,1970,
Djibouti,DJI,1969,
Djibouti,DJI,1968,
Djibouti,DJI,1967,
Djibouti,DJI,1966,
Djibouti,DJI,1965,
Djibouti,DJI,1964,
Djibouti,DJI,1963,
Djibouti,DJI,1962,
Djibouti,DJI,1961,
Djibouti,DJI,1960,
Dominica,DMA,2025,
Dominica,DMA,2024,
Dominica,DMA,2023,
Dominica,DMA,2022,
Dominica,DMA,2021,
Dominica,DMA,2020,
Dominica,DMA,2019,
Dominica,DMA,2018,
Dominica,DMA,2017,
Dominica,DMA,2016,
Dominica,DMA,2015,
Dominica,DMA,2014,
Dominica,DMA,2013,
Dominica,DMA,2012,
Dominica,DMA,2011,
Dominica,DMA,2010,
Dominica,DMA,2009,
Dominica,DMA,2008,
Dominica,DMA,2007,
Dominica,DMA,2006,
Dominica,DMA,2005,
Dominica,DMA,2004,
Dominica,DMA,2003,
Dominica,DMA,2002,
Dominica,DMA,2001,
Dominica,DMA,2000,
Dominica,DMA,1999,
Dominica,DMA,1998,
Dominica,DMA,1997,
Dominica,DMA,1996,
Dominica,DMA,1995,
Dominica,DMA,1994,
Dominica,DMA,1993,
Dominica,DMA,1992,
Dominica,DMA,1991,
Dominica,DMA,1990,
Dominica,DMA,1989,
Dominica,DMA,1988,
Dominica,DMA,1987,
Dominica,DMA,1986,
Dominica,DMA,1985,
Dominica,DMA,1984,
Dominica,DMA,1983,
Dominica,DMA,1982,
Dominica,DMA,1981,
Dominica,DMA,1980,
Dominica,DMA,1979,
Dominica,DMA,1978,
Dominica,DMA,1977,
Dominica,DMA,1976,
Dominica,DMA,1975,
Dominica,DMA,1974,
Dominica,DMA,1973,
Dominica,DMA,1972,
Dominica,DMA,1971,
Dominica,DMA,1970,
Dominica,DMA,1969,
Dominica,DMA,1968,
Dominica,DMA,1967,
Dominica,DMA,1966,
Dominica,DMA,1965,
Dominica,DMA,1964,
Dominica,DMA,1963,
Dominica,DMA,1962,
Dominica,DMA,1961,
Dominica,DMA,1960,
Dominican Republic,DOM,2025,53.655
Dominican Republic,DOM,2024,53.266
Dominican Republic,DOM,2023,52.482
Dominican Republic,DOM,2022,50.478
Dominican Republic,DOM,2021,51.06
Dominican Republic,DOM,2020,47.412
Dominican Republic,DOM,2019,52.542
Dominican Republic,DOM,2018,50.285
Dominican Republic,DOM,2017,49.009
Dominican Republic,DOM,2016,48.821
Dominican Republic,DOM,2015,48.157
Dominican Republic,DOM,2014,45.368
Dominican Republic,DOM,2013,45.088
Dominican Republic,DOM,2012,45.206
Dominican Republic,DOM,2011,43.662
Dominican Republic,DOM,2010,41.672
Dominican Republic,DOM,2009,38.945
Dominican Republic,DOM,2008,41.848
Dominican Republic,DOM,2007,40.275
Dominican Republic,DOM,2006,40.6
Dominican Republic,DOM,2005,39.791
Dominican Republic,DOM,2004,39.168
Dominican Republic,DOM,2003,39.184
Dominican Republic,DOM,2002,40.04
Dominican Republic,DOM,2001,38.363
Dominican Republic,DOM,2000,39.73
Dominican Republic,DOM,1999,39.364
Dominican Republic,DOM,1998,38.89
Dominican Republic,DOM,1997,38.364
Dominican Republic,DOM,1996,37.7
Dominican Republic,DOM,1995,37.267
Dominican Republic,DOM,1994,36.863
Dominican Republic,DOM,1993,36.7
Dominican Republic,DOM,1992,36.188
Dominican Republic,DOM,1991,35.41
Dominican Republic,DOM,1990,35.382
Dominican Republic,DOM,1989,
Dominican Republic,DOM,1988,
Dominican Republic,DOM,1987,
Dominican Republic,DOM,1986,
Dominican Republic,DOM,1985,
Dominican Republic,DOM,1984,
Dominican Republic,DOM,1983,
Dominican Republic,DOM,1982,
Dominican Republic,DOM,1981,
Dominican Republic,DOM,1980,
Dominican Republic,DOM,1979,
Dominican Republic,DOM,1978,
Dominican Republic,DOM,1977,
Dominican Republic,DOM,1976,
Dominican Republic,DOM,1975,
Dominican Republic,DOM,1974,
Dominican Republic,DOM,1973,
Dominican Republic,DOM,1972,
Dominican Republic,DOM,1971,
Dominican Republic,DOM,1970,
Dominican Republic,DOM,1969,
Dominican Republic,DOM,1968,
Dominican Republic,DOM,1967,
Dominican Republic,DOM,1966,
Dominican Republic,DOM,1965,
Dominican Republic,DOM,1964,
Dominican Republic,DOM,1963,
Dominican Republic,DOM,1962,
Dominican Republic,DOM,1961,
Dominican Republic,DOM,1960,
Ecuador,ECU,2025,52.386
Ecuador,ECU,2024,52.394
Ecuador,ECU,2023,52.521
Ecuador,ECU,2022,54.244
Ecuador,ECU,2021,53.63
Ecuador,ECU,2020,48.241
Ecuador,ECU,2019,54.402
Ecuador,ECU,2018,54.481
Ecuador,ECU,2017,56.173
Ecuador,ECU,2016,55.406
Ecuador,ECU,2015,51.905
Ecuador,ECU,2014,47.689
Ecuador,ECU,2013,48.131
Ecuador,ECU,2012,48.081
Ecuador,ECU,2011,47.065
Ecuador,ECU,2010,48.011
Ecuador,ECU,2009,49.664
Ecuador,ECU,2008,52.022
Ecuador,ECU,2007,51.955
Ecuador,ECU,2006,52.7
Ecuador,ECU,2005,51.916
Ecuador,ECU,2004,52.726
Ecuador,ECU,2003,49.17
Ecuador,ECU,2002,48.074
Ecuador,ECU,2001,46.976
Ecuador,ECU,2000,45.876
Ecuador,ECU,1999,48.8
Ecuador,ECU,1998,51.694
Ecuador,ECU,1997,48.535
Ecuador,ECU,1996,48.08
Ecuador,ECU,1995,47.974
Ecuador,ECU,1994,47.813
Ecuador,ECU,1993,47.419
Ecuador,ECU,1992,47.34
Ecuador,ECU,1991,47.264
Ecuador,ECU,1990,46.947
Ecuador,ECU,1989,
Ecuador,ECU,1988,
Ecuador,ECU,1987,
Ecuador,ECU,1986,
Ecuador,ECU,1985,
Ecuador,ECU,1984,
Ecuador,ECU,1983,
Ecuador,ECU,1982,
Ecuador,ECU,1981,
Ecuador,ECU,1980,
Ecuador,ECU,1979,
Ecuador,ECU,1978,
Ecuador,ECU,1977,
Ecuador,ECU,1976,
Ecuador,ECU,1975,
Ecuador,ECU,1974,
Ecuador,ECU,1973,
Ecuador,ECU,1972,
Ecuador,ECU,1971,
Ecuador,ECU,1970,
Ecuador,ECU,1969,
Ecuador,ECU,1968,
Ecuador,ECU,1967,
Ecuador,ECU,1966,
Ecuador,ECU,1965,
Ecuador,ECU,1964,
Ecuador,ECU,1963,
Ecuador,ECU,1962,
Ecuador,ECU,1961,
Ecuador,ECU,1960,
"Egypt, Arab Rep.",EGY,2025,18.455
"Egypt, Arab Rep.",EGY,2024,18.468
"Egypt, Arab Rep.",EGY,2023,18.478
"Egypt, Arab Rep.",EGY,2022,15.233
"Egypt, Arab Rep.",EGY,2021,15.59
"Egypt, Arab Rep.",EGY,2020,14.609
"Egypt, Arab Rep.",EGY,2019,15.859
"Egypt, Arab Rep.",EGY,2018,18.415
"Egypt, Arab Rep.",EGY,2017,22.184
"Egypt, Arab Rep.",EGY,2016,23.072
"Egypt, Arab Rep.",EGY,2015,22.813
"Egypt, Arab Rep.",EGY,2014,23.166
"Egypt, Arab Rep.",EGY,2013,23.012
"Egypt, Arab Rep.",EGY,2012,22.511
"Egypt, Arab Rep.",EGY,2011,22.537
"Egypt, Arab Rep.",EGY,2010,23.19
"Egypt, Arab Rep.",EGY,2009,22.915
"Egypt, Arab Rep.",EGY,2008,21.895
"Egypt, Arab Rep.",EGY,2007,23.326
"Egypt, Arab Rep.",EGY,2006,21.259
"Egypt, Arab Rep.",EGY,2005,20.457
"Egypt, Arab Rep.",EGY,2004,19.68
"Egypt, Arab Rep.",EGY,2003,18.925
"Egypt, Arab Rep.",EGY,2002,18.191
"Egypt, Arab Rep.",EGY,2001,20.337
"Egypt, Arab Rep.",EGY,2000,20.406
"Egypt, Arab Rep.",EGY,1999,20.512
"Egypt, Arab Rep.",EGY,1998,19.695
"Egypt, Arab Rep.",EGY,1997,20.367
"Egypt, Arab Rep.",EGY,1996,21.05
"Egypt, Arab Rep.",EGY,1995,21.75
"Egypt, Arab Rep.",EGY,1994,23.111
"Egypt, Arab Rep.",EGY,1993,22.286
"Egypt, Arab Rep.",EGY,1992,22.971
"Egypt, Arab Rep.",EGY,1991,22.16
"Egypt, Arab Rep.",EGY,1990,22.188
"Egypt, Arab Rep.",EGY,1989,
"Egypt, Arab Rep.",EGY,1988,
"Egypt, Arab Rep.",EGY,1987,
"Egypt, Arab Rep.",EGY,1986,
"Egypt, Arab Rep.",EGY,1985,
"Egypt, Arab Rep.",EGY,1984,
"Egypt, Arab Rep.",EGY,1983,
"Egypt, Arab Rep.",EGY,1982,
"Egypt, Arab Rep.",EGY,1981,
"Egypt, Arab Rep.",EGY,1980,
"Egypt, Arab Rep.",EGY,1979,
"Egypt, Arab Rep.",EGY,1978,
"Egypt, Arab Rep.",EGY,1977,
"Egypt, Arab Rep.",EGY,1976,
"Egypt, Arab Rep.",EGY,1975,
"Egypt, Arab Rep.",EGY,1974,
"Egypt, Arab Rep.",EGY,1973,
"Egypt, Arab Rep.",EGY,1972,
"Egypt, Arab Rep.",EGY,1971,
"Egypt, Arab Rep.",EGY,1970,
"Egypt, Arab Rep.",EGY,1969,
"Egypt, Arab Rep.",EGY,1968,
"Egypt, Arab Rep.",EGY,1967,
"Egypt, Arab Rep.",EGY,1966,
"Egypt, Arab Rep.",EGY,1965,
"Egypt, Arab Rep.",EGY,1964,
"Egypt, Arab Rep.",EGY,1963,
"Egypt, Arab Rep.",EGY,1962,
"Egypt, Arab Rep.",EGY,1961,
"Egypt, Arab Rep.",EGY,1960,
El Salvador,SLV,2025,49.052
El Salvador,SLV,2024,48.957
El Salvador,SLV,2023,48.521
El Salvador,SLV,2022,46.028
El Salvador,SLV,2021,45.217
El Salvador,SLV,2020,43.207
El Salvador,SLV,2019,45.983
El Salvador,SLV,2018,44.928
El Salvador,SLV,2017,45.154
El Salvador,SLV,2016,45.811
El Salvador,SLV,2015,45.09
El Salvador,SLV,2014,46.055
El Salvador,SLV,2013,47.404
El Salvador,SLV,2012,46.449
El Salvador,SLV,2011,45.533
El Salvador,SLV,2010,45.966
El Salvador,SLV,2009,46.029
El Salvador,SLV,2008,46.076
El Salvador,SLV,2007,46.1
El Salvador,SLV,2006,45.915
El Salvador,SLV,2005,45.218
El Salvador,SLV,2004,44.499
El Salvador,SLV,2003,46.281
El Salvador,SLV,2002,44.943
El Salvador,SLV,2001,45.176
El Salvador,SLV,2000,45.422
El Salvador,SLV,1999,45.685
El Salvador,SLV,1998,45.566
El Salvador,SLV,1997,41.852
El Salvador,SLV,1996,41.878
El Salvador,SLV,1995,43.131
El Salvador,SLV,1994,44.902
El Salvador,SLV,1993,43.444
El Salvador,SLV,1992,41.557
El Salvador,SLV,1991,41.018
El Salvador,SLV,1990,40.971
El Salvador,SLV,1989,
El Salvador,SLV,1988,
El Salvador,SLV,1987,
El Salvador,SLV,1986,
El Salvador,SLV,1985,
El Salvador,SLV,1984,
El Salvador,SLV,1983,
El Salvador,SLV,1982,
El Salvador,SLV,1981,
El Salvador,SLV,1980,
El Salvador,SLV,1979,
El Salvador,SLV,1978,
El Salvador,SLV,1977,
El Salvador,SLV,1976,
El Salvador,SLV,1975,
El Salvador,SLV,1974,
El Salvador,SLV,1973,
El Salvador,SLV,1972,
El Salvador,SLV,1971,
El Salvador,SLV,1970,
El Salvador,SLV,1969,
El Salvador,SLV,1968,
El Salvador,SLV,1967,
El Salvador,SLV,1966,
El Salvador,SLV,1965,
El Salvador,SLV,1964,
El Salvador,SLV,1963,
El Salvador,SLV,1962,
El Salvador,SLV,1961,
El Salvador,SLV,1960,
Equatorial Guinea,GNQ,2025,52.616
Equatorial Guinea,GNQ,2024,53.044
Equatorial Guinea,GNQ,2023,53.265
Equatorial Guinea,GNQ,2022,53.526
Equatorial Guinea,GNQ,2021,50.951
Equatorial Guinea,GNQ,2020,50.146
Equatorial Guinea,GNQ,2019,53.931
Equatorial Guinea,GNQ,2018,53.911
Equatorial Guinea,GNQ,2017,53.85
Equatorial Guinea,GNQ,2016,53.745
Equatorial Guinea,GNQ,2015,53.596
Equatorial Guinea,GNQ,2014,53.404
Equatorial Guinea,GNQ,2013,53.176
Equatorial Guinea,GNQ,2012,52.931
Equatorial Guinea,GNQ,2011,52.696
Equatorial Guinea,GNQ,2010,52.485
Equatorial Guinea,GNQ,2009,52.324
Equatorial Guinea,GNQ,2008,52.239
Equatorial Guinea,GNQ,2007,52.222
Equatorial Guinea,GNQ,2006,52.248
Equatorial Guinea,GNQ,2005,52.306
Equatorial Guinea,GNQ,2004,52.398
Equatorial Guinea,GNQ,2003,52.496
Equatorial Guinea,GNQ,2002,52.563
Equatorial Guinea,GNQ,2001,52.614
Equatorial Guinea,GNQ,2000,52.655
Equatorial Guinea,GNQ,1999,52.675
Equatorial Guinea,GNQ,1998,52.671
Equatorial Guinea,GNQ,1997,52.66
Equatorial Guinea,GNQ,1996,52.644
Equatorial Guinea,GNQ,1995,52.625
Equatorial Guinea,GNQ,1994,52.597
Equatorial Guinea,GNQ,1993,52.559
Equatorial Guinea,GNQ,1992,52.511
Equatorial Guinea,GNQ,1991,52.451
Equatorial Guinea,GNQ,1990,52.379
Equatorial Guinea,GNQ,1989,
Equatorial Guinea,GNQ,1988,
Equatorial Guinea,GNQ,1987,
Equatorial Guinea,GNQ,1986,
Equatorial Guinea,GNQ,1985,
Equatorial Guinea,GNQ,1984,
Equatorial Guinea,GNQ,1983,
Equatorial Guinea,GNQ,1982,
Equatorial Guinea,GNQ,1981,
Equatorial Guinea,GNQ,1980,
Equatorial Guinea,GNQ,1979,
Equatorial Guinea,GNQ,1978,
Equatorial Guinea,GNQ,1977,
Equatorial Guinea,GNQ,1976,
Equatorial Guinea,GNQ,1975,
Equatorial Guinea,GNQ,1974,
Equatorial Guinea,GNQ,1973,
Equatorial Guinea,GNQ,1972,
Equatorial Guinea,GNQ,1971,
Equatorial Guinea,GNQ,1970,
Equatorial Guinea,GNQ,1969,
Equatorial Guinea,GNQ,1968,
Equatorial Guinea,GNQ,1967,
Equatorial Guinea,GNQ,1966,
Equatorial Guinea,GNQ,1965,
Equatorial Guinea,GNQ,1964,
Equatorial Guinea,GNQ,1963,
Equatorial Guinea,GNQ,1962,
Equatorial Guinea,GNQ,1961,
Equatorial Guinea,GNQ,1960,
Eritrea,ERI,2025,72.838
Eritrea,ERI,2024,72.854
Eritrea,ERI,2023,72.862
Eritrea,ERI,2022,72.851
Eritrea,ERI,2021,72.622
Eritrea,ERI,2020,71.989
Eritrea,ERI,2019,72.929
Eritrea,ERI,2018,73.044
Eritrea,ERI,2017,73.159
Eritrea,ERI,2016,73.273
Eritrea,ERI,2015,73.372
Eritrea,ERI,2014,73.475
Eritrea,ERI,2013,73.559
Eritrea,ERI,2012,73.632
Eritrea,ERI,2011,73.716
Eritrea,ERI,2010,73.783
Eritrea,ERI,2009,73.845
Eritrea,ERI,2008,73.902
Eritrea,ERI,2007,73.955
Eritrea,ERI,2006,74.022
Eritrea,ERI,2005,74.065
Eritrea,ERI,2004,74.083
Eritrea,ERI,2003,74.07
Eritrea,ERI,2002,74.061
Eritrea,ERI,2001,74.071
Eritrea,ERI,2000,74.091
Eritrea,ERI,1999,74.151
Eritrea,ERI,1998,74.207
Eritrea,ERI,1997,74.271
Eritrea,ERI,1996,74.311
Eritrea,ERI,1995,74.274
Eritrea,ERI,1994,74.241
Eritrea,ERI,1993,74.269
Eritrea,ERI,1992,74.303
Eritrea,ERI,1991,74.382
Eritrea,ERI,1990,74.444
Eritrea,ERI,1989,
Eritrea,ERI,1988,
Eritrea,ERI,1987,
Eritrea,ERI,1986,
Eritrea,ERI,1985,
Eritrea,ERI,1984,
Eritrea,ERI,1983,
Eritrea,ERI,1982,
Eritrea,ERI,1981,
Eritrea,ERI,1980,
Eritrea,ERI,1979,
Eritrea,ERI,1978,
Eritrea,ERI,1977,
Eritrea,ERI,1976,
Eritrea,ERI,1975,
Eritrea,ERI,1974,
Eritrea,ERI,1973,
Eritrea,ERI,1972,
Eritrea,ERI,1971,
Eritrea,ERI,1970,
Eritrea,ERI,1969,
Eritrea,ERI,1968,
Eritrea,ERI,1967,
Eritrea,ERI,1966,
Eritrea,ERI,1965,
Eritrea,ERI,1964,
Eritrea,ERI,1963,
Eritrea,ERI,1962,
Eritrea,ERI,1961,
Eritrea,ERI,1960,
Estonia,EST,2025,60.984
Estonia,EST,2024,61.258
Estonia,EST,2023,61.049
Estonia,EST,2022,60.138
Estonia,EST,2021,57.777
Estonia,EST,2020,57.133
Estonia,EST,2019,57.34
Estonia,EST,2018,57.281
Estonia,EST,2017,57.006
Estonia,EST,2016,56.295
Estonia,EST,2015,55.747
Estonia,EST,2014,54.54
Estonia,EST,2013,55.341
Estonia,EST,2012,55.38
Estonia,EST,2011,55.617
Estonia,EST,2010,55.069
Estonia,EST,2009,54.714
Estonia,EST,2008,54.784
Estonia,EST,2007,54.019
Estonia,EST,2006,54.656
Estonia,EST,2005,53.512
Estonia,EST,2004,53.198
Estonia,EST,2003,52.274
Estonia,EST,2002,51.03
Estonia,EST,2001,51.986
Estonia,EST,2000,52.575
Estonia,EST,1999,51.917
Estonia,EST,1998,52.708
Estonia,EST,1997,54.27
Estonia,EST,1996,53.511
Estonia,EST,1995,53.705
Estonia,EST,1994,54.667
Estonia,EST,1993,54.714
Estonia,EST,1992,55.771
Estonia,EST,1991,58.231
Estonia,EST,1990,59.68
Estonia,EST,1989,
Estonia,EST,1988,
Estonia,EST,1987,
Estonia,EST,1986,
Estonia,EST,1985,
Estonia,EST,1984,
Estonia,EST,1983,
Estonia,EST,1982,
Estonia,EST,1981,
Estonia,EST,1980,
Estonia,EST,1979,
Estonia,EST,1978,
Estonia,EST,1977,
Estonia,EST,1976,
Estonia,EST,1975,
Estonia,EST,1974,
Estonia,EST,1973,
Estonia,EST,1972,
Estonia,EST,1971,
Estonia,EST,1970,
Estonia,EST,1969,
Estonia,EST,1968,
Estonia,EST,1967,
Estonia,EST,1966,
Estonia,EST,1965,
Estonia,EST,1964,
Estonia,EST,1963,
Estonia,EST,1962,
Estonia,EST,1961,
Estonia,EST,1960,
Eswatini,SWZ,2025,48.518
Eswatini,SWZ,2024,48.422
Eswatini,SWZ,2023,48.24
Eswatini,SWZ,2022,47.227
Eswatini,SWZ,2021,46.901
Eswatini,SWZ,2020,46.452
Eswatini,SWZ,2019,47.158
Eswatini,SWZ,2018,47.083
Eswatini,SWZ,2017,47.016
Eswatini,SWZ,2016,46.965
Eswatini,SWZ,2015,46.819
Eswatini,SWZ,2014,46.666
Eswatini,SWZ,2013,46.531
Eswatini,SWZ,2012,46.414
Eswatini,SWZ,2011,46.29
Eswatini,SWZ,2010,46.144
Eswatini,SWZ,2009,45.98
Eswatini,SWZ,2008,45.803
Eswatini,SWZ,2007,45.632
Eswatini,SWZ,2006,45.494
Eswatini,SWZ,2005,45.375
Eswatini,SWZ,2004,45.238
Eswatini,SWZ,2003,45.077
Eswatini,SWZ,2002,44.888
Eswatini,SWZ,2001,44.669
Eswatini,SWZ,2000,44.424
Eswatini,SWZ,1999,44.153
Eswatini,SWZ,1998,43.871
Eswatini,SWZ,1997,43.605
Eswatini,SWZ,1996,43.401
Eswatini,SWZ,1995,43.259
Eswatini,SWZ,1994,43.383
Eswatini,SWZ,1993,43.571
Eswatini,SWZ,1992,43.512
Eswatini,SWZ,1991,43.39
Eswatini,SWZ,1990,43.27
Eswatini,SWZ,1989,
Eswatini,SWZ,1988,
Eswatini,SWZ,1987,
Eswatini,SWZ,1986,
Eswatini,SWZ,1985,
Eswatini,SWZ,1984,
Eswatini,SWZ,1983,
Eswatini,SWZ,1982,
Eswatini,SWZ,1981,
Eswatini,SWZ,1980,
Eswatini,SWZ,1979,
Eswatini,SWZ,1978,
Eswatini,SWZ,1977,
Eswatini,SWZ,1976,
Eswatini,SWZ,1975,
Eswatini,SWZ,1974,
Eswatini,SWZ,1973,
Eswatini,SWZ,1972,
Eswatini,SWZ,1971,
Eswatini,SWZ,1970,
Eswatini,SWZ,1969,
Eswatini,SWZ,1968,
Eswatini,SWZ,1967,
Eswatini,SWZ,1966,
Eswatini,SWZ,1965,
Eswatini,SWZ,1964,
Eswatini,SWZ,1963,
Eswatini,SWZ,1962,
Eswatini,SWZ,1961,
Eswatini,SWZ,1960,
Ethiopia,ETH,2025,58.456
Ethiopia,ETH,2024,58.391
Ethiopia,ETH,2023,58.141
Ethiopia,ETH,2022,58.001
Ethiopia,ETH,2021,57.555
Ethiopia,ETH,2020,59.297
Ethiopia,ETH,2019,62.001
Ethiopia,ETH,2018,64.059
Ethiopia,ETH,2017,66.108
Ethiopia,ETH,2016,68.148
Ethiopia,ETH,2015,70.185
Ethiopia,ETH,2014,72.219
Ethiopia,ETH,2013,74.251
Ethiopia,ETH,2012,74.286
Ethiopia,ETH,2011,74.322
Ethiopia,ETH,2010,74.36
Ethiopia,ETH,2009,74.399
Ethiopia,ETH,2008,74.439
Ethiopia,ETH,2007,74.481
Ethiopia,ETH,2006,74.525
Ethiopia,ETH,2005,74.571
Ethiopia,ETH,2004,74.557
Ethiopia,ETH,2003,74.548
Ethiopia,ETH,2002,74.546
Ethiopia,ETH,2001,74.554
Ethiopia,ETH,2000,74.575
Ethiopia,ETH,1999,74.606
Ethiopia,ETH,1998,74.645
Ethiopia,ETH,1997,74.691
Ethiopia,ETH,1996,74.735
Ethiopia,ETH,1995,74.774
Ethiopia,ETH,1994,74.811
Ethiopia,ETH,1993,74.847
Ethiopia,ETH,1992,74.884
Ethiopia,ETH,1991,74.902
Ethiopia,ETH,1990,74.913
Ethiopia,ETH,1989,
Ethiopia,ETH,1988,
Ethiopia,ETH,1987,
Ethiopia,ETH,1986,
Ethiopia,ETH,1985,
Ethiopia,ETH,1984,
Ethiopia,ETH,1983,
Ethiopia,ETH,1982,
Ethiopia,ETH,1981,
Ethiopia,ETH,1980,
Ethiopia,ETH,1979,
Ethiopia,ETH,1978,
Ethiopia,ETH,1977,
Ethiopia,ETH,1976,
Ethiopia,ETH,1975,
Ethiopia,ETH,1974,
Ethiopia,ETH,1973,
Ethiopia,ETH,1972,
Ethiopia,ETH,1971,
Ethiopia,ETH,1970,
Ethiopia,ETH,1969,
Ethiopia,ETH,1968,
Ethiopia,ETH,1967,
Ethiopia,ETH,1966,
Ethiopia,ETH,1965,
Ethiopia,ETH,1964,
Ethiopia,ETH,1963,
Ethiopia,ETH,1962,
Ethiopia,ETH,1961,
Ethiopia,ETH,1960,
Faroe Islands,FRO,2025,
Faroe Islands,FRO,2024,
Faroe Islands,FRO,2023,
Faroe Islands,FRO,2022,
Faroe Islands,FRO,2021,
Faroe Islands,FRO,2020,
Faroe Islands,FRO,2019,
Faroe Islands,FRO,2018,
Faroe Islands,FRO,2017,
Faroe Islands,FRO,2016,
Faroe Islands,FRO,2015,
Faroe Islands,FRO,2014,
Faroe Islands,FRO,2013,
Faroe Islands,FRO,2012,
Faroe Islands,FRO,2011,
Faroe Islands,FRO,2010,
Faroe Islands,FRO,2009,
Faroe Islands,FRO,2008,
Faroe Islands,FRO,2007,
Faroe Islands,FRO,2006,
Faroe Islands,FRO,2005,
Faroe Islands,FRO,2004,
Faroe Islands,FRO,2003,
Faroe Islands,FRO,2002,
Faroe Islands,FRO,2001,
Faroe Islands,FRO,2000,
Faroe Islands,FRO,1999,
Faroe Islands,FRO,1998,
Faroe Islands,FRO,1997,
Faroe Islands,FRO,1996,
Faroe Islands,FRO,1995,
Faroe Islands,FRO,1994,
Faroe Islands,FRO,1993,
Faroe Islands,FRO,1992,
Faroe Islands,FRO,1991,
Faroe Islands,FRO,1990,
Faroe Islands,FRO,1989,
Faroe Islands,FRO,1988,
Faroe Islands,FRO,1987,
Faroe Islands,FRO,1986,
Faroe Islands,FRO,1985,
Faroe Islands,FRO,1984,
Faroe Islands,FRO,1983,
Faroe Islands,FRO,1982,
Faroe Islands,FRO,1981,
Faroe Islands,FRO,1980,
Faroe Islands,FRO,1979,
Faroe Islands,FRO,1978,
Faroe Islands,FRO,1977,
Faroe Islands,FRO,1976,
Faroe Islands,FRO,1975,
Faroe Islands,FRO,1974,
Faroe Islands,FRO,1973,
Faroe Islands,FRO,1972,
Faroe Islands,FRO,1971,
Faroe Islands,FRO,1970,
Faroe Islands,FRO,1969,
Faroe Islands,FRO,1968,
Faroe Islands,FRO,1967,
Faroe Islands,FRO,1966,
Faroe Islands,FRO,1965,
Faroe Islands,FRO,1964,
Faroe Islands,FRO,1963,
Faroe Islands,FRO,1962,
Faroe Islands,FRO,1961,
Faroe Islands,FRO,1960,
Fiji,FJI,2025,38.451
Fiji,FJI,2024,38.501
Fiji,FJI,2023,38.419
Fiji,FJI,2022,38.205
Fiji,FJI,2021,36.55
Fiji,FJI,2020,36.179
Fiji,FJI,2019,38.526
Fiji,FJI,2018,38.505
Fiji,FJI,2017,38.501
Fiji,FJI,2016,38.51
Fiji,FJI,2015,40.016
Fiji,FJI,2014,41.54
Fiji,FJI,2013,42.925
Fiji,FJI,2012,44.326
Fiji,FJI,2011,45.74
Fiji,FJI,2010,43.912
Fiji,FJI,2009,42.086
Fiji,FJI,2008,40.268
Fiji,FJI,2007,38.475
Fiji,FJI,2006,36.711
Fiji,FJI,2005,34.969
Fiji,FJI,2004,36.192
Fiji,FJI,2003,36.605
Fiji,FJI,2002,37.017
Fiji,FJI,2001,37.429
Fiji,FJI,2000,37.841
Fiji,FJI,1999,38.253
Fiji,FJI,1998,38.666
Fiji,FJI,1997,39.08
Fiji,FJI,1996,39.491
Fiji,FJI,1995,39.543
Fiji,FJI,1994,39.571
Fiji,FJI,1993,39.632
Fiji,FJI,1992,39.653
Fiji,FJI,1991,39.73
Fiji,FJI,1990,39.676
Fiji,FJI,1989,
Fiji,FJI,1988,
Fiji,FJI,1987,
Fiji,FJI,1986,
Fiji,FJI,1985,
Fiji,FJI,1984,
Fiji,FJI,1983,
Fiji,FJI,1982,
Fiji,FJI,1981,
Fiji,FJI,1980,
Fiji,FJI,1979,
Fiji,FJI,1978,
Fiji,FJI,1977,
Fiji,FJI,1976,
Fiji,FJI,1975,
Fiji,FJI,1974,
Fiji,FJI,1973,
Fiji,FJI,1972,
Fiji,FJI,1971,
Fiji,FJI,1970,
Fiji,FJI,1969,
Fiji,FJI,1968,
Fiji,FJI,1967,
Fiji,FJI,1966,
Fiji,FJI,1965,
Fiji,FJI,1964,
Fiji,FJI,1963,
Fiji,FJI,1962,
Fiji,FJI,1961,
Fiji,FJI,1960,
Finland,FIN,2025,56.493
Finland,FIN,2024,56.668
Finland,FIN,2023,57.489
Finland,FIN,2022,57.267
Finland,FIN,2021,55.927
Finland,FIN,2020,55.175
Finland,FIN,2019,55.677
Finland,FIN,2018,55.688
Finland,FIN,2017,55.027
Finland,FIN,2016,54.982
Finland,FIN,2015,55.407
Finland,FIN,2014,55.297
Finland,FIN,2013,55.568
Finland,FIN,2012,55.865
Finland,FIN,2011,55.743
Finland,FIN,2010,55.871
Finland,FIN,2009,56.861
Finland,FIN,2008,57.374
Finland,FIN,2007,57.33
Finland,FIN,2006,58.337
Finland,FIN,2005,58.157
Finland,FIN,2004,57.573
Finland,FIN,2003,57.631
Finland,FIN,2002,57.75
Finland,FIN,2001,57.281
Finland,FIN,2000,56.566
Finland,FIN,1999,56.323
Finland,FIN,1998,55.058
Finland,FIN,1997,54.859
Finland,FIN,1996,54.555
Finland,FIN,1995,54.633
Finland,FIN,1994,54.717
Finland,FIN,1993,55.444
Finland,FIN,1992,56.172
Finland,FIN,1991,57.385
Finland,FIN,1990,58.63
Finland,FIN,1989,
Finland,FIN,1988,
Finland,FIN,1987,
Finland,FIN,1986,
Finland,FIN,1985,
Finland,FIN,1984,
Finland,FIN,1983,
Finland,FIN,1982,
Finland,FIN,1981,
Finland,FIN,1980,
Finland,FIN,1979,
Finland,FIN,1978,
Finland,FIN,1977,
Finland,FIN,1976,
Finland,FIN,1975,
Finland,FIN,1974,
Finland,FIN,1973,
Finland,FIN,1972,
Finland,FIN,1971,
Finland,FIN,1970,
Finland,FIN,1969,
Finland,FIN,1968,
Finland,FIN,1967,
Finland,FIN,1966,
Finland,FIN,1965,
Finland,FIN,1964,
Finland,FIN,1963,
Finland,FIN,1962,
Finland,FIN,1961,
Finland,FIN,1960,
France,FRA,2025,51.48
France,FRA,2024,51.773
France,FRA,2023,52.108
France,FRA,2022,51.862
France,FRA,2021,51.605
France,FRA,2020,50.05
France,FRA,2019,50.615
France,FRA,2018,50.813
France,FRA,2017,50.625
France,FRA,2016,50.83
France,FRA,2015,50.957
France,FRA,2014,51.012
France,FRA,2013,51.318
France,FRA,2012,51.196
France,FRA,2011,50.995
France,FRA,2010,51.083
France,FRA,2009,51.065
France,FRA,2008,50.74
France,FRA,2007,50.62
France,FRA,2006,50.229
France,FRA,2005,50.137
France,FRA,2004,49.582
France,FRA,2003,49.736
France,FRA,2002,48.535
France,FRA,2001,48.324
France,FRA,2000,48.535
France,FRA,1999,48.449
France,FRA,1998,48.064
France,FRA,1997,47.736
France,FRA,1996,48.146
France,FRA,1995,47.775
France,FRA,1994,47.467
France,FRA,1993,47.306
France,FRA,1992,46.851
France,FRA,1991,46.459
France,FRA,1990,46.421
France,FRA,1989,
France,FRA,1988,
France,FRA,1987,
France,FRA,1986,
France,FRA,1985,
France,FRA,1984,
France,FRA,1983,
France,FRA,1982,
France,FRA,1981,
France,FRA,1980,
France,FRA,1979,
France,FRA,1978,
France,FRA,1977,
France,FRA,1976,
France,FRA,1975,
France,FRA,1974,
France,FRA,1973,
France,FRA,1972,
France,FRA,1971,
France,FRA,1970,
France,FRA,1969,
France,FRA,1968,
France,FRA,1967,
France,FRA,1966,
France,FRA,1965,
France,FRA,1964,
France,FRA,1963,
France,FRA,1962,
France,FRA,1961,
France,FRA,1960,
French Polynesia,PYF,2025,46.628
French Polynesia,PYF,2024,46.983
French Polynesia,PYF,2023,47.404
French Polynesia,PYF,2022,47.85
French Polynesia,PYF,2021,48.267
French Polynesia,PYF,2020,48.347
French Polynesia,PYF,2019,49.219
French Polynesia,PYF,2018,49.253
French Polynesia,PYF,2017,49.33
French Polynesia,PYF,2016,49.079
French Polynesia,PYF,2015,49.0
French Polynesia,PYF,2014,48.979
French Polynesia,PYF,2013,49.052
French Polynesia,PYF,2012,49.132
French Polynesia,PYF,2011,48.745
French Polynesia,PYF,2010,48.356
French Polynesia,PYF,2009,47.969
French Polynesia,PYF,2008,47.595
French Polynesia,PYF,2007,47.265
French Polynesia,PYF,2006,47.324
French Polynesia,PYF,2005,47.357
French Polynesia,PYF,2004,47.415
French Polynesia,PYF,2003,47.519
French Polynesia,PYF,2002,47.599
French Polynesia,PYF,2001,47.752
French Polynesia,PYF,2000,47.885
French Polynesia,PYF,1999,47.99
French Polynesia,PYF,1998,48.082
French Polynesia,PYF,1997,48.155
French Polynesia,PYF,1996,48.198
French Polynesia,PYF,1995,48.329
French Polynesia,PYF,1994,48.397
French Polynesia,PYF,1993,48.536
French Polynesia,PYF,1992,48.62
French Polynesia,PYF,1991,48.718
French Polynesia,PYF,1990,48.436
French Polynesia,PYF,1989,
French Polynesia,PYF,1988,
French Polynesia,PYF,1987,
French Polynesia,PYF,1986,
French Polynesia,PYF,1985,
French Polynesia,PYF,1984,
French Polynesia,PYF,1983,
French Polynesia,PYF,1982,
French Polynesia,PYF,1981,
French Polynesia,PYF,1980,
French Polynesia,PYF,1979,
French Polynesia,PYF,1978,
French Polynesia,PYF,1977,
French Polynesia,PYF,1976,
French Polynesia,PYF,1975,
French Polynesia,PYF,1974,
French Polynesia,PYF,1973,
French Polynesia,PYF,1972,
French Polynesia,PYF,1971,
French Polynesia,PYF,1970,
French Polynesia,PYF,1969,
French Polynesia,PYF,1968,
French Polynesia,PYF,1967,
French Polynesia,PYF,1966,
French Polynesia,PYF,1965,
French Polynesia,PYF,1964,
French Polynesia,PYF,1963,
French Polynesia,PYF,1962,
French Polynesia,PYF,1961,
French Polynesia,PYF,1960,
Gabon,GAB,2025,41.629
Gabon,GAB,2024,41.808
Gabon,GAB,2023,41.876
Gabon,GAB,2022,41.904
Gabon,GAB,2021,39.763
Gabon,GAB,2020,39.063
Gabon,GAB,2019,41.994
Gabon,GAB,2018,41.909
Gabon,GAB,2017,41.796
Gabon,GAB,2016,41.649
Gabon,GAB,2015,41.453
Gabon,GAB,2014,41.208
Gabon,GAB,2013,40.925
Gabon,GAB,2012,40.622
Gabon,GAB,2011,40.322
Gabon,GAB,2010,40.025
Gabon,GAB,2009,39.732
Gabon,GAB,2008,39.455
Gabon,GAB,2007,39.192
Gabon,GAB,2006,38.932
Gabon,GAB,2005,38.708
Gabon,GAB,2004,38.499
Gabon,GAB,2003,38.309
Gabon,GAB,2002,38.139
Gabon,GAB,2001,37.995
Gabon,GAB,2000,37.865
Gabon,GAB,1999,37.754
Gabon,GAB,1998,37.664
Gabon,GAB,1997,37.569
Gabon,GAB,1996,37.484
Gabon,GAB,1995,37.42
Gabon,GAB,1994,37.377
Gabon,GAB,1993,37.36
Gabon,GAB,1992,37.363
Gabon,GAB,1991,37.386
Gabon,GAB,1990,37.413
Gabon,GAB,1989,
Gabon,GAB,1988,
Gabon,GAB,1987,
Gabon,GAB,1986,
Gabon,GAB,1985,
Gabon,GAB,1984,
Gabon,GAB,1983,
Gabon,GAB,1982,
Gabon,GAB,1981,
Gabon,GAB,1980,
Gabon,GAB,1979,
Gabon,GAB,1978,
Gabon,GAB,1977,
Gabon,GAB,1976,
Gabon,GAB,1975,
Gabon,GAB,1974,
Gabon,GAB,1973,
Gabon,GAB,1972,
Gabon,GAB,1971,
Gabon,GAB,1970,
Gabon,GAB,1969,
Gabon,GAB,1968,
Gabon,GAB,1967,
Gabon,GAB,1966,
Gabon,GAB,1965,
Gabon,GAB,1964,
Gabon,GAB,1963,
Gabon,GAB,1962,
Gabon,GAB,1961,
Gabon,GAB,1960,
"Gambia, The",GMB,2025,45.459
"Gambia, The",GMB,2024,45.428
"Gambia, The",GMB,2023,45.242
"Gambia, The",GMB,2022,45.13
"Gambia, The",GMB,2021,44.967
"Gambia, The",GMB,2020,44.823
"Gambia, The",GMB,2019,45.017
"Gambia, The",GMB,2018,44.792
"Gambia, The",GMB,2017,44.498
"Gambia, The",GMB,2016,44.377
"Gambia, The",GMB,2015,44.465
"Gambia, The",GMB,2014,44.404
"Gambia, The",GMB,2013,44.75
"Gambia, The",GMB,2012,44.784
"Gambia, The",GMB,2011,44.653
"Gambia, The",GMB,2010,45.546
"Gambia, The",GMB,2009,45.375
"Gambia, The",GMB,2008,45.154
"Gambia, The",GMB,2007,44.963
"Gambia, The",GMB,2006,44.999
"Gambia, The",GMB,2005,45.295
"Gambia, The",GMB,2004,45.723
"Gambia, The",GMB,2003,45.45
"Gambia, The",GMB,2002,45.184
"Gambia, The",GMB,2001,45.657
"Gambia, The",GMB,2000,45.454
"Gambia, The",GMB,1999,45.269
"Gambia, The",GMB,1998,45.015
"Gambia, The",GMB,1997,44.959
"Gambia, The",GMB,1996,44.795
"Gambia, The",GMB,1995,44.814
"Gambia, The",GMB,1994,44.928
"Gambia, The",GMB,1993,45.12
"Gambia, The",GMB,1992,45.152
"Gambia, The",GMB,1991,45.198
"Gambia, The",GMB,1990,45.277
"Gambia, The",GMB,1989,
"Gambia, The",GMB,1988,
"Gambia, The",GMB,1987,
"Gambia, The",GMB,1986,
"Gambia, The",GMB,1985,
"Gambia, The",GMB,1984,
"Gambia, The",GMB,1983,
"Gambia, The",GMB,1982,
"Gambia, The",GMB,1981,
"Gambia, The",GMB,1980,
"Gambia, The",GMB,1979,
"Gambia, The",GMB,1978,
"Gambia, The",GMB,1977,
"Gambia, The",GMB,1976,
"Gambia, The",GMB,1975,
"Gambia, The",GMB,1974,
"Gambia, The",GMB,1973,
"Gambia, The",GMB,1972,
"Gambia, The",GMB,1971,
"Gambia, The",GMB,1970,
"Gambia, The",GMB,1969,
"Gambia, The",GMB,1968,
"Gambia, The",GMB,1967,
"Gambia, The",GMB,1966,
"Gambia, The",GMB,1965,
"Gambia, The",GMB,1964,
"Gambia, The",GMB,1963,
"Gambia, The",GMB,1962,
"Gambia, The",GMB,1961,
"Gambia, The",GMB,1960,
Georgia,GEO,2025,56.697
Georgia,GEO,2024,56.673
Georgia,GEO,2023,56.251
Georgia,GEO,2022,55.755
Georgia,GEO,2021,53.055
Georgia,GEO,2020,55.206
Georgia,GEO,2019,54.716
Georgia,GEO,2018,55.742
Georgia,GEO,2017,58.382
Georgia,GEO,2016,58.551
Georgia,GEO,2015,58.678
Georgia,GEO,2014,58.811
Georgia,GEO,2013,59.008
Georgia,GEO,2012,59.313
Georgia,GEO,2011,59.769
Georgia,GEO,2010,60.384
Georgia,GEO,2009,60.943
Georgia,GEO,2008,60.721
Georgia,GEO,2007,60.953
Georgia,GEO,2006,62.089
Georgia,GEO,2005,63.093
Georgia,GEO,2004,64.224
Georgia,GEO,2003,65.003
Georgia,GEO,2002,66.464
Georgia,GEO,2001,67.319
Georgia,GEO,2000,68.205
Georgia,GEO,1999,68.75
Georgia,GEO,1998,69.478
Georgia,GEO,1997,70.325
Georgia,GEO,1996,72.437
Georgia,GEO,1995,74.811
Georgia,GEO,1994,75.882
Georgia,GEO,1993,74.262
Georgia,GEO,1992,72.806
Georgia,GEO,1991,71.498
Georgia,GEO,1990,70.318
Georgia,GEO,1989,
Georgia,GEO,1988,
Georgia,GEO,1987,
Georgia,GEO,1986,
Georgia,GEO,1985,
Georgia,GEO,1984,
Georgia,GEO,1983,
Georgia,GEO,1982,
Georgia,GEO,1981,
Georgia,GEO,1980,
Georgia,GEO,1979,
Georgia,GEO,1978,
Georgia,GEO,1977,
Georgia,GEO,1976,
Georgia,GEO,1975,
Georgia,GEO,1974,
Georgia,GEO,1973,
Georgia,GEO,1972,
Georgia,GEO,1971,
Georgia,GEO,1970,
Georgia,GEO,1969,
Georgia,GEO,1968,
Georgia,GEO,1967,
Georgia,GEO,1966,
Georgia,GEO,1965,
Georgia,GEO,1964,
Georgia,GEO,1963,
Georgia,GEO,1962,
Georgia,GEO,1961,
Georgia,GEO,1960,
Germany,DEU,2025,55.288
Germany,DEU,2024,55.622
Germany,DEU,2023,55.821
Germany,DEU,2022,55.538
Germany,DEU,2021,55.018
Germany,DEU,2020,55.113
Germany,DEU,2019,55.709
Germany,DEU,2018,55.211
Germany,DEU,2017,55.138
Germany,DEU,2016,54.808
Germany,DEU,2015,54.441
Germany,DEU,2014,54.468
Germany,DEU,2013,54.194
Germany,DEU,2012,53.68
Germany,DEU,2011,53.71
Germany,DEU,2010,52.528
Germany,DEU,2009,52.624
Germany,DEU,2008,51.998
Germany,DEU,2007,52.21
Germany,DEU,2006,51.758
Germany,DEU,2005,50.694
Germany,DEU,2004,49.742
Germany,DEU,2003,49.985
Germany,DEU,2002,49.58
Germany,DEU,2001,49.347
Germany,DEU,2000,49.001
Germany,DEU,1999,49.054
Germany,DEU,1998,48.537
Germany,DEU,1997,48.358
Germany,DEU,1996,47.854
Germany,DEU,1995,47.834
Germany,DEU,1994,47.98
Germany,DEU,1993,47.472
Germany,DEU,1992,47.816
Germany,DEU,1991,47.908
Germany,DEU,1990,45.168
Germany,DEU,1989,
Germany,DEU,1988,
Germany,DEU,1987,
Germany,DEU,1986,
Germany,DEU,1985,
Germany,DEU,1984,
Germany,DEU,1983,
Germany,DEU,1982,
Germany,DEU,1981,
Germany,DEU,1980,
Germany,DEU,1979,
Germany,DEU,1978,
Germany,DEU,1977,
Germany,DEU,1976,
Germany,DEU,1975,
Germany,DEU,1974,
Germany,DEU,1973,
Germany,DEU,1972,
Germany,DEU,1971,
Germany,DEU,1970,
Germany,DEU,1969,
Germany,DEU,1968,
Germany,DEU,1967,
Germany,DEU,1966,
Germany,DEU,1965,
Germany,DEU,1964,
Germany,DEU,1963,
Germany,DEU,1962,
Germany,DEU,1961,
Germany,DEU,1960,
Ghana,GHA,2025,55.265
Ghana,GHA,2024,55.733
Ghana,GHA,2023,55.53
Ghana,GHA,2022,55.507
Ghana,GHA,2021,56.85
Ghana,GHA,2020,57.957
Ghana,GHA,2019,60.063
Ghana,GHA,2018,61.516
Ghana,GHA,2017,62.967
Ghana,GHA,2016,64.013
Ghana,GHA,2015,65.049
Ghana,GHA,2014,66.096
Ghana,GHA,2013,67.132
Ghana,GHA,2012,67.268
Ghana,GHA,2011,67.404
Ghana,GHA,2010,67.539
Ghana,GHA,2009,67.675
Ghana,GHA,2008,67.811
Ghana,GHA,2007,67.947
Ghana,GHA,2006,68.083
Ghana,GHA,2005,68.218
Ghana,GHA,2004,68.354
Ghana,GHA,2003,68.489
Ghana,GHA,2002,68.625
Ghana,GHA,2001,68.76
Ghana,GHA,2000,68.895
Ghana,GHA,1999,69.028
Ghana,GHA,1998,69.161
Ghana,GHA,1997,69.293
Ghana,GHA,1996,69.424
Ghana,GHA,1995,69.553
Ghana,GHA,1994,69.681
Ghana,GHA,1993,69.811
Ghana,GHA,1992,69.943
Ghana,GHA,1991,70.074
Ghana,GHA,1990,70.054
Ghana,GHA,1989,
Ghana,GHA,1988,
Ghana,GHA,1987,
Ghana,GHA,1986,
Ghana,GHA,1985,
Ghana,GHA,1984,
Ghana,GHA,1983,
Ghana,GHA,1982,
Ghana,GHA,1981,
Ghana,GHA,1980,
Ghana,GHA,1979,
Ghana,GHA,1978,
Ghana,GHA,1977,
Ghana,GHA,1976,
Ghana,GHA,1975,
Ghana,GHA,1974,
Ghana,GHA,1973,
Ghana,GHA,1972,
Ghana,GHA,1971,
Ghana,GHA,1970,
Ghana,GHA,1969,
Ghana,GHA,1968,
Ghana,GHA,1967,
Ghana,GHA,1966,
Ghana,GHA,1965,
Ghana,GHA,1964,
Ghana,GHA,1963,
Ghana,GHA,1962,
Ghana,GHA,1961,
Ghana,GHA,1960,
Gibraltar,GIB,2025,
Gibraltar,GIB,2024,
Gibraltar,GIB,2023,
Gibraltar,GIB,2022,
Gibraltar,GIB,2021,
Gibraltar,GIB,2020,
Gibraltar,GIB,2019,
Gibraltar,GIB,2018,
Gibraltar,GIB,2017,
Gibraltar,GIB,2016,
Gibraltar,GIB,2015,
Gibraltar,GIB,2014,
Gibraltar,GIB,2013,
Gibraltar,GIB,2012,
Gibraltar,GIB,2011,
Gibraltar,GIB,2010,
Gibraltar,GIB,2009,
Gibraltar,GIB,2008,
Gibraltar,GIB,2007,
Gibraltar,GIB,2006,
Gibraltar,GIB,2005,
Gibraltar,GIB,2004,
Gibraltar,GIB,2003,
Gibraltar,GIB,2002,
Gibraltar,GIB,2001,
Gibraltar,GIB,2000,
Gibraltar,GIB,1999,
Gibraltar,GIB,1998,
Gibraltar,GIB,1997,
Gibraltar,GIB,1996,
Gibraltar,GIB,1995,
Gibraltar,GIB,1994,
Gibraltar,GIB,1993,
Gibraltar,GIB,1992,
Gibraltar,GIB,1991,
Gibraltar,GIB,1990,
Gibraltar,GIB,1989,
Gibraltar,GIB,1988,
Gibraltar,GIB,1987,
Gibraltar,GIB,1986,
Gibraltar,GIB,1985,
Gibraltar,GIB,1984,
Gibraltar,GIB,1983,
Gibraltar,GIB,1982,
Gibraltar,GIB,1981,
Gibraltar,GIB,1980,
Gibraltar,GIB,1979,
Gibraltar,GIB,1978,
Gibraltar,GIB,1977,
Gibraltar,GIB,1976,
Gibraltar,GIB,1975,
Gibraltar,GIB,1974,
Gibraltar,GIB,1973,
Gibraltar,GIB,1972,
Gibraltar,GIB,1971,
Gibraltar,GIB,1970,
Gibraltar,GIB,1969,
Gibraltar,GIB,1968,
Gibraltar,GIB,1967,
Gibraltar,GIB,1966,
Gibraltar,GIB,1965,
Gibraltar,GIB,1964,
Gibraltar,GIB,1963,
Gibraltar,GIB,1962,
Gibraltar,GIB,1961,
Gibraltar,GIB,1960,
Greece,GRC,2025,44.666
Greece,GRC,2024,45.027
Greece,GRC,2023,44.646
Greece,GRC,2022,44.413
Greece,GRC,2021,43.261
Greece,GRC,2020,42.721
Greece,GRC,2019,43.513
Greece,GRC,2018,43.387
Greece,GRC,2017,43.828
Greece,GRC,2016,44.091
Greece,GRC,2015,44.028
Greece,GRC,2014,43.517
Greece,GRC,2013,43.172
Greece,GRC,2012,43.383
Greece,GRC,2011,43.077
Greece,GRC,2010,43.229
Greece,GRC,2009,42.576
Greece,GRC,2008,41.532
Greece,GRC,2007,41.488
Greece,GRC,2006,41.607
Greece,GRC,2005,41.255
Greece,GRC,2004,41.048
Greece,GRC,2003,39.859
Greece,GRC,2002,39.27
Greece,GRC,2001,38.729
Greece,GRC,2000,39.478
Greece,GRC,1999,39.519
Greece,GRC,1998,39.031
Greece,GRC,1997,37.21
Greece,GRC,1996,37.22
Greece,GRC,1995,35.998
Greece,GRC,1994,35.403
Greece,GRC,1993,34.755
Greece,GRC,1992,34.554
Greece,GRC,1991,33.326
Greece,GRC,1990,35.539
Greece,GRC,1989,
Greece,GRC,1988,
Greece,GRC,1987,
Greece,GRC,1986,
Greece,GRC,1985,
Greece,GRC,1984,
Greece,GRC,1983,
Greece,GRC,1982,
Greece,GRC,1981,
Greece,GRC,1980,
Greece,GRC,1979,
Greece,GRC,1978,
Greece,GRC,1977,
Greece,GRC,1976,
Greece,GRC,1975,
Greece,GRC,1974,
Greece,GRC,1973,
Greece,GRC,1972,
Greece,GRC,1971,
Greece,GRC,1970,
Greece,GRC,1969,
Greece,GRC,1968,
Greece,GRC,1967,
Greece,GRC,1966,
Greece,GRC,1965,
Greece,GRC,1964,
Greece,GRC,1963,
Greece,GRC,1962,
Greece,GRC,1961,
Greece,GRC,1960,
Greenland,GRL,2025,
Greenland,GRL,2024,
Greenland,GRL,2023,
Greenland,GRL,2022,
Greenland,GRL,2021,
Greenland,GRL,2020,
Greenland,GRL,2019,
Greenland,GRL,2018,
Greenland,GRL,2017,
Greenland,GRL,2016,
Greenland,GRL,2015,
Greenland,GRL,2014,
Greenland,GRL,2013,
Greenland,GRL,2012,
Greenland,GRL,2011,
Greenland,GRL,2010,
Greenland,GRL,2009,
Greenland,GRL,2008,
Greenland,GRL,2007,
Greenland,GRL,2006,
Greenland,GRL,2005,
Greenland,GRL,2004,
Greenland,GRL,2003,
Greenland,GRL,2002,
Greenland,GRL,2001,
Greenland,GRL,2000,
Greenland,GRL,1999,
Greenland,GRL,1998,
Greenland,GRL,1997,
Greenland,GRL,1996,
Greenland,GRL,1995,
Greenland,GRL,1994,
Greenland,GRL,1993,
Greenland,GRL,1992,
Greenland,GRL,1991,
Greenland,GRL,1990,
Greenland,GRL,1989,
Greenland,GRL,1988,
Greenland,GRL,1987,
Greenland,GRL,1986,
Greenland,GRL,1985,
Greenland,GRL,1984,
Greenland,GRL,1983,
Greenland,GRL,1982,
Greenland,GRL,1981,
Greenland,GRL,1980,
Greenland,GRL,1979,
Greenland,GRL,1978,
Greenland,GRL,1977,
Greenland,GRL,1976,
Greenland,GRL,1975,
Greenland,GRL,1974,
Greenland,GRL,1973,
Greenland,GRL,1972,
Greenland,GRL,1971,
Greenland,GRL,1970,
Greenland,GRL,1969,
Greenland,GRL,1968,
Greenland,GRL,1967,
Greenland,GRL,1966,
Greenland,GRL,1965,
Greenland,GRL,1964,
Greenland,GRL,1963,
Greenland,GRL,1962,
Greenland,GRL,1961,
Greenland,GRL,1960,
Grenada,GRD,2025,
Grenada,GRD,2024,
Grenada,GRD,2023,
Grenada,GRD,2022,
Grenada,GRD,2021,
Grenada,GRD,2020,
Grenada,GRD,2019,
Grenada,GRD,2018,
Grenada,GRD,2017,
Grenada,GRD,2016,
Grenada,GRD,2015,
Grenada,GRD,2014,
Grenada,GRD,2013,
Grenada,GRD,2012,
Grenada,GRD,2011,
Grenada,GRD,2010,
Grenada,GRD,2009,
Grenada,GRD,2008,
Grenada,GRD,2007,
Grenada,GRD,2006,
Grenada,GRD,2005,
Grenada,GRD,2004,
Grenada,GRD,2003,
Grenada,GRD,2002,
Grenada,GRD,2001,
Grenada,GRD,2000,
Grenada,GRD,1999,
Grenada,GRD,1998,
Grenada,GRD,1997,
Grenada,GRD,1996,
Grenada,GRD,1995,
Grenada,GRD,1994,
Grenada,GRD,1993,
Grenada,GRD,1992,
Grenada,GRD,1991,
Grenada,GRD,1990,
Grenada,GRD,1989,
Grenada,GRD,1988,
Grenada,GRD,1987,
Grenada,GRD,1986,
Grenada,GRD,1985,
Grenada,GRD,1984,
Grenada,GRD,1983,
Grenada,GRD,1982,
Grenada,GRD,1981,
Grenada,GRD,1980,
Grenada,GRD,1979,
Grenada,GRD,1978,
Grenada,GRD,1977,
Grenada,GRD,1976,
Grenada,GRD,1975,
Grenada,GRD,1974,
Grenada,GRD,1973,
Grenada,GRD,1972,
Grenada,GRD,1971,
Grenada,GRD,1970,
Grenada,GRD,1969,
Grenada,GRD,1968,
Grenada,GRD,1967,
Grenada,GRD,1966,
Grenada,GRD,1965,
Grenada,GRD,1964,
Grenada,GRD,1963,
Grenada,GRD,1962,
Grenada,GRD,1961,
Grenada,GRD,1960,
Guam,GUM,2025,56.52
Guam,GUM,2024,56.468
Guam,GUM,2023,56.391
Guam,GUM,2022,56.289
Guam,GUM,2021,54.128
Guam,GUM,2020,53.58
Guam,GUM,2019,56.497
Guam,GUM,2018,56.4
Guam,GUM,2017,56.404
Guam,GUM,2016,56.36
Guam,GUM,2015,56.338
Guam,GUM,2014,56.299
Guam,GUM,2013,56.235
Guam,GUM,2012,56.176
Guam,GUM,2011,56.107
Guam,GUM,2010,56.437
Guam,GUM,2009,53.319
Guam,GUM,2008,50.81
Guam,GUM,2007,48.288
Guam,GUM,2006,55.193
Guam,GUM,2005,54.802
Guam,GUM,2004,52.599
Guam,GUM,2003,53.502
Guam,GUM,2002,54.398
Guam,GUM,2001,58.087
Guam,GUM,2000,60.074
Guam,GUM,1999,60.026
Guam,GUM,1998,59.965
Guam,GUM,1997,59.906
Guam,GUM,1996,59.844
Guam,GUM,1995,59.782
Guam,GUM,1994,59.722
Guam,GUM,1993,59.665
Guam,GUM,1992,59.612
Guam,GUM,1991,59.556
Guam,GUM,1990,59.507
Guam,GUM,1989,
Guam,GUM,1988,
Guam,GUM,1987,
Guam,GUM,1986,
Guam,GUM,1985,
Guam,GUM,1984,
Guam,GUM,1983,
Guam,GUM,1982,
Guam,GUM,1981,
Guam,GUM,1980,
Guam,GUM,1979,
Guam,GUM,1978,
Guam,GUM,1977,
Guam,GUM,1976,
Guam,GUM,1975,
Guam,GUM,1974,
Guam,GUM,1973,
Guam,GUM,1972,
Guam,GUM,1971,
Guam,GUM,1970,
Guam,GUM,1969,
Guam,GUM,1968,
Guam,GUM,1967,
Guam,GUM,1966,
Guam,GUM,1965,
Guam,GUM,1964,
Guam,GUM,1963,
Guam,GUM,1962,
Guam,GUM,1961,
Guam,GUM,1960,
Guatemala,GTM,2025,38.324
Guatemala,GTM,2024,38.42
Guatemala,GTM,2023,38.14
Guatemala,GTM,2022,40.502
Guatemala,GTM,2021,42.496
Guatemala,GTM,2020,38.299
Guatemala,GTM,2019,37.107
Guatemala,GTM,2018,38.408
Guatemala,GTM,2017,38.656
Guatemala,GTM,2016,39.525
Guatemala,GTM,2015,38.437
Guatemala,GTM,2014,39.978
Guatemala,GTM,2013,39.687
Guatemala,GTM,2012,44.986
Guatemala,GTM,2011,40.096
Guatemala,GTM,2010,41.598
Guatemala,GTM,2009,41.648
Guatemala,GTM,2008,41.708
Guatemala,GTM,2007,41.778
Guatemala,GTM,2006,41.858
Guatemala,GTM,2005,41.947
Guatemala,GTM,2004,42.045
Guatemala,GTM,2003,47.982
Guatemala,GTM,2002,46.346
Guatemala,GTM,2001,46.14
Guatemala,GTM,2000,46.075
Guatemala,GTM,1999,45.913
Guatemala,GTM,1998,45.736
Guatemala,GTM,1997,45.476
Guatemala,GTM,1996,45.279
Guatemala,GTM,1995,45.209
Guatemala,GTM,1994,44.993
Guatemala,GTM,1993,44.835
Guatemala,GTM,1992,44.666
Guatemala,GTM,1991,44.425
Guatemala,GTM,1990,44.286
Guatemala,GTM,1989,
Guatemala,GTM,1988,
Guatemala,GTM,1987,
Guatemala,GTM,1986,
Guatemala,GTM,1985,
Guatemala,GTM,1984,
Guatemala,GTM,1983,
Guatemala,GTM,1982,
Guatemala,GTM,1981,
Guatemala,GTM,1980,
Guatemala,GTM,1979,
Guatemala,GTM,1978,
Guatemala,GTM,1977,
Guatemala,GTM,1976,
Guatemala,GTM,1975,
Guatemala,GTM,1974,
Guatemala,GTM,1973,
Guatemala,GTM,1972,
Guatemala,GTM,1971,
Guatemala,GTM,1970,
Guatemala,GTM,1969,
Guatemala,GTM,1968,
Guatemala,GTM,1967,
Guatemala,GTM,1966,
Guatemala,GTM,1965,
Guatemala,GTM,1964,
Guatemala,GTM,1963,
Guatemala,GTM,1962,
Guatemala,GTM,1961,
Guatemala,GTM,1960,
Guinea,GIN,2025,42.646
Guinea,GIN,2024,42.882
Guinea,GIN,2023,42.739
Guinea,GIN,2022,42.529
Guinea,GIN,2021,41.989
Guinea,GIN,2020,41.854
Guinea,GIN,2019,42.271
Guinea,GIN,2018,43.497
Guinea,GIN,2017,44.725
Guinea,GIN,2016,45.954
Guinea,GIN,2015,47.185
Guinea,GIN,2014,48.414
Guinea,GIN,2013,49.638
Guinea,GIN,2012,50.859
Guinea,GIN,2011,52.077
Guinea,GIN,2010,53.291
Guinea,GIN,2009,54.499
Guinea,GIN,2008,55.7
Guinea,GIN,2007,56.894
Guinea,GIN,2006,58.078
Guinea,GIN,2005,59.249
Guinea,GIN,2004,60.41
Guinea,GIN,2003,61.566
Guinea,GIN,2002,62.713
Guinea,GIN,2001,62.781
Guinea,GIN,2000,62.907
Guinea,GIN,1999,62.977
Guinea,GIN,1998,63.028
Guinea,GIN,1997,63.145
Guinea,GIN,1996,63.262
Guinea,GIN,1995,63.295
Guinea,GIN,1994,63.333
Guinea,GIN,1993,63.378
Guinea,GIN,1992,63.419
Guinea,GIN,1991,63.46
Guinea,GIN,1990,63.491
Guinea,GIN,1989,
Guinea,GIN,1988,
Guinea,GIN,1987,
Guinea,GIN,1986,
Guinea,GIN,1985,
Guinea,GIN,1984,
Guinea,GIN,1983,
Guinea,GIN,1982,
Guinea,GIN,1981,
Guinea,GIN,1980,
Guinea,GIN,1979,
Guinea,GIN,1978,
Guinea,GIN,1977,
Guinea,GIN,1976,
Guinea,GIN,1975,
Guinea,GIN,1974,
Guinea,GIN,1973,
Guinea,GIN,1972,
Guinea,GIN,1971,
Guinea,GIN,1970,
Guinea,GIN,1969,
Guinea,GIN,1968,
Guinea,GIN,1967,
Guinea,GIN,1966,
Guinea,GIN,1965,
Guinea,GIN,1964,
Guinea,GIN,1963,
Guinea,GIN,1962,
Guinea,GIN,1961,
Guinea,GIN,1960,
Guinea-Bissau,GNB,2025,60.287
Guinea-Bissau,GNB,2024,60.17
Guinea-Bissau,GNB,2023,60.084
Guinea-Bissau,GNB,2022,59.972
Guinea-Bissau,GNB,2021,58.375
Guinea-Bissau,GNB,2020,56.768
Guinea-Bissau,GNB,2019,56.063
Guinea-Bissau,GNB,2018,56.399
Guinea-Bissau,GNB,2017,56.285
Guinea-Bissau,GNB,2016,56.189
Guinea-Bissau,GNB,2015,56.11
Guinea-Bissau,GNB,2014,56.042
Guinea-Bissau,GNB,2013,55.987
Guinea-Bissau,GNB,2012,55.939
Guinea-Bissau,GNB,2011,55.896
Guinea-Bissau,GNB,2010,55.854
Guinea-Bissau,GNB,2009,55.812
Guinea-Bissau,GNB,2008,55.774
Guinea-Bissau,GNB,2007,55.743
Guinea-Bissau,GNB,2006,55.717
Guinea-Bissau,GNB,2005,55.693
Guinea-Bissau,GNB,2004,55.66
Guinea-Bissau,GNB,2003,55.623
Guinea-Bissau,GNB,2002,55.587
Guinea-Bissau,GNB,2001,55.548
Guinea-Bissau,GNB,2000,55.507
Guinea-Bissau,GNB,1999,55.465
Guinea-Bissau,GNB,1998,55.424
Guinea-Bissau,GNB,1997,55.386
Guinea-Bissau,GNB,1996,55.353
Guinea-Bissau,GNB,1995,55.327
Guinea-Bissau,GNB,1994,55.314
Guinea-Bissau,GNB,1993,55.312
Guinea-Bissau,GNB,1992,55.302
Guinea-Bissau,GNB,1991,55.277
Guinea-Bissau,GNB,1990,55.237
Guinea-Bissau,GNB,1989,
Guinea-Bissau,GNB,1988,
Guinea-Bissau,GNB,1987,
Guinea-Bissau,GNB,1986,
Guinea-Bissau,GNB,1985,
Guinea-Bissau,GNB,1984,
Guinea-Bissau,GNB,1983,
Guinea-Bissau,GNB,1982,
Guinea-Bissau,GNB,1981,
Guinea-Bissau,GNB,1980,
Guinea-Bissau,GNB,1979,
Guinea-Bissau,GNB,1978,
Guinea-Bissau,GNB,1977,
Guinea-Bissau,GNB,1976,
Guinea-Bissau,GNB,1975,
Guinea-Bissau,GNB,1974,
Guinea-Bissau,GNB,1973,
Guinea-Bissau,GNB,1972,
Guinea-Bissau,GNB,1971,
Guinea-Bissau,GNB,1970,
Guinea-Bissau,GNB,1969,
Guinea-Bissau,GNB,1968,
Guinea-Bissau,GNB,1967,
Guinea-Bissau,GNB,1966,
Guinea-Bissau,GNB,1965,
Guinea-Bissau,GNB,1964,
Guinea-Bissau,GNB,1963,
Guinea-Bissau,GNB,1962,
Guinea-Bissau,GNB,1961,
Guinea-Bissau,GNB,1960,
Guyana,GUY,2025,47.35
Guyana,GUY,2024,47.381
Guyana,GUY,2023,46.479
Guyana,GUY,2022,45.133
Guyana,GUY,2021,40.752
Guyana,GUY,2020,40.299
Guyana,GUY,2019,41.347
Guyana,GUY,2018,44.263
Guyana,GUY,2017,43.543
Guyana,GUY,2016,42.902
Guyana,GUY,2015,42.273
Guyana,GUY,2014,41.657
Guyana,GUY,2013,41.049
Guyana,GUY,2012,40.442
Guyana,GUY,2011,39.85
Guyana,GUY,2010,39.268
Guyana,GUY,2009,38.675
Guyana,GUY,2008,38.07
Guyana,GUY,2007,37.454
Guyana,GUY,2006,36.827
Guyana,GUY,2005,36.189
Guyana,GUY,2004,35.543
Guyana,GUY,2003,34.892
Guyana,GUY,2002,34.228
Guyana,GUY,2001,34.818
Guyana,GUY,2000,35.401
Guyana,GUY,1999,35.975
Guyana,GUY,1998,36.542
Guyana,GUY,1997,37.101
Guyana,GUY,1996,37.649
Guyana,GUY,1995,38.19
Guyana,GUY,1994,38.728
Guyana,GUY,1993,39.269
Guyana,GUY,1992,38.663
Guyana,GUY,1991,38.059
Guyana,GUY,1990,37.53
Guyana,GUY,1989,
Guyana,GUY,1988,
Guyana,GUY,1987,
Guyana,GUY,1986,
Guyana,GUY,1985,
Guyana,GUY,1984,
Guyana,GUY,1983,
Guyana,GUY,1982,
Guyana,GUY,1981,
Guyana,GUY,1980,
Guyana,GUY,1979,
Guyana,GUY,1978,
Guyana,GUY,1977,
Guyana,GUY,1976,
Guyana,GUY,1975,
Guyana,GUY,1974,
Guyana,GUY,1973,
Guyana,GUY,1972,
Guyana,GUY,1971,
Guyana,GUY,1970,
Guyana,GUY,1969,
Guyana,GUY,1968,
Guyana,GUY,1967,
Guyana,GUY,1966,
Guyana,GUY,1965,
Guyana,GUY,1964,
Guyana,GUY,1963,
Guyana,GUY,1962,
Guyana,GUY,1961,
Guyana,GUY,1960,
Haiti,HTI,2025,58.337
Haiti,HTI,2024,58.321
Haiti,HTI,2023,59.351
Haiti,HTI,2022,59.948
Haiti,HTI,2021,62.099
Haiti,HTI,2020,61.366
Haiti,HTI,2019,61.952
Haiti,HTI,2018,62.139
Haiti,HTI,2017,62.02
Haiti,HTI,2016,61.827
Haiti,HTI,2015,61.695
Haiti,HTI,2014,61.602
Haiti,HTI,2013,61.379
Haiti,HTI,2012,61.032
Haiti,HTI,2011,61.034
Haiti,HTI,2010,60.596
Haiti,HTI,2009,60.162
Haiti,HTI,2008,59.724
Haiti,HTI,2007,59.284
Haiti,HTI,2006,58.842
Haiti,HTI,2005,58.4
Haiti,HTI,2004,58.087
Haiti,HTI,2003,57.775
Haiti,HTI,2002,57.462
Haiti,HTI,2001,57.148
Haiti,HTI,2000,56.835
Haiti,HTI,1999,56.868
Haiti,HTI,1998,56.908
Haiti,HTI,1997,56.954
Haiti,HTI,1996,57.005
Haiti,HTI,1995,57.063
Haiti,HTI,1994,56.974
Haiti,HTI,1993,56.891
Haiti,HTI,1992,56.814
Haiti,HTI,1991,56.745
Haiti,HTI,1990,56.681
Haiti,HTI,1989,
Haiti,HTI,1988,
Haiti,HTI,1987,
Haiti,HTI,1986,
Haiti,HTI,1985,
Haiti,HTI,1984,
Haiti,HTI,1983,
Haiti,HTI,1982,
Haiti,HTI,1981,
Haiti,HTI,1980,
Haiti,HTI,1979,
Haiti,HTI,1978,
Haiti,HTI,1977,
Haiti,HTI,1976,
Haiti,HTI,1975,
Haiti,HTI,1974,
Haiti,HTI,1973,
Haiti,HTI,1972,
Haiti,HTI,1971,
Haiti,HTI,1970,
Haiti,HTI,1969,
Haiti,HTI,1968,
Haiti,HTI,1967,
Haiti,HTI,1966,
Haiti,HTI,1965,
Haiti,HTI,1964,
Haiti,HTI,1963,
Haiti,HTI,1962,
Haiti,HTI,1961,
Haiti,HTI,1960,
Honduras,HND,2025,39.59
Honduras,HND,2024,39.617
Honduras,HND,2023,39.364
Honduras,HND,2022,43.606
Honduras,HND,2021,48.071
Honduras,HND,2020,47.039
Honduras,HND,2019,44.526
Honduras,HND,2018,50.022
Honduras,HND,2017,45.758
Honduras,HND,2016,45.913
Honduras,HND,2015,46.551
Honduras,HND,2014,46.005
Honduras,HND,2013,43.408
Honduras,HND,2012,38.294
Honduras,HND,2011,39.675
Honduras,HND,2010,42.656
Honduras,HND,2009,40.918
Honduras,HND,2008,39.44
Honduras,HND,2007,37.827
Honduras,HND,2006,38.459
Honduras,HND,2005,41.394
Honduras,HND,2004,41.782
Honduras,HND,2003,42.178
Honduras,HND,2002,42.581
Honduras,HND,2001,42.99
Honduras,HND,2000,43.406
Honduras,HND,1999,45.107
Honduras,HND,1998,45.292
Honduras,HND,1997,45.129
Honduras,HND,1996,44.905
Honduras,HND,1995,44.908
Honduras,HND,1994,44.575
Honduras,HND,1993,44.725
Honduras,HND,1992,44.382
Honduras,HND,1991,44.078
Honduras,HND,1990,44.543
Honduras,HND,1989,
Honduras,HND,1988,
Honduras,HND,1987,
Honduras,HND,1986,
Honduras,HND,1985,
Honduras,HND,1984,
Honduras,HND,1983,
Honduras,HND,1982,
Honduras,HND,1981,
Honduras,HND,1980,
Honduras,HND,1979,
Honduras,HND,1978,
Honduras,HND,1977,
Honduras,HND,1976,
Honduras,HND,1975,
Honduras,HND,1974,
Honduras,HND,1973,
Honduras,HND,1972,
Honduras,HND,1971,
Honduras,HND,1970,
Honduras,HND,1969,
Honduras,HND,1968,
Honduras,HND,1967,
Honduras,HND,1966,
Honduras,HND,1965,
Honduras,HND,1964,
Honduras,HND,1963,
Honduras,HND,1962,
Honduras,HND,1961,
Honduras,HND,1960,
"Hong Kong SAR, China",HKG,2025,51.805
"Hong Kong SAR, China",HKG,2024,52.256
"Hong Kong SAR, China",HKG,2023,52.27
"Hong Kong SAR, China",HKG,2022,52.789
"Hong Kong SAR, China",HKG,2021,53.718
"Hong Kong SAR, China",HKG,2020,53.728
"Hong Kong SAR, China",HKG,2019,54.51
"Hong Kong SAR, China",HKG,2018,54.747
"Hong Kong SAR, China",HKG,2017,54.645
"Hong Kong SAR, China",HKG,2016,54.28
"Hong Kong SAR, China",HKG,2015,54.211
"Hong Kong SAR, China",HKG,2014,53.936
"Hong Kong SAR, China",HKG,2013,53.869
"Hong Kong SAR, China",HKG,2012,52.893
"Hong Kong SAR, China",HKG,2011,52.325
"Hong Kong SAR, China",HKG,2010,51.257
"Hong Kong SAR, China",HKG,2009,52.56
"Hong Kong SAR, China",HKG,2008,52.446
"Hong Kong SAR, China",HKG,2007,52.503
"Hong Kong SAR, China",HKG,2006,52.017
"Hong Kong SAR, China",HKG,2005,51.65
"Hong Kong SAR, China",HKG,2004,51.273
"Hong Kong SAR, China",HKG,2003,51.022
"Hong Kong SAR, China",HKG,2002,51.449
"Hong Kong SAR, China",HKG,2001,50.308
"Hong Kong SAR, China",HKG,2000,48.986
"Hong Kong SAR, China",HKG,1999,48.711
"Hong Kong SAR, China",HKG,1998,48.418
"Hong Kong SAR, China",HKG,1997,47.858
"Hong Kong SAR, China",HKG,1996,47.635
"Hong Kong SAR, China",HKG,1995,47.384
"Hong Kong SAR, China",HKG,1994,46.9
"Hong Kong SAR, China",HKG,1993,46.364
"Hong Kong SAR, China",HKG,1992,46.759
"Hong Kong SAR, China",HKG,1991,47.948
"Hong Kong SAR, China",HKG,1990,47.059
"Hong Kong SAR, China",HKG,1989,
"Hong Kong SAR, China",HKG,1988,
"Hong Kong SAR, China",HKG,1987,
"Hong Kong SAR, China",HKG,1986,
"Hong Kong SAR, China",HKG,1985,
"Hong Kong SAR, China",HKG,1984,
"Hong Kong SAR, China",HKG,1983,
"Hong Kong SAR, China",HKG,1982,
"Hong Kong SAR, China",HKG,1981,
"Hong Kong SAR, China",HKG,1980,
"Hong Kong SAR, China",HKG,1979,
"Hong Kong SAR, China",HKG,1978,
"Hong Kong SAR, China",HKG,1977,
"Hong Kong SAR, China",HKG,1976,
"Hong Kong SAR, China",HKG,1975,
"Hong Kong SAR, China",HKG,1974,
"Hong Kong SAR, China",HKG,1973,
"Hong Kong SAR, China",HKG,1972,
"Hong Kong SAR, China",HKG,1971,
"Hong Kong SAR, China",HKG,1970,
"Hong Kong SAR, China",HKG,1969,
"Hong Kong SAR, China",HKG,1968,
"Hong Kong SAR, China",HKG,1967,
"Hong Kong SAR, China",HKG,1966,
"Hong Kong SAR, China",HKG,1965,
"Hong Kong SAR, China",HKG,1964,
"Hong Kong SAR, China",HKG,1963,
"Hong Kong SAR, China",HKG,1962,
"Hong Kong SAR, China",HKG,1961,
"Hong Kong SAR, China",HKG,1960,
Hungary,HUN,2025,54.312
Hungary,HUN,2024,54.398
Hungary,HUN,2023,53.995
Hungary,HUN,2022,53.057
Hungary,HUN,2021,52.211
Hungary,HUN,2020,51.34
Hungary,HUN,2019,51.339
Hungary,HUN,2018,51.527
Hungary,HUN,2017,51.062
Hungary,HUN,2016,50.839
Hungary,HUN,2015,49.901
Hungary,HUN,2014,48.884
Hungary,HUN,2013,47.736
Hungary,HUN,2012,47.455
Hungary,HUN,2011,46.838
Hungary,HUN,2010,46.638
Hungary,HUN,2009,45.846
Hungary,HUN,2008,46.639
Hungary,HUN,2007,46.789
Hungary,HUN,2006,46.929
Hungary,HUN,2005,46.814
Hungary,HUN,2004,46.651
Hungary,HUN,2003,46.403
Hungary,HUN,2002,46.188
Hungary,HUN,2001,45.883
Hungary,HUN,2000,45.552
Hungary,HUN,1999,45.282
Hungary,HUN,1998,45.182
Hungary,HUN,1997,45.177
Hungary,HUN,1996,45.202
Hungary,HUN,1995,45.271
Hungary,HUN,1994,45.337
Hungary,HUN,1993,45.383
Hungary,HUN,1992,45.471
Hungary,HUN,1991,45.647
Hungary,HUN,1990,46.119
Hungary,HUN,1989,
Hungary,HUN,1988,
Hungary,HUN,1987,
Hungary,HUN,1986,
Hungary,HUN,1985,
Hungary,HUN,1984,
Hungary,HUN,1983,
Hungary,HUN,1982,
Hungary,HUN,1981,
Hungary,HUN,1980,
Hungary,HUN,1979,
Hungary,HUN,1978,
Hungary,HUN,1977,
Hungary,HUN,1976,
Hungary,HUN,1975,
Hungary,HUN,1974,
Hungary,HUN,1973,
Hungary,HUN,1972,
Hungary,HUN,1971,
Hungary,HUN,1970,
Hungary,HUN,1969,
Hungary,HUN,1968,
Hungary,HUN,1967,
Hungary,HUN,1966,
Hungary,HUN,1965,
Hungary,HUN,1964,
Hungary,HUN,1963,
Hungary,HUN,1962,
Hungary,HUN,1961,
Hungary,HUN,1960,
Iceland,ISL,2025,70.012
Iceland,ISL,2024,70.252
Iceland,ISL,2023,70.368
Iceland,ISL,2022,70.57
Iceland,ISL,2021,69.148
Iceland,ISL,2020,69.309
Iceland,ISL,2019,71.457
Iceland,ISL,2018,71.596
Iceland,ISL,2017,72.592
Iceland,ISL,2016,72.997
Iceland,ISL,2015,72.787
Iceland,ISL,2014,71.89
Iceland,ISL,2013,71.064
Iceland,ISL,2012,70.615
Iceland,ISL,2011,70.047
Iceland,ISL,2010,70.49
Iceland,ISL,2009,70.221
Iceland,ISL,2008,70.66
Iceland,ISL,2007,71.322
Iceland,ISL,2006,71.725
Iceland,ISL,2005,70.907
Iceland,ISL,2004,70.445
Iceland,ISL,2003,72.064
Iceland,ISL,2002,71.743
Iceland,ISL,2001,72.559
Iceland,ISL,2000,73.471
Iceland,ISL,1999,71.222
Iceland,ISL,1998,69.391
Iceland,ISL,1997,67.634
Iceland,ISL,1996,68.708
Iceland,ISL,1995,70.126
Iceland,ISL,1994,67.872
Iceland,ISL,1993,67.389
Iceland,ISL,1992,67.076
Iceland,ISL,1991,66.217
Iceland,ISL,1990,66.204
Iceland,ISL,1989,
Iceland,ISL,1988,
Iceland,ISL,1987,
Iceland,ISL,1986,
Iceland,ISL,1985,
Iceland,ISL,1984,
Iceland,ISL,1983,
Iceland,ISL,1982,
Iceland,ISL,1981,
Iceland,ISL,1980,
Iceland,ISL,1979,
Iceland,ISL,1978,
Iceland,ISL,1977,
Iceland,ISL,1976,
Iceland,ISL,1975,
Iceland,ISL,1974,
Iceland,ISL,1973,
Iceland,ISL,1972,
Iceland,ISL,1971,
Iceland,ISL,1970,
Iceland,ISL,1969,
Iceland,ISL,1968,
Iceland,ISL,1967,
Iceland,ISL,1966,
Iceland,ISL,1965,
Iceland,ISL,1964,
Iceland,ISL,1963,
Iceland,ISL,1962,
Iceland,ISL,1961,
Iceland,ISL,1960,
India,IND,2025,32.425
India,IND,2024,32.415
India,IND,2023,30.984
India,IND,2022,29.348
India,IND,2021,27.724
India,IND,2020,25.998
India,IND,2019,26.539
India,IND,2018,26.568
India,IND,2017,26.578
India,IND,2016,26.575
India,IND,2015,26.582
India,IND,2014,26.607
India,IND,2013,26.669
India,IND,2012,26.764
India,IND,2011,27.583
India,IND,2010,28.425
India,IND,2009,29.641
India,IND,2008,30.892
India,IND,2007,32.179
India,IND,2006,33.499
India,IND,2005,34.852
India,IND,2004,34.753
India,IND,2003,34.66
India,IND,2002,34.57
India,IND,2001,34.483
India,IND,2000,34.397
India,IND,1999,33.775
India,IND,1998,33.157
India,IND,1997,32.542
India,IND,1996,31.934
India,IND,1995,31.331
India,IND,1994,30.736
India,IND,1993,30.595
India,IND,1992,30.476
India,IND,1991,30.361
India,IND,1990,30.257
India,IND,1989,
India,IND,1988,
India,IND,1987,
India,IND,1986,
India,IND,1985,
India,IND,1984,
India,IND,1983,
India,IND,1982,
India,IND,1981,
India,IND,1980,
India,IND,1979,
India,IND,1978,
India,IND,1977,
India,IND,1976,
India,IND,1975,
India,IND,1974,
India,IND,1973,
India,IND,1972,
India,IND,1971,
India,IND,1970,
India,IND,1969,
India,IND,1968,
India,IND,1967,
India,IND,1966,
India,IND,1965,
India,IND,1964,
India,IND,1963,
India,IND,1962,
India,IND,1961,
India,IND,1960,
Indonesia,IDN,2025,53.72
Indonesia,IDN,2024,53.588
Indonesia,IDN,2023,53.487
Indonesia,IDN,2022,52.562
Indonesia,IDN,2021,52.069
Indonesia,IDN,2020,53.203
Indonesia,IDN,2019,53.949
Indonesia,IDN,2018,53.131
Indonesia,IDN,2017,51.943
Indonesia,IDN,2016,50.949
Indonesia,IDN,2015,50.772
Indonesia,IDN,2014,50.64
Indonesia,IDN,2013,50.714
Indonesia,IDN,2012,51.49
Indonesia,IDN,2011,50.989
Indonesia,IDN,2010,50.973
Indonesia,IDN,2009,50.3
Indonesia,IDN,2008,50.387
Indonesia,IDN,2007,49.839
Indonesia,IDN,2006,46.008
Indonesia,IDN,2005,46.082
Indonesia,IDN,2004,47.236
Indonesia,IDN,2003,47.846
Indonesia,IDN,2002,48.048
Indonesia,IDN,2001,49.986
Indonesia,IDN,2000,51.67
Indonesia,IDN,1999,51.171
Indonesia,IDN,1998,51.093
Indonesia,IDN,1997,49.829
Indonesia,IDN,1996,50.674
Indonesia,IDN,1995,50.673
Indonesia,IDN,1994,50.671
Indonesia,IDN,1993,49.426
Indonesia,IDN,1992,50.38
Indonesia,IDN,1991,49.54
Indonesia,IDN,1990,50.49
Indonesia,IDN,1989,
Indonesia,IDN,1988,
Indonesia,IDN,1987,
Indonesia,IDN,1986,
Indonesia,IDN,1985,
Indonesia,IDN,1984,
Indonesia,IDN,1983,
Indonesia,IDN,1982,
Indonesia,IDN,1981,
Indonesia,IDN,1980,
Indonesia,IDN,1979,
Indonesia,IDN,1978,
Indonesia,IDN,1977,
Indonesia,IDN,1976,
Indonesia,IDN,1975,
Indonesia,IDN,1974,
Indonesia,IDN,1973,
Indonesia,IDN,1972,
Indonesia,IDN,1971,
Indonesia,IDN,1970,
Indonesia,IDN,1969,
Indonesia,IDN,1968,
Indonesia,IDN,1967,
Indonesia,IDN,1966,
Indonesia,IDN,1965,
Indonesia,IDN,1964,
Indonesia,IDN,1963,
Indonesia,IDN,1962,
Indonesia,IDN,1961,
Indonesia,IDN,1960,
"Iran, Islamic Rep.",IRN,2025,14.013
"Iran, Islamic Rep.",IRN,2024,14.144
"Iran, Islamic Rep.",IRN,2023,14.128
"Iran, Islamic Rep.",IRN,2022,13.469
"Iran, Islamic Rep.",IRN,2021,13.086
"Iran, Islamic Rep.",IRN,2020,13.723
"Iran, Islamic Rep.",IRN,2019,16.812
"Iran, Islamic Rep.",IRN,2018,17.341
"Iran, Islamic Rep.",IRN,2017,17.358
"Iran, Islamic Rep.",IRN,2016,16.174
"Iran, Islamic Rep.",IRN,2015,14.362
"Iran, Islamic Rep.",IRN,2014,12.994
"Iran, Islamic Rep.",IRN,2013,13.344
"Iran, Islamic Rep.",IRN,2012,14.89
"Iran, Islamic Rep.",IRN,2011,13.595
"Iran, Islamic Rep.",IRN,2010,15.14
"Iran, Islamic Rep.",IRN,2009,15.692
"Iran, Islamic Rep.",IRN,2008,14.763
"Iran, Islamic Rep.",IRN,2007,17.005
"Iran, Islamic Rep.",IRN,2006,18.042
"Iran, Islamic Rep.",IRN,2005,18.684
"Iran, Islamic Rep.",IRN,2004,17.555
"Iran, Islamic Rep.",IRN,2003,16.486
"Iran, Islamic Rep.",IRN,2002,15.5
"Iran, Islamic Rep.",IRN,2001,14.578
"Iran, Islamic Rep.",IRN,2000,13.691
"Iran, Islamic Rep.",IRN,1999,12.853
"Iran, Islamic Rep.",IRN,1998,12.058
"Iran, Islamic Rep.",IRN,1997,11.304
"Iran, Islamic Rep.",IRN,1996,10.591
"Iran, Islamic Rep.",IRN,1995,10.395
"Iran, Islamic Rep.",IRN,1994,10.208
"Iran, Islamic Rep.",IRN,1993,10.048
"Iran, Islamic Rep.",IRN,1992,9.907
"Iran, Islamic Rep.",IRN,1991,9.769
"Iran, Islamic Rep.",IRN,1990,9.57
"Iran, Islamic Rep.",IRN,1989,
"Iran, Islamic Rep.",IRN,1988,
"Iran, Islamic Rep.",IRN,1987,
"Iran, Islamic Rep.",IRN,1986,
"Iran, Islamic Rep.",IRN,1985,
"Iran, Islamic Rep.",IRN,1984,
"Iran, Islamic Rep.",IRN,1983,
"Iran, Islamic Rep.",IRN,1982,
"Iran, Islamic Rep.",IRN,1981,
"Iran, Islamic Rep.",IRN,1980,
"Iran, Islamic Rep.",IRN,1979,
"Iran, Islamic Rep.",IRN,1978,
"Iran, Islamic Rep.",IRN,1977,
"Iran, Islamic Rep.",IRN,1976,
"Iran, Islamic Rep.",IRN,1975,
"Iran, Islamic Rep.",IRN,1974,
"Iran, Islamic Rep.",IRN,1973,
"Iran, Islamic Rep.",IRN,1972,
"Iran, Islamic Rep.",IRN,1971,
"Iran, Islamic Rep.",IRN,1970,
"Iran, Islamic Rep.",IRN,1969,
"Iran, Islamic Rep.",IRN,1968,
"Iran, Islamic Rep.",IRN,1967,
"Iran, Islamic Rep.",IRN,1966,
"Iran, Islamic Rep.",IRN,1965,
"Iran, Islamic Rep.",IRN,1964,
"Iran, Islamic Rep.",IRN,1963,
"Iran, Islamic Rep.",IRN,1962,
"Iran, Islamic Rep.",IRN,1961,
"Iran, Islamic Rep.",IRN,1960,
Iraq,IRQ,2025,10.937
Iraq,IRQ,2024,11.003
Iraq,IRQ,2023,10.913
Iraq,IRQ,2022,11.183
Iraq,IRQ,2021,10.902
Iraq,IRQ,2020,10.885
Iraq,IRQ,2019,11.582
Iraq,IRQ,2018,11.446
Iraq,IRQ,2017,11.334
Iraq,IRQ,2016,14.65
Iraq,IRQ,2015,14.178
Iraq,IRQ,2014,13.722
Iraq,IRQ,2013,12.777
Iraq,IRQ,2012,11.883
Iraq,IRQ,2011,11.965
Iraq,IRQ,2010,12.048
Iraq,IRQ,2009,12.132
Iraq,IRQ,2008,12.215
Iraq,IRQ,2007,12.29
Iraq,IRQ,2006,11.89
Iraq,IRQ,2005,11.504
Iraq,IRQ,2004,11.131
Iraq,IRQ,2003,10.77
Iraq,IRQ,2002,10.423
Iraq,IRQ,2001,10.089
Iraq,IRQ,2000,9.765
Iraq,IRQ,1999,9.451
Iraq,IRQ,1998,9.146
Iraq,IRQ,1997,8.85
Iraq,IRQ,1996,8.78
Iraq,IRQ,1995,8.754
Iraq,IRQ,1994,8.714
Iraq,IRQ,1993,8.693
Iraq,IRQ,1992,8.666
Iraq,IRQ,1991,8.552
Iraq,IRQ,1990,8.512
Iraq,IRQ,1989,
Iraq,IRQ,1988,
Iraq,IRQ,1987,
Iraq,IRQ,1986,
Iraq,IRQ,1985,
Iraq,IRQ,1984,
Iraq,IRQ,1983,
Iraq,IRQ,1982,
Iraq,IRQ,1981,
Iraq,IRQ,1980,
Iraq,IRQ,1979,
Iraq,IRQ,1978,
Iraq,IRQ,1977,
Iraq,IRQ,1976,
Iraq,IRQ,1975,
Iraq,IRQ,1974,
Iraq,IRQ,1973,
Iraq,IRQ,1972,
Iraq,IRQ,1971,
Iraq,IRQ,1970,
Iraq,IRQ,1969,
Iraq,IRQ,1968,
Iraq,IRQ,1967,
Iraq,IRQ,1966,
Iraq,IRQ,1965,
Iraq,IRQ,1964,
Iraq,IRQ,1963,
Iraq,IRQ,1962,
Iraq,IRQ,1961,
Iraq,IRQ,1960,
Ireland,IRL,2025,59.755
Ireland,IRL,2024,59.838
Ireland,IRL,2023,60.155
Ireland,IRL,2022,59.114
Ireland,IRL,2021,57.851
Ireland,IRL,2020,55.055
Ireland,IRL,2019,56.207
Ireland,IRL,2018,55.999
Ireland,IRL,2017,55.589
Ireland,IRL,2016,55.533
Ireland,IRL,2015,54.809
Ireland,IRL,2014,54.884
Ireland,IRL,2013,55.227
Ireland,IRL,2012,54.719
Ireland,IRL,2011,54.93
Ireland,IRL,2010,55.247
Ireland,IRL,2009,56.102
Ireland,IRL,2008,56.827
Ireland,IRL,2007,56.969
Ireland,IRL,2006,55.735
Ireland,IRL,2005,54.982
Ireland,IRL,2004,53.323
Ireland,IRL,2003,53.229
Ireland,IRL,2002,53.12
Ireland,IRL,2001,52.425
Ireland,IRL,2000,51.936
Ireland,IRL,1999,50.811
Ireland,IRL,1998,49.775
Ireland,IRL,1997,48.341
Ireland,IRL,1996,48.15
Ireland,IRL,1995,46.304
Ireland,IRL,1994,45.28
Ireland,IRL,1993,44.307
Ireland,IRL,1992,42.888
Ireland,IRL,1991,42.454
Ireland,IRL,1990,41.721
Ireland,IRL,1989,
Ireland,IRL,1988,
Ireland,IRL,1987,
Ireland,IRL,1986,
Ireland,IRL,1985,
Ireland,IRL,1984,
Ireland,IRL,1983,
Ireland,IRL,1982,
Ireland,IRL,1981,
Ireland,IRL,1980,
Ireland,IRL,1979,
Ireland,IRL,1978,
Ireland,IRL,1977,
Ireland,IRL,1976,
Ireland,IRL,1975,
Ireland,IRL,1974,
Ireland,IRL,1973,
Ireland,IRL,1972,
Ireland,IRL,1971,
Ireland,IRL,1970,
Ireland,IRL,1969,
Ireland,IRL,1968,
Ireland,IRL,1967,
Ireland,IRL,1966,
Ireland,IRL,1965,
Ireland,IRL,1964,
Ireland,IRL,1963,
Ireland,IRL,1962,
Ireland,IRL,1961,
Ireland,IRL,1960,
Isle of Man,IMN,2025,
Isle of Man,IMN,2024,
Isle of Man,IMN,2023,
Isle of Man,IMN,2022,
Isle of Man,IMN,2021,
Isle of Man,IMN,2020,
Isle of Man,IMN,2019,
Isle of Man,IMN,2018,
Isle of Man,IMN,2017,
Isle of Man,IMN,2016,
Isle of Man,IMN,2015,
Isle of Man,IMN,2014,
Isle of Man,IMN,2013,
Isle of Man,IMN,2012,
Isle of Man,IMN,2011,
Isle of Man,IMN,2010,
Isle of Man,IMN,2009,
Isle of Man,IMN,2008,
Isle of Man,IMN,2007,
Isle of Man,IMN,2006,
Isle of Man,IMN,2005,
Isle of Man,IMN,2004,
Isle of Man,IMN,2003,
Isle of Man,IMN,2002,
Isle of Man,IMN,2001,
Isle of Man,IMN,2000,
Isle of Man,IMN,1999,
Isle of Man,IMN,1998,
Isle of Man,IMN,1997,
Isle of Man,IMN,1996,
Isle of Man,IMN,1995,
Isle of Man,IMN,1994,
Isle of Man,IMN,1993,
Isle of Man,IMN,1992,
Isle of Man,IMN,1991,
Isle of Man,IMN,1990,
Isle of Man,IMN,1989,
Isle of Man,IMN,1988,
Isle of Man,IMN,1987,
Isle of Man,IMN,1986,
Isle of Man,IMN,1985,
Isle of Man,IMN,1984,
Isle of Man,IMN,1983,
Isle of Man,IMN,1982,
Isle of Man,IMN,1981,
Isle of Man,IMN,1980,
Isle of Man,IMN,1979,
Isle of Man,IMN,1978,
Isle of Man,IMN,1977,
Isle of Man,IMN,1976,
Isle of Man,IMN,1975,
Isle of Man,IMN,1974,
Isle of Man,IMN,1973,
Isle of Man,IMN,1972,
Isle of Man,IMN,1971,
Isle of Man,IMN,1970,
Isle of Man,IMN,1969,
Isle of Man,IMN,1968,
Isle of Man,IMN,1967,
Isle of Man,IMN,1966,
Isle of Man,IMN,1965,
Isle of Man,IMN,1964,
Isle of Man,IMN,1963,
Isle of Man,IMN,1962,
Isle of Man,IMN,1961,
Isle of Man,IMN,1960,
Israel,ISR,2025,62.278
Israel,ISR,2024,62.196
Israel,ISR,2023,61.338
Israel,ISR,2022,61.109
Israel,ISR,2021,59.696
Israel,ISR,2020,59.403
Israel,ISR,2019,60.618
Israel,ISR,2018,60.857
Israel,ISR,2017,60.283
Israel,ISR,2016,60.412
Israel,ISR,2015,60.114
Israel,ISR,2014,60.146
Israel,ISR,2013,59.183
Israel,ISR,2012,59.333
Israel,ISR,2011,57.126
Israel,ISR,2010,57.466
Israel,ISR,2009,57.132
Israel,ISR,2008,56.196
Israel,ISR,2007,56.162
Israel,ISR,2006,55.654
Israel,ISR,2005,55.28
Israel,ISR,2004,54.666
Israel,ISR,2003,54.174
Israel,ISR,2002,53.29
Israel,ISR,2001,53.73
Israel,ISR,2000,53.469
Israel,ISR,1999,52.465
Israel,ISR,1998,51.32
Israel,ISR,1997,51.403
Israel,ISR,1996,51.462
Israel,ISR,1995,51.665
Israel,ISR,1994,50.697
Israel,ISR,1993,49.079
Israel,ISR,1992,47.962
Israel,ISR,1991,46.685
Israel,ISR,1990,46.277
Israel,ISR,1989,
Israel,ISR,1988,
Israel,ISR,1987,
Israel,ISR,1986,
Israel,ISR,1985,
Israel,ISR,1984,
Israel,ISR,1983,
Israel,ISR,1982,
Israel,ISR,1981,
Israel,ISR,1980,
Israel,ISR,1979,
Israel,ISR,1978,
Israel,ISR,1977,
Israel,ISR,1976,
Israel,ISR,1975,
Israel,ISR,1974,
Israel,ISR,1973,
Israel,ISR,1972,
Israel,ISR,1971,
Israel,ISR,1970,
Israel,ISR,1969,
Israel,ISR,1968,
Israel,ISR,1967,
Israel,ISR,1966,
Israel,ISR,1965,
Israel,ISR,1964,
Israel,ISR,1963,
Israel,ISR,1962,
Israel,ISR,1961,
Israel,ISR,1960,
Italy,ITA,2025,40.806
Italy,ITA,2024,41.03
Italy,ITA,2023,41.312
Italy,ITA,2022,40.517
Italy,ITA,2021,39.884
Italy,ITA,2020,39.501
Italy,ITA,2019,40.908
Italy,ITA,2018,40.777
Italy,ITA,2017,40.578
Italy,ITA,2016,40.069
Italy,ITA,2015,39.391
Italy,ITA,2014,39.746
Italy,ITA,2013,39.323
Italy,ITA,2012,39.368
Italy,ITA,2011,38.069
Italy,ITA,2010,37.881
Italy,ITA,2009,37.951
Italy,ITA,2008,38.396
Italy,ITA,2007,37.675
Italy,ITA,2006,37.888
Italy,ITA,2005,37.755
Italy,ITA,2004,38.128
Italy,ITA,2003,36.803
Italy,ITA,2002,36.326
Italy,ITA,2001,35.863
Italy,ITA,2000,35.396
Italy,ITA,1999,35.158
Italy,ITA,1998,34.477
Italy,ITA,1997,33.984
Italy,ITA,1996,33.789
Italy,ITA,1995,33.142
Italy,ITA,1994,33.099
Italy,ITA,1993,33.328
Italy,ITA,1992,33.868
Italy,ITA,1991,35.484
Italy,ITA,1990,34.955
Italy,ITA,1989,
Italy,ITA,1988,
Italy,ITA,1987,
Italy,ITA,1986,
Italy,ITA,1985,
Italy,ITA,1984,
Italy,ITA,1983,
Italy,ITA,1982,
Italy,ITA,1981,
Italy,ITA,1980,
Italy,ITA,1979,
Italy,ITA,1978,
Italy,ITA,1977,
Italy,ITA,1976,
Italy,ITA,1975,
Italy,ITA,1974,
Italy,ITA,1973,
Italy,ITA,1972,
Italy,ITA,1971,
Italy,ITA,1970,
Italy,ITA,1969,
Italy,ITA,1968,
Italy,ITA,1967,
Italy,ITA,1966,
Italy,ITA,1965,
Italy,ITA,1964,
Italy,ITA,1963,
Italy,ITA,1962,
Italy,ITA,1961,
Italy,ITA,1960,
Jamaica,JAM,2025,63.033
Jamaica,JAM,2024,62.913
Jamaica,JAM,2023,63.047
Jamaica,JAM,2022,60.803
Jamaica,JAM,2021,58.395
Jamaica,JAM,2020,57.579
Jamaica,JAM,2019,59.835
Jamaica,JAM,2018,58.309
Jamaica,JAM,2017,58.604
Jamaica,JAM,2016,57.654
Jamaica,JAM,2015,58.524
Jamaica,JAM,2014,54.469
Jamaica,JAM,2013,53.938
Jamaica,JAM,2012,53.024
Jamaica,JAM,2011,52.646
Jamaica,JAM,2010,52.347
Jamaica,JAM,2009,53.753
Jamaica,JAM,2008,55.689
Jamaica,JAM,2007,55.937
Jamaica,JAM,2006,56.177
Jamaica,JAM,2005,56.394
Jamaica,JAM,2004,56.565
Jamaica,JAM,2003,56.534
Jamaica,JAM,2002,56.932
Jamaica,JAM,2001,57.325
Jamaica,JAM,2000,58.147
Jamaica,JAM,1999,58.984
Jamaica,JAM,1998,59.928
Jamaica,JAM,1997,60.544
Jamaica,JAM,1996,61.131
Jamaica,JAM,1995,61.673
Jamaica,JAM,1994,62.174
Jamaica,JAM,1993,62.628
Jamaica,JAM,1992,63.033
Jamaica,JAM,1991,63.441
Jamaica,JAM,1990,63.881
Jamaica,JAM,1989,
Jamaica,JAM,1988,
Jamaica,JAM,1987,
Jamaica,JAM,1986,
Jamaica,JAM,1985,
Jamaica,JAM,1984,
Jamaica,JAM,1983,
Jamaica,JAM,1982,
Jamaica,JAM,1981,
Jamaica,JAM,1980,
Jamaica,JAM,1979,
Jamaica,JAM,1978,
Jamaica,JAM,1977,
Jamaica,JAM,1976,
Jamaica,JAM,1975,
Jamaica,JAM,1974,
Jamaica,JAM,1973,
Jamaica,JAM,1972,
Jamaica,JAM,1971,
Jamaica,JAM,1970,
Jamaica,JAM,1969,
Jamaica,JAM,1968,
Jamaica,JAM,1967,
Jamaica,JAM,1966,
Jamaica,JAM,1965,
Jamaica,JAM,1964,
Jamaica,JAM,1963,
Jamaica,JAM,1962,
Jamaica,JAM,1961,
Jamaica,JAM,1960,
Japan,JPN,2025,55.905
Japan,JPN,2024,55.596
Japan,JPN,2023,54.847
Japan,JPN,2022,54.173
Japan,JPN,2021,53.46
Japan,JPN,2020,53.09
Japan,JPN,2019,53.24
Japan,JPN,2018,52.368
Japan,JPN,2017,51.031
Japan,JPN,2016,50.208
Japan,JPN,2015,49.41
Japan,JPN,2014,49.176
Japan,JPN,2013,48.739
Japan,JPN,2012,48.028
Japan,JPN,2011,48.09
Japan,JPN,2010,48.34
Japan,JPN,2009,48.438
Japan,JPN,2008,48.36
Japan,JPN,2007,48.388
Japan,JPN,2006,48.401
Japan,JPN,2005,48.284
Japan,JPN,2004,48.163
Japan,JPN,2003,48.157
Japan,JPN,2002,48.457
Japan,JPN,2001,49.051
Japan,JPN,2000,49.19
Japan,JPN,1999,49.522
Japan,JPN,1998,50.064
Japan,JPN,1997,50.318
Japan,JPN,1996,49.968
Japan,JPN,1995,49.914
Japan,JPN,1994,50.111
Japan,JPN,1993,50.265
Japan,JPN,1992,50.667
Japan,JPN,1991,50.627
Japan,JPN,1990,50.062
Japan,JPN,1989,
Japan,JPN,1988,
Japan,JPN,1987,
Japan,JPN,1986,
Japan,JPN,1985,
Japan,JPN,1984,
Japan,JPN,1983,
Japan,JPN,1982,
Japan,JPN,1981,
Japan,JPN,1980,
Japan,JPN,1979,
Japan,JPN,1978,
Japan,JPN,1977,
Japan,JPN,1976,
Japan,JPN,1975,
Japan,JPN,1974,
Japan,JPN,1973,
Japan,JPN,1972,
Japan,JPN,1971,
Japan,JPN,1970,
Japan,JPN,1969,
Japan,JPN,1968,
Japan,JPN,1967,
Japan,JPN,1966,
Japan,JPN,1965,
Japan,JPN,1964,
Japan,JPN,1963,
Japan,JPN,1962,
Japan,JPN,1961,
Japan,JPN,1960,
Jordan,JOR,2025,16.029
Jordan,JOR,2024,16.008
Jordan,JOR,2023,15.933
Jordan,JOR,2022,13.922
Jordan,JOR,2021,13.964
Jordan,JOR,2020,14.975
Jordan,JOR,2019,13.685
Jordan,JOR,2018,14.649
Jordan,JOR,2017,16.612
Jordan,JOR,2016,15.051
Jordan,JOR,2015,13.599
Jordan,JOR,2014,12.283
Jordan,JOR,2013,12.946
Jordan,JOR,2012,13.864
Jordan,JOR,2011,14.424
Jordan,JOR,2010,14.464
Jordan,JOR,2009,14.589
Jordan,JOR,2008,13.939
Jordan,JOR,2007,14.367
Jordan,JOR,2006,11.579
Jordan,JOR,2005,11.382
Jordan,JOR,2004,11.116
Jordan,JOR,2003,10.852
Jordan,JOR,2002,11.892
Jordan,JOR,2001,11.289
Jordan,JOR,2000,11.845
Jordan,JOR,1999,11.739
Jordan,JOR,1998,11.663
Jordan,JOR,1997,11.61
Jordan,JOR,1996,11.569
Jordan,JOR,1995,11.572
Jordan,JOR,1994,11.488
Jordan,JOR,1993,11.44
Jordan,JOR,1992,11.406
Jordan,JOR,1991,11.142
Jordan,JOR,1990,11.201
Jordan,JOR,1989,
Jordan,JOR,1988,
Jordan,JOR,1987,
Jordan,JOR,1986,
Jordan,JOR,1985,
Jordan,JOR,1984,
Jordan,JOR,1983,
Jordan,JOR,1982,
Jordan,JOR,1981,
Jordan,JOR,1980,
Jordan,JOR,1979,
Jordan,JOR,1978,
Jordan,JOR,1977,
Jordan,JOR,1976,
Jordan,JOR,1975,
Jordan,JOR,1974,
Jordan,JOR,1973,
Jordan,JOR,1972,
Jordan,JOR,1971,
Jordan,JOR,1970,
Jordan,JOR,1969,
Jordan,JOR,1968,
Jordan,JOR,1967,
Jordan,JOR,1966,
Jordan,JOR,1965,
Jordan,JOR,1964,
Jordan,JOR,1963,
Jordan,JOR,1962,
Jordan,JOR,1961,
Jordan,JOR,1960,
Kazakhstan,KAZ,2025,62.649
Kazakhstan,KAZ,2024,65.291
Kazakhstan,KAZ,2023,65.029
Kazakhstan,KAZ,2022,64.743
Kazakhstan,KAZ,2021,64.068
Kazakhstan,KAZ,2020,63.607
Kazakhstan,KAZ,2019,64.661
Kazakhstan,KAZ,2018,64.818
Kazakhstan,KAZ,2017,65.018
Kazakhstan,KAZ,2016,65.205
Kazakhstan,KAZ,2015,65.46
Kazakhstan,KAZ,2014,65.71
Kazakhstan,KAZ,2013,65.892
Kazakhstan,KAZ,2012,66.037
Kazakhstan,KAZ,2011,66.207
Kazakhstan,KAZ,2010,66.333
Kazakhstan,KAZ,2009,66.47
Kazakhstan,KAZ,2008,66.716
Kazakhstan,KAZ,2007,65.859
Kazakhstan,KAZ,2006,65.019
Kazakhstan,KAZ,2005,64.626
Kazakhstan,KAZ,2004,64.826
Kazakhstan,KAZ,2003,65.085
Kazakhstan,KAZ,2002,64.993
Kazakhstan,KAZ,2001,65.29
Kazakhstan,KAZ,2000,65.834
Kazakhstan,KAZ,1999,66.336
Kazakhstan,KAZ,1998,66.567
Kazakhstan,KAZ,1997,66.588
Kazakhstan,KAZ,1996,66.838
Kazakhstan,KAZ,1995,66.993
Kazakhstan,KAZ,1994,66.528
Kazakhstan,KAZ,1993,65.814
Kazakhstan,KAZ,1992,65.371
Kazakhstan,KAZ,1991,65.143
Kazakhstan,KAZ,1990,64.779
Kazakhstan,KAZ,1989,
Kazakhstan,KAZ,1988,
Kazakhstan,KAZ,1987,
Kazakhstan,KAZ,1986,
Kazakhstan,KAZ,1985,
Kazakhstan,KAZ,1984,
Kazakhstan,KAZ,1983,
Kazakhstan,KAZ,1982,
Kazakhstan,KAZ,1981,
Kazakhstan,KAZ,1980,
Kazakhstan,KAZ,1979,
Kazakhstan,KAZ,1978,
Kazakhstan,KAZ,1977,
Kazakhstan,KAZ,1976,
Kazakhstan,KAZ,1975,
Kazakhstan,KAZ,1974,
Kazakhstan,KAZ,1973,
Kazakhstan,KAZ,1972,
Kazakhstan,KAZ,1971,
Kazakhstan,KAZ,1970,
Kazakhstan,KAZ,1969,
Kazakhstan,KAZ,1968,
Kazakhstan,KAZ,1967,
Kazakhstan,KAZ,1966,
Kazakhstan,KAZ,1965,
Kazakhstan,KAZ,1964,
Kazakhstan,KAZ,1963,
Kazakhstan,KAZ,1962,
Kazakhstan,KAZ,1961,
Kazakhstan,KAZ,1960,
Kenya,KEN,2025,63.036
Kenya,KEN,2024,63.012
Kenya,KEN,2023,62.946
Kenya,KEN,2022,62.832
Kenya,KEN,2021,62.668
Kenya,KEN,2020,62.167
Kenya,KEN,2019,62.817
Kenya,KEN,2018,65.814
Kenya,KEN,2017,68.685
Kenya,KEN,2016,71.417
Kenya,KEN,2015,71.356
Kenya,KEN,2014,71.295
Kenya,KEN,2013,71.235
Kenya,KEN,2012,71.175
Kenya,KEN,2011,71.114
Kenya,KEN,2010,71.055
Kenya,KEN,2009,70.995
Kenya,KEN,2008,70.936
Kenya,KEN,2007,70.877
Kenya,KEN,2006,70.819
Kenya,KEN,2005,70.761
Kenya,KEN,2004,70.703
Kenya,KEN,2003,70.646
Kenya,KEN,2002,70.588
Kenya,KEN,2001,70.531
Kenya,KEN,2000,70.474
Kenya,KEN,1999,70.418
Kenya,KEN,1998,70.327
Kenya,KEN,1997,70.248
Kenya,KEN,1996,70.169
Kenya,KEN,1995,70.092
Kenya,KEN,1994,70.012
Kenya,KEN,1993,69.932
Kenya,KEN,1992,69.859
Kenya,KEN,1991,69.795
Kenya,KEN,1990,69.733
Kenya,KEN,1989,
Kenya,KEN,1988,
Kenya,KEN,1987,
Kenya,KEN,1986,
Kenya,KEN,1985,
Kenya,KEN,1984,
Kenya,KEN,1983,
Kenya,KEN,1982,
Kenya,KEN,1981,
Kenya,KEN,1980,
Kenya,KEN,1979,
Kenya,KEN,1978,
Kenya,KEN,1977,
Kenya,KEN,1976,
Kenya,KEN,1975,
Kenya,KEN,1974,
Kenya,KEN,1973,
Kenya,KEN,1972,
Kenya,KEN,1971,
Kenya,KEN,1970,
Kenya,KEN,1969,
Kenya,KEN,1968,
Kenya,KEN,1967,
Kenya,KEN,1966,
Kenya,KEN,1965,
Kenya,KEN,1964,
Kenya,KEN,1963,
Kenya,KEN,1962,
Kenya,KEN,1961,
Kenya,KEN,1960,
Kiribati,KIR,2025,
Kiribati,KIR,2024,
Kiribati,KIR,2023,
Kiribati,KIR,2022,
Kiribati,KIR,2021,
Kiribati,KIR,2020,
Kiribati,KIR,2019,
Kiribati,KIR,2018,
Kiribati,KIR,2017,
Kiribati,KIR,2016,
Kiribati,KIR,2015,
Kiribati,KIR,2014,
Kiribati,KIR,2013,
Kiribati,KIR,2012,
Kiribati,KIR,2011,
Kiribati,KIR,2010,
Kiribati,KIR,2009,
Kiribati,KIR,2008,
Kiribati,KIR,2007,
Kiribati,KIR,2006,
Kiribati,KIR,2005,
Kiribati,KIR,2004,
Kiribati,KIR,2003,
Kiribati,KIR,2002,
Kiribati,KIR,2001,
Kiribati,KIR,2000,
Kiribati,KIR,1999,
Kiribati,KIR,1998,
Kiribati,KIR,1997,
Kiribati,KIR,1996,
Kiribati,KIR,1995,
Kiribati,KIR,1994,
Kiribati,KIR,1993,
Kiribati,KIR,1992,
Kiribati,KIR,1991,
Kiribati,KIR,1990,
Kiribati,KIR,1989,
Kiribati,KIR,1988,
Kiribati,KIR,1987,
Kiribati,KIR,1986,
Kiribati,KIR,1985,
Kiribati,KIR,1984,
Kiribati,KIR,1983,
Kiribati,KIR,1982,
Kiribati,KIR,1981,
Kiribati,KIR,1980,
Kiribati,KIR,1979,
Kiribati,KIR,1978,
Kiribati,KIR,1977,
Kiribati,KIR,1976,
Kiribati,KIR,1975,
Kiribati,KIR,1974,
Kiribati,KIR,1973,
Kiribati,KIR,1972,
Kiribati,KIR,1971,
Kiribati,KIR,1970,
Kiribati,KIR,1969,
Kiribati,KIR,1968,
Kiribati,KIR,1967,
Kiribati,KIR,1966,
Kiribati,KIR,1965,
Kiribati,KIR,1964,
Kiribati,KIR,1963,
Kiribati,KIR,1962,
Kiribati,KIR,1961,
Kiribati,KIR,1960,
"Korea, Dem. People's Rep.",PRK,2025,77.713
"Korea, Dem. People's Rep.",PRK,2024,77.722
"Korea, Dem. People's Rep.",PRK,2023,77.724
"Korea, Dem. People's Rep.",PRK,2022,77.693
"Korea, Dem. People's Rep.",PRK,2021,76.483
"Korea, Dem. People's Rep.",PRK,2020,76.306
"Korea, Dem. People's Rep.",PRK,2019,77.787
"Korea, Dem. People's Rep.",PRK,2018,77.788
"Korea, Dem. People's Rep.",PRK,2017,77.622
"Korea, Dem. People's Rep.",PRK,2016,77.484
"Korea, Dem. People's Rep.",PRK,2015,77.608
"Korea, Dem. People's Rep.",PRK,2014,77.556
"Korea, Dem. People's Rep.",PRK,2013,77.582
"Korea, Dem. People's Rep.",PRK,2012,77.61
"Korea, Dem. People's Rep.",PRK,2011,77.646
"Korea, Dem. People's Rep.",PRK,2010,77.663
"Korea, Dem. People's Rep.",PRK,2009,77.635
"Korea, Dem. People's Rep.",PRK,2008,77.59
"Korea, Dem. People's Rep.",PRK,2007,77.684
"Korea, Dem. People's Rep.",PRK,2006,77.626
"Korea, Dem. People's Rep.",PRK,2005,77.572
"Korea, Dem. People's Rep.",PRK,2004,77.685
"Korea, Dem. People's Rep.",PRK,2003,77.736
"Korea, Dem. People's Rep.",PRK,2002,77.782
"Korea, Dem. People's Rep.",PRK,2001,77.808
"Korea, Dem. People's Rep.",PRK,2000,77.922
"Korea, Dem. People's Rep.",PRK,1999,77.913
"Korea, Dem. People's Rep.",PRK,1998,78.105
"Korea, Dem. People's Rep.",PRK,1997,78.042
"Korea, Dem. People's Rep.",PRK,1996,77.766
"Korea, Dem. People's Rep.",PRK,1995,77.612
"Korea, Dem. People's Rep.",PRK,1994,77.416
"Korea, Dem. People's Rep.",PRK,1993,77.298
"Korea, Dem. People's Rep.",PRK,1992,77.099
"Korea, Dem. People's Rep.",PRK,1991,76.817
"Korea, Dem. People's Rep.",PRK,1990,76.635
"Korea, Dem. People's Rep.",PRK,1989,
"Korea, Dem. People's Rep.",PRK,1988,
"Korea, Dem. People's Rep.",PRK,1987,
"Korea, Dem. People's Rep.",PRK,1986,
"Korea, Dem. People's Rep.",PRK,1985,
"Korea, Dem. People's Rep.",PRK,1984,
"Korea, Dem. People's Rep.",PRK,1983,
"Korea, Dem. People's Rep.",PRK,1982,
"Korea, Dem. People's Rep.",PRK,1981,
"Korea, Dem. People's Rep.",PRK,1980,
"Korea, Dem. People's Rep.",PRK,1979,
"Korea, Dem. People's Rep.",PRK,1978,
"Korea, Dem. People's Rep.",PRK,1977,
"Korea, Dem. People's Rep.",PRK,1976,
"Korea, Dem. People's Rep.",PRK,1975,
"Korea, Dem. People's Rep.",PRK,1974,
"Korea, Dem. People's Rep.",PRK,1973,
"Korea, Dem. People's Rep.",PRK,1972,
"Korea, Dem. People's Rep.",PRK,1971,
"Korea, Dem. People's Rep.",PRK,1970,
"Korea, Dem. People's Rep.",PRK,1969,
"Korea, Dem. People's Rep.",PRK,1968,
"Korea, Dem. People's Rep.",PRK,1967,
"Korea, Dem. People's Rep.",PRK,1966,
"Korea, Dem. People's Rep.",PRK,1965,
"Korea, Dem. People's Rep.",PRK,1964,
"Korea, Dem. People's Rep.",PRK,1963,
"Korea, Dem. People's Rep.",PRK,1962,
"Korea, Dem. People's Rep.",PRK,1961,
"Korea, Dem. People's Rep.",PRK,1960,
"Korea, Rep.",KOR,2025,56.782
"Korea, Rep.",KOR,2024,56.826
"Korea, Rep.",KOR,2023,56.038
"Korea, Rep.",KOR,2022,55.03
"Korea, Rep.",KOR,2021,53.65
"Korea, Rep.",KOR,2020,53.137
"Korea, Rep.",KOR,2019,53.772
"Korea, Rep.",KOR,2018,53.224
"Korea, Rep.",KOR,2017,53.073
"Korea, Rep.",KOR,2016,52.568
"Korea, Rep.",KOR,2015,52.391
"Korea, Rep.",KOR,2014,51.839
"Korea, Rep.",KOR,2013,50.805
"Korea, Rep.",KOR,2012,50.29
"Korea, Rep.",KOR,2011,49.994
"Korea, Rep.",KOR,2010,49.767
"Korea, Rep.",KOR,2009,49.575
"Korea, Rep.",KOR,2008,50.353
"Korea, Rep.",KOR,2007,50.648
"Korea, Rep.",KOR,2006,50.833
"Korea, Rep.",KOR,2005,50.664
"Korea, Rep.",KOR,2004,50.637
"Korea, Rep.",KOR,2003,49.477
"Korea, Rep.",KOR,2002,50.369
"Korea, Rep.",KOR,2001,50.001
"Korea, Rep.",KOR,2000,49.35
"Korea, Rep.",KOR,1999,47.675
"Korea, Rep.",KOR,1998,47.124
"Korea, Rep.",KOR,1997,49.826
"Korea, Rep.",KOR,1996,48.948
"Korea, Rep.",KOR,1995,48.449
"Korea, Rep.",KOR,1994,47.906
"Korea, Rep.",KOR,1993,47.16
"Korea, Rep.",KOR,1992,47.199
"Korea, Rep.",KOR,1991,47.219
"Korea, Rep.",KOR,1990,47.207
"Korea, Rep.",KOR,1989,
"Korea, Rep.",KOR,1988,
"Korea, Rep.",KOR,1987,
"Korea, Rep.",KOR,1986,
"Korea, Rep.",KOR,1985,
"Korea, Rep.",KOR,1984,
"Korea, Rep.",KOR,1983,
"Korea, Rep.",KOR,1982,
"Korea, Rep.",KOR,1981,
"Korea, Rep.",KOR,1980,
"Korea, Rep.",KOR,1979,
"Korea, Rep.",KOR,1978,
"Korea, Rep.",KOR,1977,
"Korea, Rep.",KOR,1976,
"Korea, Rep.",KOR,1975,
"Korea, Rep.",KOR,1974,
"Korea, Rep.",KOR,1973,
"Korea, Rep.",KOR,1972,
"Korea, Rep.",KOR,1971,
"Korea, Rep.",KOR,1970,
"Korea, Rep.",KOR,1969,
"Korea, Rep.",KOR,1968,
"Korea, Rep.",KOR,1967,
"Korea, Rep.",KOR,1966,
"Korea, Rep.",KOR,1965,
"Korea, Rep.",KOR,1964,
"Korea, Rep.",KOR,1963,
"Korea, Rep.",KOR,1962,
"Korea, Rep.",KOR,1961,
"Korea, Rep.",KOR,1960,
Kosovo,XKX,2025,
Kosovo,XKX,2024,
Kosovo,XKX,2023,
Kosovo,XKX,2022,
Kosovo,XKX,2021,
Kosovo,XKX,2020,
Kosovo,XKX,2019,
Kosovo,XKX,2018,
Kosovo,XKX,2017,
Kosovo,XKX,2016,
Kosovo,XKX,2015,
Kosovo,XKX,2014,
Kosovo,XKX,2013,
Kosovo,XKX,2012,
Kosovo,XKX,2011,
Kosovo,XKX,2010,
Kosovo,XKX,2009,
Kosovo,XKX,2008,
Kosovo,XKX,2007,
Kosovo,XKX,2006,
Kosovo,XKX,2005,
Kosovo,XKX,2004,
Kosovo,XKX,2003,
Kosovo,XKX,2002,
Kosovo,XKX,2001,
Kosovo,XKX,2000,
Kosovo,XKX,1999,
Kosovo,XKX,1998,
Kosovo,XKX,1997,
Kosovo,XKX,1996,
Kosovo,XKX,1995,
Kosovo,XKX,1994,
Kosovo,XKX,1993,
Kosovo,XKX,1992,
Kosovo,XKX,1991,
Kosovo,XKX,1990,
Kosovo,XKX,1989,
Kosovo,XKX,1988,
Kosovo,XKX,1987,
Kosovo,XKX,1986,
Kosovo,XKX,1985,
Kosovo,XKX,1984,
Kosovo,XKX,1983,
Kosovo,XKX,1982,
Kosovo,XKX,1981,
Kosovo,XKX,1980,
Kosovo,XKX,1979,
Kosovo,XKX,1978,
Kosovo,XKX,1977,
Kosovo,XKX,1976,
Kosovo,XKX,1975,
Kosovo,XKX,1974,
Kosovo,XKX,1973,
Kosovo,XKX,1972,
Kosovo,XKX,1971,
Kosovo,XKX,1970,
Kosovo,XKX,1969,
Kosovo,XKX,1968,
Kosovo,XKX,1967,
Kosovo,XKX,1966,
Kosovo,XKX,1965,
Kosovo,XKX,1964,
Kosovo,XKX,1963,
Kosovo,XKX,1962,
Kosovo,XKX,1961,
Kosovo,XKX,1960,
Kuwait,KWT,2025,47.2
Kuwait,KWT,2024,47.336
Kuwait,KWT,2023,48.179
Kuwait,KWT,2022,49.616
Kuwait,KWT,2021,47.507
Kuwait,KWT,2020,46.538
Kuwait,KWT,2019,49.32
Kuwait,KWT,2018,49.614
Kuwait,KWT,2017,49.868
Kuwait,KWT,2016,49.532
Kuwait,KWT,2015,49.648
Kuwait,KWT,2014,49.539
Kuwait,KWT,2013,49.289
Kuwait,KWT,2012,48.889
Kuwait,KWT,2011,48.147
Kuwait,KWT,2010,47.287
Kuwait,KWT,2009,46.689
Kuwait,KWT,2008,46.272
Kuwait,KWT,2007,46.049
Kuwait,KWT,2006,46.028
Kuwait,KWT,2005,46.087
Kuwait,KWT,2004,45.921
Kuwait,KWT,2003,45.617
Kuwait,KWT,2002,45.016
Kuwait,KWT,2001,44.533
Kuwait,KWT,2000,44.177
Kuwait,KWT,1999,43.937
Kuwait,KWT,1998,43.786
Kuwait,KWT,1997,43.687
Kuwait,KWT,1996,43.595
Kuwait,KWT,1995,43.109
Kuwait,KWT,1994,42.38
Kuwait,KWT,1993,41.106
Kuwait,KWT,1992,40.678
Kuwait,KWT,1991,41.195
Kuwait,KWT,1990,41.395
Kuwait,KWT,1989,
Kuwait,KWT,1988,
Kuwait,KWT,1987,
Kuwait,KWT,1986,
Kuwait,KWT,1985,
Kuwait,KWT,1984,
Kuwait,KWT,1983,
Kuwait,KWT,1982,
Kuwait,KWT,1981,
Kuwait,KWT,1980,
Kuwait,KWT,1979,
Kuwait,KWT,1978,
Kuwait,KWT,1977,
Kuwait,KWT,1976,
Kuwait,KWT,1975,
Kuwait,KWT,1974,
Kuwait,KWT,1973,
Kuwait,KWT,1972,
Kuwait,KWT,1971,
Kuwait,KWT,1970,
Kuwait,KWT,1969,
Kuwait,KWT,1968,
Kuwait,KWT,1967,
Kuwait,KWT,1966,
Kuwait,KWT,1965,
Kuwait,KWT,1964,
Kuwait,KWT,1963,
Kuwait,KWT,1962,
Kuwait,KWT,1961,
Kuwait,KWT,1960,
Kyrgyz Republic,KGZ,2025,44.136
Kyrgyz Republic,KGZ,2024,44.256
Kyrgyz Republic,KGZ,2023,43.495
Kyrgyz Republic,KGZ,2022,45.238
Kyrgyz Republic,KGZ,2021,43.997
Kyrgyz Republic,KGZ,2020,43.877
Kyrgyz Republic,KGZ,2019,44.04
Kyrgyz Republic,KGZ,2018,44.016
Kyrgyz Republic,KGZ,2017,42.44
Kyrgyz Republic,KGZ,2016,46.17
Kyrgyz Republic,KGZ,2015,47.459
Kyrgyz Republic,KGZ,2014,47.601
Kyrgyz Republic,KGZ,2013,45.843
Kyrgyz Republic,KGZ,2012,50.03
Kyrgyz Republic,KGZ,2011,52.124
Kyrgyz Republic,KGZ,2010,51.445
Kyrgyz Republic,KGZ,2009,51.098
Kyrgyz Republic,KGZ,2008,51.43
Kyrgyz Republic,KGZ,2007,52.888
Kyrgyz Republic,KGZ,2006,54.428
Kyrgyz Republic,KGZ,2005,54.886
Kyrgyz Republic,KGZ,2004,54.64
Kyrgyz Republic,KGZ,2003,55.843
Kyrgyz Republic,KGZ,2002,57.114
Kyrgyz Republic,KGZ,2001,56.929
Kyrgyz Republic,KGZ,2000,57.886
Kyrgyz Republic,KGZ,1999,58.82
Kyrgyz Republic,KGZ,1998,59.303
Kyrgyz Republic,KGZ,1997,59.439
Kyrgyz Republic,KGZ,1996,61.306
Kyrgyz Republic,KGZ,1995,62.588
Kyrgyz Republic,KGZ,1994,61.029
Kyrgyz Republic,KGZ,1993,55.977
Kyrgyz Republic,KGZ,1992,52.522
Kyrgyz Republic,KGZ,1991,49.559
Kyrgyz Republic,KGZ,1990,47.9
Kyrgyz Republic,KGZ,1989,
Kyrgyz Republic,KGZ,1988,
Kyrgyz Republic,KGZ,1987,
Kyrgyz Republic,KGZ,1986,
Kyrgyz Republic,KGZ,1985,
Kyrgyz Republic,KGZ,1984,
Kyrgyz Republic,KGZ,1983,
Kyrgyz Republic,KGZ,1982,
Kyrgyz Republic,KGZ,1981,
Kyrgyz Republic,KGZ,1980,
Kyrgyz Republic,KGZ,1979,
Kyrgyz Republic,KGZ,1978,
Kyrgyz Republic,KGZ,1977,
Kyrgyz Republic,KGZ,1976,
Kyrgyz Republic,KGZ,1975,
Kyrgyz Republic,KGZ,1974,
Kyrgyz Republic,KGZ,1973,
Kyrgyz Republic,KGZ,1972,
Kyrgyz Republic,KGZ,1971,
Kyrgyz Republic,KGZ,1970,
Kyrgyz Republic,KGZ,1969,
Kyrgyz Republic,KGZ,1968,
Kyrgyz Republic,KGZ,1967,
Kyrgyz Republic,KGZ,1966,
Kyrgyz Republic,KGZ,1965,
Kyrgyz Republic,KGZ,1964,
Kyrgyz Republic,KGZ,1963,
Kyrgyz Republic,KGZ,1962,
Kyrgyz Republic,KGZ,1961,
Kyrgyz Republic,KGZ,1960,
Lao PDR,LAO,2025,61.56
Lao PDR,LAO,2024,61.466
Lao PDR,LAO,2023,61.407
Lao PDR,LAO,2022,61.37
Lao PDR,LAO,2021,60.323
Lao PDR,LAO,2020,58.68
Lao PDR,LAO,2019,58.125
Lao PDR,LAO,2018,57.066
Lao PDR,LAO,2017,56.02
Lao PDR,LAO,2016,56.106
Lao PDR,LAO,2015,56.202
Lao PDR,LAO,2014,56.311
Lao PDR,LAO,2013,56.437
Lao PDR,LAO,2012,56.58
Lao PDR,LAO,2011,56.731
Lao PDR,LAO,2010,56.892
Lao PDR,LAO,2009,57.075
Lao PDR,LAO,2008,57.24
Lao PDR,LAO,2007,57.421
Lao PDR,LAO,2006,57.604
Lao PDR,LAO,2005,57.826
Lao PDR,LAO,2004,58.012
Lao PDR,LAO,2003,58.182
Lao PDR,LAO,2002,58.343
Lao PDR,LAO,2001,58.503
Lao PDR,LAO,2000,58.658
Lao PDR,LAO,1999,58.818
Lao PDR,LAO,1998,59.039
Lao PDR,LAO,1997,59.126
Lao PDR,LAO,1996,59.324
Lao PDR,LAO,1995,59.518
Lao PDR,LAO,1994,59.715
Lao PDR,LAO,1993,59.959
Lao PDR,LAO,1992,60.104
Lao PDR,LAO,1991,60.233
Lao PDR,LAO,1990,60.303
Lao PDR,LAO,1989,
Lao PDR,LAO,1988,
Lao PDR,LAO,1987,
Lao PDR,LAO,1986,
Lao PDR,LAO,1985,
Lao PDR,LAO,1984,
Lao PDR,LAO,1983,
Lao PDR,LAO,1982,
Lao PDR,LAO,1981,
Lao PDR,LAO,1980,
Lao PDR,LAO,1979,
Lao PDR,LAO,1978,
Lao PDR,LAO,1977,
Lao PDR,LAO,1976,
Lao PDR,LAO,1975,
Lao PDR,LAO,1974,
Lao PDR,LAO,1973,
Lao PDR,LAO,1972,
Lao PDR,LAO,1971,
Lao PDR,LAO,1970,
Lao PDR,LAO,1969,
Lao PDR,LAO,1968,
Lao PDR,LAO,1967,
Lao PDR,LAO,1966,
Lao PDR,LAO,1965,
Lao PDR,LAO,1964,
Lao PDR,LAO,1963,
Lao PDR,LAO,1962,
Lao PDR,LAO,1961,
Lao PDR,LAO,1960,
Latvia,LVA,2025,55.248
Latvia,LVA,2024,55.516
Latvia,LVA,2023,55.436
Latvia,LVA,2022,55.299
Latvia,LVA,2021,54.167
Latvia,LVA,2020,55.844
Latvia,LVA,2019,55.474
Latvia,LVA,2018,55.639
Latvia,LVA,2017,55.064
Latvia,LVA,2016,54.863
Latvia,LVA,2015,54.029
Latvia,LVA,2014,53.301
Latvia,LVA,2013,53.773
Latvia,LVA,2012,54.088
Latvia,LVA,2011,52.909
Latvia,LVA,2010,53.73
Latvia,LVA,2009,54.357
Latvia,LVA,2008,54.841
Latvia,LVA,2007,52.909
Latvia,LVA,2006,51.945
Latvia,LVA,2005,50.386
Latvia,LVA,2004,50.405
Latvia,LVA,2003,50.516
Latvia,LVA,2002,51.07
Latvia,LVA,2001,49.936
Latvia,LVA,2000,48.977
Latvia,LVA,1999,49.84
Latvia,LVA,1998,51.577
Latvia,LVA,1997,51.891
Latvia,LVA,1996,52.416
Latvia,LVA,1995,52.75
Latvia,LVA,1994,53.03
Latvia,LVA,1993,53.559
Latvia,LVA,1992,53.839
Latvia,LVA,1991,53.413
Latvia,LVA,1990,53.782
Latvia,LVA,1989,
Latvia,LVA,1988,
Latvia,LVA,1987,
Latvia,LVA,1986,
Latvia,LVA,1985,
Latvia,LVA,1984,
Latvia,LVA,1983,
Latvia,LVA,1982,
Latvia,LVA,1981,
Latvia,LVA,1980,
Latvia,LVA,1979,
Latvia,LVA,1978,
Latvia,LVA,1977,
Latvia,LVA,1976,
Latvia,LVA,1975,
Latvia,LVA,1974,
Latvia,LVA,1973,
Latvia,LVA,1972,
Latvia,LVA,1971,
Latvia,LVA,1970,
Latvia,LVA,1969,
Latvia,LVA,1968,
Latvia,LVA,1967,
Latvia,LVA,1966,
Latvia,LVA,1965,
Latvia,LVA,1964,
Latvia,LVA,1963,
Latvia,LVA,1962,
Latvia,LVA,1961,
Latvia,LVA,1960,
Lebanon,LBN,2025,
Lebanon,LBN,2024,
Lebanon,LBN,2023,22.234
Lebanon,LBN,2022,22.339
Lebanon,LBN,2021,23.882
Lebanon,LBN,2020,25.944
Lebanon,LBN,2019,29.286
Lebanon,LBN,2018,28.47
Lebanon,LBN,2017,27.67
Lebanon,LBN,2016,26.885
Lebanon,LBN,2015,26.114
Lebanon,LBN,2014,25.401
Lebanon,LBN,2013,24.74
Lebanon,LBN,2012,24.089
Lebanon,LBN,2011,23.448
Lebanon,LBN,2010,22.817
Lebanon,LBN,2009,22.195
Lebanon,LBN,2008,21.585
Lebanon,LBN,2007,20.984
Lebanon,LBN,2006,20.745
Lebanon,LBN,2005,20.51
Lebanon,LBN,2004,20.281
Lebanon,LBN,2003,20.091
Lebanon,LBN,2002,19.959
Lebanon,LBN,2001,19.829
Lebanon,LBN,2000,19.698
Lebanon,LBN,1999,19.612
Lebanon,LBN,1998,19.559
Lebanon,LBN,1997,19.431
Lebanon,LBN,1996,19.353
Lebanon,LBN,1995,19.092
Lebanon,LBN,1994,18.917
Lebanon,LBN,1993,18.713
Lebanon,LBN,1992,18.453
Lebanon,LBN,1991,18.045
Lebanon,LBN,1990,17.975
Lebanon,LBN,1989,
Lebanon,LBN,1988,
Lebanon,LBN,1987,
Lebanon,LBN,1986,
Lebanon,LBN,1985,
Lebanon,LBN,1984,
Lebanon,LBN,1983,
Lebanon,LBN,1982,
Lebanon,LBN,1981,
Lebanon,LBN,1980,
Lebanon,LBN,1979,
Lebanon,LBN,1978,
Lebanon,LBN,1977,
Lebanon,LBN,1976,
Lebanon,LBN,1975,
Lebanon,LBN,1974,
Lebanon,LBN,1973,
Lebanon,LBN,1972,
Lebanon,LBN,1971,
Lebanon,LBN,1970,
Lebanon,LBN,1969,
Lebanon,LBN,1968,
Lebanon,LBN,1967,
Lebanon,LBN,1966,
Lebanon,LBN,1965,
Lebanon,LBN,1964,
Lebanon,LBN,1963,
Lebanon,LBN,1962,
Lebanon,LBN,1961,
Lebanon,LBN,1960,
Lesotho,LSO,2025,48.091
Lesotho,LSO,2024,48.457
Lesotho,LSO,2023,48.426
Lesotho,LSO,2022,48.441
Lesotho,LSO,2021,48.252
Lesotho,LSO,2020,48.489
Lesotho,LSO,2019,48.958
Lesotho,LSO,2018,50.356
Lesotho,LSO,2017,51.753
Lesotho,LSO,2016,53.146
Lesotho,LSO,2015,54.532
Lesotho,LSO,2014,55.91
Lesotho,LSO,2013,57.277
Lesotho,LSO,2012,58.036
Lesotho,LSO,2011,58.789
Lesotho,LSO,2010,59.537
Lesotho,LSO,2009,60.28
Lesotho,LSO,2008,61.017
Lesotho,LSO,2007,61.747
Lesotho,LSO,2006,62.474
Lesotho,LSO,2005,63.198
Lesotho,LSO,2004,63.912
Lesotho,LSO,2003,64.622
Lesotho,LSO,2002,65.325
Lesotho,LSO,2001,66.021
Lesotho,LSO,2000,66.709
Lesotho,LSO,1999,67.389
Lesotho,LSO,1998,67.241
Lesotho,LSO,1997,67.104
Lesotho,LSO,1996,66.993
Lesotho,LSO,1995,66.901
Lesotho,LSO,1994,66.814
Lesotho,LSO,1993,66.741
Lesotho,LSO,1992,66.691
Lesotho,LSO,1991,66.662
Lesotho,LSO,1990,66.654
Lesotho,LSO,1989,
Lesotho,LSO,1988,
Lesotho,LSO,1987,
Lesotho,LSO,1986,
Lesotho,LSO,1985,
Lesotho,LSO,1984,
Lesotho,LSO,1983,
Lesotho,LSO,1982,
Lesotho,LSO,1981,
Lesotho,LSO,1980,
Lesotho,LSO,1979,
Lesotho,LSO,1978,
Lesotho,LSO,1977,
Lesotho,LSO,1976,
Lesotho,LSO,1975,
Lesotho,LSO,1974,
Lesotho,LSO,1973,
Lesotho,LSO,1972,
Lesotho,LSO,1971,
Lesotho,LSO,1970,
Lesotho,LSO,1969,
Lesotho,LSO,1968,
Lesotho,LSO,1967,
Lesotho,LSO,1966,
Lesotho,LSO,1965,
Lesotho,LSO,1964,
Lesotho,LSO,1963,
Lesotho,LSO,1962,
Lesotho,LSO,1961,
Lesotho,LSO,1960,
Liberia,LBR,2025,72.029
Liberia,LBR,2024,72.021
Liberia,LBR,2023,71.966
Liberia,LBR,2022,71.919
Liberia,LBR,2021,71.703
Liberia,LBR,2020,71.393
Liberia,LBR,2019,72.08
Liberia,LBR,2018,72.024
Liberia,LBR,2017,71.983
Liberia,LBR,2016,71.953
Liberia,LBR,2015,71.923
Liberia,LBR,2014,71.905
Liberia,LBR,2013,71.908
Liberia,LBR,2012,71.931
Liberia,LBR,2011,71.865
Liberia,LBR,2010,71.772
Liberia,LBR,2009,71.767
Liberia,LBR,2008,71.759
Liberia,LBR,2007,71.76
Liberia,LBR,2006,71.782
Liberia,LBR,2005,71.802
Liberia,LBR,2004,71.814
Liberia,LBR,2003,71.816
Liberia,LBR,2002,71.811
Liberia,LBR,2001,71.801
Liberia,LBR,2000,71.785
Liberia,LBR,1999,71.766
Liberia,LBR,1998,71.744
Liberia,LBR,1997,71.718
Liberia,LBR,1996,71.683
Liberia,LBR,1995,71.643
Liberia,LBR,1994,71.594
Liberia,LBR,1993,71.547
Liberia,LBR,1992,71.507
Liberia,LBR,1991,71.476
Liberia,LBR,1990,71.45
Liberia,LBR,1989,
Liberia,LBR,1988,
Liberia,LBR,1987,
Liberia,LBR,1986,
Liberia,LBR,1985,
Liberia,LBR,1984,
Liberia,LBR,1983,
Liberia,LBR,1982,
Liberia,LBR,1981,
Liberia,LBR,1980,
Liberia,LBR,1979,
Liberia,LBR,1978,
Liberia,LBR,1977,
Liberia,LBR,1976,
Liberia,LBR,1975,
Liberia,LBR,1974,
Liberia,LBR,1973,
Liberia,LBR,1972,
Liberia,LBR,1971,
Liberia,LBR,1970,
Liberia,LBR,1969,
Liberia,LBR,1968,
Liberia,LBR,1967,
Liberia,LBR,1966,
Liberia,LBR,1965,
Liberia,LBR,1964,
Liberia,LBR,1963,
Liberia,LBR,1962,
Liberia,LBR,1961,
Liberia,LBR,1960,
Libya,LBY,2025,32.995
Libya,LBY,2024,33.28
Libya,LBY,2023,33.465
Libya,LBY,2022,33.631
Libya,LBY,2021,31.353
Libya,LBY,2020,31.009
Libya,LBY,2019,33.993
Libya,LBY,2018,34.039
Libya,LBY,2017,34.08
Libya,LBY,2016,34.111
Libya,LBY,2015,34.132
Libya,LBY,2014,34.135
Libya,LBY,2013,34.07
Libya,LBY,2012,33.94
Libya,LBY,2011,34.062
Libya,LBY,2010,34.081
Libya,LBY,2009,33.737
Libya,LBY,2008,33.363
Libya,LBY,2007,32.971
Libya,LBY,2006,32.554
Libya,LBY,2005,32.175
Libya,LBY,2004,31.834
Libya,LBY,2003,31.471
Libya,LBY,2002,31.107
Libya,LBY,2001,30.757
Libya,LBY,2000,30.43
Libya,LBY,1999,30.049
Libya,LBY,1998,29.602
Libya,LBY,1997,29.153
Libya,LBY,1996,28.707
Libya,LBY,1995,28.275
Libya,LBY,1994,27.868
Libya,LBY,1993,27.489
Libya,LBY,1992,27.138
Libya,LBY,1991,26.814
Libya,LBY,1990,26.513
Libya,LBY,1989,
Libya,LBY,1988,
Libya,LBY,1987,
Libya,LBY,1986,
Libya,LBY,1985,
Libya,LBY,1984,
Libya,LBY,1983,
Libya,LBY,1982,
Libya,LBY,1981,
Libya,LBY,1980,
Libya,LBY,1979,
Libya,LBY,1978,
Libya,LBY,1977,
Libya,LBY,1976,
Libya,LBY,1975,
Libya,LBY,1974,
Libya,LBY,1973,
Libya,LBY,1972,
Libya,LBY,1971,
Libya,LBY,1970,
Libya,LBY,1969,
Libya,LBY,1968,
Libya,LBY,1967,
Libya,LBY,1966,
Libya,LBY,1965,
Libya,LBY,1964,
Libya,LBY,1963,
Libya,LBY,1962,
Libya,LBY,1961,
Libya,LBY,1960,
Liechtenstein,LIE,2025,
Liechtenstein,LIE,2024,
Liechtenstein,LIE,2023,
Liechtenstein,LIE,2022,
Liechtenstein,LIE,2021,
Liechtenstein,LIE,2020,
Liechtenstein,LIE,2019,
Liechtenstein,LIE,2018,
Liechtenstein,LIE,2017,
Liechtenstein,LIE,2016,
Liechtenstein,LIE,2015,
Liechtenstein,LIE,2014,
Liechtenstein,LIE,2013,
Liechtenstein,LIE,2012,
Liechtenstein,LIE,2011,
Liechtenstein,LIE,2010,
Liechtenstein,LIE,2009,
Liechtenstein,LIE,2008,
Liechtenstein,LIE,2007,
Liechtenstein,LIE,2006,
Liechtenstein,LIE,2005,
Liechtenstein,LIE,2004,
Liechtenstein,LIE,2003,
Liechtenstein,LIE,2002,
Liechtenstein,LIE,2001,
Liechtenstein,LIE,2000,
Liechtenstein,LIE,1999,
Liechtenstein,LIE,1998,
Liechtenstein,LIE,1997,
Liechtenstein,LIE,1996,
Liechtenstein,LIE,1995,
Liechtenstein,LIE,1994,
Liechtenstein,LIE,1993,
Liechtenstein,LIE,1992,
Liechtenstein,LIE,1991,
Liechtenstein,LIE,1990,
Liechtenstein,LIE,1989,
Liechtenstein,LIE,1988,
Liechtenstein,LIE,1987,
Liechtenstein,LIE,1986,
Liechtenstein,LIE,1985,
Liechtenstein,LIE,1984,
Liechtenstein,LIE,1983,
Liechtenstein,LIE,1982,
Liechtenstein,LIE,1981,
Liechtenstein,LIE,1980,
Liechtenstein,LIE,1979,
Liechtenstein,LIE,1978,
Liechtenstein,LIE,1977,
Liechtenstein,LIE,1976,
Liechtenstein,LIE,1975,
Liechtenstein,LIE,1974,
Liechtenstein,LIE,1973,
Liechtenstein,LIE,1972,
Liechtenstein,LIE,1971,
Liechtenstein,LIE,1970,
Liechtenstein,LIE,1969,
Liechtenstein,LIE,1968,
Liechtenstein,LIE,1967,
Liechtenstein,LIE,1966,
Liechtenstein,LIE,1965,
Liechtenstein,LIE,1964,
Liechtenstein,LIE,1963,
Liechtenstein,LIE,1962,
Liechtenstein,LIE,1961,
Liechtenstein,LIE,1960,
Lithuania,LTU,2025,57.668
Lithuania,LTU,2024,57.86
Lithuania,LTU,2023,57.914
Lithuania,LTU,2022,58.035
Lithuania,LTU,2021,57.369
Lithuania,LTU,2020,57.363
Lithuania,LTU,2019,57.226
Lithuania,LTU,2018,56.494
Lithuania,LTU,2017,55.821
Lithuania,LTU,2016,55.606
Lithuania,LTU,2015,54.428
Lithuania,LTU,2014,53.871
Lithuania,LTU,2013,52.927
Lithuania,LTU,2012,53.2
Lithuania,LTU,2011,52.699
Lithuania,LTU,2010,52.31
Lithuania,LTU,2009,52.019
Lithuania,LTU,2008,50.469
Lithuania,LTU,2007,50.067
Lithuania,LTU,2006,50.075
Lithuania,LTU,2005,50.639
Lithuania,LTU,2004,51.337
Lithuania,LTU,2003,54.789
Lithuania,LTU,2002,52.171
Lithuania,LTU,2001,53.333
Lithuania,LTU,2000,54.916
Lithuania,LTU,1999,55.158
Lithuania,LTU,1998,53.402
Lithuania,LTU,1997,54.208
Lithuania,LTU,1996,55.013
Lithuania,LTU,1995,55.764
Lithuania,LTU,1994,56.516
Lithuania,LTU,1993,57.335
Lithuania,LTU,1992,58.211
Lithuania,LTU,1991,59.11
Lithuania,LTU,1990,59.999
Lithuania,LTU,1989,
Lithuania,LTU,1988,
Lithuania,LTU,1987,
Lithuania,LTU,1986,
Lithuania,LTU,1985,
Lithuania,LTU,1984,
Lithuania,LTU,1983,
Lithuania,LTU,1982,
Lithuania,LTU,1981,
Lithuania,LTU,1980,
Lithuania,LTU,1979,
Lithuania,LTU,1978,
Lithuania,LTU,1977,
Lithuania,LTU,1976,
Lithuania,LTU,1975,
Lithuania,LTU,1974,
Lithuania,LTU,1973,
Lithuania,LTU,1972,
Lithuania,LTU,1971,
Lithuania,LTU,1970,
Lithuania,LTU,1969,
Lithuania,LTU,1968,
Lithuania,LTU,1967,
Lithuania,LTU,1966,
Lithuania,LTU,1965,
Lithuania,LTU,1964,
Lithuania,LTU,1963,
Lithuania,LTU,1962,
Lithuania,LTU,1961,
Lithuania,LTU,1960,
Luxembourg,LUX,2025,57.474
Luxembourg,LUX,2024,57.645
Luxembourg,LUX,2023,57.196
Luxembourg,LUX,2022,56.998
Luxembourg,LUX,2021,56.929
Luxembourg,LUX,2020,55.927
Luxembourg,LUX,2019,54.933
Luxembourg,LUX,2018,54.798
Luxembourg,LUX,2017,54.011
Luxembourg,LUX,2016,53.625
Luxembourg,LUX,2015,54.247
Luxembourg,LUX,2014,52.214
Luxembourg,LUX,2013,51.459
Luxembourg,LUX,2012,51.173
Luxembourg,LUX,2011,49.499
Luxembourg,LUX,2010,48.847
Luxembourg,LUX,2009,49.05
Luxembourg,LUX,2008,47.181
Luxembourg,LUX,2007,46.658
Luxembourg,LUX,2006,46.144
Luxembourg,LUX,2005,45.66
Luxembourg,LUX,2004,44.598
Luxembourg,LUX,2003,42.877
Luxembourg,LUX,2002,42.78
Luxembourg,LUX,2001,41.579
Luxembourg,LUX,2000,41.485
Luxembourg,LUX,1999,39.873
Luxembourg,LUX,1998,37.854
Luxembourg,LUX,1997,37.566
Luxembourg,LUX,1996,36.489
Luxembourg,LUX,1995,35.361
Luxembourg,LUX,1994,37.826
Luxembourg,LUX,1993,37.047
Luxembourg,LUX,1992,38.356
Luxembourg,LUX,1991,35.977
Luxembourg,LUX,1990,34.261
Luxembourg,LUX,1989,
Luxembourg,LUX,1988,
Luxembourg,LUX,1987,
Luxembourg,LUX,1986,
Luxembourg,LUX,1985,
Luxembourg,LUX,1984,
Luxembourg,LUX,1983,
Luxembourg,LUX,1982,
Luxembourg,LUX,1981,
Luxembourg,LUX,1980,
Luxembourg,LUX,1979,
Luxembourg,LUX,1978,
Luxembourg,LUX,1977,
Luxembourg,LUX,1976,
Luxembourg,LUX,1975,
Luxembourg,LUX,1974,
Luxembourg,LUX,1973,
Luxembourg,LUX,1972,
Luxembourg,LUX,1971,
Luxembourg,LUX,1970,
Luxembourg,LUX,1969,
Luxembourg,LUX,1968,
Luxembourg,LUX,1967,
Luxembourg,LUX,1966,
Luxembourg,LUX,1965,
Luxembourg,LUX,1964,
Luxembourg,LUX,1963,
Luxembourg,LUX,1962,
Luxembourg,LUX,1961,
Luxembourg,LUX,1960,
"Macao SAR, China",MAC,2025,63.098
"Macao SAR, China",MAC,2024,63.512
"Macao SAR, China",MAC,2023,62.631
"Macao SAR, China",MAC,2022,60.026
"Macao SAR, China",MAC,2021,64.072
"Macao SAR, China",MAC,2020,63.655
"Macao SAR, China",MAC,2019,64.713
"Macao SAR, China",MAC,2018,64.995
"Macao SAR, China",MAC,2017,64.912
"Macao SAR, China",MAC,2016,65.602
"Macao SAR, China",MAC,2015,66.133
"Macao SAR, China",MAC,2014,66.331
"Macao SAR, China",MAC,2013,65.994
"Macao SAR, China",MAC,2012,65.318
"Macao SAR, China",MAC,2011,65.77
"Macao SAR, China",MAC,2010,64.435
"Macao SAR, China",MAC,2009,64.736
"Macao SAR, China",MAC,2008,63.874
"Macao SAR, China",MAC,2007,62.641
"Macao SAR, China",MAC,2006,58.923
"Macao SAR, China",MAC,2005,57.006
"Macao SAR, China",MAC,2004,54.973
"Macao SAR, China",MAC,2003,53.53
"Macao SAR, China",MAC,2002,56.3
"Macao SAR, China",MAC,2001,56.389
"Macao SAR, China",MAC,2000,56.452
"Macao SAR, China",MAC,1999,55.47
"Macao SAR, China",MAC,1998,54.317
"Macao SAR, China",MAC,1997,54.518
"Macao SAR, China",MAC,1996,52.984
"Macao SAR, China",MAC,1995,51.392
"Macao SAR, China",MAC,1994,49.77
"Macao SAR, China",MAC,1993,48.162
"Macao SAR, China",MAC,1992,46.597
"Macao SAR, China",MAC,1991,46.142
"Macao SAR, China",MAC,1990,45.643
"Macao SAR, China",MAC,1989,
"Macao SAR, China",MAC,1988,
"Macao SAR, China",MAC,1987,
"Macao SAR, China",MAC,1986,
"Macao SAR, China",MAC,1985,
"Macao SAR, China",MAC,1984,
"Macao SAR, China",MAC,1983,
"Macao SAR, China",MAC,1982,
"Macao SAR, China",MAC,1981,
"Macao SAR, China",MAC,1980,
"Macao SAR, China",MAC,1979,
"Macao SAR, China",MAC,1978,
"Macao SAR, China",MAC,1977,
"Macao SAR, China",MAC,1976,
"Macao SAR, China",MAC,1975,
"Macao SAR, China",MAC,1974,
"Macao SAR, China",MAC,1973,
"Macao SAR, China",MAC,1972,
"Macao SAR, China",MAC,1971,
"Macao SAR, China",MAC,1970,
"Macao SAR, China",MAC,1969,
"Macao SAR, China",MAC,1968,
"Macao SAR, China",MAC,1967,
"Macao SAR, China",MAC,1966,
"Macao SAR, China",MAC,1965,
"Macao SAR, China",MAC,1964,
"Macao SAR, China",MAC,1963,
"Macao SAR, China",MAC,1962,
"Macao SAR, China",MAC,1961,
"Macao SAR, China",MAC,1960,
Madagascar,MDG,2025,82.913
Madagascar,MDG,2024,82.915
Madagascar,MDG,2023,82.866
Madagascar,MDG,2022,82.83
Madagascar,MDG,2021,82.807
Madagascar,MDG,2020,82.152
Madagascar,MDG,2019,82.916
Madagascar,MDG,2018,82.971
Madagascar,MDG,2017,83.044
Madagascar,MDG,2016,83.137
Madagascar,MDG,2015,83.249
Madagascar,MDG,2014,83.414
Madagascar,MDG,2013,83.566
Madagascar,MDG,2012,83.696
Madagascar,MDG,2011,83.812
Madagascar,MDG,2010,83.908
Madagascar,MDG,2009,83.983
Madagascar,MDG,2008,84.04
Madagascar,MDG,2007,84.08
Madagascar,MDG,2006,84.104
Madagascar,MDG,2005,84.114
Madagascar,MDG,2004,84.094
Madagascar,MDG,2003,84.064
Madagascar,MDG,2002,84.029
Madagascar,MDG,2001,83.976
Madagascar,MDG,2000,83.936
Madagascar,MDG,1999,83.898
Madagascar,MDG,1998,83.861
Madagascar,MDG,1997,83.828
Madagascar,MDG,1996,83.803
Madagascar,MDG,1995,83.788
Madagascar,MDG,1994,83.79
Madagascar,MDG,1993,83.804
Madagascar,MDG,1992,83.824
Madagascar,MDG,1991,83.848
Madagascar,MDG,1990,83.871
Madagascar,MDG,1989,
Madagascar,MDG,1988,
Madagascar,MDG,1987,
Madagascar,MDG,1986,
Madagascar,MDG,1985,
Madagascar,MDG,1984,
Madagascar,MDG,1983,
Madagascar,MDG,1982,
Madagascar,MDG,1981,
Madagascar,MDG,1980,
Madagascar,MDG,1979,
Madagascar,MDG,1978,
Madagascar,MDG,1977,
Madagascar,MDG,1976,
Madagascar,MDG,1975,
Madagascar,MDG,1974,
Madagascar,MDG,1973,
Madagascar,MDG,1972,
Madagascar,MDG,1971,
Madagascar,MDG,1970,
Madagascar,MDG,1969,
Madagascar,MDG,1968,
Madagascar,MDG,1967,
Madagascar,MDG,1966,
Madagascar,MDG,1965,
Madagascar,MDG,1964,
Madagascar,MDG,1963,
Madagascar,MDG,1962,
Madagascar,MDG,1961,
Madagascar,MDG,1960,
Malawi,MWI,2025,58.18
Malawi,MWI,2024,58.534
Malawi,MWI,2023,58.644
Malawi,MWI,2022,58.75
Malawi,MWI,2021,58.786
Malawi,MWI,2020,63.125
Malawi,MWI,2019,59.03
Malawi,MWI,2018,58.895
Malawi,MWI,2017,58.774
Malawi,MWI,2016,60.514
Malawi,MWI,2015,62.23
Malawi,MWI,2014,63.917
Malawi,MWI,2013,65.572
Malawi,MWI,2012,67.192
Malawi,MWI,2011,68.774
Malawi,MWI,2010,70.49
Malawi,MWI,2009,72.149
Malawi,MWI,2008,73.747
Malawi,MWI,2007,75.281
Malawi,MWI,2006,76.752
Malawi,MWI,2005,78.159
Malawi,MWI,2004,78.157
Malawi,MWI,2003,78.146
Malawi,MWI,2002,78.133
Malawi,MWI,2001,78.122
Malawi,MWI,2000,78.106
Malawi,MWI,1999,78.086
Malawi,MWI,1998,78.086
Malawi,MWI,1997,78.102
Malawi,MWI,1996,78.109
Malawi,MWI,1995,78.119
Malawi,MWI,1994,78.143
Malawi,MWI,1993,78.181
Malawi,MWI,1992,78.232
Malawi,MWI,1991,78.29
Malawi,MWI,1990,78.352
Malawi,MWI,1989,
Malawi,MWI,1988,
Malawi,MWI,1987,
Malawi,MWI,1986,
Malawi,MWI,1985,
Malawi,MWI,1984,
Malawi,MWI,1983,
Malawi,MWI,1982,
Malawi,MWI,1981,
Malawi,MWI,1980,
Malawi,MWI,1979,
Malawi,MWI,1978,
Malawi,MWI,1977,
Malawi,MWI,1976,
Malawi,MWI,1975,
Malawi,MWI,1974,
Malawi,MWI,1973,
Malawi,MWI,1972,
Malawi,MWI,1971,
Malawi,MWI,1970,
Malawi,MWI,1969,
Malawi,MWI,1968,
Malawi,MWI,1967,
Malawi,MWI,1966,
Malawi,MWI,1965,
Malawi,MWI,1964,
Malawi,MWI,1963,
Malawi,MWI,1962,
Malawi,MWI,1961,
Malawi,MWI,1960,
Malaysia,MYS,2025,51.643
Malaysia,MYS,2024,51.617
Malaysia,MYS,2023,51.592
Malaysia,MYS,2022,51.597
Malaysia,MYS,2021,51.371
Malaysia,MYS,2020,51.371
Malaysia,MYS,2019,51.783
Malaysia,MYS,2018,51.625
Malaysia,MYS,2017,51.285
Malaysia,MYS,2016,50.986
Malaysia,MYS,2015,50.83
Malaysia,MYS,2014,50.475
Malaysia,MYS,2013,48.76
Malaysia,MYS,2012,47.029
Malaysia,MYS,2011,45.295
Malaysia,MYS,2010,44.792
Malaysia,MYS,2009,44.31
Malaysia,MYS,2008,43.866
Malaysia,MYS,2007,43.436
Malaysia,MYS,2006,43.027
Malaysia,MYS,2005,42.637
Malaysia,MYS,2004,42.255
Malaysia,MYS,2003,41.868
Malaysia,MYS,2002,41.471
Malaysia,MYS,2001,41.052
Malaysia,MYS,2000,40.593
Malaysia,MYS,1999,40.062
Malaysia,MYS,1998,39.505
Malaysia,MYS,1997,38.973
Malaysia,MYS,1996,38.438
Malaysia,MYS,1995,37.913
Malaysia,MYS,1994,37.403
Malaysia,MYS,1993,36.91
Malaysia,MYS,1992,36.422
Malaysia,MYS,1991,35.941
Malaysia,MYS,1990,35.83
Malaysia,MYS,1989,
Malaysia,MYS,1988,
Malaysia,MYS,1987,
Malaysia,MYS,1986,
Malaysia,MYS,1985,
Malaysia,MYS,1984,
Malaysia,MYS,1983,
Malaysia,MYS,1982,
Malaysia,MYS,1981,
Malaysia,MYS,1980,
Malaysia,MYS,1979,
Malaysia,MYS,1978,
Malaysia,MYS,1977,
Malaysia,MYS,1976,
Malaysia,MYS,1975,
Malaysia,MYS,1974,
Malaysia,MYS,1973,
Malaysia,MYS,1972,
Malaysia,MYS,1971,
Malaysia,MYS,1970,
Malaysia,MYS,1969,
Malaysia,MYS,1968,
Malaysia,MYS,1967,
Malaysia,MYS,1966,
Malaysia,MYS,1965,
Malaysia,MYS,1964,
Malaysia,MYS,1963,
Malaysia,MYS,1962,
Malaysia,MYS,1961,
Malaysia,MYS,1960,
Maldives,MDV,2025,40.732
Maldives,MDV,2024,40.455
Maldives,MDV,2023,40.311
Maldives,MDV,2022,40.171
Maldives,MDV,2021,37.995
Maldives,MDV,2020,37.104
Maldives,MDV,2019,40.76
Maldives,MDV,2018,40.382
Maldives,MDV,2017,39.781
Maldives,MDV,2016,38.986
Maldives,MDV,2015,38.573
Maldives,MDV,2014,38.163
Maldives,MDV,2013,37.756
Maldives,MDV,2012,37.361
Maldives,MDV,2011,36.983
Maldives,MDV,2010,36.624
Maldives,MDV,2009,36.285
Maldives,MDV,2008,36.495
Maldives,MDV,2007,36.73
Maldives,MDV,2006,36.958
Maldives,MDV,2005,37.066
Maldives,MDV,2004,37.065
Maldives,MDV,2003,37.061
Maldives,MDV,2002,37.054
Maldives,MDV,2001,37.045
Maldives,MDV,2000,37.037
Maldives,MDV,1999,35.085
Maldives,MDV,1998,33.18
Maldives,MDV,1997,31.318
Maldives,MDV,1996,29.501
Maldives,MDV,1995,27.726
Maldives,MDV,1994,26.06
Maldives,MDV,1993,24.427
Maldives,MDV,1992,22.852
Maldives,MDV,1991,21.338
Maldives,MDV,1990,19.882
Maldives,MDV,1989,
Maldives,MDV,1988,
Maldives,MDV,1987,
Maldives,MDV,1986,
Maldives,MDV,1985,
Maldives,MDV,1984,
Maldives,MDV,1983,
Maldives,MDV,1982,
Maldives,MDV,1981,
Maldives,MDV,1980,
Maldives,MDV,1979,
Maldives,MDV,1978,
Maldives,MDV,1977,
Maldives,MDV,1976,
Maldives,MDV,1975,
Maldives,MDV,1974,
Maldives,MDV,1973,
Maldives,MDV,1972,
Maldives,MDV,1971,
Maldives,MDV,1970,
Maldives,MDV,1969,
Maldives,MDV,1968,
Maldives,MDV,1967,
Maldives,MDV,1966,
Maldives,MDV,1965,
Maldives,MDV,1964,
Maldives,MDV,1963,
Maldives,MDV,1962,
Maldives,MDV,1961,
Maldives,MDV,1960,
Mali,MLI,2025,52.842
Mali,MLI,2024,53.093
Mali,MLI,2023,53.06
Mali,MLI,2022,53.009
Mali,MLI,2021,52.981
Mali,MLI,2020,50.63
Mali,MLI,2019,53.387
Mali,MLI,2018,55.62
Mali,MLI,2017,57.877
Mali,MLI,2016,59.554
Mali,MLI,2015,61.216
Mali,MLI,2014,60.137
Mali,MLI,2013,60.158
Mali,MLI,2012,60.22
Mali,MLI,2011,60.296
Mali,MLI,2010,60.35
Mali,MLI,2009,60.4
Mali,MLI,2008,60.442
Mali,MLI,2007,60.478
Mali,MLI,2006,60.508
Mali,MLI,2005,60.536
Mali,MLI,2004,60.555
Mali,MLI,2003,60.559
Mali,MLI,2002,60.552
Mali,MLI,2001,60.534
Mali,MLI,2000,60.512
Mali,MLI,1999,60.489
Mali,MLI,1998,60.461
Mali,MLI,1997,60.437
Mali,MLI,1996,60.422
Mali,MLI,1995,60.413
Mali,MLI,1994,60.409
Mali,MLI,1993,60.419
Mali,MLI,1992,60.441
Mali,MLI,1991,60.477
Mali,MLI,1990,60.519
Mali,MLI,1989,
Mali,MLI,1988,
Mali,MLI,1987,
Mali,MLI,1986,
Mali,MLI,1985,
Mali,MLI,1984,
Mali,MLI,1983,
Mali,MLI,1982,
Mali,MLI,1981,
Mali,MLI,1980,
Mali,MLI,1979,
Mali,MLI,1978,
Mali,MLI,1977,
Mali,MLI,1976,
Mali,MLI,1975,
Mali,MLI,1974,
Mali,MLI,1973,
Mali,MLI,1972,
Mali,MLI,1971,
Mali,MLI,1970,
Mali,MLI,1969,
Mali,MLI,1968,
Mali,MLI,1967,
Mali,MLI,1966,
Mali,MLI,1965,
Mali,MLI,1964,
Mali,MLI,1963,
Mali,MLI,1962,
Mali,MLI,1961,
Mali,MLI,1960,
Malta,MLT,2025,55.799
Malta,MLT,2024,55.894
Malta,MLT,2023,55.525
Malta,MLT,2022,55.307
Malta,MLT,2021,52.216
Malta,MLT,2020,51.25
Malta,MLT,2019,49.326
Malta,MLT,2018,48.214
Malta,MLT,2017,46.159
Malta,MLT,2016,44.653
Malta,MLT,2015,43.02
Malta,MLT,2014,42.259
Malta,MLT,2013,40.724
Malta,MLT,2012,38.681
Malta,MLT,2011,35.559
Malta,MLT,2010,34.347
Malta,MLT,2009,33.577
Malta,MLT,2008,33.129
Malta,MLT,2007,32.084
Malta,MLT,2006,30.178
Malta,MLT,2005,29.883
Malta,MLT,2004,27.775
Malta,MLT,2003,30.112
Malta,MLT,2002,30.571
Malta,MLT,2001,29.365
Malta,MLT,2000,29.754
Malta,MLT,1999,30.073
Malta,MLT,1998,29.742
Malta,MLT,1997,29.544
Malta,MLT,1996,28.933
Malta,MLT,1995,28.386
Malta,MLT,1994,28.177
Malta,MLT,1993,27.944
Malta,MLT,1992,27.458
Malta,MLT,1991,27.014
Malta,MLT,1990,26.827
Malta,MLT,1989,
Malta,MLT,1988,
Malta,MLT,1987,
Malta,MLT,1986,
Malta,MLT,1985,
Malta,MLT,1984,
Malta,MLT,1983,
Malta,MLT,1982,
Malta,MLT,1981,
Malta,MLT,1980,
Malta,MLT,1979,
Malta,MLT,1978,
Malta,MLT,1977,
Malta,MLT,1976,
Malta,MLT,1975,
Malta,MLT,1974,
Malta,MLT,1973,
Malta,MLT,1972,
Malta,MLT,1971,
Malta,MLT,1970,
Malta,MLT,1969,
Malta,MLT,1968,
Malta,MLT,1967,
Malta,MLT,1966,
Malta,MLT,1965,
Malta,MLT,1964,
Malta,MLT,1963,
Malta,MLT,1962,
Malta,MLT,1961,
Malta,MLT,1960,
Marshall Islands,MHL,2025,
Marshall Islands,MHL,2024,
Marshall Islands,MHL,2023,
Marshall Islands,MHL,2022,
Marshall Islands,MHL,2021,
Marshall Islands,MHL,2020,
Marshall Islands,MHL,2019,
Marshall Islands,MHL,2018,
Marshall Islands,MHL,2017,
Marshall Islands,MHL,2016,
Marshall Islands,MHL,2015,
Marshall Islands,MHL,2014,
Marshall Islands,MHL,2013,
Marshall Islands,MHL,2012,
Marshall Islands,MHL,2011,
Marshall Islands,MHL,2010,
Marshall Islands,MHL,2009,
Marshall Islands,MHL,2008,
Marshall Islands,MHL,2007,
Marshall Islands,MHL,2006,
Marshall Islands,MHL,2005,
Marshall Islands,MHL,2004,
Marshall Islands,MHL,2003,
Marshall Islands,MHL,2002,
Marshall Islands,MHL,2001,
Marshall Islands,MHL,2000,
Marshall Islands,MHL,1999,
Marshall Islands,MHL,1998,
Marshall Islands,MHL,1997,
Marshall Islands,MHL,1996,
Marshall Islands,MHL,1995,
Marshall Islands,MHL,1994,
Marshall Islands,MHL,1993,
Marshall Islands,MHL,1992,
Marshall Islands,MHL,1991,
Marshall Islands,MHL,1990,
Marshall Islands,MHL,1989,
Marshall Islands,MHL,1988,
Marshall Islands,MHL,1987,
Marshall Islands,MHL,1986,
Marshall Islands,MHL,1985,
Marshall Islands,MHL,1984,
Marshall Islands,MHL,1983,
Marshall Islands,MHL,1982,
Marshall Islands,MHL,1981,
Marshall Islands,MHL,1980,
Marshall Islands,MHL,1979,
Marshall Islands,MHL,1978,
Marshall Islands,MHL,1977,
Marshall Islands,MHL,1976,
Marshall Islands,MHL,1975,
Marshall Islands,MHL,1974,
Marshall Islands,MHL,1973,
Marshall Islands,MHL,1972,
Marshall Islands,MHL,1971,
Marshall Islands,MHL,1970,
Marshall Islands,MHL,1969,
Marshall Islands,MHL,1968,
Marshall Islands,MHL,1967,
Marshall Islands,MHL,1966,
Marshall Islands,MHL,1965,
Marshall Islands,MHL,1964,
Marshall Islands,MHL,1963,
Marshall Islands,MHL,1962,
Marshall Islands,MHL,1961,
Marshall Islands,MHL,1960,
Mauritania,MRT,2025,26.18
Mauritania,MRT,2024,26.239
Mauritania,MRT,2023,26.198
Mauritania,MRT,2022,26.05
Mauritania,MRT,2021,26.069
Mauritania,MRT,2020,25.873
Mauritania,MRT,2019,26.263
Mauritania,MRT,2018,26.234
Mauritania,MRT,2017,26.215
Mauritania,MRT,2016,26.447
Mauritania,MRT,2015,26.679
Mauritania,MRT,2014,26.909
Mauritania,MRT,2013,27.139
Mauritania,MRT,2012,27.353
Mauritania,MRT,2011,27.427
Mauritania,MRT,2010,27.505
Mauritania,MRT,2009,27.589
Mauritania,MRT,2008,27.68
Mauritania,MRT,2007,27.77
Mauritania,MRT,2006,27.854
Mauritania,MRT,2005,27.934
Mauritania,MRT,2004,28.011
Mauritania,MRT,2003,28.086
Mauritania,MRT,2002,28.159
Mauritania,MRT,2001,28.228
Mauritania,MRT,2000,28.317
Mauritania,MRT,1999,27.996
Mauritania,MRT,1998,27.676
Mauritania,MRT,1997,27.36
Mauritania,MRT,1996,27.045
Mauritania,MRT,1995,26.733
Mauritania,MRT,1994,26.425
Mauritania,MRT,1993,26.121
Mauritania,MRT,1992,25.822
Mauritania,MRT,1991,25.526
Mauritania,MRT,1990,25.23
Mauritania,MRT,1989,
Mauritania,MRT,1988,
Mauritania,MRT,1987,
Mauritania,MRT,1986,
Mauritania,MRT,1985,
Mauritania,MRT,1984,
Mauritania,MRT,1983,
Mauritania,MRT,1982,
Mauritania,MRT,1981,
Mauritania,MRT,1980,
Mauritania,MRT,1979,
Mauritania,MRT,1978,
Mauritania,MRT,1977,
Mauritania,MRT,1976,
Mauritania,MRT,1975,
Mauritania,MRT,1974,
Mauritania,MRT,1973,
Mauritania,MRT,1972,
Mauritania,MRT,1971,
Mauritania,MRT,1970,
Mauritania,MRT,1969,
Mauritania,MRT,1968,
Mauritania,MRT,1967,
Mauritania,MRT,1966,
Mauritania,MRT,1965,
Mauritania,MRT,1964,
Mauritania,MRT,1963,
Mauritania,MRT,1962,
Mauritania,MRT,1961,
Mauritania,MRT,1960,
Mauritius,MUS,2025,47.462
Mauritius,MUS,2024,47.45
Mauritius,MUS,2023,47.644
Mauritius,MUS,2022,42.521
Mauritius,MUS,2021,40.56
Mauritius,MUS,2020,43.111
Mauritius,MUS,2019,46.423
Mauritius,MUS,2018,45.604
Mauritius,MUS,2017,45.716
Mauritius,MUS,2016,45.414
Mauritius,MUS,2015,46.371
Mauritius,MUS,2014,45.217
Mauritius,MUS,2013,44.956
Mauritius,MUS,2012,43.028
Mauritius,MUS,2011,42.612
Mauritius,MUS,2010,43.465
Mauritius,MUS,2009,41.912
Mauritius,MUS,2008,41.439
Mauritius,MUS,2007,40.492
Mauritius,MUS,2006,41.482
Mauritius,MUS,2005,41.199
Mauritius,MUS,2004,39.769
Mauritius,MUS,2003,41.132
Mauritius,MUS,2002,37.844
Mauritius,MUS,2001,36.231
Mauritius,MUS,2000,38.661
Mauritius,MUS,1999,38.706
Mauritius,MUS,1998,38.739
Mauritius,MUS,1997,38.746
Mauritius,MUS,1996,38.739
Mauritius,MUS,1995,38.735
Mauritius,MUS,1994,38.567
Mauritius,MUS,1993,38.41
Mauritius,MUS,1992,38.262
Mauritius,MUS,1991,38.12
Mauritius,MUS,1990,37.994
Mauritius,MUS,1989,
Mauritius,MUS,1988,
Mauritius,MUS,1987,
Mauritius,MUS,1986,
Mauritius,MUS,1985,
Mauritius,MUS,1984,
Mauritius,MUS,1983,
Mauritius,MUS,1982,
Mauritius,MUS,1981,
Mauritius,MUS,1980,
Mauritius,MUS,1979,
Mauritius,MUS,1978,
Mauritius,MUS,1977,
Mauritius,MUS,1976,
Mauritius,MUS,1975,
Mauritius,MUS,1974,
Mauritius,MUS,1973,
Mauritius,MUS,1972,
Mauritius,MUS,1971,
Mauritius,MUS,1970,
Mauritius,MUS,1969,
Mauritius,MUS,1968,
Mauritius,MUS,1967,
Mauritius,MUS,1966,
Mauritius,MUS,1965,
Mauritius,MUS,1964,
Mauritius,MUS,1963,
Mauritius,MUS,1962,
Mauritius,MUS,1961,
Mauritius,MUS,1960,
Mexico,MEX,2025,47.45
Mexico,MEX,2024,47.414
Mexico,MEX,2023,47.317
Mexico,MEX,2022,46.004
Mexico,MEX,2021,44.615
Mexico,MEX,2020,41.704
Mexico,MEX,2019,45.573
Mexico,MEX,2018,44.134
Mexico,MEX,2017,43.627
Mexico,MEX,2016,43.988
Mexico,MEX,2015,43.928
Mexico,MEX,2014,43.55
Mexico,MEX,2013,44.48
Mexico,MEX,2012,44.48
Mexico,MEX,2011,43.413
Mexico,MEX,2010,42.946
Mexico,MEX,2009,43.08
Mexico,MEX,2008,42.568
Mexico,MEX,2007,42.718
Mexico,MEX,2006,42.334
Mexico,MEX,2005,41.15
Mexico,MEX,2004,40.098
Mexico,MEX,2003,38.975
Mexico,MEX,2002,38.314
Mexico,MEX,2001,38.229
Mexico,MEX,2000,38.866
Mexico,MEX,1999,38.527
Mexico,MEX,1998,39.316
Mexico,MEX,1997,39.641
Mexico,MEX,1996,37.684
Mexico,MEX,1995,37.613
Mexico,MEX,1994,36.366
Mexico,MEX,1993,35.836
Mexico,MEX,1992,34.988
Mexico,MEX,1991,34.216
Mexico,MEX,1990,33.981
Mexico,MEX,1989,
Mexico,MEX,1988,
Mexico,MEX,1987,
Mexico,MEX,1986,
Mexico,MEX,1985,
Mexico,MEX,1984,
Mexico,MEX,1983,
Mexico,MEX,1982,
Mexico,MEX,1981,
Mexico,MEX,1980,
Mexico,MEX,1979,
Mexico,MEX,1978,
Mexico,MEX,1977,
Mexico,MEX,1976,
Mexico,MEX,1975,
Mexico,MEX,1974,
Mexico,MEX,1973,
Mexico,MEX,1972,
Mexico,MEX,1971,
Mexico,MEX,1970,
Mexico,MEX,1969,
Mexico,MEX,1968,
Mexico,MEX,1967,
Mexico,MEX,1966,
Mexico,MEX,1965,
Mexico,MEX,1964,
Mexico,MEX,1963,
Mexico,MEX,1962,
Mexico,MEX,1961,
Mexico,MEX,1960,
"Micronesia, Fed. Sts.",FSM,2025,
"Micronesia, Fed. Sts.",FSM,2024,
"Micronesia, Fed. Sts.",FSM,2023,
"Micronesia, Fed. Sts.",FSM,2022,
"Micronesia, Fed. Sts.",FSM,2021,
"Micronesia, Fed. Sts.",FSM,2020,
"Micronesia, Fed. Sts.",FSM,2019,
"Micronesia, Fed. Sts.",FSM,2018,
"Micronesia, Fed. Sts.",FSM,2017,
"Micronesia, Fed. Sts.",FSM,2016,
"Micronesia, Fed. Sts.",FSM,2015,
"Micronesia, Fed. Sts.",FSM,2014,
"Micronesia, Fed. Sts.",FSM,2013,
"Micronesia, Fed. Sts.",FSM,2012,
"Micronesia, Fed. Sts.",FSM,2011,
"Micronesia, Fed. Sts.",FSM,2010,
"Micronesia, Fed. Sts.",FSM,2009,
"Micronesia, Fed. Sts.",FSM,2008,
"Micronesia, Fed. Sts.",FSM,2007,
"Micronesia, Fed. Sts.",FSM,2006,
"Micronesia, Fed. Sts.",FSM,2005,
"Micronesia, Fed. Sts.",FSM,2004,
"Micronesia, Fed. Sts.",FSM,2003,
"Micronesia, Fed. Sts.",FSM,2002,
"Micronesia, Fed. Sts.",FSM,2001,
"Micronesia, Fed. Sts.",FSM,2000,
"Micronesia, Fed. Sts.",FSM,1999,
"Micronesia, Fed. Sts.",FSM,1998,
"Micronesia, Fed. Sts.",FSM,1997,
"Micronesia, Fed. Sts.",FSM,1996,
"Micronesia, Fed. Sts.",FSM,1995,
"Micronesia, Fed. Sts.",FSM,1994,
"Micronesia, Fed. Sts.",FSM,1993,
"Micronesia, Fed. Sts.",FSM,1992,
"Micronesia, Fed. Sts.",FSM,1991,
"Micronesia, Fed. Sts.",FSM,1990,
"Micronesia, Fed. Sts.",FSM,1989,
"Micronesia, Fed. Sts.",FSM,1988,
"Micronesia, Fed. Sts.",FSM,1987,
"Micronesia, Fed. Sts.",FSM,1986,
"Micronesia, Fed. Sts.",FSM,1985,
"Micronesia, Fed. Sts.",FSM,1984,
"Micronesia, Fed. Sts.",FSM,1983,
"Micronesia, Fed. Sts.",FSM,1982,
"Micronesia, Fed. Sts.",FSM,1981,
"Micronesia, Fed. Sts.",FSM,1980,
"Micronesia, Fed. Sts.",FSM,1979,
"Micronesia, Fed. Sts.",FSM,1978,
"Micronesia, Fed. Sts.",FSM,1977,
"Micronesia, Fed. Sts.",FSM,1976,
"Micronesia, Fed. Sts.",FSM,1975,
"Micronesia, Fed. Sts.",FSM,1974,
"Micronesia, Fed. Sts.",FSM,1973,
"Micronesia, Fed. Sts.",FSM,1972,
"Micronesia, Fed. Sts.",FSM,1971,
"Micronesia, Fed. Sts.",FSM,1970,
"Micronesia, Fed. Sts.",FSM,1969,
"Micronesia, Fed. Sts.",FSM,1968,
"Micronesia, Fed. Sts.",FSM,1967,
"Micronesia, Fed. Sts.",FSM,1966,
"Micronesia, Fed. Sts.",FSM,1965,
"Micronesia, Fed. Sts.",FSM,1964,
"Micronesia, Fed. Sts.",FSM,1963,
"Micronesia, Fed. Sts.",FSM,1962,
"Micronesia, Fed. Sts.",FSM,1961,
"Micronesia, Fed. Sts.",FSM,1960,
Moldova,MDA,2025,72.33
Moldova,MDA,2024,72.177
Moldova,MDA,2023,70.064
Moldova,MDA,2022,71.543
Moldova,MDA,2021,70.665
Moldova,MDA,2020,68.085
Moldova,MDA,2019,68.337
Moldova,MDA,2018,66.419
Moldova,MDA,2017,67.43
Moldova,MDA,2016,68.93
Moldova,MDA,2015,69.413
Moldova,MDA,2014,69.207
Moldova,MDA,2013,65.586
Moldova,MDA,2012,65.277
Moldova,MDA,2011,64.365
Moldova,MDA,2010,62.695
Moldova,MDA,2009,59.929
Moldova,MDA,2008,59.244
Moldova,MDA,2007,58.868
Moldova,MDA,2006,57.263
Moldova,MDA,2005,55.022
Moldova,MDA,2004,54.583
Moldova,MDA,2003,56.09
Moldova,MDA,2002,54.827
Moldova,MDA,2001,54.803
Moldova,MDA,2000,56.428
Moldova,MDA,1999,56.559
Moldova,MDA,1998,56.374
Moldova,MDA,1997,56.0
Moldova,MDA,1996,56.111
Moldova,MDA,1995,55.815
Moldova,MDA,1994,55.848
Moldova,MDA,1993,55.705
Moldova,MDA,1992,55.555
Moldova,MDA,1991,55.218
Moldova,MDA,1990,54.757
Moldova,MDA,1989,
Moldova,MDA,1988,
Moldova,MDA,1987,
Moldova,MDA,1986,
Moldova,MDA,1985,
Moldova,MDA,1984,
Moldova,MDA,1983,
Moldova,MDA,1982,
Moldova,MDA,1981,
Moldova,MDA,1980,
Moldova,MDA,1979,
Moldova,MDA,1978,
Moldova,MDA,1977,
Moldova,MDA,1976,
Moldova,MDA,1975,
Moldova,MDA,1974,
Moldova,MDA,1973,
Moldova,MDA,1972,
Moldova,MDA,1971,
Moldova,MDA,1970,
Moldova,MDA,1969,
Moldova,MDA,1968,
Moldova,MDA,1967,
Moldova,MDA,1966,
Moldova,MDA,1965,
Moldova,MDA,1964,
Moldova,MDA,1963,
Moldova,MDA,1962,
Moldova,MDA,1961,
Moldova,MDA,1960,
Monaco,MCO,2025,
Monaco,MCO,2024,
Monaco,MCO,2023,
Monaco,MCO,2022,
Monaco,MCO,2021,
Monaco,MCO,2020,
Monaco,MCO,2019,
Monaco,MCO,2018,
Monaco,MCO,2017,
Monaco,MCO,2016,
Monaco,MCO,2015,
Monaco,MCO,2014,
Monaco,MCO,2013,
Monaco,MCO,2012,
Monaco,MCO,2011,
Monaco,MCO,2010,
Monaco,MCO,2009,
Monaco,MCO,2008,
Monaco,MCO,2007,
Monaco,MCO,2006,
Monaco,MCO,2005,
Monaco,MCO,2004,
Monaco,MCO,2003,
Monaco,MCO,2002,
Monaco,MCO,2001,
Monaco,MCO,2000,
Monaco,MCO,1999,
Monaco,MCO,1998,
Monaco,MCO,1997,
Monaco,MCO,1996,
Monaco,MCO,1995,
Monaco,MCO,1994,
Monaco,MCO,1993,
Monaco,MCO,1992,
Monaco,MCO,1991,
Monaco,MCO,1990,
Monaco,MCO,1989,
Monaco,MCO,1988,
Monaco,MCO,1987,
Monaco,MCO,1986,
Monaco,MCO,1985,
Monaco,MCO,1984,
Monaco,MCO,1983,
Monaco,MCO,1982,
Monaco,MCO,1981,
Monaco,MCO,1980,
Monaco,MCO,1979,
Monaco,MCO,1978,
Monaco,MCO,1977,
Monaco,MCO,1976,
Monaco,MCO,1975,
Monaco,MCO,1974,
Monaco,MCO,1973,
Monaco,MCO,1972,
Monaco,MCO,1971,
Monaco,MCO,1970,
Monaco,MCO,1969,
Monaco,MCO,1968,
Monaco,MCO,1967,
Monaco,MCO,1966,
Monaco,MCO,1965,
Monaco,MCO,1964,
Monaco,MCO,1963,
Monaco,MCO,1962,
Monaco,MCO,1961,
Monaco,MCO,1960,
Mongolia,MNG,2025,51.458
Mongolia,MNG,2024,52.1
Mongolia,MNG,2023,52.467
Mongolia,MNG,2022,54.629
Mongolia,MNG,2021,53.158
Mongolia,MNG,2020,56.048
Mongolia,MNG,2019,57.902
Mongolia,MNG,2018,51.717
Mongolia,MNG,2017,52.687
Mongolia,MNG,2016,52.092
Mongolia,MNG,2015,53.429
Mongolia,MNG,2014,53.531
Mongolia,MNG,2013,53.647
Mongolia,MNG,2012,53.787
Mongolia,MNG,2011,53.903
Mongolia,MNG,2010,53.202
Mongolia,MNG,2009,53.541
Mongolia,MNG,2008,53.369
Mongolia,MNG,2007,54.032
Mongolia,MNG,2006,53.928
Mongolia,MNG,2005,53.887
Mongolia,MNG,2004,53.878
Mongolia,MNG,2003,53.946
Mongolia,MNG,2002,53.967
Mongolia,MNG,2001,53.93
Mongolia,MNG,2000,53.834
Mongolia,MNG,1999,53.654
Mongolia,MNG,1998,53.492
Mongolia,MNG,1997,53.335
Mongolia,MNG,1996,53.198
Mongolia,MNG,1995,53.016
Mongolia,MNG,1994,52.968
Mongolia,MNG,1993,52.803
Mongolia,MNG,1992,52.489
Mongolia,MNG,1991,51.968
Mongolia,MNG,1990,51.433
Mongolia,MNG,1989,
Mongolia,MNG,1988,
Mongolia,MNG,1987,
Mongolia,MNG,1986,
Mongolia,MNG,1985,
Mongolia,MNG,1984,
Mongolia,MNG,1983,
Mongolia,MNG,1982,
Mongolia,MNG,1981,
Mongolia,MNG,1980,
Mongolia,MNG,1979,
Mongolia,MNG,1978,
Mongolia,MNG,1977,
Mongolia,MNG,1976,
Mongolia,MNG,1975,
Mongolia,MNG,1974,
Mongolia,MNG,1973,
Mongolia,MNG,1972,
Mongolia,MNG,1971,
Mongolia,MNG,1970,
Mongolia,MNG,1969,
Mongolia,MNG,1968,
Mongolia,MNG,1967,
Mongolia,MNG,1966,
Mongolia,MNG,1965,
Mongolia,MNG,1964,
Mongolia,MNG,1963,
Mongolia,MNG,1962,
Mongolia,MNG,1961,
Mongolia,MNG,1960,
Montenegro,MNE,2025,51.246
Montenegro,MNE,2024,51.429
Montenegro,MNE,2023,51.777
Montenegro,MNE,2022,48.489
Montenegro,MNE,2021,41.433
Montenegro,MNE,2020,43.343
Montenegro,MNE,2019,46.888
Montenegro,MNE,2018,45.52
Montenegro,MNE,2017,45.296
Montenegro,MNE,2016,45.699
Montenegro,MNE,2015,46.123
Montenegro,MNE,2014,45.008
Montenegro,MNE,2013,42.866
Montenegro,MNE,2012,42.801
Montenegro,MNE,2011,41.589
Montenegro,MNE,2010,41.589
Montenegro,MNE,2009,41.62
Montenegro,MNE,2008,41.828
Montenegro,MNE,2007,41.693
Montenegro,MNE,2006,41.638
Montenegro,MNE,2005,41.711
Montenegro,MNE,2004,41.87
Montenegro,MNE,2003,42.081
Montenegro,MNE,2002,42.276
Montenegro,MNE,2001,42.402
Montenegro,MNE,2000,42.421
Montenegro,MNE,1999,42.493
Montenegro,MNE,1998,42.342
Montenegro,MNE,1997,42.493
Montenegro,MNE,1996,42.66
Montenegro,MNE,1995,42.905
Montenegro,MNE,1994,43.232
Montenegro,MNE,1993,43.554
Montenegro,MNE,1992,43.724
Montenegro,MNE,1991,43.81
Montenegro,MNE,1990,43.832
Montenegro,MNE,1989,
Montenegro,MNE,1988,
Montenegro,MNE,1987,
Montenegro,MNE,1986,
Montenegro,MNE,1985,
Montenegro,MNE,1984,
Montenegro,MNE,1983,
Montenegro,MNE,1982,
Montenegro,MNE,1981,
Montenegro,MNE,1980,
Montenegro,MNE,1979,
Montenegro,MNE,1978,
Montenegro,MNE,1977,
Montenegro,MNE,1976,
Montenegro,MNE,1975,
Montenegro,MNE,1974,
Montenegro,MNE,1973,
Montenegro,MNE,1972,
Montenegro,MNE,1971,
Montenegro,MNE,1970,
Montenegro,MNE,1969,
Montenegro,MNE,1968,
Montenegro,MNE,1967,
Montenegro,MNE,1966,
Montenegro,MNE,1965,
Montenegro,MNE,1964,
Montenegro,MNE,1963,
Montenegro,MNE,1962,
Montenegro,MNE,1961,
Montenegro,MNE,1960,
Morocco,MAR,2025,19.696
Morocco,MAR,2024,19.827
Morocco,MAR,2023,19.671
Morocco,MAR,2022,19.584
Morocco,MAR,2021,20.697
Morocco,MAR,2020,20.688
Morocco,MAR,2019,21.999
Morocco,MAR,2018,22.23
Morocco,MAR,2017,22.45
Morocco,MAR,2016,23.275
Morocco,MAR,2015,24.362
Morocco,MAR,2014,24.779
Morocco,MAR,2013,24.718
Morocco,MAR,2012,24.358
Morocco,MAR,2011,25.118
Morocco,MAR,2010,25.546
Morocco,MAR,2009,25.909
Morocco,MAR,2008,26.278
Morocco,MAR,2007,26.029
Morocco,MAR,2006,25.784
Morocco,MAR,2005,25.54
Morocco,MAR,2004,25.293
Morocco,MAR,2003,25.041
Morocco,MAR,2002,24.788
Morocco,MAR,2001,25.365
Morocco,MAR,2000,24.934
Morocco,MAR,1999,24.753
Morocco,MAR,1998,24.618
Morocco,MAR,1997,24.2
Morocco,MAR,1996,24.236
Morocco,MAR,1995,23.557
Morocco,MAR,1994,23.8
Morocco,MAR,1993,23.177
Morocco,MAR,1992,23.163
Morocco,MAR,1991,23.234
Morocco,MAR,1990,22.819
Morocco,MAR,1989,
Morocco,MAR,1988,
Morocco,MAR,1987,
Morocco,MAR,1986,
Morocco,MAR,1985,
Morocco,MAR,1984,
Morocco,MAR,1983,
Morocco,MAR,1982,
Morocco,MAR,1981,
Morocco,MAR,1980,
Morocco,MAR,1979,
Morocco,MAR,1978,
Morocco,MAR,1977,
Morocco,MAR,1976,
Morocco,MAR,1975,
Morocco,MAR,1974,
Morocco,MAR,1973,
Morocco,MAR,1972,
Morocco,MAR,1971,
Morocco,MAR,1970,
Morocco,MAR,1969,
Morocco,MAR,1968,
Morocco,MAR,1967,
Morocco,MAR,1966,
Morocco,MAR,1965,
Morocco,MAR,1964,
Morocco,MAR,1963,
Morocco,MAR,1962,
Morocco,MAR,1961,
Morocco,MAR,1960,
Mozambique,MOZ,2025,77.09
Mozambique,MOZ,2024,77.206
Mozambique,MOZ,2023,77.269
Mozambique,MOZ,2022,77.198
Mozambique,MOZ,2021,76.785
Mozambique,MOZ,2020,76.87
Mozambique,MOZ,2019,77.735
Mozambique,MOZ,2018,77.84
Mozambique,MOZ,2017,77.942
Mozambique,MOZ,2016,78.041
Mozambique,MOZ,2015,78.143
Mozambique,MOZ,2014,79.107
Mozambique,MOZ,2013,80.04
Mozambique,MOZ,2012,80.944
Mozambique,MOZ,2011,81.819
Mozambique,MOZ,2010,82.665
Mozambique,MOZ,2009,83.482
Mozambique,MOZ,2008,84.273
Mozambique,MOZ,2007,85.036
Mozambique,MOZ,2006,85.772
Mozambique,MOZ,2005,86.481
Mozambique,MOZ,2004,87.166
Mozambique,MOZ,2003,87.825
Mozambique,MOZ,2002,87.691
Mozambique,MOZ,2001,87.558
Mozambique,MOZ,2000,87.427
Mozambique,MOZ,1999,87.296
Mozambique,MOZ,1998,87.165
Mozambique,MOZ,1997,87.035
Mozambique,MOZ,1996,87.024
Mozambique,MOZ,1995,86.972
Mozambique,MOZ,1994,86.914
Mozambique,MOZ,1993,86.864
Mozambique,MOZ,1992,86.831
Mozambique,MOZ,1991,86.813
Mozambique,MOZ,1990,86.794
Mozambique,MOZ,1989,
Mozambique,MOZ,1988,
Mozambique,MOZ,1987,
Mozambique,MOZ,1986,
Mozambique,MOZ,1985,
Mozambique,MOZ,1984,
Mozambique,MOZ,1983,
Mozambique,MOZ,1982,
Mozambique,MOZ,1981,
Mozambique,MOZ,1980,
Mozambique,MOZ,1979,
Mozambique,MOZ,1978,
Mozambique,MOZ,1977,
Mozambique,MOZ,1976,
Mozambique,MOZ,1975,
Mozambique,MOZ,1974,
Mozambique,MOZ,1973,
Mozambique,MOZ,1972,
Mozambique,MOZ,1971,
Mozambique,MOZ,1970,
Mozambique,MOZ,1969,
Mozambique,MOZ,1968,
Mozambique,MOZ,1967,
Mozambique,MOZ,1966,
Mozambique,MOZ,1965,
Mozambique,MOZ,1964,
Mozambique,MOZ,1963,
Mozambique,MOZ,1962,
Mozambique,MOZ,1961,
Mozambique,MOZ,1960,
Myanmar,MMR,2025,40.941
Myanmar,MMR,2024,40.959
Myanmar,MMR,2023,41.051
Myanmar,MMR,2022,41.071
Myanmar,MMR,2021,41.042
Myanmar,MMR,2020,44.726
Myanmar,MMR,2019,46.289
Myanmar,MMR,2018,48.438
Myanmar,MMR,2017,47.659
Myanmar,MMR,2016,49.229
Myanmar,MMR,2015,50.799
Myanmar,MMR,2014,50.951
Myanmar,MMR,2013,51.14
Myanmar,MMR,2012,51.346
Myanmar,MMR,2011,51.532
Myanmar,MMR,2010,51.675
Myanmar,MMR,2009,51.95
Myanmar,MMR,2008,52.281
Myanmar,MMR,2007,52.622
Myanmar,MMR,2006,53.031
Myanmar,MMR,2005,53.504
Myanmar,MMR,2004,54.022
Myanmar,MMR,2003,54.568
Myanmar,MMR,2002,55.154
Myanmar,MMR,2001,55.683
Myanmar,MMR,2000,56.2
Myanmar,MMR,1999,56.857
Myanmar,MMR,1998,57.393
Myanmar,MMR,1997,57.658
Myanmar,MMR,1996,57.914
Myanmar,MMR,1995,58.22
Myanmar,MMR,1994,58.562
Myanmar,MMR,1993,58.943
Myanmar,MMR,1992,59.24
Myanmar,MMR,1991,59.769
Myanmar,MMR,1990,59.627
Myanmar,MMR,1989,
Myanmar,MMR,1988,
Myanmar,MMR,1987,
Myanmar,MMR,1986,
Myanmar,MMR,1985,
Myanmar,MMR,1984,
Myanmar,MMR,1983,
Myanmar,MMR,1982,
Myanmar,MMR,1981,
Myanmar,MMR,1980,
Myanmar,MMR,1979,
Myanmar,MMR,1978,
Myanmar,MMR,1977,
Myanmar,MMR,1976,
Myanmar,MMR,1975,
Myanmar,MMR,1974,
Myanmar,MMR,1973,
Myanmar,MMR,1972,
Myanmar,MMR,1971,
Myanmar,MMR,1970,
Myanmar,MMR,1969,
Myanmar,MMR,1968,
Myanmar,MMR,1967,
Myanmar,MMR,1966,
Myanmar,MMR,1965,
Myanmar,MMR,1964,
Myanmar,MMR,1963,
Myanmar,MMR,1962,
Myanmar,MMR,1961,
Myanmar,MMR,1960,
Namibia,NAM,2025,54.918
Namibia,NAM,2024,54.911
Namibia,NAM,2023,54.828
Namibia,NAM,2022,54.735
Namibia,NAM,2021,53.111
Namibia,NAM,2020,52.45
Namibia,NAM,2019,55.322
Namibia,NAM,2018,55.388
Namibia,NAM,2017,55.436
Namibia,NAM,2016,55.497
Namibia,NAM,2015,56.351
Namibia,NAM,2014,57.204
Namibia,NAM,2013,58.57
Namibia,NAM,2012,53.096
Namibia,NAM,2011,52.612
Namibia,NAM,2010,52.125
Namibia,NAM,2009,51.637
Namibia,NAM,2008,51.149
Namibia,NAM,2007,50.661
Namibia,NAM,2006,50.174
Namibia,NAM,2005,49.688
Namibia,NAM,2004,49.202
Namibia,NAM,2003,48.717
Namibia,NAM,2002,48.233
Namibia,NAM,2001,47.749
Namibia,NAM,2000,47.264
Namibia,NAM,1999,47.134
Namibia,NAM,1998,47.005
Namibia,NAM,1997,46.878
Namibia,NAM,1996,47.333
Namibia,NAM,1995,47.789
Namibia,NAM,1994,48.245
Namibia,NAM,1993,48.237
Namibia,NAM,1992,48.232
Namibia,NAM,1991,48.232
Namibia,NAM,1990,48.217
Namibia,NAM,1989,
Namibia,NAM,1988,
Namibia,NAM,1987,
Namibia,NAM,1986,
Namibia,NAM,1985,
Namibia,NAM,1984,
Namibia,NAM,1983,
Namibia,NAM,1982,
Namibia,NAM,1981,
Namibia,NAM,1980,
Namibia,NAM,1979,
Namibia,NAM,1978,
Namibia,NAM,1977,
Namibia,NAM,1976,
Namibia,NAM,1975,
Namibia,NAM,1974,
Namibia,NAM,1973,
Namibia,NAM,1972,
Namibia,NAM,1971,
Namibia,NAM,1970,
Namibia,NAM,1969,
Namibia,NAM,1968,
Namibia,NAM,1967,
Namibia,NAM,1966,
Namibia,NAM,1965,
Namibia,NAM,1964,
Namibia,NAM,1963,
Namibia,NAM,1962,
Namibia,NAM,1961,
Namibia,NAM,1960,
Nauru,NRU,2025,
Nauru,NRU,2024,
Nauru,NRU,2023,
Nauru,NRU,2022,
Nauru,NRU,2021,
Nauru,NRU,2020,
Nauru,NRU,2019,
Nauru,NRU,2018,
Nauru,NRU,2017,
Nauru,NRU,2016,
Nauru,NRU,2015,
Nauru,NRU,2014,
Nauru,NRU,2013,
Nauru,NRU,2012,
Nauru,NRU,2011,
Nauru,NRU,2010,
Nauru,NRU,2009,
Nauru,NRU,2008,
Nauru,NRU,2007,
Nauru,NRU,2006,
Nauru,NRU,2005,
Nauru,NRU,2004,
Nauru,NRU,2003,
Nauru,NRU,2002,
Nauru,NRU,2001,
Nauru,NRU,2000,
Nauru,NRU,1999,
Nauru,NRU,1998,
Nauru,NRU,1997,
Nauru,NRU,1996,
Nauru,NRU,1995,
Nauru,NRU,1994,
Nauru,NRU,1993,
Nauru,NRU,1992,
Nauru,NRU,1991,
Nauru,NRU,1990,
Nauru,NRU,1989,
Nauru,NRU,1988,
Nauru,NRU,1987,
Nauru,NRU,1986,
Nauru,NRU,1985,
Nauru,NRU,1984,
Nauru,NRU,1983,
Nauru,NRU,1982,
Nauru,NRU,1981,
Nauru,NRU,1980,
Nauru,NRU,1979,
Nauru,NRU,1978,
Nauru,NRU,1977,
Nauru,NRU,1976,
Nauru,NRU,1975,
Nauru,NRU,1974,
Nauru,NRU,1973,
Nauru,NRU,1972,
Nauru,NRU,1971,
Nauru,NRU,1970,
Nauru,NRU,1969,
Nauru,NRU,1968,
Nauru,NRU,1967,
Nauru,NRU,1966,
Nauru,NRU,1965,
Nauru,NRU,1964,
Nauru,NRU,1963,
Nauru,NRU,1962,
Nauru,NRU,1961,
Nauru,NRU,1960,
Nepal,NPL,2025,27.473
Nepal,NPL,2024,27.378
Nepal,NPL,2023,27.302
Nepal,NPL,2022,27.24
Nepal,NPL,2021,27.256
Nepal,NPL,2020,27.209
Nepal,NPL,2019,27.537
Nepal,NPL,2018,27.628
Nepal,NPL,2017,27.53
Nepal,NPL,2016,27.346
Nepal,NPL,2015,27.006
Nepal,NPL,2014,26.575
Nepal,NPL,2013,26.161
Nepal,NPL,2012,25.73
Nepal,NPL,2011,25.22
Nepal,NPL,2010,24.652
Nepal,NPL,2009,24.107
Nepal,NPL,2008,23.611
Nepal,NPL,2007,23.184
Nepal,NPL,2006,22.826
Nepal,NPL,2005,22.502
Nepal,NPL,2004,22.211
Nepal,NPL,2003,21.954
Nepal,NPL,2002,21.723
Nepal,NPL,2001,21.497
Nepal,NPL,2000,21.283
Nepal,NPL,1999,21.106
Nepal,NPL,1998,20.951
Nepal,NPL,1997,20.84
Nepal,NPL,1996,20.794
Nepal,NPL,1995,20.814
Nepal,NPL,1994,20.839
Nepal,NPL,1993,20.847
Nepal,NPL,1992,20.791
Nepal,NPL,1991,20.689
Nepal,NPL,1990,20.63
Nepal,NPL,1989,
Nepal,NPL,1988,
Nepal,NPL,1987,
Nepal,NPL,1986,
Nepal,NPL,1985,
Nepal,NPL,1984,
Nepal,NPL,1983,
Nepal,NPL,1982,
Nepal,NPL,1981,
Nepal,NPL,1980,
Nepal,NPL,1979,
Nepal,NPL,1978,
Nepal,NPL,1977,
Nepal,NPL,1976,
Nepal,NPL,1975,
Nepal,NPL,1974,
Nepal,NPL,1973,
Nepal,NPL,1972,
Nepal,NPL,1971,
Nepal,NPL,1970,
Nepal,NPL,1969,
Nepal,NPL,1968,
Nepal,NPL,1967,
Nepal,NPL,1966,
Nepal,NPL,1965,
Nepal,NPL,1964,
Nepal,NPL,1963,
Nepal,NPL,1962,
Nepal,NPL,1961,
Nepal,NPL,1960,
Netherlands,NLD,2025,62.71
Netherlands,NLD,2024,62.882
Netherlands,NLD,2023,63.079
Netherlands,NLD,2022,62.565
Netherlands,NLD,2021,61.894
Netherlands,NLD,2020,61.776
Netherlands,NLD,2019,61.656
Netherlands,NLD,2018,61.139
Netherlands,NLD,2017,60.887
Netherlands,NLD,2016,60.816
Netherlands,NLD,2015,60.755
Netherlands,NLD,2014,60.271
Netherlands,NLD,2013,61.038
Netherlands,NLD,2012,61.08
Netherlands,NLD,2011,60.534
Netherlands,NLD,2010,60.276
Netherlands,NLD,2009,60.136
Netherlands,NLD,2008,60.233
Netherlands,NLD,2007,59.953
Netherlands,NLD,2006,59.755
Netherlands,NLD,2005,59.523
Netherlands,NLD,2004,59.759
Netherlands,NLD,2003,59.915
Netherlands,NLD,2002,59.843
Netherlands,NLD,2001,59.537
Netherlands,NLD,2000,58.952
Netherlands,NLD,1999,58.288
Netherlands,NLD,1998,57.667
Netherlands,NLD,1997,57.214
Netherlands,NLD,1996,56.787
Netherlands,NLD,1995,56.429
Netherlands,NLD,1994,56.465
Netherlands,NLD,1993,56.342
Netherlands,NLD,1992,56.13
Netherlands,NLD,1991,55.609
Netherlands,NLD,1990,55.163
Netherlands,NLD,1989,
Netherlands,NLD,1988,
Netherlands,NLD,1987,
Netherlands,NLD,1986,
Netherlands,NLD,1985,
Netherlands,NLD,1984,
Netherlands,NLD,1983,
Netherlands,NLD,1982,
Netherlands,NLD,1981,
Netherlands,NLD,1980,
Netherlands,NLD,1979,
Netherlands,NLD,1978,
Netherlands,NLD,1977,
Netherlands,NLD,1976,
Netherlands,NLD,1975,
Netherlands,NLD,1974,
Netherlands,NLD,1973,
Netherlands,NLD,1972,
Netherlands,NLD,1971,
Netherlands,NLD,1970,
Netherlands,NLD,1969,
Netherlands,NLD,1968,
Netherlands,NLD,1967,
Netherlands,NLD,1966,
Netherlands,NLD,1965,
Netherlands,NLD,1964,
Netherlands,NLD,1963,
Netherlands,NLD,1962,
Netherlands,NLD,1961,
Netherlands,NLD,1960,
New Caledonia,NCL,2025,51.067
New Caledonia,NCL,2024,51.608
New Caledonia,NCL,2023,52.221
New Caledonia,NCL,2022,52.586
New Caledonia,NCL,2021,52.953
New Caledonia,NCL,2020,53.377
New Caledonia,NCL,2019,53.254
New Caledonia,NCL,2018,54.368
New Caledonia,NCL,2017,55.488
New Caledonia,NCL,2016,56.622
New Caledonia,NCL,2015,57.768
New Caledonia,NCL,2014,58.874
New Caledonia,NCL,2013,59.065
New Caledonia,NCL,2012,59.156
New Caledonia,NCL,2011,59.239
New Caledonia,NCL,2010,59.168
New Caledonia,NCL,2009,58.928
New Caledonia,NCL,2008,59.019
New Caledonia,NCL,2007,59.166
New Caledonia,NCL,2006,59.12
New Caledonia,NCL,2005,59.013
New Caledonia,NCL,2004,59.031
New Caledonia,NCL,2003,59.06
New Caledonia,NCL,2002,59.079
New Caledonia,NCL,2001,59.158
New Caledonia,NCL,2000,59.295
New Caledonia,NCL,1999,59.308
New Caledonia,NCL,1998,59.402
New Caledonia,NCL,1997,59.821
New Caledonia,NCL,1996,59.758
New Caledonia,NCL,1995,59.78
New Caledonia,NCL,1994,59.389
New Caledonia,NCL,1993,59.253
New Caledonia,NCL,1992,59.264
New Caledonia,NCL,1991,59.279
New Caledonia,NCL,1990,59.016
New Caledonia,NCL,1989,
New Caledonia,NCL,1988,
New Caledonia,NCL,1987,
New Caledonia,NCL,1986,
New Caledonia,NCL,1985,
New Caledonia,NCL,1984,
New Caledonia,NCL,1983,
New Caledonia,NCL,1982,
New Caledonia,NCL,1981,
New Caledonia,NCL,1980,
New Caledonia,NCL,1979,
New Caledonia,NCL,1978,
New Caledonia,NCL,1977,
New Caledonia,NCL,1976,
New Caledonia,NCL,1975,
New Caledonia,NCL,1974,
New Caledonia,NCL,1973,
New Caledonia,NCL,1972,
New Caledonia,NCL,1971,
New Caledonia,NCL,1970,
New Caledonia,NCL,1969,
New Caledonia,NCL,1968,
New Caledonia,NCL,1967,
New Caledonia,NCL,1966,
New Caledonia,NCL,1965,
New Caledonia,NCL,1964,
New Caledonia,NCL,1963,
New Caledonia,NCL,1962,
New Caledonia,NCL,1961,
New Caledonia,NCL,1960,
New Zealand,NZL,2025,66.077
New Zealand,NZL,2024,66.255
New Zealand,NZL,2023,66.922
New Zealand,NZL,2022,66.366
New Zealand,NZL,2021,65.596
New Zealand,NZL,2020,64.693
New Zealand,NZL,2019,65.314
New Zealand,NZL,2018,65.221
New Zealand,NZL,2017,64.928
New Zealand,NZL,2016,64.048
New Zealand,NZL,2015,62.855
New Zealand,NZL,2014,62.829
New Zealand,NZL,2013,61.923
New Zealand,NZL,2012,62.023
New Zealand,NZL,2011,61.873
New Zealand,NZL,2010,61.387
New Zealand,NZL,2009,61.519
New Zealand,NZL,2008,61.45
New Zealand,NZL,2007,61.148
New Zealand,NZL,2006,60.655
New Zealand,NZL,2005,60.095
New Zealand,NZL,2004,59.107
New Zealand,NZL,2003,58.614
New Zealand,NZL,2002,58.305
New Zealand,NZL,2001,57.605
New Zealand,NZL,2000,56.721
New Zealand,NZL,1999,56.624
New Zealand,NZL,1998,56.304
New Zealand,NZL,1997,56.404
New Zealand,NZL,1996,56.512
New Zealand,NZL,1995,55.188
New Zealand,NZL,1994,54.42
New Zealand,NZL,1993,53.291
New Zealand,NZL,1992,53.383
New Zealand,NZL,1991,53.666
New Zealand,NZL,1990,53.354
New Zealand,NZL,1989,
New Zealand,NZL,1988,
New Zealand,NZL,1987,
New Zealand,NZL,1986,
New Zealand,NZL,1985,
New Zealand,NZL,1984,
New Zealand,NZL,1983,
New Zealand,NZL,1982,
New Zealand,NZL,1981,
New Zealand,NZL,1980,
New Zealand,NZL,1979,
New Zealand,NZL,1978,
New Zealand,NZL,1977,
New Zealand,NZL,1976,
New Zealand,NZL,1975,
New Zealand,NZL,1974,
New Zealand,NZL,1973,
New Zealand,NZL,1972,
New Zealand,NZL,1971,
New Zealand,NZL,1970,
New Zealand,NZL,1969,
New Zealand,NZL,1968,
New Zealand,NZL,1967,
New Zealand,NZL,1966,
New Zealand,NZL,1965,
New Zealand,NZL,1964,
New Zealand,NZL,1963,
New Zealand,NZL,1962,
New Zealand,NZL,1961,
New Zealand,NZL,1960,
Nicaragua,NIC,2025,51.253
Nicaragua,NIC,2024,51.082
Nicaragua,NIC,2023,50.728
Nicaragua,NIC,2022,50.144
Nicaragua,NIC,2021,49.078
Nicaragua,NIC,2020,48.119
Nicaragua,NIC,2019,48.634
Nicaragua,NIC,2018,48.852
Nicaragua,NIC,2017,49.116
Nicaragua,NIC,2016,48.728
Nicaragua,NIC,2015,48.342
Nicaragua,NIC,2014,47.937
Nicaragua,NIC,2013,47.063
Nicaragua,NIC,2012,46.189
Nicaragua,NIC,2011,45.316
Nicaragua,NIC,2010,44.445
Nicaragua,NIC,2009,43.576
Nicaragua,NIC,2008,42.708
Nicaragua,NIC,2007,41.843
Nicaragua,NIC,2006,40.979
Nicaragua,NIC,2005,40.118
Nicaragua,NIC,2004,39.261
Nicaragua,NIC,2003,38.409
Nicaragua,NIC,2002,37.562
Nicaragua,NIC,2001,36.72
Nicaragua,NIC,2000,35.885
Nicaragua,NIC,1999,35.058
Nicaragua,NIC,1998,34.241
Nicaragua,NIC,1997,33.963
Nicaragua,NIC,1996,33.694
Nicaragua,NIC,1995,33.388
Nicaragua,NIC,1994,33.025
Nicaragua,NIC,1993,32.839
Nicaragua,NIC,1992,32.909
Nicaragua,NIC,1991,32.942
Nicaragua,NIC,1990,33.026
Nicaragua,NIC,1989,
Nicaragua,NIC,1988,
Nicaragua,NIC,1987,
Nicaragua,NIC,1986,
Nicaragua,NIC,1985,
Nicaragua,NIC,1984,
Nicaragua,NIC,1983,
Nicaragua,NIC,1982,
Nicaragua,NIC,1981,
Nicaragua,NIC,1980,
Nicaragua,NIC,1979,
Nicaragua,NIC,1978,
Nicaragua,NIC,1977,
Nicaragua,NIC,1976,
Nicaragua,NIC,1975,
Nicaragua,NIC,1974,
Nicaragua,NIC,1973,
Nicaragua,NIC,1972,
Nicaragua,NIC,1971,
Nicaragua,NIC,1970,
Nicaragua,NIC,1969,
Nicaragua,NIC,1968,
Nicaragua,NIC,1967,
Nicaragua,NIC,1966,
Nicaragua,NIC,1965,
Nicaragua,NIC,1964,
Nicaragua,NIC,1963,
Nicaragua,NIC,1962,
Nicaragua,NIC,1961,
Nicaragua,NIC,1960,
Niger,NER,2025,72.776
Niger,NER,2024,72.787
Niger,NER,2023,72.501
Niger,NER,2022,72.608
Niger,NER,2021,67.799
Niger,NER,2020,63.669
Niger,NER,2019,60.214
Niger,NER,2018,60.589
Niger,NER,2017,60.962
Niger,NER,2016,61.334
Niger,NER,2015,61.705
Niger,NER,2014,62.074
Niger,NER,2013,64.262
Niger,NER,2012,66.419
Niger,NER,2011,68.533
Niger,NER,2010,68.551
Niger,NER,2009,68.578
Niger,NER,2008,68.612
Niger,NER,2007,68.652
Niger,NER,2006,68.697
Niger,NER,2005,68.746
Niger,NER,2004,68.798
Niger,NER,2003,68.852
Niger,NER,2002,68.906
Niger,NER,2001,68.958
Niger,NER,2000,69.009
Niger,NER,1999,69.057
Niger,NER,1998,69.102
Niger,NER,1997,69.141
Niger,NER,1996,69.174
Niger,NER,1995,69.194
Niger,NER,1994,69.206
Niger,NER,1993,69.215
Niger,NER,1992,69.223
Niger,NER,1991,69.231
Niger,NER,1990,69.238
Niger,NER,1989,
Niger,NER,1988,
Niger,NER,1987,
Niger,NER,1986,
Niger,NER,1985,
Niger,NER,1984,
Niger,NER,1983,
Niger,NER,1982,
Niger,NER,1981,
Niger,NER,1980,
Niger,NER,1979,
Niger,NER,1978,
Niger,NER,1977,
Niger,NER,1976,
Niger,NER,1975,
Niger,NER,1974,
Niger,NER,1973,
Niger,NER,1972,
Niger,NER,1971,
Niger,NER,1970,
Niger,NER,1969,
Niger,NER,1968,
Niger,NER,1967,
Niger,NER,1966,
Niger,NER,1965,
Niger,NER,1964,
Niger,NER,1963,
Niger,NER,1962,
Niger,NER,1961,
Niger,NER,1960,
Nigeria,NGA,2025,80.7
Nigeria,NGA,2024,80.714
Nigeria,NGA,2023,80.693
Nigeria,NGA,2022,76.927
Nigeria,NGA,2021,75.893
Nigeria,NGA,2020,74.894
Nigeria,NGA,2019,76.597
Nigeria,NGA,2018,76.355
Nigeria,NGA,2017,76.156
Nigeria,NGA,2016,75.887
Nigeria,NGA,2015,75.759
Nigeria,NGA,2014,75.662
Nigeria,NGA,2013,75.766
Nigeria,NGA,2012,75.916
Nigeria,NGA,2011,75.937
Nigeria,NGA,2010,76.357
Nigeria,NGA,2009,76.452
Nigeria,NGA,2008,76.59
Nigeria,NGA,2007,76.71
Nigeria,NGA,2006,76.729
Nigeria,NGA,2005,76.755
Nigeria,NGA,2004,76.993
Nigeria,NGA,2003,77.134
Nigeria,NGA,2002,77.38
Nigeria,NGA,2001,77.4
Nigeria,NGA,2000,77.553
Nigeria,NGA,1999,77.628
Nigeria,NGA,1998,77.553
Nigeria,NGA,1997,77.624
Nigeria,NGA,1996,77.554
Nigeria,NGA,1995,77.721
Nigeria,NGA,1994,77.541
Nigeria,NGA,1993,76.759
Nigeria,NGA,1992,76.264
Nigeria,NGA,1991,75.406
Nigeria,NGA,1990,74.633
Nigeria,NGA,1989,
Nigeria,NGA,1988,
Nigeria,NGA,1987,
Nigeria,NGA,1986,
Nigeria,NGA,1985,
Nigeria,NGA,1984,
Nigeria,NGA,1983,
Nigeria,NGA,1982,
Nigeria,NGA,1981,
Nigeria,NGA,1980,
Nigeria,NGA,1979,
Nigeria,NGA,1978,
Nigeria,NGA,1977,
Nigeria,NGA,1976,
Nigeria,NGA,1975,
Nigeria,NGA,1974,
Nigeria,NGA,1973,
Nigeria,NGA,1972,
Nigeria,NGA,1971,
Nigeria,NGA,1970,
Nigeria,NGA,1969,
Nigeria,NGA,1968,
Nigeria,NGA,1967,
Nigeria,NGA,1966,
Nigeria,NGA,1965,
Nigeria,NGA,1964,
Nigeria,NGA,1963,
Nigeria,NGA,1962,
Nigeria,NGA,1961,
Nigeria,NGA,1960,
North Macedonia,MKD,2025,42.742
North Macedonia,MKD,2024,42.884
North Macedonia,MKD,2023,42.158
North Macedonia,MKD,2022,42.206
North Macedonia,MKD,2021,40.931
North Macedonia,MKD,2020,41.861
North Macedonia,MKD,2019,42.856
North Macedonia,MKD,2018,41.277
North Macedonia,MKD,2017,41.241
North Macedonia,MKD,2016,41.114
North Macedonia,MKD,2015,42.307
North Macedonia,MKD,2014,42.995
North Macedonia,MKD,2013,43.551
North Macedonia,MKD,2012,42.408
North Macedonia,MKD,2011,42.815
North Macedonia,MKD,2010,40.714
North Macedonia,MKD,2009,42.205
North Macedonia,MKD,2008,42.32
North Macedonia,MKD,2007,42.73
North Macedonia,MKD,2006,41.555
North Macedonia,MKD,2005,42.567
North Macedonia,MKD,2004,42.49
North Macedonia,MKD,2003,42.44
North Macedonia,MKD,2002,41.436
North Macedonia,MKD,2001,41.163
North Macedonia,MKD,2000,40.873
North Macedonia,MKD,1999,40.275
North Macedonia,MKD,1998,40.89
North Macedonia,MKD,1997,41.528
North Macedonia,MKD,1996,42.15
North Macedonia,MKD,1995,42.736
North Macedonia,MKD,1994,43.369
North Macedonia,MKD,1993,44.089
North Macedonia,MKD,1992,44.866
North Macedonia,MKD,1991,45.666
North Macedonia,MKD,1990,45.469
North Macedonia,MKD,1989,
North Macedonia,MKD,1988,
North Macedonia,MKD,1987,
North Macedonia,MKD,1986,
North Macedonia,MKD,1985,
North Macedonia,MKD,1984,
North Macedonia,MKD,1983,
North Macedonia,MKD,1982,
North Macedonia,MKD,1981,
North Macedonia,MKD,1980,
North Macedonia,MKD,1979,
North Macedonia,MKD,1978,
North Macedonia,MKD,1977,
North Macedonia,MKD,1976,
North Macedonia,MKD,1975,
North Macedonia,MKD,1974,
North Macedonia,MKD,1973,
North Macedonia,MKD,1972,
North Macedonia,MKD,1971,
North Macedonia,MKD,1970,
North Macedonia,MKD,1969,
North Macedonia,MKD,1968,
North Macedonia,MKD,1967,
North Macedonia,MKD,1966,
North Macedonia,MKD,1965,
North Macedonia,MKD,1964,
North Macedonia,MKD,1963,
North Macedonia,MKD,1962,
North Macedonia,MKD,1961,
North Macedonia,MKD,1960,
Northern Mariana Islands,MNP,2025,
Northern Mariana Islands,MNP,2024,
Northern Mariana Islands,MNP,2023,
Northern Mariana Islands,MNP,2022,
Northern Mariana Islands,MNP,2021,
Northern Mariana Islands,MNP,2020,
Northern Mariana Islands,MNP,2019,
Northern Mariana Islands,MNP,2018,
Northern Mariana Islands,MNP,2017,
Northern Mariana Islands,MNP,2016,
Northern Mariana Islands,MNP,2015,
Northern Mariana Islands,MNP,2014,
Northern Mariana Islands,MNP,2013,
Northern Mariana Islands,MNP,2012,
Northern Mariana Islands,MNP,2011,
Northern Mariana Islands,MNP,2010,
Northern Mariana Islands,MNP,2009,
Northern Mariana Islands,MNP,2008,
Northern Mariana Islands,MNP,2007,
Northern Mariana Islands,MNP,2006,
Northern Mariana Islands,MNP,2005,
Northern Mariana Islands,MNP,2004,
Northern Mariana Islands,MNP,2003,
Northern Mariana Islands,MNP,2002,
Northern Mariana Islands,MNP,2001,
Northern Mariana Islands,MNP,2000,
Northern Mariana Islands,MNP,1999,
Northern Mariana Islands,MNP,1998,
Northern Mariana Islands,MNP,1997,
Northern Mariana Islands,MNP,1996,
Northern Mariana Islands,MNP,1995,
Northern Mariana Islands,MNP,1994,
Northern Mariana Islands,MNP,1993,
Northern Mariana Islands,MNP,1992,
Northern Mariana Islands,MNP,1991,
Northern Mariana Islands,MNP,1990,
Northern Mariana Islands,MNP,1989,
Northern Mariana Islands,MNP,1988,
Northern Mariana Islands,MNP,1987,
Northern Mariana Islands,MNP,1986,
Northern Mariana Islands,MNP,1985,
Northern Mariana Islands,MNP,1984,
Northern Mariana Islands,MNP,1983,
Northern Mariana Islands,MNP,1982,
Northern Mariana Islands,MNP,1981,
Northern Mariana Islands,MNP,1980,
Northern Mariana Islands,MNP,1979,
Northern Mariana Islands,MNP,1978,
Northern Mariana Islands,MNP,1977,
Northern Mariana Islands,MNP,1976,
Northern Mariana Islands,MNP,1975,
Northern Mariana Islands,MNP,1974,
Northern Mariana Islands,MNP,1973,
Northern Mariana Islands,MNP,1972,
Northern Mariana Islands,MNP,1971,
Northern Mariana Islands,MNP,1970,
Northern Mariana Islands,MNP,1969,
Northern Mariana Islands,MNP,1968,
Northern Mariana Islands,MNP,1967,
Northern Mariana Islands,MNP,1966,
Northern Mariana Islands,MNP,1965,
Northern Mariana Islands,MNP,1964,
Northern Mariana Islands,MNP,1963,
Northern Mariana Islands,MNP,1962,
Northern Mariana Islands,MNP,1961,
Northern Mariana Islands,MNP,1960,
Norway,NOR,2025,62.086
Norway,NOR,2024,62.292
Norway,NOR,2023,62.371
Norway,NOR,2022,62.358
Norway,NOR,2021,62.182
Norway,NOR,2020,62.481
Norway,NOR,2019,62.64
Norway,NOR,2018,62.625
Norway,NOR,2017,62.638
Norway,NOR,2016,62.972
Norway,NOR,2015,63.205
Norway,NOR,2014,63.176
Norway,NOR,2013,63.593
Norway,NOR,2012,63.542
Norway,NOR,2011,63.764
Norway,NOR,2010,63.773
Norway,NOR,2009,64.319
Norway,NOR,2008,64.55
Norway,NOR,2007,64.497
Norway,NOR,2006,64.012
Norway,NOR,2005,63.318
Norway,NOR,2004,63.079
Norway,NOR,2003,62.565
Norway,NOR,2002,62.262
Norway,NOR,2001,61.699
Norway,NOR,2000,61.266
Norway,NOR,1999,60.578
Norway,NOR,1998,59.561
Norway,NOR,1997,58.543
Norway,NOR,1996,57.433
Norway,NOR,1995,56.185
Norway,NOR,1994,55.448
Norway,NOR,1993,54.486
Norway,NOR,1992,53.797
Norway,NOR,1991,53.287
Norway,NOR,1990,52.775
Norway,NOR,1989,
Norway,NOR,1988,
Norway,NOR,1987,
Norway,NOR,1986,
Norway,NOR,1985,
Norway,NOR,1984,
Norway,NOR,1983,
Norway,NOR,1982,
Norway,NOR,1981,
Norway,NOR,1980,
Norway,NOR,1979,
Norway,NOR,1978,
Norway,NOR,1977,
Norway,NOR,1976,
Norway,NOR,1975,
Norway,NOR,1974,
Norway,NOR,1973,
Norway,NOR,1972,
Norway,NOR,1971,
Norway,NOR,1970,
Norway,NOR,1969,
Norway,NOR,1968,
Norway,NOR,1967,
Norway,NOR,1966,
Norway,NOR,1965,
Norway,NOR,1964,
Norway,NOR,1963,
Norway,NOR,1962,
Norway,NOR,1961,
Norway,NOR,1960,
Oman,OMN,2025,29.958
Oman,OMN,2024,30.061
Oman,OMN,2023,30.321
Oman,OMN,2022,30.795
Oman,OMN,2021,29.564
Oman,OMN,2020,29.074
Oman,OMN,2019,30.19
Oman,OMN,2018,30.37
Oman,OMN,2017,30.484
Oman,OMN,2016,30.269
Oman,OMN,2015,29.621
Oman,OMN,2014,28.935
Oman,OMN,2013,28.245
Oman,OMN,2012,27.61
Oman,OMN,2011,27.045
Oman,OMN,2010,26.53
Oman,OMN,2009,26.081
Oman,OMN,2008,25.695
Oman,OMN,2007,25.373
Oman,OMN,2006,25.111
Oman,OMN,2005,24.907
Oman,OMN,2004,24.75
Oman,OMN,2003,24.597
Oman,OMN,2002,24.261
Oman,OMN,2001,23.987
Oman,OMN,2000,23.917
Oman,OMN,1999,23.896
Oman,OMN,1998,23.675
Oman,OMN,1997,23.445
Oman,OMN,1996,23.431
Oman,OMN,1995,23.34
Oman,OMN,1994,23.337
Oman,OMN,1993,23.228
Oman,OMN,1992,23.09
Oman,OMN,1991,23.01
Oman,OMN,1990,22.864
Oman,OMN,1989,
Oman,OMN,1988,
Oman,OMN,1987,
Oman,OMN,1986,
Oman,OMN,1985,
Oman,OMN,1984,
Oman,OMN,1983,
Oman,OMN,1982,
Oman,OMN,1981,
Oman,OMN,1980,
Oman,OMN,1979,
Oman,OMN,1978,
Oman,OMN,1977,
Oman,OMN,1976,
Oman,OMN,1975,
Oman,OMN,1974,
Oman,OMN,1973,
Oman,OMN,1972,
Oman,OMN,1971,
Oman,OMN,1970,
Oman,OMN,1969,
Oman,OMN,1968,
Oman,OMN,1967,
Oman,OMN,1966,
Oman,OMN,1965,
Oman,OMN,1964,
Oman,OMN,1963,
Oman,OMN,1962,
Oman,OMN,1961,
Oman,OMN,1960,
Pakistan,PAK,2025,24.046
Pakistan,PAK,2024,23.989
Pakistan,PAK,2023,23.997
Pakistan,PAK,2022,24.027
Pakistan,PAK,2021,24.365
Pakistan,PAK,2020,23.406
Pakistan,PAK,2019,23.241
Pakistan,PAK,2018,21.571
Pakistan,PAK,2017,22.358
Pakistan,PAK,2016,23.162
Pakistan,PAK,2015,23.983
Pakistan,PAK,2014,22.987
Pakistan,PAK,2013,22.79
Pakistan,PAK,2012,22.508
Pakistan,PAK,2011,22.228
Pakistan,PAK,2010,22.036
Pakistan,PAK,2009,20.98
Pakistan,PAK,2008,19.851
Pakistan,PAK,2007,19.308
Pakistan,PAK,2006,18.947
Pakistan,PAK,2005,18.348
Pakistan,PAK,2004,17.777
Pakistan,PAK,2003,16.995
Pakistan,PAK,2002,16.224
Pakistan,PAK,2001,16.17
Pakistan,PAK,2000,16.13
Pakistan,PAK,1999,15.686
Pakistan,PAK,1998,15.245
Pakistan,PAK,1997,14.936
Pakistan,PAK,1996,13.706
Pakistan,PAK,1995,12.553
Pakistan,PAK,1994,14.476
Pakistan,PAK,1993,14.175
Pakistan,PAK,1992,13.795
Pakistan,PAK,1991,13.768
Pakistan,PAK,1990,11.195
Pakistan,PAK,1989,
Pakistan,PAK,1988,
Pakistan,PAK,1987,
Pakistan,PAK,1986,
Pakistan,PAK,1985,
Pakistan,PAK,1984,
Pakistan,PAK,1983,
Pakistan,PAK,1982,
Pakistan,PAK,1981,
Pakistan,PAK,1980,
Pakistan,PAK,1979,
Pakistan,PAK,1978,
Pakistan,PAK,1977,
Pakistan,PAK,1976,
Pakistan,PAK,1975,
Pakistan,PAK,1974,
Pakistan,PAK,1973,
Pakistan,PAK,1972,
Pakistan,PAK,1971,
Pakistan,PAK,1970,
Pakistan,PAK,1969,
Pakistan,PAK,1968,
Pakistan,PAK,1967,
Pakistan,PAK,1966,
Pakistan,PAK,1965,
Pakistan,PAK,1964,
Pakistan,PAK,1963,
Pakistan,PAK,1962,
Pakistan,PAK,1961,
Pakistan,PAK,1960,
Palau,PLW,2025,
Palau,PLW,2024,
Palau,PLW,2023,
Palau,PLW,2022,
Palau,PLW,2021,
Palau,PLW,2020,
Palau,PLW,2019,
Palau,PLW,2018,
Palau,PLW,2017,
Palau,PLW,2016,
Palau,PLW,2015,
Palau,PLW,2014,
Palau,PLW,2013,
Palau,PLW,2012,
Palau,PLW,2011,
Palau,PLW,2010,
Palau,PLW,2009,
Palau,PLW,2008,
Palau,PLW,2007,
Palau,PLW,2006,
Palau,PLW,2005,
Palau,PLW,2004,
Palau,PLW,2003,
Palau,PLW,2002,
Palau,PLW,2001,
Palau,PLW,2000,
Palau,PLW,1999,
Palau,PLW,1998,
Palau,PLW,1997,
Palau,PLW,1996,
Palau,PLW,1995,
Palau,PLW,1994,
Palau,PLW,1993,
Palau,PLW,1992,
Palau,PLW,1991,
Palau,PLW,1990,
Palau,PLW,1989,
Palau,PLW,1988,
Palau,PLW,1987,
Palau,PLW,1986,
Palau,PLW,1985,
Palau,PLW,1984,
Palau,PLW,1983,
Palau,PLW,1982,
Palau,PLW,1981,
Palau,PLW,1980,
Palau,PLW,1979,
Palau,PLW,1978,
Palau,PLW,1977,
Palau,PLW,1976,
Palau,PLW,1975,
Palau,PLW,1974,
Palau,PLW,1973,
Palau,PLW,1972,
Palau,PLW,1971,
Palau,PLW,1970,
Palau,PLW,1969,
Palau,PLW,1968,
Palau,PLW,1967,
Palau,PLW,1966,
Palau,PLW,1965,
Palau,PLW,1964,
Palau,PLW,1963,
Palau,PLW,1962,
Palau,PLW,1961,
Palau,PLW,1960,
Panama,PAN,2025,54.936
Panama,PAN,2024,54.832
Panama,PAN,2023,52.694
Panama,PAN,2022,52.137
Panama,PAN,2021,48.894
Panama,PAN,2020,55.932
Panama,PAN,2019,56.345
Panama,PAN,2018,54.501
Panama,PAN,2017,52.246
Panama,PAN,2016,52.16
Panama,PAN,2015,51.485
Panama,PAN,2014,50.661
Panama,PAN,2013,50.208
Panama,PAN,2012,48.671
Panama,PAN,2011,46.159
Panama,PAN,2010,48.359
Panama,PAN,2009,47.013
Panama,PAN,2008,48.586
Panama,PAN,2007,47.576
Panama,PAN,2006,46.8
Panama,PAN,2005,47.954
Panama,PAN,2004,47.255
Panama,PAN,2003,46.927
Panama,PAN,2002,46.414
Panama,PAN,2001,45.634
Panama,PAN,2000,44.853
Panama,PAN,1999,44.074
Panama,PAN,1998,44.198
Panama,PAN,1997,42.378
Panama,PAN,1996,41.898
Panama,PAN,1995,41.434
Panama,PAN,1994,40.446
Panama,PAN,1993,39.627
Panama,PAN,1992,38.659
Panama,PAN,1991,37.691
Panama,PAN,1990,32.404
Panama,PAN,1989,
Panama,PAN,1988,
Panama,PAN,1987,
Panama,PAN,1986,
Panama,PAN,1985,
Panama,PAN,1984,
Panama,PAN,1983,
Panama,PAN,1982,
Panama,PAN,1981,
Panama,PAN,1980,
Panama,PAN,1979,
Panama,PAN,1978,
Panama,PAN,1977,
Panama,PAN,1976,
Panama,PAN,1975,
Panama,PAN,1974,
Panama,PAN,1973,
Panama,PAN,1972,
Panama,PAN,1971,
Panama,PAN,1970,
Panama,PAN,1969,
Panama,PAN,1968,
Panama,PAN,1967,
Panama,PAN,1966,
Panama,PAN,1965,
Panama,PAN,1964,
Panama,PAN,1963,
Panama,PAN,1962,
Panama,PAN,1961,
Panama,PAN,1960,
Papua New Guinea,PNG,2025,50.822
Papua New Guinea,PNG,2024,50.697
Papua New Guinea,PNG,2023,50.644
Papua New Guinea,PNG,2022,50.645
Papua New Guinea,PNG,2021,50.567
Papua New Guinea,PNG,2020,49.809
Papua New Guinea,PNG,2019,49.962
Papua New Guinea,PNG,2018,49.709
Papua New Guinea,PNG,2017,49.297
Papua New Guinea,PNG,2016,49.008
Papua New Guinea,PNG,2015,48.779
Papua New Guinea,PNG,2014,48.584
Papua New Guinea,PNG,2013,48.617
Papua New Guinea,PNG,2012,48.328
Papua New Guinea,PNG,2011,48.065
Papua New Guinea,PNG,2010,47.67
Papua New Guinea,PNG,2009,47.919
Papua New Guinea,PNG,2008,48.056
Papua New Guinea,PNG,2007,47.923
Papua New Guinea,PNG,2006,48.095
Papua New Guinea,PNG,2005,48.178
Papua New Guinea,PNG,2004,48.297
Papua New Guinea,PNG,2003,48.272
Papua New Guinea,PNG,2002,48.224
Papua New Guinea,PNG,2001,48.083
Papua New Guinea,PNG,2000,47.944
Papua New Guinea,PNG,1999,47.717
Papua New Guinea,PNG,1998,47.655
Papua New Guinea,PNG,1997,47.392
Papua New Guinea,PNG,1996,47.138
Papua New Guinea,PNG,1995,47.264
Papua New Guinea,PNG,1994,47.036
Papua New Guinea,PNG,1993,47.103
Papua New Guinea,PNG,1992,47.548
Papua New Guinea,PNG,1991,47.899
Papua New Guinea,PNG,1990,48.134
Papua New Guinea,PNG,1989,
Papua New Guinea,PNG,1988,
Papua New Guinea,PNG,1987,
Papua New Guinea,PNG,1986,
Papua New Guinea,PNG,1985,
Papua New Guinea,PNG,1984,
Papua New Guinea,PNG,1983,
Papua New Guinea,PNG,1982,
Papua New Guinea,PNG,1981,
Papua New Guinea,PNG,1980,
Papua New Guinea,PNG,1979,
Papua New Guinea,PNG,1978,
Papua New Guinea,PNG,1977,
Papua New Guinea,PNG,1976,
Papua New Guinea,PNG,1975,
Papua New Guinea,PNG,1974,
Papua New Guinea,PNG,1973,
Papua New Guinea,PNG,1972,
Papua New Guinea,PNG,1971,
Papua New Guinea,PNG,1970,
Papua New Guinea,PNG,1969,
Papua New Guinea,PNG,1968,
Papua New Guinea,PNG,1967,
Papua New Guinea,PNG,1966,
Papua New Guinea,PNG,1965,
Papua New Guinea,PNG,1964,
Papua New Guinea,PNG,1963,
Papua New Guinea,PNG,1962,
Papua New Guinea,PNG,1961,
Papua New Guinea,PNG,1960,
Paraguay,PRY,2025,59.011
Paraguay,PRY,2024,58.944
Paraguay,PRY,2023,58.994
Paraguay,PRY,2022,58.986
Paraguay,PRY,2021,59.85
Paraguay,PRY,2020,57.105
Paraguay,PRY,2019,60.256
Paraguay,PRY,2018,59.414
Paraguay,PRY,2017,57.843
Paraguay,PRY,2016,56.466
Paraguay,PRY,2015,54.827
Paraguay,PRY,2014,54.388
Paraguay,PRY,2013,57.676
Paraguay,PRY,2012,59.861
Paraguay,PRY,2011,54.453
Paraguay,PRY,2010,53.036
Paraguay,PRY,2009,55.126
Paraguay,PRY,2008,53.755
Paraguay,PRY,2007,54.017
Paraguay,PRY,2006,50.993
Paraguay,PRY,2005,55.653
Paraguay,PRY,2004,56.882
Paraguay,PRY,2003,51.514
Paraguay,PRY,2002,51.724
Paraguay,PRY,2001,51.598
Paraguay,PRY,2000,51.653
Paraguay,PRY,1999,51.985
Paraguay,PRY,1998,52.264
Paraguay,PRY,1997,52.407
Paraguay,PRY,1996,52.069
Paraguay,PRY,1995,52.094
Paraguay,PRY,1994,51.534
Paraguay,PRY,1993,51.198
Paraguay,PRY,1992,50.964
Paraguay,PRY,1991,51.201
Paraguay,PRY,1990,51.305
Paraguay,PRY,1989,
Paraguay,PRY,1988,
Paraguay,PRY,1987,
Paraguay,PRY,1986,
Paraguay,PRY,1985,
Paraguay,PRY,1984,
Paraguay,PRY,1983,
Paraguay,PRY,1982,
Paraguay,PRY,1981,
Paraguay,PRY,1980,
Paraguay,PRY,1979,
Paraguay,PRY,1978,
Paraguay,PRY,1977,
Paraguay,PRY,1976,
Paraguay,PRY,1975,
Paraguay,PRY,1974,
Paraguay,PRY,1973,
Paraguay,PRY,1972,
Paraguay,PRY,1971,
Paraguay,PRY,1970,
Paraguay,PRY,1969,
Paraguay,PRY,1968,
Paraguay,PRY,1967,
Paraguay,PRY,1966,
Paraguay,PRY,1965,
Paraguay,PRY,1964,
Paraguay,PRY,1963,
Paraguay,PRY,1962,
Paraguay,PRY,1961,
Paraguay,PRY,1960,
Peru,PER,2025,65.044
Peru,PER,2024,64.939
Peru,PER,2023,65.083
Peru,PER,2022,66.725
Peru,PER,2021,64.845
Peru,PER,2020,59.864
Peru,PER,2019,70.044
Peru,PER,2018,69.85
Peru,PER,2017,69.388
Peru,PER,2016,67.721
Peru,PER,2015,67.657
Peru,PER,2014,69.302
Peru,PER,2013,70.2
Peru,PER,2012,70.91
Peru,PER,2011,71.205
Peru,PER,2010,72.014
Peru,PER,2009,70.561
Peru,PER,2008,70.266
Peru,PER,2007,70.087
Peru,PER,2006,67.54
Peru,PER,2005,64.315
Peru,PER,2004,62.915
Peru,PER,2003,61.491
Peru,PER,2002,60.045
Peru,PER,2001,58.578
Peru,PER,2000,53.528
Peru,PER,1999,57.65
Peru,PER,1998,54.985
Peru,PER,1997,54.186
Peru,PER,1996,51.655
Peru,PER,1995,49.1
Peru,PER,1994,46.074
Peru,PER,1993,44.734
Peru,PER,1992,43.393
Peru,PER,1991,43.703
Peru,PER,1990,43.739
Peru,PER,1989,
Peru,PER,1988,
Peru,PER,1987,
Peru,PER,1986,
Peru,PER,1985,
Peru,PER,1984,
Peru,PER,1983,
Peru,PER,1982,
Peru,PER,1981,
Peru,PER,1980,
Peru,PER,1979,
Peru,PER,1978,
Peru,PER,1977,
Peru,PER,1976,
Peru,PER,1975,
Peru,PER,1974,
Peru,PER,1973,
Peru,PER,1972,
Peru,PER,1971,
Peru,PER,1970,
Peru,PER,1969,
Peru,PER,1968,
Peru,PER,1967,
Peru,PER,1966,
Peru,PER,1965,
Peru,PER,1964,
Peru,PER,1963,
Peru,PER,1962,
Peru,PER,1961,
Peru,PER,1960,
Philippines,PHL,2025,50.489
Philippines,PHL,2024,50.511
Philippines,PHL,2023,50.445
Philippines,PHL,2022,50.38
Philippines,PHL,2021,44.203
Philippines,PHL,2020,42.675
Philippines,PHL,2019,46.566
Philippines,PHL,2018,45.532
Philippines,PHL,2017,45.045
Philippines,PHL,2016,48.19
Philippines,PHL,2015,48.67
Philippines,PHL,2014,49.121
Philippines,PHL,2013,48.338
Philippines,PHL,2012,48.459
Philippines,PHL,2011,48.935
Philippines,PHL,2010,48.119
Philippines,PHL,2009,47.866
Philippines,PHL,2008,47.063
Philippines,PHL,2007,47.605
Philippines,PHL,2006,47.6
Philippines,PHL,2005,47.449
Philippines,PHL,2004,46.711
Philippines,PHL,2003,47.034
Philippines,PHL,2002,47.108
Philippines,PHL,2001,47.148
Philippines,PHL,2000,47.176
Philippines,PHL,1999,47.234
Philippines,PHL,1998,47.269
Philippines,PHL,1997,47.204
Philippines,PHL,1996,47.279
Philippines,PHL,1995,47.374
Philippines,PHL,1994,47.432
Philippines,PHL,1993,47.483
Philippines,PHL,1992,47.48
Philippines,PHL,1991,47.429
Philippines,PHL,1990,47.352
Philippines,PHL,1989,
Philippines,PHL,1988,
Philippines,PHL,1987,
Philippines,PHL,1986,
Philippines,PHL,1985,
Philippines,PHL,1984,
Philippines,PHL,1983,
Philippines,PHL,1982,
Philippines,PHL,1981,
Philippines,PHL,1980,
Philippines,PHL,1979,
Philippines,PHL,1978,
Philippines,PHL,1977,
Philippines,PHL,1976,
Philippines,PHL,1975,
Philippines,PHL,1974,
Philippines,PHL,1973,
Philippines,PHL,1972,
Philippines,PHL,1971,
Philippines,PHL,1970,
Philippines,PHL,1969,
Philippines,PHL,1968,
Philippines,PHL,1967,
Philippines,PHL,1966,
Philippines,PHL,1965,
Philippines,PHL,1964,
Philippines,PHL,1963,
Philippines,PHL,1962,
Philippines,PHL,1961,
Philippines,PHL,1960,
Poland,POL,2025,51.612
Poland,POL,2024,51.913
Poland,POL,2023,52.209
Poland,POL,2022,51.594
Poland,POL,2021,50.969
Poland,POL,2020,49.333
Poland,POL,2019,49.596
Poland,POL,2018,49.857
Poland,POL,2017,49.757
Poland,POL,2016,49.64
Poland,POL,2015,49.527
Poland,POL,2014,49.534
Poland,POL,2013,49.227
Poland,POL,2012,49.354
Poland,POL,2011,48.967
Poland,POL,2010,48.879
Poland,POL,2009,47.813
Poland,POL,2008,47.117
Poland,POL,2007,46.706
Poland,POL,2006,46.917
Poland,POL,2005,47.653
Poland,POL,2004,47.719
Poland,POL,2003,48.245
Poland,POL,2002,48.686
Poland,POL,2001,49.542
Poland,POL,2000,48.629
Poland,POL,1999,49.181
Poland,POL,1998,49.533
Poland,POL,1997,49.805
Poland,POL,1996,50.86
Poland,POL,1995,51.458
Poland,POL,1994,52.502
Poland,POL,1993,52.826
Poland,POL,1992,53.346
Poland,POL,1991,53.616
Poland,POL,1990,53.509
Poland,POL,1989,
Poland,POL,1988,
Poland,POL,1987,
Poland,POL,1986,
Poland,POL,1985,
Poland,POL,1984,
Poland,POL,1983,
Poland,POL,1982,
Poland,POL,1981,
Poland,POL,1980,
Poland,POL,1979,
Poland,POL,1978,
Poland,POL,1977,
Poland,POL,1976,
Poland,POL,1975,
Poland,POL,1974,
Poland,POL,1973,
Poland,POL,1972,
Poland,POL,1971,
Poland,POL,1970,
Poland,POL,1969,
Poland,POL,1968,
Poland,POL,1967,
Poland,POL,1966,
Poland,POL,1965,
Poland,POL,1964,
Poland,POL,1963,
Poland,POL,1962,
Poland,POL,1961,
Poland,POL,1960,
Portugal,PRT,2025,54.628
Portugal,PRT,2024,54.888
Portugal,PRT,2023,54.719
Portugal,PRT,2022,53.799
Portugal,PRT,2021,52.886
Portugal,PRT,2020,53.157
Portugal,PRT,2019,54.511
Portugal,PRT,2018,54.337
Portugal,PRT,2017,54.028
Portugal,PRT,2016,53.484
Portugal,PRT,2015,53.7
Portugal,PRT,2014,53.777
Portugal,PRT,2013,54.157
Portugal,PRT,2012,54.674
Portugal,PRT,2011,54.621
Portugal,PRT,2010,55.835
Portugal,PRT,2009,55.59
Portugal,PRT,2008,55.787
Portugal,PRT,2007,55.919
Portugal,PRT,2006,55.517
Portugal,PRT,2005,55.269
Portugal,PRT,2004,54.28
Portugal,PRT,2003,54.783
Portugal,PRT,2002,54.08
Portugal,PRT,2001,53.478
Portugal,PRT,2000,52.728
Portugal,PRT,1999,52.28
Portugal,PRT,1998,51.886
Portugal,PRT,1997,50.474
Portugal,PRT,1996,49.536
Portugal,PRT,1995,49.08
Portugal,PRT,1994,49.148
Portugal,PRT,1993,48.803
Portugal,PRT,1992,48.598
Portugal,PRT,1991,50.134
Portugal,PRT,1990,48.05
Portugal,PRT,1989,
Portugal,PRT,1988,
Portugal,PRT,1987,
Portugal,PRT,1986,
Portugal,PRT,1985,
Portugal,PRT,1984,
Portugal,PRT,1983,
Portugal,PRT,1982,
Portugal,PRT,1981,
Portugal,PRT,1980,
Portugal,PRT,1979,
Portugal,PRT,1978,
Portugal,PRT,1977,
Portugal,PRT,1976,
Portugal,PRT,1975,
Portugal,PRT,1974,
Portugal,PRT,1973,
Portugal,PRT,1972,
Portugal,PRT,1971,
Portugal,PRT,1970,
Portugal,PRT,1969,
Portugal,PRT,1968,
Portugal,PRT,1967,
Portugal,PRT,1966,
Portugal,PRT,1965,
Portugal,PRT,1964,
Portugal,PRT,1963,
Portugal,PRT,1962,
Portugal,PRT,1961,
Portugal,PRT,1960,
Puerto Rico (US),PRI,2025,36.853
Puerto Rico (US),PRI,2024,36.681
Puerto Rico (US),PRI,2023,36.29
Puerto Rico (US),PRI,2022,35.916
Puerto Rico (US),PRI,2021,35.6
Puerto Rico (US),PRI,2020,33.797
Puerto Rico (US),PRI,2019,33.291
Puerto Rico (US),PRI,2018,32.997
Puerto Rico (US),PRI,2017,32.498
Puerto Rico (US),PRI,2016,32.231
Puerto Rico (US),PRI,2015,31.876
Puerto Rico (US),PRI,2014,31.866
Puerto Rico (US),PRI,2013,32.484
Puerto Rico (US),PRI,2012,32.758
Puerto Rico (US),PRI,2011,33.028
Puerto Rico (US),PRI,2010,33.856
Puerto Rico (US),PRI,2009,34.884
Puerto Rico (US),PRI,2008,36.166
Puerto Rico (US),PRI,2007,37.02
Puerto Rico (US),PRI,2006,37.921
Puerto Rico (US),PRI,2005,37.572
Puerto Rico (US),PRI,2004,36.235
Puerto Rico (US),PRI,2003,36.728
Puerto Rico (US),PRI,2002,35.99
Puerto Rico (US),PRI,2001,35.359
Puerto Rico (US),PRI,2000,34.734
Puerto Rico (US),PRI,1999,36.372
Puerto Rico (US),PRI,1998,34.742
Puerto Rico (US),PRI,1997,34.868
Puerto Rico (US),PRI,1996,33.969
Puerto Rico (US),PRI,1995,33.488
Puerto Rico (US),PRI,1994,33.724
Puerto Rico (US),PRI,1993,33.963
Puerto Rico (US),PRI,1992,31.926
Puerto Rico (US),PRI,1991,31.168
Puerto Rico (US),PRI,1990,30.609
Puerto Rico (US),PRI,1989,
Puerto Rico (US),PRI,1988,
Puerto Rico (US),PRI,1987,
Puerto Rico (US),PRI,1986,
Puerto Rico (US),PRI,1985,
Puerto Rico (US),PRI,1984,
Puerto Rico (US),PRI,1983,
Puerto Rico (US),PRI,1982,
Puerto Rico (US),PRI,1981,
Puerto Rico (US),PRI,1980,
Puerto Rico (US),PRI,1979,
Puerto Rico (US),PRI,1978,
Puerto Rico (US),PRI,1977,
Puerto Rico (US),PRI,1976,
Puerto Rico (US),PRI,1975,
Puerto Rico (US),PRI,1974,
Puerto Rico (US),PRI,1973,
Puerto Rico (US),PRI,1972,
Puerto Rico (US),PRI,1971,
Puerto Rico (US),PRI,1970,
Puerto Rico (US),PRI,1969,
Puerto Rico (US),PRI,1968,
Puerto Rico (US),PRI,1967,
Puerto Rico (US),PRI,1966,
Puerto Rico (US),PRI,1965,
Puerto Rico (US),PRI,1964,
Puerto Rico (US),PRI,1963,
Puerto Rico (US),PRI,1962,
Puerto Rico (US),PRI,1961,
Puerto Rico (US),PRI,1960,
Qatar,QAT,2025,61.85
Qatar,QAT,2024,61.78
Qatar,QAT,2023,63.308
Qatar,QAT,2022,63.54
Qatar,QAT,2021,60.582
Qatar,QAT,2020,59.452
Qatar,QAT,2019,59.083
Qatar,QAT,2018,58.369
Qatar,QAT,2017,57.571
Qatar,QAT,2016,56.79
Qatar,QAT,2015,55.988
Qatar,QAT,2014,54.571
Qatar,QAT,2013,53.302
Qatar,QAT,2012,52.914
Qatar,QAT,2011,52.429
Qatar,QAT,2010,50.779
Qatar,QAT,2009,49.08
Qatar,QAT,2008,49.177
Qatar,QAT,2007,49.405
Qatar,QAT,2006,47.426
Qatar,QAT,2005,47.704
Qatar,QAT,2004,47.904
Qatar,QAT,2003,49.618
Qatar,QAT,2002,49.253
Qatar,QAT,2001,49.246
Qatar,QAT,2000,48.853
Qatar,QAT,1999,48.921
Qatar,QAT,1998,48.624
Qatar,QAT,1997,49.179
Qatar,QAT,1996,51.451
Qatar,QAT,1995,51.508
Qatar,QAT,1994,51.36
Qatar,QAT,1993,51.085
Qatar,QAT,1992,50.511
Qatar,QAT,1991,51.01
Qatar,QAT,1990,50.382
Qatar,QAT,1989,
Qatar,QAT,1988,
Qatar,QAT,1987,
Qatar,QAT,1986,
Qatar,QAT,1985,
Qatar,QAT,1984,
Qatar,QAT,1983,
Qatar,QAT,1982,
Qatar,QAT,1981,
Qatar,QAT,1980,
Qatar,QAT,1979,
Qatar,QAT,1978,
Qatar,QAT,1977,
Qatar,QAT,1976,
Qatar,QAT,1975,
Qatar,QAT,1974,
Qatar,QAT,1973,
Qatar,QAT,1972,
Qatar,QAT,1971,
Qatar,QAT,1970,
Qatar,QAT,1969,
Qatar,QAT,1968,
Qatar,QAT,1967,
Qatar,QAT,1966,
Qatar,QAT,1965,
Qatar,QAT,1964,
Qatar,QAT,1963,
Qatar,QAT,1962,
Qatar,QAT,1961,
Qatar,QAT,1960,
Romania,ROU,2025,41.807
Romania,ROU,2024,41.904
Romania,ROU,2023,42.172
Romania,ROU,2022,43.223
Romania,ROU,2021,42.751
Romania,ROU,2020,42.742
Romania,ROU,2019,42.958
Romania,ROU,2018,42.932
Romania,ROU,2017,43.175
Romania,ROU,2016,42.123
Romania,ROU,2015,42.473
Romania,ROU,2014,42.049
Romania,ROU,2013,41.706
Romania,ROU,2012,41.763
Romania,ROU,2011,41.865
Romania,ROU,2010,41.865
Romania,ROU,2009,38.904
Romania,ROU,2008,42.91
Romania,ROU,2007,42.447
Romania,ROU,2006,42.202
Romania,ROU,2005,42.069
Romania,ROU,2004,42.091
Romania,ROU,2003,42.148
Romania,ROU,2002,42.143
Romania,ROU,2001,42.249
Romania,ROU,2000,42.361
Romania,ROU,1999,42.305
Romania,ROU,1998,42.124
Romania,ROU,1997,41.873
Romania,ROU,1996,41.57
Romania,ROU,1995,41.635
Romania,ROU,1994,41.85
Romania,ROU,1993,41.958
Romania,ROU,1992,41.909
Romania,ROU,1991,41.559
Romania,ROU,1990,41.399
Romania,ROU,1989,
Romania,ROU,1988,
Romania,ROU,1987,
Romania,ROU,1986,
Romania,ROU,1985,
Romania,ROU,1984,
Romania,ROU,1983,
Romania,ROU,1982,
Romania,ROU,1981,
Romania,ROU,1980,
Romania,ROU,1979,
Romania,ROU,1978,
Romania,ROU,1977,
Romania,ROU,1976,
Romania,ROU,1975,
Romania,ROU,1974,
Romania,ROU,1973,
Romania,ROU,1972,
Romania,ROU,1971,
Romania,ROU,1970,
Romania,ROU,1969,
Romania,ROU,1968,
Romania,ROU,1967,
Romania,ROU,1966,
Romania,ROU,1965,
Romania,ROU,1964,
Romania,ROU,1963,
Romania,ROU,1962,
Romania,ROU,1961,
Romania,ROU,1960,
Russian Federation,RUS,2025,54.546
Russian Federation,RUS,2024,55.214
Russian Federation,RUS,2023,55.363
Russian Federation,RUS,2022,55.3
Russian Federation,RUS,2021,55.132
Russian Federation,RUS,2020,54.63
Russian Federation,RUS,2019,54.794
Russian Federation,RUS,2018,55.416
Russian Federation,RUS,2017,55.335
Russian Federation,RUS,2016,55.684
Russian Federation,RUS,2015,55.555
Russian Federation,RUS,2014,55.858
Russian Federation,RUS,2013,55.985
Russian Federation,RUS,2012,56.272
Russian Federation,RUS,2011,56.336
Russian Federation,RUS,2010,56.019
Russian Federation,RUS,2009,56.352
Russian Federation,RUS,2008,56.159
Russian Federation,RUS,2007,56.152
Russian Federation,RUS,2006,55.583
Russian Federation,RUS,2005,55.155
Russian Federation,RUS,2004,54.719
Russian Federation,RUS,2003,54.12
Russian Federation,RUS,2002,54.308
Russian Federation,RUS,2001,53.51
Russian Federation,RUS,2000,54.659
Russian Federation,RUS,1999,54.487
Russian Federation,RUS,1998,51.031
Russian Federation,RUS,1997,51.71
Russian Federation,RUS,1996,52.735
Russian Federation,RUS,1995,53.582
Russian Federation,RUS,1994,54.034
Russian Federation,RUS,1993,55.963
Russian Federation,RUS,1992,58.014
Russian Federation,RUS,1991,59.301
Russian Federation,RUS,1990,59.955
Russian Federation,RUS,1989,
Russian Federation,RUS,1988,
Russian Federation,RUS,1987,
Russian Federation,RUS,1986,
Russian Federation,RUS,1985,
Russian Federation,RUS,1984,
Russian Federation,RUS,1983,
Russian Federation,RUS,1982,
Russian Federation,RUS,1981,
Russian Federation,RUS,1980,
Russian Federation,RUS,1979,
Russian Federation,RUS,1978,
Russian Federation,RUS,1977,
Russian Federation,RUS,1976,
Russian Federation,RUS,1975,
Russian Federation,RUS,1974,
Russian Federation,RUS,1973,
Russian Federation,RUS,1972,
Russian Federation,RUS,1971,
Russian Federation,RUS,1970,
Russian Federation,RUS,1969,
Russian Federation,RUS,1968,
Russian Federation,RUS,1967,
Russian Federation,RUS,1966,
Russian Federation,RUS,1965,
Russian Federation,RUS,1964,
Russian Federation,RUS,1963,
Russian Federation,RUS,1962,
Russian Federation,RUS,1961,
Russian Federation,RUS,1960,
Rwanda,RWA,2025,57.304
Rwanda,RWA,2024,57.099
Rwanda,RWA,2023,58.044
Rwanda,RWA,2022,54.695
Rwanda,RWA,2021,52.58
Rwanda,RWA,2020,56.652
Rwanda,RWA,2019,51.87
Rwanda,RWA,2018,54.156
Rwanda,RWA,2017,54.723
Rwanda,RWA,2016,54.612
Rwanda,RWA,2015,54.516
Rwanda,RWA,2014,54.433
Rwanda,RWA,2013,54.357
Rwanda,RWA,2012,54.283
Rwanda,RWA,2011,54.209
Rwanda,RWA,2010,54.141
Rwanda,RWA,2009,54.086
Rwanda,RWA,2008,54.053
Rwanda,RWA,2007,54.039
Rwanda,RWA,2006,54.026
Rwanda,RWA,2005,53.997
Rwanda,RWA,2004,53.935
Rwanda,RWA,2003,53.836
Rwanda,RWA,2002,53.674
Rwanda,RWA,2001,53.416
Rwanda,RWA,2000,53.087
Rwanda,RWA,1999,52.737
Rwanda,RWA,1998,52.39
Rwanda,RWA,1997,52.117
Rwanda,RWA,1996,51.934
Rwanda,RWA,1995,51.76
Rwanda,RWA,1994,51.81
Rwanda,RWA,1993,51.975
Rwanda,RWA,1992,51.879
Rwanda,RWA,1991,51.799
Rwanda,RWA,1990,51.773
Rwanda,RWA,1989,
Rwanda,RWA,1988,
Rwanda,RWA,1987,
Rwanda,RWA,1986,
Rwanda,RWA,1985,
Rwanda,RWA,1984,
Rwanda,RWA,1983,
Rwanda,RWA,1982,
Rwanda,RWA,1981,
Rwanda,RWA,1980,
Rwanda,RWA,1979,
Rwanda,RWA,1978,
Rwanda,RWA,1977,
Rwanda,RWA,1976,
Rwanda,RWA,1975,
Rwanda,RWA,1974,
Rwanda,RWA,1973,
Rwanda,RWA,1972,
Rwanda,RWA,1971,
Rwanda,RWA,1970,
Rwanda,RWA,1969,
Rwanda,RWA,1968,
Rwanda,RWA,1967,
Rwanda,RWA,1966,
Rwanda,RWA,1965,
Rwanda,RWA,1964,
Rwanda,RWA,1963,
Rwanda,RWA,1962,
Rwanda,RWA,1961,
Rwanda,RWA,1960,
Samoa,WSM,2025,30.739
Samoa,WSM,2024,31.145
Samoa,WSM,2023,31.158
Samoa,WSM,2022,31.149
Samoa,WSM,2021,33.491
Samoa,WSM,2020,35.207
Samoa,WSM,2019,37.466
Samoa,WSM,2018,39.417
Samoa,WSM,2017,41.376
Samoa,WSM,2016,41.385
Samoa,WSM,2015,41.422
Samoa,WSM,2014,41.461
Samoa,WSM,2013,41.461
Samoa,WSM,2012,41.437
Samoa,WSM,2011,41.41
Samoa,WSM,2010,41.495
Samoa,WSM,2009,41.61
Samoa,WSM,2008,41.65
Samoa,WSM,2007,41.753
Samoa,WSM,2006,41.812
Samoa,WSM,2005,41.864
Samoa,WSM,2004,41.978
Samoa,WSM,2003,42.037
Samoa,WSM,2002,42.148
Samoa,WSM,2001,42.289
Samoa,WSM,2000,42.495
Samoa,WSM,1999,42.631
Samoa,WSM,1998,42.64
Samoa,WSM,1997,42.63
Samoa,WSM,1996,42.559
Samoa,WSM,1995,42.784
Samoa,WSM,1994,43.052
Samoa,WSM,1993,42.9
Samoa,WSM,1992,43.083
Samoa,WSM,1991,43.096
Samoa,WSM,1990,43.033
Samoa,WSM,1989,
Samoa,WSM,1988,
Samoa,WSM,1987,
Samoa,WSM,1986,
Samoa,WSM,1985,
Samoa,WSM,1984,
Samoa,WSM,1983,
Samoa,WSM,1982,
Samoa,WSM,1981,
Samoa,WSM,1980,
Samoa,WSM,1979,
Samoa,WSM,1978,
Samoa,WSM,1977,
Samoa,WSM,1976,
Samoa,WSM,1975,
Samoa,WSM,1974,
Samoa,WSM,1973,
Samoa,WSM,1972,
Samoa,WSM,1971,
Samoa,WSM,1970,
Samoa,WSM,1969,
Samoa,WSM,1968,
Samoa,WSM,1967,
Samoa,WSM,1966,
Samoa,WSM,1965,
Samoa,WSM,1964,
Samoa,WSM,1963,
Samoa,WSM,1962,
Samoa,WSM,1961,
Samoa,WSM,1960,
San Marino,SMR,2025,
San Marino,SMR,2024,
San Marino,SMR,2023,
San Marino,SMR,2022,
San Marino,SMR,2021,
San Marino,SMR,2020,
San Marino,SMR,2019,
San Marino,SMR,2018,
San Marino,SMR,2017,
San Marino,SMR,2016,
San Marino,SMR,2015,
San Marino,SMR,2014,
San Marino,SMR,2013,
San Marino,SMR,2012,
San Marino,SMR,2011,
San Marino,SMR,2010,
San Marino,SMR,2009,
San Marino,SMR,2008,
San Marino,SMR,2007,
San Marino,SMR,2006,
San Marino,SMR,2005,
San Marino,SMR,2004,
San Marino,SMR,2003,
San Marino,SMR,2002,
San Marino,SMR,2001,
San Marino,SMR,2000,
San Marino,SMR,1999,
San Marino,SMR,1998,
San Marino,SMR,1997,
San Marino,SMR,1996,
San Marino,SMR,1995,
San Marino,SMR,1994,
San Marino,SMR,1993,
San Marino,SMR,1992,
San Marino,SMR,1991,
San Marino,SMR,1990,
San Marino,SMR,1989,
San Marino,SMR,1988,
San Marino,SMR,1987,
San Marino,SMR,1986,
San Marino,SMR,1985,
San Marino,SMR,1984,
San Marino,SMR,1983,
San Marino,SMR,1982,
San Marino,SMR,1981,
San Marino,SMR,1980,
San Marino,SMR,1979,
San Marino,SMR,1978,
San Marino,SMR,1977,
San Marino,SMR,1976,
San Marino,SMR,1975,
San Marino,SMR,1974,
San Marino,SMR,1973,
San Marino,SMR,1972,
San Marino,SMR,1971,
San Marino,SMR,1970,
San Marino,SMR,1969,
San Marino,SMR,1968,
San Marino,SMR,1967,
San Marino,SMR,1966,
San Marino,SMR,1965,
San Marino,SMR,1964,
San Marino,SMR,1963,
San Marino,SMR,1962,
San Marino,SMR,1961,
San Marino,SMR,1960,
Sao Tome and Principe,STP,2025,22.749
Sao Tome and Principe,STP,2024,22.771
Sao Tome and Principe,STP,2023,22.874
Sao Tome and Principe,STP,2022,23.014
Sao Tome and Principe,STP,2021,22.936
Sao Tome and Principe,STP,2020,22.649
Sao Tome and Principe,STP,2019,23.25
Sao Tome and Principe,STP,2018,23.092
Sao Tome and Principe,STP,2017,22.955
Sao Tome and Principe,STP,2016,22.844
Sao Tome and Principe,STP,2015,22.768
Sao Tome and Principe,STP,2014,22.731
Sao Tome and Principe,STP,2013,22.728
Sao Tome and Principe,STP,2012,22.752
Sao Tome and Principe,STP,2011,22.754
Sao Tome and Principe,STP,2010,22.727
Sao Tome and Principe,STP,2009,22.719
Sao Tome and Principe,STP,2008,22.73
Sao Tome and Principe,STP,2007,22.746
Sao Tome and Principe,STP,2006,22.752
Sao Tome and Principe,STP,2005,22.742
Sao Tome and Principe,STP,2004,22.721
Sao Tome and Principe,STP,2003,22.691
Sao Tome and Principe,STP,2002,22.652
Sao Tome and Principe,STP,2001,22.612
Sao Tome and Principe,STP,2000,22.502
Sao Tome and Principe,STP,1999,22.317
Sao Tome and Principe,STP,1998,22.144
Sao Tome and Principe,STP,1997,21.997
Sao Tome and Principe,STP,1996,21.881
Sao Tome and Principe,STP,1995,21.795
Sao Tome and Principe,STP,1994,21.734
Sao Tome and Principe,STP,1993,21.7
Sao Tome and Principe,STP,1992,21.691
Sao Tome and Principe,STP,1991,21.705
Sao Tome and Principe,STP,1990,21.72
Sao Tome and Principe,STP,1989,
Sao Tome and Principe,STP,1988,
Sao Tome and Principe,STP,1987,
Sao Tome and Principe,STP,1986,
Sao Tome and Principe,STP,1985,
Sao Tome and Principe,STP,1984,
Sao Tome and Principe,STP,1983,
Sao Tome and Principe,STP,1982,
Sao Tome and Principe,STP,1981,
Sao Tome and Principe,STP,1980,
Sao Tome and Principe,STP,1979,
Sao Tome and Principe,STP,1978,
Sao Tome and Principe,STP,1977,
Sao Tome and Principe,STP,1976,
Sao Tome and Principe,STP,1975,
Sao Tome and Principe,STP,1974,
Sao Tome and Principe,STP,1973,
Sao Tome and Principe,STP,1972,
Sao Tome and Principe,STP,1971,
Sao Tome and Principe,STP,1970,
Sao Tome and Principe,STP,1969,
Sao Tome and Principe,STP,1968,
Sao Tome and Principe,STP,1967,
Sao Tome and Principe,STP,1966,
Sao Tome and Principe,STP,1965,
Sao Tome and Principe,STP,1964,
Sao Tome and Principe,STP,1963,
Sao Tome and Principe,STP,1962,
Sao Tome and Principe,STP,1961,
Sao Tome and Principe,STP,1960,
Saudi Arabia,SAU,2025,33.573
Saudi Arabia,SAU,2024,33.305
Saudi Arabia,SAU,2023,34.278
Saudi Arabia,SAU,2022,34.098
Saudi Arabia,SAU,2021,34.218
Saudi Arabia,SAU,2020,29.308
Saudi Arabia,SAU,2019,24.365
Saudi Arabia,SAU,2018,21.824
Saudi Arabia,SAU,2017,19.857
Saudi Arabia,SAU,2016,22.866
Saudi Arabia,SAU,2015,21.635
Saudi Arabia,SAU,2014,20.278
Saudi Arabia,SAU,2013,19.817
Saudi Arabia,SAU,2012,19.758
Saudi Arabia,SAU,2011,18.954
Saudi Arabia,SAU,2010,17.628
Saudi Arabia,SAU,2009,16.418
Saudi Arabia,SAU,2008,16.739
Saudi Arabia,SAU,2007,17.042
Saudi Arabia,SAU,2006,17.519
Saudi Arabia,SAU,2005,17.022
Saudi Arabia,SAU,2004,16.576
Saudi Arabia,SAU,2003,16.169
Saudi Arabia,SAU,2002,15.793
Saudi Arabia,SAU,2001,15.941
Saudi Arabia,SAU,2000,16.389
Saudi Arabia,SAU,1999,16.874
Saudi Arabia,SAU,1998,16.602
Saudi Arabia,SAU,1997,16.333
Saudi Arabia,SAU,1996,16.064
Saudi Arabia,SAU,1995,15.796
Saudi Arabia,SAU,1994,15.526
Saudi Arabia,SAU,1993,15.253
Saudi Arabia,SAU,1992,14.975
Saudi Arabia,SAU,1991,14.905
Saudi Arabia,SAU,1990,15.024
Saudi Arabia,SAU,1989,
Saudi Arabia,SAU,1988,
Saudi Arabia,SAU,1987,
Saudi Arabia,SAU,1986,
Saudi Arabia,SAU,1985,
Saudi Arabia,SAU,1984,
Saudi Arabia,SAU,1983,
Saudi Arabia,SAU,1982,
Saudi Arabia,SAU,1981,
Saudi Arabia,SAU,1980,
Saudi Arabia,SAU,1979,
Saudi Arabia,SAU,1978,
Saudi Arabia,SAU,1977,
Saudi Arabia,SAU,1976,
Saudi Arabia,SAU,1975,
Saudi Arabia,SAU,1974,
Saudi Arabia,SAU,1973,
Saudi Arabia,SAU,1972,
Saudi Arabia,SAU,1971,
Saudi Arabia,SAU,1970,
Saudi Arabia,SAU,1969,
Saudi Arabia,SAU,1968,
Saudi Arabia,SAU,1967,
Saudi Arabia,SAU,1966,
Saudi Arabia,SAU,1965,
Saudi Arabia,SAU,1964,
Saudi Arabia,SAU,1963,
Saudi Arabia,SAU,1962,
Saudi Arabia,SAU,1961,
Saudi Arabia,SAU,1960,
Senegal,SEN,2025,38.216
Senegal,SEN,2024,37.99
Senegal,SEN,2023,37.767
Senegal,SEN,2022,37.706
Senegal,SEN,2021,37.707
Senegal,SEN,2020,37.075
Senegal,SEN,2019,37.308
Senegal,SEN,2018,36.353
Senegal,SEN,2017,35.424
Senegal,SEN,2016,38.726
Senegal,SEN,2015,34.06
Senegal,SEN,2014,33.969
Senegal,SEN,2013,33.886
Senegal,SEN,2012,33.801
Senegal,SEN,2011,33.711
Senegal,SEN,2010,33.627
Senegal,SEN,2009,33.551
Senegal,SEN,2008,33.482
Senegal,SEN,2007,33.422
Senegal,SEN,2006,33.369
Senegal,SEN,2005,33.34
Senegal,SEN,2004,33.303
Senegal,SEN,2003,33.262
Senegal,SEN,2002,33.193
Senegal,SEN,2001,33.107
Senegal,SEN,2000,33.026
Senegal,SEN,1999,32.941
Senegal,SEN,1998,32.851
Senegal,SEN,1997,32.752
Senegal,SEN,1996,32.65
Senegal,SEN,1995,32.545
Senegal,SEN,1994,32.439
Senegal,SEN,1993,32.334
Senegal,SEN,1992,32.232
Senegal,SEN,1991,32.138
Senegal,SEN,1990,32.055
Senegal,SEN,1989,
Senegal,SEN,1988,
Senegal,SEN,1987,
Senegal,SEN,1986,
Senegal,SEN,1985,
Senegal,SEN,1984,
Senegal,SEN,1983,
Senegal,SEN,1982,
Senegal,SEN,1981,
Senegal,SEN,1980,
Senegal,SEN,1979,
Senegal,SEN,1978,
Senegal,SEN,1977,
Senegal,SEN,1976,
Senegal,SEN,1975,
Senegal,SEN,1974,
Senegal,SEN,1973,
Senegal,SEN,1972,
Senegal,SEN,1971,
Senegal,SEN,1970,
Senegal,SEN,1969,
Senegal,SEN,1968,
Senegal,SEN,1967,
Senegal,SEN,1966,
Senegal,SEN,1965,
Senegal,SEN,1964,
Senegal,SEN,1963,
Senegal,SEN,1962,
Senegal,SEN,1961,
Senegal,SEN,1960,
Serbia,SRB,2025,52.629
Serbia,SRB,2024,52.619
Serbia,SRB,2023,51.414
Serbia,SRB,2022,50.142
Serbia,SRB,2021,49.002
Serbia,SRB,2020,46.159
Serbia,SRB,2019,46.746
Serbia,SRB,2018,46.379
Serbia,SRB,2017,46.067
Serbia,SRB,2016,45.271
Serbia,SRB,2015,43.295
Serbia,SRB,2014,43.683
Serbia,SRB,2013,43.063
Serbia,SRB,2012,42.013
Serbia,SRB,2011,41.669
Serbia,SRB,2010,41.802
Serbia,SRB,2009,43.136
Serbia,SRB,2008,44.747
Serbia,SRB,2007,45.258
Serbia,SRB,2006,44.645
Serbia,SRB,2005,44.923
Serbia,SRB,2004,45.273
Serbia,SRB,2003,45.673
Serbia,SRB,2002,45.982
Serbia,SRB,2001,46.332
Serbia,SRB,2000,46.698
Serbia,SRB,1999,47.065
Serbia,SRB,1998,46.339
Serbia,SRB,1997,46.705
Serbia,SRB,1996,47.416
Serbia,SRB,1995,48.06
Serbia,SRB,1994,48.641
Serbia,SRB,1993,49.164
Serbia,SRB,1992,49.379
Serbia,SRB,1991,49.456
Serbia,SRB,1990,49.296
Serbia,SRB,1989,
Serbia,SRB,1988,
Serbia,SRB,1987,
Serbia,SRB,1986,
Serbia,SRB,1985,
Serbia,SRB,1984,
Serbia,SRB,1983,
Serbia,SRB,1982,
Serbia,SRB,1981,
Serbia,SRB,1980,
Serbia,SRB,1979,
Serbia,SRB,1978,
Serbia,SRB,1977,
Serbia,SRB,1976,
Serbia,SRB,1975,
Serbia,SRB,1974,
Serbia,SRB,1973,
Serbia,SRB,1972,
Serbia,SRB,1971,
Serbia,SRB,1970,
Serbia,SRB,1969,
Serbia,SRB,1968,
Serbia,SRB,1967,
Serbia,SRB,1966,
Serbia,SRB,1965,
Serbia,SRB,1964,
Serbia,SRB,1963,
Serbia,SRB,1962,
Serbia,SRB,1961,
Serbia,SRB,1960,
Seychelles,SYC,2025,
Seychelles,SYC,2024,
Seychelles,SYC,2023,
Seychelles,SYC,2022,
Seychelles,SYC,2021,
Seychelles,SYC,2020,
Seychelles,SYC,2019,
Seychelles,SYC,2018,
Seychelles,SYC,2017,
Seychelles,SYC,2016,
Seychelles,SYC,2015,
Seychelles,SYC,2014,
Seychelles,SYC,2013,
Seychelles,SYC,2012,
Seychelles,SYC,2011,
Seychelles,SYC,2010,
Seychelles,SYC,2009,
Seychelles,SYC,2008,
Seychelles,SYC,2007,
Seychelles,SYC,2006,
Seychelles,SYC,2005,
Seychelles,SYC,2004,
Seychelles,SYC,2003,
Seychelles,SYC,2002,
Seychelles,SYC,2001,
Seychelles,SYC,2000,
Seychelles,SYC,1999,
Seychelles,SYC,1998,
Seychelles,SYC,1997,
Seychelles,SYC,1996,
Seychelles,SYC,1995,
Seychelles,SYC,1994,
Seychelles,SYC,1993,
Seychelles,SYC,1992,
Seychelles,SYC,1991,
Seychelles,SYC,1990,
Seychelles,SYC,1989,
Seychelles,SYC,1988,
Seychelles,SYC,1987,
Seychelles,SYC,1986,
Seychelles,SYC,1985,
Seychelles,SYC,1984,
Seychelles,SYC,1983,
Seychelles,SYC,1982,
Seychelles,SYC,1981,
Seychelles,SYC,1980,
Seychelles,SYC,1979,
Seychelles,SYC,1978,
Seychelles,SYC,1977,
Seychelles,SYC,1976,
Seychelles,SYC,1975,
Seychelles,SYC,1974,
Seychelles,SYC,1973,
Seychelles,SYC,1972,
Seychelles,SYC,1971,
Seychelles,SYC,1970,
Seychelles,SYC,1969,
Seychelles,SYC,1968,
Seychelles,SYC,1967,
Seychelles,SYC,1966,
Seychelles,SYC,1965,
Seychelles,SYC,1964,
Seychelles,SYC,1963,
Seychelles,SYC,1962,
Seychelles,SYC,1961,
Seychelles,SYC,1960,
Sierra Leone,SLE,2025,51.604
Sierra Leone,SLE,2024,51.815
Sierra Leone,SLE,2023,51.774
Sierra Leone,SLE,2022,51.605
Sierra Leone,SLE,2021,51.472
Sierra Leone,SLE,2020,51.093
Sierra Leone,SLE,2019,51.584
Sierra Leone,SLE,2018,51.415
Sierra Leone,SLE,2017,52.644
Sierra Leone,SLE,2016,53.87
Sierra Leone,SLE,2015,55.091
Sierra Leone,SLE,2014,56.307
Sierra Leone,SLE,2013,57.303
Sierra Leone,SLE,2012,58.294
Sierra Leone,SLE,2011,59.278
Sierra Leone,SLE,2010,60.255
Sierra Leone,SLE,2009,61.223
Sierra Leone,SLE,2008,62.183
Sierra Leone,SLE,2007,63.133
Sierra Leone,SLE,2006,64.072
Sierra Leone,SLE,2005,65.002
Sierra Leone,SLE,2004,65.919
Sierra Leone,SLE,2003,64.664
Sierra Leone,SLE,2002,64.665
Sierra Leone,SLE,2001,64.676
Sierra Leone,SLE,2000,64.695
Sierra Leone,SLE,1999,64.735
Sierra Leone,SLE,1998,64.785
Sierra Leone,SLE,1997,64.822
Sierra Leone,SLE,1996,64.858
Sierra Leone,SLE,1995,64.897
Sierra Leone,SLE,1994,64.937
Sierra Leone,SLE,1993,64.976
Sierra Leone,SLE,1992,65.014
Sierra Leone,SLE,1991,65.052
Sierra Leone,SLE,1990,65.086
Sierra Leone,SLE,1989,
Sierra Leone,SLE,1988,
Sierra Leone,SLE,1987,
Sierra Leone,SLE,1986,
Sierra Leone,SLE,1985,
Sierra Leone,SLE,1984,
Sierra Leone,SLE,1983,
Sierra Leone,SLE,1982,
Sierra Leone,SLE,1981,
Sierra Leone,SLE,1980,
Sierra Leone,SLE,1979,
Sierra Leone,SLE,1978,
Sierra Leone,SLE,1977,
Sierra Leone,SLE,1976,
Sierra Leone,SLE,1975,
Sierra Leone,SLE,1974,
Sierra Leone,SLE,1973,
Sierra Leone,SLE,1972,
Sierra Leone,SLE,1971,
Sierra Leone,SLE,1970,
Sierra Leone,SLE,1969,
Sierra Leone,SLE,1968,
Sierra Leone,SLE,1967,
Sierra Leone,SLE,1966,
Sierra Leone,SLE,1965,
Sierra Leone,SLE,1964,
Sierra Leone,SLE,1963,
Sierra Leone,SLE,1962,
Sierra Leone,SLE,1961,
Sierra Leone,SLE,1960,
Singapore,SGP,2025,63.569
Singapore,SGP,2024,63.136
Singapore,SGP,2023,63.299
Singapore,SGP,2022,62.921
Singapore,SGP,2021,64.409
Singapore,SGP,2020,61.72
Singapore,SGP,2019,61.822
Singapore,SGP,2018,60.889
Singapore,SGP,2017,60.807
Singapore,SGP,2016,61.313
Singapore,SGP,2015,61.305
Singapore,SGP,2014,59.811
Singapore,SGP,2013,58.607
Singapore,SGP,2012,58.543
Singapore,SGP,2011,57.787
Singapore,SGP,2010,57.128
Singapore,SGP,2009,55.628
Singapore,SGP,2008,56.089
Singapore,SGP,2007,53.634
Singapore,SGP,2006,55.06
Singapore,SGP,2005,53.705
Singapore,SGP,2004,52.641
Singapore,SGP,2003,52.266
Singapore,SGP,2002,51.499
Singapore,SGP,2001,52.55
Singapore,SGP,2000,52.122
Singapore,SGP,1999,51.655
Singapore,SGP,1998,50.842
Singapore,SGP,1997,50.61
Singapore,SGP,1996,49.861
Singapore,SGP,1995,48.975
Singapore,SGP,1994,47.777
Singapore,SGP,1993,46.907
Singapore,SGP,1992,46.1
Singapore,SGP,1991,45.176
Singapore,SGP,1990,44.094
Singapore,SGP,1989,
Singapore,SGP,1988,
Singapore,SGP,1987,
Singapore,SGP,1986,
Singapore,SGP,1985,
Singapore,SGP,1984,
Singapore,SGP,1983,
Singapore,SGP,1982,
Singapore,SGP,1981,
Singapore,SGP,1980,
Singapore,SGP,1979,
Singapore,SGP,1978,
Singapore,SGP,1977,
Singapore,SGP,1976,
Singapore,SGP,1975,
Singapore,SGP,1974,
Singapore,SGP,1973,
Singapore,SGP,1972,
Singapore,SGP,1971,
Singapore,SGP,1970,
Singapore,SGP,1969,
Singapore,SGP,1968,
Singapore,SGP,1967,
Singapore,SGP,1966,
Singapore,SGP,1965,
Singapore,SGP,1964,
Singapore,SGP,1963,
Singapore,SGP,1962,
Singapore,SGP,1961,
Singapore,SGP,1960,
Sint Maarten (Dutch part),SXM,2025,
Sint Maarten (Dutch part),SXM,2024,
Sint Maarten (Dutch part),SXM,2023,
Sint Maarten (Dutch part),SXM,2022,
Sint Maarten (Dutch part),SXM,2021,
Sint Maarten (Dutch part),SXM,2020,
Sint Maarten (Dutch part),SXM,2019,
Sint Maarten (Dutch part),SXM,2018,
Sint Maarten (Dutch part),SXM,2017,
Sint Maarten (Dutch part),SXM,2016,
Sint Maarten (Dutch part),SXM,2015,
Sint Maarten (Dutch part),SXM,2014,
Sint Maarten (Dutch part),SXM,2013,
Sint Maarten (Dutch part),SXM,2012,
Sint Maarten (Dutch part),SXM,2011,
Sint Maarten (Dutch part),SXM,2010,
Sint Maarten (Dutch part),SXM,2009,
Sint Maarten (Dutch part),SXM,2008,
Sint Maarten (Dutch part),SXM,2007,
Sint Maarten (Dutch part),SXM,2006,
Sint Maarten (Dutch part),SXM,2005,
Sint Maarten (Dutch part),SXM,2004,
Sint Maarten (Dutch part),SXM,2003,
Sint Maarten (Dutch part),SXM,2002,
Sint Maarten (Dutch part),SXM,2001,
Sint Maarten (Dutch part),SXM,2000,
Sint Maarten (Dutch part),SXM,1999,
Sint Maarten (Dutch part),SXM,1998,
Sint Maarten (Dutch part),SXM,1997,
Sint Maarten (Dutch part),SXM,1996,
Sint Maarten (Dutch part),SXM,1995,
Sint Maarten (Dutch part),SXM,1994,
Sint Maarten (Dutch part),SXM,1993,
Sint Maarten (Dutch part),SXM,1992,
Sint Maarten (Dutch part),SXM,1991,
Sint Maarten (Dutch part),SXM,1990,
Sint Maarten (Dutch part),SXM,1989,
Sint Maarten (Dutch part),SXM,1988,
Sint Maarten (Dutch part),SXM,1987,
Sint Maarten (Dutch part),SXM,1986,
Sint Maarten (Dutch part),SXM,1985,
Sint Maarten (Dutch part),SXM,1984,
Sint Maarten (Dutch part),SXM,1983,
Sint Maarten (Dutch part),SXM,1982,
Sint Maarten (Dutch part),SXM,1981,
Sint Maarten (Dutch part),SXM,1980,
Sint Maarten (Dutch part),SXM,1979,
Sint Maarten (Dutch part),SXM,1978,
Sint Maarten (Dutch part),SXM,1977,
Sint Maarten (Dutch part),SXM,1976,
Sint Maarten (Dutch part),SXM,1975,
Sint Maarten (Dutch part),SXM,1974,
Sint Maarten (Dutch part),SXM,1973,
Sint Maarten (Dutch part),SXM,1972,
Sint Maarten (Dutch part),SXM,1971,
Sint Maarten (Dutch part),SXM,1970,
Sint Maarten (Dutch part),SXM,1969,
Sint Maarten (Dutch part),SXM,1968,
Sint Maarten (Dutch part),SXM,1967,
Sint Maarten (Dutch part),SXM,1966,
Sint Maarten (Dutch part),SXM,1965,
Sint Maarten (Dutch part),SXM,1964,
Sint Maarten (Dutch part),SXM,1963,
Sint Maarten (Dutch part),SXM,1962,
Sint Maarten (Dutch part),SXM,1961,
Sint Maarten (Dutch part),SXM,1960,
Slovak Republic,SVK,2025,55.127
Slovak Republic,SVK,2024,55.464
Slovak Republic,SVK,2023,55.698
Slovak Republic,SVK,2022,55.692
Slovak Republic,SVK,2021,54.62
Slovak Republic,SVK,2020,51.796
Slovak Republic,SVK,2019,52.171
Slovak Republic,SVK,2018,52.241
Slovak Republic,SVK,2017,52.626
Slovak Republic,SVK,2016,52.511
Slovak Republic,SVK,2015,51.931
Slovak Republic,SVK,2014,52.008
Slovak Republic,SVK,2013,50.988
Slovak Republic,SVK,2012,50.648
Slovak Republic,SVK,2011,50.155
Slovak Republic,SVK,2010,50.554
Slovak Republic,SVK,2009,50.051
Slovak Republic,SVK,2008,50.757
Slovak Republic,SVK,2007,50.327
Slovak Republic,SVK,2006,50.548
Slovak Republic,SVK,2005,51.177
Slovak Republic,SVK,2004,52.467
Slovak Republic,SVK,2003,52.907
Slovak Republic,SVK,2002,52.531
Slovak Republic,SVK,2001,52.965
Slovak Republic,SVK,2000,52.588
Slovak Republic,SVK,1999,51.851
Slovak Republic,SVK,1998,51.39
Slovak Republic,SVK,1997,51.819
Slovak Republic,SVK,1996,52.286
Slovak Republic,SVK,1995,51.497
Slovak Republic,SVK,1994,51.36
Slovak Republic,SVK,1993,55.109
Slovak Republic,SVK,1992,57.464
Slovak Republic,SVK,1991,59.683
Slovak Republic,SVK,1990,59.13
Slovak Republic,SVK,1989,
Slovak Republic,SVK,1988,
Slovak Republic,SVK,1987,
Slovak Republic,SVK,1986,
Slovak Republic,SVK,1985,
Slovak Republic,SVK,1984,
Slovak Republic,SVK,1983,
Slovak Republic,SVK,1982,
Slovak Republic,SVK,1981,
Slovak Republic,SVK,1980,
Slovak Republic,SVK,1979,
Slovak Republic,SVK,1978,
Slovak Republic,SVK,1977,
Slovak Republic,SVK,1976,
Slovak Republic,SVK,1975,
Slovak Republic,SVK,1974,
Slovak Republic,SVK,1973,
Slovak Republic,SVK,1972,
Slovak Republic,SVK,1971,
Slovak Republic,SVK,1970,
Slovak Republic,SVK,1969,
Slovak Republic,SVK,1968,
Slovak Republic,SVK,1967,
Slovak Republic,SVK,1966,
Slovak Republic,SVK,1965,
Slovak Republic,SVK,1964,
Slovak Republic,SVK,1963,
Slovak Republic,SVK,1962,
Slovak Republic,SVK,1961,
Slovak Republic,SVK,1960,
Slovenia,SVN,2025,52.297
Slovenia,SVN,2024,52.644
Slovenia,SVN,2023,52.986
Slovenia,SVN,2022,53.875
Slovenia,SVN,2021,53.467
Slovenia,SVN,2020,53.105
Slovenia,SVN,2019,53.382
Slovenia,SVN,2018,53.719
Slovenia,SVN,2017,53.539
Slovenia,SVN,2016,52.113
Slovenia,SVN,2015,52.275
Slovenia,SVN,2014,52.531
Slovenia,SVN,2013,51.929
Slovenia,SVN,2012,52.321
Slovenia,SVN,2011,52.351
Slovenia,SVN,2010,53.142
Slovenia,SVN,2009,53.514
Slovenia,SVN,2008,53.631
Slovenia,SVN,2007,53.514
Slovenia,SVN,2006,53.218
Slovenia,SVN,2005,52.815
Slovenia,SVN,2004,52.836
Slovenia,SVN,2003,50.437
Slovenia,SVN,2002,51.932
Slovenia,SVN,2001,51.133
Slovenia,SVN,2000,51.294
Slovenia,SVN,1999,51.972
Slovenia,SVN,1998,53.141
Slovenia,SVN,1997,52.538
Slovenia,SVN,1996,51.225
Slovenia,SVN,1995,51.372
Slovenia,SVN,1994,51.508
Slovenia,SVN,1993,51.554
Slovenia,SVN,1992,51.621
Slovenia,SVN,1991,51.747
Slovenia,SVN,1990,51.987
Slovenia,SVN,1989,
Slovenia,SVN,1988,
Slovenia,SVN,1987,
Slovenia,SVN,1986,
Slovenia,SVN,1985,
Slovenia,SVN,1984,
Slovenia,SVN,1983,
Slovenia,SVN,1982,
Slovenia,SVN,1981,
Slovenia,SVN,1980,
Slovenia,SVN,1979,
Slovenia,SVN,1978,
Slovenia,SVN,1977,
Slovenia,SVN,1976,
Slovenia,SVN,1975,
Slovenia,SVN,1974,
Slovenia,SVN,1973,
Slovenia,SVN,1972,
Slovenia,SVN,1971,
Slovenia,SVN,1970,
Slovenia,SVN,1969,
Slovenia,SVN,1968,
Slovenia,SVN,1967,
Slovenia,SVN,1966,
Slovenia,SVN,1965,
Slovenia,SVN,1964,
Slovenia,SVN,1963,
Slovenia,SVN,1962,
Slovenia,SVN,1961,
Slovenia,SVN,1960,
Solomon Islands,SLB,2025,82.337
Solomon Islands,SLB,2024,82.328
Solomon Islands,SLB,2023,82.327
Solomon Islands,SLB,2022,82.309
Solomon Islands,SLB,2021,82.26
Solomon Islands,SLB,2020,81.602
Solomon Islands,SLB,2019,82.367
Solomon Islands,SLB,2018,82.361
Solomon Islands,SLB,2017,82.401
Solomon Islands,SLB,2016,82.447
Solomon Islands,SLB,2015,82.568
Solomon Islands,SLB,2014,82.526
Solomon Islands,SLB,2013,82.443
Solomon Islands,SLB,2012,82.491
Solomon Islands,SLB,2011,82.425
Solomon Islands,SLB,2010,82.53
Solomon Islands,SLB,2009,82.721
Solomon Islands,SLB,2008,82.666
Solomon Islands,SLB,2007,82.747
Solomon Islands,SLB,2006,82.736
Solomon Islands,SLB,2005,82.752
Solomon Islands,SLB,2004,82.907
Solomon Islands,SLB,2003,83.085
Solomon Islands,SLB,2002,83.222
Solomon Islands,SLB,2001,82.954
Solomon Islands,SLB,2000,82.44
Solomon Islands,SLB,1999,81.599
Solomon Islands,SLB,1998,81.393
Solomon Islands,SLB,1997,81.262
Solomon Islands,SLB,1996,81.041
Solomon Islands,SLB,1995,80.939
Solomon Islands,SLB,1994,81.206
Solomon Islands,SLB,1993,81.407
Solomon Islands,SLB,1992,81.444
Solomon Islands,SLB,1991,81.856
Solomon Islands,SLB,1990,81.999
Solomon Islands,SLB,1989,
Solomon Islands,SLB,1988,
Solomon Islands,SLB,1987,
Solomon Islands,SLB,1986,
Solomon Islands,SLB,1985,
Solomon Islands,SLB,1984,
Solomon Islands,SLB,1983,
Solomon Islands,SLB,1982,
Solomon Islands,SLB,1981,
Solomon Islands,SLB,1980,
Solomon Islands,SLB,1979,
Solomon Islands,SLB,1978,
Solomon Islands,SLB,1977,
Solomon Islands,SLB,1976,
Solomon Islands,SLB,1975,
Solomon Islands,SLB,1974,
Solomon Islands,SLB,1973,
Solomon Islands,SLB,1972,
Solomon Islands,SLB,1971,
Solomon Islands,SLB,1970,
Solomon Islands,SLB,1969,
Solomon Islands,SLB,1968,
Solomon Islands,SLB,1967,
Solomon Islands,SLB,1966,
Solomon Islands,SLB,1965,
Solomon Islands,SLB,1964,
Solomon Islands,SLB,1963,
Solomon Islands,SLB,1962,
Solomon Islands,SLB,1961,
Solomon Islands,SLB,1960,
"Somalia, Fed. Rep.",SOM,2025,20.7
"Somalia, Fed. Rep.",SOM,2024,20.722
"Somalia, Fed. Rep.",SOM,2023,20.707
"Somalia, Fed. Rep.",SOM,2022,20.666
"Somalia, Fed. Rep.",SOM,2021,20.933
"Somalia, Fed. Rep.",SOM,2020,20.892
"Somalia, Fed. Rep.",SOM,2019,21.094
"Somalia, Fed. Rep.",SOM,2018,21.056
"Somalia, Fed. Rep.",SOM,2017,21.007
"Somalia, Fed. Rep.",SOM,2016,20.967
"Somalia, Fed. Rep.",SOM,2015,20.942
"Somalia, Fed. Rep.",SOM,2014,20.918
"Somalia, Fed. Rep.",SOM,2013,20.893
"Somalia, Fed. Rep.",SOM,2012,20.857
"Somalia, Fed. Rep.",SOM,2011,20.733
"Somalia, Fed. Rep.",SOM,2010,20.612
"Somalia, Fed. Rep.",SOM,2009,20.574
"Somalia, Fed. Rep.",SOM,2008,20.55
"Somalia, Fed. Rep.",SOM,2007,20.567
"Somalia, Fed. Rep.",SOM,2006,20.661
"Somalia, Fed. Rep.",SOM,2005,20.79
"Somalia, Fed. Rep.",SOM,2004,20.89
"Somalia, Fed. Rep.",SOM,2003,20.954
"Somalia, Fed. Rep.",SOM,2002,21.0
"Somalia, Fed. Rep.",SOM,2001,21.041
"Somalia, Fed. Rep.",SOM,2000,21.081
"Somalia, Fed. Rep.",SOM,1999,21.122
"Somalia, Fed. Rep.",SOM,1998,21.166
"Somalia, Fed. Rep.",SOM,1997,21.213
"Somalia, Fed. Rep.",SOM,1996,21.262
"Somalia, Fed. Rep.",SOM,1995,21.317
"Somalia, Fed. Rep.",SOM,1994,21.378
"Somalia, Fed. Rep.",SOM,1993,21.445
"Somalia, Fed. Rep.",SOM,1992,21.4
"Somalia, Fed. Rep.",SOM,1991,21.231
"Somalia, Fed. Rep.",SOM,1990,21.192
"Somalia, Fed. Rep.",SOM,1989,
"Somalia, Fed. Rep.",SOM,1988,
"Somalia, Fed. Rep.",SOM,1987,
"Somalia, Fed. Rep.",SOM,1986,
"Somalia, Fed. Rep.",SOM,1985,
"Somalia, Fed. Rep.",SOM,1984,
"Somalia, Fed. Rep.",SOM,1983,
"Somalia, Fed. Rep.",SOM,1982,
"Somalia, Fed. Rep.",SOM,1981,
"Somalia, Fed. Rep.",SOM,1980,
"Somalia, Fed. Rep.",SOM,1979,
"Somalia, Fed. Rep.",SOM,1978,
"Somalia, Fed. Rep.",SOM,1977,
"Somalia, Fed. Rep.",SOM,1976,
"Somalia, Fed. Rep.",SOM,1975,
"Somalia, Fed. Rep.",SOM,1974,
"Somalia, Fed. Rep.",SOM,1973,
"Somalia, Fed. Rep.",SOM,1972,
"Somalia, Fed. Rep.",SOM,1971,
"Somalia, Fed. Rep.",SOM,1970,
"Somalia, Fed. Rep.",SOM,1969,
"Somalia, Fed. Rep.",SOM,1968,
"Somalia, Fed. Rep.",SOM,1967,
"Somalia, Fed. Rep.",SOM,1966,
"Somalia, Fed. Rep.",SOM,1965,
"Somalia, Fed. Rep.",SOM,1964,
"Somalia, Fed. Rep.",SOM,1963,
"Somalia, Fed. Rep.",SOM,1962,
"Somalia, Fed. Rep.",SOM,1961,
"Somalia, Fed. Rep.",SOM,1960,
South Africa,ZAF,2025,49.881
South Africa,ZAF,2024,49.801
South Africa,ZAF,2023,49.052
South Africa,ZAF,2022,47.118
South Africa,ZAF,2021,45.413
South Africa,ZAF,2020,44.148
South Africa,ZAF,2019,48.579
South Africa,ZAF,2018,48.518
South Africa,ZAF,2017,48.632
South Africa,ZAF,2016,47.74
South Africa,ZAF,2015,47.716
South Africa,ZAF,2014,46.492
South Africa,ZAF,2013,46.273
South Africa,ZAF,2012,45.333
South Africa,ZAF,2011,45.149
South Africa,ZAF,2010,44.76
South Africa,ZAF,2009,46.384
South Africa,ZAF,2008,48.062
South Africa,ZAF,2007,47.968
South Africa,ZAF,2006,47.846
South Africa,ZAF,2005,47.708
South Africa,ZAF,2004,47.539
South Africa,ZAF,2003,47.33
South Africa,ZAF,2002,47.089
South Africa,ZAF,2001,46.836
South Africa,ZAF,2000,46.583
South Africa,ZAF,1999,46.343
South Africa,ZAF,1998,46.124
South Africa,ZAF,1997,45.934
South Africa,ZAF,1996,45.634
South Africa,ZAF,1995,45.305
South Africa,ZAF,1994,44.963
South Africa,ZAF,1993,44.843
South Africa,ZAF,1992,44.877
South Africa,ZAF,1991,44.788
South Africa,ZAF,1990,44.72
South Africa,ZAF,1989,
South Africa,ZAF,1988,
South Africa,ZAF,1987,
South Africa,ZAF,1986,
South Africa,ZAF,1985,
South Africa,ZAF,1984,
South Africa,ZAF,1983,
South Africa,ZAF,1982,
South Africa,ZAF,1981,
South Africa,ZAF,1980,
South Africa,ZAF,1979,
South Africa,ZAF,1978,
South Africa,ZAF,1977,
South Africa,ZAF,1976,
South Africa,ZAF,1975,
South Africa,ZAF,1974,
South Africa,ZAF,1973,
South Africa,ZAF,1972,
South Africa,ZAF,1971,
South Africa,ZAF,1970,
South Africa,ZAF,1969,
South Africa,ZAF,1968,
South Africa,ZAF,1967,
South Africa,ZAF,1966,
South Africa,ZAF,1965,
South Africa,ZAF,1964,
South Africa,ZAF,1963,
South Africa,ZAF,1962,
South Africa,ZAF,1961,
South Africa,ZAF,1960,
South Sudan,SSD,2025,
South Sudan,SSD,2024,
South Sudan,SSD,2023,70.393
South Sudan,SSD,2022,70.628
South Sudan,SSD,2021,71.344
South Sudan,SSD,2020,70.996
South Sudan,SSD,2019,71.68
South Sudan,SSD,2018,71.286
South Sudan,SSD,2017,71.24
South Sudan,SSD,2016,71.609
South Sudan,SSD,2015,71.806
South Sudan,SSD,2014,71.999
South Sudan,SSD,2013,72.196
South Sudan,SSD,2012,72.18
South Sudan,SSD,2011,72.098
South Sudan,SSD,2010,71.903
South Sudan,SSD,2009,71.716
South Sudan,SSD,2008,71.594
South Sudan,SSD,2007,71.448
South Sudan,SSD,2006,71.3
South Sudan,SSD,2005,71.167
South Sudan,SSD,2004,71.058
South Sudan,SSD,2003,71.028
South Sudan,SSD,2002,71.091
South Sudan,SSD,2001,71.154
South Sudan,SSD,2000,71.173
South Sudan,SSD,1999,71.158
South Sudan,SSD,1998,71.09
South Sudan,SSD,1997,71.029
South Sudan,SSD,1996,71.043
South Sudan,SSD,1995,71.078
South Sudan,SSD,1994,71.095
South Sudan,SSD,1993,71.113
South Sudan,SSD,1992,71.146
South Sudan,SSD,1991,71.164
South Sudan,SSD,1990,71.168
South Sudan,SSD,1989,
South Sudan,SSD,1988,
South Sudan,SSD,1987,
South Sudan,SSD,1986,
South Sudan,SSD,1985,
South Sudan,SSD,1984,
South Sudan,SSD,1983,
South Sudan,SSD,1982,
South Sudan,SSD,1981,
South Sudan,SSD,1980,
South Sudan,SSD,1979,
South Sudan,SSD,1978,
South Sudan,SSD,1977,
South Sudan,SSD,1976,
South Sudan,SSD,1975,
South Sudan,SSD,1974,
South Sudan,SSD,1973,
South Sudan,SSD,1972,
South Sudan,SSD,1971,
South Sudan,SSD,1970,
South Sudan,SSD,1969,
South Sudan,SSD,1968,
South Sudan,SSD,1967,
South Sudan,SSD,1966,
South Sudan,SSD,1965,
South Sudan,SSD,1964,
South Sudan,SSD,1963,
South Sudan,SSD,1962,
South Sudan,SSD,1961,
South Sudan,SSD,1960,
Spain,ESP,2025,52.825
Spain,ESP,2024,53.195
Spain,ESP,2023,52.773
Spain,ESP,2022,52.281
Spain,ESP,2021,52.177
Spain,ESP,2020,50.922
Spain,ESP,2019,52.039
Spain,ESP,2018,51.873
Spain,ESP,2017,52.281
Spain,ESP,2016,52.485
Spain,ESP,2015,52.62
Spain,ESP,2014,52.629
Spain,ESP,2013,52.831
Spain,ESP,2012,52.895
Spain,ESP,2011,52.29
Spain,ESP,2010,51.711
Spain,ESP,2009,51.013
Spain,ESP,2008,49.934
Spain,ESP,2007,48.547
Spain,ESP,2006,47.598
Spain,ESP,2005,46.176
Spain,ESP,2004,44.756
Spain,ESP,2003,43.378
Spain,ESP,2002,41.891
Spain,ESP,2001,39.439
Spain,ESP,2000,40.657
Spain,ESP,1999,39.117
Spain,ESP,1998,38.425
Spain,ESP,1997,38.067
Spain,ESP,1996,37.279
Spain,ESP,1995,36.77
Spain,ESP,1994,36.312
Spain,ESP,1993,35.025
Spain,ESP,1992,34.455
Spain,ESP,1991,33.435
Spain,ESP,1990,33.351
Spain,ESP,1989,
Spain,ESP,1988,
Spain,ESP,1987,
Spain,ESP,1986,
Spain,ESP,1985,
Spain,ESP,1984,
Spain,ESP,1983,
Spain,ESP,1982,
Spain,ESP,1981,
Spain,ESP,1980,
Spain,ESP,1979,
Spain,ESP,1978,
Spain,ESP,1977,
Spain,ESP,1976,
Spain,ESP,1975,
Spain,ESP,1974,
Spain,ESP,1973,
Spain,ESP,1972,
Spain,ESP,1971,
Spain,ESP,1970,
Spain,ESP,1969,
Spain,ESP,1968,
Spain,ESP,1967,
Spain,ESP,1966,
Spain,ESP,1965,
Spain,ESP,1964,
Spain,ESP,1963,
Spain,ESP,1962,
Spain,ESP,1961,
Spain,ESP,1960,
Sri Lanka,LKA,2025,30.992
Sri Lanka,LKA,2024,30.998
Sri Lanka,LKA,2023,29.6
Sri Lanka,LKA,2022,31.605
Sri Lanka,LKA,2021,31.329
Sri Lanka,LKA,2020,31.663
Sri Lanka,LKA,2019,34.051
Sri Lanka,LKA,2018,33.105
Sri Lanka,LKA,2017,36.094
Sri Lanka,LKA,2016,35.252
Sri Lanka,LKA,2015,35.33
Sri Lanka,LKA,2014,33.211
Sri Lanka,LKA,2013,33.869
Sri Lanka,LKA,2012,32.649
Sri Lanka,LKA,2011,33.946
Sri Lanka,LKA,2010,33.965
Sri Lanka,LKA,2009,34.191
Sri Lanka,LKA,2008,34.415
Sri Lanka,LKA,2007,34.644
Sri Lanka,LKA,2006,34.876
Sri Lanka,LKA,2005,35.111
Sri Lanka,LKA,2004,35.35
Sri Lanka,LKA,2003,35.59
Sri Lanka,LKA,2002,35.831
Sri Lanka,LKA,2001,36.077
Sri Lanka,LKA,2000,36.331
Sri Lanka,LKA,1999,37.649
Sri Lanka,LKA,1998,41.33
Sri Lanka,LKA,1997,35.263
Sri Lanka,LKA,1996,35.489
Sri Lanka,LKA,1995,35.6
Sri Lanka,LKA,1994,37.9
Sri Lanka,LKA,1993,37.676
Sri Lanka,LKA,1992,36.913
Sri Lanka,LKA,1991,41.002
Sri Lanka,LKA,1990,45.149
Sri Lanka,LKA,1989,
Sri Lanka,LKA,1988,
Sri Lanka,LKA,1987,
Sri Lanka,LKA,1986,
Sri Lanka,LKA,1985,
Sri Lanka,LKA,1984,
Sri Lanka,LKA,1983,
Sri Lanka,LKA,1982,
Sri Lanka,LKA,1981,
Sri Lanka,LKA,1980,
Sri Lanka,LKA,1979,
Sri Lanka,LKA,1978,
Sri Lanka,LKA,1977,
Sri Lanka,LKA,1976,
Sri Lanka,LKA,1975,
Sri Lanka,LKA,1974,
Sri Lanka,LKA,1973,
Sri Lanka,LKA,1972,
Sri Lanka,LKA,1971,
Sri Lanka,LKA,1970,
Sri Lanka,LKA,1969,
Sri Lanka,LKA,1968,
Sri Lanka,LKA,1967,
Sri Lanka,LKA,1966,
Sri Lanka,LKA,1965,
Sri Lanka,LKA,1964,
Sri Lanka,LKA,1963,
Sri Lanka,LKA,1962,
Sri Lanka,LKA,1961,
Sri Lanka,LKA,1960,
St. Kitts and Nevis,KNA,2025,
St. Kitts and Nevis,KNA,2024,
St. Kitts and Nevis,KNA,2023,
St. Kitts and Nevis,KNA,2022,
St. Kitts and Nevis,KNA,2021,
St. Kitts and Nevis,KNA,2020,
St. Kitts and Nevis,KNA,2019,
St. Kitts and Nevis,KNA,2018,
St. Kitts and Nevis,KNA,2017,
St. Kitts and Nevis,KNA,2016,
St. Kitts and Nevis,KNA,2015,
St. Kitts and Nevis,KNA,2014,
St. Kitts and Nevis,KNA,2013,
St. Kitts and Nevis,KNA,2012,
St. Kitts and Nevis,KNA,2011,
St. Kitts and Nevis,KNA,2010,
St. Kitts and Nevis,KNA,2009,
St. Kitts and Nevis,KNA,2008,
St. Kitts and Nevis,KNA,2007,
St. Kitts and Nevis,KNA,2006,
St. Kitts and Nevis,KNA,2005,
St. Kitts and Nevis,KNA,2004,
St. Kitts and Nevis,KNA,2003,
St. Kitts and Nevis,KNA,2002,
St. Kitts and Nevis,KNA,2001,
St. Kitts and Nevis,KNA,2000,
St. Kitts and Nevis,KNA,1999,
St. Kitts and Nevis,KNA,1998,
St. Kitts and Nevis,KNA,1997,
St. Kitts and Nevis,KNA,1996,
St. Kitts and Nevis,KNA,1995,
St. Kitts and Nevis,KNA,1994,
St. Kitts and Nevis,KNA,1993,
St. Kitts and Nevis,KNA,1992,
St. Kitts and Nevis,KNA,1991,
St. Kitts and Nevis,KNA,1990,
St. Kitts and Nevis,KNA,1989,
St. Kitts and Nevis,KNA,1988,
St. Kitts and Nevis,KNA,1987,
St. Kitts and Nevis,KNA,1986,
St. Kitts and Nevis,KNA,1985,
St. Kitts and Nevis,KNA,1984,
St. Kitts and Nevis,KNA,1983,
St. Kitts and Nevis,KNA,1982,
St. Kitts and Nevis,KNA,1981,
St. Kitts and Nevis,KNA,1980,
St. Kitts and Nevis,KNA,1979,
St. Kitts and Nevis,KNA,1978,
St. Kitts and Nevis,KNA,1977,
St. Kitts and Nevis,KNA,1976,
St. Kitts and Nevis,KNA,1975,
St. Kitts and Nevis,KNA,1974,
St. Kitts and Nevis,KNA,1973,
St. Kitts and Nevis,KNA,1972,
St. Kitts and Nevis,KNA,1971,
St. Kitts and Nevis,KNA,1970,
St. Kitts and Nevis,KNA,1969,
St. Kitts and Nevis,KNA,1968,
St. Kitts and Nevis,KNA,1967,
St. Kitts and Nevis,KNA,1966,
St. Kitts and Nevis,KNA,1965,
St. Kitts and Nevis,KNA,1964,
St. Kitts and Nevis,KNA,1963,
St. Kitts and Nevis,KNA,1962,
St. Kitts and Nevis,KNA,1961,
St. Kitts and Nevis,KNA,1960,
St. Lucia,LCA,2025,61.995
St. Lucia,LCA,2024,61.885
St. Lucia,LCA,2023,62.135
St. Lucia,LCA,2022,62.68
St. Lucia,LCA,2021,60.375
St. Lucia,LCA,2020,49.331
St. Lucia,LCA,2019,64.312
St. Lucia,LCA,2018,63.882
St. Lucia,LCA,2017,63.695
St. Lucia,LCA,2016,63.595
St. Lucia,LCA,2015,63.495
St. Lucia,LCA,2014,63.394
St. Lucia,LCA,2013,63.293
St. Lucia,LCA,2012,64.477
St. Lucia,LCA,2011,61.673
St. Lucia,LCA,2010,60.848
St. Lucia,LCA,2009,60.025
St. Lucia,LCA,2008,59.208
St. Lucia,LCA,2007,58.39
St. Lucia,LCA,2006,57.567
St. Lucia,LCA,2005,56.739
St. Lucia,LCA,2004,55.909
St. Lucia,LCA,2003,55.078
St. Lucia,LCA,2002,54.247
St. Lucia,LCA,2001,53.416
St. Lucia,LCA,2000,52.897
St. Lucia,LCA,1999,52.385
St. Lucia,LCA,1998,51.88
St. Lucia,LCA,1997,51.375
St. Lucia,LCA,1996,50.868
St. Lucia,LCA,1995,50.362
St. Lucia,LCA,1994,49.856
St. Lucia,LCA,1993,49.349
St. Lucia,LCA,1992,48.843
St. Lucia,LCA,1991,48.343
St. Lucia,LCA,1990,48.209
St. Lucia,LCA,1989,
St. Lucia,LCA,1988,
St. Lucia,LCA,1987,
St. Lucia,LCA,1986,
St. Lucia,LCA,1985,
St. Lucia,LCA,1984,
St. Lucia,LCA,1983,
St. Lucia,LCA,1982,
St. Lucia,LCA,1981,
St. Lucia,LCA,1980,
St. Lucia,LCA,1979,
St. Lucia,LCA,1978,
St. Lucia,LCA,1977,
St. Lucia,LCA,1976,
St. Lucia,LCA,1975,
St. Lucia,LCA,1974,
St. Lucia,LCA,1973,
St. Lucia,LCA,1972,
St. Lucia,LCA,1971,
St. Lucia,LCA,1970,
St. Lucia,LCA,1969,
St. Lucia,LCA,1968,
St. Lucia,LCA,1967,
St. Lucia,LCA,1966,
St. Lucia,LCA,1965,
St. Lucia,LCA,1964,
St. Lucia,LCA,1963,
St. Lucia,LCA,1962,
St. Lucia,LCA,1961,
St. Lucia,LCA,1960,
St. Martin (French part),MAF,2025,
St. Martin (French part),MAF,2024,
St. Martin (French part),MAF,2023,
St. Martin (French part),MAF,2022,
St. Martin (French part),MAF,2021,
St. Martin (French part),MAF,2020,
St. Martin (French part),MAF,2019,
St. Martin (French part),MAF,2018,
St. Martin (French part),MAF,2017,
St. Martin (French part),MAF,2016,
St. Martin (French part),MAF,2015,
St. Martin (French part),MAF,2014,
St. Martin (French part),MAF,2013,
St. Martin (French part),MAF,2012,
St. Martin (French part),MAF,2011,
St. Martin (French part),MAF,2010,
St. Martin (French part),MAF,2009,
St. Martin (French part),MAF,2008,
St. Martin (French part),MAF,2007,
St. Martin (French part),MAF,2006,
St. Martin (French part),MAF,2005,
St. Martin (French part),MAF,2004,
St. Martin (French part),MAF,2003,
St. Martin (French part),MAF,2002,
St. Martin (French part),MAF,2001,
St. Martin (French part),MAF,2000,
St. Martin (French part),MAF,1999,
St. Martin (French part),MAF,1998,
St. Martin (French part),MAF,1997,
St. Martin (French part),MAF,1996,
St. Martin (French part),MAF,1995,
St. Martin (French part),MAF,1994,
St. Martin (French part),MAF,1993,
St. Martin (French part),MAF,1992,
St. Martin (French part),MAF,1991,
St. Martin (French part),MAF,1990,
St. Martin (French part),MAF,1989,
St. Martin (French part),MAF,1988,
St. Martin (French part),MAF,1987,
St. Martin (French part),MAF,1986,
St. Martin (French part),MAF,1985,
St. Martin (French part),MAF,1984,
St. Martin (French part),MAF,1983,
St. Martin (French part),MAF,1982,
St. Martin (French part),MAF,1981,
St. Martin (French part),MAF,1980,
St. Martin (French part),MAF,1979,
St. Martin (French part),MAF,1978,
St. Martin (French part),MAF,1977,
St. Martin (French part),MAF,1976,
St. Martin (French part),MAF,1975,
St. Martin (French part),MAF,1974,
St. Martin (French part),MAF,1973,
St. Martin (French part),MAF,1972,
St. Martin (French part),MAF,1971,
St. Martin (French part),MAF,1970,
St. Martin (French part),MAF,1969,
St. Martin (French part),MAF,1968,
St. Martin (French part),MAF,1967,
St. Martin (French part),MAF,1966,
St. Martin (French part),MAF,1965,
St. Martin (French part),MAF,1964,
St. Martin (French part),MAF,1963,
St. Martin (French part),MAF,1962,
St. Martin (French part),MAF,1961,
St. Martin (French part),MAF,1960,
St. Vincent and the Grenadines,VCT,2025,59.217
St. Vincent and the Grenadines,VCT,2024,59.253
St. Vincent and the Grenadines,VCT,2023,58.568
St. Vincent and the Grenadines,VCT,2022,57.595
St. Vincent and the Grenadines,VCT,2021,56.463
St. Vincent and the Grenadines,VCT,2020,56.109
St. Vincent and the Grenadines,VCT,2019,56.844
St. Vincent and the Grenadines,VCT,2018,56.362
St. Vincent and the Grenadines,VCT,2017,55.748
St. Vincent and the Grenadines,VCT,2016,55.3
St. Vincent and the Grenadines,VCT,2015,54.737
St. Vincent and the Grenadines,VCT,2014,54.296
St. Vincent and the Grenadines,VCT,2013,53.95
St. Vincent and the Grenadines,VCT,2012,53.515
St. Vincent and the Grenadines,VCT,2011,53.128
St. Vincent and the Grenadines,VCT,2010,52.809
St. Vincent and the Grenadines,VCT,2009,52.778
St. Vincent and the Grenadines,VCT,2008,52.531
St. Vincent and the Grenadines,VCT,2007,52.159
St. Vincent and the Grenadines,VCT,2006,51.569
St. Vincent and the Grenadines,VCT,2005,50.719
St. Vincent and the Grenadines,VCT,2004,50.231
St. Vincent and the Grenadines,VCT,2003,49.651
St. Vincent and the Grenadines,VCT,2002,48.896
St. Vincent and the Grenadines,VCT,2001,48.262
St. Vincent and the Grenadines,VCT,2000,47.946
St. Vincent and the Grenadines,VCT,1999,47.697
St. Vincent and the Grenadines,VCT,1998,47.35
St. Vincent and the Grenadines,VCT,1997,46.862
St. Vincent and the Grenadines,VCT,1996,46.427
St. Vincent and the Grenadines,VCT,1995,46.181
St. Vincent and the Grenadines,VCT,1994,45.456
St. Vincent and the Grenadines,VCT,1993,45.416
St. Vincent and the Grenadines,VCT,1992,44.913
St. Vincent and the Grenadines,VCT,1991,44.24
St. Vincent and the Grenadines,VCT,1990,44.001
St. Vincent and the Grenadines,VCT,1989,
St. Vincent and the Grenadines,VCT,1988,
St. Vincent and the Grenadines,VCT,1987,
St. Vincent and the Grenadines,VCT,1986,
St. Vincent and the Grenadines,VCT,1985,
St. Vincent and the Grenadines,VCT,1984,
St. Vincent and the Grenadines,VCT,1983,
St. Vincent and the Grenadines,VCT,1982,
St. Vincent and the Grenadines,VCT,1981,
St. Vincent and the Grenadines,VCT,1980,
St. Vincent and the Grenadines,VCT,1979,
St. Vincent and the Grenadines,VCT,1978,
St. Vincent and the Grenadines,VCT,1977,
St. Vincent and the Grenadines,VCT,1976,
St. Vincent and the Grenadines,VCT,1975,
St. Vincent and the Grenadines,VCT,1974,
St. Vincent and the Grenadines,VCT,1973,
St. Vincent and the Grenadines,VCT,1972,
St. Vincent and the Grenadines,VCT,1971,
St. Vincent and the Grenadines,VCT,1970,
St. Vincent and the Grenadines,VCT,1969,
St. Vincent and the Grenadines,VCT,1968,
St. Vincent and the Grenadines,VCT,1967,
St. Vincent and the Grenadines,VCT,1966,
St. Vincent and the Grenadines,VCT,1965,
St. Vincent and the Grenadines,VCT,1964,
St. Vincent and the Grenadines,VCT,1963,
St. Vincent and the Grenadines,VCT,1962,
St. Vincent and the Grenadines,VCT,1961,
St. Vincent and the Grenadines,VCT,1960,
Sudan,SDN,2025,
Sudan,SDN,2024,
Sudan,SDN,2023,
Sudan,SDN,2022,14.452
Sudan,SDN,2021,15.807
Sudan,SDN,2020,17.008
Sudan,SDN,2019,18.466
Sudan,SDN,2018,19.704
Sudan,SDN,2017,20.9
Sudan,SDN,2016,22.088
Sudan,SDN,2015,23.304
Sudan,SDN,2014,24.517
Sudan,SDN,2013,25.747
Sudan,SDN,2012,27.022
Sudan,SDN,2011,28.33
Sudan,SDN,2010,27.404
Sudan,SDN,2009,26.503
Sudan,SDN,2008,25.6
Sudan,SDN,2007,25.869
Sudan,SDN,2006,26.141
Sudan,SDN,2005,26.411
Sudan,SDN,2004,26.68
Sudan,SDN,2003,26.959
Sudan,SDN,2002,27.245
Sudan,SDN,2001,27.532
Sudan,SDN,2000,27.819
Sudan,SDN,1999,28.106
Sudan,SDN,1998,28.391
Sudan,SDN,1997,28.674
Sudan,SDN,1996,28.962
Sudan,SDN,1995,27.992
Sudan,SDN,1994,27.049
Sudan,SDN,1993,26.136
Sudan,SDN,1992,25.256
Sudan,SDN,1991,24.405
Sudan,SDN,1990,23.58
Sudan,SDN,1989,
Sudan,SDN,1988,
Sudan,SDN,1987,
Sudan,SDN,1986,
Sudan,SDN,1985,
Sudan,SDN,1984,
Sudan,SDN,1983,
Sudan,SDN,1982,
Sudan,SDN,1981,
Sudan,SDN,1980,
Sudan,SDN,1979,
Sudan,SDN,1978,
Sudan,SDN,1977,
Sudan,SDN,1976,
Sudan,SDN,1975,
Sudan,SDN,1974,
Sudan,SDN,1973,
Sudan,SDN,1972,
Sudan,SDN,1971,
Sudan,SDN,1970,
Sudan,SDN,1969,
Sudan,SDN,1968,
Sudan,SDN,1967,
Sudan,SDN,1966,
Sudan,SDN,1965,
Sudan,SDN,1964,
Sudan,SDN,1963,
Sudan,SDN,1962,
Sudan,SDN,1961,
Sudan,SDN,1960,
Suriname,SUR,2025,44.915
Suriname,SUR,2024,44.887
Suriname,SUR,2023,44.348
Suriname,SUR,2022,43.957
Suriname,SUR,2021,43.581
Suriname,SUR,2020,42.93
Suriname,SUR,2019,46.005
Suriname,SUR,2018,45.863
Suriname,SUR,2017,45.334
Suriname,SUR,2016,45.14
Suriname,SUR,2015,44.378
Suriname,SUR,2014,43.618
Suriname,SUR,2013,42.86
Suriname,SUR,2012,42.103
Suriname,SUR,2011,41.347
Suriname,SUR,2010,40.594
Suriname,SUR,2009,39.844
Suriname,SUR,2008,39.098
Suriname,SUR,2007,38.356
Suriname,SUR,2006,37.618
Suriname,SUR,2005,36.884
Suriname,SUR,2004,36.154
Suriname,SUR,2003,35.444
Suriname,SUR,2002,34.754
Suriname,SUR,2001,34.072
Suriname,SUR,2000,33.397
Suriname,SUR,1999,32.73
Suriname,SUR,1998,32.643
Suriname,SUR,1997,32.558
Suriname,SUR,1996,32.474
Suriname,SUR,1995,32.391
Suriname,SUR,1994,32.42
Suriname,SUR,1993,32.154
Suriname,SUR,1992,32.693
Suriname,SUR,1991,32.652
Suriname,SUR,1990,32.426
Suriname,SUR,1989,
Suriname,SUR,1988,
Suriname,SUR,1987,
Suriname,SUR,1986,
Suriname,SUR,1985,
Suriname,SUR,1984,
Suriname,SUR,1983,
Suriname,SUR,1982,
Suriname,SUR,1981,
Suriname,SUR,1980,
Suriname,SUR,1979,
Suriname,SUR,1978,
Suriname,SUR,1977,
Suriname,SUR,1976,
Suriname,SUR,1975,
Suriname,SUR,1974,
Suriname,SUR,1973,
Suriname,SUR,1972,
Suriname,SUR,1971,
Suriname,SUR,1970,
Suriname,SUR,1969,
Suriname,SUR,1968,
Suriname,SUR,1967,
Suriname,SUR,1966,
Suriname,SUR,1965,
Suriname,SUR,1964,
Suriname,SUR,1963,
Suriname,SUR,1962,
Suriname,SUR,1961,
Suriname,SUR,1960,
Sweden,SWE,2025,61.537
Sweden,SWE,2024,61.68
Sweden,SWE,2023,61.685
Sweden,SWE,2022,61.05
Sweden,SWE,2021,60.704
Sweden,SWE,2020,60.587
Sweden,SWE,2019,61.315
Sweden,SWE,2018,61.259
Sweden,SWE,2017,61.036
Sweden,SWE,2016,60.691
Sweden,SWE,2015,60.562
Sweden,SWE,2014,60.279
Sweden,SWE,2013,60.127
Sweden,SWE,2012,59.719
Sweden,SWE,2011,59.526
Sweden,SWE,2010,58.976
Sweden,SWE,2009,59.378
Sweden,SWE,2008,59.836
Sweden,SWE,2007,59.706
Sweden,SWE,2006,59.231
Sweden,SWE,2005,59.116
Sweden,SWE,2004,58.466
Sweden,SWE,2003,58.793
Sweden,SWE,2002,58.716
Sweden,SWE,2001,58.578
Sweden,SWE,2000,58.104
Sweden,SWE,1999,58.374
Sweden,SWE,1998,57.358
Sweden,SWE,1997,58.592
Sweden,SWE,1996,59.066
Sweden,SWE,1995,58.996
Sweden,SWE,1994,58.54
Sweden,SWE,1993,59.355
Sweden,SWE,1992,60.781
Sweden,SWE,1991,62.138
Sweden,SWE,1990,62.803
Sweden,SWE,1989,
Sweden,SWE,1988,
Sweden,SWE,1987,
Sweden,SWE,1986,
Sweden,SWE,1985,
Sweden,SWE,1984,
Sweden,SWE,1983,
Sweden,SWE,1982,
Sweden,SWE,1981,
Sweden,SWE,1980,
Sweden,SWE,1979,
Sweden,SWE,1978,
Sweden,SWE,1977,
Sweden,SWE,1976,
Sweden,SWE,1975,
Sweden,SWE,1974,
Sweden,SWE,1973,
Sweden,SWE,1972,
Sweden,SWE,1971,
Sweden,SWE,1970,
Sweden,SWE,1969,
Sweden,SWE,1968,
Sweden,SWE,1967,
Sweden,SWE,1966,
Sweden,SWE,1965,
Sweden,SWE,1964,
Sweden,SWE,1963,
Sweden,SWE,1962,
Sweden,SWE,1961,
Sweden,SWE,1960,
Switzerland,CHE,2025,62.223
Switzerland,CHE,2024,62.53
Switzerland,CHE,2023,62.375
Switzerland,CHE,2022,61.931
Switzerland,CHE,2021,62.631
Switzerland,CHE,2020,62.636
Switzerland,CHE,2019,63.079
Switzerland,CHE,2018,63.007
Switzerland,CHE,2017,62.705
Switzerland,CHE,2016,62.934
Switzerland,CHE,2015,62.36
Switzerland,CHE,2014,61.988
Switzerland,CHE,2013,61.21
Switzerland,CHE,2012,60.903
Switzerland,CHE,2011,60.613
Switzerland,CHE,2010,60.021
Switzerland,CHE,2009,61.646
Switzerland,CHE,2008,61.329
Switzerland,CHE,2007,59.956
Switzerland,CHE,2006,59.755
Switzerland,CHE,2005,59.35
Switzerland,CHE,2004,59.132
Switzerland,CHE,2003,59.497
Switzerland,CHE,2002,59.358
Switzerland,CHE,2001,58.797
Switzerland,CHE,2000,57.595
Switzerland,CHE,1999,58.124
Switzerland,CHE,1998,58.014
Switzerland,CHE,1997,56.924
Switzerland,CHE,1996,56.867
Switzerland,CHE,1995,52.01
Switzerland,CHE,1994,51.951
Switzerland,CHE,1993,52.819
Switzerland,CHE,1992,52.186
Switzerland,CHE,1991,51.823
Switzerland,CHE,1990,51.611
Switzerland,CHE,1989,
Switzerland,CHE,1988,
Switzerland,CHE,1987,
Switzerland,CHE,1986,
Switzerland,CHE,1985,
Switzerland,CHE,1984,
Switzerland,CHE,1983,
Switzerland,CHE,1982,
Switzerland,CHE,1981,
Switzerland,CHE,1980,
Switzerland,CHE,1979,
Switzerland,CHE,1978,
Switzerland,CHE,1977,
Switzerland,CHE,1976,
Switzerland,CHE,1975,
Switzerland,CHE,1974,
Switzerland,CHE,1973,
Switzerland,CHE,1972,
Switzerland,CHE,1971,
Switzerland,CHE,1970,
Switzerland,CHE,1969,
Switzerland,CHE,1968,
Switzerland,CHE,1967,
Switzerland,CHE,1966,
Switzerland,CHE,1965,
Switzerland,CHE,1964,
Switzerland,CHE,1963,
Switzerland,CHE,1962,
Switzerland,CHE,1961,
Switzerland,CHE,1960,
Syrian Arab Republic,SYR,2025,12.727
Syrian Arab Republic,SYR,2024,12.772
Syrian Arab Republic,SYR,2023,12.879
Syrian Arab Republic,SYR,2022,13.02
Syrian Arab Republic,SYR,2021,12.824
Syrian Arab Republic,SYR,2020,12.668
Syrian Arab Republic,SYR,2019,13.39
Syrian Arab Republic,SYR,2018,13.137
Syrian Arab Republic,SYR,2017,12.939
Syrian Arab Republic,SYR,2016,12.802
Syrian Arab Republic,SYR,2015,12.729
Syrian Arab Republic,SYR,2014,12.812
Syrian Arab Republic,SYR,2013,13.03
Syrian Arab Republic,SYR,2012,13.499
Syrian Arab Republic,SYR,2011,14.934
Syrian Arab Republic,SYR,2010,12.979
Syrian Arab Republic,SYR,2009,13.21
Syrian Arab Republic,SYR,2008,13.703
Syrian Arab Republic,SYR,2007,14.214
Syrian Arab Republic,SYR,2006,15.388
Syrian Arab Republic,SYR,2005,16.538
Syrian Arab Republic,SYR,2004,17.747
Syrian Arab Republic,SYR,2003,19.01
Syrian Arab Republic,SYR,2002,19.616
Syrian Arab Republic,SYR,2001,20.241
Syrian Arab Republic,SYR,2000,20.887
Syrian Arab Republic,SYR,1999,18.594
Syrian Arab Republic,SYR,1998,16.511
Syrian Arab Republic,SYR,1997,17.723
Syrian Arab Republic,SYR,1996,19.043
Syrian Arab Republic,SYR,1995,20.484
Syrian Arab Republic,SYR,1994,20.094
Syrian Arab Republic,SYR,1993,19.739
Syrian Arab Republic,SYR,1992,19.52
Syrian Arab Republic,SYR,1991,19.062
Syrian Arab Republic,SYR,1990,18.798
Syrian Arab Republic,SYR,1989,
Syrian Arab Republic,SYR,1988,
Syrian Arab Republic,SYR,1987,
Syrian Arab Republic,SYR,1986,
Syrian Arab Republic,SYR,1985,
Syrian Arab Republic,SYR,1984,
Syrian Arab Republic,SYR,1983,
Syrian Arab Republic,SYR,1982,
Syrian Arab Republic,SYR,1981,
Syrian Arab Republic,SYR,1980,
Syrian Arab Republic,SYR,1979,
Syrian Arab Republic,SYR,1978,
Syrian Arab Republic,SYR,1977,
Syrian Arab Republic,SYR,1976,
Syrian Arab Republic,SYR,1975,
Syrian Arab Republic,SYR,1974,
Syrian Arab Republic,SYR,1973,
Syrian Arab Republic,SYR,1972,
Syrian Arab Republic,SYR,1971,
Syrian Arab Republic,SYR,1970,
Syrian Arab Republic,SYR,1969,
Syrian Arab Republic,SYR,1968,
Syrian Arab Republic,SYR,1967,
Syrian Arab Republic,SYR,1966,
Syrian Arab Republic,SYR,1965,
Syrian Arab Republic,SYR,1964,
Syrian Arab Republic,SYR,1963,
Syrian Arab Republic,SYR,1962,
Syrian Arab Republic,SYR,1961,
Syrian Arab Republic,SYR,1960,
Tajikistan,TJK,2025,21.897
Tajikistan,TJK,2024,21.946
Tajikistan,TJK,2023,21.674
Tajikistan,TJK,2022,21.395
Tajikistan,TJK,2021,20.592
Tajikistan,TJK,2020,20.487
Tajikistan,TJK,2019,20.681
Tajikistan,TJK,2018,21.43
Tajikistan,TJK,2017,22.25
Tajikistan,TJK,2016,23.032
Tajikistan,TJK,2015,23.907
Tajikistan,TJK,2014,24.795
Tajikistan,TJK,2013,25.694
Tajikistan,TJK,2012,26.606
Tajikistan,TJK,2011,27.511
Tajikistan,TJK,2010,28.405
Tajikistan,TJK,2009,29.308
Tajikistan,TJK,2008,31.66
Tajikistan,TJK,2007,34.093
Tajikistan,TJK,2006,36.597
Tajikistan,TJK,2005,39.16
Tajikistan,TJK,2004,41.766
Tajikistan,TJK,2003,44.404
Tajikistan,TJK,2002,44.4
Tajikistan,TJK,2001,44.397
Tajikistan,TJK,2000,44.394
Tajikistan,TJK,1999,44.385
Tajikistan,TJK,1998,44.372
Tajikistan,TJK,1997,44.363
Tajikistan,TJK,1996,44.361
Tajikistan,TJK,1995,44.363
Tajikistan,TJK,1994,44.362
Tajikistan,TJK,1993,44.341
Tajikistan,TJK,1992,44.309
Tajikistan,TJK,1991,44.299
Tajikistan,TJK,1990,44.304
Tajikistan,TJK,1989,
Tajikistan,TJK,1988,
Tajikistan,TJK,1987,
Tajikistan,TJK,1986,
Tajikistan,TJK,1985,
Tajikistan,TJK,1984,
Tajikistan,TJK,1983,
Tajikistan,TJK,1982,
Tajikistan,TJK,1981,
Tajikistan,TJK,1980,
Tajikistan,TJK,1979,
Tajikistan,TJK,1978,
Tajikistan,TJK,1977,
Tajikistan,TJK,1976,
Tajikistan,TJK,1975,
Tajikistan,TJK,1974,
Tajikistan,TJK,1973,
Tajikistan,TJK,1972,
Tajikistan,TJK,1971,
Tajikistan,TJK,1970,
Tajikistan,TJK,1969,
Tajikistan,TJK,1968,
Tajikistan,TJK,1967,
Tajikistan,TJK,1966,
Tajikistan,TJK,1965,
Tajikistan,TJK,1964,
Tajikistan,TJK,1963,
Tajikistan,TJK,1962,
Tajikistan,TJK,1961,
Tajikistan,TJK,1960,
Tanzania,TZA,2025,80.282
Tanzania,TZA,2024,80.288
Tanzania,TZA,2023,80.33
Tanzania,TZA,2022,80.273
Tanzania,TZA,2021,80.425
Tanzania,TZA,2020,79.344
Tanzania,TZA,2019,80.265
Tanzania,TZA,2018,80.234
Tanzania,TZA,2017,80.202
Tanzania,TZA,2016,80.164
Tanzania,TZA,2015,80.123
Tanzania,TZA,2014,80.089
Tanzania,TZA,2013,81.098
Tanzania,TZA,2012,82.069
Tanzania,TZA,2011,83.001
Tanzania,TZA,2010,83.896
Tanzania,TZA,2009,84.751
Tanzania,TZA,2008,85.572
Tanzania,TZA,2007,86.361
Tanzania,TZA,2006,87.119
Tanzania,TZA,2005,86.6
Tanzania,TZA,2004,86.064
Tanzania,TZA,2003,85.51
Tanzania,TZA,2002,84.939
Tanzania,TZA,2001,84.35
Tanzania,TZA,2000,84.345
Tanzania,TZA,1999,84.328
Tanzania,TZA,1998,84.316
Tanzania,TZA,1997,84.301
Tanzania,TZA,1996,84.314
Tanzania,TZA,1995,84.333
Tanzania,TZA,1994,84.276
Tanzania,TZA,1993,84.179
Tanzania,TZA,1992,84.116
Tanzania,TZA,1991,84.084
Tanzania,TZA,1990,84.054
Tanzania,TZA,1989,
Tanzania,TZA,1988,
Tanzania,TZA,1987,
Tanzania,TZA,1986,
Tanzania,TZA,1985,
Tanzania,TZA,1984,
Tanzania,TZA,1983,
Tanzania,TZA,1982,
Tanzania,TZA,1981,
Tanzania,TZA,1980,
Tanzania,TZA,1979,
Tanzania,TZA,1978,
Tanzania,TZA,1977,
Tanzania,TZA,1976,
Tanzania,TZA,1975,
Tanzania,TZA,1974,
Tanzania,TZA,1973,
Tanzania,TZA,1972,
Tanzania,TZA,1971,
Tanzania,TZA,1970,
Tanzania,TZA,1969,
Tanzania,TZA,1968,
Tanzania,TZA,1967,
Tanzania,TZA,1966,
Tanzania,TZA,1965,
Tanzania,TZA,1964,
Tanzania,TZA,1963,
Tanzania,TZA,1962,
Tanzania,TZA,1961,
Tanzania,TZA,1960,
Thailand,THA,2025,58.963
Thailand,THA,2024,59.473
Thailand,THA,2023,60.311
Thailand,THA,2022,59.576
Thailand,THA,2021,59.18
Thailand,THA,2020,59.106
Thailand,THA,2019,58.9
Thailand,THA,2018,59.569
Thailand,THA,2017,59.351
Thailand,THA,2016,60.17
Thailand,THA,2015,61.068
Thailand,THA,2014,61.447
Thailand,THA,2013,61.78
Thailand,THA,2012,65.071
Thailand,THA,2011,65.806
Thailand,THA,2010,63.685
Thailand,THA,2009,64.659
Thailand,THA,2008,64.867
Thailand,THA,2007,64.808
Thailand,THA,2006,64.281
Thailand,THA,2005,65.23
Thailand,THA,2004,64.808
Thailand,THA,2003,64.99
Thailand,THA,2002,65.107
Thailand,THA,2001,65.255
Thailand,THA,2000,65.596
Thailand,THA,1999,65.185
Thailand,THA,1998,66.361
Thailand,THA,1997,67.743
Thailand,THA,1996,67.565
Thailand,THA,1995,66.556
Thailand,THA,1994,65.456
Thailand,THA,1993,65.452
Thailand,THA,1992,65.474
Thailand,THA,1991,65.522
Thailand,THA,1990,65.605
Thailand,THA,1989,
Thailand,THA,1988,
Thailand,THA,1987,
Thailand,THA,1986,
Thailand,THA,1985,
Thailand,THA,1984,
Thailand,THA,1983,
Thailand,THA,1982,
Thailand,THA,1981,
Thailand,THA,1980,
Thailand,THA,1979,
Thailand,THA,1978,
Thailand,THA,1977,
Thailand,THA,1976,
Thailand,THA,1975,
Thailand,THA,1974,
Thailand,THA,1973,
Thailand,THA,1972,
Thailand,THA,1971,
Thailand,THA,1970,
Thailand,THA,1969,
Thailand,THA,1968,
Thailand,THA,1967,
Thailand,THA,1966,
Thailand,THA,1965,
Thailand,THA,1964,
Thailand,THA,1963,
Thailand,THA,1962,
Thailand,THA,1961,
Thailand,THA,1960,
Timor-Leste,TLS,2025,61.676
Timor-Leste,TLS,2024,61.457
Timor-Leste,TLS,2023,60.774
Timor-Leste,TLS,2022,61.166
Timor-Leste,TLS,2021,61.212
Timor-Leste,TLS,2020,60.457
Timor-Leste,TLS,2019,61.034
Timor-Leste,TLS,2018,61.62
Timor-Leste,TLS,2017,61.479
Timor-Leste,TLS,2016,61.26
Timor-Leste,TLS,2015,61.298
Timor-Leste,TLS,2014,61.365
Timor-Leste,TLS,2013,61.507
Timor-Leste,TLS,2012,61.579
Timor-Leste,TLS,2011,61.703
Timor-Leste,TLS,2010,61.928
Timor-Leste,TLS,2009,62.385
Timor-Leste,TLS,2008,62.926
Timor-Leste,TLS,2007,63.514
Timor-Leste,TLS,2006,64.044
Timor-Leste,TLS,2005,63.842
Timor-Leste,TLS,2004,64.064
Timor-Leste,TLS,2003,64.217
Timor-Leste,TLS,2002,64.124
Timor-Leste,TLS,2001,63.704
Timor-Leste,TLS,2000,64.178
Timor-Leste,TLS,1999,67.535
Timor-Leste,TLS,1998,65.764
Timor-Leste,TLS,1997,65.599
Timor-Leste,TLS,1996,65.685
Timor-Leste,TLS,1995,65.907
Timor-Leste,TLS,1994,66.007
Timor-Leste,TLS,1993,66.081
Timor-Leste,TLS,1992,66.299
Timor-Leste,TLS,1991,66.532
Timor-Leste,TLS,1990,66.876
Timor-Leste,TLS,1989,
Timor-Leste,TLS,1988,
Timor-Leste,TLS,1987,
Timor-Leste,TLS,1986,
Timor-Leste,TLS,1985,
Timor-Leste,TLS,1984,
Timor-Leste,TLS,1983,
Timor-Leste,TLS,1982,
Timor-Leste,TLS,1981,
Timor-Leste,TLS,1980,
Timor-Leste,TLS,1979,
Timor-Leste,TLS,1978,
Timor-Leste,TLS,1977,
Timor-Leste,TLS,1976,
Timor-Leste,TLS,1975,
Timor-Leste,TLS,1974,
Timor-Leste,TLS,1973,
Timor-Leste,TLS,1972,
Timor-Leste,TLS,1971,
Timor-Leste,TLS,1970,
Timor-Leste,TLS,1969,
Timor-Leste,TLS,1968,
Timor-Leste,TLS,1967,
Timor-Leste,TLS,1966,
Timor-Leste,TLS,1965,
Timor-Leste,TLS,1964,
Timor-Leste,TLS,1963,
Timor-Leste,TLS,1962,
Timor-Leste,TLS,1961,
Timor-Leste,TLS,1960,
Togo,TGO,2025,56.637
Togo,TGO,2024,56.604
Togo,TGO,2023,56.49
Togo,TGO,2022,56.238
Togo,TGO,2021,55.664
Togo,TGO,2020,55.335
Togo,TGO,2019,55.867
Togo,TGO,2018,55.799
Togo,TGO,2017,55.738
Togo,TGO,2016,55.686
Togo,TGO,2015,55.644
Togo,TGO,2014,55.609
Togo,TGO,2013,55.585
Togo,TGO,2012,55.575
Togo,TGO,2011,55.58
Togo,TGO,2010,55.598
Togo,TGO,2009,55.615
Togo,TGO,2008,55.606
Togo,TGO,2007,55.578
Togo,TGO,2006,55.527
Togo,TGO,2005,55.468
Togo,TGO,2004,55.419
Togo,TGO,2003,55.362
Togo,TGO,2002,55.31
Togo,TGO,2001,55.256
Togo,TGO,2000,55.185
Togo,TGO,1999,55.091
Togo,TGO,1998,54.978
Togo,TGO,1997,54.854
Togo,TGO,1996,54.743
Togo,TGO,1995,54.651
Togo,TGO,1994,54.564
Togo,TGO,1993,54.475
Togo,TGO,1992,54.392
Togo,TGO,1991,54.312
Togo,TGO,1990,54.237
Togo,TGO,1989,
Togo,TGO,1988,
Togo,TGO,1987,
Togo,TGO,1986,
Togo,TGO,1985,
Togo,TGO,1984,
Togo,TGO,1983,
Togo,TGO,1982,
Togo,TGO,1981,
Togo,TGO,1980,
Togo,TGO,1979,
Togo,TGO,1978,
Togo,TGO,1977,
Togo,TGO,1976,
Togo,TGO,1975,
Togo,TGO,1974,
Togo,TGO,1973,
Togo,TGO,1972,
Togo,TGO,1971,
Togo,TGO,1970,
Togo,TGO,1969,
Togo,TGO,1968,
Togo,TGO,1967,
Togo,TGO,1966,
Togo,TGO,1965,
Togo,TGO,1964,
Togo,TGO,1963,
Togo,TGO,1962,
Togo,TGO,1961,
Togo,TGO,1960,
Tonga,TON,2025,42.347
Tonga,TON,2024,42.5
Tonga,TON,2023,42.617
Tonga,TON,2022,42.617
Tonga,TON,2021,42.596
Tonga,TON,2020,42.28
Tonga,TON,2019,42.647
Tonga,TON,2018,42.606
Tonga,TON,2017,42.774
Tonga,TON,2016,42.935
Tonga,TON,2015,43.081
Tonga,TON,2014,43.21
Tonga,TON,2013,43.319
Tonga,TON,2012,43.429
Tonga,TON,2011,43.521
Tonga,TON,2010,43.634
Tonga,TON,2009,43.725
Tonga,TON,2008,43.767
Tonga,TON,2007,43.814
Tonga,TON,2006,43.908
Tonga,TON,2005,44.037
Tonga,TON,2004,44.146
Tonga,TON,2003,44.235
Tonga,TON,2002,44.316
Tonga,TON,2001,44.412
Tonga,TON,2000,44.526
Tonga,TON,1999,44.652
Tonga,TON,1998,44.775
Tonga,TON,1997,44.894
Tonga,TON,1996,45.076
Tonga,TON,1995,45.295
Tonga,TON,1994,45.467
Tonga,TON,1993,43.133
Tonga,TON,1992,40.786
Tonga,TON,1991,38.491
Tonga,TON,1990,36.288
Tonga,TON,1989,
Tonga,TON,1988,
Tonga,TON,1987,
Tonga,TON,1986,
Tonga,TON,1985,
Tonga,TON,1984,
Tonga,TON,1983,
Tonga,TON,1982,
Tonga,TON,1981,
Tonga,TON,1980,
Tonga,TON,1979,
Tonga,TON,1978,
Tonga,TON,1977,
Tonga,TON,1976,
Tonga,TON,1975,
Tonga,TON,1974,
Tonga,TON,1973,
Tonga,TON,1972,
Tonga,TON,1971,
Tonga,TON,1970,
Tonga,TON,1969,
Tonga,TON,1968,
Tonga,TON,1967,
Tonga,TON,1966,
Tonga,TON,1965,
Tonga,TON,1964,
Tonga,TON,1963,
Tonga,TON,1962,
Tonga,TON,1961,
Tonga,TON,1960,
Trinidad and Tobago,TTO,2025,47.77
Trinidad and Tobago,TTO,2024,48.149
Trinidad and Tobago,TTO,2023,50.031
Trinidad and Tobago,TTO,2022,50.02
Trinidad and Tobago,TTO,2021,48.879
Trinidad and Tobago,TTO,2020,49.325
Trinidad and Tobago,TTO,2019,51.033
Trinidad and Tobago,TTO,2018,51.338
Trinidad and Tobago,TTO,2017,51.621
Trinidad and Tobago,TTO,2016,51.922
Trinidad and Tobago,TTO,2015,51.964
Trinidad and Tobago,TTO,2014,53.39
Trinidad and Tobago,TTO,2013,52.957
Trinidad and Tobago,TTO,2012,52.886
Trinidad and Tobago,TTO,2011,51.11
Trinidad and Tobago,TTO,2010,52.201
Trinidad and Tobago,TTO,2009,53.0
Trinidad and Tobago,TTO,2008,54.572
Trinidad and Tobago,TTO,2007,53.906
Trinidad and Tobago,TTO,2006,55.396
Trinidad and Tobago,TTO,2005,55.019
Trinidad and Tobago,TTO,2004,53.108
Trinidad and Tobago,TTO,2003,51.195
Trinidad and Tobago,TTO,2002,49.276
Trinidad and Tobago,TTO,2001,48.845
Trinidad and Tobago,TTO,2000,48.401
Trinidad and Tobago,TTO,1999,48.521
Trinidad and Tobago,TTO,1998,48.599
Trinidad and Tobago,TTO,1997,48.489
Trinidad and Tobago,TTO,1996,48.388
Trinidad and Tobago,TTO,1995,46.231
Trinidad and Tobago,TTO,1994,45.396
Trinidad and Tobago,TTO,1993,44.547
Trinidad and Tobago,TTO,1992,44.527
Trinidad and Tobago,TTO,1991,43.682
Trinidad and Tobago,TTO,1990,43.394
Trinidad and Tobago,TTO,1989,
Trinidad and Tobago,TTO,1988,
Trinidad and Tobago,TTO,1987,
Trinidad and Tobago,TTO,1986,
Trinidad and Tobago,TTO,1985,
Trinidad and Tobago,TTO,1984,
Trinidad and Tobago,TTO,1983,
Trinidad and Tobago,TTO,1982,
Trinidad and Tobago,TTO,1981,
Trinidad and Tobago,TTO,1980,
Trinidad and Tobago,TTO,1979,
Trinidad and Tobago,TTO,1978,
Trinidad and Tobago,TTO,1977,
Trinidad and Tobago,TTO,1976,
Trinidad and Tobago,TTO,1975,
Trinidad and Tobago,TTO,1974,
Trinidad and Tobago,TTO,1973,
Trinidad and Tobago,TTO,1972,
Trinidad and Tobago,TTO,1971,
Trinidad and Tobago,TTO,1970,
Trinidad and Tobago,TTO,1969,
Trinidad and Tobago,TTO,1968,
Trinidad and Tobago,TTO,1967,
Trinidad and Tobago,TTO,1966,
Trinidad and Tobago,TTO,1965,
Trinidad and Tobago,TTO,1964,
Trinidad and Tobago,TTO,1963,
Trinidad and Tobago,TTO,1962,
Trinidad and Tobago,TTO,1961,
Trinidad and Tobago,TTO,1960,
Tunisia,TUN,2025,26.497
Tunisia,TUN,2024,26.635
Tunisia,TUN,2023,26.781
Tunisia,TUN,2022,27.519
Tunisia,TUN,2021,26.698
Tunisia,TUN,2020,26.274
Tunisia,TUN,2019,28.272
Tunisia,TUN,2018,27.383
Tunisia,TUN,2017,26.477
Tunisia,TUN,2016,26.647
Tunisia,TUN,2015,26.072
Tunisia,TUN,2014,25.733
Tunisia,TUN,2013,25.447
Tunisia,TUN,2012,25.576
Tunisia,TUN,2011,24.765
Tunisia,TUN,2010,24.792
Tunisia,TUN,2009,24.773
Tunisia,TUN,2008,24.815
Tunisia,TUN,2007,24.584
Tunisia,TUN,2006,24.489
Tunisia,TUN,2005,23.699
Tunisia,TUN,2004,23.669
Tunisia,TUN,2003,23.655
Tunisia,TUN,2002,23.654
Tunisia,TUN,2001,23.663
Tunisia,TUN,2000,23.684
Tunisia,TUN,1999,23.716
Tunisia,TUN,1998,23.758
Tunisia,TUN,1997,23.812
Tunisia,TUN,1996,23.542
Tunisia,TUN,1995,23.297
Tunisia,TUN,1994,23.073
Tunisia,TUN,1993,22.879
Tunisia,TUN,1992,22.764
Tunisia,TUN,1991,22.373
Tunisia,TUN,1990,22.245
Tunisia,TUN,1989,
Tunisia,TUN,1988,
Tunisia,TUN,1987,
Tunisia,TUN,1986,
Tunisia,TUN,1985,
Tunisia,TUN,1984,
Tunisia,TUN,1983,
Tunisia,TUN,1982,
Tunisia,TUN,1981,
Tunisia,TUN,1980,
Tunisia,TUN,1979,
Tunisia,TUN,1978,
Tunisia,TUN,1977,
Tunisia,TUN,1976,
Tunisia,TUN,1975,
Tunisia,TUN,1974,
Tunisia,TUN,1973,
Tunisia,TUN,1972,
Tunisia,TUN,1971,
Tunisia,TUN,1970,
Tunisia,TUN,1969,
Tunisia,TUN,1968,
Tunisia,TUN,1967,
Tunisia,TUN,1966,
Tunisia,TUN,1965,
Tunisia,TUN,1964,
Tunisia,TUN,1963,
Tunisia,TUN,1962,
Tunisia,TUN,1961,
Tunisia,TUN,1960,
Turkiye,TUR,2025,37.145
Turkiye,TUR,2024,36.786
Turkiye,TUR,2023,35.764
Turkiye,TUR,2022,35.018
Turkiye,TUR,2021,32.774
Turkiye,TUR,2020,30.83
Turkiye,TUR,2019,34.289
Turkiye,TUR,2018,34.115
Turkiye,TUR,2017,33.533
Turkiye,TUR,2016,32.38
Turkiye,TUR,2015,31.416
Turkiye,TUR,2014,30.171
Turkiye,TUR,2013,30.644
Turkiye,TUR,2012,29.361
Turkiye,TUR,2011,28.639
Turkiye,TUR,2010,27.445
Turkiye,TUR,2009,25.868
Turkiye,TUR,2008,24.331
Turkiye,TUR,2007,23.449
Turkiye,TUR,2006,23.426
Turkiye,TUR,2005,23.114
Turkiye,TUR,2004,23.139
Turkiye,TUR,2003,26.545
Turkiye,TUR,2002,27.864
Turkiye,TUR,2001,27.088
Turkiye,TUR,2000,26.509
Turkiye,TUR,1999,29.922
Turkiye,TUR,1998,29.177
Turkiye,TUR,1997,28.717
Turkiye,TUR,1996,30.459
Turkiye,TUR,1995,30.799
Turkiye,TUR,1994,31.144
Turkiye,TUR,1993,26.651
Turkiye,TUR,1992,32.59
Turkiye,TUR,1991,33.994
Turkiye,TUR,1990,33.931
Turkiye,TUR,1989,
Turkiye,TUR,1988,
Turkiye,TUR,1987,
Turkiye,TUR,1986,
Turkiye,TUR,1985,
Turkiye,TUR,1984,
Turkiye,TUR,1983,
Turkiye,TUR,1982,
Turkiye,TUR,1981,
Turkiye,TUR,1980,
Turkiye,TUR,1979,
Turkiye,TUR,1978,
Turkiye,TUR,1977,
Turkiye,TUR,1976,
Turkiye,TUR,1975,
Turkiye,TUR,1974,
Turkiye,TUR,1973,
Turkiye,TUR,1972,
Turkiye,TUR,1971,
Turkiye,TUR,1970,
Turkiye,TUR,1969,
Turkiye,TUR,1968,
Turkiye,TUR,1967,
Turkiye,TUR,1966,
Turkiye,TUR,1965,
Turkiye,TUR,1964,
Turkiye,TUR,1963,
Turkiye,TUR,1962,
Turkiye,TUR,1961,
Turkiye,TUR,1960,
Turkmenistan,TKM,2025,38.242
Turkmenistan,TKM,2024,38.35
Turkmenistan,TKM,2023,38.228
Turkmenistan,TKM,2022,38.385
Turkmenistan,TKM,2021,37.839
Turkmenistan,TKM,2020,37.61
Turkmenistan,TKM,2019,38.788
Turkmenistan,TKM,2018,38.933
Turkmenistan,TKM,2017,39.089
Turkmenistan,TKM,2016,39.273
Turkmenistan,TKM,2015,39.461
Turkmenistan,TKM,2014,39.682
Turkmenistan,TKM,2013,40.151
Turkmenistan,TKM,2012,40.686
Turkmenistan,TKM,2011,41.364
Turkmenistan,TKM,2010,42.451
Turkmenistan,TKM,2009,43.16
Turkmenistan,TKM,2008,43.601
Turkmenistan,TKM,2007,45.04
Turkmenistan,TKM,2006,46.201
Turkmenistan,TKM,2005,47.445
Turkmenistan,TKM,2004,49.076
Turkmenistan,TKM,2003,49.565
Turkmenistan,TKM,2002,49.775
Turkmenistan,TKM,2001,49.482
Turkmenistan,TKM,2000,49.859
Turkmenistan,TKM,1999,50.428
Turkmenistan,TKM,1998,52.863
Turkmenistan,TKM,1997,53.856
Turkmenistan,TKM,1996,51.284
Turkmenistan,TKM,1995,52.153
Turkmenistan,TKM,1994,50.495
Turkmenistan,TKM,1993,47.104
Turkmenistan,TKM,1992,47.001
Turkmenistan,TKM,1991,44.494
Turkmenistan,TKM,1990,43.633
Turkmenistan,TKM,1989,
Turkmenistan,TKM,1988,
Turkmenistan,TKM,1987,
Turkmenistan,TKM,1986,
Turkmenistan,TKM,1985,
Turkmenistan,TKM,1984,
Turkmenistan,TKM,1983,
Turkmenistan,TKM,1982,
Turkmenistan,TKM,1981,
Turkmenistan,TKM,1980,
Turkmenistan,TKM,1979,
Turkmenistan,TKM,1978,
Turkmenistan,TKM,1977,
Turkmenistan,TKM,1976,
Turkmenistan,TKM,1975,
Turkmenistan,TKM,1974,
Turkmenistan,TKM,1973,
Turkmenistan,TKM,1972,
Turkmenistan,TKM,1971,
Turkmenistan,TKM,1970,
Turkmenistan,TKM,1969,
Turkmenistan,TKM,1968,
Turkmenistan,TKM,1967,
Turkmenistan,TKM,1966,
Turkmenistan,TKM,1965,
Turkmenistan,TKM,1964,
Turkmenistan,TKM,1963,
Turkmenistan,TKM,1962,
Turkmenistan,TKM,1961,
Turkmenistan,TKM,1960,
Turks and Caicos Islands,TCA,2025,
Turks and Caicos Islands,TCA,2024,
Turks and Caicos Islands,TCA,2023,
Turks and Caicos Islands,TCA,2022,
Turks and Caicos Islands,TCA,2021,
Turks and Caicos Islands,TCA,2020,
Turks and Caicos Islands,TCA,2019,
Turks and Caicos Islands,TCA,2018,
Turks and Caicos Islands,TCA,2017,
Turks and Caicos Islands,TCA,2016,
Turks and Caicos Islands,TCA,2015,
Turks and Caicos Islands,TCA,2014,
Turks and Caicos Islands,TCA,2013,
Turks and Caicos Islands,TCA,2012,
Turks and Caicos Islands,TCA,2011,
Turks and Caicos Islands,TCA,2010,
Turks and Caicos Islands,TCA,2009,
Turks and Caicos Islands,TCA,2008,
Turks and Caicos Islands,TCA,2007,
Turks and Caicos Islands,TCA,2006,
Turks and Caicos Islands,TCA,2005,
Turks and Caicos Islands,TCA,2004,
Turks and Caicos Islands,TCA,2003,
Turks and Caicos Islands,TCA,2002,
Turks and Caicos Islands,TCA,2001,
Turks and Caicos Islands,TCA,2000,
Turks and Caicos Islands,TCA,1999,
Turks and Caicos Islands,TCA,1998,
Turks and Caicos Islands,TCA,1997,
Turks and Caicos Islands,TCA,1996,
Turks and Caicos Islands,TCA,1995,
Turks and Caicos Islands,TCA,1994,
Turks and Caicos Islands,TCA,1993,
Turks and Caicos Islands,TCA,1992,
Turks and Caicos Islands,TCA,1991,
Turks and Caicos Islands,TCA,1990,
Turks and Caicos Islands,TCA,1989,
Turks and Caicos Islands,TCA,1988,
Turks and Caicos Islands,TCA,1987,
Turks and Caicos Islands,TCA,1986,
Turks and Caicos Islands,TCA,1985,
Turks and Caicos Islands,TCA,1984,
Turks and Caicos Islands,TCA,1983,
Turks and Caicos Islands,TCA,1982,
Turks and Caicos Islands,TCA,1981,
Turks and Caicos Islands,TCA,1980,
Turks and Caicos Islands,TCA,1979,
Turks and Caicos Islands,TCA,1978,
Turks and Caicos Islands,TCA,1977,
Turks and Caicos Islands,TCA,1976,
Turks and Caicos Islands,TCA,1975,
Turks and Caicos Islands,TCA,1974,
Turks and Caicos Islands,TCA,1973,
Turks and Caicos Islands,TCA,1972,
Turks and Caicos Islands,TCA,1971,
Turks and Caicos Islands,TCA,1970,
Turks and Caicos Islands,TCA,1969,
Turks and Caicos Islands,TCA,1968,
Turks and Caicos Islands,TCA,1967,
Turks and Caicos Islands,TCA,1966,
Turks and Caicos Islands,TCA,1965,
Turks and Caicos Islands,TCA,1964,
Turks and Caicos Islands,TCA,1963,
Turks and Caicos Islands,TCA,1962,
Turks and Caicos Islands,TCA,1961,
Turks and Caicos Islands,TCA,1960,
Tuvalu,TUV,2025,
Tuvalu,TUV,2024,
Tuvalu,TUV,2023,
Tuvalu,TUV,2022,
Tuvalu,TUV,2021,
Tuvalu,TUV,2020,
Tuvalu,TUV,2019,
Tuvalu,TUV,2018,
Tuvalu,TUV,2017,
Tuvalu,TUV,2016,
Tuvalu,TUV,2015,
Tuvalu,TUV,2014,
Tuvalu,TUV,2013,
Tuvalu,TUV,2012,
Tuvalu,TUV,2011,
Tuvalu,TUV,2010,
Tuvalu,TUV,2009,
Tuvalu,TUV,2008,
Tuvalu,TUV,2007,
Tuvalu,TUV,2006,
Tuvalu,TUV,2005,
Tuvalu,TUV,2004,
Tuvalu,TUV,2003,
Tuvalu,TUV,2002,
Tuvalu,TUV,2001,
Tuvalu,TUV,2000,
Tuvalu,TUV,1999,
Tuvalu,TUV,1998,
Tuvalu,TUV,1997,
Tuvalu,TUV,1996,
Tuvalu,TUV,1995,
Tuvalu,TUV,1994,
Tuvalu,TUV,1993,
Tuvalu,TUV,1992,
Tuvalu,TUV,1991,
Tuvalu,TUV,1990,
Tuvalu,TUV,1989,
Tuvalu,TUV,1988,
Tuvalu,TUV,1987,
Tuvalu,TUV,1986,
Tuvalu,TUV,1985,
Tuvalu,TUV,1984,
Tuvalu,TUV,1983,
Tuvalu,TUV,1982,
Tuvalu,TUV,1981,
Tuvalu,TUV,1980,
Tuvalu,TUV,1979,
Tuvalu,TUV,1978,
Tuvalu,TUV,1977,
Tuvalu,TUV,1976,
Tuvalu,TUV,1975,
Tuvalu,TUV,1974,
Tuvalu,TUV,1973,
Tuvalu,TUV,1972,
Tuvalu,TUV,1971,
Tuvalu,TUV,1970,
Tuvalu,TUV,1969,
Tuvalu,TUV,1968,
Tuvalu,TUV,1967,
Tuvalu,TUV,1966,
Tuvalu,TUV,1965,
Tuvalu,TUV,1964,
Tuvalu,TUV,1963,
Tuvalu,TUV,1962,
Tuvalu,TUV,1961,
Tuvalu,TUV,1960,
Uganda,UGA,2025,75.595
Uganda,UGA,2024,75.556
Uganda,UGA,2023,75.445
Uganda,UGA,2022,75.364
Uganda,UGA,2021,74.672
Uganda,UGA,2020,73.976
Uganda,UGA,2019,73.85
Uganda,UGA,2018,71.687
Uganda,UGA,2017,69.217
Uganda,UGA,2016,71.587
Uganda,UGA,2015,73.722
Uganda,UGA,2014,75.641
Uganda,UGA,2013,81.909
Uganda,UGA,2012,65.505
Uganda,UGA,2011,77.925
Uganda,UGA,2010,70.697
Uganda,UGA,2009,70.765
Uganda,UGA,2008,70.836
Uganda,UGA,2007,70.902
Uganda,UGA,2006,70.964
Uganda,UGA,2005,71.027
Uganda,UGA,2004,71.085
Uganda,UGA,2003,71.137
Uganda,UGA,2002,71.189
Uganda,UGA,2001,71.229
Uganda,UGA,2000,71.247
Uganda,UGA,1999,71.247
Uganda,UGA,1998,71.236
Uganda,UGA,1997,71.202
Uganda,UGA,1996,71.147
Uganda,UGA,1995,71.069
Uganda,UGA,1994,70.98
Uganda,UGA,1993,70.906
Uganda,UGA,1992,70.845
Uganda,UGA,1991,70.804
Uganda,UGA,1990,70.783
Uganda,UGA,1989,
Uganda,UGA,1988,
Uganda,UGA,1987,
Uganda,UGA,1986,
Uganda,UGA,1985,
Uganda,UGA,1984,
Uganda,UGA,1983,
Uganda,UGA,1982,
Uganda,UGA,1981,
Uganda,UGA,1980,
Uganda,UGA,1979,
Uganda,UGA,1978,
Uganda,UGA,1977,
Uganda,UGA,1976,
Uganda,UGA,1975,
Uganda,UGA,1974,
Uganda,UGA,1973,
Uganda,UGA,1972,
Uganda,UGA,1971,
Uganda,UGA,1970,
Uganda,UGA,1969,
Uganda,UGA,1968,
Uganda,UGA,1967,
Uganda,UGA,1966,
Uganda,UGA,1965,
Uganda,UGA,1964,
Uganda,UGA,1963,
Uganda,UGA,1962,
Uganda,UGA,1961,
Uganda,UGA,1960,
Ukraine,UKR,2025,
Ukraine,UKR,2024,
Ukraine,UKR,2023,
Ukraine,UKR,2022,
Ukraine,UKR,2021,47.738
Ukraine,UKR,2020,48.1
Ukraine,UKR,2019,49.214
Ukraine,UKR,2018,49.498
Ukraine,UKR,2017,49.785
Ukraine,UKR,2016,50.072
Ukraine,UKR,2015,50.36
Ukraine,UKR,2014,50.648
Ukraine,UKR,2013,50.937
Ukraine,UKR,2012,51.23
Ukraine,UKR,2011,51.523
Ukraine,UKR,2010,51.816
Ukraine,UKR,2009,52.109
Ukraine,UKR,2008,52.403
Ukraine,UKR,2007,52.697
Ukraine,UKR,2006,52.595
Ukraine,UKR,2005,52.646
Ukraine,UKR,2004,52.697
Ukraine,UKR,2003,52.752
Ukraine,UKR,2002,52.808
Ukraine,UKR,2001,52.864
Ukraine,UKR,2000,52.921
Ukraine,UKR,1999,52.979
Ukraine,UKR,1998,53.041
Ukraine,UKR,1997,53.105
Ukraine,UKR,1996,53.167
Ukraine,UKR,1995,53.229
Ukraine,UKR,1994,53.292
Ukraine,UKR,1993,53.357
Ukraine,UKR,1992,53.425
Ukraine,UKR,1991,53.496
Ukraine,UKR,1990,53.567
Ukraine,UKR,1989,
Ukraine,UKR,1988,
Ukraine,UKR,1987,
Ukraine,UKR,1986,
Ukraine,UKR,1985,
Ukraine,UKR,1984,
Ukraine,UKR,1983,
Ukraine,UKR,1982,
Ukraine,UKR,1981,
Ukraine,UKR,1980,
Ukraine,UKR,1979,
Ukraine,UKR,1978,
Ukraine,UKR,1977,
Ukraine,UKR,1976,
Ukraine,UKR,1975,
Ukraine,UKR,1974,
Ukraine,UKR,1973,
Ukraine,UKR,1972,
Ukraine,UKR,1971,
Ukraine,UKR,1970,
Ukraine,UKR,1969,
Ukraine,UKR,1968,
Ukraine,UKR,1967,
Ukraine,UKR,1966,
Ukraine,UKR,1965,
Ukraine,UKR,1964,
Ukraine,UKR,1963,
Ukraine,UKR,1962,
Ukraine,UKR,1961,
Ukraine,UKR,1960,
United Arab Emirates,ARE,2025,53.027
United Arab Emirates,ARE,2024,52.519
United Arab Emirates,ARE,2023,52.347
United Arab Emirates,ARE,2022,53.057
United Arab Emirates,ARE,2021,50.452
United Arab Emirates,ARE,2020,58.18
United Arab Emirates,ARE,2019,54.381
United Arab Emirates,ARE,2018,51.312
United Arab Emirates,ARE,2017,50.926
United Arab Emirates,ARE,2016,49.228
United Arab Emirates,ARE,2015,48.183
United Arab Emirates,ARE,2014,47.13
United Arab Emirates,ARE,2013,46.063
United Arab Emirates,ARE,2012,44.993
United Arab Emirates,ARE,2011,43.94
United Arab Emirates,ARE,2010,42.861
United Arab Emirates,ARE,2009,41.791
United Arab Emirates,ARE,2008,40.709
United Arab Emirates,ARE,2007,39.524
United Arab Emirates,ARE,2006,38.323
United Arab Emirates,ARE,2005,37.187
United Arab Emirates,ARE,2004,36.496
United Arab Emirates,ARE,2003,35.834
United Arab Emirates,ARE,2002,35.173
United Arab Emirates,ARE,2001,34.533
United Arab Emirates,ARE,2000,33.936
United Arab Emirates,ARE,1999,33.365
United Arab Emirates,ARE,1998,32.822
United Arab Emirates,ARE,1997,32.317
United Arab Emirates,ARE,1996,31.845
United Arab Emirates,ARE,1995,31.25
United Arab Emirates,ARE,1994,31.196
United Arab Emirates,ARE,1993,31.168
United Arab Emirates,ARE,1992,30.507
United Arab Emirates,ARE,1991,30.07
United Arab Emirates,ARE,1990,29.32
United Arab Emirates,ARE,1989,
United Arab Emirates,ARE,1988,
United Arab Emirates,ARE,1987,
United Arab Emirates,ARE,1986,
United Arab Emirates,ARE,1985,
United Arab Emirates,ARE,1984,
United Arab Emirates,ARE,1983,
United Arab Emirates,ARE,1982,
United Arab Emirates,ARE,1981,
United Arab Emirates,ARE,1980,
United Arab Emirates,ARE,1979,
United Arab Emirates,ARE,1978,
United Arab Emirates,ARE,1977,
United Arab Emirates,ARE,1976,
United Arab Emirates,ARE,1975,
United Arab Emirates,ARE,1974,
United Arab Emirates,ARE,1973,
United Arab Emirates,ARE,1972,
United Arab Emirates,ARE,1971,
United Arab Emirates,ARE,1970,
United Arab Emirates,ARE,1969,
United Arab Emirates,ARE,1968,
United Arab Emirates,ARE,1967,
United Arab Emirates,ARE,1966,
United Arab Emirates,ARE,1965,
United Arab Emirates,ARE,1964,
United Arab Emirates,ARE,1963,
United Arab Emirates,ARE,1962,
United Arab Emirates,ARE,1961,
United Arab Emirates,ARE,1960,
United Kingdom,GBR,2025,57.333
United Kingdom,GBR,2024,57.489
United Kingdom,GBR,2023,57.38
United Kingdom,GBR,2022,57.703
United Kingdom,GBR,2021,58.02
United Kingdom,GBR,2020,58.277
United Kingdom,GBR,2019,58.037
United Kingdom,GBR,2018,57.525
United Kingdom,GBR,2017,57.273
United Kingdom,GBR,2016,57.074
United Kingdom,GBR,2015,56.722
United Kingdom,GBR,2014,56.521
United Kingdom,GBR,2013,56.256
United Kingdom,GBR,2012,55.929
United Kingdom,GBR,2011,55.67
United Kingdom,GBR,2010,55.529
United Kingdom,GBR,2009,55.604
United Kingdom,GBR,2008,55.449
United Kingdom,GBR,2007,55.146
United Kingdom,GBR,2006,55.378
United Kingdom,GBR,2005,54.864
United Kingdom,GBR,2004,54.534
United Kingdom,GBR,2003,54.111
United Kingdom,GBR,2002,54.146
United Kingdom,GBR,2001,53.533
United Kingdom,GBR,2000,53.66
United Kingdom,GBR,1999,53.261
United Kingdom,GBR,1998,52.717
United Kingdom,GBR,1997,52.676
United Kingdom,GBR,1996,52.276
United Kingdom,GBR,1995,51.86
United Kingdom,GBR,1994,51.904
United Kingdom,GBR,1993,51.896
United Kingdom,GBR,1992,51.828
United Kingdom,GBR,1991,51.844
United Kingdom,GBR,1990,52.005
United Kingdom,GBR,1989,
United Kingdom,GBR,1988,
United Kingdom,GBR,1987,
United Kingdom,GBR,1986,
United Kingdom,GBR,1985,
United Kingdom,GBR,1984,
United Kingdom,GBR,1983,
United Kingdom,GBR,1982,
United Kingdom,GBR,1981,
United Kingdom,GBR,1980,
United Kingdom,GBR,1979,
United Kingdom,GBR,1978,
United Kingdom,GBR,1977,
United Kingdom,GBR,1976,
United Kingdom,GBR,1975,
United Kingdom,GBR,1974,
United Kingdom,GBR,1973,
United Kingdom,GBR,1972,
United Kingdom,GBR,1971,
United Kingdom,GBR,1970,
United Kingdom,GBR,1969,
United Kingdom,GBR,1968,
United Kingdom,GBR,1967,
United Kingdom,GBR,1966,
United Kingdom,GBR,1965,
United Kingdom,GBR,1964,
United Kingdom,GBR,1963,
United Kingdom,GBR,1962,
United Kingdom,GBR,1961,
United Kingdom,GBR,1960,
United States,USA,2025,56.343
United States,USA,2024,56.561
United States,USA,2023,56.602
United States,USA,2022,56.029
United States,USA,2021,55.632
United States,USA,2020,55.704
United States,USA,2019,56.868
United States,USA,2018,56.471
United States,USA,2017,56.395
United States,USA,2016,56.095
United States,USA,2015,55.938
United States,USA,2014,56.197
United States,USA,2013,56.362
United States,USA,2012,56.778
United States,USA,2011,56.998
United States,USA,2010,57.516
United States,USA,2009,58.054
United States,USA,2008,58.293
United States,USA,2007,58.086
United States,USA,2006,58.161
United States,USA,2005,58.04
United States,USA,2004,57.944
United States,USA,2003,58.224
United States,USA,2002,58.351
United States,USA,2001,58.521
United States,USA,2000,58.682
United States,USA,1999,58.551
United States,USA,1998,58.386
United States,USA,1997,58.4
United States,USA,1996,57.856
United States,USA,1995,57.576
United States,USA,1994,57.345
United States,USA,1993,56.403
United States,USA,1992,56.299
United States,USA,1991,55.877
United States,USA,1990,55.998
United States,USA,1989,
United States,USA,1988,
United States,USA,1987,
United States,USA,1986,
United States,USA,1985,
United States,USA,1984,
United States,USA,1983,
United States,USA,1982,
United States,USA,1981,
United States,USA,1980,
United States,USA,1979,
United States,USA,1978,
United States,USA,1977,
United States,USA,1976,
United States,USA,1975,
United States,USA,1974,
United States,USA,1973,
United States,USA,1972,
United States,USA,1971,
United States,USA,1970,
United States,USA,1969,
United States,USA,1968,
United States,USA,1967,
United States,USA,1966,
United States,USA,1965,
United States,USA,1964,
United States,USA,1963,
United States,USA,1962,
United States,USA,1961,
United States,USA,1960,
Uruguay,URY,2025,57.255
Uruguay,URY,2024,57.264
Uruguay,URY,2023,56.518
Uruguay,URY,2022,55.656
Uruguay,URY,2021,56.034
Uruguay,URY,2020,54.231
Uruguay,URY,2019,56.002
Uruguay,URY,2018,55.954
Uruguay,URY,2017,56.059
Uruguay,URY,2016,56.341
Uruguay,URY,2015,56.3
Uruguay,URY,2014,56.899
Uruguay,URY,2013,55.333
Uruguay,URY,2012,56.492
Uruguay,URY,2011,56.842
Uruguay,URY,2010,54.909
Uruguay,URY,2009,55.16
Uruguay,URY,2008,54.437
Uruguay,URY,2007,53.467
Uruguay,URY,2006,51.624
Uruguay,URY,2005,49.866
Uruguay,URY,2004,49.088
Uruguay,URY,2003,49.312
Uruguay,URY,2002,49.597
Uruguay,URY,2001,51.226
Uruguay,URY,2000,48.986
Uruguay,URY,1999,48.431
Uruguay,URY,1998,49.256
Uruguay,URY,1997,48.165
Uruguay,URY,1996,47.069
Uruguay,URY,1995,46.26
Uruguay,URY,1994,45.002
Uruguay,URY,1993,43.425
Uruguay,URY,1992,44.441
Uruguay,URY,1991,43.438
Uruguay,URY,1990,42.569
Uruguay,URY,1989,
Uruguay,URY,1988,
Uruguay,URY,1987,
Uruguay,URY,1986,
Uruguay,URY,1985,
Uruguay,URY,1984,
Uruguay,URY,1983,
Uruguay,URY,1982,
Uruguay,URY,1981,
Uruguay,URY,1980,
Uruguay,URY,1979,
Uruguay,URY,1978,
Uruguay,URY,1977,
Uruguay,URY,1976,
Uruguay,URY,1975,
Uruguay,URY,1974,
Uruguay,URY,1973,
Uruguay,URY,1972,
Uruguay,URY,1971,
Uruguay,URY,1970,
Uruguay,URY,1969,
Uruguay,URY,1968,
Uruguay,URY,1967,
Uruguay,URY,1966,
Uruguay,URY,1965,
Uruguay,URY,1964,
Uruguay,URY,1963,
Uruguay,URY,1962,
Uruguay,URY,1961,
Uruguay,URY,1960,
Uzbekistan,UZB,2025,41.178
Uzbekistan,UZB,2024,41.273
Uzbekistan,UZB,2023,41.24
Uzbekistan,UZB,2022,41.1
Uzbekistan,UZB,2021,39.587
Uzbekistan,UZB,2020,39.097
Uzbekistan,UZB,2019,39.89
Uzbekistan,UZB,2018,39.739
Uzbekistan,UZB,2017,39.652
Uzbekistan,UZB,2016,39.57
Uzbekistan,UZB,2015,39.447
Uzbekistan,UZB,2014,39.275
Uzbekistan,UZB,2013,39.191
Uzbekistan,UZB,2012,39.101
Uzbekistan,UZB,2011,38.883
Uzbekistan,UZB,2010,38.961
Uzbekistan,UZB,2009,38.895
Uzbekistan,UZB,2008,38.415
Uzbekistan,UZB,2007,38.426
Uzbekistan,UZB,2006,38.555
Uzbekistan,UZB,2005,38.789
Uzbekistan,UZB,2004,39.056
Uzbekistan,UZB,2003,39.187
Uzbekistan,UZB,2002,39.431
Uzbekistan,UZB,2001,39.498
Uzbekistan,UZB,2000,39.638
Uzbekistan,UZB,1999,39.797
Uzbekistan,UZB,1998,39.691
Uzbekistan,UZB,1997,39.731
Uzbekistan,UZB,1996,39.698
Uzbekistan,UZB,1995,39.933
Uzbekistan,UZB,1994,39.963
Uzbekistan,UZB,1993,39.659
Uzbekistan,UZB,1992,39.363
Uzbekistan,UZB,1991,38.977
Uzbekistan,UZB,1990,38.24
Uzbekistan,UZB,1989,
Uzbekistan,UZB,1988,
Uzbekistan,UZB,1987,
Uzbekistan,UZB,1986,
Uzbekistan,UZB,1985,
Uzbekistan,UZB,1984,
Uzbekistan,UZB,1983,
Uzbekistan,UZB,1982,
Uzbekistan,UZB,1981,
Uzbekistan,UZB,1980,
Uzbekistan,UZB,1979,
Uzbekistan,UZB,1978,
Uzbekistan,UZB,1977,
Uzbekistan,UZB,1976,
Uzbekistan,UZB,1975,
Uzbekistan,UZB,1974,
Uzbekistan,UZB,1973,
Uzbekistan,UZB,1972,
Uzbekistan,UZB,1971,
Uzbekistan,UZB,1970,
Uzbekistan,UZB,1969,
Uzbekistan,UZB,1968,
Uzbekistan,UZB,1967,
Uzbekistan,UZB,1966,
Uzbekistan,UZB,1965,
Uzbekistan,UZB,1964,
Uzbekistan,UZB,1963,
Uzbekistan,UZB,1962,
Uzbekistan,UZB,1961,
Uzbekistan,UZB,1960,
Vanuatu,VUT,2025,53.314
Vanuatu,VUT,2024,53.531
Vanuatu,VUT,2023,53.604
Vanuatu,VUT,2022,53.631
Vanuatu,VUT,2021,54.624
Vanuatu,VUT,2020,53.445
Vanuatu,VUT,2019,53.95
Vanuatu,VUT,2018,54.395
Vanuatu,VUT,2017,54.838
Vanuatu,VUT,2016,55.283
Vanuatu,VUT,2015,55.728
Vanuatu,VUT,2014,56.172
Vanuatu,VUT,2013,56.616
Vanuatu,VUT,2012,57.059
Vanuatu,VUT,2011,57.502
Vanuatu,VUT,2010,57.944
Vanuatu,VUT,2009,62.273
Vanuatu,VUT,2008,66.403
Vanuatu,VUT,2007,70.29
Vanuatu,VUT,2006,73.902
Vanuatu,VUT,2005,74.144
Vanuatu,VUT,2004,74.259
Vanuatu,VUT,2003,74.318
Vanuatu,VUT,2002,74.389
Vanuatu,VUT,2001,74.02
Vanuatu,VUT,2000,73.747
Vanuatu,VUT,1999,73.888
Vanuatu,VUT,1998,73.804
Vanuatu,VUT,1997,73.755
Vanuatu,VUT,1996,73.862
Vanuatu,VUT,1995,73.856
Vanuatu,VUT,1994,73.787
Vanuatu,VUT,1993,74.065
Vanuatu,VUT,1992,73.986
Vanuatu,VUT,1991,73.99
Vanuatu,VUT,1990,74.02
Vanuatu,VUT,1989,
Vanuatu,VUT,1988,
Vanuatu,VUT,1987,
Vanuatu,VUT,1986,
Vanuatu,VUT,1985,
Vanuatu,VUT,1984,
Vanuatu,VUT,1983,
Vanuatu,VUT,1982,
Vanuatu,VUT,1981,
Vanuatu,VUT,1980,
Vanuatu,VUT,1979,
Vanuatu,VUT,1978,
Vanuatu,VUT,1977,
Vanuatu,VUT,1976,
Vanuatu,VUT,1975,
Vanuatu,VUT,1974,
Vanuatu,VUT,1973,
Vanuatu,VUT,1972,
Vanuatu,VUT,1971,
Vanuatu,VUT,1970,
Vanuatu,VUT,1969,
Vanuatu,VUT,1968,
Vanuatu,VUT,1967,
Vanuatu,VUT,1966,
Vanuatu,VUT,1965,
Vanuatu,VUT,1964,
Vanuatu,VUT,1963,
Vanuatu,VUT,1962,
Vanuatu,VUT,1961,
Vanuatu,VUT,1960,
"Venezuela, RB",VEN,2025,37.098
"Venezuela, RB",VEN,2024,37.332
"Venezuela, RB",VEN,2023,36.158
"Venezuela, RB",VEN,2022,35.32
"Venezuela, RB",VEN,2021,37.368
"Venezuela, RB",VEN,2020,36.887
"Venezuela, RB",VEN,2019,42.344
"Venezuela, RB",VEN,2018,44.85
"Venezuela, RB",VEN,2017,46.185
"Venezuela, RB",VEN,2016,47.867
"Venezuela, RB",VEN,2015,48.27
"Venezuela, RB",VEN,2014,48.676
"Venezuela, RB",VEN,2013,49.084
"Venezuela, RB",VEN,2012,49.493
"Venezuela, RB",VEN,2011,49.643
"Venezuela, RB",VEN,2010,49.601
"Venezuela, RB",VEN,2009,50.004
"Venezuela, RB",VEN,2008,49.734
"Venezuela, RB",VEN,2007,49.726
"Venezuela, RB",VEN,2006,50.019
"Venezuela, RB",VEN,2005,49.457
"Venezuela, RB",VEN,2004,47.558
"Venezuela, RB",VEN,2003,46.462
"Venezuela, RB",VEN,2002,47.765
"Venezuela, RB",VEN,2001,48.527
"Venezuela, RB",VEN,2000,47.914
"Venezuela, RB",VEN,1999,48.119
"Venezuela, RB",VEN,1998,48.976
"Venezuela, RB",VEN,1997,48.743
"Venezuela, RB",VEN,1996,48.683
"Venezuela, RB",VEN,1995,48.502
"Venezuela, RB",VEN,1994,48.519
"Venezuela, RB",VEN,1993,49.121
"Venezuela, RB",VEN,1992,49.439
"Venezuela, RB",VEN,1991,49.027
"Venezuela, RB",VEN,1990,48.56
"Venezuela, RB",VEN,1989,
"Venezuela, RB",VEN,1988,
"Venezuela, RB",VEN,1987,
"Venezuela, RB",VEN,1986,
"Venezuela, RB",VEN,1985,
"Venezuela, RB",VEN,1984,
"Venezuela, RB",VEN,1983,
"Venezuela, RB",VEN,1982,
"Venezuela, RB",VEN,1981,
"Venezuela, RB",VEN,1980,
"Venezuela, RB",VEN,1979,
"Venezuela, RB",VEN,1978,
"Venezuela, RB",VEN,1977,
"Venezuela, RB",VEN,1976,
"Venezuela, RB",VEN,1975,
"Venezuela, RB",VEN,1974,
"Venezuela, RB",VEN,1973,
"Venezuela, RB",VEN,1972,
"Venezuela, RB",VEN,1971,
"Venezuela, RB",VEN,1970,
"Venezuela, RB",VEN,1969,
"Venezuela, RB",VEN,1968,
"Venezuela, RB",VEN,1967,
"Venezuela, RB",VEN,1966,
"Venezuela, RB",VEN,1965,
"Venezuela, RB",VEN,1964,
"Venezuela, RB",VEN,1963,
"Venezuela, RB",VEN,1962,
"Venezuela, RB",VEN,1961,
"Venezuela, RB",VEN,1960,
Viet Nam,VNM,2025,68.551
Viet Nam,VNM,2024,68.905
Viet Nam,VNM,2023,69.215
Viet Nam,VNM,2022,69.878
Viet Nam,VNM,2021,69.107
Viet Nam,VNM,2020,69.095
Viet Nam,VNM,2019,71.511
Viet Nam,VNM,2018,72.897
Viet Nam,VNM,2017,72.575
Viet Nam,VNM,2016,72.53
Viet Nam,VNM,2015,72.863
Viet Nam,VNM,2014,73.059
Viet Nam,VNM,2013,72.906
Viet Nam,VNM,2012,71.983
Viet Nam,VNM,2011,71.715
Viet Nam,VNM,2010,71.731
Viet Nam,VNM,2009,71.906
Viet Nam,VNM,2008,71.55
Viet Nam,VNM,2007,71.138
Viet Nam,VNM,2006,70.727
Viet Nam,VNM,2005,70.381
Viet Nam,VNM,2004,70.098
Viet Nam,VNM,2003,70.353
Viet Nam,VNM,2002,70.833
Viet Nam,VNM,2001,71.493
Viet Nam,VNM,2000,69.974
Viet Nam,VNM,1999,71.181
Viet Nam,VNM,1998,71.824
Viet Nam,VNM,1997,72.532
Viet Nam,VNM,1996,73.585
Viet Nam,VNM,1995,73.806
Viet Nam,VNM,1994,74.035
Viet Nam,VNM,1993,74.235
Viet Nam,VNM,1992,74.411
Viet Nam,VNM,1991,74.622
Viet Nam,VNM,1990,74.736
Viet Nam,VNM,1989,
Viet Nam,VNM,1988,
Viet Nam,VNM,1987,
Viet Nam,VNM,1986,
Viet Nam,VNM,1985,
Viet Nam,VNM,1984,
Viet Nam,VNM,1983,
Viet Nam,VNM,1982,
Viet Nam,VNM,1981,
Viet Nam,VNM,1980,
Viet Nam,VNM,1979,
Viet Nam,VNM,1978,
Viet Nam,VNM,1977,
Viet Nam,VNM,1976,
Viet Nam,VNM,1975,
Viet Nam,VNM,1974,
Viet Nam,VNM,1973,
Viet Nam,VNM,1972,
Viet Nam,VNM,1971,
Viet Nam,VNM,1970,
Viet Nam,VNM,1969,
Viet Nam,VNM,1968,
Viet Nam,VNM,1967,
Viet Nam,VNM,1966,
Viet Nam,VNM,1965,
Viet Nam,VNM,1964,
Viet Nam,VNM,1963,
Viet Nam,VNM,1962,
Viet Nam,VNM,1961,
Viet Nam,VNM,1960,
Virgin Islands (U.S.),VIR,2025,52.768
Virgin Islands (U.S.),VIR,2024,52.833
Virgin Islands (U.S.),VIR,2023,52.999
Virgin Islands (U.S.),VIR,2022,52.915
Virgin Islands (U.S.),VIR,2021,51.8
Virgin Islands (U.S.),VIR,2020,50.614
Virgin Islands (U.S.),VIR,2019,50.563
Virgin Islands (U.S.),VIR,2018,52.911
Virgin Islands (U.S.),VIR,2017,56.528
Virgin Islands (U.S.),VIR,2016,55.592
Virgin Islands (U.S.),VIR,2015,55.655
Virgin Islands (U.S.),VIR,2014,53.283
Virgin Islands (U.S.),VIR,2013,53.912
Virgin Islands (U.S.),VIR,2012,57.313
Virgin Islands (U.S.),VIR,2011,59.048
Virgin Islands (U.S.),VIR,2010,58.753
Virgin Islands (U.S.),VIR,2009,60.479
Virgin Islands (U.S.),VIR,2008,60.804
Virgin Islands (U.S.),VIR,2007,60.908
Virgin Islands (U.S.),VIR,2006,60.019
Virgin Islands (U.S.),VIR,2005,59.425
Virgin Islands (U.S.),VIR,2004,58.212
Virgin Islands (U.S.),VIR,2003,56.185
Virgin Islands (U.S.),VIR,2002,57.463
Virgin Islands (U.S.),VIR,2001,58.251
Virgin Islands (U.S.),VIR,2000,55.876
Virgin Islands (U.S.),VIR,1999,54.681
Virgin Islands (U.S.),VIR,1998,55.9
Virgin Islands (U.S.),VIR,1997,56.352
Virgin Islands (U.S.),VIR,1996,56.75
Virgin Islands (U.S.),VIR,1995,60.449
Virgin Islands (U.S.),VIR,1994,64.476
Virgin Islands (U.S.),VIR,1993,64.263
Virgin Islands (U.S.),VIR,1992,64.168
Virgin Islands (U.S.),VIR,1991,63.078
Virgin Islands (U.S.),VIR,1990,59.469
Virgin Islands (U.S.),VIR,1989,
Virgin Islands (U.S.),VIR,1988,
Virgin Islands (U.S.),VIR,1987,
Virgin Islands (U.S.),VIR,1986,
Virgin Islands (U.S.),VIR,1985,
Virgin Islands (U.S.),VIR,1984,
Virgin Islands (U.S.),VIR,1983,
Virgin Islands (U.S.),VIR,1982,
Virgin Islands (U.S.),VIR,1981,
Virgin Islands (U.S.),VIR,1980,
Virgin Islands (U.S.),VIR,1979,
Virgin Islands (U.S.),VIR,1978,
Virgin Islands (U.S.),VIR,1977,
Virgin Islands (U.S.),VIR,1976,
Virgin Islands (U.S.),VIR,1975,
Virgin Islands (U.S.),VIR,1974,
Virgin Islands (U.S.),VIR,1973,
Virgin Islands (U.S.),VIR,1972,
Virgin Islands (U.S.),VIR,1971,
Virgin Islands (U.S.),VIR,1970,
Virgin Islands (U.S.),VIR,1969,
Virgin Islands (U.S.),VIR,1968,
Virgin Islands (U.S.),VIR,1967,
Virgin Islands (U.S.),VIR,1966,
Virgin Islands (U.S.),VIR,1965,
Virgin Islands (U.S.),VIR,1964,
Virgin Islands (U.S.),VIR,1963,
Virgin Islands (U.S.),VIR,1962,
Virgin Islands (U.S.),VIR,1961,
Virgin Islands (U.S.),VIR,1960,
West Bank and Gaza,PSE,2025,
West Bank and Gaza,PSE,2024,
West Bank and Gaza,PSE,2023,
West Bank and Gaza,PSE,2022,18.934
West Bank and Gaza,PSE,2021,17.545
West Bank and Gaza,PSE,2020,16.431
West Bank and Gaza,PSE,2019,18.383
West Bank and Gaza,PSE,2018,17.665
West Bank and Gaza,PSE,2017,17.665
West Bank and Gaza,PSE,2016,17.435
West Bank and Gaza,PSE,2015,17.998
West Bank and Gaza,PSE,2014,16.563
West Bank and Gaza,PSE,2013,15.829
West Bank and Gaza,PSE,2012,16.169
West Bank and Gaza,PSE,2011,15.625
West Bank and Gaza,PSE,2010,14.033
West Bank and Gaza,PSE,2009,14.582
West Bank and Gaza,PSE,2008,14.706
West Bank and Gaza,PSE,2007,15.021
West Bank and Gaza,PSE,2006,13.495
West Bank and Gaza,PSE,2005,12.78
West Bank and Gaza,PSE,2004,12.864
West Bank and Gaza,PSE,2003,12.504
West Bank and Gaza,PSE,2002,10.064
West Bank and Gaza,PSE,2001,10.04
West Bank and Gaza,PSE,2000,12.402
West Bank and Gaza,PSE,1999,12.783
West Bank and Gaza,PSE,1998,12.534
West Bank and Gaza,PSE,1997,12.082
West Bank and Gaza,PSE,1996,11.693
West Bank and Gaza,PSE,1995,11.804
West Bank and Gaza,PSE,1994,11.677
West Bank and Gaza,PSE,1993,11.631
West Bank and Gaza,PSE,1992,11.58
West Bank and Gaza,PSE,1991,11.362
West Bank and Gaza,PSE,1990,11.315
West Bank and Gaza,PSE,1989,
West Bank and Gaza,PSE,1988,
West Bank and Gaza,PSE,1987,
West Bank and Gaza,PSE,1986,
West Bank and Gaza,PSE,1985,
West Bank and Gaza,PSE,1984,
West Bank and Gaza,PSE,1983,
West Bank and Gaza,PSE,1982,
West Bank and Gaza,PSE,1981,
West Bank and Gaza,PSE,1980,
West Bank and Gaza,PSE,1979,
West Bank and Gaza,PSE,1978,
West Bank and Gaza,PSE,1977,
West Bank and Gaza,PSE,1976,
West Bank and Gaza,PSE,1975,
West Bank and Gaza,PSE,1974,
West Bank and Gaza,PSE,1973,
West Bank and Gaza,PSE,1972,
West Bank and Gaza,PSE,1971,
West Bank and Gaza,PSE,1970,
West Bank and Gaza,PSE,1969,
West Bank and Gaza,PSE,1968,
West Bank and Gaza,PSE,1967,
West Bank and Gaza,PSE,1966,
West Bank and Gaza,PSE,1965,
West Bank and Gaza,PSE,1964,
West Bank and Gaza,PSE,1963,
West Bank and Gaza,PSE,1962,
West Bank and Gaza,PSE,1961,
West Bank and Gaza,PSE,1960,
"Yemen, Rep.",YEM,2025,4.663
"Yemen, Rep.",YEM,2024,4.705
"Yemen, Rep.",YEM,2023,4.752
"Yemen, Rep.",YEM,2022,4.801
"Yemen, Rep.",YEM,2021,4.875
"Yemen, Rep.",YEM,2020,4.899
"Yemen, Rep.",YEM,2019,4.937
"Yemen, Rep.",YEM,2018,4.987
"Yemen, Rep.",YEM,2017,5.041
"Yemen, Rep.",YEM,2016,5.117
"Yemen, Rep.",YEM,2015,5.207
"Yemen, Rep.",YEM,2014,6.011
"Yemen, Rep.",YEM,2013,6.815
"Yemen, Rep.",YEM,2012,7.734
"Yemen, Rep.",YEM,2011,8.785
"Yemen, Rep.",YEM,2010,9.982
"Yemen, Rep.",YEM,2009,10.747
"Yemen, Rep.",YEM,2008,11.561
"Yemen, Rep.",YEM,2007,12.428
"Yemen, Rep.",YEM,2006,13.349
"Yemen, Rep.",YEM,2005,14.327
"Yemen, Rep.",YEM,2004,15.367
"Yemen, Rep.",YEM,2003,16.475
"Yemen, Rep.",YEM,2002,17.652
"Yemen, Rep.",YEM,2001,18.896
"Yemen, Rep.",YEM,2000,20.208
"Yemen, Rep.",YEM,1999,21.587
"Yemen, Rep.",YEM,1998,20.52
"Yemen, Rep.",YEM,1997,19.497
"Yemen, Rep.",YEM,1996,18.514
"Yemen, Rep.",YEM,1995,17.567
"Yemen, Rep.",YEM,1994,16.663
"Yemen, Rep.",YEM,1993,16.475
"Yemen, Rep.",YEM,1992,16.456
"Yemen, Rep.",YEM,1991,16.219
"Yemen, Rep.",YEM,1990,16.094
"Yemen, Rep.",YEM,1989,
"Yemen, Rep.",YEM,1988,
"Yemen, Rep.",YEM,1987,
"Yemen, Rep.",YEM,1986,
"Yemen, Rep.",YEM,1985,
"Yemen, Rep.",YEM,1984,
"Yemen, Rep.",YEM,1983,
"Yemen, Rep.",YEM,1982,
"Yemen, Rep.",YEM,1981,
"Yemen, Rep.",YEM,1980,
"Yemen, Rep.",YEM,1979,
"Yemen, Rep.",YEM,1978,
"Yemen, Rep.",YEM,1977,
"Yemen, Rep.",YEM,1976,
"Yemen, Rep.",YEM,1975,
"Yemen, Rep.",YEM,1974,
"Yemen, Rep.",YEM,1973,
"Yemen, Rep.",YEM,1972,
"Yemen, Rep.",YEM,1971,
"Yemen, Rep.",YEM,1970,
"Yemen, Rep.",YEM,1969,
"Yemen, Rep.",YEM,1968,
"Yemen, Rep.",YEM,1967,
"Yemen, Rep.",YEM,1966,
"Yemen, Rep.",YEM,1965,
"Yemen, Rep.",YEM,1964,
"Yemen, Rep.",YEM,1963,
"Yemen, Rep.",YEM,1962,
"Yemen, Rep.",YEM,1961,
"Yemen, Rep.",YEM,1960,
Zambia,ZMB,2025,56.426
Zambia,ZMB,2024,56.366
Zambia,ZMB,2023,56.361
Zambia,ZMB,2022,53.968
Zambia,ZMB,2021,54.123
Zambia,ZMB,2020,54.406
Zambia,ZMB,2019,52.172
Zambia,ZMB,2018,52.138
Zambia,ZMB,2017,52.012
Zambia,ZMB,2016,51.893
Zambia,ZMB,2015,51.787
Zambia,ZMB,2014,51.691
Zambia,ZMB,2013,51.61
Zambia,ZMB,2012,51.545
Zambia,ZMB,2011,51.495
Zambia,ZMB,2010,51.451
Zambia,ZMB,2009,51.408
Zambia,ZMB,2008,51.37
Zambia,ZMB,2007,51.337
Zambia,ZMB,2006,51.31
Zambia,ZMB,2005,51.284
Zambia,ZMB,2004,51.259
Zambia,ZMB,2003,51.23
Zambia,ZMB,2002,51.196
Zambia,ZMB,2001,51.159
Zambia,ZMB,2000,51.126
Zambia,ZMB,1999,51.109
Zambia,ZMB,1998,51.102
Zambia,ZMB,1997,51.096
Zambia,ZMB,1996,51.094
Zambia,ZMB,1995,51.097
Zambia,ZMB,1994,51.096
Zambia,ZMB,1993,51.083
Zambia,ZMB,1992,51.06
Zambia,ZMB,1991,51.03
Zambia,ZMB,1990,50.996
Zambia,ZMB,1989,
Zambia,ZMB,1988,
Zambia,ZMB,1987,
Zambia,ZMB,1986,
Zambia,ZMB,1985,
Zambia,ZMB,1984,
Zambia,ZMB,1983,
Zambia,ZMB,1982,
Zambia,ZMB,1981,
Zambia,ZMB,1980,
Zambia,ZMB,1979,
Zambia,ZMB,1978,
Zambia,ZMB,1977,
Zambia,ZMB,1976,
Zambia,ZMB,1975,
Zambia,ZMB,1974,
Zambia,ZMB,1973,
Zambia,ZMB,1972,
Zambia,ZMB,1971,
Zambia,ZMB,1970,
Zambia,ZMB,1969,
Zambia,ZMB,1968,
Zambia,ZMB,1967,
Zambia,ZMB,1966,
Zambia,ZMB,1965,
Zambia,ZMB,1964,
Zambia,ZMB,1963,
Zambia,ZMB,1962,
Zambia,ZMB,1961,
Zambia,ZMB,1960,
Zimbabwe,ZWE,2025,62.155
Zimbabwe,ZWE,2024,62.115
Zimbabwe,ZWE,2023,62.178
Zimbabwe,ZWE,2022,59.769
Zimbabwe,ZWE,2021,60.12
Zimbabwe,ZWE,2020,59.43
Zimbabwe,ZWE,2019,60.719
Zimbabwe,ZWE,2018,60.617
Zimbabwe,ZWE,2017,60.522
Zimbabwe,ZWE,2016,60.441
Zimbabwe,ZWE,2015,60.384
Zimbabwe,ZWE,2014,60.359
Zimbabwe,ZWE,2013,60.373
Zimbabwe,ZWE,2012,60.424
Zimbabwe,ZWE,2011,60.495
Zimbabwe,ZWE,2010,60.585
Zimbabwe,ZWE,2009,60.685
Zimbabwe,ZWE,2008,60.774
Zimbabwe,ZWE,2007,60.837
Zimbabwe,ZWE,2006,60.871
Zimbabwe,ZWE,2005,60.907
Zimbabwe,ZWE,2004,60.961
Zimbabwe,ZWE,2003,61.011
Zimbabwe,ZWE,2002,61.038
Zimbabwe,ZWE,2001,60.995
Zimbabwe,ZWE,2000,60.878
Zimbabwe,ZWE,1999,60.713
Zimbabwe,ZWE,1998,60.491
Zimbabwe,ZWE,1997,60.232
Zimbabwe,ZWE,1996,59.953
Zimbabwe,ZWE,1995,59.684
Zimbabwe,ZWE,1994,59.46
Zimbabwe,ZWE,1993,59.276
Zimbabwe,ZWE,1992,59.284
Zimbabwe,ZWE,1991,59.304
Zimbabwe,ZWE,1990,59.15
Zimbabwe,ZWE,1989,
Zimbabwe,ZWE,1988,
Zimbabwe,ZWE,1987,
Zimbabwe,ZWE,1986,
Zimbabwe,ZWE,1985,
Zimbabwe,ZWE,1984,
Zimbabwe,ZWE,1983,
Zimbabwe,ZWE,1982,
Zimbabwe,ZWE,1981,
Zimbabwe,ZWE,1980,
Zimbabwe,ZWE,1979,
Zimbabwe,ZWE,1978,
Zimbabwe,ZWE,1977,
Zimbabwe,ZWE,1976,
Zimbabwe,ZWE,1975,
Zimbabwe,ZWE,1974,
Zimbabwe,ZWE,1973,
Zimbabwe,ZWE,1972,
Zimbabwe,ZWE,1971,
Zimbabwe,ZWE,1970,
Zimbabwe,ZWE,1969,
Zimbabwe,ZWE,1968,
Zimbabwe,ZWE,1967,
Zimbabwe,ZWE,1966,
Zimbabwe,ZWE,1965,
Zimbabwe,ZWE,1964,
Zimbabwe,ZWE,1963,
Zimbabwe,ZWE,1962,
Zimbabwe,ZWE,1961,
Zimbabwe,ZWE,1960,
