country,country_code,year,fertility_rate
Afghanistan,AFG,2025,
Afghanistan,AFG,2024,4.761
Afghanistan,AFG,2023,4.84
Afghanistan,AFG,2022,4.932
Afghanistan,AFG,2021,5.039
Afghanistan,AFG,2020,5.145
Afghanistan,AFG,2019,5.238
Afghanistan,AFG,2018,5.327
Afghanistan,AFG,2017,5.433
Afghanistan,AFG,2016,5.542
Afghanistan,AFG,2015,5.652
Afghanistan,AFG,2014,5.77
Afghanistan,AFG,2013,5.879
Afghanistan,AFG,2012,5.985
Afghanistan,AFG,2011,6.094
Afghanistan,AFG,2010,6.195
Afghanistan,AFG,2009,6.295
Afghanistan,AFG,2008,6.392
Afghanistan,AFG,2007,6.508
Afghanistan,AFG,2006,6.686
Afghanistan,AFG,2005,6.858
Afghanistan,AFG,2004,7.018
Afghanistan,AFG,2003,7.174
Afghanistan,AFG,2002,7.32
Afghanistan,AFG,2001,7.453
Afghanistan,AFG,2000,7.566
Afghanistan,AFG,1999,7.641
Afghanistan,AFG,1998,7.693
Afghanistan,AFG,1997,7.732
Afghanistan,AFG,1996,7.757
Afghanistan,AFG,1995,7.767
Afghanistan,AFG,1994,7.767
Afghanistan,AFG,1993,7.761
Afghanistan,AFG,1992,7.703
Afghanistan,AFG,1991,7.631
Afghanistan,AFG,1990,7.576
Afghanistan,AFG,1989,7.559
Afghanistan,AFG,1988,7.551
Afghanistan,AFG,1987,7.548
Afghanistan,AFG,1986,7.553
Afghanistan,AFG,1985,7.55
Afghanistan,AFG,1984,7.554
Afghanistan,AFG,1983,7.57
Afghanistan,AFG,1982,7.6
Afghanistan,AFG,1981,7.617
Afghanistan,AFG,1980,7.643
Afghanistan,AFG,1979,7.612
Afghanistan,AFG,1978,7.599
Afghanistan,AFG,1977,7.591
Afghanistan,AFG,1976,7.561
Afghanistan,AFG,1975,7.542
Afghanistan,AFG,1974,7.526
Afghanistan,AFG,1973,7.487
Afghanistan,AFG,1972,7.453
Afghanistan,AFG,1971,7.432
Afghanistan,AFG,1970,7.4
Afghanistan,AFG,1969,7.389
Afghanistan,AFG,1968,7.363
Afghanistan,AFG,1967,7.339
Afghanistan,AFG,1966,7.32
Afghanistan,AFG,1965,7.305
Afghanistan,AFG,1964,7.304
Afghanistan,AFG,1963,7.302
Afghanistan,AFG,1962,7.292
Afghanistan,AFG,1961,7.284
Afghanistan,AFG,1960,7.282
Albania,ALB,2025,
Albania,ALB,2024,1.341
Albania,ALB,2023,1.348
Albania,ALB,2022,1.355
Albania,ALB,2021,1.365
Albania,ALB,2020,1.371
Albania,ALB,2019,1.395
Albania,ALB,2018,1.415
Albania,ALB,2017,1.486
Albania,ALB,2016,1.555
Albania,ALB,2015,1.631
Albania,ALB,2014,1.721
Albania,ALB,2013,1.741
Albania,ALB,2012,1.719
Albania,ALB,2011,1.677
Albania,ALB,2010,1.653
Albania,ALB,2009,1.638
Albania,ALB,2008,1.616
Albania,ALB,2007,1.633
Albania,ALB,2006,1.686
Albania,ALB,2005,1.787
Albania,ALB,2004,1.889
Albania,ALB,2003,2.006
Albania,ALB,2002,2.002
Albania,ALB,2001,2.141
Albania,ALB,2000,2.217
Albania,ALB,1999,2.313
Albania,ALB,1998,2.425
Albania,ALB,1997,2.535
Albania,ALB,1996,2.666
Albania,ALB,1995,2.762
Albania,ALB,1994,2.798
Albania,ALB,1993,2.811
Albania,ALB,1992,2.885
Albania,ALB,1991,2.956
Albania,ALB,1990,3.014
Albania,ALB,1989,3.03
Albania,ALB,1988,3.069
Albania,ALB,1987,3.106
Albania,ALB,1986,3.141
Albania,ALB,1985,3.214
Albania,ALB,1984,3.282
Albania,ALB,1983,3.319
Albania,ALB,1982,3.416
Albania,ALB,1981,3.468
Albania,ALB,1980,3.59
Albania,ALB,1979,3.782
Albania,ALB,1978,3.996
Albania,ALB,1977,4.204
Albania,ALB,1976,4.374
Albania,ALB,1975,4.566
Albania,ALB,1974,4.7
Albania,ALB,1973,4.829
Albania,ALB,1972,4.979
Albania,ALB,1971,5.083
Albania,ALB,1970,5.158
Albania,ALB,1969,5.287
Albania,ALB,1968,5.317
Albania,ALB,1967,5.31
Albania,ALB,1966,5.325
Albania,ALB,1965,5.474
Albania,ALB,1964,5.714
Albania,ALB,1963,5.927
Albania,ALB,1962,6.106
Albania,ALB,1961,6.273
Albania,ALB,1960,6.383
Algeria,DZA,2025,
Algeria,DZA,2024,2.723
Algeria,DZA,2023,2.766
Algeria,DZA,2022,2.817
Algeria,DZA,2021,2.87
Algeria,DZA,2020,2.94
Algeria,DZA,2019,2.997
Algeria,DZA,2018,3.019
Algeria,DZA,2017,3.09
Algeria,DZA,2016,3.091
Algeria,DZA,2015,3.091
Algeria,DZA,2014,3.084
Algeria,DZA,2013,2.997
Algeria,DZA,2012,2.996
Algeria,DZA,2011,2.899
Algeria,DZA,2010,2.875
Algeria,DZA,2009,2.825
Algeria,DZA,2008,2.785
Algeria,DZA,2007,2.704
Algeria,DZA,2006,2.628
Algeria,DZA,2005,2.562
Algeria,DZA,2004,2.5
Algeria,DZA,2003,2.451
Algeria,DZA,2002,2.429
Algeria,DZA,2001,2.519
Algeria,DZA,2000,2.59
Algeria,DZA,1999,2.62
Algeria,DZA,1998,2.691
Algeria,DZA,1997,2.886
Algeria,DZA,1996,3.139
Algeria,DZA,1995,3.487
Algeria,DZA,1994,3.914
Algeria,DZA,1993,4.076
Algeria,DZA,1992,4.274
Algeria,DZA,1991,4.366
Algeria,DZA,1990,4.509
Algeria,DZA,1989,4.761
Algeria,DZA,1988,5.023
Algeria,DZA,1987,5.298
Algeria,DZA,1986,5.645
Algeria,DZA,1985,6.035
Algeria,DZA,1984,6.283
Algeria,DZA,1983,6.496
Algeria,DZA,1982,6.675
Algeria,DZA,1981,6.845
Algeria,DZA,1980,6.994
Algeria,DZA,1979,7.119
Algeria,DZA,1978,7.211
Algeria,DZA,1977,7.312
Algeria,DZA,1976,7.405
Algeria,DZA,1975,7.485
Algeria,DZA,1974,7.545
Algeria,DZA,1973,7.592
Algeria,DZA,1972,7.634
Algeria,DZA,1971,7.671
Algeria,DZA,1970,7.704
Algeria,DZA,1969,7.709
Algeria,DZA,1968,7.711
Algeria,DZA,1967,7.712
Algeria,DZA,1966,7.71
Algeria,DZA,1965,7.711
Algeria,DZA,1964,7.672
Algeria,DZA,1963,7.649
Algeria,DZA,1962,7.607
Algeria,DZA,1961,7.564
Algeria,DZA,1960,7.503
American Samoa,ASM,2025,
American Samoa,ASM,2024,2.267
American Samoa,ASM,2023,2.286
American Samoa,ASM,2022,2.305
American Samoa,ASM,2021,2.327
American Samoa,ASM,2020,2.36
American Samoa,ASM,2019,2.404
American Samoa,ASM,2018,2.494
American Samoa,ASM,2017,2.598
American Samoa,ASM,2016,2.699
American Samoa,ASM,2015,2.78
American Samoa,ASM,2014,2.852
American Samoa,ASM,2013,2.932
American Samoa,ASM,2012,3.043
American Samoa,ASM,2011,3.169
American Samoa,ASM,2010,3.292
American Samoa,ASM,2009,3.359
American Samoa,ASM,2008,3.42
American Samoa,ASM,2007,3.509
American Samoa,ASM,2006,3.685
American Samoa,ASM,2005,3.863
American Samoa,ASM,2004,3.945
American Samoa,ASM,2003,3.91
American Samoa,ASM,2002,3.866
American Samoa,ASM,2001,3.87
American Samoa,ASM,2000,3.89
American Samoa,ASM,1999,3.891
American Samoa,ASM,1998,3.878
American Samoa,ASM,1997,3.887
American Samoa,ASM,1996,3.944
American Samoa,ASM,1995,4.121
American Samoa,ASM,1994,4.384
American Samoa,ASM,1993,4.605
American Samoa,ASM,1992,4.557
American Samoa,ASM,1991,4.528
American Samoa,ASM,1990,4.472
American Samoa,ASM,1989,4.41
American Samoa,ASM,1988,4.314
American Samoa,ASM,1987,4.298
American Samoa,ASM,1986,4.276
American Samoa,ASM,1985,4.255
American Samoa,ASM,1984,4.25
American Samoa,ASM,1983,4.267
American Samoa,ASM,1982,4.37
American Samoa,ASM,1981,4.498
American Samoa,ASM,1980,4.627
American Samoa,ASM,1979,4.756
American Samoa,ASM,1978,4.873
American Samoa,ASM,1977,4.953
American Samoa,ASM,1976,4.932
American Samoa,ASM,1975,5.013
American Samoa,ASM,1974,5.139
American Samoa,ASM,1973,5.297
American Samoa,ASM,1972,5.519
American Samoa,ASM,1971,5.765
American Samoa,ASM,1970,5.953
American Samoa,ASM,1969,6.122
American Samoa,ASM,1968,6.281
American Samoa,ASM,1967,6.461
American Samoa,ASM,1966,6.618
American Samoa,ASM,1965,6.73
American Samoa,ASM,1964,6.78
American Samoa,ASM,1963,6.687
American Samoa,ASM,1962,6.603
American Samoa,ASM,1961,6.575
American Samoa,ASM,1960,6.578
Andorra,AND,2025,
Andorra,AND,2024,1.087
Andorra,AND,2023,1.082
Andorra,AND,2022,1.071
Andorra,AND,2021,1.058
Andorra,AND,2020,1.028
Andorra,AND,2019,1.045
Andorra,AND,2018,1.053
Andorra,AND,2017,1.129
Andorra,AND,2016,1.184
Andorra,AND,2015,1.223
Andorra,AND,2014,1.168
Andorra,AND,2013,1.142
Andorra,AND,2012,1.26
Andorra,AND,2011,1.321
Andorra,AND,2010,1.275
Andorra,AND,2009,1.208
Andorra,AND,2008,1.25
Andorra,AND,2007,1.189
Andorra,AND,2006,1.234
Andorra,AND,2005,1.224
Andorra,AND,2004,1.229
Andorra,AND,2003,1.18
Andorra,AND,2002,1.265
Andorra,AND,2001,1.305
Andorra,AND,2000,1.273
Andorra,AND,1999,1.421
Andorra,AND,1998,1.383
Andorra,AND,1997,1.354
Andorra,AND,1996,1.329
Andorra,AND,1995,1.319
Andorra,AND,1994,1.317
Andorra,AND,1993,1.334
Andorra,AND,1992,1.373
Andorra,AND,1991,1.397
Andorra,AND,1990,1.401
Andorra,AND,1989,1.395
Andorra,AND,1988,1.365
Andorra,AND,1987,1.367
Andorra,AND,1986,1.397
Andorra,AND,1985,1.434
Andorra,AND,1984,1.475
Andorra,AND,1983,1.574
Andorra,AND,1982,1.726
Andorra,AND,1981,1.797
Andorra,AND,1980,1.83
Andorra,AND,1979,1.795
Andorra,AND,1978,1.884
Andorra,AND,1977,2.029
Andorra,AND,1976,2.207
Andorra,AND,1975,2.458
Andorra,AND,1974,2.735
Andorra,AND,1973,2.826
Andorra,AND,1972,2.905
Andorra,AND,1971,2.832
Andorra,AND,1970,2.787
Andorra,AND,1969,2.769
Andorra,AND,1968,2.77
Andorra,AND,1967,2.78
Andorra,AND,1966,2.759
Andorra,AND,1965,2.715
Andorra,AND,1964,2.689
Andorra,AND,1963,2.602
Andorra,AND,1962,2.548
Andorra,AND,1961,2.543
Andorra,AND,1960,2.545
Angola,AGO,2025,
Angola,AGO,2024,5.048
Angola,AGO,2023,5.124
Angola,AGO,2022,5.209
Angola,AGO,2021,5.304
Angola,AGO,2020,5.371
Angola,AGO,2019,5.442
Angola,AGO,2018,5.519
Angola,AGO,2017,5.6
Angola,AGO,2016,5.686
Angola,AGO,2015,5.774
Angola,AGO,2014,5.864
Angola,AGO,2013,5.953
Angola,AGO,2012,6.039
Angola,AGO,2011,6.12
Angola,AGO,2010,6.194
Angola,AGO,2009,6.26
Angola,AGO,2008,6.32
Angola,AGO,2007,6.372
Angola,AGO,2006,6.419
Angola,AGO,2005,6.461
Angola,AGO,2004,6.499
Angola,AGO,2003,6.533
Angola,AGO,2002,6.567
Angola,AGO,2001,6.601
Angola,AGO,2000,6.639
Angola,AGO,1999,6.683
Angola,AGO,1998,6.732
Angola,AGO,1997,6.789
Angola,AGO,1996,6.851
Angola,AGO,1995,6.918
Angola,AGO,1994,6.99
Angola,AGO,1993,7.065
Angola,AGO,1992,7.138
Angola,AGO,1991,7.208
Angola,AGO,1990,7.272
Angola,AGO,1989,7.328
Angola,AGO,1988,7.373
Angola,AGO,1987,7.409
Angola,AGO,1986,7.435
Angola,AGO,1985,7.451
Angola,AGO,1984,7.459
Angola,AGO,1983,7.462
Angola,AGO,1982,7.461
Angola,AGO,1981,7.459
Angola,AGO,1980,7.459
Angola,AGO,1979,7.461
Angola,AGO,1978,7.467
Angola,AGO,1977,7.475
Angola,AGO,1976,7.485
Angola,AGO,1975,7.494
Angola,AGO,1974,7.5
Angola,AGO,1973,7.498
Angola,AGO,1972,7.488
Angola,AGO,1971,7.467
Angola,AGO,1970,7.434
Angola,AGO,1969,7.388
Angola,AGO,1968,7.332
Angola,AGO,1967,7.267
Angola,AGO,1966,7.194
Angola,AGO,1965,7.116
Angola,AGO,1964,7.036
Angola,AGO,1963,6.954
Angola,AGO,1962,6.872
Angola,AGO,1961,6.79
Angola,AGO,1960,6.708
Antigua and Barbuda,ATG,2025,
Antigua and Barbuda,ATG,2024,1.582
Antigua and Barbuda,ATG,2023,1.578
Antigua and Barbuda,ATG,2022,1.58
Antigua and Barbuda,ATG,2021,1.58
Antigua and Barbuda,ATG,2020,1.569
Antigua and Barbuda,ATG,2019,1.468
Antigua and Barbuda,ATG,2018,1.371
Antigua and Barbuda,ATG,2017,1.485
Antigua and Barbuda,ATG,2016,1.458
Antigua and Barbuda,ATG,2015,1.567
Antigua and Barbuda,ATG,2014,1.526
Antigua and Barbuda,ATG,2013,1.537
Antigua and Barbuda,ATG,2012,1.655
Antigua and Barbuda,ATG,2011,1.746
Antigua and Barbuda,ATG,2010,1.785
Antigua and Barbuda,ATG,2009,2.006
Antigua and Barbuda,ATG,2008,2.042
Antigua and Barbuda,ATG,2007,1.86
Antigua and Barbuda,ATG,2006,1.831
Antigua and Barbuda,ATG,2005,1.832
Antigua and Barbuda,ATG,2004,1.852
Antigua and Barbuda,ATG,2003,1.887
Antigua and Barbuda,ATG,2002,1.94
Antigua and Barbuda,ATG,2001,2.018
Antigua and Barbuda,ATG,2000,2.196
Antigua and Barbuda,ATG,1999,1.956
Antigua and Barbuda,ATG,1998,2.017
Antigua and Barbuda,ATG,1997,2.19
Antigua and Barbuda,ATG,1996,2.266
Antigua and Barbuda,ATG,1995,2.159
Antigua and Barbuda,ATG,1994,2.069
Antigua and Barbuda,ATG,1993,2.036
Antigua and Barbuda,ATG,1992,2.126
Antigua and Barbuda,ATG,1991,2.036
Antigua and Barbuda,ATG,1990,2.249
Antigua and Barbuda,ATG,1989,2.199
Antigua and Barbuda,ATG,1988,2.132
Antigua and Barbuda,ATG,1987,2.067
Antigua and Barbuda,ATG,1986,2.032
Antigua and Barbuda,ATG,1985,2.151
Antigua and Barbuda,ATG,1984,2.038
Antigua and Barbuda,ATG,1983,2.116
Antigua and Barbuda,ATG,1982,2.087
Antigua and Barbuda,ATG,1981,2.166
Antigua and Barbuda,ATG,1980,2.311
Antigua and Barbuda,ATG,1979,2.632
Antigua and Barbuda,ATG,1978,2.573
Antigua and Barbuda,ATG,1977,2.784
Antigua and Barbuda,ATG,1976,2.78
Antigua and Barbuda,ATG,1975,2.77
Antigua and Barbuda,ATG,1974,2.932
Antigua and Barbuda,ATG,1973,3.126
Antigua and Barbuda,ATG,1972,3.287
Antigua and Barbuda,ATG,1971,3.455
Antigua and Barbuda,ATG,1970,3.628
Antigua and Barbuda,ATG,1969,3.829
Antigua and Barbuda,ATG,1968,4.014
Antigua and Barbuda,ATG,1967,4.178
Antigua and Barbuda,ATG,1966,4.322
Antigua and Barbuda,ATG,1965,4.416
Antigua and Barbuda,ATG,1964,4.484
Antigua and Barbuda,ATG,1963,4.536
Antigua and Barbuda,ATG,1962,4.547
Antigua and Barbuda,ATG,1961,4.559
Antigua and Barbuda,ATG,1960,4.602
Argentina,ARG,2025,
Argentina,ARG,2024,1.504
Argentina,ARG,2023,1.5
Argentina,ARG,2022,1.482
Argentina,ARG,2021,1.585
Argentina,ARG,2020,1.601
Argentina,ARG,2019,1.882
Argentina,ARG,2018,2.067
Argentina,ARG,2017,2.168
Argentina,ARG,2016,2.241
Argentina,ARG,2015,2.35
Argentina,ARG,2014,2.386
Argentina,ARG,2013,2.335
Argentina,ARG,2012,2.304
Argentina,ARG,2011,2.393
Argentina,ARG,2010,2.411
Argentina,ARG,2009,2.4
Argentina,ARG,2008,2.432
Argentina,ARG,2007,2.37
Argentina,ARG,2006,2.4
Argentina,ARG,2005,2.426
Argentina,ARG,2004,2.43
Argentina,ARG,2003,2.451
Argentina,ARG,2002,2.493
Argentina,ARG,2001,2.531
Argentina,ARG,2000,2.591
Argentina,ARG,1999,2.643
Argentina,ARG,1998,2.662
Argentina,ARG,1997,2.706
Argentina,ARG,1996,2.781
Argentina,ARG,1995,2.864
Argentina,ARG,1994,2.935
Argentina,ARG,1993,2.966
Argentina,ARG,1992,2.987
Argentina,ARG,1991,3.012
Argentina,ARG,1990,3.034
Argentina,ARG,1989,3.022
Argentina,ARG,1988,3.046
Argentina,ARG,1987,3.037
Argentina,ARG,1986,3.054
Argentina,ARG,1985,3.066
Argentina,ARG,1984,3.116
Argentina,ARG,1983,3.148
Argentina,ARG,1982,3.204
Argentina,ARG,1981,3.253
Argentina,ARG,1980,3.301
Argentina,ARG,1979,3.339
Argentina,ARG,1978,3.359
Argentina,ARG,1977,3.359
Argentina,ARG,1976,3.317
Argentina,ARG,1975,3.271
Argentina,ARG,1974,3.216
Argentina,ARG,1973,3.17
Argentina,ARG,1972,3.135
Argentina,ARG,1971,3.108
Argentina,ARG,1970,3.085
Argentina,ARG,1969,3.049
Argentina,ARG,1968,3.011
Argentina,ARG,1967,2.982
Argentina,ARG,1966,2.966
Argentina,ARG,1965,3.005
Argentina,ARG,1964,3.075
Argentina,ARG,1963,3.109
Argentina,ARG,1962,3.126
Argentina,ARG,1961,3.12
Argentina,ARG,1960,3.136
Armenia,ARM,2025,
Armenia,ARM,2024,1.7
Armenia,ARM,2023,1.9
Armenia,ARM,2022,1.7
Armenia,ARM,2021,1.7
Armenia,ARM,2020,1.7
Armenia,ARM,2019,1.6
Armenia,ARM,2018,1.6
Armenia,ARM,2017,1.6
Armenia,ARM,2016,1.6
Armenia,ARM,2015,1.6
Armenia,ARM,2014,1.7
Armenia,ARM,2013,1.6
Armenia,ARM,2012,1.6
Armenia,ARM,2011,1.5
Armenia,ARM,2010,1.5
Armenia,ARM,2009,1.5
Armenia,ARM,2008,1.4
Armenia,ARM,2007,1.4
Armenia,ARM,2006,1.3
Armenia,ARM,2005,1.3
Armenia,ARM,2004,1.4
Armenia,ARM,2003,1.3
Armenia,ARM,2002,1.2
Armenia,ARM,2001,1.2
Armenia,ARM,2000,1.3
Armenia,ARM,1999,1.534
Armenia,ARM,1998,1.81
Armenia,ARM,1997,1.9
Armenia,ARM,1996,2.06
Armenia,ARM,1995,2.067
Armenia,ARM,1994,2.084
Armenia,ARM,1993,2.286
Armenia,ARM,1992,2.499
Armenia,ARM,1991,2.643
Armenia,ARM,1990,2.708
Armenia,ARM,1989,2.705
Armenia,ARM,1988,2.675
Armenia,ARM,1987,2.664
Armenia,ARM,1986,2.662
Armenia,ARM,1985,2.644
Armenia,ARM,1984,2.603
Armenia,ARM,1983,2.558
Armenia,ARM,1982,2.503
Armenia,ARM,1981,2.48
Armenia,ARM,1980,2.48
Armenia,ARM,1979,2.53
Armenia,ARM,1978,2.617
Armenia,ARM,1977,2.739
Armenia,ARM,1976,2.844
Armenia,ARM,1975,2.921
Armenia,ARM,1974,2.984
Armenia,ARM,1973,3.081
Armenia,ARM,1972,3.198
Armenia,ARM,1971,3.286
Armenia,ARM,1970,3.328
Armenia,ARM,1969,3.488
Armenia,ARM,1968,3.622
Armenia,ARM,1967,3.731
Armenia,ARM,1966,3.829
Armenia,ARM,1965,3.988
Armenia,ARM,1964,4.15
Armenia,ARM,1963,4.345
Armenia,ARM,1962,4.521
Armenia,ARM,1961,4.67
Armenia,ARM,1960,4.786
Aruba,ABW,2025,
Aruba,ABW,2024,1.606
Aruba,ABW,2023,1.602
Aruba,ABW,2022,1.615
Aruba,ABW,2021,1.631
Aruba,ABW,2020,1.662
Aruba,ABW,2019,1.701
Aruba,ABW,2018,1.732
Aruba,ABW,2017,1.785
Aruba,ABW,2016,1.848
Aruba,ABW,2015,1.899
Aruba,ABW,2014,1.944
Aruba,ABW,2013,1.944
Aruba,ABW,2012,1.907
Aruba,ABW,2011,1.858
Aruba,ABW,2010,1.855
Aruba,ABW,2009,1.875
Aruba,ABW,2008,1.889
Aruba,ABW,2007,1.881
Aruba,ABW,2006,1.862
Aruba,ABW,2005,1.844
Aruba,ABW,2004,1.819
Aruba,ABW,2003,1.808
Aruba,ABW,2002,1.8
Aruba,ABW,2001,1.813
Aruba,ABW,2000,1.845
Aruba,ABW,1999,1.897
Aruba,ABW,1998,2.001
Aruba,ABW,1997,2.138
Aruba,ABW,1996,2.233
Aruba,ABW,1995,2.288
Aruba,ABW,1994,2.298
Aruba,ABW,1993,2.331
Aruba,ABW,1992,2.353
Aruba,ABW,1991,2.362
Aruba,ABW,1990,2.345
Aruba,ABW,1989,2.306
Aruba,ABW,1988,2.273
Aruba,ABW,1987,2.243
Aruba,ABW,1986,2.212
Aruba,ABW,1985,2.188
Aruba,ABW,1984,2.17
Aruba,ABW,1983,2.148
Aruba,ABW,1982,2.142
Aruba,ABW,1981,2.161
Aruba,ABW,1980,2.203
Aruba,ABW,1979,2.257
Aruba,ABW,1978,2.312
Aruba,ABW,1977,2.372
Aruba,ABW,1976,2.432
Aruba,ABW,1975,2.499
Aruba,ABW,1974,2.573
Aruba,ABW,1973,2.655
Aruba,ABW,1972,2.755
Aruba,ABW,1971,2.862
Aruba,ABW,1970,2.973
Aruba,ABW,1969,3.111
Aruba,ABW,1968,3.277
Aruba,ABW,1967,3.452
Aruba,ABW,1966,3.621
Aruba,ABW,1965,3.797
Aruba,ABW,1964,3.94
Aruba,ABW,1963,4.107
Aruba,ABW,1962,4.262
Aruba,ABW,1961,4.422
Aruba,ABW,1960,4.567
Australia,AUS,2025,
Australia,AUS,2024,1.481
Australia,AUS,2023,1.499
Australia,AUS,2022,1.63
Australia,AUS,2021,1.7
Australia,AUS,2020,1.581
Australia,AUS,2019,1.657
Australia,AUS,2018,1.74
Australia,AUS,2017,1.741
Australia,AUS,2016,1.752
Australia,AUS,2015,1.814
Australia,AUS,2014,1.826
Australia,AUS,2013,1.855
Australia,AUS,2012,1.92
Australia,AUS,2011,1.926
Australia,AUS,2010,1.928
Australia,AUS,2009,1.971
Australia,AUS,2008,1.984
Australia,AUS,2007,1.959
Australia,AUS,2006,1.908
Australia,AUS,2005,1.807
Australia,AUS,2004,1.768
Australia,AUS,2003,1.748
Australia,AUS,2002,1.756
Australia,AUS,2001,1.739
Australia,AUS,2000,1.756
Australia,AUS,1999,1.755
Australia,AUS,1998,1.762
Australia,AUS,1997,1.778
Australia,AUS,1996,1.796
Australia,AUS,1995,1.822
Australia,AUS,1994,1.842
Australia,AUS,1993,1.859
Australia,AUS,1992,1.888
Australia,AUS,1991,1.849
Australia,AUS,1990,1.902
Australia,AUS,1989,1.838
Australia,AUS,1988,1.831
Australia,AUS,1987,1.845
Australia,AUS,1986,1.868
Australia,AUS,1985,1.923
Australia,AUS,1984,1.84
Australia,AUS,1983,1.924
Australia,AUS,1982,1.929
Australia,AUS,1981,1.935
Australia,AUS,1980,1.891
Australia,AUS,1979,1.907
Australia,AUS,1978,1.949
Australia,AUS,1977,2.007
Australia,AUS,1976,2.06
Australia,AUS,1975,2.148
Australia,AUS,1974,2.397
Australia,AUS,1973,2.491
Australia,AUS,1972,2.744
Australia,AUS,1971,2.961
Australia,AUS,1970,2.859
Australia,AUS,1969,2.886
Australia,AUS,1968,2.888
Australia,AUS,1967,2.848
Australia,AUS,1966,2.881
Australia,AUS,1965,2.977
Australia,AUS,1964,3.146
Australia,AUS,1963,3.332
Australia,AUS,1962,3.442
Australia,AUS,1961,3.54
Australia,AUS,1960,3.453
Austria,AUT,2025,
Austria,AUT,2024,1.31
Austria,AUT,2023,1.32
Austria,AUT,2022,1.41
Austria,AUT,2021,1.48
Austria,AUT,2020,1.44
Austria,AUT,2019,1.46
Austria,AUT,2018,1.47
Austria,AUT,2017,1.52
Austria,AUT,2016,1.53
Austria,AUT,2015,1.49
Austria,AUT,2014,1.46
Austria,AUT,2013,1.44
Austria,AUT,2012,1.44
Austria,AUT,2011,1.43
Austria,AUT,2010,1.44
Austria,AUT,2009,1.39
Austria,AUT,2008,1.42
Austria,AUT,2007,1.38
Austria,AUT,2006,1.41
Austria,AUT,2005,1.41
Austria,AUT,2004,1.42
Austria,AUT,2003,1.38
Austria,AUT,2002,1.39
Austria,AUT,2001,1.33
Austria,AUT,2000,1.36
Austria,AUT,1999,1.34
Austria,AUT,1998,1.37
Austria,AUT,1997,1.39
Austria,AUT,1996,1.45
Austria,AUT,1995,1.42
Austria,AUT,1994,1.47
Austria,AUT,1993,1.5
Austria,AUT,1992,1.51
Austria,AUT,1991,1.51
Austria,AUT,1990,1.46
Austria,AUT,1989,1.45
Austria,AUT,1988,1.45
Austria,AUT,1987,1.43
Austria,AUT,1986,1.45
Austria,AUT,1985,1.47
Austria,AUT,1984,1.52
Austria,AUT,1983,1.56
Austria,AUT,1982,1.66
Austria,AUT,1981,1.67
Austria,AUT,1980,1.65
Austria,AUT,1979,1.6
Austria,AUT,1978,1.6
Austria,AUT,1977,1.63
Austria,AUT,1976,1.69
Austria,AUT,1975,1.83
Austria,AUT,1974,1.91
Austria,AUT,1973,1.94
Austria,AUT,1972,2.08
Austria,AUT,1971,2.2
Austria,AUT,1970,2.29
Austria,AUT,1969,2.49
Austria,AUT,1968,2.58
Austria,AUT,1967,2.62
Austria,AUT,1966,2.66
Austria,AUT,1965,2.7
Austria,AUT,1964,2.79
Austria,AUT,1963,2.82
Austria,AUT,1962,2.8
Austria,AUT,1961,2.78
Austria,AUT,1960,2.69
Azerbaijan,AZE,2025,
Azerbaijan,AZE,2024,1.43
Azerbaijan,AZE,2023,1.55
Azerbaijan,AZE,2022,1.67
Azerbaijan,AZE,2021,1.52
Azerbaijan,AZE,2020,1.7
Azerbaijan,AZE,2019,1.81
Azerbaijan,AZE,2018,1.73
Azerbaijan,AZE,2017,1.75
Azerbaijan,AZE,2016,1.9
Azerbaijan,AZE,2015,1.94
Azerbaijan,AZE,2014,1.97
Azerbaijan,AZE,2013,1.98
Azerbaijan,AZE,2012,2.0
Azerbaijan,AZE,2011,1.96
Azerbaijan,AZE,2010,1.92
Azerbaijan,AZE,2009,1.82
Azerbaijan,AZE,2008,1.9
Azerbaijan,AZE,2007,1.97
Azerbaijan,AZE,2006,1.97
Azerbaijan,AZE,2005,2.0
Azerbaijan,AZE,2004,2.0535
Azerbaijan,AZE,2003,1.9
Azerbaijan,AZE,2002,1.8
Azerbaijan,AZE,2001,1.8
Azerbaijan,AZE,2000,2.0
Azerbaijan,AZE,1999,2.07
Azerbaijan,AZE,1998,2.0
Azerbaijan,AZE,1997,2.07
Azerbaijan,AZE,1996,2.06
Azerbaijan,AZE,1995,2.29
Azerbaijan,AZE,1994,2.52
Azerbaijan,AZE,1993,2.7
Azerbaijan,AZE,1992,2.74
Azerbaijan,AZE,1991,2.87
Azerbaijan,AZE,1990,2.74
Azerbaijan,AZE,1989,2.8
Azerbaijan,AZE,1988,2.8
Azerbaijan,AZE,1987,2.9026
Azerbaijan,AZE,1986,2.9
Azerbaijan,AZE,1985,2.91
Azerbaijan,AZE,1984,3.259
Azerbaijan,AZE,1983,3.293
Azerbaijan,AZE,1982,3.343
Azerbaijan,AZE,1981,3.41
Azerbaijan,AZE,1980,3.497
Azerbaijan,AZE,1979,3.605
Azerbaijan,AZE,1978,3.73
Azerbaijan,AZE,1977,3.869
Azerbaijan,AZE,1976,4.018
Azerbaijan,AZE,1975,4.176
Azerbaijan,AZE,1974,4.33
Azerbaijan,AZE,1973,4.451
Azerbaijan,AZE,1972,4.615
Azerbaijan,AZE,1971,4.769
Azerbaijan,AZE,1970,4.913
Azerbaijan,AZE,1969,5.065
Azerbaijan,AZE,1968,5.222
Azerbaijan,AZE,1967,5.377
Azerbaijan,AZE,1966,5.663
Azerbaijan,AZE,1965,5.792
Azerbaijan,AZE,1964,5.888
Azerbaijan,AZE,1963,5.945
Azerbaijan,AZE,1962,5.961
Azerbaijan,AZE,1961,5.937
Azerbaijan,AZE,1960,5.878
"Bahamas, The",BHS,2025,
"Bahamas, The",BHS,2024,1.374
"Bahamas, The",BHS,2023,1.373
"Bahamas, The",BHS,2022,1.379
"Bahamas, The",BHS,2021,1.382
"Bahamas, The",BHS,2020,1.386
"Bahamas, The",BHS,2019,1.397
"Bahamas, The",BHS,2018,1.404
"Bahamas, The",BHS,2017,1.424
"Bahamas, The",BHS,2016,1.495
"Bahamas, The",BHS,2015,1.574
"Bahamas, The",BHS,2014,1.687
"Bahamas, The",BHS,2013,1.738
"Bahamas, The",BHS,2012,1.761
"Bahamas, The",BHS,2011,1.791
"Bahamas, The",BHS,2010,1.837
"Bahamas, The",BHS,2009,2.011
"Bahamas, The",BHS,2008,1.999
"Bahamas, The",BHS,2007,2.035
"Bahamas, The",BHS,2006,2.019
"Bahamas, The",BHS,2005,2.008
"Bahamas, The",BHS,2004,1.98
"Bahamas, The",BHS,2003,1.971
"Bahamas, The",BHS,2002,1.984
"Bahamas, The",BHS,2001,2.02
"Bahamas, The",BHS,2000,2.06
"Bahamas, The",BHS,1999,2.134
"Bahamas, The",BHS,1998,2.232
"Bahamas, The",BHS,1997,2.293
"Bahamas, The",BHS,1996,2.353
"Bahamas, The",BHS,1995,2.419
"Bahamas, The",BHS,1994,2.472
"Bahamas, The",BHS,1993,2.61
"Bahamas, The",BHS,1992,2.71
"Bahamas, The",BHS,1991,2.51
"Bahamas, The",BHS,1990,2.52
"Bahamas, The",BHS,1989,2.523
"Bahamas, The",BHS,1988,2.519
"Bahamas, The",BHS,1987,2.52
"Bahamas, The",BHS,1986,2.529
"Bahamas, The",BHS,1985,2.546
"Bahamas, The",BHS,1984,2.591
"Bahamas, The",BHS,1983,2.652
"Bahamas, The",BHS,1982,2.708
"Bahamas, The",BHS,1981,2.771
"Bahamas, The",BHS,1980,2.842
"Bahamas, The",BHS,1979,2.937
"Bahamas, The",BHS,1978,3.052
"Bahamas, The",BHS,1977,3.167
"Bahamas, The",BHS,1976,3.297
"Bahamas, The",BHS,1975,3.424
"Bahamas, The",BHS,1974,3.572
"Bahamas, The",BHS,1973,3.726
"Bahamas, The",BHS,1972,3.886
"Bahamas, The",BHS,1971,4.058
"Bahamas, The",BHS,1970,4.212
"Bahamas, The",BHS,1969,4.38
"Bahamas, The",BHS,1968,4.556
"Bahamas, The",BHS,1967,4.689
"Bahamas, The",BHS,1966,4.788
"Bahamas, The",BHS,1965,4.884
"Bahamas, The",BHS,1964,4.969
"Bahamas, The",BHS,1963,5.062
"Bahamas, The",BHS,1962,5.125
"Bahamas, The",BHS,1961,5.156
"Bahamas, The",BHS,1960,5.093
Bahrain,BHR,2025,
Bahrain,BHR,2024,1.805
Bahrain,BHR,2023,1.824
Bahrain,BHR,2022,1.839
Bahrain,BHR,2021,1.852
Bahrain,BHR,2020,1.86
Bahrain,BHR,2019,1.843
Bahrain,BHR,2018,1.911
Bahrain,BHR,2017,1.984
Bahrain,BHR,2016,2.042
Bahrain,BHR,2015,2.113
Bahrain,BHR,2014,2.149
Bahrain,BHR,2013,2.166
Bahrain,BHR,2012,2.11
Bahrain,BHR,2011,2.025
Bahrain,BHR,2010,1.987
Bahrain,BHR,2009,2.047
Bahrain,BHR,2008,2.152
Bahrain,BHR,2007,2.282
Bahrain,BHR,2006,2.464
Bahrain,BHR,2005,2.67
Bahrain,BHR,2004,2.774
Bahrain,BHR,2003,2.778
Bahrain,BHR,2002,2.699
Bahrain,BHR,2001,2.653
Bahrain,BHR,2000,2.798
Bahrain,BHR,1999,2.899
Bahrain,BHR,1998,2.889
Bahrain,BHR,1997,2.924
Bahrain,BHR,1996,2.986
Bahrain,BHR,1995,3.128
Bahrain,BHR,1994,3.291
Bahrain,BHR,1993,3.461
Bahrain,BHR,1992,3.548
Bahrain,BHR,1991,3.625
Bahrain,BHR,1990,3.817
Bahrain,BHR,1989,3.956
Bahrain,BHR,1988,4.04
Bahrain,BHR,1987,4.133
Bahrain,BHR,1986,4.254
Bahrain,BHR,1985,4.281
Bahrain,BHR,1984,4.303
Bahrain,BHR,1983,4.406
Bahrain,BHR,1982,4.505
Bahrain,BHR,1981,4.602
Bahrain,BHR,1980,4.762
Bahrain,BHR,1979,4.937
Bahrain,BHR,1978,5.12
Bahrain,BHR,1977,5.287
Bahrain,BHR,1976,5.454
Bahrain,BHR,1975,5.618
Bahrain,BHR,1974,5.787
Bahrain,BHR,1973,5.965
Bahrain,BHR,1972,6.139
Bahrain,BHR,1971,6.284
Bahrain,BHR,1970,6.428
Bahrain,BHR,1969,6.57
Bahrain,BHR,1968,6.708
Bahrain,BHR,1967,6.843
Bahrain,BHR,1966,6.944
Bahrain,BHR,1965,7.027
Bahrain,BHR,1964,7.091
Bahrain,BHR,1963,7.137
Bahrain,BHR,1962,7.185
Bahrain,BHR,1961,7.231
Bahrain,BHR,1960,7.262
Bangladesh,BGD,2025,
Bangladesh,BGD,2024,2.138
Bangladesh,BGD,2023,2.163
Bangladesh,BGD,2022,2.179
Bangladesh,BGD,2021,2.173
Bangladesh,BGD,2020,2.175
Bangladesh,BGD,2019,2.18
Bangladesh,BGD,2018,2.193
Bangladesh,BGD,2017,2.205
Bangladesh,BGD,2016,2.227
Bangladesh,BGD,2015,2.227
Bangladesh,BGD,2014,2.228
Bangladesh,BGD,2013,2.247
Bangladesh,BGD,2012,2.263
Bangladesh,BGD,2011,2.309
Bangladesh,BGD,2010,2.38
Bangladesh,BGD,2009,2.484
Bangladesh,BGD,2008,2.577
Bangladesh,BGD,2007,2.666
Bangladesh,BGD,2006,2.755
Bangladesh,BGD,2005,2.846
Bangladesh,BGD,2004,2.94
Bangladesh,BGD,2003,3.029
Bangladesh,BGD,2002,3.126
Bangladesh,BGD,2001,3.203
Bangladesh,BGD,2000,3.279
Bangladesh,BGD,1999,3.357
Bangladesh,BGD,1998,3.427
Bangladesh,BGD,1997,3.502
Bangladesh,BGD,1996,3.505
Bangladesh,BGD,1995,3.588
Bangladesh,BGD,1994,3.737
Bangladesh,BGD,1993,3.832
Bangladesh,BGD,1992,4.027
Bangladesh,BGD,1991,4.261
Bangladesh,BGD,1990,4.506
Bangladesh,BGD,1989,4.695
Bangladesh,BGD,1988,4.849
Bangladesh,BGD,1987,5.075
Bangladesh,BGD,1986,5.302
Bangladesh,BGD,1985,5.539
Bangladesh,BGD,1984,5.732
Bangladesh,BGD,1983,5.906
Bangladesh,BGD,1982,6.118
Bangladesh,BGD,1981,6.237
Bangladesh,BGD,1980,6.326
Bangladesh,BGD,1979,6.421
Bangladesh,BGD,1978,6.509
Bangladesh,BGD,1977,6.583
Bangladesh,BGD,1976,6.66
Bangladesh,BGD,1975,6.728
Bangladesh,BGD,1974,6.778
Bangladesh,BGD,1973,6.8
Bangladesh,BGD,1972,6.816
Bangladesh,BGD,1971,6.831
Bangladesh,BGD,1970,6.839
Bangladesh,BGD,1969,6.806
Bangladesh,BGD,1968,6.791
Bangladesh,BGD,1967,6.79
Bangladesh,BGD,1966,6.766
Bangladesh,BGD,1965,6.771
Bangladesh,BGD,1964,6.785
Bangladesh,BGD,1963,6.798
Bangladesh,BGD,1962,6.806
Bangladesh,BGD,1961,6.78
Bangladesh,BGD,1960,6.742
Barbados,BRB,2025,
Barbados,BRB,2024,1.708
Barbados,BRB,2023,1.708
Barbados,BRB,2022,1.712
Barbados,BRB,2021,1.709
Barbados,BRB,2020,1.708
Barbados,BRB,2019,1.715
Barbados,BRB,2018,1.72
Barbados,BRB,2017,1.724
Barbados,BRB,2016,1.724
Barbados,BRB,2015,1.726
Barbados,BRB,2014,1.727
Barbados,BRB,2013,1.729
Barbados,BRB,2012,1.731
Barbados,BRB,2011,1.758
Barbados,BRB,2010,1.785
Barbados,BRB,2009,1.77
Barbados,BRB,2008,1.756
Barbados,BRB,2007,1.755
Barbados,BRB,2006,1.702
Barbados,BRB,2005,1.738
Barbados,BRB,2004,1.797
Barbados,BRB,2003,1.856
Barbados,BRB,2002,1.862
Barbados,BRB,2001,1.955
Barbados,BRB,2000,1.933
Barbados,BRB,1999,1.779
Barbados,BRB,1998,1.62
Barbados,BRB,1997,1.645
Barbados,BRB,1996,1.673
Barbados,BRB,1995,1.704
Barbados,BRB,1994,1.733
Barbados,BRB,1993,1.769
Barbados,BRB,1992,1.804
Barbados,BRB,1991,1.838
Barbados,BRB,1990,1.842
Barbados,BRB,1989,1.638
Barbados,BRB,1988,1.58
Barbados,BRB,1987,1.611
Barbados,BRB,1986,1.694
Barbados,BRB,1985,1.769
Barbados,BRB,1984,1.752
Barbados,BRB,1983,1.856
Barbados,BRB,1982,1.859
Barbados,BRB,1981,1.846
Barbados,BRB,1980,1.777
Barbados,BRB,1979,1.862
Barbados,BRB,1978,1.839
Barbados,BRB,1977,2.201
Barbados,BRB,1976,2.241
Barbados,BRB,1975,2.447
Barbados,BRB,1974,2.652
Barbados,BRB,1973,2.865
Barbados,BRB,1972,3.153
Barbados,BRB,1971,3.199
Barbados,BRB,1970,3.079
Barbados,BRB,1969,3.342
Barbados,BRB,1968,3.574
Barbados,BRB,1967,3.599
Barbados,BRB,1966,4.144
Barbados,BRB,1965,4.176
Barbados,BRB,1964,4.214
Barbados,BRB,1963,4.304
Barbados,BRB,1962,4.3
Barbados,BRB,1961,4.153
Barbados,BRB,1960,4.706
Belarus,BLR,2025,
Belarus,BLR,2024,1.217
Belarus,BLR,2023,1.208
Belarus,BLR,2022,1.326
Belarus,BLR,2021,1.371
Belarus,BLR,2020,1.369
Belarus,BLR,2019,1.382
Belarus,BLR,2018,1.448
Belarus,BLR,2017,1.541
Belarus,BLR,2016,1.733
Belarus,BLR,2015,1.724
Belarus,BLR,2014,1.696
Belarus,BLR,2013,1.668
Belarus,BLR,2012,1.62
Belarus,BLR,2011,1.515
Belarus,BLR,2010,1.494
Belarus,BLR,2009,1.509
Belarus,BLR,2008,1.488
Belarus,BLR,2007,1.429
Belarus,BLR,2006,1.335
Belarus,BLR,2005,1.252
Belarus,BLR,2004,1.233
Belarus,BLR,2003,1.232
Belarus,BLR,2002,1.24
Belarus,BLR,2001,1.286
Belarus,BLR,2000,1.317
Belarus,BLR,1999,1.31
Belarus,BLR,1998,1.3
Belarus,BLR,1997,1.25
Belarus,BLR,1996,1.335
Belarus,BLR,1995,1.406
Belarus,BLR,1994,1.533
Belarus,BLR,1993,1.623
Belarus,BLR,1992,1.764
Belarus,BLR,1991,1.805
Belarus,BLR,1990,1.913
Belarus,BLR,1989,2.026
Belarus,BLR,1988,2.031
Belarus,BLR,1987,2.03
Belarus,BLR,1986,2.09
Belarus,BLR,1985,2.09
Belarus,BLR,1984,2.11
Belarus,BLR,1983,2.11
Belarus,BLR,1982,2.05
Belarus,BLR,1981,2.02
Belarus,BLR,1980,2.03
Belarus,BLR,1979,2.05
Belarus,BLR,1978,2.06
Belarus,BLR,1977,2.08
Belarus,BLR,1976,2.12
Belarus,BLR,1975,2.17
Belarus,BLR,1974,2.21
Belarus,BLR,1973,2.25
Belarus,BLR,1972,2.28
Belarus,BLR,1971,2.31
Belarus,BLR,1970,2.31
Belarus,BLR,1969,2.26
Belarus,BLR,1968,2.22
Belarus,BLR,1967,2.26
Belarus,BLR,1966,2.29
Belarus,BLR,1965,2.27
Belarus,BLR,1964,2.31
Belarus,BLR,1963,2.4
Belarus,BLR,1962,2.5
Belarus,BLR,1961,2.59
Belarus,BLR,1960,2.67
Belgium,BEL,2025,
Belgium,BEL,2024,1.44
Belgium,BEL,2023,1.47
Belgium,BEL,2022,1.53
Belgium,BEL,2021,1.6
Belgium,BEL,2020,1.55
Belgium,BEL,2019,1.6
Belgium,BEL,2018,1.62
Belgium,BEL,2017,1.65
Belgium,BEL,2016,1.68
Belgium,BEL,2015,1.7
Belgium,BEL,2014,1.74
Belgium,BEL,2013,1.76
Belgium,BEL,2012,1.8
Belgium,BEL,2011,1.81
Belgium,BEL,2010,1.86
Belgium,BEL,2009,1.84
Belgium,BEL,2008,1.85
Belgium,BEL,2007,1.82
Belgium,BEL,2006,1.8
Belgium,BEL,2005,1.76
Belgium,BEL,2004,1.72
Belgium,BEL,2003,1.67
Belgium,BEL,2002,1.65
Belgium,BEL,2001,1.67
Belgium,BEL,2000,1.67
Belgium,BEL,1999,1.62
Belgium,BEL,1998,1.6
Belgium,BEL,1997,1.6
Belgium,BEL,1996,1.59
Belgium,BEL,1995,1.56
Belgium,BEL,1994,1.56
Belgium,BEL,1993,1.61
Belgium,BEL,1992,1.65
Belgium,BEL,1991,1.66
Belgium,BEL,1990,1.62
Belgium,BEL,1989,1.58
Belgium,BEL,1988,1.57
Belgium,BEL,1987,1.54
Belgium,BEL,1986,1.54
Belgium,BEL,1985,1.51
Belgium,BEL,1984,1.54
Belgium,BEL,1983,1.57
Belgium,BEL,1982,1.61
Belgium,BEL,1981,1.66
Belgium,BEL,1980,1.68
Belgium,BEL,1979,1.69
Belgium,BEL,1978,1.69
Belgium,BEL,1977,1.71
Belgium,BEL,1976,1.73
Belgium,BEL,1975,1.74
Belgium,BEL,1974,1.83
Belgium,BEL,1973,1.95
Belgium,BEL,1972,2.09
Belgium,BEL,1971,2.21
Belgium,BEL,1970,2.25
Belgium,BEL,1969,2.27
Belgium,BEL,1968,2.31
Belgium,BEL,1967,2.41
Belgium,BEL,1966,2.52
Belgium,BEL,1965,2.61
Belgium,BEL,1964,2.71
Belgium,BEL,1963,2.68
Belgium,BEL,1962,2.59
Belgium,BEL,1961,2.63
Belgium,BEL,1960,2.54
Belize,BLZ,2025,
Belize,BLZ,2024,2.021
Belize,BLZ,2023,2.007
Belize,BLZ,2022,1.949
Belize,BLZ,2021,1.837
Belize,BLZ,2020,2.04
Belize,BLZ,2019,2.142
Belize,BLZ,2018,2.343
Belize,BLZ,2017,2.368
Belize,BLZ,2016,2.396
Belize,BLZ,2015,2.433
Belize,BLZ,2014,2.474
Belize,BLZ,2013,2.498
Belize,BLZ,2012,2.51
Belize,BLZ,2011,2.531
Belize,BLZ,2010,2.552
Belize,BLZ,2009,2.659
Belize,BLZ,2008,2.78
Belize,BLZ,2007,2.885
Belize,BLZ,2006,3.021
Belize,BLZ,2005,3.173
Belize,BLZ,2004,3.252
Belize,BLZ,2003,3.335
Belize,BLZ,2002,3.43
Belize,BLZ,2001,3.526
Belize,BLZ,2000,3.633
Belize,BLZ,1999,3.726
Belize,BLZ,1998,3.752
Belize,BLZ,1997,3.737
Belize,BLZ,1996,3.755
Belize,BLZ,1995,3.876
Belize,BLZ,1994,3.973
Belize,BLZ,1993,4.206
Belize,BLZ,1992,4.429
Belize,BLZ,1991,4.595
Belize,BLZ,1990,4.802
Belize,BLZ,1989,4.864
Belize,BLZ,1988,4.868
Belize,BLZ,1987,4.883
Belize,BLZ,1986,4.937
Belize,BLZ,1985,4.997
Belize,BLZ,1984,5.115
Belize,BLZ,1983,5.309
Belize,BLZ,1982,5.497
Belize,BLZ,1981,5.684
Belize,BLZ,1980,5.849
Belize,BLZ,1979,5.992
Belize,BLZ,1978,6.109
Belize,BLZ,1977,6.195
Belize,BLZ,1976,6.25
Belize,BLZ,1975,6.278
Belize,BLZ,1974,6.287
Belize,BLZ,1973,6.285
Belize,BLZ,1972,6.284
Belize,BLZ,1971,6.288
Belize,BLZ,1970,6.299
Belize,BLZ,1969,6.316
Belize,BLZ,1968,6.337
Belize,BLZ,1967,6.358
Belize,BLZ,1966,6.379
Belize,BLZ,1965,6.4
Belize,BLZ,1964,6.42
Belize,BLZ,1963,6.44
Belize,BLZ,1962,6.46
Belize,BLZ,1961,6.48
Belize,BLZ,1960,6.5
Benin,BEN,2025,
Benin,BEN,2024,4.48
Benin,BEN,2023,4.556
Benin,BEN,2022,4.634
Benin,BEN,2021,4.707
Benin,BEN,2020,4.795
Benin,BEN,2019,4.9
Benin,BEN,2018,5.031
Benin,BEN,2017,5.155
Benin,BEN,2016,5.254
Benin,BEN,2015,5.32
Benin,BEN,2014,5.374
Benin,BEN,2013,5.41
Benin,BEN,2012,5.429
Benin,BEN,2011,5.436
Benin,BEN,2010,5.452
Benin,BEN,2009,5.491
Benin,BEN,2008,5.548
Benin,BEN,2007,5.627
Benin,BEN,2006,5.673
Benin,BEN,2005,5.692
Benin,BEN,2004,5.718
Benin,BEN,2003,5.763
Benin,BEN,2002,5.793
Benin,BEN,2001,5.848
Benin,BEN,2000,5.937
Benin,BEN,1999,6.032
Benin,BEN,1998,6.136
Benin,BEN,1997,6.23
Benin,BEN,1996,6.279
Benin,BEN,1995,6.33
Benin,BEN,1994,6.419
Benin,BEN,1993,6.51
Benin,BEN,1992,6.593
Benin,BEN,1991,6.666
Benin,BEN,1990,6.741
Benin,BEN,1989,6.815
Benin,BEN,1988,6.871
Benin,BEN,1987,6.918
Benin,BEN,1986,6.962
Benin,BEN,1985,7.003
Benin,BEN,1984,7.031
Benin,BEN,1983,7.045
Benin,BEN,1982,7.055
Benin,BEN,1981,7.056
Benin,BEN,1980,6.989
Benin,BEN,1979,6.905
Benin,BEN,1978,6.824
Benin,BEN,1977,6.832
Benin,BEN,1976,6.83
Benin,BEN,1975,6.83
Benin,BEN,1974,6.822
Benin,BEN,1973,6.809
Benin,BEN,1972,6.799
Benin,BEN,1971,6.766
Benin,BEN,1970,6.735
Benin,BEN,1969,6.705
Benin,BEN,1968,6.669
Benin,BEN,1967,6.643
Benin,BEN,1966,6.625
Benin,BEN,1965,6.605
Benin,BEN,1964,6.565
Benin,BEN,1963,6.51
Benin,BEN,1962,6.457
Benin,BEN,1961,6.402
Benin,BEN,1960,6.282
Bermuda,BMU,2025,
Bermuda,BMU,2024,1.405
Bermuda,BMU,2023,1.401
Bermuda,BMU,2022,1.397
Bermuda,BMU,2021,1.389
Bermuda,BMU,2020,1.451
Bermuda,BMU,2019,1.383
Bermuda,BMU,2018,1.374
Bermuda,BMU,2017,1.419
Bermuda,BMU,2016,1.45
Bermuda,BMU,2015,1.44
Bermuda,BMU,2014,1.42
Bermuda,BMU,2013,1.522
Bermuda,BMU,2012,1.528
Bermuda,BMU,2011,1.569
Bermuda,BMU,2010,1.767
Bermuda,BMU,2009,1.853
Bermuda,BMU,2008,1.86
Bermuda,BMU,2007,1.934
Bermuda,BMU,2006,1.79
Bermuda,BMU,2005,1.782
Bermuda,BMU,2004,1.76
Bermuda,BMU,2003,1.79
Bermuda,BMU,2002,1.815
Bermuda,BMU,2001,1.861
Bermuda,BMU,2000,1.738
Bermuda,BMU,1999,1.794
Bermuda,BMU,1998,1.794
Bermuda,BMU,1997,1.692
Bermuda,BMU,1996,1.699
Bermuda,BMU,1995,1.677
Bermuda,BMU,1994,1.684
Bermuda,BMU,1993,1.7
Bermuda,BMU,1992,1.725
Bermuda,BMU,1991,1.744
Bermuda,BMU,1990,1.699
Bermuda,BMU,1989,1.76
Bermuda,BMU,1988,1.797
Bermuda,BMU,1987,1.746
Bermuda,BMU,1986,1.732
Bermuda,BMU,1985,1.774
Bermuda,BMU,1984,1.683
Bermuda,BMU,1983,1.812
Bermuda,BMU,1982,1.643
Bermuda,BMU,1981,1.596
Bermuda,BMU,1980,1.664
Bermuda,BMU,1979,1.661
Bermuda,BMU,1978,1.798
Bermuda,BMU,1977,1.689
Bermuda,BMU,1976,1.864
Bermuda,BMU,1975,1.888
Bermuda,BMU,1974,2.023
Bermuda,BMU,1973,2.143
Bermuda,BMU,1972,2.225
Bermuda,BMU,1971,2.277
Bermuda,BMU,1970,2.308
Bermuda,BMU,1969,2.361
Bermuda,BMU,1968,2.451
Bermuda,BMU,1967,2.567
Bermuda,BMU,1966,2.794
Bermuda,BMU,1965,3.077
Bermuda,BMU,1964,3.231
Bermuda,BMU,1963,3.476
Bermuda,BMU,1962,3.441
Bermuda,BMU,1961,3.594
Bermuda,BMU,1960,3.63
Bhutan,BTN,2025,
Bhutan,BTN,2024,1.449
Bhutan,BTN,2023,1.462
Bhutan,BTN,2022,1.478
Bhutan,BTN,2021,1.488
Bhutan,BTN,2020,1.502
Bhutan,BTN,2019,1.448
Bhutan,BTN,2018,1.517
Bhutan,BTN,2017,1.621
Bhutan,BTN,2016,1.738
Bhutan,BTN,2015,1.835
Bhutan,BTN,2014,1.923
Bhutan,BTN,2013,2.0
Bhutan,BTN,2012,2.068
Bhutan,BTN,2011,2.155
Bhutan,BTN,2010,2.252
Bhutan,BTN,2009,2.364
Bhutan,BTN,2008,2.481
Bhutan,BTN,2007,2.589
Bhutan,BTN,2006,2.66
Bhutan,BTN,2005,2.726
Bhutan,BTN,2004,2.781
Bhutan,BTN,2003,2.865
Bhutan,BTN,2002,3.012
Bhutan,BTN,2001,3.188
Bhutan,BTN,2000,3.378
Bhutan,BTN,1999,3.607
Bhutan,BTN,1998,3.853
Bhutan,BTN,1997,4.088
Bhutan,BTN,1996,4.369
Bhutan,BTN,1995,4.624
Bhutan,BTN,1994,4.866
Bhutan,BTN,1993,5.072
Bhutan,BTN,1992,5.267
Bhutan,BTN,1991,5.451
Bhutan,BTN,1990,5.604
Bhutan,BTN,1989,5.757
Bhutan,BTN,1988,5.88
Bhutan,BTN,1987,5.999
Bhutan,BTN,1986,6.103
Bhutan,BTN,1985,6.176
Bhutan,BTN,1984,6.262
Bhutan,BTN,1983,6.336
Bhutan,BTN,1982,6.402
Bhutan,BTN,1981,6.46
Bhutan,BTN,1980,6.511
Bhutan,BTN,1979,6.553
Bhutan,BTN,1978,6.584
Bhutan,BTN,1977,6.605
Bhutan,BTN,1976,6.616
Bhutan,BTN,1975,6.62
Bhutan,BTN,1974,6.618
Bhutan,BTN,1973,6.633
Bhutan,BTN,1972,6.639
Bhutan,BTN,1971,6.643
Bhutan,BTN,1970,6.65
Bhutan,BTN,1969,6.658
Bhutan,BTN,1968,6.664
Bhutan,BTN,1967,6.669
Bhutan,BTN,1966,6.674
Bhutan,BTN,1965,6.679
Bhutan,BTN,1964,6.682
Bhutan,BTN,1963,6.687
Bhutan,BTN,1962,6.692
Bhutan,BTN,1961,6.698
Bhutan,BTN,1960,6.704
Bolivia,BOL,2025,
Bolivia,BOL,2024,2.523
Bolivia,BOL,2023,2.547
Bolivia,BOL,2022,2.584
Bolivia,BOL,2021,2.618
Bolivia,BOL,2020,2.651
Bolivia,BOL,2019,2.688
Bolivia,BOL,2018,2.73
Bolivia,BOL,2017,2.777
Bolivia,BOL,2016,2.829
Bolivia,BOL,2015,2.886
Bolivia,BOL,2014,2.947
Bolivia,BOL,2013,3.01
Bolivia,BOL,2012,3.076
Bolivia,BOL,2011,3.143
Bolivia,BOL,2010,3.213
Bolivia,BOL,2009,3.287
Bolivia,BOL,2008,3.364
Bolivia,BOL,2007,3.447
Bolivia,BOL,2006,3.533
Bolivia,BOL,2005,3.558
Bolivia,BOL,2004,3.633
Bolivia,BOL,2003,3.721
Bolivia,BOL,2002,3.802
Bolivia,BOL,2001,3.89
Bolivia,BOL,2000,3.991
Bolivia,BOL,1999,4.09
Bolivia,BOL,1998,4.149
Bolivia,BOL,1997,4.219
Bolivia,BOL,1996,4.336
Bolivia,BOL,1995,4.409
Bolivia,BOL,1994,4.494
Bolivia,BOL,1993,4.592
Bolivia,BOL,1992,4.713
Bolivia,BOL,1991,4.846
Bolivia,BOL,1990,4.9
Bolivia,BOL,1989,4.965
Bolivia,BOL,1988,5.025
Bolivia,BOL,1987,5.063
Bolivia,BOL,1986,5.115
Bolivia,BOL,1985,5.153
Bolivia,BOL,1984,5.242
Bolivia,BOL,1983,5.289
Bolivia,BOL,1982,5.346
Bolivia,BOL,1981,5.408
Bolivia,BOL,1980,5.474
Bolivia,BOL,1979,5.542
Bolivia,BOL,1978,5.61
Bolivia,BOL,1977,5.673
Bolivia,BOL,1976,5.739
Bolivia,BOL,1975,5.748
Bolivia,BOL,1974,5.796
Bolivia,BOL,1973,5.847
Bolivia,BOL,1972,5.885
Bolivia,BOL,1971,5.947
Bolivia,BOL,1970,6.004
Bolivia,BOL,1969,6.058
Bolivia,BOL,1968,6.101
Bolivia,BOL,1967,6.133
Bolivia,BOL,1966,6.158
Bolivia,BOL,1965,6.182
Bolivia,BOL,1964,6.21
Bolivia,BOL,1963,6.232
Bolivia,BOL,1962,6.246
Bolivia,BOL,1961,6.257
Bolivia,BOL,1960,6.273
Bosnia and Herzegovina,BIH,2025,
Bosnia and Herzegovina,BIH,2024,1.492
Bosnia and Herzegovina,BIH,2023,1.486
Bosnia and Herzegovina,BIH,2022,1.481
Bosnia and Herzegovina,BIH,2021,1.49
Bosnia and Herzegovina,BIH,2020,1.515
Bosnia and Herzegovina,BIH,2019,1.509
Bosnia and Herzegovina,BIH,2018,1.504
Bosnia and Herzegovina,BIH,2017,1.419
Bosnia and Herzegovina,BIH,2016,1.36
Bosnia and Herzegovina,BIH,2015,1.322
Bosnia and Herzegovina,BIH,2014,1.262
Bosnia and Herzegovina,BIH,2013,1.278
Bosnia and Herzegovina,BIH,2012,1.252
Bosnia and Herzegovina,BIH,2011,1.209
Bosnia and Herzegovina,BIH,2010,1.26
Bosnia and Herzegovina,BIH,2009,1.267
Bosnia and Herzegovina,BIH,2008,1.21
Bosnia and Herzegovina,BIH,2007,1.19
Bosnia and Herzegovina,BIH,2006,1.18
Bosnia and Herzegovina,BIH,2005,1.203
Bosnia and Herzegovina,BIH,2004,1.221
Bosnia and Herzegovina,BIH,2003,1.219
Bosnia and Herzegovina,BIH,2002,1.231
Bosnia and Herzegovina,BIH,2001,1.23
Bosnia and Herzegovina,BIH,2000,1.282
Bosnia and Herzegovina,BIH,1999,1.366
Bosnia and Herzegovina,BIH,1998,1.561
Bosnia and Herzegovina,BIH,1997,1.686
Bosnia and Herzegovina,BIH,1996,1.652
Bosnia and Herzegovina,BIH,1995,1.669
Bosnia and Herzegovina,BIH,1994,1.698
Bosnia and Herzegovina,BIH,1993,1.729
Bosnia and Herzegovina,BIH,1992,1.758
Bosnia and Herzegovina,BIH,1991,1.782
Bosnia and Herzegovina,BIH,1990,1.786
Bosnia and Herzegovina,BIH,1989,1.792
Bosnia and Herzegovina,BIH,1988,1.849
Bosnia and Herzegovina,BIH,1987,1.879
Bosnia and Herzegovina,BIH,1986,1.909
Bosnia and Herzegovina,BIH,1985,1.96
Bosnia and Herzegovina,BIH,1984,2.015
Bosnia and Herzegovina,BIH,1983,2.049
Bosnia and Herzegovina,BIH,1982,2.052
Bosnia and Herzegovina,BIH,1981,2.024
Bosnia and Herzegovina,BIH,1980,1.98
Bosnia and Herzegovina,BIH,1979,1.993
Bosnia and Herzegovina,BIH,1978,2.081
Bosnia and Herzegovina,BIH,1977,2.197
Bosnia and Herzegovina,BIH,1976,2.314
Bosnia and Herzegovina,BIH,1975,2.389
Bosnia and Herzegovina,BIH,1974,2.454
Bosnia and Herzegovina,BIH,1973,2.539
Bosnia and Herzegovina,BIH,1972,2.672
Bosnia and Herzegovina,BIH,1971,2.749
Bosnia and Herzegovina,BIH,1970,2.791
Bosnia and Herzegovina,BIH,1969,2.954
Bosnia and Herzegovina,BIH,1968,3.076
Bosnia and Herzegovina,BIH,1967,3.219
Bosnia and Herzegovina,BIH,1966,3.394
Bosnia and Herzegovina,BIH,1965,3.53
Bosnia and Herzegovina,BIH,1964,3.6
Bosnia and Herzegovina,BIH,1963,3.7
Bosnia and Herzegovina,BIH,1962,3.805
Bosnia and Herzegovina,BIH,1961,3.888
Bosnia and Herzegovina,BIH,1960,3.963
Botswana,BWA,2025,
Botswana,BWA,2024,2.703
Botswana,BWA,2023,2.732
Botswana,BWA,2022,2.785
Botswana,BWA,2021,2.827
Botswana,BWA,2020,2.861
Botswana,BWA,2019,2.906
Botswana,BWA,2018,2.941
Botswana,BWA,2017,2.969
Botswana,BWA,2016,2.99
Botswana,BWA,2015,3.008
Botswana,BWA,2014,3.027
Botswana,BWA,2013,3.045
Botswana,BWA,2012,3.07
Botswana,BWA,2011,3.103
Botswana,BWA,2010,3.135
Botswana,BWA,2009,3.133
Botswana,BWA,2008,3.131
Botswana,BWA,2007,3.127
Botswana,BWA,2006,3.114
Botswana,BWA,2005,3.082
Botswana,BWA,2004,3.063
Botswana,BWA,2003,3.106
Botswana,BWA,2002,3.175
Botswana,BWA,2001,3.248
Botswana,BWA,2000,3.294
Botswana,BWA,1999,3.313
Botswana,BWA,1998,3.362
Botswana,BWA,1997,3.431
Botswana,BWA,1996,3.573
Botswana,BWA,1995,3.792
Botswana,BWA,1994,4.021
Botswana,BWA,1993,4.152
Botswana,BWA,1992,4.255
Botswana,BWA,1991,4.365
Botswana,BWA,1990,4.509
Botswana,BWA,1989,4.666
Botswana,BWA,1988,4.878
Botswana,BWA,1987,5.104
Botswana,BWA,1986,5.332
Botswana,BWA,1985,5.482
Botswana,BWA,1984,5.625
Botswana,BWA,1983,5.785
Botswana,BWA,1982,5.97
Botswana,BWA,1981,6.163
Botswana,BWA,1980,6.292
Botswana,BWA,1979,6.395
Botswana,BWA,1978,6.479
Botswana,BWA,1977,6.543
Botswana,BWA,1976,6.599
Botswana,BWA,1975,6.613
Botswana,BWA,1974,6.614
Botswana,BWA,1973,6.587
Botswana,BWA,1972,6.563
Botswana,BWA,1971,6.544
Botswana,BWA,1970,6.55
Botswana,BWA,1969,6.559
Botswana,BWA,1968,6.582
Botswana,BWA,1967,6.598
Botswana,BWA,1966,6.606
Botswana,BWA,1965,6.604
Botswana,BWA,1964,6.613
Botswana,BWA,1963,6.578
Botswana,BWA,1962,6.536
Botswana,BWA,1961,6.564
Botswana,BWA,1960,6.595
Brazil,BRA,2025,
Brazil,BRA,2024,1.614
Brazil,BRA,2023,1.619
Brazil,BRA,2022,1.629
Brazil,BRA,2021,1.638
Brazil,BRA,2020,1.653
Brazil,BRA,2019,1.705
Brazil,BRA,2018,1.744
Brazil,BRA,2017,1.74
Brazil,BRA,2016,1.727
Brazil,BRA,2015,1.777
Brazil,BRA,2014,1.775
Brazil,BRA,2013,1.761
Brazil,BRA,2012,1.766
Brazil,BRA,2011,1.777
Brazil,BRA,2010,1.786
Brazil,BRA,2009,1.799
Brazil,BRA,2008,1.815
Brazil,BRA,2007,1.854
Brazil,BRA,2006,1.896
Brazil,BRA,2005,1.942
Brazil,BRA,2004,1.973
Brazil,BRA,2003,2.006
Brazil,BRA,2002,2.081
Brazil,BRA,2001,2.162
Brazil,BRA,2000,2.247
Brazil,BRA,1999,2.335
Brazil,BRA,1998,2.418
Brazil,BRA,1997,2.468
Brazil,BRA,1996,2.511
Brazil,BRA,1995,2.567
Brazil,BRA,1994,2.603
Brazil,BRA,1993,2.66
Brazil,BRA,1992,2.71
Brazil,BRA,1991,2.805
Brazil,BRA,1990,2.896
Brazil,BRA,1989,3.007
Brazil,BRA,1988,3.112
Brazil,BRA,1987,3.232
Brazil,BRA,1986,3.361
Brazil,BRA,1985,3.48
Brazil,BRA,1984,3.6
Brazil,BRA,1983,3.723
Brazil,BRA,1982,3.838
Brazil,BRA,1981,3.943
Brazil,BRA,1980,4.037
Brazil,BRA,1979,4.12
Brazil,BRA,1978,4.195
Brazil,BRA,1977,4.267
Brazil,BRA,1976,4.339
Brazil,BRA,1975,4.415
Brazil,BRA,1974,4.502
Brazil,BRA,1973,4.638
Brazil,BRA,1972,4.735
Brazil,BRA,1971,4.838
Brazil,BRA,1970,4.934
Brazil,BRA,1969,5.041
Brazil,BRA,1968,5.165
Brazil,BRA,1967,5.336
Brazil,BRA,1966,5.516
Brazil,BRA,1965,5.677
Brazil,BRA,1964,5.818
Brazil,BRA,1963,5.93
Brazil,BRA,1962,5.984
Brazil,BRA,1961,6.022
Brazil,BRA,1960,6.051
British Virgin Islands,VGB,2025,
British Virgin Islands,VGB,2024,1.048
British Virgin Islands,VGB,2023,1.045
British Virgin Islands,VGB,2022,1.025
British Virgin Islands,VGB,2021,0.999
British Virgin Islands,VGB,2020,0.975
British Virgin Islands,VGB,2019,0.941
British Virgin Islands,VGB,2018,0.905
British Virgin Islands,VGB,2017,0.873
British Virgin Islands,VGB,2016,0.987
British Virgin Islands,VGB,2015,1.186
British Virgin Islands,VGB,2014,1.235
British Virgin Islands,VGB,2013,1.086
British Virgin Islands,VGB,2012,1.103
British Virgin Islands,VGB,2011,1.268
British Virgin Islands,VGB,2010,1.183
British Virgin Islands,VGB,2009,1.23
British Virgin Islands,VGB,2008,1.272
British Virgin Islands,VGB,2007,1.312
British Virgin Islands,VGB,2006,1.234
British Virgin Islands,VGB,2005,1.34
British Virgin Islands,VGB,2004,1.5
British Virgin Islands,VGB,2003,1.309
British Virgin Islands,VGB,2002,1.247
British Virgin Islands,VGB,2001,1.517
British Virgin Islands,VGB,2000,1.839
British Virgin Islands,VGB,1999,1.786
British Virgin Islands,VGB,1998,1.523
British Virgin Islands,VGB,1997,2.009
British Virgin Islands,VGB,1996,1.894
British Virgin Islands,VGB,1995,1.777
British Virgin Islands,VGB,1994,1.659
British Virgin Islands,VGB,1993,1.81
British Virgin Islands,VGB,1992,1.878
British Virgin Islands,VGB,1991,1.843
British Virgin Islands,VGB,1990,1.779
British Virgin Islands,VGB,1989,1.769
British Virgin Islands,VGB,1988,1.711
British Virgin Islands,VGB,1987,1.717
British Virgin Islands,VGB,1986,1.78
British Virgin Islands,VGB,1985,1.919
British Virgin Islands,VGB,1984,1.987
British Virgin Islands,VGB,1983,2.121
British Virgin Islands,VGB,1982,2.269
British Virgin Islands,VGB,1981,2.334
British Virgin Islands,VGB,1980,2.924
British Virgin Islands,VGB,1979,3.066
British Virgin Islands,VGB,1978,3.113
British Virgin Islands,VGB,1977,3.148
British Virgin Islands,VGB,1976,3.2
British Virgin Islands,VGB,1975,3.254
British Virgin Islands,VGB,1974,3.333
British Virgin Islands,VGB,1973,3.428
British Virgin Islands,VGB,1972,3.542
British Virgin Islands,VGB,1971,3.642
British Virgin Islands,VGB,1970,3.739
British Virgin Islands,VGB,1969,3.807
British Virgin Islands,VGB,1968,3.875
British Virgin Islands,VGB,1967,3.912
British Virgin Islands,VGB,1966,3.965
British Virgin Islands,VGB,1965,4.053
British Virgin Islands,VGB,1964,4.194
British Virgin Islands,VGB,1963,4.363
British Virgin Islands,VGB,1962,4.514
British Virgin Islands,VGB,1961,4.667
British Virgin Islands,VGB,1960,4.812
Brunei Darussalam,BRN,2025,
Brunei Darussalam,BRN,2024,1.731
Brunei Darussalam,BRN,2023,1.747
Brunei Darussalam,BRN,2022,1.764
Brunei Darussalam,BRN,2021,1.778
Brunei Darussalam,BRN,2020,1.796
Brunei Darussalam,BRN,2019,1.819
Brunei Darussalam,BRN,2018,1.848
Brunei Darussalam,BRN,2017,1.881
Brunei Darussalam,BRN,2016,1.915
Brunei Darussalam,BRN,2015,1.947
Brunei Darussalam,BRN,2014,1.969
Brunei Darussalam,BRN,2013,1.978
Brunei Darussalam,BRN,2012,1.973
Brunei Darussalam,BRN,2011,1.957
Brunei Darussalam,BRN,2010,1.937
Brunei Darussalam,BRN,2009,1.921
Brunei Darussalam,BRN,2008,1.918
Brunei Darussalam,BRN,2007,1.933
Brunei Darussalam,BRN,2006,1.969
Brunei Darussalam,BRN,2005,2.024
Brunei Darussalam,BRN,2004,2.104
Brunei Darussalam,BRN,2003,2.185
Brunei Darussalam,BRN,2002,2.264
Brunei Darussalam,BRN,2001,2.337
Brunei Darussalam,BRN,2000,2.398
Brunei Darussalam,BRN,1999,2.461
Brunei Darussalam,BRN,1998,2.533
Brunei Darussalam,BRN,1997,2.6
Brunei Darussalam,BRN,1996,2.681
Brunei Darussalam,BRN,1995,2.787
Brunei Darussalam,BRN,1994,2.901
Brunei Darussalam,BRN,1993,3.007
Brunei Darussalam,BRN,1992,3.111
Brunei Darussalam,BRN,1991,3.206
Brunei Darussalam,BRN,1990,3.29
Brunei Darussalam,BRN,1989,3.364
Brunei Darussalam,BRN,1988,3.435
Brunei Darussalam,BRN,1987,3.491
Brunei Darussalam,BRN,1986,3.549
Brunei Darussalam,BRN,1985,3.612
Brunei Darussalam,BRN,1984,3.68
Brunei Darussalam,BRN,1983,3.751
Brunei Darussalam,BRN,1982,3.841
Brunei Darussalam,BRN,1981,3.943
Brunei Darussalam,BRN,1980,4.067
Brunei Darussalam,BRN,1979,4.216
Brunei Darussalam,BRN,1978,4.389
Brunei Darussalam,BRN,1977,4.58
Brunei Darussalam,BRN,1976,4.784
Brunei Darussalam,BRN,1975,4.99
Brunei Darussalam,BRN,1974,5.183
Brunei Darussalam,BRN,1973,5.355
Brunei Darussalam,BRN,1972,5.5
Brunei Darussalam,BRN,1971,5.619
Brunei Darussalam,BRN,1970,5.801
Brunei Darussalam,BRN,1969,6.008
Brunei Darussalam,BRN,1968,6.204
Brunei Darussalam,BRN,1967,6.372
Brunei Darussalam,BRN,1966,6.514
Brunei Darussalam,BRN,1965,6.647
Brunei Darussalam,BRN,1964,6.773
Brunei Darussalam,BRN,1963,6.893
Brunei Darussalam,BRN,1962,7.03
Brunei Darussalam,BRN,1961,7.185
Brunei Darussalam,BRN,1960,7.322
Bulgaria,BGR,2025,
Bulgaria,BGR,2024,1.72
Bulgaria,BGR,2023,1.81
Bulgaria,BGR,2022,1.78
Bulgaria,BGR,2021,1.8
Bulgaria,BGR,2020,1.77
Bulgaria,BGR,2019,1.79
Bulgaria,BGR,2018,1.73
Bulgaria,BGR,2017,1.71
Bulgaria,BGR,2016,1.67
Bulgaria,BGR,2015,1.64
Bulgaria,BGR,2014,1.62
Bulgaria,BGR,2013,1.54
Bulgaria,BGR,2012,1.5
Bulgaria,BGR,2011,1.51
Bulgaria,BGR,2010,1.57
Bulgaria,BGR,2009,1.66
Bulgaria,BGR,2008,1.56
Bulgaria,BGR,2007,1.49
Bulgaria,BGR,2006,1.44
Bulgaria,BGR,2005,1.37
Bulgaria,BGR,2004,1.33
Bulgaria,BGR,2003,1.26
Bulgaria,BGR,2002,1.23
Bulgaria,BGR,2001,1.21
Bulgaria,BGR,2000,1.26
Bulgaria,BGR,1999,1.23
Bulgaria,BGR,1998,1.11
Bulgaria,BGR,1997,1.09
Bulgaria,BGR,1996,1.23
Bulgaria,BGR,1995,1.23
Bulgaria,BGR,1994,1.37
Bulgaria,BGR,1993,1.46
Bulgaria,BGR,1992,1.55
Bulgaria,BGR,1991,1.66
Bulgaria,BGR,1990,1.82
Bulgaria,BGR,1989,1.9
Bulgaria,BGR,1988,1.97
Bulgaria,BGR,1987,1.96
Bulgaria,BGR,1986,2.02
Bulgaria,BGR,1985,1.97
Bulgaria,BGR,1984,2.01
Bulgaria,BGR,1983,2.01
Bulgaria,BGR,1982,2.01
Bulgaria,BGR,1981,2.0
Bulgaria,BGR,1980,2.05
Bulgaria,BGR,1979,2.16
Bulgaria,BGR,1978,2.15
Bulgaria,BGR,1977,2.21
Bulgaria,BGR,1976,2.24
Bulgaria,BGR,1975,2.23
Bulgaria,BGR,1974,2.29
Bulgaria,BGR,1973,2.15
Bulgaria,BGR,1972,2.03
Bulgaria,BGR,1971,2.1
Bulgaria,BGR,1970,2.17
Bulgaria,BGR,1969,2.27
Bulgaria,BGR,1968,2.27
Bulgaria,BGR,1967,2.02
Bulgaria,BGR,1966,2.03
Bulgaria,BGR,1965,2.09
Bulgaria,BGR,1964,2.19
Bulgaria,BGR,1963,2.21
Bulgaria,BGR,1962,2.24
Bulgaria,BGR,1961,2.29
Bulgaria,BGR,1960,2.31
Burkina Faso,BFA,2025,
Burkina Faso,BFA,2024,4.11
Burkina Faso,BFA,2023,4.186
Burkina Faso,BFA,2022,4.275
Burkina Faso,BFA,2021,4.361
Burkina Faso,BFA,2020,4.44
Burkina Faso,BFA,2019,4.681
Burkina Faso,BFA,2018,4.921
Burkina Faso,BFA,2017,5.17
Burkina Faso,BFA,2016,5.331
Burkina Faso,BFA,2015,5.478
Burkina Faso,BFA,2014,5.595
Burkina Faso,BFA,2013,5.697
Burkina Faso,BFA,2012,5.793
Burkina Faso,BFA,2011,5.869
Burkina Faso,BFA,2010,5.936
Burkina Faso,BFA,2009,5.992
Burkina Faso,BFA,2008,6.05
Burkina Faso,BFA,2007,6.11
Burkina Faso,BFA,2006,6.17
Burkina Faso,BFA,2005,6.182
Burkina Faso,BFA,2004,6.216
Burkina Faso,BFA,2003,6.28
Burkina Faso,BFA,2002,6.339
Burkina Faso,BFA,2001,6.431
Burkina Faso,BFA,2000,6.519
Burkina Faso,BFA,1999,6.586
Burkina Faso,BFA,1998,6.661
Burkina Faso,BFA,1997,6.724
Burkina Faso,BFA,1996,6.779
Burkina Faso,BFA,1995,6.814
Burkina Faso,BFA,1994,6.843
Burkina Faso,BFA,1993,6.889
Burkina Faso,BFA,1992,6.936
Burkina Faso,BFA,1991,6.973
Burkina Faso,BFA,1990,7.009
Burkina Faso,BFA,1989,7.047
Burkina Faso,BFA,1988,7.109
Burkina Faso,BFA,1987,7.168
Burkina Faso,BFA,1986,7.218
Burkina Faso,BFA,1985,7.242
Burkina Faso,BFA,1984,7.245
Burkina Faso,BFA,1983,7.251
Burkina Faso,BFA,1982,7.253
Burkina Faso,BFA,1981,7.256
Burkina Faso,BFA,1980,7.222
Burkina Faso,BFA,1979,7.194
Burkina Faso,BFA,1978,7.148
Burkina Faso,BFA,1977,7.046
Burkina Faso,BFA,1976,6.952
Burkina Faso,BFA,1975,6.913
Burkina Faso,BFA,1974,6.842
Burkina Faso,BFA,1973,6.77
Burkina Faso,BFA,1972,6.719
Burkina Faso,BFA,1971,6.698
Burkina Faso,BFA,1970,6.685
Burkina Faso,BFA,1969,6.664
Burkina Faso,BFA,1968,6.645
Burkina Faso,BFA,1967,6.585
Burkina Faso,BFA,1966,6.527
Burkina Faso,BFA,1965,6.471
Burkina Faso,BFA,1964,6.419
Burkina Faso,BFA,1963,6.356
Burkina Faso,BFA,1962,6.322
Burkina Faso,BFA,1961,6.286
Burkina Faso,BFA,1960,6.248
Burundi,BDI,2025,
Burundi,BDI,2024,4.789
Burundi,BDI,2023,4.878
Burundi,BDI,2022,4.98
Burundi,BDI,2021,5.078
Burundi,BDI,2020,5.177
Burundi,BDI,2019,5.271
Burundi,BDI,2018,5.38
Burundi,BDI,2017,5.481
Burundi,BDI,2016,5.587
Burundi,BDI,2015,5.695
Burundi,BDI,2014,5.794
Burundi,BDI,2013,5.889
Burundi,BDI,2012,5.991
Burundi,BDI,2011,6.108
Burundi,BDI,2010,6.26
Burundi,BDI,2009,6.409
Burundi,BDI,2008,6.515
Burundi,BDI,2007,6.588
Burundi,BDI,2006,6.659
Burundi,BDI,2005,6.708
Burundi,BDI,2004,6.746
Burundi,BDI,2003,6.785
Burundi,BDI,2002,6.819
Burundi,BDI,2001,6.849
Burundi,BDI,2000,6.872
Burundi,BDI,1999,6.897
Burundi,BDI,1998,6.958
Burundi,BDI,1997,7.04
Burundi,BDI,1996,7.123
Burundi,BDI,1995,7.184
Burundi,BDI,1994,7.23
Burundi,BDI,1993,7.272
Burundi,BDI,1992,7.301
Burundi,BDI,1991,7.336
Burundi,BDI,1990,7.365
Burundi,BDI,1989,7.387
Burundi,BDI,1988,7.383
Burundi,BDI,1987,7.38
Burundi,BDI,1986,7.32
Burundi,BDI,1985,7.294
Burundi,BDI,1984,7.295
Burundi,BDI,1983,7.298
Burundi,BDI,1982,7.314
Burundi,BDI,1981,7.329
Burundi,BDI,1980,7.353
Burundi,BDI,1979,7.307
Burundi,BDI,1978,7.259
Burundi,BDI,1977,7.245
Burundi,BDI,1976,7.248
Burundi,BDI,1975,7.244
Burundi,BDI,1974,7.222
Burundi,BDI,1973,7.215
Burundi,BDI,1972,7.21
Burundi,BDI,1971,7.213
Burundi,BDI,1970,7.214
Burundi,BDI,1969,7.215
Burundi,BDI,1968,7.18
Burundi,BDI,1967,7.156
Burundi,BDI,1966,7.135
Burundi,BDI,1965,7.113
Burundi,BDI,1964,7.09
Burundi,BDI,1963,7.067
Burundi,BDI,1962,7.038
Burundi,BDI,1961,7.023
Burundi,BDI,1960,7.003
Cabo Verde,CPV,2025,
Cabo Verde,CPV,2024,1.511
Cabo Verde,CPV,2023,1.522
Cabo Verde,CPV,2022,1.533
Cabo Verde,CPV,2021,1.554
Cabo Verde,CPV,2020,1.591
Cabo Verde,CPV,2019,1.698
Cabo Verde,CPV,2018,1.804
Cabo Verde,CPV,2017,1.93
Cabo Verde,CPV,2016,1.966
Cabo Verde,CPV,2015,1.968
Cabo Verde,CPV,2014,2.031
Cabo Verde,CPV,2013,2.067
Cabo Verde,CPV,2012,2.153
Cabo Verde,CPV,2011,2.329
Cabo Verde,CPV,2010,2.329
Cabo Verde,CPV,2009,2.246
Cabo Verde,CPV,2008,2.298
Cabo Verde,CPV,2007,2.409
Cabo Verde,CPV,2006,2.555
Cabo Verde,CPV,2005,2.726
Cabo Verde,CPV,2004,2.9
Cabo Verde,CPV,2003,3.033
Cabo Verde,CPV,2002,3.192
Cabo Verde,CPV,2001,3.366
Cabo Verde,CPV,2000,3.545
Cabo Verde,CPV,1999,3.727
Cabo Verde,CPV,1998,3.898
Cabo Verde,CPV,1997,4.052
Cabo Verde,CPV,1996,4.257
Cabo Verde,CPV,1995,4.494
Cabo Verde,CPV,1994,4.723
Cabo Verde,CPV,1993,4.953
Cabo Verde,CPV,1992,5.123
Cabo Verde,CPV,1991,5.262
Cabo Verde,CPV,1990,5.36
Cabo Verde,CPV,1989,5.452
Cabo Verde,CPV,1988,5.552
Cabo Verde,CPV,1987,5.681
Cabo Verde,CPV,1986,5.81
Cabo Verde,CPV,1985,5.921
Cabo Verde,CPV,1984,5.97
Cabo Verde,CPV,1983,6.068
Cabo Verde,CPV,1982,6.17
Cabo Verde,CPV,1981,6.273
Cabo Verde,CPV,1980,6.375
Cabo Verde,CPV,1979,6.473
Cabo Verde,CPV,1978,6.564
Cabo Verde,CPV,1977,6.645
Cabo Verde,CPV,1976,6.714
Cabo Verde,CPV,1975,6.771
Cabo Verde,CPV,1974,6.818
Cabo Verde,CPV,1973,6.855
Cabo Verde,CPV,1972,6.887
Cabo Verde,CPV,1971,6.913
Cabo Verde,CPV,1970,6.935
Cabo Verde,CPV,1969,6.954
Cabo Verde,CPV,1968,6.97
Cabo Verde,CPV,1967,6.982
Cabo Verde,CPV,1966,6.99
Cabo Verde,CPV,1965,6.993
Cabo Verde,CPV,1964,6.989
Cabo Verde,CPV,1963,6.976
Cabo Verde,CPV,1962,6.953
Cabo Verde,CPV,1961,6.922
Cabo Verde,CPV,1960,6.885
Cambodia,KHM,2025,
Cambodia,KHM,2024,2.548
Cambodia,KHM,2023,2.579
Cambodia,KHM,2022,2.616
Cambodia,KHM,2021,2.664
Cambodia,KHM,2020,2.699
Cambodia,KHM,2019,2.725
Cambodia,KHM,2018,2.724
Cambodia,KHM,2017,2.719
Cambodia,KHM,2016,2.725
Cambodia,KHM,2015,2.729
Cambodia,KHM,2014,2.734
Cambodia,KHM,2013,2.742
Cambodia,KHM,2012,2.751
Cambodia,KHM,2011,2.782
Cambodia,KHM,2010,2.859
Cambodia,KHM,2009,2.971
Cambodia,KHM,2008,3.048
Cambodia,KHM,2007,3.13
Cambodia,KHM,2006,3.175
Cambodia,KHM,2005,3.238
Cambodia,KHM,2004,3.307
Cambodia,KHM,2003,3.429
Cambodia,KHM,2002,3.57
Cambodia,KHM,2001,3.687
Cambodia,KHM,2000,3.794
Cambodia,KHM,1999,3.933
Cambodia,KHM,1998,4.13
Cambodia,KHM,1997,4.395
Cambodia,KHM,1996,4.867
Cambodia,KHM,1995,5.076
Cambodia,KHM,1994,5.281
Cambodia,KHM,1993,5.433
Cambodia,KHM,1992,5.486
Cambodia,KHM,1991,5.588
Cambodia,KHM,1990,5.642
Cambodia,KHM,1989,5.681
Cambodia,KHM,1988,5.944
Cambodia,KHM,1987,6.097
Cambodia,KHM,1986,6.226
Cambodia,KHM,1985,6.313
Cambodia,KHM,1984,6.338
Cambodia,KHM,1983,6.296
Cambodia,KHM,1982,6.193
Cambodia,KHM,1981,6.042
Cambodia,KHM,1980,5.774
Cambodia,KHM,1979,4.556
Cambodia,KHM,1978,3.338
Cambodia,KHM,1977,2.716
Cambodia,KHM,1976,3.409
Cambodia,KHM,1975,4.103
Cambodia,KHM,1974,4.797
Cambodia,KHM,1973,5.559
Cambodia,KHM,1972,5.943
Cambodia,KHM,1971,6.007
Cambodia,KHM,1970,6.071
Cambodia,KHM,1969,6.124
Cambodia,KHM,1968,6.165
Cambodia,KHM,1967,6.201
Cambodia,KHM,1966,6.237
Cambodia,KHM,1965,6.267
Cambodia,KHM,1964,6.288
Cambodia,KHM,1963,6.292
Cambodia,KHM,1962,6.301
Cambodia,KHM,1961,6.302
Cambodia,KHM,1960,6.313
Cameroon,CMR,2025,
Cameroon,CMR,2024,4.261
Cameroon,CMR,2023,4.322
Cameroon,CMR,2022,4.397
Cameroon,CMR,2021,4.468
Cameroon,CMR,2020,4.557
Cameroon,CMR,2019,4.651
Cameroon,CMR,2018,4.74
Cameroon,CMR,2017,4.804
Cameroon,CMR,2016,4.842
Cameroon,CMR,2015,4.841
Cameroon,CMR,2014,4.844
Cameroon,CMR,2013,4.905
Cameroon,CMR,2012,4.982
Cameroon,CMR,2011,5.052
Cameroon,CMR,2010,5.154
Cameroon,CMR,2009,5.236
Cameroon,CMR,2008,5.294
Cameroon,CMR,2007,5.343
Cameroon,CMR,2006,5.369
Cameroon,CMR,2005,5.421
Cameroon,CMR,2004,5.436
Cameroon,CMR,2003,5.432
Cameroon,CMR,2002,5.435
Cameroon,CMR,2001,5.441
Cameroon,CMR,2000,5.514
Cameroon,CMR,1999,5.604
Cameroon,CMR,1998,5.656
Cameroon,CMR,1997,5.706
Cameroon,CMR,1996,5.795
Cameroon,CMR,1995,5.919
Cameroon,CMR,1994,6.043
Cameroon,CMR,1993,6.155
Cameroon,CMR,1992,6.256
Cameroon,CMR,1991,6.324
Cameroon,CMR,1990,6.362
Cameroon,CMR,1989,6.414
Cameroon,CMR,1988,6.481
Cameroon,CMR,1987,6.538
Cameroon,CMR,1986,6.572
Cameroon,CMR,1985,6.564
Cameroon,CMR,1984,6.563
Cameroon,CMR,1983,6.575
Cameroon,CMR,1982,6.594
Cameroon,CMR,1981,6.61
Cameroon,CMR,1980,6.613
Cameroon,CMR,1979,6.581
Cameroon,CMR,1978,6.545
Cameroon,CMR,1977,6.508
Cameroon,CMR,1976,6.447
Cameroon,CMR,1975,6.401
Cameroon,CMR,1974,6.361
Cameroon,CMR,1973,6.326
Cameroon,CMR,1972,6.293
Cameroon,CMR,1971,6.259
Cameroon,CMR,1970,6.197
Cameroon,CMR,1969,6.144
Cameroon,CMR,1968,6.043
Cameroon,CMR,1967,5.951
Cameroon,CMR,1966,5.854
Cameroon,CMR,1965,5.796
Cameroon,CMR,1964,5.739
Cameroon,CMR,1963,5.731
Cameroon,CMR,1962,5.729
Cameroon,CMR,1961,5.732
Cameroon,CMR,1960,5.725
Canada,CAN,2025,
Canada,CAN,2024,1.25
Canada,CAN,2023,1.27
Canada,CAN,2022,1.34
Canada,CAN,2021,1.44
Canada,CAN,2020,1.41
Canada,CAN,2019,1.47
Canada,CAN,2018,1.51
Canada,CAN,2017,1.55
Canada,CAN,2016,1.59
Canada,CAN,2015,1.6
Canada,CAN,2014,1.61
Canada,CAN,2013,1.61
Canada,CAN,2012,1.63
Canada,CAN,2011,1.63
Canada,CAN,2010,1.65
Canada,CAN,2009,1.69
Canada,CAN,2008,1.7
Canada,CAN,2007,1.67
Canada,CAN,2006,1.63
Canada,CAN,2005,1.58
Canada,CAN,2004,1.56
Canada,CAN,2003,1.55
Canada,CAN,2002,1.52
Canada,CAN,2001,1.54
Canada,CAN,2000,1.51
Canada,CAN,1999,1.55
Canada,CAN,1998,1.56
Canada,CAN,1997,1.57
Canada,CAN,1996,1.63
Canada,CAN,1995,1.67
Canada,CAN,1994,1.69
Canada,CAN,1993,1.69
Canada,CAN,1992,1.71
Canada,CAN,1991,1.72
Canada,CAN,1990,1.83
Canada,CAN,1989,1.77
Canada,CAN,1988,1.68
Canada,CAN,1987,1.68
Canada,CAN,1986,1.675
Canada,CAN,1985,1.67
Canada,CAN,1984,1.65
Canada,CAN,1983,1.68
Canada,CAN,1982,1.69
Canada,CAN,1981,1.7
Canada,CAN,1980,1.74
Canada,CAN,1979,1.754
Canada,CAN,1978,1.768
Canada,CAN,1977,1.782
Canada,CAN,1976,1.796
Canada,CAN,1975,1.824
Canada,CAN,1974,1.837
Canada,CAN,1973,1.89
Canada,CAN,1972,1.98
Canada,CAN,1971,2.141
Canada,CAN,1970,2.258
Canada,CAN,1969,2.334
Canada,CAN,1968,2.386
Canada,CAN,1967,2.528
Canada,CAN,1966,2.749
Canada,CAN,1965,3.115
Canada,CAN,1964,3.456
Canada,CAN,1963,3.607
Canada,CAN,1962,3.681
Canada,CAN,1961,3.753
Canada,CAN,1960,3.811
Cayman Islands,CYM,2025,
Cayman Islands,CYM,2024,1.525
Cayman Islands,CYM,2023,1.531
Cayman Islands,CYM,2022,1.541
Cayman Islands,CYM,2021,1.551
Cayman Islands,CYM,2020,1.554
Cayman Islands,CYM,2019,1.508
Cayman Islands,CYM,2018,1.277
Cayman Islands,CYM,2017,1.222
Cayman Islands,CYM,2016,1.231
Cayman Islands,CYM,2015,1.269
Cayman Islands,CYM,2014,1.334
Cayman Islands,CYM,2013,1.445
Cayman Islands,CYM,2012,1.531
Cayman Islands,CYM,2011,1.637
Cayman Islands,CYM,2010,1.694
Cayman Islands,CYM,2009,1.723
Cayman Islands,CYM,2008,1.703
Cayman Islands,CYM,2007,1.681
Cayman Islands,CYM,2006,1.665
Cayman Islands,CYM,2005,1.665
Cayman Islands,CYM,2004,1.671
Cayman Islands,CYM,2003,1.672
Cayman Islands,CYM,2002,1.681
Cayman Islands,CYM,2001,1.697
Cayman Islands,CYM,2000,1.707
Cayman Islands,CYM,1999,1.708
Cayman Islands,CYM,1998,1.702
Cayman Islands,CYM,1997,1.701
Cayman Islands,CYM,1996,1.691
Cayman Islands,CYM,1995,1.674
Cayman Islands,CYM,1994,1.66
Cayman Islands,CYM,1993,1.669
Cayman Islands,CYM,1992,1.726
Cayman Islands,CYM,1991,1.846
Cayman Islands,CYM,1990,1.783
Cayman Islands,CYM,1989,1.755
Cayman Islands,CYM,1988,1.63
Cayman Islands,CYM,1987,1.582
Cayman Islands,CYM,1986,1.691
Cayman Islands,CYM,1985,1.752
Cayman Islands,CYM,1984,1.79
Cayman Islands,CYM,1983,1.832
Cayman Islands,CYM,1982,2.008
Cayman Islands,CYM,1981,2.384
Cayman Islands,CYM,1980,2.405
Cayman Islands,CYM,1979,2.368
Cayman Islands,CYM,1978,2.366
Cayman Islands,CYM,1977,2.413
Cayman Islands,CYM,1976,2.529
Cayman Islands,CYM,1975,2.715
Cayman Islands,CYM,1974,2.958
Cayman Islands,CYM,1973,3.562
Cayman Islands,CYM,1972,4.887
Cayman Islands,CYM,1971,3.465
Cayman Islands,CYM,1970,4.662
Cayman Islands,CYM,1969,3.522
Cayman Islands,CYM,1968,3.992
Cayman Islands,CYM,1967,4.045
Cayman Islands,CYM,1966,4.078
Cayman Islands,CYM,1965,4.159
Cayman Islands,CYM,1964,4.411
Cayman Islands,CYM,1963,4.686
Cayman Islands,CYM,1962,4.793
Cayman Islands,CYM,1961,4.781
Cayman Islands,CYM,1960,4.713
Central African Republic,CAF,2025,
Central African Republic,CAF,2024,5.954
Central African Republic,CAF,2023,6.012
Central African Republic,CAF,2022,6.023
Central African Republic,CAF,2021,6.052
Central African Republic,CAF,2020,6.059
Central African Republic,CAF,2019,6.09
Central African Republic,CAF,2018,6.108
Central African Republic,CAF,2017,6.127
Central African Republic,CAF,2016,6.126
Central African Republic,CAF,2015,6.126
Central African Republic,CAF,2014,6.099
Central African Republic,CAF,2013,6.075
Central African Republic,CAF,2012,6.047
Central African Republic,CAF,2011,6.009
Central African Republic,CAF,2010,5.963
Central African Republic,CAF,2009,5.936
Central African Republic,CAF,2008,5.902
Central African Republic,CAF,2007,5.867
Central African Republic,CAF,2006,5.84
Central African Republic,CAF,2005,5.812
Central African Republic,CAF,2004,5.784
Central African Republic,CAF,2003,5.799
Central African Republic,CAF,2002,5.785
Central African Republic,CAF,2001,5.807
Central African Republic,CAF,2000,5.851
Central African Republic,CAF,1999,5.875
Central African Republic,CAF,1998,5.889
Central African Republic,CAF,1997,5.924
Central African Republic,CAF,1996,5.963
Central African Republic,CAF,1995,5.943
Central African Republic,CAF,1994,5.919
Central African Republic,CAF,1993,5.926
Central African Republic,CAF,1992,5.964
Central African Republic,CAF,1991,6.03
Central African Republic,CAF,1990,6.049
Central African Republic,CAF,1989,6.073
Central African Republic,CAF,1988,6.098
Central African Republic,CAF,1987,6.12
Central African Republic,CAF,1986,6.106
Central African Republic,CAF,1985,6.119
Central African Republic,CAF,1984,6.138
Central African Republic,CAF,1983,6.151
Central African Republic,CAF,1982,6.16
Central African Republic,CAF,1981,6.167
Central African Republic,CAF,1980,6.13
Central African Republic,CAF,1979,6.09
Central African Republic,CAF,1978,6.039
Central African Republic,CAF,1977,5.986
Central African Republic,CAF,1976,5.936
Central African Republic,CAF,1975,5.877
Central African Republic,CAF,1974,5.899
Central African Republic,CAF,1973,5.925
Central African Republic,CAF,1972,5.959
Central African Republic,CAF,1971,5.993
Central African Republic,CAF,1970,6.027
Central African Republic,CAF,1969,6.063
Central African Republic,CAF,1968,6.101
Central African Republic,CAF,1967,6.076
Central African Republic,CAF,1966,6.057
Central African Republic,CAF,1965,6.028
Central African Republic,CAF,1964,6.005
Central African Republic,CAF,1963,5.985
Central African Republic,CAF,1962,5.97
Central African Republic,CAF,1961,5.958
Central African Republic,CAF,1960,5.948
Chad,TCD,2025,
Chad,TCD,2024,6.028
Chad,TCD,2023,6.12
Chad,TCD,2022,6.215
Chad,TCD,2021,6.255
Chad,TCD,2020,6.346
Chad,TCD,2019,6.412
Chad,TCD,2018,6.464
Chad,TCD,2017,6.537
Chad,TCD,2016,6.623
Chad,TCD,2015,6.706
Chad,TCD,2014,6.781
Chad,TCD,2013,6.839
Chad,TCD,2012,6.905
Chad,TCD,2011,6.948
Chad,TCD,2010,6.99
Chad,TCD,2009,7.021
Chad,TCD,2008,7.063
Chad,TCD,2007,7.092
Chad,TCD,2006,7.118
Chad,TCD,2005,7.134
Chad,TCD,2004,7.16
Chad,TCD,2003,7.179
Chad,TCD,2002,7.201
Chad,TCD,2001,7.231
Chad,TCD,2000,7.249
Chad,TCD,1999,7.262
Chad,TCD,1998,7.266
Chad,TCD,1997,7.274
Chad,TCD,1996,7.292
Chad,TCD,1995,7.29
Chad,TCD,1994,7.31
Chad,TCD,1993,7.337
Chad,TCD,1992,7.296
Chad,TCD,1991,7.261
Chad,TCD,1990,7.219
Chad,TCD,1989,7.186
Chad,TCD,1988,7.154
Chad,TCD,1987,7.105
Chad,TCD,1986,7.067
Chad,TCD,1985,7.037
Chad,TCD,1984,7.015
Chad,TCD,1983,6.979
Chad,TCD,1982,6.961
Chad,TCD,1981,6.942
Chad,TCD,1980,6.908
Chad,TCD,1979,6.905
Chad,TCD,1978,6.891
Chad,TCD,1977,6.896
Chad,TCD,1976,6.893
Chad,TCD,1975,6.876
Chad,TCD,1974,6.864
Chad,TCD,1973,6.869
Chad,TCD,1972,6.85
Chad,TCD,1971,6.582
Chad,TCD,1970,6.528
Chad,TCD,1969,6.477
Chad,TCD,1968,6.432
Chad,TCD,1967,6.393
Chad,TCD,1966,6.362
Chad,TCD,1965,6.337
Chad,TCD,1964,6.318
Chad,TCD,1963,6.301
Chad,TCD,1962,6.285
Chad,TCD,1961,6.268
Chad,TCD,1960,6.25
Channel Islands,CHI,2025,
Channel Islands,CHI,2024,1.37
Channel Islands,CHI,2023,1.37
Channel Islands,CHI,2022,1.37
Channel Islands,CHI,2021,1.36
Channel Islands,CHI,2020,1.33
Channel Islands,CHI,2019,1.35
Channel Islands,CHI,2018,1.37
Channel Islands,CHI,2017,1.41
Channel Islands,CHI,2016,1.46
Channel Islands,CHI,2015,1.5
Channel Islands,CHI,2014,1.54
Channel Islands,CHI,2013,1.56
Channel Islands,CHI,2012,1.58
Channel Islands,CHI,2011,1.59
Channel Islands,CHI,2010,1.58
Channel Islands,CHI,2009,1.57
Channel Islands,CHI,2008,1.56
Channel Islands,CHI,2007,1.53
Channel Islands,CHI,2006,1.47
Channel Islands,CHI,2005,1.46
Channel Islands,CHI,2004,1.5
Channel Islands,CHI,2003,1.51
Channel Islands,CHI,2002,1.47
Channel Islands,CHI,2001,1.48
Channel Islands,CHI,2000,1.49
Channel Islands,CHI,1999,1.51
Channel Islands,CHI,1998,1.51
Channel Islands,CHI,1997,1.51
Channel Islands,CHI,1996,1.49
Channel Islands,CHI,1995,1.45
Channel Islands,CHI,1994,1.47
Channel Islands,CHI,1993,1.42
Channel Islands,CHI,1992,1.47
Channel Islands,CHI,1991,1.47
Channel Islands,CHI,1990,1.51
Channel Islands,CHI,1989,1.49
Channel Islands,CHI,1988,1.48
Channel Islands,CHI,1987,1.46
Channel Islands,CHI,1986,1.43
Channel Islands,CHI,1985,1.4
Channel Islands,CHI,1984,1.4
Channel Islands,CHI,1983,1.44
Channel Islands,CHI,1982,1.39
Channel Islands,CHI,1981,1.42
Channel Islands,CHI,1980,1.45
Channel Islands,CHI,1979,1.47
Channel Islands,CHI,1978,1.46
Channel Islands,CHI,1977,1.47
Channel Islands,CHI,1976,1.44
Channel Islands,CHI,1975,1.51
Channel Islands,CHI,1974,1.58
Channel Islands,CHI,1973,1.66
Channel Islands,CHI,1972,1.76
Channel Islands,CHI,1971,1.95
Channel Islands,CHI,1970,2.01
Channel Islands,CHI,1969,2.13
Channel Islands,CHI,1968,2.21
Channel Islands,CHI,1967,2.28
Channel Islands,CHI,1966,2.42
Channel Islands,CHI,1965,2.57
Channel Islands,CHI,1964,2.66
Channel Islands,CHI,1963,2.63
Channel Islands,CHI,1962,2.52
Channel Islands,CHI,1961,2.41
Channel Islands,CHI,1960,2.34
Chile,CHL,2025,
Chile,CHL,2024,1.14
Chile,CHL,2023,1.167
Chile,CHL,2022,1.255
Chile,CHL,2021,1.176
Chile,CHL,2020,1.307
Chile,CHL,2019,1.43
Chile,CHL,2018,1.543
Chile,CHL,2017,1.563
Chile,CHL,2016,1.686
Chile,CHL,2015,1.737
Chile,CHL,2014,1.774
Chile,CHL,2013,1.786
Chile,CHL,2012,1.798
Chile,CHL,2011,1.823
Chile,CHL,2010,1.844
Chile,CHL,2009,1.855
Chile,CHL,2008,1.85
Chile,CHL,2007,1.826
Chile,CHL,2006,1.798
Chile,CHL,2005,1.825
Chile,CHL,2004,1.844
Chile,CHL,2003,1.885
Chile,CHL,2002,1.934
Chile,CHL,2001,2.007
Chile,CHL,2000,2.046
Chile,CHL,1999,2.074
Chile,CHL,1998,2.149
Chile,CHL,1997,2.202
Chile,CHL,1996,2.284
Chile,CHL,1995,2.353
Chile,CHL,1994,2.377
Chile,CHL,1993,2.43
Chile,CHL,1992,2.478
Chile,CHL,1991,2.558
Chile,CHL,1990,2.579
Chile,CHL,1989,2.589
Chile,CHL,1988,2.591
Chile,CHL,1987,2.59
Chile,CHL,1986,2.589
Chile,CHL,1985,2.592
Chile,CHL,1984,2.601
Chile,CHL,1983,2.619
Chile,CHL,1982,2.648
Chile,CHL,1981,2.689
Chile,CHL,1980,2.744
Chile,CHL,1979,2.812
Chile,CHL,1978,2.892
Chile,CHL,1977,2.981
Chile,CHL,1976,3.078
Chile,CHL,1975,3.182
Chile,CHL,1974,3.293
Chile,CHL,1973,3.409
Chile,CHL,1972,3.53
Chile,CHL,1971,3.654
Chile,CHL,1970,3.778
Chile,CHL,1969,3.902
Chile,CHL,1968,4.025
Chile,CHL,1967,4.144
Chile,CHL,1966,4.259
Chile,CHL,1965,4.364
Chile,CHL,1964,4.457
Chile,CHL,1963,4.536
Chile,CHL,1962,4.602
Chile,CHL,1961,4.655
Chile,CHL,1960,4.697
China,CHN,2025,
China,CHN,2024,1.013
China,CHN,2023,0.999
China,CHN,2022,1.034
China,CHN,2021,1.117
China,CHN,2020,1.236
China,CHN,2019,1.496
China,CHN,2018,1.539
China,CHN,2017,1.795
China,CHN,2016,1.772
China,CHN,2015,1.67
China,CHN,2014,1.769
China,CHN,2013,1.714
China,CHN,2012,1.798
China,CHN,2011,1.668
China,CHN,2010,1.687
China,CHN,2009,1.714
China,CHN,2008,1.701
China,CHN,2007,1.666
China,CHN,2006,1.644
China,CHN,2005,1.624
China,CHN,2004,1.605
China,CHN,2003,1.57
China,CHN,2002,1.566
China,CHN,2001,1.563
China,CHN,2000,1.628
China,CHN,1999,1.53
China,CHN,1998,1.522
China,CHN,1997,1.527
China,CHN,1996,1.554
China,CHN,1995,1.588
China,CHN,1994,1.628
China,CHN,1993,1.691
China,CHN,1992,1.776
China,CHN,1991,1.934
China,CHN,1990,2.514
China,CHN,1989,2.52
China,CHN,1988,2.539
China,CHN,1987,2.76
China,CHN,1986,2.721
China,CHN,1985,2.633
China,CHN,1984,2.607
China,CHN,1983,2.559
China,CHN,1982,2.972
China,CHN,1981,2.792
China,CHN,1980,2.739
China,CHN,1979,2.745
China,CHN,1978,2.716
China,CHN,1977,2.844
China,CHN,1976,3.235
China,CHN,1975,3.571
China,CHN,1974,4.17
China,CHN,1973,4.726
China,CHN,1972,5.112
China,CHN,1971,5.523
China,CHN,1970,6.085
China,CHN,1969,6.175
China,CHN,1968,6.508
China,CHN,1967,5.806
China,CHN,1966,6.307
China,CHN,1965,6.605
China,CHN,1964,6.672
China,CHN,1963,7.513
China,CHN,1962,6.085
China,CHN,1961,3.863
China,CHN,1960,4.451
Colombia,COL,2025,
Colombia,COL,2024,1.634
Colombia,COL,2023,1.645
Colombia,COL,2022,1.663
Colombia,COL,2021,1.68
Colombia,COL,2020,1.694
Colombia,COL,2019,1.71
Colombia,COL,2018,1.715
Colombia,COL,2017,1.717
Colombia,COL,2016,1.719
Colombia,COL,2015,1.771
Colombia,COL,2014,1.822
Colombia,COL,2013,1.86
Colombia,COL,2012,1.899
Colombia,COL,2011,1.938
Colombia,COL,2010,2.01
Colombia,COL,2009,2.096
Colombia,COL,2008,2.155
Colombia,COL,2007,2.195
Colombia,COL,2006,2.241
Colombia,COL,2005,2.309
Colombia,COL,2004,2.384
Colombia,COL,2003,2.45
Colombia,COL,2002,2.489
Colombia,COL,2001,2.522
Colombia,COL,2000,2.574
Colombia,COL,1999,2.637
Colombia,COL,1998,2.717
Colombia,COL,1997,2.743
Colombia,COL,1996,2.768
Colombia,COL,1995,2.85
Colombia,COL,1994,2.937
Colombia,COL,1993,2.978
Colombia,COL,1992,2.983
Colombia,COL,1991,2.982
Colombia,COL,1990,2.995
Colombia,COL,1989,3.012
Colombia,COL,1988,3.039
Colombia,COL,1987,3.087
Colombia,COL,1986,3.147
Colombia,COL,1985,3.225
Colombia,COL,1984,3.35
Colombia,COL,1983,3.501
Colombia,COL,1982,3.618
Colombia,COL,1981,3.706
Colombia,COL,1980,3.798
Colombia,COL,1979,3.888
Colombia,COL,1978,3.998
Colombia,COL,1977,4.163
Colombia,COL,1976,4.285
Colombia,COL,1975,4.398
Colombia,COL,1974,4.527
Colombia,COL,1973,4.68
Colombia,COL,1972,4.857
Colombia,COL,1971,5.057
Colombia,COL,1970,5.276
Colombia,COL,1969,5.506
Colombia,COL,1968,5.737
Colombia,COL,1967,5.957
Colombia,COL,1966,6.159
Colombia,COL,1965,6.333
Colombia,COL,1964,6.475
Colombia,COL,1963,6.584
Colombia,COL,1962,6.663
Colombia,COL,1961,6.712
Colombia,COL,1960,6.735
Comoros,COM,2025,
Comoros,COM,2024,3.822
Comoros,COM,2023,3.878
Comoros,COM,2022,3.935
Comoros,COM,2021,3.999
Comoros,COM,2020,4.071
Comoros,COM,2019,4.138
Comoros,COM,2018,4.208
Comoros,COM,2017,4.278
Comoros,COM,2016,4.348
Comoros,COM,2015,4.42
Comoros,COM,2014,4.489
Comoros,COM,2013,4.572
Comoros,COM,2012,4.652
Comoros,COM,2011,4.722
Comoros,COM,2010,4.755
Comoros,COM,2009,4.778
Comoros,COM,2008,4.805
Comoros,COM,2007,4.859
Comoros,COM,2006,4.934
Comoros,COM,2005,5.012
Comoros,COM,2004,5.065
Comoros,COM,2003,5.115
Comoros,COM,2002,5.155
Comoros,COM,2001,5.195
Comoros,COM,2000,5.227
Comoros,COM,1999,5.28
Comoros,COM,1998,5.392
Comoros,COM,1997,5.513
Comoros,COM,1996,5.627
Comoros,COM,1995,5.73
Comoros,COM,1994,5.864
Comoros,COM,1993,6.022
Comoros,COM,1992,6.186
Comoros,COM,1991,6.354
Comoros,COM,1990,6.505
Comoros,COM,1989,6.646
Comoros,COM,1988,6.764
Comoros,COM,1987,6.87
Comoros,COM,1986,6.953
Comoros,COM,1985,7.021
Comoros,COM,1984,7.072
Comoros,COM,1983,7.11
Comoros,COM,1982,7.134
Comoros,COM,1981,7.143
Comoros,COM,1980,7.154
Comoros,COM,1979,7.162
Comoros,COM,1978,7.155
Comoros,COM,1977,7.15
Comoros,COM,1976,7.159
Comoros,COM,1975,7.162
Comoros,COM,1974,7.163
Comoros,COM,1973,7.165
Comoros,COM,1972,7.142
Comoros,COM,1971,7.116
Comoros,COM,1970,7.099
Comoros,COM,1969,7.073
Comoros,COM,1968,7.051
Comoros,COM,1967,7.02
Comoros,COM,1966,7.001
Comoros,COM,1965,6.967
Comoros,COM,1964,6.938
Comoros,COM,1963,6.916
Comoros,COM,1962,6.897
Comoros,COM,1961,6.849
Comoros,COM,1960,6.792
"Congo, Dem. Rep.",COD,2025,
"Congo, Dem. Rep.",COD,2024,5.981
"Congo, Dem. Rep.",COD,2023,6.051
"Congo, Dem. Rep.",COD,2022,6.106
"Congo, Dem. Rep.",COD,2021,6.156
"Congo, Dem. Rep.",COD,2020,6.206
"Congo, Dem. Rep.",COD,2019,6.253
"Congo, Dem. Rep.",COD,2018,6.302
"Congo, Dem. Rep.",COD,2017,6.349
"Congo, Dem. Rep.",COD,2016,6.392
"Congo, Dem. Rep.",COD,2015,6.437
"Congo, Dem. Rep.",COD,2014,6.483
"Congo, Dem. Rep.",COD,2013,6.527
"Congo, Dem. Rep.",COD,2012,6.559
"Congo, Dem. Rep.",COD,2011,6.582
"Congo, Dem. Rep.",COD,2010,6.587
"Congo, Dem. Rep.",COD,2009,6.591
"Congo, Dem. Rep.",COD,2008,6.58
"Congo, Dem. Rep.",COD,2007,6.559
"Congo, Dem. Rep.",COD,2006,6.547
"Congo, Dem. Rep.",COD,2005,6.526
"Congo, Dem. Rep.",COD,2004,6.53
"Congo, Dem. Rep.",COD,2003,6.549
"Congo, Dem. Rep.",COD,2002,6.606
"Congo, Dem. Rep.",COD,2001,6.663
"Congo, Dem. Rep.",COD,2000,6.702
"Congo, Dem. Rep.",COD,1999,6.692
"Congo, Dem. Rep.",COD,1998,6.7
"Congo, Dem. Rep.",COD,1997,6.69
"Congo, Dem. Rep.",COD,1996,6.672
"Congo, Dem. Rep.",COD,1995,6.676
"Congo, Dem. Rep.",COD,1994,6.643
"Congo, Dem. Rep.",COD,1993,6.641
"Congo, Dem. Rep.",COD,1992,6.639
"Congo, Dem. Rep.",COD,1991,6.645
"Congo, Dem. Rep.",COD,1990,6.649
"Congo, Dem. Rep.",COD,1989,6.65
"Congo, Dem. Rep.",COD,1988,6.656
"Congo, Dem. Rep.",COD,1987,6.651
"Congo, Dem. Rep.",COD,1986,6.634
"Congo, Dem. Rep.",COD,1985,6.612
"Congo, Dem. Rep.",COD,1984,6.586
"Congo, Dem. Rep.",COD,1983,6.564
"Congo, Dem. Rep.",COD,1982,6.54
"Congo, Dem. Rep.",COD,1981,6.519
"Congo, Dem. Rep.",COD,1980,6.495
"Congo, Dem. Rep.",COD,1979,6.479
"Congo, Dem. Rep.",COD,1978,6.463
"Congo, Dem. Rep.",COD,1977,6.45
"Congo, Dem. Rep.",COD,1976,6.437
"Congo, Dem. Rep.",COD,1975,6.419
"Congo, Dem. Rep.",COD,1974,6.404
"Congo, Dem. Rep.",COD,1973,6.385
"Congo, Dem. Rep.",COD,1972,6.369
"Congo, Dem. Rep.",COD,1971,6.344
"Congo, Dem. Rep.",COD,1970,6.329
"Congo, Dem. Rep.",COD,1969,6.304
"Congo, Dem. Rep.",COD,1968,6.286
"Congo, Dem. Rep.",COD,1967,6.267
"Congo, Dem. Rep.",COD,1966,6.242
"Congo, Dem. Rep.",COD,1965,6.21
"Congo, Dem. Rep.",COD,1964,6.188
"Congo, Dem. Rep.",COD,1963,6.158
"Congo, Dem. Rep.",COD,1962,6.141
"Congo, Dem. Rep.",COD,1961,6.124
"Congo, Dem. Rep.",COD,1960,6.105
"Congo, Rep.",COG,2025,
"Congo, Rep.",COG,2024,4.109
"Congo, Rep.",COG,2023,4.157
"Congo, Rep.",COG,2022,4.215
"Congo, Rep.",COG,2021,4.28
"Congo, Rep.",COG,2020,4.329
"Congo, Rep.",COG,2019,4.38
"Congo, Rep.",COG,2018,4.442
"Congo, Rep.",COG,2017,4.496
"Congo, Rep.",COG,2016,4.546
"Congo, Rep.",COG,2015,4.607
"Congo, Rep.",COG,2014,4.665
"Congo, Rep.",COG,2013,4.731
"Congo, Rep.",COG,2012,4.785
"Congo, Rep.",COG,2011,4.826
"Congo, Rep.",COG,2010,4.851
"Congo, Rep.",COG,2009,4.808
"Congo, Rep.",COG,2008,4.726
"Congo, Rep.",COG,2007,4.649
"Congo, Rep.",COG,2006,4.651
"Congo, Rep.",COG,2005,4.669
"Congo, Rep.",COG,2004,4.69
"Congo, Rep.",COG,2003,4.696
"Congo, Rep.",COG,2002,4.697
"Congo, Rep.",COG,2001,4.67
"Congo, Rep.",COG,2000,4.724
"Congo, Rep.",COG,1999,4.805
"Congo, Rep.",COG,1998,4.909
"Congo, Rep.",COG,1997,4.997
"Congo, Rep.",COG,1996,5.033
"Congo, Rep.",COG,1995,5.068
"Congo, Rep.",COG,1994,5.103
"Congo, Rep.",COG,1993,5.134
"Congo, Rep.",COG,1992,5.177
"Congo, Rep.",COG,1991,5.221
"Congo, Rep.",COG,1990,5.266
"Congo, Rep.",COG,1989,5.327
"Congo, Rep.",COG,1988,5.392
"Congo, Rep.",COG,1987,5.458
"Congo, Rep.",COG,1986,5.514
"Congo, Rep.",COG,1985,5.587
"Congo, Rep.",COG,1984,5.658
"Congo, Rep.",COG,1983,5.758
"Congo, Rep.",COG,1982,5.85
"Congo, Rep.",COG,1981,5.984
"Congo, Rep.",COG,1980,6.065
"Congo, Rep.",COG,1979,6.143
"Congo, Rep.",COG,1978,6.21
"Congo, Rep.",COG,1977,6.271
"Congo, Rep.",COG,1976,6.317
"Congo, Rep.",COG,1975,6.356
"Congo, Rep.",COG,1974,6.39
"Congo, Rep.",COG,1973,6.42
"Congo, Rep.",COG,1972,6.444
"Congo, Rep.",COG,1971,6.416
"Congo, Rep.",COG,1970,6.376
"Congo, Rep.",COG,1969,6.35
"Congo, Rep.",COG,1968,6.327
"Congo, Rep.",COG,1967,6.29
"Congo, Rep.",COG,1966,6.267
"Congo, Rep.",COG,1965,6.229
"Congo, Rep.",COG,1964,6.183
"Congo, Rep.",COG,1963,6.147
"Congo, Rep.",COG,1962,6.099
"Congo, Rep.",COG,1961,6.093
"Congo, Rep.",COG,1960,6.085
Costa Rica,CRI,2025,
Costa Rica,CRI,2024,1.318
Costa Rica,CRI,2023,1.33
Costa Rica,CRI,2022,1.335
Costa Rica,CRI,2021,1.353
Costa Rica,CRI,2020,1.448
Costa Rica,CRI,2019,1.6
Costa Rica,CRI,2018,1.706
Costa Rica,CRI,2017,1.714
Costa Rica,CRI,2016,1.746
Costa Rica,CRI,2015,1.797
Costa Rica,CRI,2014,1.8
Costa Rica,CRI,2013,1.779
Costa Rica,CRI,2012,1.851
Costa Rica,CRI,2011,1.877
Costa Rica,CRI,2010,1.827
Costa Rica,CRI,2009,1.953
Costa Rica,CRI,2008,1.98
Costa Rica,CRI,2007,1.954
Costa Rica,CRI,2006,1.937
Costa Rica,CRI,2005,2.038
Costa Rica,CRI,2004,2.028
Costa Rica,CRI,2003,2.084
Costa Rica,CRI,2002,2.162
Costa Rica,CRI,2001,2.312
Costa Rica,CRI,2000,2.413
Costa Rica,CRI,1999,2.481
Costa Rica,CRI,1998,2.527
Costa Rica,CRI,1997,2.589
Costa Rica,CRI,1996,2.681
Costa Rica,CRI,1995,2.779
Costa Rica,CRI,1994,2.857
Costa Rica,CRI,1993,2.928
Costa Rica,CRI,1992,3.001
Costa Rica,CRI,1991,3.075
Costa Rica,CRI,1990,3.167
Costa Rica,CRI,1989,3.238
Costa Rica,CRI,1988,3.314
Costa Rica,CRI,1987,3.384
Costa Rica,CRI,1986,3.454
Costa Rica,CRI,1985,3.511
Costa Rica,CRI,1984,3.519
Costa Rica,CRI,1983,3.525
Costa Rica,CRI,1982,3.54
Costa Rica,CRI,1981,3.556
Costa Rica,CRI,1980,3.583
Costa Rica,CRI,1979,3.651
Costa Rica,CRI,1978,3.662
Costa Rica,CRI,1977,3.701
Costa Rica,CRI,1976,3.747
Costa Rica,CRI,1975,3.804
Costa Rica,CRI,1974,3.893
Costa Rica,CRI,1973,3.991
Costa Rica,CRI,1972,4.158
Costa Rica,CRI,1971,4.362
Costa Rica,CRI,1970,4.585
Costa Rica,CRI,1969,4.835
Costa Rica,CRI,1968,5.028
Costa Rica,CRI,1967,5.416
Costa Rica,CRI,1966,5.697
Costa Rica,CRI,1965,5.96
Costa Rica,CRI,1964,6.193
Costa Rica,CRI,1963,6.389
Costa Rica,CRI,1962,6.543
Costa Rica,CRI,1961,6.651
Costa Rica,CRI,1960,6.712
Cote d'Ivoire,CIV,2025,
Cote d'Ivoire,CIV,2024,4.23
Cote d'Ivoire,CIV,2023,4.283
Cote d'Ivoire,CIV,2022,4.349
Cote d'Ivoire,CIV,2021,4.411
Cote d'Ivoire,CIV,2020,4.461
Cote d'Ivoire,CIV,2019,4.523
Cote d'Ivoire,CIV,2018,4.596
Cote d'Ivoire,CIV,2017,4.757
Cote d'Ivoire,CIV,2016,4.873
Cote d'Ivoire,CIV,2015,4.97
Cote d'Ivoire,CIV,2014,5.071
Cote d'Ivoire,CIV,2013,5.135
Cote d'Ivoire,CIV,2012,5.19
Cote d'Ivoire,CIV,2011,5.244
Cote d'Ivoire,CIV,2010,5.292
Cote d'Ivoire,CIV,2009,5.332
Cote d'Ivoire,CIV,2008,5.357
Cote d'Ivoire,CIV,2007,5.403
Cote d'Ivoire,CIV,2006,5.448
Cote d'Ivoire,CIV,2005,5.499
Cote d'Ivoire,CIV,2004,5.527
Cote d'Ivoire,CIV,2003,5.572
Cote d'Ivoire,CIV,2002,5.641
Cote d'Ivoire,CIV,2001,5.704
Cote d'Ivoire,CIV,2000,5.773
Cote d'Ivoire,CIV,1999,5.805
Cote d'Ivoire,CIV,1998,5.854
Cote d'Ivoire,CIV,1997,5.902
Cote d'Ivoire,CIV,1996,5.954
Cote d'Ivoire,CIV,1995,6.038
Cote d'Ivoire,CIV,1994,6.128
Cote d'Ivoire,CIV,1993,6.27
Cote d'Ivoire,CIV,1992,6.426
Cote d'Ivoire,CIV,1991,6.585
Cote d'Ivoire,CIV,1990,6.719
Cote d'Ivoire,CIV,1989,6.85
Cote d'Ivoire,CIV,1988,6.969
Cote d'Ivoire,CIV,1987,7.09
Cote d'Ivoire,CIV,1986,7.187
Cote d'Ivoire,CIV,1985,7.273
Cote d'Ivoire,CIV,1984,7.352
Cote d'Ivoire,CIV,1983,7.417
Cote d'Ivoire,CIV,1982,7.488
Cote d'Ivoire,CIV,1981,7.539
Cote d'Ivoire,CIV,1980,7.586
Cote d'Ivoire,CIV,1979,7.625
Cote d'Ivoire,CIV,1978,7.669
Cote d'Ivoire,CIV,1977,7.828
Cote d'Ivoire,CIV,1976,7.877
Cote d'Ivoire,CIV,1975,7.91
Cote d'Ivoire,CIV,1974,7.929
Cote d'Ivoire,CIV,1973,7.939
Cote d'Ivoire,CIV,1972,7.942
Cote d'Ivoire,CIV,1971,7.941
Cote d'Ivoire,CIV,1970,7.936
Cote d'Ivoire,CIV,1969,7.927
Cote d'Ivoire,CIV,1968,7.912
Cote d'Ivoire,CIV,1967,7.893
Cote d'Ivoire,CIV,1966,7.868
Cote d'Ivoire,CIV,1965,7.841
Cote d'Ivoire,CIV,1964,7.811
Cote d'Ivoire,CIV,1963,7.781
Cote d'Ivoire,CIV,1962,7.75
Cote d'Ivoire,CIV,1961,7.72
Cote d'Ivoire,CIV,1960,7.691
Croatia,HRV,2025,
Croatia,HRV,2024,1.46
Croatia,HRV,2023,1.46
Croatia,HRV,2022,1.53
Croatia,HRV,2021,1.62
Croatia,HRV,2020,1.48
Croatia,HRV,2019,1.47
Croatia,HRV,2018,1.47
Croatia,HRV,2017,1.42
Croatia,HRV,2016,1.43
Croatia,HRV,2015,1.41
Croatia,HRV,2014,1.46
Croatia,HRV,2013,1.46
Croatia,HRV,2012,1.52
Croatia,HRV,2011,1.41
Croatia,HRV,2010,1.46
Croatia,HRV,2009,1.5
Croatia,HRV,2008,1.47
Croatia,HRV,2007,1.48
Croatia,HRV,2006,1.47
Croatia,HRV,2005,1.5
Croatia,HRV,2004,1.43
Croatia,HRV,2003,1.41
Croatia,HRV,2002,1.42
Croatia,HRV,2001,1.46
Croatia,HRV,2000,1.39
Croatia,HRV,1999,1.38
Croatia,HRV,1998,1.45
Croatia,HRV,1997,1.69
Croatia,HRV,1996,1.67
Croatia,HRV,1995,1.58
Croatia,HRV,1994,1.47
Croatia,HRV,1993,1.52
Croatia,HRV,1992,1.48
Croatia,HRV,1991,1.53
Croatia,HRV,1990,1.63
Croatia,HRV,1989,1.63
Croatia,HRV,1988,1.79
Croatia,HRV,1987,1.64
Croatia,HRV,1986,1.76
Croatia,HRV,1985,1.82
Croatia,HRV,1984,1.87
Croatia,HRV,1983,1.88
Croatia,HRV,1982,1.9
Croatia,HRV,1981,1.926
Croatia,HRV,1980,1.931
Croatia,HRV,1979,1.947
Croatia,HRV,1978,1.955
Croatia,HRV,1977,1.947
Croatia,HRV,1976,1.936
Croatia,HRV,1975,1.951
Croatia,HRV,1974,1.983
Croatia,HRV,1973,2.013
Croatia,HRV,1972,2.007
Croatia,HRV,1971,1.974
Croatia,HRV,1970,1.882
Croatia,HRV,1969,1.951
Croatia,HRV,1968,2.027
Croatia,HRV,1967,2.102
Croatia,HRV,1966,2.227
Croatia,HRV,1965,2.224
Croatia,HRV,1964,2.142
Croatia,HRV,1963,2.145
Croatia,HRV,1962,2.192
Croatia,HRV,1961,2.219
Croatia,HRV,1960,2.239
Cuba,CUB,2025,
Cuba,CUB,2024,1.445
Cuba,CUB,2023,1.439
Cuba,CUB,2022,1.412
Cuba,CUB,2021,1.427
Cuba,CUB,2020,1.489
Cuba,CUB,2019,1.54
Cuba,CUB,2018,1.607
Cuba,CUB,2017,1.585
Cuba,CUB,2016,1.6
Cuba,CUB,2015,1.685
Cuba,CUB,2014,1.655
Cuba,CUB,2013,1.678
Cuba,CUB,2012,1.668
Cuba,CUB,2011,1.734
Cuba,CUB,2010,1.673
Cuba,CUB,2009,1.678
Cuba,CUB,2008,1.576
Cuba,CUB,2007,1.436
Cuba,CUB,2006,1.402
Cuba,CUB,2005,1.486
Cuba,CUB,2004,1.546
Cuba,CUB,2003,1.627
Cuba,CUB,2002,1.645
Cuba,CUB,2001,1.595
Cuba,CUB,2000,1.608
Cuba,CUB,1999,1.64
Cuba,CUB,1998,1.617
Cuba,CUB,1997,1.59
Cuba,CUB,1996,1.457
Cuba,CUB,1995,1.481
Cuba,CUB,1994,1.467
Cuba,CUB,1993,1.489
Cuba,CUB,1992,1.562
Cuba,CUB,1991,1.663
Cuba,CUB,1990,1.806
Cuba,CUB,1989,1.832
Cuba,CUB,1988,1.853
Cuba,CUB,1987,1.8
Cuba,CUB,1986,1.779
Cuba,CUB,1985,1.772
Cuba,CUB,1984,1.774
Cuba,CUB,1983,1.801
Cuba,CUB,1982,1.776
Cuba,CUB,1981,1.591
Cuba,CUB,1980,1.637
Cuba,CUB,1979,1.771
Cuba,CUB,1978,1.884
Cuba,CUB,1977,2.209
Cuba,CUB,1976,2.506
Cuba,CUB,1975,2.824
Cuba,CUB,1974,3.164
Cuba,CUB,1973,3.402
Cuba,CUB,1972,3.612
Cuba,CUB,1971,3.799
Cuba,CUB,1970,3.981
Cuba,CUB,1969,4.124
Cuba,CUB,1968,4.194
Cuba,CUB,1967,4.294
Cuba,CUB,1966,4.398
Cuba,CUB,1965,4.504
Cuba,CUB,1964,4.528
Cuba,CUB,1963,4.559
Cuba,CUB,1962,4.421
Cuba,CUB,1961,4.265
Cuba,CUB,1960,4.129
Curacao,CUW,2025,
Curacao,CUW,2024,1.4
Curacao,CUW,2023,1.3
Curacao,CUW,2022,1.4
Curacao,CUW,2021,1.4
Curacao,CUW,2020,1.4
Curacao,CUW,2019,1.6
Curacao,CUW,2018,1.7
Curacao,CUW,2017,1.5
Curacao,CUW,2016,1.7
Curacao,CUW,2015,1.9
Curacao,CUW,2014,2.0
Curacao,CUW,2013,2.1
Curacao,CUW,2012,2.2
Curacao,CUW,2011,2.1
Curacao,CUW,2010,2.2
Curacao,CUW,2009,2.1
Curacao,CUW,2008,2.2
Curacao,CUW,2007,2.0
Curacao,CUW,2006,2.1
Curacao,CUW,2005,2.037
Curacao,CUW,2004,2.099
Curacao,CUW,2003,2.191
Curacao,CUW,2002,2.3
Curacao,CUW,2001,2.405
Curacao,CUW,2000,2.342
Curacao,CUW,1999,2.285
Curacao,CUW,1998,2.315
Curacao,CUW,1997,2.367
Curacao,CUW,1996,2.403
Curacao,CUW,1995,2.419
Curacao,CUW,1994,2.43
Curacao,CUW,1993,2.438
Curacao,CUW,1992,2.433
Curacao,CUW,1991,2.372
Curacao,CUW,1990,2.303
Curacao,CUW,1989,2.269
Curacao,CUW,1988,2.253
Curacao,CUW,1987,2.242
Curacao,CUW,1986,2.241
Curacao,CUW,1985,2.242
Curacao,CUW,1984,2.237
Curacao,CUW,1983,2.238
Curacao,CUW,1982,2.236
Curacao,CUW,1981,2.249
Curacao,CUW,1980,2.272
Curacao,CUW,1979,2.312
Curacao,CUW,1978,2.38
Curacao,CUW,1977,2.463
Curacao,CUW,1976,2.554
Curacao,CUW,1975,2.662
Curacao,CUW,1974,2.773
Curacao,CUW,1973,2.872
Curacao,CUW,1972,2.992
Curacao,CUW,1971,3.18
Curacao,CUW,1970,3.397
Curacao,CUW,1969,3.608
Curacao,CUW,1968,3.827
Curacao,CUW,1967,4.059
Curacao,CUW,1966,4.265
Curacao,CUW,1965,4.475
Curacao,CUW,1964,4.641
Curacao,CUW,1963,4.798
Curacao,CUW,1962,4.927
Curacao,CUW,1961,5.042
Curacao,CUW,1960,5.13
Cyprus,CYP,2025,
Cyprus,CYP,2024,1.38
Cyprus,CYP,2023,1.389
Cyprus,CYP,2022,1.393
Cyprus,CYP,2021,1.392
Cyprus,CYP,2020,1.361
Cyprus,CYP,2019,1.33
Cyprus,CYP,2018,1.319
Cyprus,CYP,2017,1.323
Cyprus,CYP,2016,1.357
Cyprus,CYP,2015,1.323
Cyprus,CYP,2014,1.312
Cyprus,CYP,2013,1.304
Cyprus,CYP,2012,1.382
Cyprus,CYP,2011,1.36
Cyprus,CYP,2010,1.434
Cyprus,CYP,2009,1.475
Cyprus,CYP,2008,1.479
Cyprus,CYP,2007,1.449
Cyprus,CYP,2006,1.509
Cyprus,CYP,2005,1.479
Cyprus,CYP,2004,1.512
Cyprus,CYP,2003,1.505
Cyprus,CYP,2002,1.497
Cyprus,CYP,2001,1.566
Cyprus,CYP,2000,1.638
Cyprus,CYP,1999,1.672
Cyprus,CYP,1998,1.761
Cyprus,CYP,1997,1.86
Cyprus,CYP,1996,1.953
Cyprus,CYP,1995,2.032
Cyprus,CYP,1994,2.163
Cyprus,CYP,1993,2.247
Cyprus,CYP,1992,2.459
Cyprus,CYP,1991,2.34
Cyprus,CYP,1990,2.402
Cyprus,CYP,1989,2.369
Cyprus,CYP,1988,2.47
Cyprus,CYP,1987,2.388
Cyprus,CYP,1986,2.452
Cyprus,CYP,1985,2.432
Cyprus,CYP,1984,2.512
Cyprus,CYP,1983,2.493
Cyprus,CYP,1982,2.487
Cyprus,CYP,1981,2.154
Cyprus,CYP,1980,2.298
Cyprus,CYP,1979,2.136
Cyprus,CYP,1978,2.079
Cyprus,CYP,1977,2.089
Cyprus,CYP,1976,2.327
Cyprus,CYP,1975,2.107
Cyprus,CYP,1974,2.28
Cyprus,CYP,1973,2.403
Cyprus,CYP,1972,2.988
Cyprus,CYP,1971,3.036
Cyprus,CYP,1970,3.065
Cyprus,CYP,1969,3.188
Cyprus,CYP,1968,3.267
Cyprus,CYP,1967,3.324
Cyprus,CYP,1966,3.395
Cyprus,CYP,1965,3.47
Cyprus,CYP,1964,3.409
Cyprus,CYP,1963,3.494
Cyprus,CYP,1962,3.51
Cyprus,CYP,1961,3.619
Cyprus,CYP,1960,3.393
Czechia,CZE,2025,
Czechia,CZE,2024,1.36
Czechia,CZE,2023,1.46
Czechia,CZE,2022,1.64
Czechia,CZE,2021,1.83
Czechia,CZE,2020,1.74
Czechia,CZE,2019,1.71
Czechia,CZE,2018,1.71
Czechia,CZE,2017,1.69
Czechia,CZE,2016,1.63
Czechia,CZE,2015,1.57
Czechia,CZE,2014,1.53
Czechia,CZE,2013,1.46
Czechia,CZE,2012,1.45
Czechia,CZE,2011,1.43
Czechia,CZE,2010,1.51
Czechia,CZE,2009,1.51
Czechia,CZE,2008,1.51
Czechia,CZE,2007,1.45
Czechia,CZE,2006,1.34
Czechia,CZE,2005,1.29
Czechia,CZE,2004,1.23
Czechia,CZE,2003,1.18
Czechia,CZE,2002,1.17
Czechia,CZE,2001,1.15
Czechia,CZE,2000,1.15
Czechia,CZE,1999,1.13
Czechia,CZE,1998,1.16
Czechia,CZE,1997,1.17
Czechia,CZE,1996,1.18
Czechia,CZE,1995,1.28
Czechia,CZE,1994,1.44
Czechia,CZE,1993,1.67
Czechia,CZE,1992,1.71
Czechia,CZE,1991,1.86
Czechia,CZE,1990,1.9
Czechia,CZE,1989,1.87
Czechia,CZE,1988,1.94
Czechia,CZE,1987,1.91
Czechia,CZE,1986,1.92
Czechia,CZE,1985,1.95
Czechia,CZE,1984,1.97
Czechia,CZE,1983,1.97
Czechia,CZE,1982,2.0
Czechia,CZE,1981,2.0
Czechia,CZE,1980,2.08
Czechia,CZE,1979,2.27
Czechia,CZE,1978,2.33
Czechia,CZE,1977,2.34
Czechia,CZE,1976,2.39
Czechia,CZE,1975,2.43
Czechia,CZE,1974,2.46
Czechia,CZE,1973,2.31
Czechia,CZE,1972,2.09
Czechia,CZE,1971,2.0
Czechia,CZE,1970,1.92
Czechia,CZE,1969,1.87
Czechia,CZE,1968,1.84
Czechia,CZE,1967,1.91
Czechia,CZE,1966,2.02
Czechia,CZE,1965,2.18
Czechia,CZE,1964,2.34
Czechia,CZE,1963,2.31
Czechia,CZE,1962,2.12
Czechia,CZE,1961,2.11
Czechia,CZE,1960,2.09
Denmark,DNK,2025,
Denmark,DNK,2024,1.47
Denmark,DNK,2023,1.5
Denmark,DNK,2022,1.55
Denmark,DNK,2021,1.72
Denmark,DNK,2020,1.68
Denmark,DNK,2019,1.7
Denmark,DNK,2018,1.73
Denmark,DNK,2017,1.75
Denmark,DNK,2016,1.79
Denmark,DNK,2015,1.71
Denmark,DNK,2014,1.69
Denmark,DNK,2013,1.67
Denmark,DNK,2012,1.73
Denmark,DNK,2011,1.75
Denmark,DNK,2010,1.87
Denmark,DNK,2009,1.84
Denmark,DNK,2008,1.89
Denmark,DNK,2007,1.84
Denmark,DNK,2006,1.85
Denmark,DNK,2005,1.8
Denmark,DNK,2004,1.78
Denmark,DNK,2003,1.76
Denmark,DNK,2002,1.72
Denmark,DNK,2001,1.74
Denmark,DNK,2000,1.77
Denmark,DNK,1999,1.73
Denmark,DNK,1998,1.72
Denmark,DNK,1997,1.75
Denmark,DNK,1996,1.75
Denmark,DNK,1995,1.8
Denmark,DNK,1994,1.81
Denmark,DNK,1993,1.75
Denmark,DNK,1992,1.76
Denmark,DNK,1991,1.68
Denmark,DNK,1990,1.67
Denmark,DNK,1989,1.62
Denmark,DNK,1988,1.56
Denmark,DNK,1987,1.5
Denmark,DNK,1986,1.48
Denmark,DNK,1985,1.45
Denmark,DNK,1984,1.4
Denmark,DNK,1983,1.38
Denmark,DNK,1982,1.43
Denmark,DNK,1981,1.44
Denmark,DNK,1980,1.55
Denmark,DNK,1979,1.6
Denmark,DNK,1978,1.67
Denmark,DNK,1977,1.66
Denmark,DNK,1976,1.75
Denmark,DNK,1975,1.92
Denmark,DNK,1974,1.9
Denmark,DNK,1973,1.92
Denmark,DNK,1972,2.03
Denmark,DNK,1971,2.04
Denmark,DNK,1970,1.95
Denmark,DNK,1969,2.0
Denmark,DNK,1968,2.12
Denmark,DNK,1967,2.35
Denmark,DNK,1966,2.62
Denmark,DNK,1965,2.61
Denmark,DNK,1964,2.6
Denmark,DNK,1963,2.67
Denmark,DNK,1962,2.55
Denmark,DNK,1961,2.55
Denmark,DNK,1960,2.57
Djibouti,DJI,2025,
Djibouti,DJI,2024,2.618
Djibouti,DJI,2023,2.609
Djibouti,DJI,2022,2.653
Djibouti,DJI,2021,2.699
Djibouti,DJI,2020,2.745
Djibouti,DJI,2019,2.798
Djibouti,DJI,2018,2.858
Djibouti,DJI,2017,2.916
Djibouti,DJI,2016,2.969
Djibouti,DJI,2015,3.041
Djibouti,DJI,2014,3.116
Djibouti,DJI,2013,3.187
Djibouti,DJI,2012,3.255
Djibouti,DJI,2011,3.341
Djibouti,DJI,2010,3.431
Djibouti,DJI,2009,3.521
Djibouti,DJI,2008,3.621
Djibouti,DJI,2007,3.756
Djibouti,DJI,2006,3.899
Djibouti,DJI,2005,4.035
Djibouti,DJI,2004,4.162
Djibouti,DJI,2003,4.296
Djibouti,DJI,2002,4.41
Djibouti,DJI,2001,4.518
Djibouti,DJI,2000,4.601
Djibouti,DJI,1999,4.687
Djibouti,DJI,1998,4.795
Djibouti,DJI,1997,4.966
Djibouti,DJI,1996,5.149
Djibouti,DJI,1995,5.331
Djibouti,DJI,1994,5.507
Djibouti,DJI,1993,5.638
Djibouti,DJI,1992,5.751
Djibouti,DJI,1991,5.856
Djibouti,DJI,1990,5.931
Djibouti,DJI,1989,5.973
Djibouti,DJI,1988,6.03
Djibouti,DJI,1987,6.086
Djibouti,DJI,1986,6.139
Djibouti,DJI,1985,6.192
Djibouti,DJI,1984,6.247
Djibouti,DJI,1983,6.298
Djibouti,DJI,1982,6.342
Djibouti,DJI,1981,6.397
Djibouti,DJI,1980,6.46
Djibouti,DJI,1979,6.523
Djibouti,DJI,1978,6.586
Djibouti,DJI,1977,6.64
Djibouti,DJI,1976,6.691
Djibouti,DJI,1975,6.737
Djibouti,DJI,1974,6.78
Djibouti,DJI,1973,6.817
Djibouti,DJI,1972,6.851
Djibouti,DJI,1971,6.882
Djibouti,DJI,1970,6.879
Djibouti,DJI,1969,6.878
Djibouti,DJI,1968,6.876
Djibouti,DJI,1967,6.87
Djibouti,DJI,1966,6.875
Djibouti,DJI,1965,6.864
Djibouti,DJI,1964,6.872
Djibouti,DJI,1963,6.86
Djibouti,DJI,1962,6.854
Djibouti,DJI,1961,6.848
Djibouti,DJI,1960,6.847
Dominica,DMA,2025,
Dominica,DMA,2024,1.48
Dominica,DMA,2023,1.484
Dominica,DMA,2022,1.482
Dominica,DMA,2021,1.484
Dominica,DMA,2020,1.495
Dominica,DMA,2019,1.504
Dominica,DMA,2018,1.517
Dominica,DMA,2017,1.54
Dominica,DMA,2016,1.581
Dominica,DMA,2015,1.648
Dominica,DMA,2014,1.713
Dominica,DMA,2013,1.778
Dominica,DMA,2012,1.827
Dominica,DMA,2011,1.861
Dominica,DMA,2010,1.887
Dominica,DMA,2009,1.918
Dominica,DMA,2008,1.968
Dominica,DMA,2007,2.022
Dominica,DMA,2006,2.074
Dominica,DMA,2005,1.998
Dominica,DMA,2004,2.023
Dominica,DMA,2003,2.075
Dominica,DMA,2002,2.16
Dominica,DMA,2001,2.399
Dominica,DMA,2000,2.346
Dominica,DMA,1999,2.458
Dominica,DMA,1998,2.315
Dominica,DMA,1997,2.406
Dominica,DMA,1996,2.546
Dominica,DMA,1995,2.708
Dominica,DMA,1994,2.964
Dominica,DMA,1993,3.201
Dominica,DMA,1992,3.177
Dominica,DMA,1991,3.145
Dominica,DMA,1990,3.092
Dominica,DMA,1989,3.059
Dominica,DMA,1988,3.056
Dominica,DMA,1987,3.063
Dominica,DMA,1986,3.084
Dominica,DMA,1985,3.116
Dominica,DMA,1984,3.151
Dominica,DMA,1983,3.178
Dominica,DMA,1982,3.166
Dominica,DMA,1981,3.114
Dominica,DMA,1980,3.035
Dominica,DMA,1979,2.96
Dominica,DMA,1978,2.955
Dominica,DMA,1977,3.02
Dominica,DMA,1976,3.191
Dominica,DMA,1975,3.461
Dominica,DMA,1974,3.842
Dominica,DMA,1973,4.275
Dominica,DMA,1972,4.671
Dominica,DMA,1971,4.985
Dominica,DMA,1970,5.215
Dominica,DMA,1969,5.412
Dominica,DMA,1968,5.587
Dominica,DMA,1967,5.737
Dominica,DMA,1966,5.856
Dominica,DMA,1965,5.952
Dominica,DMA,1964,6.027
Dominica,DMA,1963,6.084
Dominica,DMA,1962,6.122
Dominica,DMA,1961,6.156
Dominica,DMA,1960,6.178
Dominican Republic,DOM,2025,
Dominican Republic,DOM,2024,2.222
Dominican Republic,DOM,2023,2.243
Dominican Republic,DOM,2022,2.267
Dominican Republic,DOM,2021,2.294
Dominican Republic,DOM,2020,2.329
Dominican Republic,DOM,2019,2.366
Dominican Republic,DOM,2018,2.397
Dominican Republic,DOM,2017,2.398
Dominican Republic,DOM,2016,2.41
Dominican Republic,DOM,2015,2.43
Dominican Republic,DOM,2014,2.451
Dominican Republic,DOM,2013,2.474
Dominican Republic,DOM,2012,2.497
Dominican Republic,DOM,2011,2.527
Dominican Republic,DOM,2010,2.556
Dominican Republic,DOM,2009,2.574
Dominican Republic,DOM,2008,2.546
Dominican Republic,DOM,2007,2.51
Dominican Republic,DOM,2006,2.508
Dominican Republic,DOM,2005,2.574
Dominican Republic,DOM,2004,2.641
Dominican Republic,DOM,2003,2.703
Dominican Republic,DOM,2002,2.764
Dominican Republic,DOM,2001,2.827
Dominican Republic,DOM,2000,2.869
Dominican Republic,DOM,1999,2.846
Dominican Republic,DOM,1998,2.835
Dominican Republic,DOM,1997,2.922
Dominican Republic,DOM,1996,3.04
Dominican Republic,DOM,1995,3.101
Dominican Republic,DOM,1994,3.163
Dominican Republic,DOM,1993,3.226
Dominican Republic,DOM,1992,3.287
Dominican Republic,DOM,1991,3.349
Dominican Republic,DOM,1990,3.411
Dominican Republic,DOM,1989,3.475
Dominican Republic,DOM,1988,3.5
Dominican Republic,DOM,1987,3.528
Dominican Republic,DOM,1986,3.603
Dominican Republic,DOM,1985,3.686
Dominican Republic,DOM,1984,3.822
Dominican Republic,DOM,1983,3.947
Dominican Republic,DOM,1982,4.014
Dominican Republic,DOM,1981,4.149
Dominican Republic,DOM,1980,4.302
Dominican Republic,DOM,1979,4.473
Dominican Republic,DOM,1978,4.644
Dominican Republic,DOM,1977,4.842
Dominican Republic,DOM,1976,5.046
Dominican Republic,DOM,1975,5.235
Dominican Republic,DOM,1974,5.44
Dominican Republic,DOM,1973,5.667
Dominican Republic,DOM,1972,5.841
Dominican Republic,DOM,1971,6.009
Dominican Republic,DOM,1970,6.184
Dominican Republic,DOM,1969,6.366
Dominican Republic,DOM,1968,6.548
Dominican Republic,DOM,1967,6.755
Dominican Republic,DOM,1966,6.949
Dominican Republic,DOM,1965,7.053
Dominican Republic,DOM,1964,7.186
Dominican Republic,DOM,1963,7.303
Dominican Republic,DOM,1962,7.404
Dominican Republic,DOM,1961,7.487
Dominican Republic,DOM,1960,7.555
Ecuador,ECU,2025,
Ecuador,ECU,2024,1.806
Ecuador,ECU,2023,1.823
Ecuador,ECU,2022,1.861
Ecuador,ECU,2021,1.909
Ecuador,ECU,2020,1.967
Ecuador,ECU,2019,2.035
Ecuador,ECU,2018,2.111
Ecuador,ECU,2017,2.128
Ecuador,ECU,2016,2.122
Ecuador,ECU,2015,2.209
Ecuador,ECU,2014,2.274
Ecuador,ECU,2013,2.362
Ecuador,ECU,2012,2.509
Ecuador,ECU,2011,2.605
Ecuador,ECU,2010,2.615
Ecuador,ECU,2009,2.678
Ecuador,ECU,2008,2.688
Ecuador,ECU,2007,2.704
Ecuador,ECU,2006,2.753
Ecuador,ECU,2005,2.8
Ecuador,ECU,2004,2.853
Ecuador,ECU,2003,2.911
Ecuador,ECU,2002,2.972
Ecuador,ECU,2001,3.037
Ecuador,ECU,2000,3.102
Ecuador,ECU,1999,3.166
Ecuador,ECU,1998,3.228
Ecuador,ECU,1997,3.288
Ecuador,ECU,1996,3.351
Ecuador,ECU,1995,3.381
Ecuador,ECU,1994,3.42
Ecuador,ECU,1993,3.491
Ecuador,ECU,1992,3.575
Ecuador,ECU,1991,3.633
Ecuador,ECU,1990,3.68
Ecuador,ECU,1989,3.736
Ecuador,ECU,1988,3.787
Ecuador,ECU,1987,3.87
Ecuador,ECU,1986,4.0
Ecuador,ECU,1985,4.145
Ecuador,ECU,1984,4.305
Ecuador,ECU,1983,4.395
Ecuador,ECU,1982,4.501
Ecuador,ECU,1981,4.612
Ecuador,ECU,1980,4.73
Ecuador,ECU,1979,4.855
Ecuador,ECU,1978,4.989
Ecuador,ECU,1977,5.13
Ecuador,ECU,1976,5.276
Ecuador,ECU,1975,5.426
Ecuador,ECU,1974,5.577
Ecuador,ECU,1973,5.727
Ecuador,ECU,1972,5.873
Ecuador,ECU,1971,6.011
Ecuador,ECU,1970,6.138
Ecuador,ECU,1969,6.252
Ecuador,ECU,1968,6.351
Ecuador,ECU,1967,6.436
Ecuador,ECU,1966,6.507
Ecuador,ECU,1965,6.564
Ecuador,ECU,1964,6.61
Ecuador,ECU,1963,6.646
Ecuador,ECU,1962,6.676
Ecuador,ECU,1961,6.7
Ecuador,ECU,1960,6.721
"Egypt, Arab Rep.",EGY,2025,
"Egypt, Arab Rep.",EGY,2024,2.735
"Egypt, Arab Rep.",EGY,2023,2.75
"Egypt, Arab Rep.",EGY,2022,2.75
"Egypt, Arab Rep.",EGY,2021,2.75
"Egypt, Arab Rep.",EGY,2020,2.85
"Egypt, Arab Rep.",EGY,2019,2.87
"Egypt, Arab Rep.",EGY,2018,3.02
"Egypt, Arab Rep.",EGY,2017,3.31
"Egypt, Arab Rep.",EGY,2016,3.35
"Egypt, Arab Rep.",EGY,2015,3.5
"Egypt, Arab Rep.",EGY,2014,3.49
"Egypt, Arab Rep.",EGY,2013,3.49
"Egypt, Arab Rep.",EGY,2012,3.4
"Egypt, Arab Rep.",EGY,2011,3.311
"Egypt, Arab Rep.",EGY,2010,3.296
"Egypt, Arab Rep.",EGY,2009,3.259
"Egypt, Arab Rep.",EGY,2008,3.238
"Egypt, Arab Rep.",EGY,2007,3.237
"Egypt, Arab Rep.",EGY,2006,3.223
"Egypt, Arab Rep.",EGY,2005,3.254
"Egypt, Arab Rep.",EGY,2004,3.283
"Egypt, Arab Rep.",EGY,2003,3.352
"Egypt, Arab Rep.",EGY,2002,3.412
"Egypt, Arab Rep.",EGY,2001,3.46
"Egypt, Arab Rep.",EGY,2000,3.505
"Egypt, Arab Rep.",EGY,1999,3.599
"Egypt, Arab Rep.",EGY,1998,3.681
"Egypt, Arab Rep.",EGY,1997,3.682
"Egypt, Arab Rep.",EGY,1996,3.7
"Egypt, Arab Rep.",EGY,1995,3.764
"Egypt, Arab Rep.",EGY,1994,3.865
"Egypt, Arab Rep.",EGY,1993,3.993
"Egypt, Arab Rep.",EGY,1992,4.149
"Egypt, Arab Rep.",EGY,1991,4.315
"Egypt, Arab Rep.",EGY,1990,4.512
"Egypt, Arab Rep.",EGY,1989,4.676
"Egypt, Arab Rep.",EGY,1988,4.833
"Egypt, Arab Rep.",EGY,1987,4.911
"Egypt, Arab Rep.",EGY,1986,4.998
"Egypt, Arab Rep.",EGY,1985,5.116
"Egypt, Arab Rep.",EGY,1984,5.207
"Egypt, Arab Rep.",EGY,1983,5.308
"Egypt, Arab Rep.",EGY,1982,5.329
"Egypt, Arab Rep.",EGY,1981,5.368
"Egypt, Arab Rep.",EGY,1980,5.494
"Egypt, Arab Rep.",EGY,1979,5.569
"Egypt, Arab Rep.",EGY,1978,5.629
"Egypt, Arab Rep.",EGY,1977,5.678
"Egypt, Arab Rep.",EGY,1976,5.727
"Egypt, Arab Rep.",EGY,1975,5.749
"Egypt, Arab Rep.",EGY,1974,5.784
"Egypt, Arab Rep.",EGY,1973,5.843
"Egypt, Arab Rep.",EGY,1972,5.929
"Egypt, Arab Rep.",EGY,1971,5.99
"Egypt, Arab Rep.",EGY,1970,6.059
"Egypt, Arab Rep.",EGY,1969,6.12
"Egypt, Arab Rep.",EGY,1968,6.193
"Egypt, Arab Rep.",EGY,1967,6.252
"Egypt, Arab Rep.",EGY,1966,6.308
"Egypt, Arab Rep.",EGY,1965,6.387
"Egypt, Arab Rep.",EGY,1964,6.541
"Egypt, Arab Rep.",EGY,1963,6.648
"Egypt, Arab Rep.",EGY,1962,6.709
"Egypt, Arab Rep.",EGY,1961,6.758
"Egypt, Arab Rep.",EGY,1960,6.793
El Salvador,SLV,2025,
El Salvador,SLV,2024,1.768
El Salvador,SLV,2023,1.775
El Salvador,SLV,2022,1.785
El Salvador,SLV,2021,1.803
El Salvador,SLV,2020,1.819
El Salvador,SLV,2019,1.838
El Salvador,SLV,2018,1.849
El Salvador,SLV,2017,1.896
El Salvador,SLV,2016,1.965
El Salvador,SLV,2015,2.067
El Salvador,SLV,2014,2.126
El Salvador,SLV,2013,2.154
El Salvador,SLV,2012,2.187
El Salvador,SLV,2011,2.224
El Salvador,SLV,2010,2.239
El Salvador,SLV,2009,2.261
El Salvador,SLV,2008,2.291
El Salvador,SLV,2007,2.354
El Salvador,SLV,2006,2.395
El Salvador,SLV,2005,2.44
El Salvador,SLV,2004,2.516
El Salvador,SLV,2003,2.636
El Salvador,SLV,2002,2.775
El Salvador,SLV,2001,2.93
El Salvador,SLV,2000,3.076
El Salvador,SLV,1999,3.217
El Salvador,SLV,1998,3.342
El Salvador,SLV,1997,3.377
El Salvador,SLV,1996,3.482
El Salvador,SLV,1995,3.568
El Salvador,SLV,1994,3.613
El Salvador,SLV,1993,3.691
El Salvador,SLV,1992,3.802
El Salvador,SLV,1991,3.889
El Salvador,SLV,1990,3.964
El Salvador,SLV,1989,4.033
El Salvador,SLV,1988,4.103
El Salvador,SLV,1987,4.175
El Salvador,SLV,1986,4.194
El Salvador,SLV,1985,4.316
El Salvador,SLV,1984,4.478
El Salvador,SLV,1983,4.65
El Salvador,SLV,1982,4.826
El Salvador,SLV,1981,4.986
El Salvador,SLV,1980,5.107
El Salvador,SLV,1979,5.234
El Salvador,SLV,1978,5.357
El Salvador,SLV,1977,5.473
El Salvador,SLV,1976,5.59
El Salvador,SLV,1975,5.705
El Salvador,SLV,1974,5.822
El Salvador,SLV,1973,5.929
El Salvador,SLV,1972,6.032
El Salvador,SLV,1971,6.13
El Salvador,SLV,1970,6.178
El Salvador,SLV,1969,6.278
El Salvador,SLV,1968,6.386
El Salvador,SLV,1967,6.487
El Salvador,SLV,1966,6.565
El Salvador,SLV,1965,6.636
El Salvador,SLV,1964,6.684
El Salvador,SLV,1963,6.69
El Salvador,SLV,1962,6.675
El Salvador,SLV,1961,6.644
El Salvador,SLV,1960,6.618
Equatorial Guinea,GNQ,2025,
Equatorial Guinea,GNQ,2024,4.116
Equatorial Guinea,GNQ,2023,4.081
Equatorial Guinea,GNQ,2022,4.17
Equatorial Guinea,GNQ,2021,4.266
Equatorial Guinea,GNQ,2020,4.346
Equatorial Guinea,GNQ,2019,4.429
Equatorial Guinea,GNQ,2018,4.513
Equatorial Guinea,GNQ,2017,4.599
Equatorial Guinea,GNQ,2016,4.686
Equatorial Guinea,GNQ,2015,4.774
Equatorial Guinea,GNQ,2014,4.863
Equatorial Guinea,GNQ,2013,4.952
Equatorial Guinea,GNQ,2012,5.04
Equatorial Guinea,GNQ,2011,5.126
Equatorial Guinea,GNQ,2010,5.209
Equatorial Guinea,GNQ,2009,5.288
Equatorial Guinea,GNQ,2008,5.363
Equatorial Guinea,GNQ,2007,5.433
Equatorial Guinea,GNQ,2006,5.498
Equatorial Guinea,GNQ,2005,5.559
Equatorial Guinea,GNQ,2004,5.618
Equatorial Guinea,GNQ,2003,5.675
Equatorial Guinea,GNQ,2002,5.731
Equatorial Guinea,GNQ,2001,5.785
Equatorial Guinea,GNQ,2000,5.834
Equatorial Guinea,GNQ,1999,5.878
Equatorial Guinea,GNQ,1998,5.914
Equatorial Guinea,GNQ,1997,5.941
Equatorial Guinea,GNQ,1996,5.96
Equatorial Guinea,GNQ,1995,5.971
Equatorial Guinea,GNQ,1994,5.978
Equatorial Guinea,GNQ,1993,5.981
Equatorial Guinea,GNQ,1992,5.984
Equatorial Guinea,GNQ,1991,5.985
Equatorial Guinea,GNQ,1990,5.987
Equatorial Guinea,GNQ,1989,5.986
Equatorial Guinea,GNQ,1988,5.982
Equatorial Guinea,GNQ,1987,5.974
Equatorial Guinea,GNQ,1986,5.962
Equatorial Guinea,GNQ,1985,5.946
Equatorial Guinea,GNQ,1984,5.926
Equatorial Guinea,GNQ,1983,5.903
Equatorial Guinea,GNQ,1982,5.88
Equatorial Guinea,GNQ,1981,5.856
Equatorial Guinea,GNQ,1980,5.835
Equatorial Guinea,GNQ,1979,5.817
Equatorial Guinea,GNQ,1978,5.804
Equatorial Guinea,GNQ,1977,5.795
Equatorial Guinea,GNQ,1976,5.791
Equatorial Guinea,GNQ,1975,5.791
Equatorial Guinea,GNQ,1974,5.795
Equatorial Guinea,GNQ,1973,5.8
Equatorial Guinea,GNQ,1972,5.805
Equatorial Guinea,GNQ,1971,5.808
Equatorial Guinea,GNQ,1970,5.808
Equatorial Guinea,GNQ,1969,5.802
Equatorial Guinea,GNQ,1968,5.791
Equatorial Guinea,GNQ,1967,5.776
Equatorial Guinea,GNQ,1966,5.756
Equatorial Guinea,GNQ,1965,5.734
Equatorial Guinea,GNQ,1964,5.711
Equatorial Guinea,GNQ,1963,5.69
Equatorial Guinea,GNQ,1962,5.673
Equatorial Guinea,GNQ,1961,5.661
Equatorial Guinea,GNQ,1960,5.653
Eritrea,ERI,2025,
Eritrea,ERI,2024,3.68
Eritrea,ERI,2023,3.713
Eritrea,ERI,2022,3.786
Eritrea,ERI,2021,3.867
Eritrea,ERI,2020,3.933
Eritrea,ERI,2019,3.997
Eritrea,ERI,2018,4.056
Eritrea,ERI,2017,4.112
Eritrea,ERI,2016,4.164
Eritrea,ERI,2015,4.217
Eritrea,ERI,2014,4.273
Eritrea,ERI,2013,4.335
Eritrea,ERI,2012,4.407
Eritrea,ERI,2011,4.486
Eritrea,ERI,2010,4.571
Eritrea,ERI,2009,4.656
Eritrea,ERI,2008,4.737
Eritrea,ERI,2007,4.812
Eritrea,ERI,2006,4.881
Eritrea,ERI,2005,4.934
Eritrea,ERI,2004,5.036
Eritrea,ERI,2003,5.143
Eritrea,ERI,2002,5.233
Eritrea,ERI,2001,5.306
Eritrea,ERI,2000,5.397
Eritrea,ERI,1999,5.516
Eritrea,ERI,1998,5.633
Eritrea,ERI,1997,5.743
Eritrea,ERI,1996,5.841
Eritrea,ERI,1995,5.939
Eritrea,ERI,1994,6.005
Eritrea,ERI,1993,6.069
Eritrea,ERI,1992,6.156
Eritrea,ERI,1991,6.242
Eritrea,ERI,1990,6.338
Eritrea,ERI,1989,6.413
Eritrea,ERI,1988,6.467
Eritrea,ERI,1987,6.52
Eritrea,ERI,1986,6.555
Eritrea,ERI,1985,6.587
Eritrea,ERI,1984,6.623
Eritrea,ERI,1983,6.646
Eritrea,ERI,1982,6.634
Eritrea,ERI,1981,6.622
Eritrea,ERI,1980,6.614
Eritrea,ERI,1979,6.621
Eritrea,ERI,1978,6.607
Eritrea,ERI,1977,6.608
Eritrea,ERI,1976,6.603
Eritrea,ERI,1975,6.586
Eritrea,ERI,1974,6.567
Eritrea,ERI,1973,6.548
Eritrea,ERI,1972,6.538
Eritrea,ERI,1971,6.541
Eritrea,ERI,1970,6.541
Eritrea,ERI,1969,6.503
Eritrea,ERI,1968,6.503
Eritrea,ERI,1967,6.504
Eritrea,ERI,1966,6.497
Eritrea,ERI,1965,6.494
Eritrea,ERI,1964,6.487
Eritrea,ERI,1963,6.481
Eritrea,ERI,1962,6.496
Eritrea,ERI,1961,6.474
Eritrea,ERI,1960,6.483
Estonia,EST,2025,
Estonia,EST,2024,1.18
Estonia,EST,2023,1.31
Estonia,EST,2022,1.41
Estonia,EST,2021,1.61
Estonia,EST,2020,1.58
Estonia,EST,2019,1.66
Estonia,EST,2018,1.67
Estonia,EST,2017,1.59
Estonia,EST,2016,1.6
Estonia,EST,2015,1.58
Estonia,EST,2014,1.54
Estonia,EST,2013,1.52
Estonia,EST,2012,1.56
Estonia,EST,2011,1.61
Estonia,EST,2010,1.72
Estonia,EST,2009,1.7
Estonia,EST,2008,1.72
Estonia,EST,2007,1.69
Estonia,EST,2006,1.58
Estonia,EST,2005,1.52
Estonia,EST,2004,1.47
Estonia,EST,2003,1.37
Estonia,EST,2002,1.36
Estonia,EST,2001,1.32
Estonia,EST,2000,1.36
Estonia,EST,1999,1.3
Estonia,EST,1998,1.28
Estonia,EST,1997,1.32
Estonia,EST,1996,1.37
Estonia,EST,1995,1.38
Estonia,EST,1994,1.42
Estonia,EST,1993,1.49
Estonia,EST,1992,1.71
Estonia,EST,1991,1.8
Estonia,EST,1990,2.05
Estonia,EST,1989,2.22
Estonia,EST,1988,2.27
Estonia,EST,1987,2.27
Estonia,EST,1986,2.18
Estonia,EST,1985,2.13
Estonia,EST,1984,2.17
Estonia,EST,1983,2.16
Estonia,EST,1982,2.07
Estonia,EST,1981,2.07
Estonia,EST,1980,2.02
Estonia,EST,1979,2.0
Estonia,EST,1978,2.02
Estonia,EST,1977,2.06
Estonia,EST,1976,2.07
Estonia,EST,1975,2.04
Estonia,EST,1974,2.07
Estonia,EST,1973,2.06
Estonia,EST,1972,2.13
Estonia,EST,1971,2.19
Estonia,EST,1970,2.17
Estonia,EST,1969,2.13
Estonia,EST,1968,2.03
Estonia,EST,1967,1.9
Estonia,EST,1966,1.87
Estonia,EST,1965,1.88
Estonia,EST,1964,1.94
Estonia,EST,1963,1.89
Estonia,EST,1962,1.95
Estonia,EST,1961,1.98
Estonia,EST,1960,1.98
Eswatini,SWZ,2025,
Eswatini,SWZ,2024,2.718
Eswatini,SWZ,2023,2.753
Eswatini,SWZ,2022,2.801
Eswatini,SWZ,2021,2.841
Eswatini,SWZ,2020,2.888
Eswatini,SWZ,2019,2.925
Eswatini,SWZ,2018,2.971
Eswatini,SWZ,2017,3.018
Eswatini,SWZ,2016,3.068
Eswatini,SWZ,2015,3.122
Eswatini,SWZ,2014,3.181
Eswatini,SWZ,2013,3.237
Eswatini,SWZ,2012,3.266
Eswatini,SWZ,2011,3.317
Eswatini,SWZ,2010,3.375
Eswatini,SWZ,2009,3.504
Eswatini,SWZ,2008,3.567
Eswatini,SWZ,2007,3.58
Eswatini,SWZ,2006,3.632
Eswatini,SWZ,2005,3.704
Eswatini,SWZ,2004,3.76
Eswatini,SWZ,2003,3.796
Eswatini,SWZ,2002,3.854
Eswatini,SWZ,2001,3.944
Eswatini,SWZ,2000,4.03
Eswatini,SWZ,1999,4.089
Eswatini,SWZ,1998,4.125
Eswatini,SWZ,1997,4.235
Eswatini,SWZ,1996,4.378
Eswatini,SWZ,1995,4.523
Eswatini,SWZ,1994,4.662
Eswatini,SWZ,1993,4.815
Eswatini,SWZ,1992,4.981
Eswatini,SWZ,1991,5.132
Eswatini,SWZ,1990,5.295
Eswatini,SWZ,1989,5.479
Eswatini,SWZ,1988,5.693
Eswatini,SWZ,1987,5.902
Eswatini,SWZ,1986,6.106
Eswatini,SWZ,1985,6.282
Eswatini,SWZ,1984,6.36
Eswatini,SWZ,1983,6.432
Eswatini,SWZ,1982,6.491
Eswatini,SWZ,1981,6.539
Eswatini,SWZ,1980,6.574
Eswatini,SWZ,1979,6.607
Eswatini,SWZ,1978,6.647
Eswatini,SWZ,1977,6.676
Eswatini,SWZ,1976,6.701
Eswatini,SWZ,1975,6.707
Eswatini,SWZ,1974,6.71
Eswatini,SWZ,1973,6.715
Eswatini,SWZ,1972,6.722
Eswatini,SWZ,1971,6.739
Eswatini,SWZ,1970,6.749
Eswatini,SWZ,1969,6.761
Eswatini,SWZ,1968,6.761
Eswatini,SWZ,1967,6.766
Eswatini,SWZ,1966,6.802
Eswatini,SWZ,1965,6.794
Eswatini,SWZ,1964,6.789
Eswatini,SWZ,1963,6.804
Eswatini,SWZ,1962,6.794
Eswatini,SWZ,1961,6.774
Eswatini,SWZ,1960,6.752
Ethiopia,ETH,2025,
Ethiopia,ETH,2024,3.909
Ethiopia,ETH,2023,3.989
Ethiopia,ETH,2022,4.082
Ethiopia,ETH,2021,4.177
Ethiopia,ETH,2020,4.274
Ethiopia,ETH,2019,4.347
Ethiopia,ETH,2018,4.371
Ethiopia,ETH,2017,4.401
Ethiopia,ETH,2016,4.473
Ethiopia,ETH,2015,4.529
Ethiopia,ETH,2014,4.605
Ethiopia,ETH,2013,4.708
Ethiopia,ETH,2012,4.887
Ethiopia,ETH,2011,5.08
Ethiopia,ETH,2010,5.282
Ethiopia,ETH,2009,5.488
Ethiopia,ETH,2008,5.695
Ethiopia,ETH,2007,5.887
Ethiopia,ETH,2006,6.047
Ethiopia,ETH,2005,6.194
Ethiopia,ETH,2004,6.301
Ethiopia,ETH,2003,6.4
Ethiopia,ETH,2002,6.499
Ethiopia,ETH,2001,6.579
Ethiopia,ETH,2000,6.654
Ethiopia,ETH,1999,6.721
Ethiopia,ETH,1998,6.792
Ethiopia,ETH,1997,6.869
Ethiopia,ETH,1996,6.928
Ethiopia,ETH,1995,6.998
Ethiopia,ETH,1994,7.051
Ethiopia,ETH,1993,7.088
Ethiopia,ETH,1992,7.125
Ethiopia,ETH,1991,7.161
Ethiopia,ETH,1990,7.196
Ethiopia,ETH,1989,7.229
Ethiopia,ETH,1988,7.262
Ethiopia,ETH,1987,7.293
Ethiopia,ETH,1986,7.318
Ethiopia,ETH,1985,7.338
Ethiopia,ETH,1984,7.356
Ethiopia,ETH,1983,7.351
Ethiopia,ETH,1982,7.337
Ethiopia,ETH,1981,7.313
Ethiopia,ETH,1980,7.287
Ethiopia,ETH,1979,7.248
Ethiopia,ETH,1978,7.229
Ethiopia,ETH,1977,7.189
Ethiopia,ETH,1976,7.129
Ethiopia,ETH,1975,7.079
Ethiopia,ETH,1974,7.018
Ethiopia,ETH,1973,6.962
Ethiopia,ETH,1972,6.895
Ethiopia,ETH,1971,6.838
Ethiopia,ETH,1970,6.782
Ethiopia,ETH,1969,6.719
Ethiopia,ETH,1968,6.7
Ethiopia,ETH,1967,6.684
Ethiopia,ETH,1966,6.661
Ethiopia,ETH,1965,6.63
Ethiopia,ETH,1964,6.612
Ethiopia,ETH,1963,6.586
Ethiopia,ETH,1962,6.561
Ethiopia,ETH,1961,6.533
Ethiopia,ETH,1960,6.514
Faroe Islands,FRO,2025,
Faroe Islands,FRO,2024,1.9129
Faroe Islands,FRO,2023,1.8676
Faroe Islands,FRO,2022,2.0788
Faroe Islands,FRO,2021,2.3109
Faroe Islands,FRO,2020,2.3301
Faroe Islands,FRO,2019,2.4187
Faroe Islands,FRO,2018,2.5015
Faroe Islands,FRO,2017,2.4684
Faroe Islands,FRO,2016,2.6078
Faroe Islands,FRO,2015,2.411
Faroe Islands,FRO,2014,2.5485
Faroe Islands,FRO,2013,2.5099
Faroe Islands,FRO,2012,2.5311
Faroe Islands,FRO,2011,2.2832
Faroe Islands,FRO,2010,2.5033
Faroe Islands,FRO,2009,2.3435
Faroe Islands,FRO,2008,2.5294
Faroe Islands,FRO,2007,2.5395
Faroe Islands,FRO,2006,2.4764
Faroe Islands,FRO,2005,2.6115
Faroe Islands,FRO,2004,2.5775
Faroe Islands,FRO,2003,2.5267
Faroe Islands,FRO,2002,2.5436
Faroe Islands,FRO,2001,2.297
Faroe Islands,FRO,2000,2.5604
Faroe Islands,FRO,1999,2.3082
Faroe Islands,FRO,1998,2.3163
Faroe Islands,FRO,1997,2.4921
Faroe Islands,FRO,1996,2.5692
Faroe Islands,FRO,1995,2.4177
Faroe Islands,FRO,1994,2.39
Faroe Islands,FRO,1993,2.5136
Faroe Islands,FRO,1992,2.5236
Faroe Islands,FRO,1991,2.6341
Faroe Islands,FRO,1990,2.8093
Faroe Islands,FRO,1989,2.7128
Faroe Islands,FRO,1988,2.5583
Faroe Islands,FRO,1987,2.3514
Faroe Islands,FRO,1986,2.4244
Faroe Islands,FRO,1985,2.3053
Faroe Islands,FRO,1984,2.167
Faroe Islands,FRO,1983,2.161
Faroe Islands,FRO,1982,2.348
Faroe Islands,FRO,1981,2.467
Faroe Islands,FRO,1980,2.463
Faroe Islands,FRO,1979,2.696
Faroe Islands,FRO,1978,2.597
Faroe Islands,FRO,1977,2.684
Faroe Islands,FRO,1976,2.738
Faroe Islands,FRO,1975,2.902
Faroe Islands,FRO,1974,3.065
Faroe Islands,FRO,1973,3.22
Faroe Islands,FRO,1972,3.256
Faroe Islands,FRO,1971,3.215
Faroe Islands,FRO,1970,3.418
Faroe Islands,FRO,1969,3.564
Faroe Islands,FRO,1968,3.856
Faroe Islands,FRO,1967,3.978
Faroe Islands,FRO,1966,4.044
Faroe Islands,FRO,1965,4.086
Faroe Islands,FRO,1964,3.975
Faroe Islands,FRO,1963,3.896
Faroe Islands,FRO,1962,3.835
Faroe Islands,FRO,1961,3.757
Faroe Islands,FRO,1960,3.854
Fiji,FJI,2025,
Fiji,FJI,2024,2.27
Fiji,FJI,2023,2.281
Fiji,FJI,2022,2.305
Fiji,FJI,2021,2.332
Fiji,FJI,2020,2.357
Fiji,FJI,2019,2.385
Fiji,FJI,2018,2.419
Fiji,FJI,2017,2.461
Fiji,FJI,2016,2.518
Fiji,FJI,2015,2.567
Fiji,FJI,2014,2.591
Fiji,FJI,2013,2.604
Fiji,FJI,2012,2.612
Fiji,FJI,2011,2.631
Fiji,FJI,2010,2.696
Fiji,FJI,2009,2.76
Fiji,FJI,2008,2.819
Fiji,FJI,2007,2.872
Fiji,FJI,2006,2.905
Fiji,FJI,2005,2.917
Fiji,FJI,2004,2.941
Fiji,FJI,2003,2.957
Fiji,FJI,2002,2.968
Fiji,FJI,2001,2.973
Fiji,FJI,2000,2.992
Fiji,FJI,1999,3.051
Fiji,FJI,1998,3.118
Fiji,FJI,1997,3.188
Fiji,FJI,1996,3.248
Fiji,FJI,1995,3.251
Fiji,FJI,1994,3.258
Fiji,FJI,1993,3.293
Fiji,FJI,1992,3.331
Fiji,FJI,1991,3.365
Fiji,FJI,1990,3.386
Fiji,FJI,1989,3.398
Fiji,FJI,1988,3.432
Fiji,FJI,1987,3.478
Fiji,FJI,1986,3.535
Fiji,FJI,1985,3.663
Fiji,FJI,1984,3.796
Fiji,FJI,1983,3.877
Fiji,FJI,1982,3.941
Fiji,FJI,1981,3.991
Fiji,FJI,1980,4.038
Fiji,FJI,1979,4.078
Fiji,FJI,1978,4.098
Fiji,FJI,1977,4.108
Fiji,FJI,1976,4.123
Fiji,FJI,1975,4.104
Fiji,FJI,1974,4.068
Fiji,FJI,1973,4.158
Fiji,FJI,1972,4.316
Fiji,FJI,1971,4.51
Fiji,FJI,1970,4.708
Fiji,FJI,1969,4.905
Fiji,FJI,1968,5.113
Fiji,FJI,1967,5.333
Fiji,FJI,1966,5.546
Fiji,FJI,1965,5.763
Fiji,FJI,1964,5.96
Fiji,FJI,1963,6.088
Fiji,FJI,1962,6.198
Fiji,FJI,1961,6.284
Fiji,FJI,1960,6.364
Finland,FIN,2025,
Finland,FIN,2024,1.25
Finland,FIN,2023,1.26
Finland,FIN,2022,1.32
Finland,FIN,2021,1.46
Finland,FIN,2020,1.37
Finland,FIN,2019,1.35
Finland,FIN,2018,1.41
Finland,FIN,2017,1.49
Finland,FIN,2016,1.57
Finland,FIN,2015,1.65
Finland,FIN,2014,1.71
Finland,FIN,2013,1.75
Finland,FIN,2012,1.8
Finland,FIN,2011,1.83
Finland,FIN,2010,1.87
Finland,FIN,2009,1.86
Finland,FIN,2008,1.85
Finland,FIN,2007,1.83
Finland,FIN,2006,1.84
Finland,FIN,2005,1.8
Finland,FIN,2004,1.8
Finland,FIN,2003,1.76
Finland,FIN,2002,1.72
Finland,FIN,2001,1.73
Finland,FIN,2000,1.73
Finland,FIN,1999,1.73
Finland,FIN,1998,1.7
Finland,FIN,1997,1.75
Finland,FIN,1996,1.78
Finland,FIN,1995,1.81
Finland,FIN,1994,1.85
Finland,FIN,1993,1.81
Finland,FIN,1992,1.85
Finland,FIN,1991,1.79
Finland,FIN,1990,1.78
Finland,FIN,1989,1.71
Finland,FIN,1988,1.69
Finland,FIN,1987,1.59
Finland,FIN,1986,1.6
Finland,FIN,1985,1.64
Finland,FIN,1984,1.69
Finland,FIN,1983,1.74
Finland,FIN,1982,1.71
Finland,FIN,1981,1.64
Finland,FIN,1980,1.63
Finland,FIN,1979,1.64
Finland,FIN,1978,1.64
Finland,FIN,1977,1.68
Finland,FIN,1976,1.7
Finland,FIN,1975,1.68
Finland,FIN,1974,1.61
Finland,FIN,1973,1.49
Finland,FIN,1972,1.58
Finland,FIN,1971,1.68
Finland,FIN,1970,1.83
Finland,FIN,1969,1.93
Finland,FIN,1968,2.14
Finland,FIN,1967,2.32
Finland,FIN,1966,2.41
Finland,FIN,1965,2.48
Finland,FIN,1964,2.59
Finland,FIN,1963,2.68
Finland,FIN,1962,2.68
Finland,FIN,1961,2.72
Finland,FIN,1960,2.72
France,FRA,2025,
France,FRA,2024,1.61
France,FRA,2023,1.66
France,FRA,2022,1.78
France,FRA,2021,1.83
France,FRA,2020,1.82
France,FRA,2019,1.86
France,FRA,2018,1.87
France,FRA,2017,1.89
France,FRA,2016,1.92
France,FRA,2015,1.96
France,FRA,2014,2.0
France,FRA,2013,1.99
France,FRA,2012,2.01
France,FRA,2011,2.01
France,FRA,2010,2.03
France,FRA,2009,2.0
France,FRA,2008,2.01
France,FRA,2007,1.98
France,FRA,2006,2.0
France,FRA,2005,1.94
France,FRA,2004,1.92
France,FRA,2003,1.89
France,FRA,2002,1.88
France,FRA,2001,1.9
France,FRA,2000,1.89
France,FRA,1999,1.81
France,FRA,1998,1.78
France,FRA,1997,1.77
France,FRA,1996,1.75
France,FRA,1995,1.74
France,FRA,1994,1.73
France,FRA,1993,1.73
France,FRA,1992,1.74
France,FRA,1991,1.75
France,FRA,1990,1.77
France,FRA,1989,1.79
France,FRA,1988,1.81
France,FRA,1987,1.83
France,FRA,1986,1.85
France,FRA,1985,1.86
France,FRA,1984,1.86
France,FRA,1983,1.86
France,FRA,1982,1.86
France,FRA,1981,1.85
France,FRA,1980,1.85
France,FRA,1979,1.87
France,FRA,1978,1.89
France,FRA,1977,1.94
France,FRA,1976,2.01
France,FRA,1975,2.09
France,FRA,1974,2.18
France,FRA,1973,2.28
France,FRA,1972,2.38
France,FRA,1971,2.47
France,FRA,1970,2.55
France,FRA,1969,2.62
France,FRA,1968,2.69
France,FRA,1967,2.75
France,FRA,1966,2.8
France,FRA,1965,2.84
France,FRA,1964,2.87
France,FRA,1963,2.89
France,FRA,1962,2.89
France,FRA,1961,2.87
France,FRA,1960,2.85
French Polynesia,PYF,2025,
French Polynesia,PYF,2024,1.491
French Polynesia,PYF,2023,1.501
French Polynesia,PYF,2022,1.515
French Polynesia,PYF,2021,1.532
French Polynesia,PYF,2020,1.57
French Polynesia,PYF,2019,1.567
French Polynesia,PYF,2018,1.645
French Polynesia,PYF,2017,1.669
French Polynesia,PYF,2016,1.763
French Polynesia,PYF,2015,1.872
French Polynesia,PYF,2014,1.957
French Polynesia,PYF,2013,1.937
French Polynesia,PYF,2012,2.026
French Polynesia,PYF,2011,2.061
French Polynesia,PYF,2010,2.165
French Polynesia,PYF,2009,2.148
French Polynesia,PYF,2008,2.195
French Polynesia,PYF,2007,2.122
French Polynesia,PYF,2006,2.217
French Polynesia,PYF,2005,2.181
French Polynesia,PYF,2004,2.198
French Polynesia,PYF,2003,2.26
French Polynesia,PYF,2002,2.425
French Polynesia,PYF,2001,2.523
French Polynesia,PYF,2000,2.596
French Polynesia,PYF,1999,2.581
French Polynesia,PYF,1998,2.49
French Polynesia,PYF,1997,2.59
French Polynesia,PYF,1996,2.716
French Polynesia,PYF,1995,2.781
French Polynesia,PYF,1994,2.942
French Polynesia,PYF,1993,3.084
French Polynesia,PYF,1992,3.15
French Polynesia,PYF,1991,3.259
French Polynesia,PYF,1990,3.434
French Polynesia,PYF,1989,3.49
French Polynesia,PYF,1988,3.748
French Polynesia,PYF,1987,3.622
French Polynesia,PYF,1986,3.714
French Polynesia,PYF,1985,3.862
French Polynesia,PYF,1984,3.834
French Polynesia,PYF,1983,3.743
French Polynesia,PYF,1982,3.797
French Polynesia,PYF,1981,3.934
French Polynesia,PYF,1980,3.935
French Polynesia,PYF,1979,3.941
French Polynesia,PYF,1978,4.045
French Polynesia,PYF,1977,4.366
French Polynesia,PYF,1976,4.512
French Polynesia,PYF,1975,4.713
French Polynesia,PYF,1974,4.906
French Polynesia,PYF,1973,5.091
French Polynesia,PYF,1972,5.272
French Polynesia,PYF,1971,5.446
French Polynesia,PYF,1970,5.628
French Polynesia,PYF,1969,5.818
French Polynesia,PYF,1968,5.9
French Polynesia,PYF,1967,5.951
French Polynesia,PYF,1966,5.981
French Polynesia,PYF,1965,6.0
French Polynesia,PYF,1964,5.98
French Polynesia,PYF,1963,5.975
French Polynesia,PYF,1962,5.968
French Polynesia,PYF,1961,5.946
French Polynesia,PYF,1960,5.931
Gabon,GAB,2025,
Gabon,GAB,2024,3.592
Gabon,GAB,2023,3.647
Gabon,GAB,2022,3.712
Gabon,GAB,2021,3.776
Gabon,GAB,2020,3.831
Gabon,GAB,2019,3.884
Gabon,GAB,2018,3.908
Gabon,GAB,2017,3.913
Gabon,GAB,2016,3.921
Gabon,GAB,2015,3.921
Gabon,GAB,2014,3.953
Gabon,GAB,2013,4.019
Gabon,GAB,2012,4.086
Gabon,GAB,2011,4.151
Gabon,GAB,2010,4.153
Gabon,GAB,2009,4.138
Gabon,GAB,2008,4.118
Gabon,GAB,2007,4.142
Gabon,GAB,2006,4.17
Gabon,GAB,2005,4.21
Gabon,GAB,2004,4.252
Gabon,GAB,2003,4.299
Gabon,GAB,2002,4.36
Gabon,GAB,2001,4.417
Gabon,GAB,2000,4.469
Gabon,GAB,1999,4.502
Gabon,GAB,1998,4.576
Gabon,GAB,1997,4.657
Gabon,GAB,1996,4.742
Gabon,GAB,1995,4.884
Gabon,GAB,1994,5.044
Gabon,GAB,1993,5.186
Gabon,GAB,1992,5.289
Gabon,GAB,1991,5.373
Gabon,GAB,1990,5.459
Gabon,GAB,1989,5.55
Gabon,GAB,1988,5.623
Gabon,GAB,1987,5.667
Gabon,GAB,1986,5.688
Gabon,GAB,1985,5.713
Gabon,GAB,1984,5.733
Gabon,GAB,1983,5.759
Gabon,GAB,1982,5.74
Gabon,GAB,1981,5.726
Gabon,GAB,1980,5.664
Gabon,GAB,1979,5.608
Gabon,GAB,1978,5.568
Gabon,GAB,1977,5.516
Gabon,GAB,1976,5.457
Gabon,GAB,1975,5.391
Gabon,GAB,1974,5.327
Gabon,GAB,1973,5.287
Gabon,GAB,1972,5.237
Gabon,GAB,1971,5.163
Gabon,GAB,1970,5.097
Gabon,GAB,1969,5.049
Gabon,GAB,1968,4.984
Gabon,GAB,1967,4.919
Gabon,GAB,1966,4.861
Gabon,GAB,1965,4.785
Gabon,GAB,1964,4.713
Gabon,GAB,1963,4.649
Gabon,GAB,1962,4.587
Gabon,GAB,1961,4.504
Gabon,GAB,1960,4.422
"Gambia, The",GMB,2025,
"Gambia, The",GMB,2024,3.907
"Gambia, The",GMB,2023,4.006
"Gambia, The",GMB,2022,4.078
"Gambia, The",GMB,2021,4.165
"Gambia, The",GMB,2020,4.248
"Gambia, The",GMB,2019,4.33
"Gambia, The",GMB,2018,4.42
"Gambia, The",GMB,2017,4.614
"Gambia, The",GMB,2016,4.809
"Gambia, The",GMB,2015,5.003
"Gambia, The",GMB,2014,5.197
"Gambia, The",GMB,2013,5.392
"Gambia, The",GMB,2012,5.519
"Gambia, The",GMB,2011,5.542
"Gambia, The",GMB,2010,5.558
"Gambia, The",GMB,2009,5.574
"Gambia, The",GMB,2008,5.625
"Gambia, The",GMB,2007,5.685
"Gambia, The",GMB,2006,5.736
"Gambia, The",GMB,2005,5.708
"Gambia, The",GMB,2004,5.683
"Gambia, The",GMB,2003,5.656
"Gambia, The",GMB,2002,5.656
"Gambia, The",GMB,2001,5.67
"Gambia, The",GMB,2000,5.716
"Gambia, The",GMB,1999,5.772
"Gambia, The",GMB,1998,5.818
"Gambia, The",GMB,1997,5.851
"Gambia, The",GMB,1996,5.925
"Gambia, The",GMB,1995,5.994
"Gambia, The",GMB,1994,6.035
"Gambia, The",GMB,1993,6.034
"Gambia, The",GMB,1992,6.111
"Gambia, The",GMB,1991,6.191
"Gambia, The",GMB,1990,6.246
"Gambia, The",GMB,1989,6.254
"Gambia, The",GMB,1988,6.258
"Gambia, The",GMB,1987,6.3
"Gambia, The",GMB,1986,6.344
"Gambia, The",GMB,1985,6.357
"Gambia, The",GMB,1984,6.385
"Gambia, The",GMB,1983,6.393
"Gambia, The",GMB,1982,6.396
"Gambia, The",GMB,1981,6.399
"Gambia, The",GMB,1980,6.414
"Gambia, The",GMB,1979,6.411
"Gambia, The",GMB,1978,6.421
"Gambia, The",GMB,1977,6.433
"Gambia, The",GMB,1976,6.434
"Gambia, The",GMB,1975,6.428
"Gambia, The",GMB,1974,6.415
"Gambia, The",GMB,1973,6.405
"Gambia, The",GMB,1972,6.366
"Gambia, The",GMB,1971,6.33
"Gambia, The",GMB,1970,6.257
"Gambia, The",GMB,1969,6.246
"Gambia, The",GMB,1968,6.221
"Gambia, The",GMB,1967,6.206
"Gambia, The",GMB,1966,6.183
"Gambia, The",GMB,1965,6.192
"Gambia, The",GMB,1964,6.195
"Gambia, The",GMB,1963,6.202
"Gambia, The",GMB,1962,6.213
"Gambia, The",GMB,1961,6.228
"Gambia, The",GMB,1960,6.246
Georgia,GEO,2025,
Georgia,GEO,2024,1.802
Georgia,GEO,2023,1.81
Georgia,GEO,2022,1.82
Georgia,GEO,2021,1.98
Georgia,GEO,2020,1.976
Georgia,GEO,2019,2.021
Georgia,GEO,2018,2.093
Georgia,GEO,2017,2.136
Georgia,GEO,2016,2.228
Georgia,GEO,2015,2.214
Georgia,GEO,2014,2.18
Georgia,GEO,2013,1.993
Georgia,GEO,2012,1.929
Georgia,GEO,2011,1.915
Georgia,GEO,2010,1.973
Georgia,GEO,2009,1.993
Georgia,GEO,2008,1.832
Georgia,GEO,2007,1.697
Georgia,GEO,2006,1.617
Georgia,GEO,2005,1.583
Georgia,GEO,2004,1.566
Georgia,GEO,2003,1.552
Georgia,GEO,2002,1.571
Georgia,GEO,2001,1.579
Georgia,GEO,2000,1.609
Georgia,GEO,1999,1.643
Georgia,GEO,1998,1.703
Georgia,GEO,1997,1.728
Georgia,GEO,1996,1.759
Georgia,GEO,1995,1.807
Georgia,GEO,1994,1.835
Georgia,GEO,1993,1.912
Georgia,GEO,1992,2.045
Georgia,GEO,1991,2.208
Georgia,GEO,1990,2.306
Georgia,GEO,1989,2.322
Georgia,GEO,1988,2.318
Georgia,GEO,1987,2.319
Georgia,GEO,1986,2.38
Georgia,GEO,1985,2.399
Georgia,GEO,1984,2.378
Georgia,GEO,1983,2.339
Georgia,GEO,1982,2.312
Georgia,GEO,1981,2.33
Georgia,GEO,1980,2.347
Georgia,GEO,1979,2.382
Georgia,GEO,1978,2.417
Georgia,GEO,1977,2.441
Georgia,GEO,1976,2.51
Georgia,GEO,1975,2.552
Georgia,GEO,1974,2.565
Georgia,GEO,1973,2.617
Georgia,GEO,1972,2.674
Georgia,GEO,1971,2.707
Georgia,GEO,1970,2.695
Georgia,GEO,1969,2.687
Georgia,GEO,1968,2.689
Georgia,GEO,1967,2.743
Georgia,GEO,1966,2.728
Georgia,GEO,1965,2.774
Georgia,GEO,1964,2.891
Georgia,GEO,1963,2.949
Georgia,GEO,1962,2.937
Georgia,GEO,1961,2.943
Georgia,GEO,1960,2.942
Germany,DEU,2025,
Germany,DEU,2024,1.36
Germany,DEU,2023,1.39
Germany,DEU,2022,1.455
Germany,DEU,2021,1.58
Germany,DEU,2020,1.53
Germany,DEU,2019,1.54
Germany,DEU,2018,1.57
Germany,DEU,2017,1.57
Germany,DEU,2016,1.6
Germany,DEU,2015,1.5
Germany,DEU,2014,1.47
Germany,DEU,2013,1.42
Germany,DEU,2012,1.41
Germany,DEU,2011,1.39
Germany,DEU,2010,1.39
Germany,DEU,2009,1.36
Germany,DEU,2008,1.38
Germany,DEU,2007,1.37
Germany,DEU,2006,1.33
Germany,DEU,2005,1.34
Germany,DEU,2004,1.36
Germany,DEU,2003,1.34
Germany,DEU,2002,1.34
Germany,DEU,2001,1.35
Germany,DEU,2000,1.38
Germany,DEU,1999,1.36
Germany,DEU,1998,1.36
Germany,DEU,1997,1.35
Germany,DEU,1996,1.3
Germany,DEU,1995,1.25
Germany,DEU,1994,1.24
Germany,DEU,1993,1.28
Germany,DEU,1992,1.29
Germany,DEU,1991,1.33
Germany,DEU,1990,1.45
Germany,DEU,1989,1.42
Germany,DEU,1988,1.46
Germany,DEU,1987,1.43
Germany,DEU,1986,1.43
Germany,DEU,1985,1.37
Germany,DEU,1984,1.29
Germany,DEU,1983,1.33
Germany,DEU,1982,1.41
Germany,DEU,1981,1.43
Germany,DEU,1980,1.44
Germany,DEU,1979,1.38
Germany,DEU,1978,1.38
Germany,DEU,1977,1.4
Germany,DEU,1976,1.45
Germany,DEU,1975,1.45
Germany,DEU,1974,1.51
Germany,DEU,1973,1.54
Germany,DEU,1972,1.71
Germany,DEU,1971,1.92
Germany,DEU,1970,2.03
Germany,DEU,1969,2.21
Germany,DEU,1968,2.38
Germany,DEU,1967,2.48
Germany,DEU,1966,2.53
Germany,DEU,1965,2.5
Germany,DEU,1964,2.54
Germany,DEU,1963,2.51
Germany,DEU,1962,2.44
Germany,DEU,1961,2.45
Germany,DEU,1960,2.37
Ghana,GHA,2025,
Ghana,GHA,2024,3.344
Ghana,GHA,2023,3.397
Ghana,GHA,2022,3.434
Ghana,GHA,2021,3.492
Ghana,GHA,2020,3.541
Ghana,GHA,2019,3.593
Ghana,GHA,2018,3.65
Ghana,GHA,2017,3.715
Ghana,GHA,2016,3.873
Ghana,GHA,2015,3.982
Ghana,GHA,2014,4.029
Ghana,GHA,2013,4.114
Ghana,GHA,2012,4.154
Ghana,GHA,2011,4.177
Ghana,GHA,2010,4.181
Ghana,GHA,2009,4.179
Ghana,GHA,2008,4.217
Ghana,GHA,2007,4.288
Ghana,GHA,2006,4.399
Ghana,GHA,2005,4.496
Ghana,GHA,2004,4.504
Ghana,GHA,2003,4.597
Ghana,GHA,2002,4.687
Ghana,GHA,2001,4.768
Ghana,GHA,2000,4.827
Ghana,GHA,1999,4.822
Ghana,GHA,1998,4.829
Ghana,GHA,1997,4.884
Ghana,GHA,1996,4.959
Ghana,GHA,1995,5.106
Ghana,GHA,1994,5.254
Ghana,GHA,1993,5.414
Ghana,GHA,1992,5.517
Ghana,GHA,1991,5.63
Ghana,GHA,1990,5.737
Ghana,GHA,1989,5.818
Ghana,GHA,1988,5.922
Ghana,GHA,1987,6.022
Ghana,GHA,1986,6.084
Ghana,GHA,1985,6.119
Ghana,GHA,1984,6.153
Ghana,GHA,1983,6.227
Ghana,GHA,1982,6.312
Ghana,GHA,1981,6.415
Ghana,GHA,1980,6.474
Ghana,GHA,1979,6.513
Ghana,GHA,1978,6.564
Ghana,GHA,1977,6.637
Ghana,GHA,1976,6.703
Ghana,GHA,1975,6.762
Ghana,GHA,1974,6.822
Ghana,GHA,1973,6.872
Ghana,GHA,1972,6.916
Ghana,GHA,1971,6.946
Ghana,GHA,1970,6.952
Ghana,GHA,1969,6.954
Ghana,GHA,1968,6.892
Ghana,GHA,1967,6.893
Ghana,GHA,1966,6.862
Ghana,GHA,1965,6.88
Ghana,GHA,1964,6.902
Ghana,GHA,1963,6.936
Ghana,GHA,1962,6.942
Ghana,GHA,1961,6.912
Ghana,GHA,1960,6.89
Gibraltar,GIB,2025,
Gibraltar,GIB,2024,1.885
Gibraltar,GIB,2023,1.888
Gibraltar,GIB,2022,1.895
Gibraltar,GIB,2021,1.899
Gibraltar,GIB,2020,1.907
Gibraltar,GIB,2019,1.912
Gibraltar,GIB,2018,1.921
Gibraltar,GIB,2017,1.93
Gibraltar,GIB,2016,1.94
Gibraltar,GIB,2015,2.074
Gibraltar,GIB,2014,2.084
Gibraltar,GIB,2013,2.099
Gibraltar,GIB,2012,1.999
Gibraltar,GIB,2011,1.974
Gibraltar,GIB,2010,1.954
Gibraltar,GIB,2009,1.926
Gibraltar,GIB,2008,1.903
Gibraltar,GIB,2007,1.852
Gibraltar,GIB,2006,1.802
Gibraltar,GIB,2005,1.754
Gibraltar,GIB,2004,1.689
Gibraltar,GIB,2003,1.634
Gibraltar,GIB,2002,1.683
Gibraltar,GIB,2001,2.104
Gibraltar,GIB,2000,2.185
Gibraltar,GIB,1999,2.189
Gibraltar,GIB,1998,2.204
Gibraltar,GIB,1997,2.233
Gibraltar,GIB,1996,2.251
Gibraltar,GIB,1995,2.334
Gibraltar,GIB,1994,2.38
Gibraltar,GIB,1993,2.42
Gibraltar,GIB,1992,2.443
Gibraltar,GIB,1991,2.431
Gibraltar,GIB,1990,2.39
Gibraltar,GIB,1989,2.353
Gibraltar,GIB,1988,2.345
Gibraltar,GIB,1987,2.35
Gibraltar,GIB,1986,2.356
Gibraltar,GIB,1985,2.371
Gibraltar,GIB,1984,2.398
Gibraltar,GIB,1983,2.436
Gibraltar,GIB,1982,2.491
Gibraltar,GIB,1981,2.534
Gibraltar,GIB,1980,2.567
Gibraltar,GIB,1979,2.523
Gibraltar,GIB,1978,2.486
Gibraltar,GIB,1977,2.468
Gibraltar,GIB,1976,2.479
Gibraltar,GIB,1975,2.527
Gibraltar,GIB,1974,2.596
Gibraltar,GIB,1973,2.671
Gibraltar,GIB,1972,2.788
Gibraltar,GIB,1971,2.944
Gibraltar,GIB,1970,2.948
Gibraltar,GIB,1969,2.949
Gibraltar,GIB,1968,2.98
Gibraltar,GIB,1967,3.183
Gibraltar,GIB,1966,3.604
Gibraltar,GIB,1965,3.989
Gibraltar,GIB,1964,4.26
Gibraltar,GIB,1963,4.061
Gibraltar,GIB,1962,3.528
Gibraltar,GIB,1961,3.26
Gibraltar,GIB,1960,3.102
Greece,GRC,2025,
Greece,GRC,2024,1.24
Greece,GRC,2023,1.26
Greece,GRC,2022,1.32
Greece,GRC,2021,1.43
Greece,GRC,2020,1.39
Greece,GRC,2019,1.34
Greece,GRC,2018,1.35
Greece,GRC,2017,1.35
Greece,GRC,2016,1.38
Greece,GRC,2015,1.33
Greece,GRC,2014,1.3
Greece,GRC,2013,1.29
Greece,GRC,2012,1.34
Greece,GRC,2011,1.4
Greece,GRC,2010,1.48
Greece,GRC,2009,1.5
Greece,GRC,2008,1.5
Greece,GRC,2007,1.41
Greece,GRC,2006,1.4
Greece,GRC,2005,1.34
Greece,GRC,2004,1.31
Greece,GRC,2003,1.29
Greece,GRC,2002,1.28
Greece,GRC,2001,1.25
Greece,GRC,2000,1.25
Greece,GRC,1999,1.23
Greece,GRC,1998,1.24
Greece,GRC,1997,1.27
Greece,GRC,1996,1.26
Greece,GRC,1995,1.28
Greece,GRC,1994,1.33
Greece,GRC,1993,1.32
Greece,GRC,1992,1.36
Greece,GRC,1991,1.37
Greece,GRC,1990,1.39
Greece,GRC,1989,1.4
Greece,GRC,1988,1.5
Greece,GRC,1987,1.5
Greece,GRC,1986,1.6
Greece,GRC,1985,1.67
Greece,GRC,1984,1.83
Greece,GRC,1983,1.94
Greece,GRC,1982,2.03
Greece,GRC,1981,2.09
Greece,GRC,1980,2.23
Greece,GRC,1979,2.26
Greece,GRC,1978,2.28
Greece,GRC,1977,2.27
Greece,GRC,1976,2.35
Greece,GRC,1975,2.33
Greece,GRC,1974,2.38
Greece,GRC,1973,2.27
Greece,GRC,1972,2.32
Greece,GRC,1971,2.32
Greece,GRC,1970,2.4
Greece,GRC,1969,2.36
Greece,GRC,1968,2.42
Greece,GRC,1967,2.45
Greece,GRC,1966,2.32
Greece,GRC,1965,2.25
Greece,GRC,1964,2.24
Greece,GRC,1963,2.14
Greece,GRC,1962,2.16
Greece,GRC,1961,2.13
Greece,GRC,1960,2.23
Greenland,GRL,2025,
Greenland,GRL,2024,1.706
Greenland,GRL,2023,1.769
Greenland,GRL,2022,1.818
Greenland,GRL,2021,1.82
Greenland,GRL,2020,2.109
Greenland,GRL,2019,2.115
Greenland,GRL,2018,2.024
Greenland,GRL,2017,2.125
Greenland,GRL,2016,2.066
Greenland,GRL,2015,2.116
Greenland,GRL,2014,1.987
Greenland,GRL,2013,2.069
Greenland,GRL,2012,2.006
Greenland,GRL,2011,2.097
Greenland,GRL,2010,2.184
Greenland,GRL,2009,2.344
Greenland,GRL,2008,2.249
Greenland,GRL,2007,2.223
Greenland,GRL,2006,2.28
Greenland,GRL,2005,2.326
Greenland,GRL,2004,2.442
Greenland,GRL,2003,2.328
Greenland,GRL,2002,2.613
Greenland,GRL,2001,2.506
Greenland,GRL,2000,2.406
Greenland,GRL,1999,2.475
Greenland,GRL,1998,2.491
Greenland,GRL,1997,2.78
Greenland,GRL,1996,2.521
Greenland,GRL,1995,2.545
Greenland,GRL,1994,2.524
Greenland,GRL,1993,2.578
Greenland,GRL,1992,2.607
Greenland,GRL,1991,2.421
Greenland,GRL,1990,2.444
Greenland,GRL,1989,2.299
Greenland,GRL,1988,2.317
Greenland,GRL,1987,2.083
Greenland,GRL,1986,2.044
Greenland,GRL,1985,2.241
Greenland,GRL,1984,2.107
Greenland,GRL,1983,2.054
Greenland,GRL,1982,2.236
Greenland,GRL,1981,2.332
Greenland,GRL,1980,2.435
Greenland,GRL,1979,2.187
Greenland,GRL,1978,2.197
Greenland,GRL,1977,2.349
Greenland,GRL,1976,2.255
Greenland,GRL,1975,2.345
Greenland,GRL,1974,2.45
Greenland,GRL,1973,2.739
Greenland,GRL,1972,3.012
Greenland,GRL,1971,3.202
Greenland,GRL,1970,3.541
Greenland,GRL,1969,4.209
Greenland,GRL,1968,4.928
Greenland,GRL,1967,5.545
Greenland,GRL,1966,6.031
Greenland,GRL,1965,6.419
Greenland,GRL,1964,6.654
Greenland,GRL,1963,6.757
Greenland,GRL,1962,6.785
Greenland,GRL,1961,6.781
Greenland,GRL,1960,6.686
Grenada,GRD,2025,
Grenada,GRD,2024,1.472
Grenada,GRD,2023,1.487
Grenada,GRD,2022,1.502
Grenada,GRD,2021,1.517
Grenada,GRD,2020,1.532
Grenada,GRD,2019,1.542
Grenada,GRD,2018,1.53
Grenada,GRD,2017,1.438
Grenada,GRD,2016,1.616
Grenada,GRD,2015,1.715
Grenada,GRD,2014,1.799
Grenada,GRD,2013,1.913
Grenada,GRD,2012,1.967
Grenada,GRD,2011,2.006
Grenada,GRD,2010,2.038
Grenada,GRD,2009,2.078
Grenada,GRD,2008,2.116
Grenada,GRD,2007,2.154
Grenada,GRD,2006,2.195
Grenada,GRD,2005,2.242
Grenada,GRD,2004,2.285
Grenada,GRD,2003,2.332
Grenada,GRD,2002,2.378
Grenada,GRD,2001,2.421
Grenada,GRD,2000,2.441
Grenada,GRD,1999,2.392
Grenada,GRD,1998,2.494
Grenada,GRD,1997,2.803
Grenada,GRD,1996,2.848
Grenada,GRD,1995,2.822
Grenada,GRD,1994,2.794
Grenada,GRD,1993,2.805
Grenada,GRD,1992,2.97
Grenada,GRD,1991,3.106
Grenada,GRD,1990,3.058
Grenada,GRD,1989,3.233
Grenada,GRD,1988,3.193
Grenada,GRD,1987,3.581
Grenada,GRD,1986,3.584
Grenada,GRD,1985,3.478
Grenada,GRD,1984,3.224
Grenada,GRD,1983,3.306
Grenada,GRD,1982,3.154
Grenada,GRD,1981,2.989
Grenada,GRD,1980,3.298
Grenada,GRD,1979,3.344
Grenada,GRD,1978,3.351
Grenada,GRD,1977,3.457
Grenada,GRD,1976,3.597
Grenada,GRD,1975,3.754
Grenada,GRD,1974,3.92
Grenada,GRD,1973,4.046
Grenada,GRD,1972,4.175
Grenada,GRD,1971,4.307
Grenada,GRD,1970,4.46
Grenada,GRD,1969,4.69
Grenada,GRD,1968,4.835
Grenada,GRD,1967,5.04
Grenada,GRD,1966,5.3
Grenada,GRD,1965,5.597
Grenada,GRD,1964,5.906
Grenada,GRD,1963,6.196
Grenada,GRD,1962,6.442
Grenada,GRD,1961,6.627
Grenada,GRD,1960,6.743
Guam,GUM,2025,
Guam,GUM,2024,2.748
Guam,GUM,2023,2.781
Guam,GUM,2022,2.819
Guam,GUM,2021,2.856
Guam,GUM,2020,2.895
Guam,GUM,2019,2.938
Guam,GUM,2018,2.995
Guam,GUM,2017,3.088
Guam,GUM,2016,3.171
Guam,GUM,2015,2.933
Guam,GUM,2014,2.946
Guam,GUM,2013,2.883
Guam,GUM,2012,3.117
Guam,GUM,2011,2.876
Guam,GUM,2010,2.973
Guam,GUM,2009,2.891
Guam,GUM,2008,2.905
Guam,GUM,2007,2.905
Guam,GUM,2006,2.807
Guam,GUM,2005,2.638
Guam,GUM,2004,2.772
Guam,GUM,2003,2.657
Guam,GUM,2002,2.582
Guam,GUM,2001,2.817
Guam,GUM,2000,2.915
Guam,GUM,1999,2.969
Guam,GUM,1998,3.008
Guam,GUM,1997,3.023
Guam,GUM,1996,3.033
Guam,GUM,1995,3.04
Guam,GUM,1994,3.044
Guam,GUM,1993,3.054
Guam,GUM,1992,3.042
Guam,GUM,1991,3.028
Guam,GUM,1990,3.015
Guam,GUM,1989,3.001
Guam,GUM,1988,2.986
Guam,GUM,1987,2.966
Guam,GUM,1986,2.934
Guam,GUM,1985,2.905
Guam,GUM,1984,2.855
Guam,GUM,1983,3.029
Guam,GUM,1982,2.912
Guam,GUM,1981,2.969
Guam,GUM,1980,3.039
Guam,GUM,1979,3.033
Guam,GUM,1978,3.105
Guam,GUM,1977,3.363
Guam,GUM,1976,3.534
Guam,GUM,1975,3.658
Guam,GUM,1974,3.764
Guam,GUM,1973,3.89
Guam,GUM,1972,4.046
Guam,GUM,1971,4.202
Guam,GUM,1970,4.343
Guam,GUM,1969,4.44
Guam,GUM,1968,4.346
Guam,GUM,1967,4.646
Guam,GUM,1966,5.072
Guam,GUM,1965,5.137
Guam,GUM,1964,5.393
Guam,GUM,1963,5.571
Guam,GUM,1962,5.899
Guam,GUM,1961,5.948
Guam,GUM,1960,5.969
Guatemala,GTM,2025,
Guatemala,GTM,2024,2.287
Guatemala,GTM,2023,2.311
Guatemala,GTM,2022,2.343
Guatemala,GTM,2021,2.388
Guatemala,GTM,2020,2.47
Guatemala,GTM,2019,2.593
Guatemala,GTM,2018,2.743
Guatemala,GTM,2017,2.857
Guatemala,GTM,2016,2.973
Guatemala,GTM,2015,3.029
Guatemala,GTM,2014,3.088
Guatemala,GTM,2013,3.151
Guatemala,GTM,2012,3.219
Guatemala,GTM,2011,3.292
Guatemala,GTM,2010,3.375
Guatemala,GTM,2009,3.465
Guatemala,GTM,2008,3.571
Guatemala,GTM,2007,3.716
Guatemala,GTM,2006,3.845
Guatemala,GTM,2005,3.974
Guatemala,GTM,2004,4.134
Guatemala,GTM,2003,4.25
Guatemala,GTM,2002,4.371
Guatemala,GTM,2001,4.502
Guatemala,GTM,2000,4.583
Guatemala,GTM,1999,4.687
Guatemala,GTM,1998,4.8
Guatemala,GTM,1997,4.906
Guatemala,GTM,1996,5.008
Guatemala,GTM,1995,5.105
Guatemala,GTM,1994,5.191
Guatemala,GTM,1993,5.254
Guatemala,GTM,1992,5.314
Guatemala,GTM,1991,5.377
Guatemala,GTM,1990,5.48
Guatemala,GTM,1989,5.559
Guatemala,GTM,1988,5.621
Guatemala,GTM,1987,5.639
Guatemala,GTM,1986,5.663
Guatemala,GTM,1985,5.729
Guatemala,GTM,1984,5.855
Guatemala,GTM,1983,5.976
Guatemala,GTM,1982,6.057
Guatemala,GTM,1981,6.121
Guatemala,GTM,1980,6.171
Guatemala,GTM,1979,6.216
Guatemala,GTM,1978,6.261
Guatemala,GTM,1977,6.319
Guatemala,GTM,1976,6.368
Guatemala,GTM,1975,6.41
Guatemala,GTM,1974,6.458
Guatemala,GTM,1973,6.487
Guatemala,GTM,1972,6.511
Guatemala,GTM,1971,6.546
Guatemala,GTM,1970,6.6
Guatemala,GTM,1969,6.646
Guatemala,GTM,1968,6.699
Guatemala,GTM,1967,6.755
Guatemala,GTM,1966,6.802
Guatemala,GTM,1965,6.839
Guatemala,GTM,1964,6.871
Guatemala,GTM,1963,6.899
Guatemala,GTM,1962,6.934
Guatemala,GTM,1961,6.979
Guatemala,GTM,1960,6.999
Guinea,GIN,2025,
Guinea,GIN,2024,4.131
Guinea,GIN,2023,4.217
Guinea,GIN,2022,4.303
Guinea,GIN,2021,4.399
Guinea,GIN,2020,4.489
Guinea,GIN,2019,4.576
Guinea,GIN,2018,4.669
Guinea,GIN,2017,4.793
Guinea,GIN,2016,4.915
Guinea,GIN,2015,5.002
Guinea,GIN,2014,5.07
Guinea,GIN,2013,5.151
Guinea,GIN,2012,5.232
Guinea,GIN,2011,5.337
Guinea,GIN,2010,5.435
Guinea,GIN,2009,5.528
Guinea,GIN,2008,5.596
Guinea,GIN,2007,5.664
Guinea,GIN,2006,5.704
Guinea,GIN,2005,5.727
Guinea,GIN,2004,5.733
Guinea,GIN,2003,5.744
Guinea,GIN,2002,5.781
Guinea,GIN,2001,5.834
Guinea,GIN,2000,5.918
Guinea,GIN,1999,5.985
Guinea,GIN,1998,6.051
Guinea,GIN,1997,6.123
Guinea,GIN,1996,6.205
Guinea,GIN,1995,6.288
Guinea,GIN,1994,6.358
Guinea,GIN,1993,6.409
Guinea,GIN,1992,6.453
Guinea,GIN,1991,6.484
Guinea,GIN,1990,6.515
Guinea,GIN,1989,6.548
Guinea,GIN,1988,6.561
Guinea,GIN,1987,6.571
Guinea,GIN,1986,6.548
Guinea,GIN,1985,6.527
Guinea,GIN,1984,6.512
Guinea,GIN,1983,6.487
Guinea,GIN,1982,6.487
Guinea,GIN,1981,6.459
Guinea,GIN,1980,6.459
Guinea,GIN,1979,6.45
Guinea,GIN,1978,6.44
Guinea,GIN,1977,6.434
Guinea,GIN,1976,6.4
Guinea,GIN,1975,6.367
Guinea,GIN,1974,6.336
Guinea,GIN,1973,6.308
Guinea,GIN,1972,6.283
Guinea,GIN,1971,6.262
Guinea,GIN,1970,6.243
Guinea,GIN,1969,6.228
Guinea,GIN,1968,6.214
Guinea,GIN,1967,6.202
Guinea,GIN,1966,6.19
Guinea,GIN,1965,6.178
Guinea,GIN,1964,6.166
Guinea,GIN,1963,6.153
Guinea,GIN,1962,6.14
Guinea,GIN,1961,6.126
Guinea,GIN,1960,6.112
Guinea-Bissau,GNB,2025,
Guinea-Bissau,GNB,2024,3.757
Guinea-Bissau,GNB,2023,3.836
Guinea-Bissau,GNB,2022,3.911
Guinea-Bissau,GNB,2021,3.998
Guinea-Bissau,GNB,2020,4.075
Guinea-Bissau,GNB,2019,4.153
Guinea-Bissau,GNB,2018,4.241
Guinea-Bissau,GNB,2017,4.347
Guinea-Bissau,GNB,2016,4.519
Guinea-Bissau,GNB,2015,4.661
Guinea-Bissau,GNB,2014,4.79
Guinea-Bissau,GNB,2013,4.93
Guinea-Bissau,GNB,2012,5.003
Guinea-Bissau,GNB,2011,5.067
Guinea-Bissau,GNB,2010,5.111
Guinea-Bissau,GNB,2009,5.176
Guinea-Bissau,GNB,2008,5.266
Guinea-Bissau,GNB,2007,5.365
Guinea-Bissau,GNB,2006,5.406
Guinea-Bissau,GNB,2005,5.46
Guinea-Bissau,GNB,2004,5.5
Guinea-Bissau,GNB,2003,5.577
Guinea-Bissau,GNB,2002,5.634
Guinea-Bissau,GNB,2001,5.688
Guinea-Bissau,GNB,2000,5.786
Guinea-Bissau,GNB,1999,5.871
Guinea-Bissau,GNB,1998,5.97
Guinea-Bissau,GNB,1997,6.06
Guinea-Bissau,GNB,1996,6.141
Guinea-Bissau,GNB,1995,6.223
Guinea-Bissau,GNB,1994,6.299
Guinea-Bissau,GNB,1993,6.369
Guinea-Bissau,GNB,1992,6.435
Guinea-Bissau,GNB,1991,6.474
Guinea-Bissau,GNB,1990,6.501
Guinea-Bissau,GNB,1989,6.663
Guinea-Bissau,GNB,1988,6.693
Guinea-Bissau,GNB,1987,6.717
Guinea-Bissau,GNB,1986,6.734
Guinea-Bissau,GNB,1985,6.739
Guinea-Bissau,GNB,1984,6.727
Guinea-Bissau,GNB,1983,6.694
Guinea-Bissau,GNB,1982,6.64
Guinea-Bissau,GNB,1981,6.569
Guinea-Bissau,GNB,1980,6.487
Guinea-Bissau,GNB,1979,6.401
Guinea-Bissau,GNB,1978,6.32
Guinea-Bissau,GNB,1977,6.249
Guinea-Bissau,GNB,1976,6.192
Guinea-Bissau,GNB,1975,6.15
Guinea-Bissau,GNB,1974,6.12
Guinea-Bissau,GNB,1973,6.098
Guinea-Bissau,GNB,1972,6.078
Guinea-Bissau,GNB,1971,6.06
Guinea-Bissau,GNB,1970,6.041
Guinea-Bissau,GNB,1969,6.024
Guinea-Bissau,GNB,1968,6.008
Guinea-Bissau,GNB,1967,5.994
Guinea-Bissau,GNB,1966,5.982
Guinea-Bissau,GNB,1965,5.971
Guinea-Bissau,GNB,1964,5.961
Guinea-Bissau,GNB,1963,5.951
Guinea-Bissau,GNB,1962,5.941
Guinea-Bissau,GNB,1961,5.931
Guinea-Bissau,GNB,1960,5.921
Guyana,GUY,2025,
Guyana,GUY,2024,2.395
Guyana,GUY,2023,2.412
Guyana,GUY,2022,2.437
Guyana,GUY,2021,2.462
Guyana,GUY,2020,2.491
Guyana,GUY,2019,2.521
Guyana,GUY,2018,2.553
Guyana,GUY,2017,2.593
Guyana,GUY,2016,2.634
Guyana,GUY,2015,2.667
Guyana,GUY,2014,2.695
Guyana,GUY,2013,2.711
Guyana,GUY,2012,2.701
Guyana,GUY,2011,2.694
Guyana,GUY,2010,2.684
Guyana,GUY,2009,2.694
Guyana,GUY,2008,2.697
Guyana,GUY,2007,2.681
Guyana,GUY,2006,2.659
Guyana,GUY,2005,2.648
Guyana,GUY,2004,2.681
Guyana,GUY,2003,2.75
Guyana,GUY,2002,2.844
Guyana,GUY,2001,2.958
Guyana,GUY,2000,3.057
Guyana,GUY,1999,3.125
Guyana,GUY,1998,3.182
Guyana,GUY,1997,3.221
Guyana,GUY,1996,3.23
Guyana,GUY,1995,3.238
Guyana,GUY,1994,3.226
Guyana,GUY,1993,3.199
Guyana,GUY,1992,3.188
Guyana,GUY,1991,3.183
Guyana,GUY,1990,3.181
Guyana,GUY,1989,3.186
Guyana,GUY,1988,3.228
Guyana,GUY,1987,3.305
Guyana,GUY,1986,3.381
Guyana,GUY,1985,3.47
Guyana,GUY,1984,3.541
Guyana,GUY,1983,3.637
Guyana,GUY,1982,3.678
Guyana,GUY,1981,3.719
Guyana,GUY,1980,3.77
Guyana,GUY,1979,3.86
Guyana,GUY,1978,3.967
Guyana,GUY,1977,4.116
Guyana,GUY,1976,4.28
Guyana,GUY,1975,4.45
Guyana,GUY,1974,4.638
Guyana,GUY,1973,4.866
Guyana,GUY,1972,5.077
Guyana,GUY,1971,5.257
Guyana,GUY,1970,5.411
Guyana,GUY,1969,5.581
Guyana,GUY,1968,5.751
Guyana,GUY,1967,5.888
Guyana,GUY,1966,6.021
Guyana,GUY,1965,6.135
Guyana,GUY,1964,6.232
Guyana,GUY,1963,6.307
Guyana,GUY,1962,6.333
Guyana,GUY,1961,6.339
Guyana,GUY,1960,6.331
Haiti,HTI,2025,
Haiti,HTI,2024,2.625
Haiti,HTI,2023,2.656
Haiti,HTI,2022,2.699
Haiti,HTI,2021,2.748
Haiti,HTI,2020,2.804
Haiti,HTI,2019,2.862
Haiti,HTI,2018,2.924
Haiti,HTI,2017,2.985
Haiti,HTI,2016,3.054
Haiti,HTI,2015,3.11
Haiti,HTI,2014,3.164
Haiti,HTI,2013,3.221
Haiti,HTI,2012,3.321
Haiti,HTI,2011,3.431
Haiti,HTI,2010,3.497
Haiti,HTI,2009,3.565
Haiti,HTI,2008,3.621
Haiti,HTI,2007,3.687
Haiti,HTI,2006,3.761
Haiti,HTI,2005,3.835
Haiti,HTI,2004,3.943
Haiti,HTI,2003,4.047
Haiti,HTI,2002,4.125
Haiti,HTI,2001,4.248
Haiti,HTI,2000,4.39
Haiti,HTI,1999,4.452
Haiti,HTI,1998,4.561
Haiti,HTI,1997,4.669
Haiti,HTI,1996,4.777
Haiti,HTI,1995,4.884
Haiti,HTI,1994,4.991
Haiti,HTI,1993,5.099
Haiti,HTI,1992,5.208
Haiti,HTI,1991,5.317
Haiti,HTI,1990,5.414
Haiti,HTI,1989,5.444
Haiti,HTI,1988,5.472
Haiti,HTI,1987,5.471
Haiti,HTI,1986,5.479
Haiti,HTI,1985,5.495
Haiti,HTI,1984,5.505
Haiti,HTI,1983,5.513
Haiti,HTI,1982,5.526
Haiti,HTI,1981,5.533
Haiti,HTI,1980,5.557
Haiti,HTI,1979,5.594
Haiti,HTI,1978,5.642
Haiti,HTI,1977,5.674
Haiti,HTI,1976,5.71
Haiti,HTI,1975,5.748
Haiti,HTI,1974,5.781
Haiti,HTI,1973,5.811
Haiti,HTI,1972,5.849
Haiti,HTI,1971,5.877
Haiti,HTI,1970,5.911
Haiti,HTI,1969,5.957
Haiti,HTI,1968,6.009
Haiti,HTI,1967,6.051
Haiti,HTI,1966,6.093
Haiti,HTI,1965,6.129
Haiti,HTI,1964,6.164
Haiti,HTI,1963,6.173
Haiti,HTI,1962,6.175
Haiti,HTI,1961,6.179
Haiti,HTI,1960,6.178
Honduras,HND,2025,
Honduras,HND,2024,2.476
Honduras,HND,2023,2.5
Honduras,HND,2022,2.522
Honduras,HND,2021,2.548
Honduras,HND,2020,2.577
Honduras,HND,2019,2.611
Honduras,HND,2018,2.645
Honduras,HND,2017,2.663
Honduras,HND,2016,2.704
Honduras,HND,2015,2.746
Honduras,HND,2014,2.793
Honduras,HND,2013,2.855
Honduras,HND,2012,2.927
Honduras,HND,2011,2.998
Honduras,HND,2010,3.078
Honduras,HND,2009,3.173
Honduras,HND,2008,3.26
Honduras,HND,2007,3.351
Honduras,HND,2006,3.449
Honduras,HND,2005,3.577
Honduras,HND,2004,3.71
Honduras,HND,2003,3.844
Honduras,HND,2002,4.0
Honduras,HND,2001,4.153
Honduras,HND,2000,4.289
Honduras,HND,1999,4.366
Honduras,HND,1998,4.473
Honduras,HND,1997,4.59
Honduras,HND,1996,4.713
Honduras,HND,1995,4.835
Honduras,HND,1994,4.935
Honduras,HND,1993,5.028
Honduras,HND,1992,5.113
Honduras,HND,1991,5.191
Honduras,HND,1990,5.271
Honduras,HND,1989,5.354
Honduras,HND,1988,5.468
Honduras,HND,1987,5.581
Honduras,HND,1986,5.7
Honduras,HND,1985,5.816
Honduras,HND,1984,5.935
Honduras,HND,1983,6.059
Honduras,HND,1982,6.179
Honduras,HND,1981,6.301
Honduras,HND,1980,6.418
Honduras,HND,1979,6.531
Honduras,HND,1978,6.634
Honduras,HND,1977,6.732
Honduras,HND,1976,6.814
Honduras,HND,1975,6.866
Honduras,HND,1974,6.913
Honduras,HND,1973,6.985
Honduras,HND,1972,7.058
Honduras,HND,1971,7.113
Honduras,HND,1970,7.172
Honduras,HND,1969,7.228
Honduras,HND,1968,7.295
Honduras,HND,1967,7.359
Honduras,HND,1966,7.41
Honduras,HND,1965,7.442
Honduras,HND,1964,7.443
Honduras,HND,1963,7.441
Honduras,HND,1962,7.443
Honduras,HND,1961,7.448
Honduras,HND,1960,7.458
"Hong Kong SAR, China",HKG,2025,
"Hong Kong SAR, China",HKG,2024,0.841
"Hong Kong SAR, China",HKG,2023,0.751
"Hong Kong SAR, China",HKG,2022,0.701
"Hong Kong SAR, China",HKG,2021,0.772
"Hong Kong SAR, China",HKG,2020,0.883
"Hong Kong SAR, China",HKG,2019,1.064
"Hong Kong SAR, China",HKG,2018,1.08
"Hong Kong SAR, China",HKG,2017,1.128
"Hong Kong SAR, China",HKG,2016,1.205
"Hong Kong SAR, China",HKG,2015,1.196
"Hong Kong SAR, China",HKG,2014,1.235
"Hong Kong SAR, China",HKG,2013,1.125
"Hong Kong SAR, China",HKG,2012,1.285
"Hong Kong SAR, China",HKG,2011,1.204
"Hong Kong SAR, China",HKG,2010,1.127
"Hong Kong SAR, China",HKG,2009,1.055
"Hong Kong SAR, China",HKG,2008,1.064
"Hong Kong SAR, China",HKG,2007,1.028
"Hong Kong SAR, China",HKG,2006,0.984
"Hong Kong SAR, China",HKG,2005,0.959
"Hong Kong SAR, China",HKG,2004,0.922
"Hong Kong SAR, China",HKG,2003,0.901
"Hong Kong SAR, China",HKG,2002,0.941
"Hong Kong SAR, China",HKG,2001,0.931
"Hong Kong SAR, China",HKG,2000,1.032
"Hong Kong SAR, China",HKG,1999,0.981
"Hong Kong SAR, China",HKG,1998,1.016
"Hong Kong SAR, China",HKG,1997,1.127
"Hong Kong SAR, China",HKG,1996,1.191
"Hong Kong SAR, China",HKG,1995,1.295
"Hong Kong SAR, China",HKG,1994,1.355
"Hong Kong SAR, China",HKG,1993,1.342
"Hong Kong SAR, China",HKG,1992,1.347
"Hong Kong SAR, China",HKG,1991,1.281
"Hong Kong SAR, China",HKG,1990,1.272
"Hong Kong SAR, China",HKG,1989,1.296
"Hong Kong SAR, China",HKG,1988,1.4
"Hong Kong SAR, China",HKG,1987,1.311
"Hong Kong SAR, China",HKG,1986,1.367
"Hong Kong SAR, China",HKG,1985,1.491
"Hong Kong SAR, China",HKG,1984,1.559
"Hong Kong SAR, China",HKG,1983,1.722
"Hong Kong SAR, China",HKG,1982,1.86
"Hong Kong SAR, China",HKG,1981,1.933
"Hong Kong SAR, China",HKG,1980,2.047
"Hong Kong SAR, China",HKG,1979,2.12
"Hong Kong SAR, China",HKG,1978,2.272
"Hong Kong SAR, China",HKG,1977,2.376
"Hong Kong SAR, China",HKG,1976,2.48
"Hong Kong SAR, China",HKG,1975,2.666
"Hong Kong SAR, China",HKG,1974,2.967
"Hong Kong SAR, China",HKG,1973,3.177
"Hong Kong SAR, China",HKG,1972,3.315
"Hong Kong SAR, China",HKG,1971,3.459
"Hong Kong SAR, China",HKG,1970,3.386
"Hong Kong SAR, China",HKG,1969,3.599
"Hong Kong SAR, China",HKG,1968,3.783
"Hong Kong SAR, China",HKG,1967,4.123
"Hong Kong SAR, China",HKG,1966,4.464
"Hong Kong SAR, China",HKG,1965,4.923
"Hong Kong SAR, China",HKG,1964,5.085
"Hong Kong SAR, China",HKG,1963,5.152
"Hong Kong SAR, China",HKG,1962,5.177
"Hong Kong SAR, China",HKG,1961,5.169
"Hong Kong SAR, China",HKG,1960,5.085
Hungary,HUN,2025,
Hungary,HUN,2024,1.41
Hungary,HUN,2023,1.55
Hungary,HUN,2022,1.57
Hungary,HUN,2021,1.63
Hungary,HUN,2020,1.61
Hungary,HUN,2019,1.58
Hungary,HUN,2018,1.57
Hungary,HUN,2017,1.56
Hungary,HUN,2016,1.55
Hungary,HUN,2015,1.46
Hungary,HUN,2014,1.45
Hungary,HUN,2013,1.36
Hungary,HUN,2012,1.34
Hungary,HUN,2011,1.23
Hungary,HUN,2010,1.25
Hungary,HUN,2009,1.32
Hungary,HUN,2008,1.35
Hungary,HUN,2007,1.32
Hungary,HUN,2006,1.34
Hungary,HUN,2005,1.31
Hungary,HUN,2004,1.28
Hungary,HUN,2003,1.27
Hungary,HUN,2002,1.3
Hungary,HUN,2001,1.31
Hungary,HUN,2000,1.32
Hungary,HUN,1999,1.28
Hungary,HUN,1998,1.32
Hungary,HUN,1997,1.37
Hungary,HUN,1996,1.46
Hungary,HUN,1995,1.57
Hungary,HUN,1994,1.64
Hungary,HUN,1993,1.68
Hungary,HUN,1992,1.77
Hungary,HUN,1991,1.87
Hungary,HUN,1990,1.87
Hungary,HUN,1989,1.82
Hungary,HUN,1988,1.81
Hungary,HUN,1987,1.82
Hungary,HUN,1986,1.84
Hungary,HUN,1985,1.85
Hungary,HUN,1984,1.75
Hungary,HUN,1983,1.75
Hungary,HUN,1982,1.8
Hungary,HUN,1981,1.88
Hungary,HUN,1980,1.91
Hungary,HUN,1979,2.01
Hungary,HUN,1978,2.06
Hungary,HUN,1977,2.15
Hungary,HUN,1976,2.23
Hungary,HUN,1975,2.35
Hungary,HUN,1974,2.27
Hungary,HUN,1973,1.93
Hungary,HUN,1972,1.93
Hungary,HUN,1971,1.93
Hungary,HUN,1970,1.98
Hungary,HUN,1969,2.04
Hungary,HUN,1968,2.06
Hungary,HUN,1967,2.01
Hungary,HUN,1966,1.89
Hungary,HUN,1965,1.82
Hungary,HUN,1964,1.82
Hungary,HUN,1963,1.82
Hungary,HUN,1962,1.79
Hungary,HUN,1961,1.94
Hungary,HUN,1960,2.02
Iceland,ISL,2025,
Iceland,ISL,2024,1.56
Iceland,ISL,2023,1.55
Iceland,ISL,2022,1.589
Iceland,ISL,2021,1.82
Iceland,ISL,2020,1.72
Iceland,ISL,2019,1.74
Iceland,ISL,2018,1.71
Iceland,ISL,2017,1.71
Iceland,ISL,2016,1.74
Iceland,ISL,2015,1.8
Iceland,ISL,2014,1.93
Iceland,ISL,2013,1.93
Iceland,ISL,2012,2.04
Iceland,ISL,2011,2.02
Iceland,ISL,2010,2.2
Iceland,ISL,2009,2.23
Iceland,ISL,2008,2.15
Iceland,ISL,2007,2.09
Iceland,ISL,2006,2.08
Iceland,ISL,2005,2.05
Iceland,ISL,2004,2.04
Iceland,ISL,2003,1.99
Iceland,ISL,2002,1.93
Iceland,ISL,2001,1.95
Iceland,ISL,2000,2.08
Iceland,ISL,1999,1.99
Iceland,ISL,1998,2.05
Iceland,ISL,1997,2.04
Iceland,ISL,1996,2.12
Iceland,ISL,1995,2.08
Iceland,ISL,1994,2.14
Iceland,ISL,1993,2.22
Iceland,ISL,1992,2.21
Iceland,ISL,1991,2.18
Iceland,ISL,1990,2.3
Iceland,ISL,1989,2.19
Iceland,ISL,1988,2.26
Iceland,ISL,1987,2.06
Iceland,ISL,1986,1.92
Iceland,ISL,1985,1.93
Iceland,ISL,1984,2.08
Iceland,ISL,1983,2.24
Iceland,ISL,1982,2.27
Iceland,ISL,1981,2.33
Iceland,ISL,1980,2.48
Iceland,ISL,1979,2.49
Iceland,ISL,1978,2.35
Iceland,ISL,1977,2.31
Iceland,ISL,1976,2.52
Iceland,ISL,1975,2.65
Iceland,ISL,1974,2.66
Iceland,ISL,1973,2.94
Iceland,ISL,1972,3.09
Iceland,ISL,1971,2.92
Iceland,ISL,1970,2.81
Iceland,ISL,1969,2.99
Iceland,ISL,1968,3.06
Iceland,ISL,1967,3.28
Iceland,ISL,1966,3.59
Iceland,ISL,1965,3.73
Iceland,ISL,1964,3.88
Iceland,ISL,1963,3.99
Iceland,ISL,1962,3.98
Iceland,ISL,1961,3.88
Iceland,ISL,1960,4.29
India,IND,2025,
India,IND,2024,1.962
India,IND,2023,1.975
India,IND,2022,1.994
India,IND,2021,2.014
India,IND,2020,2.047
India,IND,2019,2.12
India,IND,2018,2.184
India,IND,2017,2.193
India,IND,2016,2.284
India,IND,2015,2.289
India,IND,2014,2.293
India,IND,2013,2.399
India,IND,2012,2.47
India,IND,2011,2.532
India,IND,2010,2.598
India,IND,2009,2.674
India,IND,2008,2.711
India,IND,2007,2.775
India,IND,2006,2.867
India,IND,2005,2.958
India,IND,2004,3.046
India,IND,2003,3.122
India,IND,2002,3.217
India,IND,2001,3.303
India,IND,2000,3.35
India,IND,1999,3.383
India,IND,1998,3.446
India,IND,1997,3.514
India,IND,1996,3.582
India,IND,1995,3.651
India,IND,1994,3.723
India,IND,1993,3.799
India,IND,1992,3.877
India,IND,1991,3.959
India,IND,1990,4.045
India,IND,1989,4.132
India,IND,1988,4.222
India,IND,1987,4.311
India,IND,1986,4.399
India,IND,1985,4.432
India,IND,1984,4.516
India,IND,1983,4.565
India,IND,1982,4.62
India,IND,1981,4.698
India,IND,1980,4.775
India,IND,1979,4.808
India,IND,1978,4.888
India,IND,1977,5.007
India,IND,1976,5.13
India,IND,1975,5.195
India,IND,1974,5.325
India,IND,1973,5.402
India,IND,1972,5.482
India,IND,1971,5.565
India,IND,1970,5.624
India,IND,1969,5.684
India,IND,1968,5.76
India,IND,1967,5.825
India,IND,1966,5.881
India,IND,1965,5.941
India,IND,1964,5.979
India,IND,1963,5.969
India,IND,1962,5.953
India,IND,1961,5.937
India,IND,1960,5.921
Indonesia,IDN,2025,
Indonesia,IDN,2024,2.115
Indonesia,IDN,2023,2.127
Indonesia,IDN,2022,2.149
Indonesia,IDN,2021,2.166
Indonesia,IDN,2020,2.189
Indonesia,IDN,2019,2.205
Indonesia,IDN,2018,2.219
Indonesia,IDN,2017,2.253
Indonesia,IDN,2016,2.311
Indonesia,IDN,2015,2.346
Indonesia,IDN,2014,2.393
Indonesia,IDN,2013,2.441
Indonesia,IDN,2012,2.514
Indonesia,IDN,2011,2.515
Indonesia,IDN,2010,2.462
Indonesia,IDN,2009,2.442
Indonesia,IDN,2008,2.44
Indonesia,IDN,2007,2.476
Indonesia,IDN,2006,2.457
Indonesia,IDN,2005,2.452
Indonesia,IDN,2004,2.415
Indonesia,IDN,2003,2.41
Indonesia,IDN,2002,2.436
Indonesia,IDN,2001,2.466
Indonesia,IDN,2000,2.503
Indonesia,IDN,1999,2.568
Indonesia,IDN,1998,2.66
Indonesia,IDN,1997,2.742
Indonesia,IDN,1996,2.782
Indonesia,IDN,1995,2.809
Indonesia,IDN,1994,2.851
Indonesia,IDN,1993,2.9
Indonesia,IDN,1992,2.95
Indonesia,IDN,1991,3.058
Indonesia,IDN,1990,3.114
Indonesia,IDN,1989,3.247
Indonesia,IDN,1988,3.353
Indonesia,IDN,1987,3.42
Indonesia,IDN,1986,3.53
Indonesia,IDN,1985,3.725
Indonesia,IDN,1984,3.956
Indonesia,IDN,1983,4.109
Indonesia,IDN,1982,4.247
Indonesia,IDN,1981,4.356
Indonesia,IDN,1980,4.495
Indonesia,IDN,1979,4.625
Indonesia,IDN,1978,4.732
Indonesia,IDN,1977,4.807
Indonesia,IDN,1976,4.921
Indonesia,IDN,1975,5.032
Indonesia,IDN,1974,5.089
Indonesia,IDN,1973,5.246
Indonesia,IDN,1972,5.315
Indonesia,IDN,1971,5.397
Indonesia,IDN,1970,5.488
Indonesia,IDN,1969,5.553
Indonesia,IDN,1968,5.568
Indonesia,IDN,1967,5.583
Indonesia,IDN,1966,5.593
Indonesia,IDN,1965,5.593
Indonesia,IDN,1964,5.568
Indonesia,IDN,1963,5.551
Indonesia,IDN,1962,5.534
Indonesia,IDN,1961,5.522
Indonesia,IDN,1960,5.505
"Iran, Islamic Rep.",IRN,2025,
"Iran, Islamic Rep.",IRN,2024,1.684
"Iran, Islamic Rep.",IRN,2023,1.695
"Iran, Islamic Rep.",IRN,2022,1.704
"Iran, Islamic Rep.",IRN,2021,1.709
"Iran, Islamic Rep.",IRN,2020,1.7
"Iran, Islamic Rep.",IRN,2019,1.766
"Iran, Islamic Rep.",IRN,2018,1.919
"Iran, Islamic Rep.",IRN,2017,2.023
"Iran, Islamic Rep.",IRN,2016,2.054
"Iran, Islamic Rep.",IRN,2015,2.017
"Iran, Islamic Rep.",IRN,2014,1.975
"Iran, Islamic Rep.",IRN,2013,1.913
"Iran, Islamic Rep.",IRN,2012,1.851
"Iran, Islamic Rep.",IRN,2011,1.792
"Iran, Islamic Rep.",IRN,2010,1.749
"Iran, Islamic Rep.",IRN,2009,1.74
"Iran, Islamic Rep.",IRN,2008,1.743
"Iran, Islamic Rep.",IRN,2007,1.748
"Iran, Islamic Rep.",IRN,2006,1.755
"Iran, Islamic Rep.",IRN,2005,1.756
"Iran, Islamic Rep.",IRN,2004,1.78
"Iran, Islamic Rep.",IRN,2003,1.801
"Iran, Islamic Rep.",IRN,2002,1.836
"Iran, Islamic Rep.",IRN,2001,1.918
"Iran, Islamic Rep.",IRN,2000,1.999
"Iran, Islamic Rep.",IRN,1999,2.089
"Iran, Islamic Rep.",IRN,1998,2.19
"Iran, Islamic Rep.",IRN,1997,2.323
"Iran, Islamic Rep.",IRN,1996,2.542
"Iran, Islamic Rep.",IRN,1995,2.852
"Iran, Islamic Rep.",IRN,1994,3.244
"Iran, Islamic Rep.",IRN,1993,3.674
"Iran, Islamic Rep.",IRN,1992,4.099
"Iran, Islamic Rep.",IRN,1991,4.568
"Iran, Islamic Rep.",IRN,1990,4.934
"Iran, Islamic Rep.",IRN,1989,5.172
"Iran, Islamic Rep.",IRN,1988,5.434
"Iran, Islamic Rep.",IRN,1987,5.719
"Iran, Islamic Rep.",IRN,1986,6.011
"Iran, Islamic Rep.",IRN,1985,6.242
"Iran, Islamic Rep.",IRN,1984,6.433
"Iran, Islamic Rep.",IRN,1983,6.528
"Iran, Islamic Rep.",IRN,1982,6.586
"Iran, Islamic Rep.",IRN,1981,6.618
"Iran, Islamic Rep.",IRN,1980,6.63
"Iran, Islamic Rep.",IRN,1979,6.549
"Iran, Islamic Rep.",IRN,1978,6.344
"Iran, Islamic Rep.",IRN,1977,6.179
"Iran, Islamic Rep.",IRN,1976,6.066
"Iran, Islamic Rep.",IRN,1975,5.947
"Iran, Islamic Rep.",IRN,1974,5.968
"Iran, Islamic Rep.",IRN,1973,6.061
"Iran, Islamic Rep.",IRN,1972,6.257
"Iran, Islamic Rep.",IRN,1971,6.549
"Iran, Islamic Rep.",IRN,1970,6.798
"Iran, Islamic Rep.",IRN,1969,7.007
"Iran, Islamic Rep.",IRN,1968,7.119
"Iran, Islamic Rep.",IRN,1967,7.19
"Iran, Islamic Rep.",IRN,1966,7.214
"Iran, Islamic Rep.",IRN,1965,7.222
"Iran, Islamic Rep.",IRN,1964,7.237
"Iran, Islamic Rep.",IRN,1963,7.317
"Iran, Islamic Rep.",IRN,1962,7.401
"Iran, Islamic Rep.",IRN,1961,7.459
"Iran, Islamic Rep.",IRN,1960,7.519
Iraq,IRQ,2025,
Iraq,IRQ,2024,3.221
Iraq,IRQ,2023,3.249
Iraq,IRQ,2022,3.294
Iraq,IRQ,2021,3.358
Iraq,IRQ,2020,3.419
Iraq,IRQ,2019,3.48
Iraq,IRQ,2018,3.547
Iraq,IRQ,2017,3.64
Iraq,IRQ,2016,3.843
Iraq,IRQ,2015,4.08
Iraq,IRQ,2014,4.31
Iraq,IRQ,2013,4.441
Iraq,IRQ,2012,4.544
Iraq,IRQ,2011,4.588
Iraq,IRQ,2010,4.457
Iraq,IRQ,2009,4.378
Iraq,IRQ,2008,4.373
Iraq,IRQ,2007,4.404
Iraq,IRQ,2006,4.459
Iraq,IRQ,2005,4.446
Iraq,IRQ,2004,4.527
Iraq,IRQ,2003,4.581
Iraq,IRQ,2002,4.668
Iraq,IRQ,2001,4.799
Iraq,IRQ,2000,4.92
Iraq,IRQ,1999,5.035
Iraq,IRQ,1998,5.112
Iraq,IRQ,1997,5.194
Iraq,IRQ,1996,5.249
Iraq,IRQ,1995,5.36
Iraq,IRQ,1994,5.488
Iraq,IRQ,1993,5.609
Iraq,IRQ,1992,5.718
Iraq,IRQ,1991,5.833
Iraq,IRQ,1990,5.929
Iraq,IRQ,1989,5.988
Iraq,IRQ,1988,6.052
Iraq,IRQ,1987,6.114
Iraq,IRQ,1986,6.182
Iraq,IRQ,1985,6.246
Iraq,IRQ,1984,6.321
Iraq,IRQ,1983,6.387
Iraq,IRQ,1982,6.46
Iraq,IRQ,1981,6.526
Iraq,IRQ,1980,6.593
Iraq,IRQ,1979,6.662
Iraq,IRQ,1978,6.726
Iraq,IRQ,1977,6.795
Iraq,IRQ,1976,6.856
Iraq,IRQ,1975,6.913
Iraq,IRQ,1974,6.952
Iraq,IRQ,1973,6.986
Iraq,IRQ,1972,7.024
Iraq,IRQ,1971,7.055
Iraq,IRQ,1970,7.071
Iraq,IRQ,1969,7.083
Iraq,IRQ,1968,7.056
Iraq,IRQ,1967,7.029
Iraq,IRQ,1966,7.022
Iraq,IRQ,1965,7.02
Iraq,IRQ,1964,7.01
Iraq,IRQ,1963,7.005
Iraq,IRQ,1962,6.991
Iraq,IRQ,1961,5.8
Iraq,IRQ,1960,5.3
Ireland,IRL,2025,
Ireland,IRL,2024,1.47
Ireland,IRL,2023,1.5
Ireland,IRL,2022,1.51
Ireland,IRL,2021,1.72
Ireland,IRL,2020,1.6
Ireland,IRL,2019,1.69
Ireland,IRL,2018,1.74
Ireland,IRL,2017,1.76
Ireland,IRL,2016,1.81
Ireland,IRL,2015,1.85
Ireland,IRL,2014,1.89
Ireland,IRL,2013,1.93
Ireland,IRL,2012,1.98
Ireland,IRL,2011,2.03
Ireland,IRL,2010,2.05
Ireland,IRL,2009,2.06
Ireland,IRL,2008,2.06
Ireland,IRL,2007,2.01
Ireland,IRL,2006,1.91
Ireland,IRL,2005,1.86
Ireland,IRL,2004,1.93
Ireland,IRL,2003,1.96
Ireland,IRL,2002,1.97
Ireland,IRL,2001,1.94
Ireland,IRL,2000,1.89
Ireland,IRL,1999,1.9
Ireland,IRL,1998,1.94
Ireland,IRL,1997,1.93
Ireland,IRL,1996,1.88
Ireland,IRL,1995,1.84
Ireland,IRL,1994,1.85
Ireland,IRL,1993,1.9
Ireland,IRL,1992,1.99
Ireland,IRL,1991,2.08
Ireland,IRL,1990,2.11
Ireland,IRL,1989,2.08
Ireland,IRL,1988,2.17
Ireland,IRL,1987,2.32
Ireland,IRL,1986,2.44
Ireland,IRL,1985,2.48
Ireland,IRL,1984,2.58
Ireland,IRL,1983,2.74
Ireland,IRL,1982,2.94
Ireland,IRL,1981,3.05
Ireland,IRL,1980,3.21
Ireland,IRL,1979,3.21
Ireland,IRL,1978,3.21
Ireland,IRL,1977,3.24
Ireland,IRL,1976,3.29
Ireland,IRL,1975,3.37
Ireland,IRL,1974,3.59
Ireland,IRL,1973,3.71
Ireland,IRL,1972,3.84
Ireland,IRL,1971,3.93
Ireland,IRL,1970,3.85
Ireland,IRL,1969,3.83
Ireland,IRL,1968,3.77
Ireland,IRL,1967,3.84
Ireland,IRL,1966,3.94
Ireland,IRL,1965,4.04
Ireland,IRL,1964,4.07
Ireland,IRL,1963,4.01
Ireland,IRL,1962,3.92
Ireland,IRL,1961,3.78
Ireland,IRL,1960,3.78
Isle of Man,IMN,2025,
Isle of Man,IMN,2024,1.544
Isle of Man,IMN,2023,1.548
Isle of Man,IMN,2022,1.556
Isle of Man,IMN,2021,1.569
Isle of Man,IMN,2020,1.585
Isle of Man,IMN,2019,1.606
Isle of Man,IMN,2018,1.636
Isle of Man,IMN,2017,1.674
Isle of Man,IMN,2016,1.713
Isle of Man,IMN,2015,1.748
Isle of Man,IMN,2014,1.79
Isle of Man,IMN,2013,1.824
Isle of Man,IMN,2012,1.864
Isle of Man,IMN,2011,1.903
Isle of Man,IMN,2010,1.928
Isle of Man,IMN,2009,1.937
Isle of Man,IMN,2008,1.941
Isle of Man,IMN,2007,1.927
Isle of Man,IMN,2006,1.905
Isle of Man,IMN,2005,1.863
Isle of Man,IMN,2004,1.826
Isle of Man,IMN,2003,1.84
Isle of Man,IMN,2002,1.863
Isle of Man,IMN,2001,1.87
Isle of Man,IMN,2000,1.866
Isle of Man,IMN,1999,1.858
Isle of Man,IMN,1998,1.901
Isle of Man,IMN,1997,1.926
Isle of Man,IMN,1996,1.931
Isle of Man,IMN,1995,1.923
Isle of Man,IMN,1994,1.915
Isle of Man,IMN,1993,1.946
Isle of Man,IMN,1992,1.974
Isle of Man,IMN,1991,1.978
Isle of Man,IMN,1990,1.959
Isle of Man,IMN,1989,1.926
Isle of Man,IMN,1988,1.921
Isle of Man,IMN,1987,1.909
Isle of Man,IMN,1986,1.892
Isle of Man,IMN,1985,1.88
Isle of Man,IMN,1984,1.865
Isle of Man,IMN,1983,1.888
Isle of Man,IMN,1982,1.915
Isle of Man,IMN,1981,1.941
Isle of Man,IMN,1980,1.954
Isle of Man,IMN,1979,1.96
Isle of Man,IMN,1978,1.988
Isle of Man,IMN,1977,2.023
Isle of Man,IMN,1976,2.083
Isle of Man,IMN,1975,2.16
Isle of Man,IMN,1974,2.263
Isle of Man,IMN,1973,2.364
Isle of Man,IMN,1972,2.454
Isle of Man,IMN,1971,2.512
Isle of Man,IMN,1970,2.566
Isle of Man,IMN,1969,2.512
Isle of Man,IMN,1968,2.447
Isle of Man,IMN,1967,2.447
Isle of Man,IMN,1966,2.462
Isle of Man,IMN,1965,2.539
Isle of Man,IMN,1964,2.627
Isle of Man,IMN,1963,2.624
Isle of Man,IMN,1962,2.634
Isle of Man,IMN,1961,2.688
Isle of Man,IMN,1960,2.682
Israel,ISR,2025,
Israel,ISR,2024,2.87
Israel,ISR,2023,2.85
Israel,ISR,2022,2.89
Israel,ISR,2021,3.0
Israel,ISR,2020,2.9
Israel,ISR,2019,3.01
Israel,ISR,2018,3.09
Israel,ISR,2017,3.11
Israel,ISR,2016,3.11
Israel,ISR,2015,3.09
Israel,ISR,2014,3.08
Israel,ISR,2013,3.03
Israel,ISR,2012,3.05
Israel,ISR,2011,2.98
Israel,ISR,2010,3.03
Israel,ISR,2009,2.96
Israel,ISR,2008,2.96
Israel,ISR,2007,2.9
Israel,ISR,2006,2.88
Israel,ISR,2005,2.84
Israel,ISR,2004,2.9
Israel,ISR,2003,2.95
Israel,ISR,2002,2.89
Israel,ISR,2001,2.92
Israel,ISR,2000,2.95
Israel,ISR,1999,2.965
Israel,ISR,1998,2.98
Israel,ISR,1997,2.94
Israel,ISR,1996,2.9
Israel,ISR,1995,2.9
Israel,ISR,1994,2.9
Israel,ISR,1993,2.8
Israel,ISR,1992,2.7
Israel,ISR,1991,2.762
Israel,ISR,1990,2.824
Israel,ISR,1989,2.886
Israel,ISR,1988,2.948
Israel,ISR,1987,3.01
Israel,ISR,1986,3.034
Israel,ISR,1985,3.058
Israel,ISR,1984,3.082
Israel,ISR,1983,3.106
Israel,ISR,1982,3.13
Israel,ISR,1981,3.186
Israel,ISR,1980,3.242
Israel,ISR,1979,3.298
Israel,ISR,1978,3.354
Israel,ISR,1977,3.41
Israel,ISR,1976,3.482
Israel,ISR,1975,3.554
Israel,ISR,1974,3.626
Israel,ISR,1973,3.698
Israel,ISR,1972,3.77
Israel,ISR,1971,3.774
Israel,ISR,1970,3.778
Israel,ISR,1969,3.782
Israel,ISR,1968,3.786
Israel,ISR,1967,3.79
Israel,ISR,1966,3.802
Israel,ISR,1965,3.814
Israel,ISR,1964,3.826
Israel,ISR,1963,3.838
Israel,ISR,1962,3.85
Israel,ISR,1961,3.858
Israel,ISR,1960,3.866
Italy,ITA,2025,
Italy,ITA,2024,1.18
Italy,ITA,2023,1.21
Italy,ITA,2022,1.24
Italy,ITA,2021,1.25
Italy,ITA,2020,1.24
Italy,ITA,2019,1.27
Italy,ITA,2018,1.31
Italy,ITA,2017,1.34
Italy,ITA,2016,1.36
Italy,ITA,2015,1.36
Italy,ITA,2014,1.38
Italy,ITA,2013,1.39
Italy,ITA,2012,1.42
Italy,ITA,2011,1.42
Italy,ITA,2010,1.44
Italy,ITA,2009,1.44
Italy,ITA,2008,1.44
Italy,ITA,2007,1.39
Italy,ITA,2006,1.37
Italy,ITA,2005,1.33
Italy,ITA,2004,1.34
Italy,ITA,2003,1.29
Italy,ITA,2002,1.27
Italy,ITA,2001,1.25
Italy,ITA,2000,1.26
Italy,ITA,1999,1.23
Italy,ITA,1998,1.22
Italy,ITA,1997,1.22
Italy,ITA,1996,1.2
Italy,ITA,1995,1.19
Italy,ITA,1994,1.21
Italy,ITA,1993,1.25
Italy,ITA,1992,1.3
Italy,ITA,1991,1.3
Italy,ITA,1990,1.33
Italy,ITA,1989,1.33
Italy,ITA,1988,1.36
Italy,ITA,1987,1.33
Italy,ITA,1986,1.35
Italy,ITA,1985,1.42
Italy,ITA,1984,1.46
Italy,ITA,1983,1.51
Italy,ITA,1982,1.56
Italy,ITA,1981,1.58
Italy,ITA,1980,1.64
Italy,ITA,1979,1.73
Italy,ITA,1978,1.84
Italy,ITA,1977,1.93
Italy,ITA,1976,2.04
Italy,ITA,1975,2.17
Italy,ITA,1974,2.28
Italy,ITA,1973,2.3
Italy,ITA,1972,2.35
Italy,ITA,1971,2.4
Italy,ITA,1970,2.38
Italy,ITA,1969,2.47
Italy,ITA,1968,2.46
Italy,ITA,1967,2.5
Italy,ITA,1966,2.58
Italy,ITA,1965,2.6
Italy,ITA,1964,2.66
Italy,ITA,1963,2.51
Italy,ITA,1962,2.46
Italy,ITA,1961,2.44
Italy,ITA,1960,2.4
Jamaica,JAM,2025,
Jamaica,JAM,2024,1.351
Jamaica,JAM,2023,1.358
Jamaica,JAM,2022,1.372
Jamaica,JAM,2021,1.378
Jamaica,JAM,2020,1.383
Jamaica,JAM,2019,1.39
Jamaica,JAM,2018,1.4
Jamaica,JAM,2017,1.428
Jamaica,JAM,2016,1.464
Jamaica,JAM,2015,1.508
Jamaica,JAM,2014,1.544
Jamaica,JAM,2013,1.591
Jamaica,JAM,2012,1.648
Jamaica,JAM,2011,1.717
Jamaica,JAM,2010,1.799
Jamaica,JAM,2009,1.879
Jamaica,JAM,2008,1.953
Jamaica,JAM,2007,2.023
Jamaica,JAM,2006,2.089
Jamaica,JAM,2005,2.148
Jamaica,JAM,2004,2.198
Jamaica,JAM,2003,2.244
Jamaica,JAM,2002,2.271
Jamaica,JAM,2001,2.296
Jamaica,JAM,2000,2.345
Jamaica,JAM,1999,2.465
Jamaica,JAM,1998,2.574
Jamaica,JAM,1997,2.677
Jamaica,JAM,1996,2.77
Jamaica,JAM,1995,2.851
Jamaica,JAM,1994,2.93
Jamaica,JAM,1993,2.987
Jamaica,JAM,1992,3.026
Jamaica,JAM,1991,2.997
Jamaica,JAM,1990,2.955
Jamaica,JAM,1989,2.93
Jamaica,JAM,1988,2.982
Jamaica,JAM,1987,3.024
Jamaica,JAM,1986,3.106
Jamaica,JAM,1985,3.212
Jamaica,JAM,1984,3.324
Jamaica,JAM,1983,3.411
Jamaica,JAM,1982,3.458
Jamaica,JAM,1981,3.51
Jamaica,JAM,1980,3.588
Jamaica,JAM,1979,3.719
Jamaica,JAM,1978,3.838
Jamaica,JAM,1977,4.004
Jamaica,JAM,1976,4.213
Jamaica,JAM,1975,4.436
Jamaica,JAM,1974,4.665
Jamaica,JAM,1973,4.995
Jamaica,JAM,1972,5.06
Jamaica,JAM,1971,5.212
Jamaica,JAM,1970,5.349
Jamaica,JAM,1969,5.468
Jamaica,JAM,1968,5.576
Jamaica,JAM,1967,5.668
Jamaica,JAM,1966,5.692
Jamaica,JAM,1965,5.719
Jamaica,JAM,1964,5.79
Jamaica,JAM,1963,5.731
Jamaica,JAM,1962,5.635
Jamaica,JAM,1961,5.597
Jamaica,JAM,1960,5.538
Japan,JPN,2025,
Japan,JPN,2024,1.15
Japan,JPN,2023,1.2
Japan,JPN,2022,1.26
Japan,JPN,2021,1.3
Japan,JPN,2020,1.33
Japan,JPN,2019,1.36
Japan,JPN,2018,1.42
Japan,JPN,2017,1.43
Japan,JPN,2016,1.44
Japan,JPN,2015,1.45
Japan,JPN,2014,1.42
Japan,JPN,2013,1.43
Japan,JPN,2012,1.41
Japan,JPN,2011,1.39
Japan,JPN,2010,1.39
Japan,JPN,2009,1.37
Japan,JPN,2008,1.37
Japan,JPN,2007,1.34
Japan,JPN,2006,1.32
Japan,JPN,2005,1.26
Japan,JPN,2004,1.29
Japan,JPN,2003,1.29
Japan,JPN,2002,1.32
Japan,JPN,2001,1.33
Japan,JPN,2000,1.36
Japan,JPN,1999,1.34
Japan,JPN,1998,1.38
Japan,JPN,1997,1.39
Japan,JPN,1996,1.43
Japan,JPN,1995,1.42
Japan,JPN,1994,1.5
Japan,JPN,1993,1.46
Japan,JPN,1992,1.5
Japan,JPN,1991,1.53
Japan,JPN,1990,1.54
Japan,JPN,1989,1.57
Japan,JPN,1988,1.66
Japan,JPN,1987,1.69
Japan,JPN,1986,1.72
Japan,JPN,1985,1.76
Japan,JPN,1984,1.81
Japan,JPN,1983,1.8
Japan,JPN,1982,1.77
Japan,JPN,1981,1.74
Japan,JPN,1980,1.75
Japan,JPN,1979,1.77
Japan,JPN,1978,1.79
Japan,JPN,1977,1.8
Japan,JPN,1976,1.85
Japan,JPN,1975,1.91
Japan,JPN,1974,2.05
Japan,JPN,1973,2.14
Japan,JPN,1972,2.14
Japan,JPN,1971,2.16
Japan,JPN,1970,2.13
Japan,JPN,1969,2.13
Japan,JPN,1968,2.13
Japan,JPN,1967,2.23
Japan,JPN,1966,1.58
Japan,JPN,1965,2.14
Japan,JPN,1964,2.05
Japan,JPN,1963,2.0
Japan,JPN,1962,1.98
Japan,JPN,1961,1.96
Japan,JPN,1960,2.0
Jordan,JOR,2025,
Jordan,JOR,2024,2.604
Jordan,JOR,2023,2.639
Jordan,JOR,2022,2.679
Jordan,JOR,2021,2.735
Jordan,JOR,2020,2.791
Jordan,JOR,2019,2.855
Jordan,JOR,2018,2.923
Jordan,JOR,2017,2.994
Jordan,JOR,2016,3.072
Jordan,JOR,2015,3.141
Jordan,JOR,2014,3.302
Jordan,JOR,2013,3.449
Jordan,JOR,2012,3.568
Jordan,JOR,2011,3.69
Jordan,JOR,2010,3.78
Jordan,JOR,2009,3.841
Jordan,JOR,2008,3.876
Jordan,JOR,2007,3.797
Jordan,JOR,2006,3.711
Jordan,JOR,2005,3.653
Jordan,JOR,2004,3.729
Jordan,JOR,2003,3.816
Jordan,JOR,2002,3.805
Jordan,JOR,2001,3.803
Jordan,JOR,2000,3.864
Jordan,JOR,1999,3.971
Jordan,JOR,1998,4.112
Jordan,JOR,1997,4.318
Jordan,JOR,1996,4.508
Jordan,JOR,1995,4.676
Jordan,JOR,1994,4.819
Jordan,JOR,1993,4.972
Jordan,JOR,1992,5.137
Jordan,JOR,1991,5.33
Jordan,JOR,1990,5.544
Jordan,JOR,1989,5.798
Jordan,JOR,1988,6.011
Jordan,JOR,1987,6.196
Jordan,JOR,1986,6.387
Jordan,JOR,1985,6.534
Jordan,JOR,1984,6.671
Jordan,JOR,1983,6.812
Jordan,JOR,1982,6.959
Jordan,JOR,1981,7.121
Jordan,JOR,1980,7.287
Jordan,JOR,1979,7.448
Jordan,JOR,1978,7.594
Jordan,JOR,1977,7.723
Jordan,JOR,1976,7.832
Jordan,JOR,1975,7.925
Jordan,JOR,1974,7.997
Jordan,JOR,1973,8.062
Jordan,JOR,1972,8.117
Jordan,JOR,1971,8.15
Jordan,JOR,1970,8.181
Jordan,JOR,1969,8.192
Jordan,JOR,1968,8.135
Jordan,JOR,1967,8.059
Jordan,JOR,1966,7.992
Jordan,JOR,1965,7.932
Jordan,JOR,1964,7.913
Jordan,JOR,1963,7.854
Jordan,JOR,1962,7.785
Jordan,JOR,1961,7.699
Jordan,JOR,1960,7.599
Kazakhstan,KAZ,2025,
Kazakhstan,KAZ,2024,2.984
Kazakhstan,KAZ,2023,3.012
Kazakhstan,KAZ,2022,3.05
Kazakhstan,KAZ,2021,3.32
Kazakhstan,KAZ,2020,3.13
Kazakhstan,KAZ,2019,2.89
Kazakhstan,KAZ,2018,2.845
Kazakhstan,KAZ,2017,2.745
Kazakhstan,KAZ,2016,2.795
Kazakhstan,KAZ,2015,2.755
Kazakhstan,KAZ,2014,2.76
Kazakhstan,KAZ,2013,2.67
Kazakhstan,KAZ,2012,2.64
Kazakhstan,KAZ,2011,2.605
Kazakhstan,KAZ,2010,2.61
Kazakhstan,KAZ,2009,2.58
Kazakhstan,KAZ,2008,2.616
Kazakhstan,KAZ,2007,2.49
Kazakhstan,KAZ,2006,2.38
Kazakhstan,KAZ,2005,2.274
Kazakhstan,KAZ,2004,2.201
Kazakhstan,KAZ,2003,2.075
Kazakhstan,KAZ,2002,1.956
Kazakhstan,KAZ,2001,1.906
Kazakhstan,KAZ,2000,1.898
Kazakhstan,KAZ,1999,1.902
Kazakhstan,KAZ,1998,1.938
Kazakhstan,KAZ,1997,1.97
Kazakhstan,KAZ,1996,2.084
Kazakhstan,KAZ,1995,2.253
Kazakhstan,KAZ,1994,2.378
Kazakhstan,KAZ,1993,2.483
Kazakhstan,KAZ,1992,2.584
Kazakhstan,KAZ,1991,2.677
Kazakhstan,KAZ,1990,2.745
Kazakhstan,KAZ,1989,2.866
Kazakhstan,KAZ,1988,3.001
Kazakhstan,KAZ,1987,3.122
Kazakhstan,KAZ,1986,3.189
Kazakhstan,KAZ,1985,3.208
Kazakhstan,KAZ,1984,3.146
Kazakhstan,KAZ,1983,3.068
Kazakhstan,KAZ,1982,3.02
Kazakhstan,KAZ,1981,3.052
Kazakhstan,KAZ,1980,3.092
Kazakhstan,KAZ,1979,3.137
Kazakhstan,KAZ,1978,3.156
Kazakhstan,KAZ,1977,3.257
Kazakhstan,KAZ,1976,3.332
Kazakhstan,KAZ,1975,3.398
Kazakhstan,KAZ,1974,3.453
Kazakhstan,KAZ,1973,3.508
Kazakhstan,KAZ,1972,3.553
Kazakhstan,KAZ,1971,3.534
Kazakhstan,KAZ,1970,3.505
Kazakhstan,KAZ,1969,3.509
Kazakhstan,KAZ,1968,3.629
Kazakhstan,KAZ,1967,3.769
Kazakhstan,KAZ,1966,3.819
Kazakhstan,KAZ,1965,3.881
Kazakhstan,KAZ,1964,4.071
Kazakhstan,KAZ,1963,4.264
Kazakhstan,KAZ,1962,4.357
Kazakhstan,KAZ,1961,4.424
Kazakhstan,KAZ,1960,4.495
Kenya,KEN,2025,
Kenya,KEN,2024,3.167
Kenya,KEN,2023,3.208
Kenya,KEN,2022,3.262
Kenya,KEN,2021,3.312
Kenya,KEN,2020,3.364
Kenya,KEN,2019,3.433
Kenya,KEN,2018,3.536
Kenya,KEN,2017,3.609
Kenya,KEN,2016,3.689
Kenya,KEN,2015,3.766
Kenya,KEN,2014,3.843
Kenya,KEN,2013,3.955
Kenya,KEN,2012,4.116
Kenya,KEN,2011,4.284
Kenya,KEN,2010,4.446
Kenya,KEN,2009,4.567
Kenya,KEN,2008,4.66
Kenya,KEN,2007,4.718
Kenya,KEN,2006,4.754
Kenya,KEN,2005,4.801
Kenya,KEN,2004,4.861
Kenya,KEN,2003,4.937
Kenya,KEN,2002,5.027
Kenya,KEN,2001,5.094
Kenya,KEN,2000,5.136
Kenya,KEN,1999,5.177
Kenya,KEN,1998,5.244
Kenya,KEN,1997,5.268
Kenya,KEN,1996,5.307
Kenya,KEN,1995,5.372
Kenya,KEN,1994,5.438
Kenya,KEN,1993,5.569
Kenya,KEN,1992,5.74
Kenya,KEN,1991,5.94
Kenya,KEN,1990,6.135
Kenya,KEN,1989,6.332
Kenya,KEN,1988,6.515
Kenya,KEN,1987,6.686
Kenya,KEN,1986,6.84
Kenya,KEN,1985,6.96
Kenya,KEN,1984,7.083
Kenya,KEN,1983,7.218
Kenya,KEN,1982,7.345
Kenya,KEN,1981,7.454
Kenya,KEN,1980,7.531
Kenya,KEN,1979,7.598
Kenya,KEN,1978,7.666
Kenya,KEN,1977,7.729
Kenya,KEN,1976,7.767
Kenya,KEN,1975,7.795
Kenya,KEN,1974,7.822
Kenya,KEN,1973,7.86
Kenya,KEN,1972,7.894
Kenya,KEN,1971,7.922
Kenya,KEN,1970,7.943
Kenya,KEN,1969,7.947
Kenya,KEN,1968,7.948
Kenya,KEN,1967,7.953
Kenya,KEN,1966,7.955
Kenya,KEN,1965,7.923
Kenya,KEN,1964,7.869
Kenya,KEN,1963,7.817
Kenya,KEN,1962,7.769
Kenya,KEN,1961,7.715
Kenya,KEN,1960,7.651
Kiribati,KIR,2025,
Kiribati,KIR,2024,3.124
Kiribati,KIR,2023,3.147
Kiribati,KIR,2022,3.182
Kiribati,KIR,2021,3.219
Kiribati,KIR,2020,3.254
Kiribati,KIR,2019,3.29
Kiribati,KIR,2018,3.318
Kiribati,KIR,2017,3.339
Kiribati,KIR,2016,3.375
Kiribati,KIR,2015,3.438
Kiribati,KIR,2014,3.521
Kiribati,KIR,2013,3.643
Kiribati,KIR,2012,3.768
Kiribati,KIR,2011,3.878
Kiribati,KIR,2010,3.898
Kiribati,KIR,2009,3.905
Kiribati,KIR,2008,3.899
Kiribati,KIR,2007,3.865
Kiribati,KIR,2006,3.815
Kiribati,KIR,2005,3.76
Kiribati,KIR,2004,3.734
Kiribati,KIR,2003,3.702
Kiribati,KIR,2002,3.814
Kiribati,KIR,2001,3.957
Kiribati,KIR,2000,4.071
Kiribati,KIR,1999,4.185
Kiribati,KIR,1998,4.29
Kiribati,KIR,1997,4.368
Kiribati,KIR,1996,4.425
Kiribati,KIR,1995,4.419
Kiribati,KIR,1994,4.442
Kiribati,KIR,1993,4.487
Kiribati,KIR,1992,4.568
Kiribati,KIR,1991,4.642
Kiribati,KIR,1990,4.668
Kiribati,KIR,1989,4.693
Kiribati,KIR,1988,4.733
Kiribati,KIR,1987,4.806
Kiribati,KIR,1986,4.871
Kiribati,KIR,1985,4.911
Kiribati,KIR,1984,4.91
Kiribati,KIR,1983,4.914
Kiribati,KIR,1982,4.952
Kiribati,KIR,1981,4.961
Kiribati,KIR,1980,4.964
Kiribati,KIR,1979,4.965
Kiribati,KIR,1978,4.969
Kiribati,KIR,1977,4.957
Kiribati,KIR,1976,4.964
Kiribati,KIR,1975,5.019
Kiribati,KIR,1974,5.094
Kiribati,KIR,1973,5.199
Kiribati,KIR,1972,5.374
Kiribati,KIR,1971,5.554
Kiribati,KIR,1970,5.706
Kiribati,KIR,1969,5.848
Kiribati,KIR,1968,5.984
Kiribati,KIR,1967,6.112
Kiribati,KIR,1966,6.225
Kiribati,KIR,1965,6.262
Kiribati,KIR,1964,6.289
Kiribati,KIR,1963,6.35
Kiribati,KIR,1962,6.415
Kiribati,KIR,1961,6.477
Kiribati,KIR,1960,6.441
"Korea, Dem. People's Rep.",PRK,2025,
"Korea, Dem. People's Rep.",PRK,2024,1.784
"Korea, Dem. People's Rep.",PRK,2023,1.78
"Korea, Dem. People's Rep.",PRK,2022,1.797
"Korea, Dem. People's Rep.",PRK,2021,1.806
"Korea, Dem. People's Rep.",PRK,2020,1.821
"Korea, Dem. People's Rep.",PRK,2019,1.825
"Korea, Dem. People's Rep.",PRK,2018,1.834
"Korea, Dem. People's Rep.",PRK,2017,1.848
"Korea, Dem. People's Rep.",PRK,2016,1.856
"Korea, Dem. People's Rep.",PRK,2015,1.863
"Korea, Dem. People's Rep.",PRK,2014,1.874
"Korea, Dem. People's Rep.",PRK,2013,1.877
"Korea, Dem. People's Rep.",PRK,2012,1.882
"Korea, Dem. People's Rep.",PRK,2011,1.883
"Korea, Dem. People's Rep.",PRK,2010,1.89
"Korea, Dem. People's Rep.",PRK,2009,1.905
"Korea, Dem. People's Rep.",PRK,2008,1.97
"Korea, Dem. People's Rep.",PRK,2007,1.943
"Korea, Dem. People's Rep.",PRK,2006,1.936
"Korea, Dem. People's Rep.",PRK,2005,1.872
"Korea, Dem. People's Rep.",PRK,2004,1.899
"Korea, Dem. People's Rep.",PRK,2003,1.909
"Korea, Dem. People's Rep.",PRK,2002,1.919
"Korea, Dem. People's Rep.",PRK,2001,1.94
"Korea, Dem. People's Rep.",PRK,2000,1.941
"Korea, Dem. People's Rep.",PRK,1999,1.966
"Korea, Dem. People's Rep.",PRK,1998,1.991
"Korea, Dem. People's Rep.",PRK,1997,2.027
"Korea, Dem. People's Rep.",PRK,1996,2.093
"Korea, Dem. People's Rep.",PRK,1995,2.146
"Korea, Dem. People's Rep.",PRK,1994,2.183
"Korea, Dem. People's Rep.",PRK,1993,2.218
"Korea, Dem. People's Rep.",PRK,1992,2.287
"Korea, Dem. People's Rep.",PRK,1991,2.351
"Korea, Dem. People's Rep.",PRK,1990,2.388
"Korea, Dem. People's Rep.",PRK,1989,2.412
"Korea, Dem. People's Rep.",PRK,1988,2.468
"Korea, Dem. People's Rep.",PRK,1987,2.529
"Korea, Dem. People's Rep.",PRK,1986,2.594
"Korea, Dem. People's Rep.",PRK,1985,2.646
"Korea, Dem. People's Rep.",PRK,1984,2.708
"Korea, Dem. People's Rep.",PRK,1983,2.777
"Korea, Dem. People's Rep.",PRK,1982,2.854
"Korea, Dem. People's Rep.",PRK,1981,2.921
"Korea, Dem. People's Rep.",PRK,1980,2.841
"Korea, Dem. People's Rep.",PRK,1979,2.849
"Korea, Dem. People's Rep.",PRK,1978,2.793
"Korea, Dem. People's Rep.",PRK,1977,2.771
"Korea, Dem. People's Rep.",PRK,1976,2.836
"Korea, Dem. People's Rep.",PRK,1975,3.047
"Korea, Dem. People's Rep.",PRK,1974,3.142
"Korea, Dem. People's Rep.",PRK,1973,3.353
"Korea, Dem. People's Rep.",PRK,1972,3.889
"Korea, Dem. People's Rep.",PRK,1971,3.739
"Korea, Dem. People's Rep.",PRK,1970,3.848
"Korea, Dem. People's Rep.",PRK,1969,3.86
"Korea, Dem. People's Rep.",PRK,1968,3.872
"Korea, Dem. People's Rep.",PRK,1967,4.05
"Korea, Dem. People's Rep.",PRK,1966,3.709
"Korea, Dem. People's Rep.",PRK,1965,3.556
"Korea, Dem. People's Rep.",PRK,1964,3.547
"Korea, Dem. People's Rep.",PRK,1963,3.626
"Korea, Dem. People's Rep.",PRK,1962,3.412
"Korea, Dem. People's Rep.",PRK,1961,3.261
"Korea, Dem. People's Rep.",PRK,1960,3.568
"Korea, Rep.",KOR,2025,
"Korea, Rep.",KOR,2024,0.748
"Korea, Rep.",KOR,2023,0.721
"Korea, Rep.",KOR,2022,0.778
"Korea, Rep.",KOR,2021,0.808
"Korea, Rep.",KOR,2020,0.837
"Korea, Rep.",KOR,2019,0.918
"Korea, Rep.",KOR,2018,0.977
"Korea, Rep.",KOR,2017,1.052
"Korea, Rep.",KOR,2016,1.172
"Korea, Rep.",KOR,2015,1.239
"Korea, Rep.",KOR,2014,1.205
"Korea, Rep.",KOR,2013,1.187
"Korea, Rep.",KOR,2012,1.297
"Korea, Rep.",KOR,2011,1.244
"Korea, Rep.",KOR,2010,1.226
"Korea, Rep.",KOR,2009,1.149
"Korea, Rep.",KOR,2008,1.192
"Korea, Rep.",KOR,2007,1.259
"Korea, Rep.",KOR,2006,1.132
"Korea, Rep.",KOR,2005,1.085
"Korea, Rep.",KOR,2004,1.164
"Korea, Rep.",KOR,2003,1.191
"Korea, Rep.",KOR,2002,1.178
"Korea, Rep.",KOR,2001,1.309
"Korea, Rep.",KOR,2000,1.48
"Korea, Rep.",KOR,1999,1.425
"Korea, Rep.",KOR,1998,1.464
"Korea, Rep.",KOR,1997,1.537
"Korea, Rep.",KOR,1996,1.574
"Korea, Rep.",KOR,1995,1.634
"Korea, Rep.",KOR,1994,1.656
"Korea, Rep.",KOR,1993,1.654
"Korea, Rep.",KOR,1992,1.76
"Korea, Rep.",KOR,1991,1.71
"Korea, Rep.",KOR,1990,1.57
"Korea, Rep.",KOR,1989,1.56
"Korea, Rep.",KOR,1988,1.55
"Korea, Rep.",KOR,1987,1.53
"Korea, Rep.",KOR,1986,1.58
"Korea, Rep.",KOR,1985,1.66
"Korea, Rep.",KOR,1984,1.74
"Korea, Rep.",KOR,1983,2.06
"Korea, Rep.",KOR,1982,2.39
"Korea, Rep.",KOR,1981,2.57
"Korea, Rep.",KOR,1980,2.82
"Korea, Rep.",KOR,1979,2.9
"Korea, Rep.",KOR,1978,2.64
"Korea, Rep.",KOR,1977,2.99
"Korea, Rep.",KOR,1976,3.0
"Korea, Rep.",KOR,1975,3.43
"Korea, Rep.",KOR,1974,3.77
"Korea, Rep.",KOR,1973,4.07
"Korea, Rep.",KOR,1972,4.12
"Korea, Rep.",KOR,1971,4.54
"Korea, Rep.",KOR,1970,4.53
"Korea, Rep.",KOR,1969,4.447
"Korea, Rep.",KOR,1968,4.51
"Korea, Rep.",KOR,1967,4.615
"Korea, Rep.",KOR,1966,4.782
"Korea, Rep.",KOR,1965,4.887
"Korea, Rep.",KOR,1964,5.068
"Korea, Rep.",KOR,1963,5.334
"Korea, Rep.",KOR,1962,5.562
"Korea, Rep.",KOR,1961,5.803
"Korea, Rep.",KOR,1960,5.994
Kosovo,XKX,2025,
Kosovo,XKX,2024,1.538
Kosovo,XKX,2023,1.545
Kosovo,XKX,2022,1.555
Kosovo,XKX,2021,1.561
Kosovo,XKX,2020,1.567
Kosovo,XKX,2019,1.575
Kosovo,XKX,2018,1.581
Kosovo,XKX,2017,1.618
Kosovo,XKX,2016,1.641
Kosovo,XKX,2015,1.763
Kosovo,XKX,2014,1.87
Kosovo,XKX,2013,1.953
Kosovo,XKX,2012,1.969
Kosovo,XKX,2011,2.038
Kosovo,XKX,2010,2.223
Kosovo,XKX,2009,2.317
Kosovo,XKX,2008,2.359
Kosovo,XKX,2007,2.393
Kosovo,XKX,2006,2.494
Kosovo,XKX,2005,2.623
Kosovo,XKX,2004,2.65
Kosovo,XKX,2003,2.67
Kosovo,XKX,2002,2.791
Kosovo,XKX,2001,2.765
Kosovo,XKX,2000,2.698
Kosovo,XKX,1999,2.634
Kosovo,XKX,1998,2.35
Kosovo,XKX,1997,2.312
Kosovo,XKX,1996,2.536
Kosovo,XKX,1995,2.524
Kosovo,XKX,1994,2.524
Kosovo,XKX,1993,2.65
Kosovo,XKX,1992,2.765
Kosovo,XKX,1991,3.373
Kosovo,XKX,1990,3.666
Kosovo,XKX,1989,3.672
Kosovo,XKX,1988,3.967
Kosovo,XKX,1987,4.098
Kosovo,XKX,1986,4.115
Kosovo,XKX,1985,4.197
Kosovo,XKX,1984,4.406
Kosovo,XKX,1983,4.462
Kosovo,XKX,1982,4.493
Kosovo,XKX,1981,4.501
Kosovo,XKX,1980,4.658
Kosovo,XKX,1979,4.697
Kosovo,XKX,1978,4.831
Kosovo,XKX,1977,5.012
Kosovo,XKX,1976,5.185
Kosovo,XKX,1975,5.283
Kosovo,XKX,1974,5.373
Kosovo,XKX,1973,5.418
Kosovo,XKX,1972,5.488
Kosovo,XKX,1971,5.556
Kosovo,XKX,1970,5.624
Kosovo,XKX,1969,5.731
Kosovo,XKX,1968,5.812
Kosovo,XKX,1967,5.877
Kosovo,XKX,1966,5.947
Kosovo,XKX,1965,6.035
Kosovo,XKX,1964,6.112
Kosovo,XKX,1963,6.176
Kosovo,XKX,1962,6.244
Kosovo,XKX,1961,6.314
Kosovo,XKX,1960,6.359
Kuwait,KWT,2025,
Kuwait,KWT,2024,1.56
Kuwait,KWT,2023,1.524
Kuwait,KWT,2022,1.546
Kuwait,KWT,2021,2.148
Kuwait,KWT,2020,2.033
Kuwait,KWT,2019,2.082
Kuwait,KWT,2018,2.118
Kuwait,KWT,2017,2.16
Kuwait,KWT,2016,2.061
Kuwait,KWT,2015,2.03
Kuwait,KWT,2014,2.06
Kuwait,KWT,2013,1.968
Kuwait,KWT,2012,1.99
Kuwait,KWT,2011,1.956
Kuwait,KWT,2010,2.044
Kuwait,KWT,2009,2.155
Kuwait,KWT,2008,2.266
Kuwait,KWT,2007,2.412
Kuwait,KWT,2006,2.589
Kuwait,KWT,2005,2.731
Kuwait,KWT,2004,2.762
Kuwait,KWT,2003,2.771
Kuwait,KWT,2002,2.795
Kuwait,KWT,2001,2.839
Kuwait,KWT,2000,2.887
Kuwait,KWT,1999,2.952
Kuwait,KWT,1998,3.039
Kuwait,KWT,1997,3.135
Kuwait,KWT,1996,3.223
Kuwait,KWT,1995,3.248
Kuwait,KWT,1994,3.272
Kuwait,KWT,1993,3.313
Kuwait,KWT,1992,3.353
Kuwait,KWT,1991,3.398
Kuwait,KWT,1990,3.487
Kuwait,KWT,1989,3.593
Kuwait,KWT,1988,3.702
Kuwait,KWT,1987,3.827
Kuwait,KWT,1986,4.003
Kuwait,KWT,1985,4.218
Kuwait,KWT,1984,4.452
Kuwait,KWT,1983,4.658
Kuwait,KWT,1982,4.848
Kuwait,KWT,1981,5.021
Kuwait,KWT,1980,5.184
Kuwait,KWT,1979,5.333
Kuwait,KWT,1978,5.521
Kuwait,KWT,1977,5.712
Kuwait,KWT,1976,5.896
Kuwait,KWT,1975,6.059
Kuwait,KWT,1974,6.233
Kuwait,KWT,1973,6.43
Kuwait,KWT,1972,6.637
Kuwait,KWT,1971,6.839
Kuwait,KWT,1970,7.025
Kuwait,KWT,1969,7.181
Kuwait,KWT,1968,7.278
Kuwait,KWT,1967,7.326
Kuwait,KWT,1966,7.34
Kuwait,KWT,1965,7.314
Kuwait,KWT,1964,7.286
Kuwait,KWT,1963,7.275
Kuwait,KWT,1962,7.254
Kuwait,KWT,1961,7.248
Kuwait,KWT,1960,7.223
Kyrgyz Republic,KGZ,2025,
Kyrgyz Republic,KGZ,2024,2.6
Kyrgyz Republic,KGZ,2023,2.7
Kyrgyz Republic,KGZ,2022,2.8
Kyrgyz Republic,KGZ,2021,2.89
Kyrgyz Republic,KGZ,2020,3.1
Kyrgyz Republic,KGZ,2019,3.3
Kyrgyz Republic,KGZ,2018,3.3
Kyrgyz Republic,KGZ,2017,3.0
Kyrgyz Republic,KGZ,2016,3.1
Kyrgyz Republic,KGZ,2015,3.2
Kyrgyz Republic,KGZ,2014,3.2
Kyrgyz Republic,KGZ,2013,3.1
Kyrgyz Republic,KGZ,2012,3.2
Kyrgyz Republic,KGZ,2011,3.1
Kyrgyz Republic,KGZ,2010,3.1
Kyrgyz Republic,KGZ,2009,2.9
Kyrgyz Republic,KGZ,2008,2.8
Kyrgyz Republic,KGZ,2007,2.7
Kyrgyz Republic,KGZ,2006,2.7
Kyrgyz Republic,KGZ,2005,2.5
Kyrgyz Republic,KGZ,2004,2.6
Kyrgyz Republic,KGZ,2003,2.5
Kyrgyz Republic,KGZ,2002,2.4
Kyrgyz Republic,KGZ,2001,2.4
Kyrgyz Republic,KGZ,2000,2.4
Kyrgyz Republic,KGZ,1999,2.6
Kyrgyz Republic,KGZ,1998,2.7
Kyrgyz Republic,KGZ,1997,2.6
Kyrgyz Republic,KGZ,1996,2.8
Kyrgyz Republic,KGZ,1995,3.1
Kyrgyz Republic,KGZ,1994,2.9
Kyrgyz Republic,KGZ,1993,3.2
Kyrgyz Republic,KGZ,1992,3.52
Kyrgyz Republic,KGZ,1991,3.58
Kyrgyz Republic,KGZ,1990,3.63
Kyrgyz Republic,KGZ,1989,3.875
Kyrgyz Republic,KGZ,1988,4.031
Kyrgyz Republic,KGZ,1987,4.163
Kyrgyz Republic,KGZ,1986,4.221
Kyrgyz Republic,KGZ,1985,4.203
Kyrgyz Republic,KGZ,1984,4.198
Kyrgyz Republic,KGZ,1983,4.165
Kyrgyz Republic,KGZ,1982,4.198
Kyrgyz Republic,KGZ,1981,4.188
Kyrgyz Republic,KGZ,1980,4.225
Kyrgyz Republic,KGZ,1979,4.377
Kyrgyz Republic,KGZ,1978,4.526
Kyrgyz Republic,KGZ,1977,4.593
Kyrgyz Republic,KGZ,1976,4.676
Kyrgyz Republic,KGZ,1975,4.764
Kyrgyz Republic,KGZ,1974,4.891
Kyrgyz Republic,KGZ,1973,5.024
Kyrgyz Republic,KGZ,1972,5.137
Kyrgyz Republic,KGZ,1971,5.181
Kyrgyz Republic,KGZ,1970,5.203
Kyrgyz Republic,KGZ,1969,5.183
Kyrgyz Republic,KGZ,1968,5.182
Kyrgyz Republic,KGZ,1967,5.255
Kyrgyz Republic,KGZ,1966,5.321
Kyrgyz Republic,KGZ,1965,5.375
Kyrgyz Republic,KGZ,1964,5.433
Kyrgyz Republic,KGZ,1963,5.479
Kyrgyz Republic,KGZ,1962,5.421
Kyrgyz Republic,KGZ,1961,5.364
Kyrgyz Republic,KGZ,1960,5.309
Lao PDR,LAO,2025,
Lao PDR,LAO,2024,2.397
Lao PDR,LAO,2023,2.421
Lao PDR,LAO,2022,2.455
Lao PDR,LAO,2021,2.494
Lao PDR,LAO,2020,2.535
Lao PDR,LAO,2019,2.589
Lao PDR,LAO,2018,2.633
Lao PDR,LAO,2017,2.691
Lao PDR,LAO,2016,2.744
Lao PDR,LAO,2015,2.796
Lao PDR,LAO,2014,2.802
Lao PDR,LAO,2013,2.872
Lao PDR,LAO,2012,2.953
Lao PDR,LAO,2011,3.049
Lao PDR,LAO,2010,3.137
Lao PDR,LAO,2009,3.229
Lao PDR,LAO,2008,3.331
Lao PDR,LAO,2007,3.438
Lao PDR,LAO,2006,3.559
Lao PDR,LAO,2005,3.685
Lao PDR,LAO,2004,3.898
Lao PDR,LAO,2003,4.024
Lao PDR,LAO,2002,4.132
Lao PDR,LAO,2001,4.29
Lao PDR,LAO,2000,4.429
Lao PDR,LAO,1999,4.639
Lao PDR,LAO,1998,4.792
Lao PDR,LAO,1997,4.961
Lao PDR,LAO,1996,5.148
Lao PDR,LAO,1995,5.355
Lao PDR,LAO,1994,5.598
Lao PDR,LAO,1993,5.798
Lao PDR,LAO,1992,5.9
Lao PDR,LAO,1991,5.986
Lao PDR,LAO,1990,6.057
Lao PDR,LAO,1989,6.102
Lao PDR,LAO,1988,6.158
Lao PDR,LAO,1987,6.205
Lao PDR,LAO,1986,6.255
Lao PDR,LAO,1985,6.328
Lao PDR,LAO,1984,6.37
Lao PDR,LAO,1983,6.376
Lao PDR,LAO,1982,6.369
Lao PDR,LAO,1981,6.35
Lao PDR,LAO,1980,6.332
Lao PDR,LAO,1979,6.314
Lao PDR,LAO,1978,6.298
Lao PDR,LAO,1977,6.293
Lao PDR,LAO,1976,6.289
Lao PDR,LAO,1975,6.287
Lao PDR,LAO,1974,6.289
Lao PDR,LAO,1973,6.281
Lao PDR,LAO,1972,6.284
Lao PDR,LAO,1971,6.295
Lao PDR,LAO,1970,6.31
Lao PDR,LAO,1969,6.301
Lao PDR,LAO,1968,6.298
Lao PDR,LAO,1967,6.306
Lao PDR,LAO,1966,6.307
Lao PDR,LAO,1965,6.316
Lao PDR,LAO,1964,6.313
Lao PDR,LAO,1963,6.318
Lao PDR,LAO,1962,6.313
Lao PDR,LAO,1961,6.31
Lao PDR,LAO,1960,6.292
Latvia,LVA,2025,
Latvia,LVA,2024,1.24
Latvia,LVA,2023,1.36
Latvia,LVA,2022,1.47
Latvia,LVA,2021,1.57
Latvia,LVA,2020,1.55
Latvia,LVA,2019,1.61
Latvia,LVA,2018,1.6
Latvia,LVA,2017,1.69
Latvia,LVA,2016,1.74
Latvia,LVA,2015,1.7
Latvia,LVA,2014,1.65
Latvia,LVA,2013,1.52
Latvia,LVA,2012,1.44
Latvia,LVA,2011,1.33
Latvia,LVA,2010,1.36
Latvia,LVA,2009,1.46
Latvia,LVA,2008,1.58
Latvia,LVA,2007,1.54
Latvia,LVA,2006,1.46
Latvia,LVA,2005,1.39
Latvia,LVA,2004,1.29
Latvia,LVA,2003,1.32
Latvia,LVA,2002,1.26
Latvia,LVA,2001,1.22
Latvia,LVA,2000,1.25
Latvia,LVA,1999,1.16
Latvia,LVA,1998,1.09
Latvia,LVA,1997,1.11
Latvia,LVA,1996,1.16
Latvia,LVA,1995,1.25
Latvia,LVA,1994,1.39
Latvia,LVA,1993,1.51
Latvia,LVA,1992,1.73
Latvia,LVA,1991,1.86
Latvia,LVA,1990,2.02
Latvia,LVA,1989,2.05
Latvia,LVA,1988,2.11
Latvia,LVA,1987,2.15
Latvia,LVA,1986,2.12
Latvia,LVA,1985,2.08
Latvia,LVA,1984,2.09
Latvia,LVA,1983,2.07
Latvia,LVA,1982,1.97
Latvia,LVA,1981,1.88
Latvia,LVA,1980,1.86
Latvia,LVA,1979,1.87
Latvia,LVA,1978,1.87
Latvia,LVA,1977,1.89
Latvia,LVA,1976,1.93
Latvia,LVA,1975,1.96
Latvia,LVA,1974,1.97
Latvia,LVA,1973,1.98
Latvia,LVA,1972,2.0
Latvia,LVA,1971,2.0
Latvia,LVA,1970,1.96
Latvia,LVA,1969,1.88
Latvia,LVA,1968,1.83
Latvia,LVA,1967,1.8
Latvia,LVA,1966,1.76
Latvia,LVA,1965,1.74
Latvia,LVA,1964,1.79
Latvia,LVA,1963,1.85
Latvia,LVA,1962,1.91
Latvia,LVA,1961,1.94
Latvia,LVA,1960,1.94
Lebanon,LBN,2025,
Lebanon,LBN,2024,2.227
Lebanon,LBN,2023,2.239
Lebanon,LBN,2022,2.263
Lebanon,LBN,2021,2.283
Lebanon,LBN,2020,2.308
Lebanon,LBN,2019,2.327
Lebanon,LBN,2018,2.347
Lebanon,LBN,2017,2.372
Lebanon,LBN,2016,2.39
Lebanon,LBN,2015,2.382
Lebanon,LBN,2014,2.375
Lebanon,LBN,2013,2.361
Lebanon,LBN,2012,2.345
Lebanon,LBN,2011,2.32
Lebanon,LBN,2010,2.256
Lebanon,LBN,2009,2.191
Lebanon,LBN,2008,2.172
Lebanon,LBN,2007,2.201
Lebanon,LBN,2006,2.244
Lebanon,LBN,2005,2.291
Lebanon,LBN,2004,2.378
Lebanon,LBN,2003,2.457
Lebanon,LBN,2002,2.523
Lebanon,LBN,2001,2.576
Lebanon,LBN,2000,2.6
Lebanon,LBN,1999,2.631
Lebanon,LBN,1998,2.648
Lebanon,LBN,1997,2.667
Lebanon,LBN,1996,2.698
Lebanon,LBN,1995,2.725
Lebanon,LBN,1994,2.823
Lebanon,LBN,1993,2.937
Lebanon,LBN,1992,3.052
Lebanon,LBN,1991,3.162
Lebanon,LBN,1990,3.268
Lebanon,LBN,1989,3.363
Lebanon,LBN,1988,3.392
Lebanon,LBN,1987,3.42
Lebanon,LBN,1986,3.466
Lebanon,LBN,1985,3.533
Lebanon,LBN,1984,3.658
Lebanon,LBN,1983,3.734
Lebanon,LBN,1982,3.855
Lebanon,LBN,1981,3.953
Lebanon,LBN,1980,4.011
Lebanon,LBN,1979,4.077
Lebanon,LBN,1978,4.176
Lebanon,LBN,1977,4.279
Lebanon,LBN,1976,4.394
Lebanon,LBN,1975,4.521
Lebanon,LBN,1974,4.654
Lebanon,LBN,1973,4.79
Lebanon,LBN,1972,4.912
Lebanon,LBN,1971,5.05
Lebanon,LBN,1970,5.188
Lebanon,LBN,1969,5.316
Lebanon,LBN,1968,5.448
Lebanon,LBN,1967,5.569
Lebanon,LBN,1966,5.677
Lebanon,LBN,1965,5.768
Lebanon,LBN,1964,5.851
Lebanon,LBN,1963,5.905
Lebanon,LBN,1962,5.902
Lebanon,LBN,1961,5.891
Lebanon,LBN,1960,5.877
Lesotho,LSO,2025,
Lesotho,LSO,2024,2.664
Lesotho,LSO,2023,2.694
Lesotho,LSO,2022,2.716
Lesotho,LSO,2021,2.769
Lesotho,LSO,2020,2.846
Lesotho,LSO,2019,2.924
Lesotho,LSO,2018,3.016
Lesotho,LSO,2017,3.105
Lesotho,LSO,2016,3.18
Lesotho,LSO,2015,3.217
Lesotho,LSO,2014,3.239
Lesotho,LSO,2013,3.283
Lesotho,LSO,2012,3.296
Lesotho,LSO,2011,3.343
Lesotho,LSO,2010,3.25
Lesotho,LSO,2009,3.309
Lesotho,LSO,2008,3.392
Lesotho,LSO,2007,3.442
Lesotho,LSO,2006,3.414
Lesotho,LSO,2005,3.428
Lesotho,LSO,2004,3.508
Lesotho,LSO,2003,3.619
Lesotho,LSO,2002,3.682
Lesotho,LSO,2001,3.63
Lesotho,LSO,2000,3.605
Lesotho,LSO,1999,3.67
Lesotho,LSO,1998,3.815
Lesotho,LSO,1997,3.982
Lesotho,LSO,1996,4.058
Lesotho,LSO,1995,4.125
Lesotho,LSO,1994,4.21
Lesotho,LSO,1993,4.365
Lesotho,LSO,1992,4.541
Lesotho,LSO,1991,4.681
Lesotho,LSO,1990,4.813
Lesotho,LSO,1989,4.964
Lesotho,LSO,1988,5.104
Lesotho,LSO,1987,5.222
Lesotho,LSO,1986,5.317
Lesotho,LSO,1985,5.401
Lesotho,LSO,1984,5.478
Lesotho,LSO,1983,5.56
Lesotho,LSO,1982,5.632
Lesotho,LSO,1981,5.694
Lesotho,LSO,1980,5.746
Lesotho,LSO,1979,5.789
Lesotho,LSO,1978,5.823
Lesotho,LSO,1977,5.848
Lesotho,LSO,1976,5.871
Lesotho,LSO,1975,5.825
Lesotho,LSO,1974,5.753
Lesotho,LSO,1973,5.688
Lesotho,LSO,1972,5.694
Lesotho,LSO,1971,5.696
Lesotho,LSO,1970,5.698
Lesotho,LSO,1969,5.704
Lesotho,LSO,1968,5.725
Lesotho,LSO,1967,5.745
Lesotho,LSO,1966,5.756
Lesotho,LSO,1965,5.772
Lesotho,LSO,1964,5.765
Lesotho,LSO,1963,5.776
Lesotho,LSO,1962,5.787
Lesotho,LSO,1961,5.785
Lesotho,LSO,1960,5.784
Liberia,LBR,2025,
Liberia,LBR,2024,3.864
Liberia,LBR,2023,3.95
Liberia,LBR,2022,4.016
Liberia,LBR,2021,4.089
Liberia,LBR,2020,4.174
Liberia,LBR,2019,4.257
Liberia,LBR,2018,4.336
Liberia,LBR,2017,4.396
Liberia,LBR,2016,4.461
Liberia,LBR,2015,4.523
Liberia,LBR,2014,4.622
Liberia,LBR,2013,4.749
Liberia,LBR,2012,4.881
Liberia,LBR,2011,4.97
Liberia,LBR,2010,5.058
Liberia,LBR,2009,5.174
Liberia,LBR,2008,5.328
Liberia,LBR,2007,5.462
Liberia,LBR,2006,5.53
Liberia,LBR,2005,5.519
Liberia,LBR,2004,5.506
Liberia,LBR,2003,5.547
Liberia,LBR,2002,5.653
Liberia,LBR,2001,5.774
Liberia,LBR,2000,5.875
Liberia,LBR,1999,5.953
Liberia,LBR,1998,6.017
Liberia,LBR,1997,6.079
Liberia,LBR,1996,6.129
Liberia,LBR,1995,6.173
Liberia,LBR,1994,6.21
Liberia,LBR,1993,6.246
Liberia,LBR,1992,6.277
Liberia,LBR,1991,6.323
Liberia,LBR,1990,6.37
Liberia,LBR,1989,6.434
Liberia,LBR,1988,6.507
Liberia,LBR,1987,6.572
Liberia,LBR,1986,6.638
Liberia,LBR,1985,6.693
Liberia,LBR,1984,6.728
Liberia,LBR,1983,6.76
Liberia,LBR,1982,6.788
Liberia,LBR,1981,6.834
Liberia,LBR,1980,6.872
Liberia,LBR,1979,6.919
Liberia,LBR,1978,6.884
Liberia,LBR,1977,6.841
Liberia,LBR,1976,6.793
Liberia,LBR,1975,6.744
Liberia,LBR,1974,6.691
Liberia,LBR,1973,6.651
Liberia,LBR,1972,6.599
Liberia,LBR,1971,6.542
Liberia,LBR,1970,6.578
Liberia,LBR,1969,6.644
Liberia,LBR,1968,6.657
Liberia,LBR,1967,6.65
Liberia,LBR,1966,6.628
Liberia,LBR,1965,6.617
Liberia,LBR,1964,6.585
Liberia,LBR,1963,6.556
Liberia,LBR,1962,6.504
Liberia,LBR,1961,6.446
Liberia,LBR,1960,6.391
Libya,LBY,2025,
Libya,LBY,2024,2.298
Libya,LBY,2023,2.355
Libya,LBY,2022,2.402
Libya,LBY,2021,2.462
Libya,LBY,2020,2.507
Libya,LBY,2019,2.539
Libya,LBY,2018,2.581
Libya,LBY,2017,2.626
Libya,LBY,2016,2.673
Libya,LBY,2015,2.711
Libya,LBY,2014,2.754
Libya,LBY,2013,2.716
Libya,LBY,2012,2.68
Libya,LBY,2011,2.646
Libya,LBY,2010,2.603
Libya,LBY,2009,2.556
Libya,LBY,2008,2.599
Libya,LBY,2007,2.648
Libya,LBY,2006,2.699
Libya,LBY,2005,2.765
Libya,LBY,2004,2.773
Libya,LBY,2003,2.797
Libya,LBY,2002,2.831
Libya,LBY,2001,2.866
Libya,LBY,2000,2.906
Libya,LBY,1999,2.972
Libya,LBY,1998,3.043
Libya,LBY,1997,3.132
Libya,LBY,1996,3.256
Libya,LBY,1995,3.442
Libya,LBY,1994,3.649
Libya,LBY,1993,3.883
Libya,LBY,1992,4.162
Libya,LBY,1991,4.461
Libya,LBY,1990,4.776
Libya,LBY,1989,5.091
Libya,LBY,1988,5.41
Libya,LBY,1987,5.718
Libya,LBY,1986,6.022
Libya,LBY,1985,6.328
Libya,LBY,1984,6.622
Libya,LBY,1983,6.91
Libya,LBY,1982,7.162
Libya,LBY,1981,7.371
Libya,LBY,1980,7.543
Libya,LBY,1979,7.68
Libya,LBY,1978,7.789
Libya,LBY,1977,7.872
Libya,LBY,1976,7.932
Libya,LBY,1975,7.977
Libya,LBY,1974,8.02
Libya,LBY,1973,8.047
Libya,LBY,1972,8.073
Libya,LBY,1971,8.096
Libya,LBY,1970,8.048
Libya,LBY,1969,8.011
Libya,LBY,1968,7.974
Libya,LBY,1967,7.932
Libya,LBY,1966,7.891
Libya,LBY,1965,7.823
Libya,LBY,1964,7.752
Libya,LBY,1963,7.685
Libya,LBY,1962,7.61
Libya,LBY,1961,7.556
Libya,LBY,1960,7.509
Liechtenstein,LIE,2025,
Liechtenstein,LIE,2024,1.37
Liechtenstein,LIE,2023,1.45
Liechtenstein,LIE,2022,1.47
Liechtenstein,LIE,2021,1.53
Liechtenstein,LIE,2020,1.46
Liechtenstein,LIE,2019,1.48
Liechtenstein,LIE,2018,1.58
Liechtenstein,LIE,2017,1.44
Liechtenstein,LIE,2016,1.61
Liechtenstein,LIE,2015,1.4
Liechtenstein,LIE,2014,1.59
Liechtenstein,LIE,2013,1.45
Liechtenstein,LIE,2012,1.51
Liechtenstein,LIE,2011,1.69
Liechtenstein,LIE,2010,1.4
Liechtenstein,LIE,2009,1.71
Liechtenstein,LIE,2008,1.43
Liechtenstein,LIE,2007,1.42
Liechtenstein,LIE,2006,1.43
Liechtenstein,LIE,2005,1.49
Liechtenstein,LIE,2004,1.44
Liechtenstein,LIE,2003,1.36
Liechtenstein,LIE,2002,1.47
Liechtenstein,LIE,2001,1.52
Liechtenstein,LIE,2000,1.57
Liechtenstein,LIE,1999,1.63
Liechtenstein,LIE,1998,1.586
Liechtenstein,LIE,1997,1.569
Liechtenstein,LIE,1996,1.516
Liechtenstein,LIE,1995,1.435
Liechtenstein,LIE,1994,1.442
Liechtenstein,LIE,1993,1.454
Liechtenstein,LIE,1992,1.477
Liechtenstein,LIE,1991,1.5
Liechtenstein,LIE,1990,1.501
Liechtenstein,LIE,1989,1.501
Liechtenstein,LIE,1988,1.496
Liechtenstein,LIE,1987,1.496
Liechtenstein,LIE,1986,1.479
Liechtenstein,LIE,1985,1.495
Liechtenstein,LIE,1984,1.508
Liechtenstein,LIE,1983,1.529
Liechtenstein,LIE,1982,1.606
Liechtenstein,LIE,1981,1.688
Liechtenstein,LIE,1980,1.696
Liechtenstein,LIE,1979,1.673
Liechtenstein,LIE,1978,1.9
Liechtenstein,LIE,1977,1.92
Liechtenstein,LIE,1976,1.909
Liechtenstein,LIE,1975,1.897
Liechtenstein,LIE,1974,1.904
Liechtenstein,LIE,1973,1.936
Liechtenstein,LIE,1972,1.983
Liechtenstein,LIE,1971,2.033
Liechtenstein,LIE,1970,2.093
Liechtenstein,LIE,1969,2.135
Liechtenstein,LIE,1968,2.217
Liechtenstein,LIE,1967,2.477
Liechtenstein,LIE,1966,2.779
Liechtenstein,LIE,1965,2.963
Liechtenstein,LIE,1964,2.919
Liechtenstein,LIE,1963,2.851
Liechtenstein,LIE,1962,2.798
Liechtenstein,LIE,1961,2.778
Liechtenstein,LIE,1960,2.779
Lithuania,LTU,2025,
Lithuania,LTU,2024,1.11
Lithuania,LTU,2023,1.18
Lithuania,LTU,2022,1.27
Lithuania,LTU,2021,1.36
Lithuania,LTU,2020,1.36
Lithuania,LTU,2019,1.43
Lithuania,LTU,2018,1.53
Lithuania,LTU,2017,1.57
Lithuania,LTU,2016,1.63
Lithuania,LTU,2015,1.63
Lithuania,LTU,2014,1.57
Lithuania,LTU,2013,1.59
Lithuania,LTU,2012,1.6
Lithuania,LTU,2011,1.55
Lithuania,LTU,2010,1.5
Lithuania,LTU,2009,1.5
Lithuania,LTU,2008,1.45
Lithuania,LTU,2007,1.36
Lithuania,LTU,2006,1.33
Lithuania,LTU,2005,1.29
Lithuania,LTU,2004,1.27
Lithuania,LTU,2003,1.26
Lithuania,LTU,2002,1.23
Lithuania,LTU,2001,1.29
Lithuania,LTU,2000,1.39
Lithuania,LTU,1999,1.46
Lithuania,LTU,1998,1.46
Lithuania,LTU,1997,1.47
Lithuania,LTU,1996,1.49
Lithuania,LTU,1995,1.55
Lithuania,LTU,1994,1.57
Lithuania,LTU,1993,1.74
Lithuania,LTU,1992,1.97
Lithuania,LTU,1991,2.01
Lithuania,LTU,1990,2.03
Lithuania,LTU,1989,1.98
Lithuania,LTU,1988,2.02
Lithuania,LTU,1987,2.11
Lithuania,LTU,1986,2.12
Lithuania,LTU,1985,2.08
Lithuania,LTU,1984,2.07
Lithuania,LTU,1983,2.1
Lithuania,LTU,1982,1.97
Lithuania,LTU,1981,1.98
Lithuania,LTU,1980,1.99
Lithuania,LTU,1979,2.05
Lithuania,LTU,1978,2.08
Lithuania,LTU,1977,2.14
Lithuania,LTU,1976,2.18
Lithuania,LTU,1975,2.18
Lithuania,LTU,1974,2.21
Lithuania,LTU,1973,2.22
Lithuania,LTU,1972,2.34
Lithuania,LTU,1971,2.41
Lithuania,LTU,1970,2.4
Lithuania,LTU,1969,2.3
Lithuania,LTU,1968,2.24
Lithuania,LTU,1967,2.23
Lithuania,LTU,1966,2.22
Lithuania,LTU,1965,2.23
Lithuania,LTU,1964,2.28
Lithuania,LTU,1963,2.35
Lithuania,LTU,1962,2.45
Lithuania,LTU,1961,2.53
Lithuania,LTU,1960,2.56
Luxembourg,LUX,2025,
Luxembourg,LUX,2024,1.25
Luxembourg,LUX,2023,1.25
Luxembourg,LUX,2022,1.31
Luxembourg,LUX,2021,1.38
Luxembourg,LUX,2020,1.36
Luxembourg,LUX,2019,1.34
Luxembourg,LUX,2018,1.38
Luxembourg,LUX,2017,1.39
Luxembourg,LUX,2016,1.41
Luxembourg,LUX,2015,1.47
Luxembourg,LUX,2014,1.5
Luxembourg,LUX,2013,1.55
Luxembourg,LUX,2012,1.57
Luxembourg,LUX,2011,1.52
Luxembourg,LUX,2010,1.63
Luxembourg,LUX,2009,1.59
Luxembourg,LUX,2008,1.61
Luxembourg,LUX,2007,1.61
Luxembourg,LUX,2006,1.65
Luxembourg,LUX,2005,1.63
Luxembourg,LUX,2004,1.66
Luxembourg,LUX,2003,1.62
Luxembourg,LUX,2002,1.63
Luxembourg,LUX,2001,1.66
Luxembourg,LUX,2000,1.76
Luxembourg,LUX,1999,1.74
Luxembourg,LUX,1998,1.68
Luxembourg,LUX,1997,1.71
Luxembourg,LUX,1996,1.77
Luxembourg,LUX,1995,1.7
Luxembourg,LUX,1994,1.72
Luxembourg,LUX,1993,1.7
Luxembourg,LUX,1992,1.64
Luxembourg,LUX,1991,1.6
Luxembourg,LUX,1990,1.6
Luxembourg,LUX,1989,1.52
Luxembourg,LUX,1988,1.51
Luxembourg,LUX,1987,1.4
Luxembourg,LUX,1986,1.43
Luxembourg,LUX,1985,1.38
Luxembourg,LUX,1984,1.42
Luxembourg,LUX,1983,1.43
Luxembourg,LUX,1982,1.49
Luxembourg,LUX,1981,1.55
Luxembourg,LUX,1980,1.5
Luxembourg,LUX,1979,1.48
Luxembourg,LUX,1978,1.48
Luxembourg,LUX,1977,1.5
Luxembourg,LUX,1976,1.48
Luxembourg,LUX,1975,1.55
Luxembourg,LUX,1974,1.58
Luxembourg,LUX,1973,1.58
Luxembourg,LUX,1972,1.75
Luxembourg,LUX,1971,1.95
Luxembourg,LUX,1970,1.97
Luxembourg,LUX,1969,2.02
Luxembourg,LUX,1968,2.12
Luxembourg,LUX,1967,2.24
Luxembourg,LUX,1966,2.34
Luxembourg,LUX,1965,2.42
Luxembourg,LUX,1964,2.34
Luxembourg,LUX,1963,
Luxembourg,LUX,1962,2.37
Luxembourg,LUX,1961,
Luxembourg,LUX,1960,2.29
"Macao SAR, China",MAC,2025,
"Macao SAR, China",MAC,2024,0.582
"Macao SAR, China",MAC,2023,0.586
"Macao SAR, China",MAC,2022,0.68
"Macao SAR, China",MAC,2021,0.756
"Macao SAR, China",MAC,2020,0.841
"Macao SAR, China",MAC,2019,0.899
"Macao SAR, China",MAC,2018,0.915
"Macao SAR, China",MAC,2017,1.021
"Macao SAR, China",MAC,2016,1.138
"Macao SAR, China",MAC,2015,1.142
"Macao SAR, China",MAC,2014,1.224
"Macao SAR, China",MAC,2013,1.15
"Macao SAR, China",MAC,2012,1.357
"Macao SAR, China",MAC,2011,1.15
"Macao SAR, China",MAC,2010,1.07
"Macao SAR, China",MAC,2009,1.004
"Macao SAR, China",MAC,2008,0.979
"Macao SAR, China",MAC,2007,1.008
"Macao SAR, China",MAC,2006,0.954
"Macao SAR, China",MAC,2005,0.912
"Macao SAR, China",MAC,2004,0.855
"Macao SAR, China",MAC,2003,0.837
"Macao SAR, China",MAC,2002,0.813
"Macao SAR, China",MAC,2001,0.818
"Macao SAR, China",MAC,2000,0.933
"Macao SAR, China",MAC,1999,1.025
"Macao SAR, China",MAC,1998,1.113
"Macao SAR, China",MAC,1997,1.205
"Macao SAR, China",MAC,1996,1.288
"Macao SAR, China",MAC,1995,1.367
"Macao SAR, China",MAC,1994,1.431
"Macao SAR, China",MAC,1993,1.471
"Macao SAR, China",MAC,1992,1.547
"Macao SAR, China",MAC,1991,1.615
"Macao SAR, China",MAC,1990,1.709
"Macao SAR, China",MAC,1989,1.81
"Macao SAR, China",MAC,1988,1.863
"Macao SAR, China",MAC,1987,2.06
"Macao SAR, China",MAC,1986,2.189
"Macao SAR, China",MAC,1985,2.235
"Macao SAR, China",MAC,1984,2.145
"Macao SAR, China",MAC,1983,2.098
"Macao SAR, China",MAC,1982,1.992
"Macao SAR, China",MAC,1981,1.849
"Macao SAR, China",MAC,1980,1.731
"Macao SAR, China",MAC,1979,1.58
"Macao SAR, China",MAC,1978,1.425
"Macao SAR, China",MAC,1977,1.391
"Macao SAR, China",MAC,1976,1.43
"Macao SAR, China",MAC,1975,1.554
"Macao SAR, China",MAC,1974,1.731
"Macao SAR, China",MAC,1973,1.843
"Macao SAR, China",MAC,1972,1.94
"Macao SAR, China",MAC,1971,1.994
"Macao SAR, China",MAC,1970,2.083
"Macao SAR, China",MAC,1969,2.307
"Macao SAR, China",MAC,1968,2.608
"Macao SAR, China",MAC,1967,3.014
"Macao SAR, China",MAC,1966,3.317
"Macao SAR, China",MAC,1965,3.619
"Macao SAR, China",MAC,1964,3.943
"Macao SAR, China",MAC,1963,4.227
"Macao SAR, China",MAC,1962,4.393
"Macao SAR, China",MAC,1961,4.674
"Macao SAR, China",MAC,1960,4.957
Madagascar,MDG,2025,
Madagascar,MDG,2024,3.912
Madagascar,MDG,2023,3.972
Madagascar,MDG,2022,4.036
Madagascar,MDG,2021,4.104
Madagascar,MDG,2020,4.17
Madagascar,MDG,2019,4.221
Madagascar,MDG,2018,4.246
Madagascar,MDG,2017,4.259
Madagascar,MDG,2016,4.285
Madagascar,MDG,2015,4.335
Madagascar,MDG,2014,4.421
Madagascar,MDG,2013,4.527
Madagascar,MDG,2012,4.613
Madagascar,MDG,2011,4.737
Madagascar,MDG,2010,4.896
Madagascar,MDG,2009,5.003
Madagascar,MDG,2008,5.043
Madagascar,MDG,2007,5.083
Madagascar,MDG,2006,5.133
Madagascar,MDG,2005,5.195
Madagascar,MDG,2004,5.264
Madagascar,MDG,2003,5.329
Madagascar,MDG,2002,5.412
Madagascar,MDG,2001,5.528
Madagascar,MDG,2000,5.665
Madagascar,MDG,1999,5.839
Madagascar,MDG,1998,5.992
Madagascar,MDG,1997,6.023
Madagascar,MDG,1996,6.031
Madagascar,MDG,1995,6.036
Madagascar,MDG,1994,6.042
Madagascar,MDG,1993,6.062
Madagascar,MDG,1992,6.082
Madagascar,MDG,1991,6.118
Madagascar,MDG,1990,6.14
Madagascar,MDG,1989,6.149
Madagascar,MDG,1988,6.178
Madagascar,MDG,1987,6.242
Madagascar,MDG,1986,6.343
Madagascar,MDG,1985,6.456
Madagascar,MDG,1984,6.547
Madagascar,MDG,1983,6.626
Madagascar,MDG,1982,6.699
Madagascar,MDG,1981,6.774
Madagascar,MDG,1980,6.838
Madagascar,MDG,1979,6.872
Madagascar,MDG,1978,6.904
Madagascar,MDG,1977,6.927
Madagascar,MDG,1976,6.954
Madagascar,MDG,1975,6.971
Madagascar,MDG,1974,6.993
Madagascar,MDG,1973,7.011
Madagascar,MDG,1972,7.042
Madagascar,MDG,1971,7.068
Madagascar,MDG,1970,7.096
Madagascar,MDG,1969,7.118
Madagascar,MDG,1968,7.131
Madagascar,MDG,1967,7.144
Madagascar,MDG,1966,7.156
Madagascar,MDG,1965,7.171
Madagascar,MDG,1964,7.188
Madagascar,MDG,1963,7.212
Madagascar,MDG,1962,7.256
Madagascar,MDG,1961,7.299
Madagascar,MDG,1960,7.343
Malawi,MWI,2025,
Malawi,MWI,2024,3.59
Malawi,MWI,2023,3.648
Malawi,MWI,2022,3.72
Malawi,MWI,2021,3.791
Malawi,MWI,2020,3.877
Malawi,MWI,2019,3.952
Malawi,MWI,2018,4.021
Malawi,MWI,2017,4.113
Malawi,MWI,2016,4.216
Malawi,MWI,2015,4.384
Malawi,MWI,2014,4.569
Malawi,MWI,2013,4.759
Malawi,MWI,2012,4.902
Malawi,MWI,2011,5.083
Malawi,MWI,2010,5.263
Malawi,MWI,2009,5.453
Malawi,MWI,2008,5.609
Malawi,MWI,2007,5.724
Malawi,MWI,2006,5.802
Malawi,MWI,2005,5.848
Malawi,MWI,2004,5.864
Malawi,MWI,2003,5.875
Malawi,MWI,2002,5.903
Malawi,MWI,2001,5.943
Malawi,MWI,2000,6.002
Malawi,MWI,1999,6.124
Malawi,MWI,1998,6.205
Malawi,MWI,1997,6.231
Malawi,MWI,1996,6.285
Malawi,MWI,1995,6.392
Malawi,MWI,1994,6.488
Malawi,MWI,1993,6.573
Malawi,MWI,1992,6.63
Malawi,MWI,1991,6.681
Malawi,MWI,1990,6.74
Malawi,MWI,1989,6.803
Malawi,MWI,1988,6.876
Malawi,MWI,1987,6.97
Malawi,MWI,1986,7.069
Malawi,MWI,1985,7.17
Malawi,MWI,1984,7.265
Malawi,MWI,1983,7.361
Malawi,MWI,1982,7.451
Malawi,MWI,1981,7.493
Malawi,MWI,1980,7.518
Malawi,MWI,1979,7.465
Malawi,MWI,1978,7.434
Malawi,MWI,1977,7.408
Malawi,MWI,1976,7.387
Malawi,MWI,1975,7.359
Malawi,MWI,1974,7.344
Malawi,MWI,1973,7.338
Malawi,MWI,1972,7.326
Malawi,MWI,1971,7.311
Malawi,MWI,1970,7.295
Malawi,MWI,1969,7.274
Malawi,MWI,1968,7.262
Malawi,MWI,1967,7.213
Malawi,MWI,1966,7.174
Malawi,MWI,1965,7.126
Malawi,MWI,1964,7.114
Malawi,MWI,1963,7.127
Malawi,MWI,1962,7.095
Malawi,MWI,1961,7.067
Malawi,MWI,1960,7.042
Malaysia,MYS,2025,
Malaysia,MYS,2024,1.543
Malaysia,MYS,2023,1.55
Malaysia,MYS,2022,1.55
Malaysia,MYS,2021,1.555
Malaysia,MYS,2020,1.68
Malaysia,MYS,2019,1.777
Malaysia,MYS,2018,1.838
Malaysia,MYS,2017,1.893
Malaysia,MYS,2016,1.942
Malaysia,MYS,2015,2.008
Malaysia,MYS,2014,2.058
Malaysia,MYS,2013,2.07
Malaysia,MYS,2012,2.117
Malaysia,MYS,2011,2.153
Malaysia,MYS,2010,2.144
Malaysia,MYS,2009,2.223
Malaysia,MYS,2008,2.262
Malaysia,MYS,2007,2.252
Malaysia,MYS,2006,2.308
Malaysia,MYS,2005,2.391
Malaysia,MYS,2004,2.493
Malaysia,MYS,2003,2.601
Malaysia,MYS,2002,2.658
Malaysia,MYS,2001,2.807
Malaysia,MYS,2000,2.942
Malaysia,MYS,1999,3.068
Malaysia,MYS,1998,3.12
Malaysia,MYS,1997,3.227
Malaysia,MYS,1996,3.297
Malaysia,MYS,1995,3.317
Malaysia,MYS,1994,3.346
Malaysia,MYS,1993,3.364
Malaysia,MYS,1992,3.373
Malaysia,MYS,1991,3.339
Malaysia,MYS,1990,3.304
Malaysia,MYS,1989,3.313
Malaysia,MYS,1988,3.502
Malaysia,MYS,1987,3.565
Malaysia,MYS,1986,3.699
Malaysia,MYS,1985,3.804
Malaysia,MYS,1984,3.885
Malaysia,MYS,1983,3.928
Malaysia,MYS,1982,3.967
Malaysia,MYS,1981,4.002
Malaysia,MYS,1980,4.035
Malaysia,MYS,1979,4.091
Malaysia,MYS,1978,4.179
Malaysia,MYS,1977,4.282
Malaysia,MYS,1976,4.398
Malaysia,MYS,1975,4.501
Malaysia,MYS,1974,4.619
Malaysia,MYS,1973,4.727
Malaysia,MYS,1972,4.822
Malaysia,MYS,1971,4.924
Malaysia,MYS,1970,5.035
Malaysia,MYS,1969,5.159
Malaysia,MYS,1968,5.291
Malaysia,MYS,1967,5.433
Malaysia,MYS,1966,5.635
Malaysia,MYS,1965,5.836
Malaysia,MYS,1964,6.03
Malaysia,MYS,1963,6.191
Malaysia,MYS,1962,6.296
Malaysia,MYS,1961,6.367
Malaysia,MYS,1960,6.412
Maldives,MDV,2025,
Maldives,MDV,2024,1.56
Maldives,MDV,2023,1.575
Maldives,MDV,2022,1.583
Maldives,MDV,2021,1.599
Maldives,MDV,2020,1.613
Maldives,MDV,2019,1.64
Maldives,MDV,2018,1.71
Maldives,MDV,2017,1.798
Maldives,MDV,2016,1.903
Maldives,MDV,2015,2.004
Maldives,MDV,2014,2.089
Maldives,MDV,2013,2.174
Maldives,MDV,2012,2.254
Maldives,MDV,2011,2.307
Maldives,MDV,2010,2.349
Maldives,MDV,2009,2.39
Maldives,MDV,2008,2.371
Maldives,MDV,2007,2.293
Maldives,MDV,2006,2.204
Maldives,MDV,2005,2.199
Maldives,MDV,2004,2.262
Maldives,MDV,2003,2.342
Maldives,MDV,2002,2.425
Maldives,MDV,2001,2.532
Maldives,MDV,2000,2.691
Maldives,MDV,1999,2.899
Maldives,MDV,1998,3.171
Maldives,MDV,1997,3.477
Maldives,MDV,1996,3.859
Maldives,MDV,1995,4.292
Maldives,MDV,1994,4.688
Maldives,MDV,1993,5.063
Maldives,MDV,1992,5.435
Maldives,MDV,1991,5.796
Maldives,MDV,1990,6.13
Maldives,MDV,1989,6.386
Maldives,MDV,1988,6.583
Maldives,MDV,1987,6.731
Maldives,MDV,1986,6.846
Maldives,MDV,1985,6.939
Maldives,MDV,1984,7.025
Maldives,MDV,1983,7.092
Maldives,MDV,1982,7.146
Maldives,MDV,1981,7.191
Maldives,MDV,1980,7.226
Maldives,MDV,1979,7.233
Maldives,MDV,1978,7.229
Maldives,MDV,1977,7.266
Maldives,MDV,1976,7.292
Maldives,MDV,1975,7.321
Maldives,MDV,1974,7.377
Maldives,MDV,1973,7.399
Maldives,MDV,1972,7.374
Maldives,MDV,1971,7.384
Maldives,MDV,1970,7.391
Maldives,MDV,1969,7.327
Maldives,MDV,1968,7.279
Maldives,MDV,1967,7.227
Maldives,MDV,1966,7.145
Maldives,MDV,1965,7.07
Maldives,MDV,1964,7.003
Maldives,MDV,1963,6.941
Maldives,MDV,1962,6.887
Maldives,MDV,1961,6.792
Maldives,MDV,1960,6.713
Mali,MLI,2025,
Mali,MLI,2024,5.51
Mali,MLI,2023,5.614
Mali,MLI,2022,5.692
Mali,MLI,2021,5.779
Mali,MLI,2020,5.85
Mali,MLI,2019,5.892
Mali,MLI,2018,6.118
Mali,MLI,2017,6.251
Mali,MLI,2016,6.319
Mali,MLI,2015,6.385
Mali,MLI,2014,6.441
Mali,MLI,2013,6.491
Mali,MLI,2012,6.523
Mali,MLI,2011,6.545
Mali,MLI,2010,6.579
Mali,MLI,2009,6.592
Mali,MLI,2008,6.624
Mali,MLI,2007,6.647
Mali,MLI,2006,6.677
Mali,MLI,2005,6.708
Mali,MLI,2004,6.741
Mali,MLI,2003,6.783
Mali,MLI,2002,6.819
Mali,MLI,2001,6.852
Mali,MLI,2000,6.886
Mali,MLI,1999,6.911
Mali,MLI,1998,6.936
Mali,MLI,1997,6.971
Mali,MLI,1996,7.01
Mali,MLI,1995,7.052
Mali,MLI,1994,7.119
Mali,MLI,1993,7.18
Mali,MLI,1992,7.237
Mali,MLI,1991,7.28
Mali,MLI,1990,7.311
Mali,MLI,1989,7.331
Mali,MLI,1988,7.324
Mali,MLI,1987,7.312
Mali,MLI,1986,7.311
Mali,MLI,1985,7.261
Mali,MLI,1984,7.256
Mali,MLI,1983,7.276
Mali,MLI,1982,7.32
Mali,MLI,1981,7.365
Mali,MLI,1980,7.365
Mali,MLI,1979,7.348
Mali,MLI,1978,7.319
Mali,MLI,1977,7.299
Mali,MLI,1976,7.272
Mali,MLI,1975,7.253
Mali,MLI,1974,7.228
Mali,MLI,1973,7.223
Mali,MLI,1972,7.219
Mali,MLI,1971,7.203
Mali,MLI,1970,7.181
Mali,MLI,1969,7.175
Mali,MLI,1968,7.159
Mali,MLI,1967,7.136
Mali,MLI,1966,7.111
Mali,MLI,1965,7.081
Mali,MLI,1964,7.055
Mali,MLI,1963,7.046
Mali,MLI,1962,7.038
Mali,MLI,1961,7.031
Mali,MLI,1960,7.019
Malta,MLT,2025,
Malta,MLT,2024,1.01
Malta,MLT,2023,1.06
Malta,MLT,2022,1.08
Malta,MLT,2021,1.13
Malta,MLT,2020,1.14
Malta,MLT,2019,1.14
Malta,MLT,2018,1.23
Malta,MLT,2017,1.26
Malta,MLT,2016,1.37
Malta,MLT,2015,1.37
Malta,MLT,2014,1.38
Malta,MLT,2013,1.36
Malta,MLT,2012,1.42
Malta,MLT,2011,1.45
Malta,MLT,2010,1.36
Malta,MLT,2009,1.42
Malta,MLT,2008,1.43
Malta,MLT,2007,1.35
Malta,MLT,2006,1.36
Malta,MLT,2005,1.38
Malta,MLT,2004,1.4
Malta,MLT,2003,1.48
Malta,MLT,2002,1.45
Malta,MLT,2001,1.48
Malta,MLT,2000,1.68
Malta,MLT,1999,1.73
Malta,MLT,1998,1.84
Malta,MLT,1997,1.93
Malta,MLT,1996,1.99
Malta,MLT,1995,1.77
Malta,MLT,1994,1.84
Malta,MLT,1993,1.96
Malta,MLT,1992,2.07
Malta,MLT,1991,1.99
Malta,MLT,1990,2.02
Malta,MLT,1989,2.1
Malta,MLT,1988,2.06
Malta,MLT,1987,1.97
Malta,MLT,1986,1.93
Malta,MLT,1985,1.95
Malta,MLT,1984,1.95
Malta,MLT,1983,1.92
Malta,MLT,1982,1.9
Malta,MLT,1981,1.87
Malta,MLT,1980,1.99
Malta,MLT,1979,2.1
Malta,MLT,1978,2.05
Malta,MLT,1977,2.14
Malta,MLT,1976,2.21
Malta,MLT,1975,2.27
Malta,MLT,1974,1.64
Malta,MLT,1973,1.65
Malta,MLT,1972,2.01
Malta,MLT,1971,2.06
Malta,MLT,1970,2.03
Malta,MLT,1969,2.02
Malta,MLT,1968,2.12
Malta,MLT,1967,2.24
Malta,MLT,1966,2.33
Malta,MLT,1965,2.52
Malta,MLT,1964,2.79
Malta,MLT,1963,2.9
Malta,MLT,1962,3.24
Malta,MLT,1961,3.27
Malta,MLT,1960,3.62
Marshall Islands,MHL,2025,
Marshall Islands,MHL,2024,2.864
Marshall Islands,MHL,2023,2.919
Marshall Islands,MHL,2022,2.936
Marshall Islands,MHL,2021,2.964
Marshall Islands,MHL,2020,2.989
Marshall Islands,MHL,2019,3.012
Marshall Islands,MHL,2018,3.038
Marshall Islands,MHL,2017,3.064
Marshall Islands,MHL,2016,3.091
Marshall Islands,MHL,2015,3.131
Marshall Islands,MHL,2014,3.18
Marshall Islands,MHL,2013,3.247
Marshall Islands,MHL,2012,3.382
Marshall Islands,MHL,2011,3.527
Marshall Islands,MHL,2010,3.673
Marshall Islands,MHL,2009,3.83
Marshall Islands,MHL,2008,3.967
Marshall Islands,MHL,2007,4.09
Marshall Islands,MHL,2006,4.197
Marshall Islands,MHL,2005,4.276
Marshall Islands,MHL,2004,4.34
Marshall Islands,MHL,2003,4.418
Marshall Islands,MHL,2002,4.488
Marshall Islands,MHL,2001,4.583
Marshall Islands,MHL,2000,4.695
Marshall Islands,MHL,1999,4.783
Marshall Islands,MHL,1998,4.868
Marshall Islands,MHL,1997,4.959
Marshall Islands,MHL,1996,5.021
Marshall Islands,MHL,1995,5.091
Marshall Islands,MHL,1994,5.232
Marshall Islands,MHL,1993,5.382
Marshall Islands,MHL,1992,5.546
Marshall Islands,MHL,1991,5.757
Marshall Islands,MHL,1990,5.97
Marshall Islands,MHL,1989,6.183
Marshall Islands,MHL,1988,6.384
Marshall Islands,MHL,1987,6.568
Marshall Islands,MHL,1986,6.731
Marshall Islands,MHL,1985,6.866
Marshall Islands,MHL,1984,6.988
Marshall Islands,MHL,1983,7.083
Marshall Islands,MHL,1982,7.179
Marshall Islands,MHL,1981,7.269
Marshall Islands,MHL,1980,7.37
Marshall Islands,MHL,1979,7.473
Marshall Islands,MHL,1978,7.58
Marshall Islands,MHL,1977,7.67
Marshall Islands,MHL,1976,7.757
Marshall Islands,MHL,1975,7.832
Marshall Islands,MHL,1974,7.899
Marshall Islands,MHL,1973,7.952
Marshall Islands,MHL,1972,7.995
Marshall Islands,MHL,1971,8.036
Marshall Islands,MHL,1970,8.075
Marshall Islands,MHL,1969,8.112
Marshall Islands,MHL,1968,8.143
Marshall Islands,MHL,1967,8.169
Marshall Islands,MHL,1966,8.199
Marshall Islands,MHL,1965,8.156
Marshall Islands,MHL,1964,8.143
Marshall Islands,MHL,1963,8.123
Marshall Islands,MHL,1962,8.122
Marshall Islands,MHL,1961,8.115
Marshall Islands,MHL,1960,8.077
Mauritania,MRT,2025,
Mauritania,MRT,2024,4.625
Mauritania,MRT,2023,4.697
Mauritania,MRT,2022,4.77
Mauritania,MRT,2021,4.848
Mauritania,MRT,2020,4.912
Mauritania,MRT,2019,4.984
Mauritania,MRT,2018,5.044
Mauritania,MRT,2017,5.106
Mauritania,MRT,2016,5.157
Mauritania,MRT,2015,5.211
Mauritania,MRT,2014,5.261
Mauritania,MRT,2013,5.317
Mauritania,MRT,2012,5.352
Mauritania,MRT,2011,5.38
Mauritania,MRT,2010,5.384
Mauritania,MRT,2009,5.406
Mauritania,MRT,2008,5.436
Mauritania,MRT,2007,5.426
Mauritania,MRT,2006,5.404
Mauritania,MRT,2005,5.376
Mauritania,MRT,2004,5.374
Mauritania,MRT,2003,5.364
Mauritania,MRT,2002,5.373
Mauritania,MRT,2001,5.407
Mauritania,MRT,2000,5.456
Mauritania,MRT,1999,5.524
Mauritania,MRT,1998,5.623
Mauritania,MRT,1997,5.743
Mauritania,MRT,1996,5.861
Mauritania,MRT,1995,5.962
Mauritania,MRT,1994,6.058
Mauritania,MRT,1993,6.093
Mauritania,MRT,1992,6.126
Mauritania,MRT,1991,6.157
Mauritania,MRT,1990,6.175
Mauritania,MRT,1989,6.195
Mauritania,MRT,1988,6.213
Mauritania,MRT,1987,6.271
Mauritania,MRT,1986,6.343
Mauritania,MRT,1985,6.423
Mauritania,MRT,1984,6.483
Mauritania,MRT,1983,6.541
Mauritania,MRT,1982,6.588
Mauritania,MRT,1981,6.635
Mauritania,MRT,1980,6.671
Mauritania,MRT,1979,6.702
Mauritania,MRT,1978,6.727
Mauritania,MRT,1977,6.736
Mauritania,MRT,1976,6.727
Mauritania,MRT,1975,6.713
Mauritania,MRT,1974,6.73
Mauritania,MRT,1973,6.718
Mauritania,MRT,1972,6.706
Mauritania,MRT,1971,6.696
Mauritania,MRT,1970,6.677
Mauritania,MRT,1969,6.643
Mauritania,MRT,1968,6.603
Mauritania,MRT,1967,6.568
Mauritania,MRT,1966,6.516
Mauritania,MRT,1965,6.444
Mauritania,MRT,1964,6.37
Mauritania,MRT,1963,6.312
Mauritania,MRT,1962,6.244
Mauritania,MRT,1961,6.199
Mauritania,MRT,1960,6.149
Mauritius,MUS,2025,
Mauritius,MUS,2024,1.44
Mauritius,MUS,2023,1.4
Mauritius,MUS,2022,1.33
Mauritius,MUS,2021,1.42
Mauritius,MUS,2020,1.46
Mauritius,MUS,2019,1.41
Mauritius,MUS,2018,1.42
Mauritius,MUS,2017,1.46
Mauritius,MUS,2016,1.41
Mauritius,MUS,2015,1.37
Mauritius,MUS,2014,1.44
Mauritius,MUS,2013,1.45
Mauritius,MUS,2012,1.56
Mauritius,MUS,2011,1.55
Mauritius,MUS,2010,1.57
Mauritius,MUS,2009,1.59
Mauritius,MUS,2008,1.67
Mauritius,MUS,2007,1.74
Mauritius,MUS,2006,1.77
Mauritius,MUS,2005,1.88
Mauritius,MUS,2004,1.92
Mauritius,MUS,2003,1.87
Mauritius,MUS,2002,1.94
Mauritius,MUS,2001,1.91
Mauritius,MUS,2000,1.99
Mauritius,MUS,1999,2.05
Mauritius,MUS,1998,1.97
Mauritius,MUS,1997,2.04
Mauritius,MUS,1996,2.12
Mauritius,MUS,1995,2.14
Mauritius,MUS,1994,2.25
Mauritius,MUS,1993,2.21
Mauritius,MUS,1992,2.37
Mauritius,MUS,1991,2.3
Mauritius,MUS,1990,2.32
Mauritius,MUS,1989,2.23
Mauritius,MUS,1988,2.14
Mauritius,MUS,1987,2.05
Mauritius,MUS,1986,1.99
Mauritius,MUS,1985,2.02
Mauritius,MUS,1984,2.16
Mauritius,MUS,1983,2.396
Mauritius,MUS,1982,2.534
Mauritius,MUS,1981,2.666
Mauritius,MUS,1980,2.803
Mauritius,MUS,1979,2.914
Mauritius,MUS,1978,3.011
Mauritius,MUS,1977,3.071
Mauritius,MUS,1976,3.129
Mauritius,MUS,1975,3.197
Mauritius,MUS,1974,3.453
Mauritius,MUS,1973,3.071
Mauritius,MUS,1972,3.407
Mauritius,MUS,1971,3.508
Mauritius,MUS,1970,3.82
Mauritius,MUS,1969,3.965
Mauritius,MUS,1968,4.596
Mauritius,MUS,1967,4.626
Mauritius,MUS,1966,5.46
Mauritius,MUS,1965,5.508
Mauritius,MUS,1964,5.956
Mauritius,MUS,1963,6.18
Mauritius,MUS,1962,5.877
Mauritius,MUS,1961,5.982
Mauritius,MUS,1960,5.897
Mexico,MEX,2025,
Mexico,MEX,2024,1.892
Mexico,MEX,2023,1.91
Mexico,MEX,2022,1.94
Mexico,MEX,2021,1.97
Mexico,MEX,2020,1.99
Mexico,MEX,2019,2.02
Mexico,MEX,2018,2.03
Mexico,MEX,2017,2.041
Mexico,MEX,2016,2.086
Mexico,MEX,2015,2.137
Mexico,MEX,2014,2.211
Mexico,MEX,2013,2.269
Mexico,MEX,2012,2.294
Mexico,MEX,2011,2.317
Mexico,MEX,2010,2.34
Mexico,MEX,2009,2.364
Mexico,MEX,2008,2.391
Mexico,MEX,2007,2.421
Mexico,MEX,2006,2.456
Mexico,MEX,2005,2.495
Mexico,MEX,2004,2.536
Mexico,MEX,2003,2.579
Mexico,MEX,2002,2.633
Mexico,MEX,2001,2.671
Mexico,MEX,2000,2.714
Mexico,MEX,1999,2.763
Mexico,MEX,1998,2.815
Mexico,MEX,1997,2.886
Mexico,MEX,1996,2.964
Mexico,MEX,1995,3.044
Mexico,MEX,1994,3.132
Mexico,MEX,1993,3.211
Mexico,MEX,1992,3.285
Mexico,MEX,1991,3.363
Mexico,MEX,1990,3.444
Mexico,MEX,1989,3.532
Mexico,MEX,1988,3.64
Mexico,MEX,1987,3.803
Mexico,MEX,1986,3.971
Mexico,MEX,1985,4.087
Mexico,MEX,1984,4.184
Mexico,MEX,1983,4.296
Mexico,MEX,1982,4.425
Mexico,MEX,1981,4.574
Mexico,MEX,1980,4.739
Mexico,MEX,1979,4.964
Mexico,MEX,1978,5.202
Mexico,MEX,1977,5.361
Mexico,MEX,1976,5.543
Mexico,MEX,1975,5.739
Mexico,MEX,1974,5.947
Mexico,MEX,1973,6.121
Mexico,MEX,1972,6.281
Mexico,MEX,1971,6.419
Mexico,MEX,1970,6.529
Mexico,MEX,1969,6.626
Mexico,MEX,1968,6.707
Mexico,MEX,1967,6.753
Mexico,MEX,1966,6.79
Mexico,MEX,1965,6.819
Mexico,MEX,1964,6.833
Mexico,MEX,1963,6.817
Mexico,MEX,1962,6.8
Mexico,MEX,1961,6.777
Mexico,MEX,1960,6.763
"Micronesia, Fed. Sts.",FSM,2025,
"Micronesia, Fed. Sts.",FSM,2024,2.743
"Micronesia, Fed. Sts.",FSM,2023,2.748
"Micronesia, Fed. Sts.",FSM,2022,2.785
"Micronesia, Fed. Sts.",FSM,2021,2.818
"Micronesia, Fed. Sts.",FSM,2020,2.852
"Micronesia, Fed. Sts.",FSM,2019,2.883
"Micronesia, Fed. Sts.",FSM,2018,2.922
"Micronesia, Fed. Sts.",FSM,2017,2.957
"Micronesia, Fed. Sts.",FSM,2016,3.001
"Micronesia, Fed. Sts.",FSM,2015,3.049
"Micronesia, Fed. Sts.",FSM,2014,3.091
"Micronesia, Fed. Sts.",FSM,2013,3.133
"Micronesia, Fed. Sts.",FSM,2012,3.18
"Micronesia, Fed. Sts.",FSM,2011,3.223
"Micronesia, Fed. Sts.",FSM,2010,3.271
"Micronesia, Fed. Sts.",FSM,2009,3.313
"Micronesia, Fed. Sts.",FSM,2008,3.368
"Micronesia, Fed. Sts.",FSM,2007,3.439
"Micronesia, Fed. Sts.",FSM,2006,3.514
"Micronesia, Fed. Sts.",FSM,2005,3.595
"Micronesia, Fed. Sts.",FSM,2004,3.681
"Micronesia, Fed. Sts.",FSM,2003,3.785
"Micronesia, Fed. Sts.",FSM,2002,3.934
"Micronesia, Fed. Sts.",FSM,2001,4.084
"Micronesia, Fed. Sts.",FSM,2000,4.217
"Micronesia, Fed. Sts.",FSM,1999,4.27
"Micronesia, Fed. Sts.",FSM,1998,4.301
"Micronesia, Fed. Sts.",FSM,1997,4.355
"Micronesia, Fed. Sts.",FSM,1996,4.427
"Micronesia, Fed. Sts.",FSM,1995,4.494
"Micronesia, Fed. Sts.",FSM,1994,4.575
"Micronesia, Fed. Sts.",FSM,1993,4.678
"Micronesia, Fed. Sts.",FSM,1992,4.802
"Micronesia, Fed. Sts.",FSM,1991,4.92
"Micronesia, Fed. Sts.",FSM,1990,5.049
"Micronesia, Fed. Sts.",FSM,1989,5.183
"Micronesia, Fed. Sts.",FSM,1988,5.323
"Micronesia, Fed. Sts.",FSM,1987,5.466
"Micronesia, Fed. Sts.",FSM,1986,5.612
"Micronesia, Fed. Sts.",FSM,1985,5.749
"Micronesia, Fed. Sts.",FSM,1984,5.888
"Micronesia, Fed. Sts.",FSM,1983,6.032
"Micronesia, Fed. Sts.",FSM,1982,6.164
"Micronesia, Fed. Sts.",FSM,1981,6.291
"Micronesia, Fed. Sts.",FSM,1980,6.423
"Micronesia, Fed. Sts.",FSM,1979,6.545
"Micronesia, Fed. Sts.",FSM,1978,6.65
"Micronesia, Fed. Sts.",FSM,1977,6.742
"Micronesia, Fed. Sts.",FSM,1976,6.818
"Micronesia, Fed. Sts.",FSM,1975,6.879
"Micronesia, Fed. Sts.",FSM,1974,6.928
"Micronesia, Fed. Sts.",FSM,1973,6.971
"Micronesia, Fed. Sts.",FSM,1972,6.961
"Micronesia, Fed. Sts.",FSM,1971,6.938
"Micronesia, Fed. Sts.",FSM,1970,6.928
"Micronesia, Fed. Sts.",FSM,1969,6.877
"Micronesia, Fed. Sts.",FSM,1968,6.84
"Micronesia, Fed. Sts.",FSM,1967,6.81
"Micronesia, Fed. Sts.",FSM,1966,6.781
"Micronesia, Fed. Sts.",FSM,1965,6.743
"Micronesia, Fed. Sts.",FSM,1964,6.737
"Micronesia, Fed. Sts.",FSM,1963,6.713
"Micronesia, Fed. Sts.",FSM,1962,6.729
"Micronesia, Fed. Sts.",FSM,1961,6.74
"Micronesia, Fed. Sts.",FSM,1960,6.742
Moldova,MDA,2025,
Moldova,MDA,2024,1.726
Moldova,MDA,2023,1.731
Moldova,MDA,2022,1.694
Moldova,MDA,2021,1.751
Moldova,MDA,2020,1.77
Moldova,MDA,2019,1.78
Moldova,MDA,2018,1.81
Moldova,MDA,2017,1.81
Moldova,MDA,2016,1.89
Moldova,MDA,2015,1.87
Moldova,MDA,2014,1.82
Moldova,MDA,2013,1.622
Moldova,MDA,2012,1.661
Moldova,MDA,2011,1.65
Moldova,MDA,2010,1.703
Moldova,MDA,2009,1.719
Moldova,MDA,2008,1.638
Moldova,MDA,2007,1.575
Moldova,MDA,2006,1.537
Moldova,MDA,2005,1.528
Moldova,MDA,2004,1.543
Moldova,MDA,2003,1.479
Moldova,MDA,2002,1.448
Moldova,MDA,2001,1.471
Moldova,MDA,2000,1.496
Moldova,MDA,1999,1.556
Moldova,MDA,1998,1.65
Moldova,MDA,1997,1.79
Moldova,MDA,1996,1.709
Moldova,MDA,1995,1.825
Moldova,MDA,1994,1.993
Moldova,MDA,1993,2.112
Moldova,MDA,1992,2.217
Moldova,MDA,1991,2.278
Moldova,MDA,1990,2.392
Moldova,MDA,1989,2.463
Moldova,MDA,1988,2.628
Moldova,MDA,1987,2.776
Moldova,MDA,1986,2.738
Moldova,MDA,1985,2.674
Moldova,MDA,1984,2.669
Moldova,MDA,1983,2.578
Moldova,MDA,1982,2.449
Moldova,MDA,1981,2.402
Moldova,MDA,1980,2.381
Moldova,MDA,1979,2.384
Moldova,MDA,1978,2.387
Moldova,MDA,1977,2.424
Moldova,MDA,1976,2.472
Moldova,MDA,1975,2.522
Moldova,MDA,1974,2.564
Moldova,MDA,1973,2.566
Moldova,MDA,1972,2.564
Moldova,MDA,1971,2.563
Moldova,MDA,1970,2.565
Moldova,MDA,1969,2.566
Moldova,MDA,1968,2.592
Moldova,MDA,1967,2.617
Moldova,MDA,1966,2.651
Moldova,MDA,1965,2.685
Moldova,MDA,1964,2.71
Moldova,MDA,1963,2.891
Moldova,MDA,1962,3.043
Moldova,MDA,1961,3.228
Moldova,MDA,1960,3.315
Monaco,MCO,2025,
Monaco,MCO,2024,2.102
Monaco,MCO,2023,2.11
Monaco,MCO,2022,2.114
Monaco,MCO,2021,2.122
Monaco,MCO,2020,2.38
Monaco,MCO,2019,2.403
Monaco,MCO,2018,2.485
Monaco,MCO,2017,2.418
Monaco,MCO,2016,2.578
Monaco,MCO,2015,2.503
Monaco,MCO,2014,2.485
Monaco,MCO,2013,2.313
Monaco,MCO,2012,2.294
Monaco,MCO,2011,2.22
Monaco,MCO,2010,2.385
Monaco,MCO,2009,2.397
Monaco,MCO,2008,2.384
Monaco,MCO,2007,2.206
Monaco,MCO,2006,2.101
Monaco,MCO,2005,2.006
Monaco,MCO,2004,1.994
Monaco,MCO,2003,1.914
Monaco,MCO,2002,2.006
Monaco,MCO,2001,2.176
Monaco,MCO,2000,2.082
Monaco,MCO,1999,2.007
Monaco,MCO,1998,1.954
Monaco,MCO,1997,1.884
Monaco,MCO,1996,1.824
Monaco,MCO,1995,1.783
Monaco,MCO,1994,1.756
Monaco,MCO,1993,1.749
Monaco,MCO,1992,1.755
Monaco,MCO,1991,1.786
Monaco,MCO,1990,1.848
Monaco,MCO,1989,1.934
Monaco,MCO,1988,2.011
Monaco,MCO,1987,2.062
Monaco,MCO,1986,2.106
Monaco,MCO,1985,2.141
Monaco,MCO,1984,2.165
Monaco,MCO,1983,2.184
Monaco,MCO,1982,2.203
Monaco,MCO,1981,2.224
Monaco,MCO,1980,2.244
Monaco,MCO,1979,2.264
Monaco,MCO,1978,2.284
Monaco,MCO,1977,2.306
Monaco,MCO,1976,2.326
Monaco,MCO,1975,2.351
Monaco,MCO,1974,2.377
Monaco,MCO,1973,2.408
Monaco,MCO,1972,2.44
Monaco,MCO,1971,2.47
Monaco,MCO,1970,2.5
Monaco,MCO,1969,2.536
Monaco,MCO,1968,2.566
Monaco,MCO,1967,2.591
Monaco,MCO,1966,2.625
Monaco,MCO,1965,2.66
Monaco,MCO,1964,2.69
Monaco,MCO,1963,2.727
Monaco,MCO,1962,2.756
Monaco,MCO,1961,2.783
Monaco,MCO,1960,2.812
Mongolia,MNG,2025,
Mongolia,MNG,2024,2.5
Mongolia,MNG,2023,2.7
Mongolia,MNG,2022,2.7
Mongolia,MNG,2021,2.8
Mongolia,MNG,2020,2.9
Mongolia,MNG,2019,3.0
Mongolia,MNG,2018,2.9
Mongolia,MNG,2017,2.8
Mongolia,MNG,2016,3.0
Mongolia,MNG,2015,3.0
Mongolia,MNG,2014,3.1
Mongolia,MNG,2013,3.0
Mongolia,MNG,2012,2.7
Mongolia,MNG,2011,2.6
Mongolia,MNG,2010,2.4
Mongolia,MNG,2009,2.8
Mongolia,MNG,2008,2.6
Mongolia,MNG,2007,2.3
Mongolia,MNG,2006,2.1
Mongolia,MNG,2005,2.0
Mongolia,MNG,2004,2.0
Mongolia,MNG,2003,2.0
Mongolia,MNG,2002,2.1
Mongolia,MNG,2001,2.2
Mongolia,MNG,2000,2.2
Mongolia,MNG,1999,2.3
Mongolia,MNG,1998,2.3
Mongolia,MNG,1997,2.4
Mongolia,MNG,1996,2.5
Mongolia,MNG,1995,2.77
Mongolia,MNG,1994,2.7
Mongolia,MNG,1993,2.5
Mongolia,MNG,1992,3.5
Mongolia,MNG,1991,4.0
Mongolia,MNG,1990,4.5
Mongolia,MNG,1989,4.42
Mongolia,MNG,1988,4.647
Mongolia,MNG,1987,4.829
Mongolia,MNG,1986,5.029
Mongolia,MNG,1985,5.262
Mongolia,MNG,1984,5.451
Mongolia,MNG,1983,5.628
Mongolia,MNG,1982,5.801
Mongolia,MNG,1981,5.982
Mongolia,MNG,1980,6.211
Mongolia,MNG,1979,6.424
Mongolia,MNG,1978,6.62
Mongolia,MNG,1977,6.79
Mongolia,MNG,1976,6.931
Mongolia,MNG,1975,7.066
Mongolia,MNG,1974,7.173
Mongolia,MNG,1973,7.24
Mongolia,MNG,1972,7.279
Mongolia,MNG,1971,7.297
Mongolia,MNG,1970,7.314
Mongolia,MNG,1969,7.337
Mongolia,MNG,1968,7.371
Mongolia,MNG,1967,7.389
Mongolia,MNG,1966,7.409
Mongolia,MNG,1965,7.377
Mongolia,MNG,1964,7.329
Mongolia,MNG,1963,7.238
Mongolia,MNG,1962,7.098
Mongolia,MNG,1961,6.963
Mongolia,MNG,1960,6.817
Montenegro,MNE,2025,
Montenegro,MNE,2024,1.8
Montenegro,MNE,2023,1.74
Montenegro,MNE,2022,1.8
Montenegro,MNE,2021,1.75
Montenegro,MNE,2020,1.75
Montenegro,MNE,2019,1.8
Montenegro,MNE,2018,1.8
Montenegro,MNE,2017,1.8
Montenegro,MNE,2016,1.8
Montenegro,MNE,2015,1.7
Montenegro,MNE,2014,1.75
Montenegro,MNE,2013,1.73
Montenegro,MNE,2012,1.72
Montenegro,MNE,2011,1.65
Montenegro,MNE,2010,1.7
Montenegro,MNE,2009,1.98
Montenegro,MNE,2008,1.89
Montenegro,MNE,2007,1.8
Montenegro,MNE,2006,1.73
Montenegro,MNE,2005,1.69
Montenegro,MNE,2004,1.734
Montenegro,MNE,2003,1.804
Montenegro,MNE,2002,1.813
Montenegro,MNE,2001,1.855
Montenegro,MNE,2000,1.903
Montenegro,MNE,1999,1.884
Montenegro,MNE,1998,1.893
Montenegro,MNE,1997,1.886
Montenegro,MNE,1996,1.922
Montenegro,MNE,1995,1.958
Montenegro,MNE,1994,1.936
Montenegro,MNE,1993,1.955
Montenegro,MNE,1992,2.013
Montenegro,MNE,1991,2.015
Montenegro,MNE,1990,1.945
Montenegro,MNE,1989,1.938
Montenegro,MNE,1988,2.006
Montenegro,MNE,1987,2.07
Montenegro,MNE,1986,2.091
Montenegro,MNE,1985,2.129
Montenegro,MNE,1984,2.136
Montenegro,MNE,1983,2.166
Montenegro,MNE,1982,2.186
Montenegro,MNE,1981,2.193
Montenegro,MNE,1980,2.217
Montenegro,MNE,1979,2.197
Montenegro,MNE,1978,2.247
Montenegro,MNE,1977,2.307
Montenegro,MNE,1976,2.352
Montenegro,MNE,1975,2.381
Montenegro,MNE,1974,2.434
Montenegro,MNE,1973,2.512
Montenegro,MNE,1972,2.611
Montenegro,MNE,1971,2.673
Montenegro,MNE,1970,2.687
Montenegro,MNE,1969,2.791
Montenegro,MNE,1968,2.795
Montenegro,MNE,1967,2.912
Montenegro,MNE,1966,3.093
Montenegro,MNE,1965,3.186
Montenegro,MNE,1964,3.279
Montenegro,MNE,1963,3.382
Montenegro,MNE,1962,3.443
Montenegro,MNE,1961,3.487
Montenegro,MNE,1960,3.532
Morocco,MAR,2025,
Morocco,MAR,2024,2.208
Morocco,MAR,2023,2.23
Morocco,MAR,2022,2.256
Morocco,MAR,2021,2.288
Morocco,MAR,2020,2.32
Morocco,MAR,2019,2.342
Morocco,MAR,2018,2.354
Morocco,MAR,2017,2.375
Morocco,MAR,2016,2.396
Morocco,MAR,2015,2.406
Morocco,MAR,2014,2.425
Morocco,MAR,2013,2.478
Morocco,MAR,2012,2.543
Morocco,MAR,2011,2.595
Morocco,MAR,2010,2.629
Morocco,MAR,2009,2.624
Morocco,MAR,2008,2.612
Morocco,MAR,2007,2.618
Morocco,MAR,2006,2.611
Morocco,MAR,2005,2.613
Morocco,MAR,2004,2.611
Morocco,MAR,2003,2.606
Morocco,MAR,2002,2.617
Morocco,MAR,2001,2.686
Morocco,MAR,2000,2.774
Morocco,MAR,1999,2.882
Morocco,MAR,1998,3.037
Morocco,MAR,1997,3.147
Morocco,MAR,1996,3.229
Morocco,MAR,1995,3.295
Morocco,MAR,1994,3.413
Morocco,MAR,1993,3.548
Morocco,MAR,1992,3.757
Morocco,MAR,1991,3.947
Morocco,MAR,1990,4.06
Morocco,MAR,1989,4.217
Morocco,MAR,1988,4.394
Morocco,MAR,1987,4.583
Morocco,MAR,1986,4.772
Morocco,MAR,1985,4.988
Morocco,MAR,1984,5.199
Morocco,MAR,1983,5.41
Morocco,MAR,1982,5.604
Morocco,MAR,1981,5.71
Morocco,MAR,1980,5.784
Morocco,MAR,1979,5.849
Morocco,MAR,1978,5.91
Morocco,MAR,1977,6.036
Morocco,MAR,1976,6.175
Morocco,MAR,1975,6.299
Morocco,MAR,1974,6.397
Morocco,MAR,1973,6.481
Morocco,MAR,1972,6.545
Morocco,MAR,1971,6.616
Morocco,MAR,1970,6.682
Morocco,MAR,1969,6.726
Morocco,MAR,1968,6.786
Morocco,MAR,1967,6.845
Morocco,MAR,1966,6.889
Morocco,MAR,1965,6.932
Morocco,MAR,1964,6.97
Morocco,MAR,1963,7.012
Morocco,MAR,1962,7.046
Morocco,MAR,1961,6.969
Morocco,MAR,1960,6.887
Mozambique,MOZ,2025,
Mozambique,MOZ,2024,4.69
Mozambique,MOZ,2023,4.763
Mozambique,MOZ,2022,4.84
Mozambique,MOZ,2021,4.905
Mozambique,MOZ,2020,4.959
Mozambique,MOZ,2019,5.016
Mozambique,MOZ,2018,5.07
Mozambique,MOZ,2017,5.128
Mozambique,MOZ,2016,5.188
Mozambique,MOZ,2015,5.245
Mozambique,MOZ,2014,5.304
Mozambique,MOZ,2013,5.43
Mozambique,MOZ,2012,5.518
Mozambique,MOZ,2011,5.599
Mozambique,MOZ,2010,5.66
Mozambique,MOZ,2009,5.681
Mozambique,MOZ,2008,5.598
Mozambique,MOZ,2007,5.466
Mozambique,MOZ,2006,5.452
Mozambique,MOZ,2005,5.5
Mozambique,MOZ,2004,5.551
Mozambique,MOZ,2003,5.6
Mozambique,MOZ,2002,5.667
Mozambique,MOZ,2001,5.755
Mozambique,MOZ,2000,5.83
Mozambique,MOZ,1999,5.875
Mozambique,MOZ,1998,5.905
Mozambique,MOZ,1997,5.933
Mozambique,MOZ,1996,5.973
Mozambique,MOZ,1995,6.019
Mozambique,MOZ,1994,6.082
Mozambique,MOZ,1993,6.153
Mozambique,MOZ,1992,6.218
Mozambique,MOZ,1991,6.276
Mozambique,MOZ,1990,6.319
Mozambique,MOZ,1989,6.348
Mozambique,MOZ,1988,6.367
Mozambique,MOZ,1987,6.393
Mozambique,MOZ,1986,6.413
Mozambique,MOZ,1985,6.43
Mozambique,MOZ,1984,6.438
Mozambique,MOZ,1983,6.434
Mozambique,MOZ,1982,6.43
Mozambique,MOZ,1981,6.48
Mozambique,MOZ,1980,6.53
Mozambique,MOZ,1979,6.564
Mozambique,MOZ,1978,6.592
Mozambique,MOZ,1977,6.617
Mozambique,MOZ,1976,6.641
Mozambique,MOZ,1975,6.659
Mozambique,MOZ,1974,6.671
Mozambique,MOZ,1973,6.698
Mozambique,MOZ,1972,6.701
Mozambique,MOZ,1971,6.701
Mozambique,MOZ,1970,6.699
Mozambique,MOZ,1969,6.672
Mozambique,MOZ,1968,6.646
Mozambique,MOZ,1967,6.607
Mozambique,MOZ,1966,6.577
Mozambique,MOZ,1965,6.544
Mozambique,MOZ,1964,6.513
Mozambique,MOZ,1963,6.474
Mozambique,MOZ,1962,6.424
Mozambique,MOZ,1961,6.366
Mozambique,MOZ,1960,6.312
Myanmar,MMR,2025,
Myanmar,MMR,2024,2.098
Myanmar,MMR,2023,2.115
Myanmar,MMR,2022,2.131
Myanmar,MMR,2021,2.158
Myanmar,MMR,2020,2.179
Myanmar,MMR,2019,2.206
Myanmar,MMR,2018,2.228
Myanmar,MMR,2017,2.252
Myanmar,MMR,2016,2.27
Myanmar,MMR,2015,2.266
Myanmar,MMR,2014,2.252
Myanmar,MMR,2013,2.264
Myanmar,MMR,2012,2.276
Myanmar,MMR,2011,2.306
Myanmar,MMR,2010,2.335
Myanmar,MMR,2009,2.369
Myanmar,MMR,2008,2.404
Myanmar,MMR,2007,2.447
Myanmar,MMR,2006,2.471
Myanmar,MMR,2005,2.515
Myanmar,MMR,2004,2.588
Myanmar,MMR,2003,2.68
Myanmar,MMR,2002,2.765
Myanmar,MMR,2001,2.793
Myanmar,MMR,2000,2.813
Myanmar,MMR,1999,2.851
Myanmar,MMR,1998,2.912
Myanmar,MMR,1997,2.985
Myanmar,MMR,1996,3.058
Myanmar,MMR,1995,3.127
Myanmar,MMR,1994,3.204
Myanmar,MMR,1993,3.281
Myanmar,MMR,1992,3.354
Myanmar,MMR,1991,3.432
Myanmar,MMR,1990,3.504
Myanmar,MMR,1989,3.593
Myanmar,MMR,1988,3.67
Myanmar,MMR,1987,3.861
Myanmar,MMR,1986,4.081
Myanmar,MMR,1985,4.316
Myanmar,MMR,1984,4.517
Myanmar,MMR,1983,4.633
Myanmar,MMR,1982,4.662
Myanmar,MMR,1981,4.688
Myanmar,MMR,1980,4.789
Myanmar,MMR,1979,4.897
Myanmar,MMR,1978,4.985
Myanmar,MMR,1977,5.069
Myanmar,MMR,1976,5.159
Myanmar,MMR,1975,5.249
Myanmar,MMR,1974,5.341
Myanmar,MMR,1973,5.435
Myanmar,MMR,1972,5.527
Myanmar,MMR,1971,5.615
Myanmar,MMR,1970,5.682
Myanmar,MMR,1969,5.747
Myanmar,MMR,1968,5.797
Myanmar,MMR,1967,5.842
Myanmar,MMR,1966,5.876
Myanmar,MMR,1965,5.912
Myanmar,MMR,1964,5.907
Myanmar,MMR,1963,5.905
Myanmar,MMR,1962,5.904
Myanmar,MMR,1961,5.9
Myanmar,MMR,1960,5.901
Namibia,NAM,2025,
Namibia,NAM,2024,3.211
Namibia,NAM,2023,3.212
Namibia,NAM,2022,3.248
Namibia,NAM,2021,3.303
Namibia,NAM,2020,3.349
Namibia,NAM,2019,3.404
Namibia,NAM,2018,3.462
Namibia,NAM,2017,3.511
Namibia,NAM,2016,3.574
Namibia,NAM,2015,3.604
Namibia,NAM,2014,3.635
Namibia,NAM,2013,3.653
Namibia,NAM,2012,3.676
Namibia,NAM,2011,3.658
Namibia,NAM,2010,3.657
Namibia,NAM,2009,3.633
Namibia,NAM,2008,3.616
Namibia,NAM,2007,3.608
Namibia,NAM,2006,3.601
Namibia,NAM,2005,3.571
Namibia,NAM,2004,3.545
Namibia,NAM,2003,3.58
Namibia,NAM,2002,3.693
Namibia,NAM,2001,3.827
Namibia,NAM,2000,3.991
Namibia,NAM,1999,4.138
Namibia,NAM,1998,4.176
Namibia,NAM,1997,4.166
Namibia,NAM,1996,4.201
Namibia,NAM,1995,4.417
Namibia,NAM,1994,4.676
Namibia,NAM,1993,4.905
Namibia,NAM,1992,5.107
Namibia,NAM,1991,5.29
Namibia,NAM,1990,5.398
Namibia,NAM,1989,5.517
Namibia,NAM,1988,5.609
Namibia,NAM,1987,5.699
Namibia,NAM,1986,5.793
Namibia,NAM,1985,5.877
Namibia,NAM,1984,5.94
Namibia,NAM,1983,5.995
Namibia,NAM,1982,6.078
Namibia,NAM,1981,6.159
Namibia,NAM,1980,6.238
Namibia,NAM,1979,6.314
Namibia,NAM,1978,6.384
Namibia,NAM,1977,6.441
Namibia,NAM,1976,6.494
Namibia,NAM,1975,6.533
Namibia,NAM,1974,6.552
Namibia,NAM,1973,6.54
Namibia,NAM,1972,6.533
Namibia,NAM,1971,6.521
Namibia,NAM,1970,6.52
Namibia,NAM,1969,6.508
Namibia,NAM,1968,6.502
Namibia,NAM,1967,6.485
Namibia,NAM,1966,6.472
Namibia,NAM,1965,6.445
Namibia,NAM,1964,6.428
Namibia,NAM,1963,6.408
Namibia,NAM,1962,6.35
Namibia,NAM,1961,6.293
Namibia,NAM,1960,6.243
Nauru,NRU,2025,
Nauru,NRU,2024,3.29
Nauru,NRU,2023,3.331
Nauru,NRU,2022,3.379
Nauru,NRU,2021,3.425
Nauru,NRU,2020,3.466
Nauru,NRU,2019,3.531
Nauru,NRU,2018,3.683
Nauru,NRU,2017,3.879
Nauru,NRU,2016,4.027
Nauru,NRU,2015,4.075
Nauru,NRU,2014,4.085
Nauru,NRU,2013,4.098
Nauru,NRU,2012,4.115
Nauru,NRU,2011,4.117
Nauru,NRU,2010,4.019
Nauru,NRU,2009,3.847
Nauru,NRU,2008,3.665
Nauru,NRU,2007,3.504
Nauru,NRU,2006,3.4
Nauru,NRU,2005,3.377
Nauru,NRU,2004,3.378
Nauru,NRU,2003,3.388
Nauru,NRU,2002,3.4
Nauru,NRU,2001,3.461
Nauru,NRU,2000,3.543
Nauru,NRU,1999,3.636
Nauru,NRU,1998,3.683
Nauru,NRU,1997,3.738
Nauru,NRU,1996,3.775
Nauru,NRU,1995,3.808
Nauru,NRU,1994,3.837
Nauru,NRU,1993,3.887
Nauru,NRU,1992,3.952
Nauru,NRU,1991,3.991
Nauru,NRU,1990,4.02
Nauru,NRU,1989,4.068
Nauru,NRU,1988,4.114
Nauru,NRU,1987,4.143
Nauru,NRU,1986,4.149
Nauru,NRU,1985,4.144
Nauru,NRU,1984,4.108
Nauru,NRU,1983,4.056
Nauru,NRU,1982,3.993
Nauru,NRU,1981,3.935
Nauru,NRU,1980,3.878
Nauru,NRU,1979,3.847
Nauru,NRU,1978,3.843
Nauru,NRU,1977,3.858
Nauru,NRU,1976,3.899
Nauru,NRU,1975,3.972
Nauru,NRU,1974,4.067
Nauru,NRU,1973,4.192
Nauru,NRU,1972,4.355
Nauru,NRU,1971,4.541
Nauru,NRU,1970,4.74
Nauru,NRU,1969,4.942
Nauru,NRU,1968,5.139
Nauru,NRU,1967,5.294
Nauru,NRU,1966,5.412
Nauru,NRU,1965,5.476
Nauru,NRU,1964,5.473
Nauru,NRU,1963,5.441
Nauru,NRU,1962,5.423
Nauru,NRU,1961,5.376
Nauru,NRU,1960,5.337
Nepal,NPL,2025,
Nepal,NPL,2024,1.961
Nepal,NPL,2023,1.984
Nepal,NPL,2022,2.002
Nepal,NPL,2021,2.025
Nepal,NPL,2020,2.051
Nepal,NPL,2019,2.08
Nepal,NPL,2018,2.12
Nepal,NPL,2017,2.173
Nepal,NPL,2016,2.226
Nepal,NPL,2015,2.273
Nepal,NPL,2014,2.319
Nepal,NPL,2013,2.36
Nepal,NPL,2012,2.42
Nepal,NPL,2011,2.462
Nepal,NPL,2010,2.541
Nepal,NPL,2009,2.63
Nepal,NPL,2008,2.737
Nepal,NPL,2007,2.857
Nepal,NPL,2006,2.967
Nepal,NPL,2005,3.115
Nepal,NPL,2004,3.279
Nepal,NPL,2003,3.439
Nepal,NPL,2002,3.604
Nepal,NPL,2001,3.793
Nepal,NPL,2000,3.984
Nepal,NPL,1999,4.13
Nepal,NPL,1998,4.275
Nepal,NPL,1997,4.442
Nepal,NPL,1996,4.668
Nepal,NPL,1995,4.869
Nepal,NPL,1994,4.964
Nepal,NPL,1993,5.042
Nepal,NPL,1992,5.074
Nepal,NPL,1991,5.151
Nepal,NPL,1990,5.211
Nepal,NPL,1989,5.258
Nepal,NPL,1988,5.307
Nepal,NPL,1987,5.348
Nepal,NPL,1986,5.4
Nepal,NPL,1985,5.457
Nepal,NPL,1984,5.509
Nepal,NPL,1983,5.536
Nepal,NPL,1982,5.549
Nepal,NPL,1981,5.576
Nepal,NPL,1980,5.603
Nepal,NPL,1979,5.644
Nepal,NPL,1978,5.676
Nepal,NPL,1977,5.688
Nepal,NPL,1976,5.717
Nepal,NPL,1975,5.733
Nepal,NPL,1974,5.75
Nepal,NPL,1973,5.701
Nepal,NPL,1972,5.801
Nepal,NPL,1971,5.845
Nepal,NPL,1970,5.869
Nepal,NPL,1969,5.893
Nepal,NPL,1968,5.944
Nepal,NPL,1967,5.954
Nepal,NPL,1966,5.98
Nepal,NPL,1965,6.007
Nepal,NPL,1964,6.043
Nepal,NPL,1963,6.056
Nepal,NPL,1962,6.082
Nepal,NPL,1961,6.093
Nepal,NPL,1960,6.069
Netherlands,NLD,2025,
Netherlands,NLD,2024,1.43
Netherlands,NLD,2023,1.43
Netherlands,NLD,2022,1.49
Netherlands,NLD,2021,1.62
Netherlands,NLD,2020,1.54
Netherlands,NLD,2019,1.57
Netherlands,NLD,2018,1.59
Netherlands,NLD,2017,1.62
Netherlands,NLD,2016,1.66
Netherlands,NLD,2015,1.66
Netherlands,NLD,2014,1.71
Netherlands,NLD,2013,1.68
Netherlands,NLD,2012,1.72
Netherlands,NLD,2011,1.76
Netherlands,NLD,2010,1.79
Netherlands,NLD,2009,1.79
Netherlands,NLD,2008,1.77
Netherlands,NLD,2007,1.72
Netherlands,NLD,2006,1.72
Netherlands,NLD,2005,1.71
Netherlands,NLD,2004,1.72
Netherlands,NLD,2003,1.75
Netherlands,NLD,2002,1.73
Netherlands,NLD,2001,1.71
Netherlands,NLD,2000,1.72
Netherlands,NLD,1999,1.65
Netherlands,NLD,1998,1.63
Netherlands,NLD,1997,1.56
Netherlands,NLD,1996,1.53
Netherlands,NLD,1995,1.53
Netherlands,NLD,1994,1.57
Netherlands,NLD,1993,1.57
Netherlands,NLD,1992,1.59
Netherlands,NLD,1991,1.61
Netherlands,NLD,1990,1.62
Netherlands,NLD,1989,1.55
Netherlands,NLD,1988,1.55
Netherlands,NLD,1987,1.56
Netherlands,NLD,1986,1.55
Netherlands,NLD,1985,1.51
Netherlands,NLD,1984,1.49
Netherlands,NLD,1983,1.47
Netherlands,NLD,1982,1.5
Netherlands,NLD,1981,1.56
Netherlands,NLD,1980,1.6
Netherlands,NLD,1979,1.56
Netherlands,NLD,1978,1.58
Netherlands,NLD,1977,1.58
Netherlands,NLD,1976,1.63
Netherlands,NLD,1975,1.66
Netherlands,NLD,1974,1.77
Netherlands,NLD,1973,1.9
Netherlands,NLD,1972,2.15
Netherlands,NLD,1971,2.36
Netherlands,NLD,1970,2.57
Netherlands,NLD,1969,2.75
Netherlands,NLD,1968,2.72
Netherlands,NLD,1967,2.81
Netherlands,NLD,1966,2.9
Netherlands,NLD,1965,3.04
Netherlands,NLD,1964,3.17
Netherlands,NLD,1963,3.19
Netherlands,NLD,1962,3.18
Netherlands,NLD,1961,3.22
Netherlands,NLD,1960,3.12
New Caledonia,NCL,2025,
New Caledonia,NCL,2024,1.964
New Caledonia,NCL,2023,1.98
New Caledonia,NCL,2022,1.998
New Caledonia,NCL,2021,2.012
New Caledonia,NCL,2020,2.022
New Caledonia,NCL,2019,2.05
New Caledonia,NCL,2018,2.041
New Caledonia,NCL,2017,2.043
New Caledonia,NCL,2016,2.078
New Caledonia,NCL,2015,2.079
New Caledonia,NCL,2014,2.118
New Caledonia,NCL,2013,2.167
New Caledonia,NCL,2012,2.202
New Caledonia,NCL,2011,2.2
New Caledonia,NCL,2010,2.187
New Caledonia,NCL,2009,2.194
New Caledonia,NCL,2008,2.204
New Caledonia,NCL,2007,2.215
New Caledonia,NCL,2006,2.241
New Caledonia,NCL,2005,2.227
New Caledonia,NCL,2004,2.243
New Caledonia,NCL,2003,2.268
New Caledonia,NCL,2002,2.347
New Caledonia,NCL,2001,2.422
New Caledonia,NCL,2000,2.509
New Caledonia,NCL,1999,2.484
New Caledonia,NCL,1998,2.547
New Caledonia,NCL,1997,2.646
New Caledonia,NCL,1996,2.654
New Caledonia,NCL,1995,2.652
New Caledonia,NCL,1994,2.715
New Caledonia,NCL,1993,2.823
New Caledonia,NCL,1992,2.948
New Caledonia,NCL,1991,3.072
New Caledonia,NCL,1990,3.1
New Caledonia,NCL,1989,3.057
New Caledonia,NCL,1988,3.083
New Caledonia,NCL,1987,3.081
New Caledonia,NCL,1986,3.079
New Caledonia,NCL,1985,3.046
New Caledonia,NCL,1984,3.164
New Caledonia,NCL,1983,3.353
New Caledonia,NCL,1982,3.484
New Caledonia,NCL,1981,3.586
New Caledonia,NCL,1980,3.659
New Caledonia,NCL,1979,3.749
New Caledonia,NCL,1978,3.875
New Caledonia,NCL,1977,4.054
New Caledonia,NCL,1976,4.231
New Caledonia,NCL,1975,4.456
New Caledonia,NCL,1974,4.686
New Caledonia,NCL,1973,4.932
New Caledonia,NCL,1972,5.047
New Caledonia,NCL,1971,5.051
New Caledonia,NCL,1970,5.07
New Caledonia,NCL,1969,5.008
New Caledonia,NCL,1968,5.058
New Caledonia,NCL,1967,5.15
New Caledonia,NCL,1966,5.248
New Caledonia,NCL,1965,5.311
New Caledonia,NCL,1964,5.368
New Caledonia,NCL,1963,5.343
New Caledonia,NCL,1962,5.388
New Caledonia,NCL,1961,5.465
New Caledonia,NCL,1960,5.436
New Zealand,NZL,2025,
New Zealand,NZL,2024,1.57
New Zealand,NZL,2023,1.57
New Zealand,NZL,2022,1.67
New Zealand,NZL,2021,1.65
New Zealand,NZL,2020,1.62
New Zealand,NZL,2019,1.72
New Zealand,NZL,2018,1.71
New Zealand,NZL,2017,1.81
New Zealand,NZL,2016,1.87
New Zealand,NZL,2015,1.99
New Zealand,NZL,2014,1.92
New Zealand,NZL,2013,2.01
New Zealand,NZL,2012,2.1
New Zealand,NZL,2011,2.09
New Zealand,NZL,2010,2.17
New Zealand,NZL,2009,2.13
New Zealand,NZL,2008,2.19
New Zealand,NZL,2007,2.18
New Zealand,NZL,2006,2.01
New Zealand,NZL,2005,1.97
New Zealand,NZL,2004,1.98
New Zealand,NZL,2003,1.93
New Zealand,NZL,2002,1.89
New Zealand,NZL,2001,1.97
New Zealand,NZL,2000,1.98
New Zealand,NZL,1999,1.97
New Zealand,NZL,1998,1.89
New Zealand,NZL,1997,1.96
New Zealand,NZL,1996,1.96
New Zealand,NZL,1995,1.98
New Zealand,NZL,1994,1.98
New Zealand,NZL,1993,2.04
New Zealand,NZL,1992,2.06
New Zealand,NZL,1991,2.09
New Zealand,NZL,1990,2.18
New Zealand,NZL,1989,2.12
New Zealand,NZL,1988,2.1
New Zealand,NZL,1987,2.03
New Zealand,NZL,1986,1.96
New Zealand,NZL,1985,1.93
New Zealand,NZL,1984,1.93
New Zealand,NZL,1983,1.92
New Zealand,NZL,1982,1.95
New Zealand,NZL,1981,2.01
New Zealand,NZL,1980,2.03
New Zealand,NZL,1979,2.12
New Zealand,NZL,1978,2.07
New Zealand,NZL,1977,2.21
New Zealand,NZL,1976,2.27
New Zealand,NZL,1975,2.37
New Zealand,NZL,1974,2.58
New Zealand,NZL,1973,2.76
New Zealand,NZL,1972,3.0
New Zealand,NZL,1971,3.18
New Zealand,NZL,1970,3.17
New Zealand,NZL,1969,3.28
New Zealand,NZL,1968,3.34
New Zealand,NZL,1967,3.35
New Zealand,NZL,1966,3.41
New Zealand,NZL,1965,3.54
New Zealand,NZL,1964,3.8
New Zealand,NZL,1963,4.05
New Zealand,NZL,1962,4.19
New Zealand,NZL,1961,4.31
New Zealand,NZL,1960,4.24
Nicaragua,NIC,2025,
Nicaragua,NIC,2024,2.206
Nicaragua,NIC,2023,2.218
Nicaragua,NIC,2022,2.24
Nicaragua,NIC,2021,2.265
Nicaragua,NIC,2020,2.299
Nicaragua,NIC,2019,2.321
Nicaragua,NIC,2018,2.347
Nicaragua,NIC,2017,2.378
Nicaragua,NIC,2016,2.407
Nicaragua,NIC,2015,2.434
Nicaragua,NIC,2014,2.463
Nicaragua,NIC,2013,2.492
Nicaragua,NIC,2012,2.527
Nicaragua,NIC,2011,2.558
Nicaragua,NIC,2010,2.596
Nicaragua,NIC,2009,2.626
Nicaragua,NIC,2008,2.66
Nicaragua,NIC,2007,2.697
Nicaragua,NIC,2006,2.733
Nicaragua,NIC,2005,2.765
Nicaragua,NIC,2004,2.784
Nicaragua,NIC,2003,2.827
Nicaragua,NIC,2002,2.887
Nicaragua,NIC,2001,2.996
Nicaragua,NIC,2000,3.12
Nicaragua,NIC,1999,3.218
Nicaragua,NIC,1998,3.339
Nicaragua,NIC,1997,3.473
Nicaragua,NIC,1996,3.62
Nicaragua,NIC,1995,3.775
Nicaragua,NIC,1994,3.937
Nicaragua,NIC,1993,4.102
Nicaragua,NIC,1992,4.267
Nicaragua,NIC,1991,4.432
Nicaragua,NIC,1990,4.596
Nicaragua,NIC,1989,4.762
Nicaragua,NIC,1988,4.931
Nicaragua,NIC,1987,5.073
Nicaragua,NIC,1986,5.217
Nicaragua,NIC,1985,5.359
Nicaragua,NIC,1984,5.488
Nicaragua,NIC,1983,5.611
Nicaragua,NIC,1982,5.737
Nicaragua,NIC,1981,5.84
Nicaragua,NIC,1980,5.959
Nicaragua,NIC,1979,6.069
Nicaragua,NIC,1978,6.164
Nicaragua,NIC,1977,6.28
Nicaragua,NIC,1976,6.366
Nicaragua,NIC,1975,6.445
Nicaragua,NIC,1974,6.521
Nicaragua,NIC,1973,6.586
Nicaragua,NIC,1972,6.653
Nicaragua,NIC,1971,6.714
Nicaragua,NIC,1970,6.773
Nicaragua,NIC,1969,6.825
Nicaragua,NIC,1968,6.885
Nicaragua,NIC,1967,6.94
Nicaragua,NIC,1966,6.99
Nicaragua,NIC,1965,7.033
Nicaragua,NIC,1964,7.064
Nicaragua,NIC,1963,7.081
Nicaragua,NIC,1962,7.1
Nicaragua,NIC,1961,7.112
Nicaragua,NIC,1960,7.159
Niger,NER,2025,
Niger,NER,2024,5.935
Niger,NER,2023,6.061
Niger,NER,2022,6.135
Niger,NER,2021,6.2
Niger,NER,2020,6.369
Niger,NER,2019,6.537
Niger,NER,2018,6.706
Niger,NER,2017,6.874
Niger,NER,2016,7.043
Niger,NER,2015,7.215
Niger,NER,2014,7.342
Niger,NER,2013,7.445
Niger,NER,2012,7.527
Niger,NER,2011,7.592
Niger,NER,2010,7.64
Niger,NER,2009,7.679
Niger,NER,2008,7.702
Niger,NER,2007,7.726
Niger,NER,2006,7.744
Niger,NER,2005,7.769
Niger,NER,2004,7.777
Niger,NER,2003,7.789
Niger,NER,2002,7.797
Niger,NER,2001,7.81
Niger,NER,2000,7.829
Niger,NER,1999,7.84
Niger,NER,1998,7.84
Niger,NER,1997,7.802
Niger,NER,1996,7.78
Niger,NER,1995,7.776
Niger,NER,1994,7.786
Niger,NER,1993,7.79
Niger,NER,1992,7.795
Niger,NER,1991,7.798
Niger,NER,1990,7.806
Niger,NER,1989,7.818
Niger,NER,1988,7.841
Niger,NER,1987,7.871
Niger,NER,1986,7.904
Niger,NER,1985,7.932
Niger,NER,1984,7.921
Niger,NER,1983,7.902
Niger,NER,1982,7.862
Niger,NER,1981,7.822
Niger,NER,1980,7.782
Niger,NER,1979,7.722
Niger,NER,1978,7.662
Niger,NER,1977,7.595
Niger,NER,1976,7.563
Niger,NER,1975,7.539
Niger,NER,1974,7.539
Niger,NER,1973,7.529
Niger,NER,1972,7.523
Niger,NER,1971,7.518
Niger,NER,1970,7.514
Niger,NER,1969,7.506
Niger,NER,1968,7.497
Niger,NER,1967,7.49
Niger,NER,1966,7.481
Niger,NER,1965,7.466
Niger,NER,1964,7.48
Niger,NER,1963,7.489
Niger,NER,1962,7.501
Niger,NER,1961,7.512
Niger,NER,1960,7.53
Nigeria,NGA,2025,
Nigeria,NGA,2024,4.382
Nigeria,NGA,2023,4.482
Nigeria,NGA,2022,4.552
Nigeria,NGA,2021,4.636
Nigeria,NGA,2020,4.7
Nigeria,NGA,2019,4.861
Nigeria,NGA,2018,5.021
Nigeria,NGA,2017,5.182
Nigeria,NGA,2016,5.343
Nigeria,NGA,2015,5.503
Nigeria,NGA,2014,5.622
Nigeria,NGA,2013,5.694
Nigeria,NGA,2012,5.797
Nigeria,NGA,2011,5.893
Nigeria,NGA,2010,5.948
Nigeria,NGA,2009,5.993
Nigeria,NGA,2008,6.024
Nigeria,NGA,2007,6.027
Nigeria,NGA,2006,6.053
Nigeria,NGA,2005,6.063
Nigeria,NGA,2004,6.09
Nigeria,NGA,2003,6.1
Nigeria,NGA,2002,6.116
Nigeria,NGA,2001,6.128
Nigeria,NGA,2000,6.124
Nigeria,NGA,1999,6.082
Nigeria,NGA,1998,6.069
Nigeria,NGA,1997,6.138
Nigeria,NGA,1996,6.217
Nigeria,NGA,1995,6.273
Nigeria,NGA,1994,6.319
Nigeria,NGA,1993,6.354
Nigeria,NGA,1992,6.391
Nigeria,NGA,1991,6.426
Nigeria,NGA,1990,6.459
Nigeria,NGA,1989,6.494
Nigeria,NGA,1988,6.498
Nigeria,NGA,1987,6.504
Nigeria,NGA,1986,6.557
Nigeria,NGA,1985,6.616
Nigeria,NGA,1984,6.701
Nigeria,NGA,1983,6.775
Nigeria,NGA,1982,6.799
Nigeria,NGA,1981,6.82
Nigeria,NGA,1980,6.847
Nigeria,NGA,1979,6.887
Nigeria,NGA,1978,6.921
Nigeria,NGA,1977,6.862
Nigeria,NGA,1976,6.806
Nigeria,NGA,1975,6.773
Nigeria,NGA,1974,6.703
Nigeria,NGA,1973,6.633
Nigeria,NGA,1972,6.579
Nigeria,NGA,1971,6.532
Nigeria,NGA,1970,6.466
Nigeria,NGA,1969,6.438
Nigeria,NGA,1968,6.42
Nigeria,NGA,1967,6.401
Nigeria,NGA,1966,6.386
Nigeria,NGA,1965,6.367
Nigeria,NGA,1964,6.362
Nigeria,NGA,1963,6.349
Nigeria,NGA,1962,6.356
Nigeria,NGA,1961,6.353
Nigeria,NGA,1960,6.364
North Macedonia,MKD,2025,
North Macedonia,MKD,2024,1.4
North Macedonia,MKD,2023,1.5
North Macedonia,MKD,2022,1.6
North Macedonia,MKD,2021,1.6
North Macedonia,MKD,2020,1.31
North Macedonia,MKD,2019,1.34
North Macedonia,MKD,2018,1.42
North Macedonia,MKD,2017,1.43
North Macedonia,MKD,2016,1.5
North Macedonia,MKD,2015,1.49
North Macedonia,MKD,2014,1.5
North Macedonia,MKD,2013,1.5
North Macedonia,MKD,2012,1.5
North Macedonia,MKD,2011,1.46
North Macedonia,MKD,2010,1.6
North Macedonia,MKD,2009,1.5
North Macedonia,MKD,2008,1.47
North Macedonia,MKD,2007,1.46
North Macedonia,MKD,2006,1.46
North Macedonia,MKD,2005,1.5
North Macedonia,MKD,2004,1.524
North Macedonia,MKD,2003,1.745
North Macedonia,MKD,2002,1.786
North Macedonia,MKD,2001,1.729
North Macedonia,MKD,2000,1.863
North Macedonia,MKD,1999,1.77
North Macedonia,MKD,1998,1.89
North Macedonia,MKD,1997,1.916
North Macedonia,MKD,1996,2.059
North Macedonia,MKD,1995,2.13
North Macedonia,MKD,1994,2.232
North Macedonia,MKD,1993,2.26
North Macedonia,MKD,1992,2.281
North Macedonia,MKD,1991,2.31
North Macedonia,MKD,1990,2.269
North Macedonia,MKD,1989,2.25
North Macedonia,MKD,1988,2.324
North Macedonia,MKD,1987,2.315
North Macedonia,MKD,1986,2.253
North Macedonia,MKD,1985,2.252
North Macedonia,MKD,1984,2.24
North Macedonia,MKD,1983,2.25
North Macedonia,MKD,1982,2.286
North Macedonia,MKD,1981,2.293
North Macedonia,MKD,1980,2.363
North Macedonia,MKD,1979,2.401
North Macedonia,MKD,1978,2.416
North Macedonia,MKD,1977,2.49
North Macedonia,MKD,1976,2.623
North Macedonia,MKD,1975,2.692
North Macedonia,MKD,1974,2.698
North Macedonia,MKD,1973,2.719
North Macedonia,MKD,1972,2.865
North Macedonia,MKD,1971,2.927
North Macedonia,MKD,1970,3.012
North Macedonia,MKD,1969,3.101
North Macedonia,MKD,1968,3.219
North Macedonia,MKD,1967,3.332
North Macedonia,MKD,1966,3.432
North Macedonia,MKD,1965,3.516
North Macedonia,MKD,1964,3.56
North Macedonia,MKD,1963,3.616
North Macedonia,MKD,1962,3.503
North Macedonia,MKD,1961,3.615
North Macedonia,MKD,1960,3.826
Northern Mariana Islands,MNP,2025,
Northern Mariana Islands,MNP,2024,2.324
Northern Mariana Islands,MNP,2023,2.348
Northern Mariana Islands,MNP,2022,2.388
Northern Mariana Islands,MNP,2021,2.441
Northern Mariana Islands,MNP,2020,2.494
Northern Mariana Islands,MNP,2019,2.559
Northern Mariana Islands,MNP,2018,2.643
Northern Mariana Islands,MNP,2017,2.762
Northern Mariana Islands,MNP,2016,2.923
Northern Mariana Islands,MNP,2015,3.134
Northern Mariana Islands,MNP,2014,3.372
Northern Mariana Islands,MNP,2013,3.535
Northern Mariana Islands,MNP,2012,3.328
Northern Mariana Islands,MNP,2011,3.208
Northern Mariana Islands,MNP,2010,2.982
Northern Mariana Islands,MNP,2009,2.736
Northern Mariana Islands,MNP,2008,2.815
Northern Mariana Islands,MNP,2007,2.786
Northern Mariana Islands,MNP,2006,2.613
Northern Mariana Islands,MNP,2005,2.256
Northern Mariana Islands,MNP,2004,2.066
Northern Mariana Islands,MNP,2003,1.893
Northern Mariana Islands,MNP,2002,1.678
Northern Mariana Islands,MNP,2001,1.736
Northern Mariana Islands,MNP,2000,1.64
Northern Mariana Islands,MNP,1999,1.614
Northern Mariana Islands,MNP,1998,1.685
Northern Mariana Islands,MNP,1997,2.245
Northern Mariana Islands,MNP,1996,2.588
Northern Mariana Islands,MNP,1995,3.077
Northern Mariana Islands,MNP,1994,2.978
Northern Mariana Islands,MNP,1993,3.226
Northern Mariana Islands,MNP,1992,3.066
Northern Mariana Islands,MNP,1991,2.823
Northern Mariana Islands,MNP,1990,2.338
Northern Mariana Islands,MNP,1989,2.015
Northern Mariana Islands,MNP,1988,2.157
Northern Mariana Islands,MNP,1987,2.343
Northern Mariana Islands,MNP,1986,2.174
Northern Mariana Islands,MNP,1985,2.145
Northern Mariana Islands,MNP,1984,2.323
Northern Mariana Islands,MNP,1983,2.581
Northern Mariana Islands,MNP,1982,2.896
Northern Mariana Islands,MNP,1981,3.258
Northern Mariana Islands,MNP,1980,3.647
Northern Mariana Islands,MNP,1979,4.047
Northern Mariana Islands,MNP,1978,4.434
Northern Mariana Islands,MNP,1977,4.829
Northern Mariana Islands,MNP,1976,5.234
Northern Mariana Islands,MNP,1975,5.625
Northern Mariana Islands,MNP,1974,6.02
Northern Mariana Islands,MNP,1973,6.398
Northern Mariana Islands,MNP,1972,6.776
Northern Mariana Islands,MNP,1971,7.134
Northern Mariana Islands,MNP,1970,7.439
Northern Mariana Islands,MNP,1969,7.623
Northern Mariana Islands,MNP,1968,7.741
Northern Mariana Islands,MNP,1967,5.701
Northern Mariana Islands,MNP,1966,5.589
Northern Mariana Islands,MNP,1965,5.658
Northern Mariana Islands,MNP,1964,5.716
Northern Mariana Islands,MNP,1963,5.793
Northern Mariana Islands,MNP,1962,5.848
Northern Mariana Islands,MNP,1961,5.912
Northern Mariana Islands,MNP,1960,5.958
Norway,NOR,2025,
Norway,NOR,2024,1.45
Norway,NOR,2023,1.4
Norway,NOR,2022,1.41
Norway,NOR,2021,1.55
Norway,NOR,2020,1.48
Norway,NOR,2019,1.53
Norway,NOR,2018,1.56
Norway,NOR,2017,1.62
Norway,NOR,2016,1.71
Norway,NOR,2015,1.72
Norway,NOR,2014,1.75
Norway,NOR,2013,1.78
Norway,NOR,2012,1.85
Norway,NOR,2011,1.88
Norway,NOR,2010,1.95
Norway,NOR,2009,1.98
Norway,NOR,2008,1.96
Norway,NOR,2007,1.9
Norway,NOR,2006,1.9
Norway,NOR,2005,1.84
Norway,NOR,2004,1.83
Norway,NOR,2003,1.8
Norway,NOR,2002,1.75
Norway,NOR,2001,1.78
Norway,NOR,2000,1.85
Norway,NOR,1999,1.85
Norway,NOR,1998,1.81
Norway,NOR,1997,1.86
Norway,NOR,1996,1.89
Norway,NOR,1995,1.87
Norway,NOR,1994,1.87
Norway,NOR,1993,1.86
Norway,NOR,1992,1.88
Norway,NOR,1991,1.92
Norway,NOR,1990,1.93
Norway,NOR,1989,1.89
Norway,NOR,1988,1.84
Norway,NOR,1987,1.74
Norway,NOR,1986,1.71
Norway,NOR,1985,1.68
Norway,NOR,1984,1.66
Norway,NOR,1983,1.66
Norway,NOR,1982,1.71
Norway,NOR,1981,1.7
Norway,NOR,1980,1.72
Norway,NOR,1979,1.75
Norway,NOR,1978,1.77
Norway,NOR,1977,1.75
Norway,NOR,1976,1.86
Norway,NOR,1975,1.98
Norway,NOR,1974,2.13
Norway,NOR,1973,2.23
Norway,NOR,1972,2.38
Norway,NOR,1971,2.49
Norway,NOR,1970,2.5
Norway,NOR,1969,2.7
Norway,NOR,1968,2.75
Norway,NOR,1967,2.81
Norway,NOR,1966,2.9
Norway,NOR,1965,2.94
Norway,NOR,1964,2.98
Norway,NOR,1963,2.93
Norway,NOR,1962,2.91
Norway,NOR,1961,2.94
Norway,NOR,1960,2.85
Oman,OMN,2025,
Oman,OMN,2024,2.508
Oman,OMN,2023,2.525
Oman,OMN,2022,2.449
Oman,OMN,2021,2.588
Oman,OMN,2020,2.638
Oman,OMN,2019,2.696
Oman,OMN,2018,2.81
Oman,OMN,2017,2.923
Oman,OMN,2016,2.949
Oman,OMN,2015,2.965
Oman,OMN,2014,2.97
Oman,OMN,2013,2.954
Oman,OMN,2012,2.928
Oman,OMN,2011,2.955
Oman,OMN,2010,2.973
Oman,OMN,2009,2.829
Oman,OMN,2008,2.762
Oman,OMN,2007,2.761
Oman,OMN,2006,2.879
Oman,OMN,2005,3.029
Oman,OMN,2004,3.2
Oman,OMN,2003,3.371
Oman,OMN,2002,3.51
Oman,OMN,2001,3.662
Oman,OMN,2000,3.852
Oman,OMN,1999,4.064
Oman,OMN,1998,4.274
Oman,OMN,1997,4.524
Oman,OMN,1996,4.79
Oman,OMN,1995,5.067
Oman,OMN,1994,5.359
Oman,OMN,1993,5.638
Oman,OMN,1992,5.919
Oman,OMN,1991,6.197
Oman,OMN,1990,6.456
Oman,OMN,1989,6.717
Oman,OMN,1988,6.953
Oman,OMN,1987,7.175
Oman,OMN,1986,7.352
Oman,OMN,1985,7.512
Oman,OMN,1984,7.642
Oman,OMN,1983,7.748
Oman,OMN,1982,7.837
Oman,OMN,1981,7.904
Oman,OMN,1980,7.887
Oman,OMN,1979,7.85
Oman,OMN,1978,7.818
Oman,OMN,1977,7.781
Oman,OMN,1976,7.743
Oman,OMN,1975,7.711
Oman,OMN,1974,7.672
Oman,OMN,1973,7.625
Oman,OMN,1972,7.588
Oman,OMN,1971,7.558
Oman,OMN,1970,7.523
Oman,OMN,1969,7.489
Oman,OMN,1968,7.462
Oman,OMN,1967,7.437
Oman,OMN,1966,7.412
Oman,OMN,1965,7.391
Oman,OMN,1964,7.37
Oman,OMN,1963,7.334
Oman,OMN,1962,7.318
Oman,OMN,1961,7.287
Oman,OMN,1960,7.277
Pakistan,PAK,2025,
Pakistan,PAK,2024,3.547
Pakistan,PAK,2023,3.605
Pakistan,PAK,2022,3.662
Pakistan,PAK,2021,3.72
Pakistan,PAK,2020,3.765
Pakistan,PAK,2019,3.81
Pakistan,PAK,2018,3.855
Pakistan,PAK,2017,3.9
Pakistan,PAK,2016,3.902
Pakistan,PAK,2015,3.988
Pakistan,PAK,2014,4.055
Pakistan,PAK,2013,4.125
Pakistan,PAK,2012,4.204
Pakistan,PAK,2011,4.305
Pakistan,PAK,2010,4.398
Pakistan,PAK,2009,4.465
Pakistan,PAK,2008,4.515
Pakistan,PAK,2007,4.554
Pakistan,PAK,2006,4.589
Pakistan,PAK,2005,4.595
Pakistan,PAK,2004,4.685
Pakistan,PAK,2003,4.894
Pakistan,PAK,2002,5.012
Pakistan,PAK,2001,5.182
Pakistan,PAK,2000,5.352
Pakistan,PAK,1999,5.462
Pakistan,PAK,1998,5.507
Pakistan,PAK,1997,5.642
Pakistan,PAK,1996,5.771
Pakistan,PAK,1995,5.894
Pakistan,PAK,1994,6.008
Pakistan,PAK,1993,6.112
Pakistan,PAK,1992,6.207
Pakistan,PAK,1991,6.291
Pakistan,PAK,1990,6.364
Pakistan,PAK,1989,6.425
Pakistan,PAK,1988,6.476
Pakistan,PAK,1987,6.518
Pakistan,PAK,1986,6.554
Pakistan,PAK,1985,6.585
Pakistan,PAK,1984,6.615
Pakistan,PAK,1983,6.644
Pakistan,PAK,1982,6.674
Pakistan,PAK,1981,6.704
Pakistan,PAK,1980,6.734
Pakistan,PAK,1979,6.761
Pakistan,PAK,1978,6.783
Pakistan,PAK,1977,6.799
Pakistan,PAK,1976,6.808
Pakistan,PAK,1975,6.812
Pakistan,PAK,1974,6.811
Pakistan,PAK,1973,6.808
Pakistan,PAK,1972,6.805
Pakistan,PAK,1971,6.802
Pakistan,PAK,1970,6.801
Pakistan,PAK,1969,6.8
Pakistan,PAK,1968,6.8
Pakistan,PAK,1967,6.8
Pakistan,PAK,1966,6.8
Pakistan,PAK,1965,6.8
Pakistan,PAK,1964,6.8
Pakistan,PAK,1963,6.8
Pakistan,PAK,1962,6.8
Pakistan,PAK,1961,6.8
Pakistan,PAK,1960,6.8
Palau,PLW,2025,
Palau,PLW,2024,1.883
Palau,PLW,2023,1.907
Palau,PLW,2022,1.927
Palau,PLW,2021,1.95
Palau,PLW,2020,1.972
Palau,PLW,2019,1.984
Palau,PLW,2018,1.97
Palau,PLW,2017,2.019
Palau,PLW,2016,2.055
Palau,PLW,2015,2.002
Palau,PLW,2014,2.032
Palau,PLW,2013,2.054
Palau,PLW,2012,2.006
Palau,PLW,2011,1.965
Palau,PLW,2010,1.937
Palau,PLW,2009,1.935
Palau,PLW,2008,1.947
Palau,PLW,2007,1.968
Palau,PLW,2006,1.996
Palau,PLW,2005,2.017
Palau,PLW,2004,1.989
Palau,PLW,2003,1.962
Palau,PLW,2002,1.923
Palau,PLW,2001,1.87
Palau,PLW,2000,1.819
Palau,PLW,1999,1.906
Palau,PLW,1998,2.006
Palau,PLW,1997,2.187
Palau,PLW,1996,2.39
Palau,PLW,1995,2.553
Palau,PLW,1994,2.661
Palau,PLW,1993,2.727
Palau,PLW,1992,2.71
Palau,PLW,1991,2.742
Palau,PLW,1990,2.881
Palau,PLW,1989,2.917
Palau,PLW,1988,2.905
Palau,PLW,1987,2.933
Palau,PLW,1986,2.976
Palau,PLW,1985,3.01
Palau,PLW,1984,3.08
Palau,PLW,1983,3.143
Palau,PLW,1982,3.22
Palau,PLW,1981,3.276
Palau,PLW,1980,3.351
Palau,PLW,1979,3.486
Palau,PLW,1978,3.74
Palau,PLW,1977,4.09
Palau,PLW,1976,4.526
Palau,PLW,1975,4.903
Palau,PLW,1974,5.258
Palau,PLW,1973,5.592
Palau,PLW,1972,5.896
Palau,PLW,1971,6.164
Palau,PLW,1970,6.387
Palau,PLW,1969,6.576
Palau,PLW,1968,6.714
Palau,PLW,1967,6.836
Palau,PLW,1966,6.932
Palau,PLW,1965,7.014
Palau,PLW,1964,7.076
Palau,PLW,1963,7.117
Palau,PLW,1962,7.145
Palau,PLW,1961,7.173
Palau,PLW,1960,7.189
Panama,PAN,2025,
Panama,PAN,2024,2.106
Panama,PAN,2023,2.119
Panama,PAN,2022,2.139
Panama,PAN,2021,2.152
Panama,PAN,2020,2.184
Panama,PAN,2019,2.288
Panama,PAN,2018,2.402
Panama,PAN,2017,2.462
Panama,PAN,2016,2.502
Panama,PAN,2015,2.53
Panama,PAN,2014,2.552
Panama,PAN,2013,2.569
Panama,PAN,2012,2.591
Panama,PAN,2011,2.604
Panama,PAN,2010,2.587
Panama,PAN,2009,2.593
Panama,PAN,2008,2.608
Panama,PAN,2007,2.612
Panama,PAN,2006,2.62
Panama,PAN,2005,2.643
Panama,PAN,2004,2.68
Panama,PAN,2003,2.679
Panama,PAN,2002,2.698
Panama,PAN,2001,2.72
Panama,PAN,2000,2.744
Panama,PAN,1999,2.767
Panama,PAN,1998,2.789
Panama,PAN,1997,2.81
Panama,PAN,1996,2.83
Panama,PAN,1995,2.852
Panama,PAN,1994,2.877
Panama,PAN,1993,2.909
Panama,PAN,1992,2.95
Panama,PAN,1991,2.999
Panama,PAN,1990,3.072
Panama,PAN,1989,3.121
Panama,PAN,1988,3.173
Panama,PAN,1987,3.251
Panama,PAN,1986,3.339
Panama,PAN,1985,3.427
Panama,PAN,1984,3.519
Panama,PAN,1983,3.601
Panama,PAN,1982,3.659
Panama,PAN,1981,3.723
Panama,PAN,1980,3.796
Panama,PAN,1979,3.884
Panama,PAN,1978,3.984
Panama,PAN,1977,4.118
Panama,PAN,1976,4.264
Panama,PAN,1975,4.414
Panama,PAN,1974,4.576
Panama,PAN,1973,4.741
Panama,PAN,1972,4.908
Panama,PAN,1971,5.054
Panama,PAN,1970,5.175
Panama,PAN,1969,5.287
Panama,PAN,1968,5.411
Panama,PAN,1967,5.534
Panama,PAN,1966,5.649
Panama,PAN,1965,5.728
Panama,PAN,1964,5.808
Panama,PAN,1963,5.865
Panama,PAN,1962,5.872
Panama,PAN,1961,5.865
Panama,PAN,1960,5.829
Papua New Guinea,PNG,2025,
Papua New Guinea,PNG,2024,3.072
Papua New Guinea,PNG,2023,3.099
Papua New Guinea,PNG,2022,3.165
Papua New Guinea,PNG,2021,3.215
Papua New Guinea,PNG,2020,3.274
Papua New Guinea,PNG,2019,3.322
Papua New Guinea,PNG,2018,3.382
Papua New Guinea,PNG,2017,3.432
Papua New Guinea,PNG,2016,3.495
Papua New Guinea,PNG,2015,3.558
Papua New Guinea,PNG,2014,3.625
Papua New Guinea,PNG,2013,3.684
Papua New Guinea,PNG,2012,3.746
Papua New Guinea,PNG,2011,3.816
Papua New Guinea,PNG,2010,3.883
Papua New Guinea,PNG,2009,3.941
Papua New Guinea,PNG,2008,4.015
Papua New Guinea,PNG,2007,4.076
Papua New Guinea,PNG,2006,4.148
Papua New Guinea,PNG,2005,4.22
Papua New Guinea,PNG,2004,4.283
Papua New Guinea,PNG,2003,4.362
Papua New Guinea,PNG,2002,4.419
Papua New Guinea,PNG,2001,4.469
Papua New Guinea,PNG,2000,4.525
Papua New Guinea,PNG,1999,4.587
Papua New Guinea,PNG,1998,4.632
Papua New Guinea,PNG,1997,4.679
Papua New Guinea,PNG,1996,4.728
Papua New Guinea,PNG,1995,4.78
Papua New Guinea,PNG,1994,4.87
Papua New Guinea,PNG,1993,4.962
Papua New Guinea,PNG,1992,5.033
Papua New Guinea,PNG,1991,5.109
Papua New Guinea,PNG,1990,5.18
Papua New Guinea,PNG,1989,5.243
Papua New Guinea,PNG,1988,5.302
Papua New Guinea,PNG,1987,5.359
Papua New Guinea,PNG,1986,5.415
Papua New Guinea,PNG,1985,5.47
Papua New Guinea,PNG,1984,5.514
Papua New Guinea,PNG,1983,5.563
Papua New Guinea,PNG,1982,5.587
Papua New Guinea,PNG,1981,5.645
Papua New Guinea,PNG,1980,5.705
Papua New Guinea,PNG,1979,5.785
Papua New Guinea,PNG,1978,5.879
Papua New Guinea,PNG,1977,5.957
Papua New Guinea,PNG,1976,6.018
Papua New Guinea,PNG,1975,6.065
Papua New Guinea,PNG,1974,6.114
Papua New Guinea,PNG,1973,6.16
Papua New Guinea,PNG,1972,6.197
Papua New Guinea,PNG,1971,6.229
Papua New Guinea,PNG,1970,6.25
Papua New Guinea,PNG,1969,6.258
Papua New Guinea,PNG,1968,6.252
Papua New Guinea,PNG,1967,6.242
Papua New Guinea,PNG,1966,6.232
Papua New Guinea,PNG,1965,6.203
Papua New Guinea,PNG,1964,6.191
Papua New Guinea,PNG,1963,6.153
Papua New Guinea,PNG,1962,6.135
Papua New Guinea,PNG,1961,6.074
Papua New Guinea,PNG,1960,6.018
Paraguay,PRY,2025,
Paraguay,PRY,2024,2.416
Paraguay,PRY,2023,2.422
Paraguay,PRY,2022,2.444
Paraguay,PRY,2021,2.469
Paraguay,PRY,2020,2.497
Paraguay,PRY,2019,2.525
Paraguay,PRY,2018,2.561
Paraguay,PRY,2017,2.591
Paraguay,PRY,2016,2.624
Paraguay,PRY,2015,2.645
Paraguay,PRY,2014,2.646
Paraguay,PRY,2013,2.636
Paraguay,PRY,2012,2.658
Paraguay,PRY,2011,2.667
Paraguay,PRY,2010,2.695
Paraguay,PRY,2009,2.757
Paraguay,PRY,2008,2.792
Paraguay,PRY,2007,2.823
Paraguay,PRY,2006,2.889
Paraguay,PRY,2005,2.973
Paraguay,PRY,2004,3.053
Paraguay,PRY,2003,3.123
Paraguay,PRY,2002,3.233
Paraguay,PRY,2001,3.361
Paraguay,PRY,2000,3.508
Paraguay,PRY,1999,3.67
Paraguay,PRY,1998,3.798
Paraguay,PRY,1997,3.911
Paraguay,PRY,1996,4.014
Paraguay,PRY,1995,4.108
Paraguay,PRY,1994,4.196
Paraguay,PRY,1993,4.282
Paraguay,PRY,1992,4.402
Paraguay,PRY,1991,4.481
Paraguay,PRY,1990,4.565
Paraguay,PRY,1989,4.681
Paraguay,PRY,1988,4.774
Paraguay,PRY,1987,4.847
Paraguay,PRY,1986,4.929
Paraguay,PRY,1985,4.974
Paraguay,PRY,1984,5.037
Paraguay,PRY,1983,5.087
Paraguay,PRY,1982,5.126
Paraguay,PRY,1981,5.153
Paraguay,PRY,1980,5.102
Paraguay,PRY,1979,5.062
Paraguay,PRY,1978,5.036
Paraguay,PRY,1977,5.078
Paraguay,PRY,1976,5.117
Paraguay,PRY,1975,5.177
Paraguay,PRY,1974,5.272
Paraguay,PRY,1973,5.351
Paraguay,PRY,1972,5.458
Paraguay,PRY,1971,5.591
Paraguay,PRY,1970,5.718
Paraguay,PRY,1969,5.837
Paraguay,PRY,1968,5.972
Paraguay,PRY,1967,6.097
Paraguay,PRY,1966,6.231
Paraguay,PRY,1965,6.345
Paraguay,PRY,1964,6.421
Paraguay,PRY,1963,6.447
Paraguay,PRY,1962,6.472
Paraguay,PRY,1961,6.489
Paraguay,PRY,1960,6.5
Peru,PER,2025,
Peru,PER,2024,1.965
Peru,PER,2023,1.98
Peru,PER,2022,2.004
Peru,PER,2021,2.029
Peru,PER,2020,2.056
Peru,PER,2019,2.086
Peru,PER,2018,2.118
Peru,PER,2017,2.152
Peru,PER,2016,2.189
Peru,PER,2015,2.229
Peru,PER,2014,2.271
Peru,PER,2013,2.317
Peru,PER,2012,2.356
Peru,PER,2011,2.413
Peru,PER,2010,2.421
Peru,PER,2009,2.48
Peru,PER,2008,2.528
Peru,PER,2007,2.583
Peru,PER,2006,2.619
Peru,PER,2005,2.643
Peru,PER,2004,2.673
Peru,PER,2003,2.661
Peru,PER,2002,2.693
Peru,PER,2001,2.744
Peru,PER,2000,2.845
Peru,PER,1999,2.917
Peru,PER,1998,3.002
Peru,PER,1997,3.099
Peru,PER,1996,3.203
Peru,PER,1995,3.315
Peru,PER,1994,3.432
Peru,PER,1993,3.552
Peru,PER,1992,3.673
Peru,PER,1991,3.794
Peru,PER,1990,3.912
Peru,PER,1989,4.026
Peru,PER,1988,4.138
Peru,PER,1987,4.247
Peru,PER,1986,4.354
Peru,PER,1985,4.46
Peru,PER,1984,4.568
Peru,PER,1983,4.68
Peru,PER,1982,4.795
Peru,PER,1981,4.915
Peru,PER,1980,5.041
Peru,PER,1979,5.171
Peru,PER,1978,5.305
Peru,PER,1977,5.44
Peru,PER,1976,5.575
Peru,PER,1975,5.709
Peru,PER,1974,5.841
Peru,PER,1973,5.968
Peru,PER,1972,6.091
Peru,PER,1971,6.207
Peru,PER,1970,6.316
Peru,PER,1969,6.418
Peru,PER,1968,6.513
Peru,PER,1967,6.6
Peru,PER,1966,6.68
Peru,PER,1965,6.75
Peru,PER,1964,6.81
Peru,PER,1963,6.858
Peru,PER,1962,6.895
Peru,PER,1961,6.923
Peru,PER,1960,6.941
Philippines,PHL,2025,
Philippines,PHL,2024,1.894
Philippines,PHL,2023,1.916
Philippines,PHL,2022,1.929
Philippines,PHL,2021,1.95
Philippines,PHL,2020,2.075
Philippines,PHL,2019,2.215
Philippines,PHL,2018,2.378
Philippines,PHL,2017,2.525
Philippines,PHL,2016,2.679
Philippines,PHL,2015,2.829
Philippines,PHL,2014,2.894
Philippines,PHL,2013,3.042
Philippines,PHL,2012,3.143
Philippines,PHL,2011,3.236
Philippines,PHL,2010,3.315
Philippines,PHL,2009,3.376
Philippines,PHL,2008,3.401
Philippines,PHL,2007,3.403
Philippines,PHL,2006,3.466
Philippines,PHL,2005,3.448
Philippines,PHL,2004,3.524
Philippines,PHL,2003,3.591
Philippines,PHL,2002,3.651
Philippines,PHL,2001,3.719
Philippines,PHL,2000,3.754
Philippines,PHL,1999,3.825
Philippines,PHL,1998,3.884
Philippines,PHL,1997,3.943
Philippines,PHL,1996,4.004
Philippines,PHL,1995,4.067
Philippines,PHL,1994,4.079
Philippines,PHL,1993,4.098
Philippines,PHL,1992,4.161
Philippines,PHL,1991,4.273
Philippines,PHL,1990,4.322
Philippines,PHL,1989,4.365
Philippines,PHL,1988,4.449
Philippines,PHL,1987,4.509
Philippines,PHL,1986,4.563
Philippines,PHL,1985,4.664
Philippines,PHL,1984,4.77
Philippines,PHL,1983,4.867
Philippines,PHL,1982,4.917
Philippines,PHL,1981,4.973
Philippines,PHL,1980,5.108
Philippines,PHL,1979,5.255
Philippines,PHL,1978,5.393
Philippines,PHL,1977,5.442
Philippines,PHL,1976,5.505
Philippines,PHL,1975,5.596
Philippines,PHL,1974,5.693
Philippines,PHL,1973,5.787
Philippines,PHL,1972,5.937
Philippines,PHL,1971,6.083
Philippines,PHL,1970,6.218
Philippines,PHL,1969,6.333
Philippines,PHL,1968,6.448
Philippines,PHL,1967,6.572
Philippines,PHL,1966,6.691
Philippines,PHL,1965,6.799
Philippines,PHL,1964,6.886
Philippines,PHL,1963,6.952
Philippines,PHL,1962,6.98
Philippines,PHL,1961,6.994
Philippines,PHL,1960,6.996
Poland,POL,2025,
Poland,POL,2024,1.14
Poland,POL,2023,1.2
Poland,POL,2022,1.29
Poland,POL,2021,1.33
Poland,POL,2020,1.39
Poland,POL,2019,1.44
Poland,POL,2018,1.46
Poland,POL,2017,1.48
Poland,POL,2016,1.39
Poland,POL,2015,1.32
Poland,POL,2014,1.32
Poland,POL,2013,1.29
Poland,POL,2012,1.33
Poland,POL,2011,1.33
Poland,POL,2010,1.41
Poland,POL,2009,1.4
Poland,POL,2008,1.39
Poland,POL,2007,1.31
Poland,POL,2006,1.27
Poland,POL,2005,1.24
Poland,POL,2004,1.23
Poland,POL,2003,1.22
Poland,POL,2002,1.25
Poland,POL,2001,1.31
Poland,POL,2000,1.37
Poland,POL,1999,1.37
Poland,POL,1998,1.44
Poland,POL,1997,1.51
Poland,POL,1996,1.59
Poland,POL,1995,1.62
Poland,POL,1994,1.81
Poland,POL,1993,1.87
Poland,POL,1992,1.95
Poland,POL,1991,2.07
Poland,POL,1990,2.06
Poland,POL,1989,2.08
Poland,POL,1988,2.13
Poland,POL,1987,2.15
Poland,POL,1986,2.22
Poland,POL,1985,2.33
Poland,POL,1984,2.37
Poland,POL,1983,2.42
Poland,POL,1982,2.34
Poland,POL,1981,2.24
Poland,POL,1980,2.28
Poland,POL,1979,2.28
Poland,POL,1978,2.21
Poland,POL,1977,2.23
Poland,POL,1976,2.3
Poland,POL,1975,2.27
Poland,POL,1974,2.26
Poland,POL,1973,2.26
Poland,POL,1972,2.24
Poland,POL,1971,2.25
Poland,POL,1970,2.2
Poland,POL,1969,2.2
Poland,POL,1968,2.24
Poland,POL,1967,2.33
Poland,POL,1966,2.34
Poland,POL,1965,2.52
Poland,POL,1964,2.57
Poland,POL,1963,2.7
Poland,POL,1962,2.72
Poland,POL,1961,2.83
Poland,POL,1960,2.98
Portugal,PRT,2025,
Portugal,PRT,2024,1.41
Portugal,PRT,2023,1.45
Portugal,PRT,2022,1.43
Portugal,PRT,2021,1.35
Portugal,PRT,2020,1.42
Portugal,PRT,2019,1.44
Portugal,PRT,2018,1.42
Portugal,PRT,2017,1.38
Portugal,PRT,2016,1.37
Portugal,PRT,2015,1.31
Portugal,PRT,2014,1.24
Portugal,PRT,2013,1.21
Portugal,PRT,2012,1.28
Portugal,PRT,2011,1.35
Portugal,PRT,2010,1.39
Portugal,PRT,2009,1.34
Portugal,PRT,2008,1.39
Portugal,PRT,2007,1.35
Portugal,PRT,2006,1.37
Portugal,PRT,2005,1.41
Portugal,PRT,2004,1.4
Portugal,PRT,2003,1.44
Portugal,PRT,2002,1.46
Portugal,PRT,2001,1.45
Portugal,PRT,2000,1.55
Portugal,PRT,1999,1.5
Portugal,PRT,1998,1.47
Portugal,PRT,1997,1.47
Portugal,PRT,1996,1.44
Portugal,PRT,1995,1.41
Portugal,PRT,1994,1.45
Portugal,PRT,1993,1.52
Portugal,PRT,1992,1.54
Portugal,PRT,1991,1.56
Portugal,PRT,1990,1.56
Portugal,PRT,1989,1.57
Portugal,PRT,1988,1.61
Portugal,PRT,1987,1.62
Portugal,PRT,1986,1.66
Portugal,PRT,1985,1.72
Portugal,PRT,1984,1.9
Portugal,PRT,1983,1.95
Portugal,PRT,1982,2.07
Portugal,PRT,1981,2.13
Portugal,PRT,1980,2.25
Portugal,PRT,1979,2.31
Portugal,PRT,1978,2.45
Portugal,PRT,1977,2.69
Portugal,PRT,1976,2.82
Portugal,PRT,1975,2.75
Portugal,PRT,1974,2.7
Portugal,PRT,1973,2.77
Portugal,PRT,1972,2.86
Portugal,PRT,1971,3.0
Portugal,PRT,1970,3.01
Portugal,PRT,1969,3.12
Portugal,PRT,1968,3.12
Portugal,PRT,1967,3.16
Portugal,PRT,1966,3.16
Portugal,PRT,1965,3.15
Portugal,PRT,1964,3.21
Portugal,PRT,1963,3.12
Portugal,PRT,1962,3.23
Portugal,PRT,1961,3.21
Portugal,PRT,1960,3.16
Puerto Rico (US),PRI,2025,
Puerto Rico (US),PRI,2024,0.92
Puerto Rico (US),PRI,2023,0.92
Puerto Rico (US),PRI,2022,0.914
Puerto Rico (US),PRI,2021,0.907
Puerto Rico (US),PRI,2020,0.922
Puerto Rico (US),PRI,2019,0.982
Puerto Rico (US),PRI,2018,1.035
Puerto Rico (US),PRI,2017,1.101
Puerto Rico (US),PRI,2016,1.2425
Puerto Rico (US),PRI,2015,1.3365
Puerto Rico (US),PRI,2014,1.432
Puerto Rico (US),PRI,2013,1.47
Puerto Rico (US),PRI,2012,1.5425
Puerto Rico (US),PRI,2011,1.5965
Puerto Rico (US),PRI,2010,1.6235
Puerto Rico (US),PRI,2009,1.6528
Puerto Rico (US),PRI,2008,1.6516
Puerto Rico (US),PRI,2007,1.6505
Puerto Rico (US),PRI,2006,1.7123
Puerto Rico (US),PRI,2005,1.7702
Puerto Rico (US),PRI,2004,1.7822
Puerto Rico (US),PRI,2003,1.7624
Puerto Rico (US),PRI,2002,1.8317
Puerto Rico (US),PRI,2001,1.9346
Puerto Rico (US),PRI,2000,2.0485
Puerto Rico (US),PRI,1999,2.0
Puerto Rico (US),PRI,1998,1.9
Puerto Rico (US),PRI,1997,1.9
Puerto Rico (US),PRI,1996,1.94
Puerto Rico (US),PRI,1995,2.248
Puerto Rico (US),PRI,1994,2.278
Puerto Rico (US),PRI,1993,2.307
Puerto Rico (US),PRI,1992,2.29
Puerto Rico (US),PRI,1991,2.302
Puerto Rico (US),PRI,1990,2.378
Puerto Rico (US),PRI,1989,2.386
Puerto Rico (US),PRI,1988,2.307
Puerto Rico (US),PRI,1987,2.328
Puerto Rico (US),PRI,1986,2.355
Puerto Rico (US),PRI,1985,2.351
Puerto Rico (US),PRI,1984,2.353
Puerto Rico (US),PRI,1983,2.456
Puerto Rico (US),PRI,1982,2.613
Puerto Rico (US),PRI,1981,2.711
Puerto Rico (US),PRI,1980,2.815
Puerto Rico (US),PRI,1979,2.846
Puerto Rico (US),PRI,1978,2.9
Puerto Rico (US),PRI,1977,2.923
Puerto Rico (US),PRI,1976,2.863
Puerto Rico (US),PRI,1975,2.772
Puerto Rico (US),PRI,1974,2.882
Puerto Rico (US),PRI,1973,2.93
Puerto Rico (US),PRI,1972,3.058
Puerto Rico (US),PRI,1971,3.291
Puerto Rico (US),PRI,1970,3.243
Puerto Rico (US),PRI,1969,3.315
Puerto Rico (US),PRI,1968,3.381
Puerto Rico (US),PRI,1967,3.569
Puerto Rico (US),PRI,1966,3.817
Puerto Rico (US),PRI,1965,4.044
Puerto Rico (US),PRI,1964,4.108
Puerto Rico (US),PRI,1963,4.525
Puerto Rico (US),PRI,1962,4.359
Puerto Rico (US),PRI,1961,4.51
Puerto Rico (US),PRI,1960,4.796
Qatar,QAT,2025,
Qatar,QAT,2024,1.717
Qatar,QAT,2023,1.729
Qatar,QAT,2022,1.739
Qatar,QAT,2021,1.605
Qatar,QAT,2020,1.675
Qatar,QAT,2019,1.731
Qatar,QAT,2018,1.756
Qatar,QAT,2017,1.834
Qatar,QAT,2016,1.856
Qatar,QAT,2015,1.976
Qatar,QAT,2014,2.03
Qatar,QAT,2013,2.032
Qatar,QAT,2012,2.04
Qatar,QAT,2011,2.07
Qatar,QAT,2010,2.137
Qatar,QAT,2009,2.254
Qatar,QAT,2008,2.369
Qatar,QAT,2007,2.438
Qatar,QAT,2006,2.509
Qatar,QAT,2005,2.635
Qatar,QAT,2004,2.794
Qatar,QAT,2003,2.925
Qatar,QAT,2002,3.011
Qatar,QAT,2001,3.08
Qatar,QAT,2000,3.073
Qatar,QAT,1999,3.117
Qatar,QAT,1998,3.211
Qatar,QAT,1997,3.327
Qatar,QAT,1996,3.444
Qatar,QAT,1995,3.557
Qatar,QAT,1994,3.665
Qatar,QAT,1993,3.765
Qatar,QAT,1992,3.852
Qatar,QAT,1991,3.988
Qatar,QAT,1990,4.23
Qatar,QAT,1989,4.412
Qatar,QAT,1988,4.515
Qatar,QAT,1987,4.539
Qatar,QAT,1986,4.565
Qatar,QAT,1985,4.642
Qatar,QAT,1984,4.756
Qatar,QAT,1983,4.898
Qatar,QAT,1982,5.044
Qatar,QAT,1981,5.196
Qatar,QAT,1980,5.329
Qatar,QAT,1979,5.461
Qatar,QAT,1978,5.577
Qatar,QAT,1977,5.691
Qatar,QAT,1976,5.782
Qatar,QAT,1975,5.861
Qatar,QAT,1974,5.935
Qatar,QAT,1973,6.008
Qatar,QAT,1972,6.073
Qatar,QAT,1971,6.145
Qatar,QAT,1970,6.228
Qatar,QAT,1969,6.311
Qatar,QAT,1968,6.392
Qatar,QAT,1967,6.462
Qatar,QAT,1966,6.521
Qatar,QAT,1965,6.527
Qatar,QAT,1964,6.525
Qatar,QAT,1963,6.527
Qatar,QAT,1962,6.53
Qatar,QAT,1961,6.526
Qatar,QAT,1960,6.531
Romania,ROU,2025,
Romania,ROU,2024,1.39
Romania,ROU,2023,1.54
Romania,ROU,2022,1.71
Romania,ROU,2021,1.81
Romania,ROU,2020,1.8
Romania,ROU,2019,1.77
Romania,ROU,2018,1.76
Romania,ROU,2017,1.78
Romania,ROU,2016,1.69
Romania,ROU,2015,1.62
Romania,ROU,2014,1.56
Romania,ROU,2013,1.46
Romania,ROU,2012,1.52
Romania,ROU,2011,1.47
Romania,ROU,2010,1.59
Romania,ROU,2009,1.66
Romania,ROU,2008,1.6
Romania,ROU,2007,1.45
Romania,ROU,2006,1.42
Romania,ROU,2005,1.4
Romania,ROU,2004,1.33
Romania,ROU,2003,1.3
Romania,ROU,2002,1.27
Romania,ROU,2001,1.27
Romania,ROU,2000,1.31
Romania,ROU,1999,1.3
Romania,ROU,1998,1.32
Romania,ROU,1997,1.32
Romania,ROU,1996,1.3
Romania,ROU,1995,1.33
Romania,ROU,1994,1.4
Romania,ROU,1993,1.43
Romania,ROU,1992,1.51
Romania,ROU,1991,1.59
Romania,ROU,1990,1.83
Romania,ROU,1989,2.22
Romania,ROU,1988,2.3
Romania,ROU,1987,2.38
Romania,ROU,1986,2.39
Romania,ROU,1985,2.31
Romania,ROU,1984,2.26
Romania,ROU,1983,2.06
Romania,ROU,1982,2.17
Romania,ROU,1981,2.36
Romania,ROU,1980,2.43
Romania,ROU,1979,2.49
Romania,ROU,1978,2.52
Romania,ROU,1977,2.57
Romania,ROU,1976,2.54
Romania,ROU,1975,2.59
Romania,ROU,1974,2.71
Romania,ROU,1973,2.44
Romania,ROU,1972,2.55
Romania,ROU,1971,2.67
Romania,ROU,1970,2.89
Romania,ROU,1969,3.19
Romania,ROU,1968,3.63
Romania,ROU,1967,3.66
Romania,ROU,1966,1.9
Romania,ROU,1965,1.91
Romania,ROU,1964,1.96
Romania,ROU,1963,2.01
Romania,ROU,1962,2.04
Romania,ROU,1961,2.17
Romania,ROU,1960,2.34
Russian Federation,RUS,2025,
Russian Federation,RUS,2024,1.418
Russian Federation,RUS,2023,1.41
Russian Federation,RUS,2022,1.416
Russian Federation,RUS,2021,1.505
Russian Federation,RUS,2020,1.505
Russian Federation,RUS,2019,1.504
Russian Federation,RUS,2018,1.579
Russian Federation,RUS,2017,1.621
Russian Federation,RUS,2016,1.762
Russian Federation,RUS,2015,1.777
Russian Federation,RUS,2014,1.75
Russian Federation,RUS,2013,1.707
Russian Federation,RUS,2012,1.691
Russian Federation,RUS,2011,1.582
Russian Federation,RUS,2010,1.567
Russian Federation,RUS,2009,1.542
Russian Federation,RUS,2008,1.502
Russian Federation,RUS,2007,1.416
Russian Federation,RUS,2006,1.305
Russian Federation,RUS,2005,1.294
Russian Federation,RUS,2004,1.344
Russian Federation,RUS,2003,1.319
Russian Federation,RUS,2002,1.286
Russian Federation,RUS,2001,1.223
Russian Federation,RUS,2000,1.195
Russian Federation,RUS,1999,1.157
Russian Federation,RUS,1998,1.232
Russian Federation,RUS,1997,1.218
Russian Federation,RUS,1996,1.27
Russian Federation,RUS,1995,1.337
Russian Federation,RUS,1994,1.4
Russian Federation,RUS,1993,1.385
Russian Federation,RUS,1992,1.552
Russian Federation,RUS,1991,1.732
Russian Federation,RUS,1990,1.892
Russian Federation,RUS,1989,2.01
Russian Federation,RUS,1988,2.12
Russian Federation,RUS,1987,2.22
Russian Federation,RUS,1986,2.15
Russian Federation,RUS,1985,2.05
Russian Federation,RUS,1984,2.06
Russian Federation,RUS,1983,2.11
Russian Federation,RUS,1982,2.04
Russian Federation,RUS,1981,1.91
Russian Federation,RUS,1980,1.89
Russian Federation,RUS,1979,1.9
Russian Federation,RUS,1978,1.92
Russian Federation,RUS,1977,1.95
Russian Federation,RUS,1976,1.97
Russian Federation,RUS,1975,1.98
Russian Federation,RUS,1974,2.0
Russian Federation,RUS,1973,2.01
Russian Federation,RUS,1972,2.04
Russian Federation,RUS,1971,2.03
Russian Federation,RUS,1970,1.99
Russian Federation,RUS,1969,1.97
Russian Federation,RUS,1968,1.99
Russian Federation,RUS,1967,2.04
Russian Federation,RUS,1966,2.1
Russian Federation,RUS,1965,2.13
Russian Federation,RUS,1964,2.18
Russian Federation,RUS,1963,2.27
Russian Federation,RUS,1962,2.36
Russian Federation,RUS,1961,2.45
Russian Federation,RUS,1960,2.52
Rwanda,RWA,2025,
Rwanda,RWA,2024,3.645
Rwanda,RWA,2023,3.698
Rwanda,RWA,2022,3.778
Rwanda,RWA,2021,3.841
Rwanda,RWA,2020,3.913
Rwanda,RWA,2019,3.985
Rwanda,RWA,2018,4.047
Rwanda,RWA,2017,4.084
Rwanda,RWA,2016,4.106
Rwanda,RWA,2015,4.108
Rwanda,RWA,2014,4.117
Rwanda,RWA,2013,4.136
Rwanda,RWA,2012,4.201
Rwanda,RWA,2011,4.332
Rwanda,RWA,2010,4.522
Rwanda,RWA,2009,4.707
Rwanda,RWA,2008,4.922
Rwanda,RWA,2007,5.141
Rwanda,RWA,2006,5.335
Rwanda,RWA,2005,5.5
Rwanda,RWA,2004,5.64
Rwanda,RWA,2003,5.737
Rwanda,RWA,2002,5.816
Rwanda,RWA,2001,5.893
Rwanda,RWA,2000,5.967
Rwanda,RWA,1999,6.059
Rwanda,RWA,1998,6.171
Rwanda,RWA,1997,6.235
Rwanda,RWA,1996,6.289
Rwanda,RWA,1995,6.345
Rwanda,RWA,1994,6.415
Rwanda,RWA,1993,6.479
Rwanda,RWA,1992,6.539
Rwanda,RWA,1991,6.622
Rwanda,RWA,1990,6.803
Rwanda,RWA,1989,7.029
Rwanda,RWA,1988,7.234
Rwanda,RWA,1987,7.426
Rwanda,RWA,1986,7.612
Rwanda,RWA,1985,7.786
Rwanda,RWA,1984,7.913
Rwanda,RWA,1983,8.001
Rwanda,RWA,1982,8.064
Rwanda,RWA,1981,8.102
Rwanda,RWA,1980,8.115
Rwanda,RWA,1979,8.13
Rwanda,RWA,1978,8.157
Rwanda,RWA,1977,8.138
Rwanda,RWA,1976,8.122
Rwanda,RWA,1975,8.096
Rwanda,RWA,1974,8.102
Rwanda,RWA,1973,8.092
Rwanda,RWA,1972,8.089
Rwanda,RWA,1971,8.092
Rwanda,RWA,1970,8.145
Rwanda,RWA,1969,8.176
Rwanda,RWA,1968,8.187
Rwanda,RWA,1967,8.211
Rwanda,RWA,1966,8.23
Rwanda,RWA,1965,8.249
Rwanda,RWA,1964,8.266
Rwanda,RWA,1963,8.269
Rwanda,RWA,1962,8.271
Rwanda,RWA,1961,8.279
Rwanda,RWA,1960,8.283
Samoa,WSM,2025,
Samoa,WSM,2024,3.801
Samoa,WSM,2023,3.829
Samoa,WSM,2022,3.883
Samoa,WSM,2021,3.94
Samoa,WSM,2020,4.002
Samoa,WSM,2019,4.061
Samoa,WSM,2018,4.136
Samoa,WSM,2017,4.196
Samoa,WSM,2016,4.262
Samoa,WSM,2015,4.344
Samoa,WSM,2014,4.423
Samoa,WSM,2013,4.491
Samoa,WSM,2012,4.545
Samoa,WSM,2011,4.56
Samoa,WSM,2010,4.52
Samoa,WSM,2009,4.466
Samoa,WSM,2008,4.417
Samoa,WSM,2007,4.358
Samoa,WSM,2006,4.322
Samoa,WSM,2005,4.322
Samoa,WSM,2004,4.343
Samoa,WSM,2003,4.392
Samoa,WSM,2002,4.444
Samoa,WSM,2001,4.477
Samoa,WSM,2000,4.523
Samoa,WSM,1999,4.572
Samoa,WSM,1998,4.645
Samoa,WSM,1997,4.695
Samoa,WSM,1996,4.739
Samoa,WSM,1995,4.767
Samoa,WSM,1994,4.792
Samoa,WSM,1993,4.826
Samoa,WSM,1992,4.865
Samoa,WSM,1991,4.912
Samoa,WSM,1990,5.007
Samoa,WSM,1989,5.107
Samoa,WSM,1988,5.207
Samoa,WSM,1987,5.316
Samoa,WSM,1986,5.421
Samoa,WSM,1985,5.489
Samoa,WSM,1984,5.553
Samoa,WSM,1983,5.617
Samoa,WSM,1982,5.677
Samoa,WSM,1981,5.749
Samoa,WSM,1980,5.861
Samoa,WSM,1979,5.991
Samoa,WSM,1978,6.146
Samoa,WSM,1977,6.313
Samoa,WSM,1976,6.473
Samoa,WSM,1975,6.606
Samoa,WSM,1974,6.747
Samoa,WSM,1973,6.908
Samoa,WSM,1972,7.07
Samoa,WSM,1971,7.224
Samoa,WSM,1970,7.338
Samoa,WSM,1969,7.432
Samoa,WSM,1968,7.499
Samoa,WSM,1967,7.551
Samoa,WSM,1966,7.596
Samoa,WSM,1965,7.653
Samoa,WSM,1964,7.703
Samoa,WSM,1963,7.729
Samoa,WSM,1962,7.759
Samoa,WSM,1961,7.771
Samoa,WSM,1960,7.779
San Marino,SMR,2025,
San Marino,SMR,2024,1.158
San Marino,SMR,2023,1.149
San Marino,SMR,2022,1.136
San Marino,SMR,2021,1.125
San Marino,SMR,2020,1.113
San Marino,SMR,2019,1.096
San Marino,SMR,2018,1.077
San Marino,SMR,2017,1.054
San Marino,SMR,2016,1.127
San Marino,SMR,2015,1.196
San Marino,SMR,2014,1.259
San Marino,SMR,2013,1.483
San Marino,SMR,2012,1.289
San Marino,SMR,2011,1.456
San Marino,SMR,2010,1.459
San Marino,SMR,2009,1.358
San Marino,SMR,2008,1.521
San Marino,SMR,2007,1.257
San Marino,SMR,2006,1.242
San Marino,SMR,2005,1.198
San Marino,SMR,2004,1.298
San Marino,SMR,2003,1.296
San Marino,SMR,2002,1.432
San Marino,SMR,2001,1.519
San Marino,SMR,2000,1.404
San Marino,SMR,1999,1.288
San Marino,SMR,1998,1.263
San Marino,SMR,1997,1.243
San Marino,SMR,1996,1.212
San Marino,SMR,1995,1.166
San Marino,SMR,1994,1.138
San Marino,SMR,1993,1.123
San Marino,SMR,1992,1.15
San Marino,SMR,1991,1.167
San Marino,SMR,1990,1.162
San Marino,SMR,1989,1.145
San Marino,SMR,1988,1.14
San Marino,SMR,1987,1.135
San Marino,SMR,1986,1.147
San Marino,SMR,1985,1.17
San Marino,SMR,1984,1.198
San Marino,SMR,1983,1.248
San Marino,SMR,1982,1.304
San Marino,SMR,1981,1.412
San Marino,SMR,1980,1.525
San Marino,SMR,1979,1.634
San Marino,SMR,1978,1.771
San Marino,SMR,1977,1.868
San Marino,SMR,1976,1.947
San Marino,SMR,1975,2.053
San Marino,SMR,1974,2.134
San Marino,SMR,1973,2.227
San Marino,SMR,1972,2.286
San Marino,SMR,1971,2.326
San Marino,SMR,1970,2.316
San Marino,SMR,1969,2.312
San Marino,SMR,1968,2.299
San Marino,SMR,1967,2.305
San Marino,SMR,1966,2.326
San Marino,SMR,1965,2.334
San Marino,SMR,1964,2.368
San Marino,SMR,1963,2.401
San Marino,SMR,1962,2.434
San Marino,SMR,1961,2.684
San Marino,SMR,1960,2.428
Sao Tome and Principe,STP,2025,
Sao Tome and Principe,STP,2024,3.596
Sao Tome and Principe,STP,2023,3.644
Sao Tome and Principe,STP,2022,3.695
Sao Tome and Principe,STP,2021,3.759
Sao Tome and Principe,STP,2020,3.827
Sao Tome and Principe,STP,2019,3.9
Sao Tome and Principe,STP,2018,3.977
Sao Tome and Principe,STP,2017,4.069
Sao Tome and Principe,STP,2016,4.203
Sao Tome and Principe,STP,2015,4.354
Sao Tome and Principe,STP,2014,4.485
Sao Tome and Principe,STP,2013,4.584
Sao Tome and Principe,STP,2012,4.664
Sao Tome and Principe,STP,2011,4.718
Sao Tome and Principe,STP,2010,4.769
Sao Tome and Principe,STP,2009,4.838
Sao Tome and Principe,STP,2008,4.906
Sao Tome and Principe,STP,2007,4.957
Sao Tome and Principe,STP,2006,4.933
Sao Tome and Principe,STP,2005,4.939
Sao Tome and Principe,STP,2004,4.962
Sao Tome and Principe,STP,2003,5.013
Sao Tome and Principe,STP,2002,5.062
Sao Tome and Principe,STP,2001,5.097
Sao Tome and Principe,STP,2000,5.157
Sao Tome and Principe,STP,1999,5.228
Sao Tome and Principe,STP,1998,5.304
Sao Tome and Principe,STP,1997,5.396
Sao Tome and Principe,STP,1996,5.474
Sao Tome and Principe,STP,1995,5.554
Sao Tome and Principe,STP,1994,5.562
Sao Tome and Principe,STP,1993,5.635
Sao Tome and Principe,STP,1992,5.704
Sao Tome and Principe,STP,1991,5.769
Sao Tome and Principe,STP,1990,5.828
Sao Tome and Principe,STP,1989,5.884
Sao Tome and Principe,STP,1988,5.938
Sao Tome and Principe,STP,1987,5.992
Sao Tome and Principe,STP,1986,6.046
Sao Tome and Principe,STP,1985,6.101
Sao Tome and Principe,STP,1984,6.158
Sao Tome and Principe,STP,1983,6.217
Sao Tome and Principe,STP,1982,6.276
Sao Tome and Principe,STP,1981,6.333
Sao Tome and Principe,STP,1980,6.386
Sao Tome and Principe,STP,1979,6.434
Sao Tome and Principe,STP,1978,6.473
Sao Tome and Principe,STP,1977,6.504
Sao Tome and Principe,STP,1976,6.524
Sao Tome and Principe,STP,1975,6.534
Sao Tome and Principe,STP,1974,6.534
Sao Tome and Principe,STP,1973,6.525
Sao Tome and Principe,STP,1972,6.51
Sao Tome and Principe,STP,1971,6.49
Sao Tome and Principe,STP,1970,6.468
Sao Tome and Principe,STP,1969,6.444
Sao Tome and Principe,STP,1968,6.419
Sao Tome and Principe,STP,1967,6.394
Sao Tome and Principe,STP,1966,6.371
Sao Tome and Principe,STP,1965,6.349
Sao Tome and Principe,STP,1964,6.327
Sao Tome and Principe,STP,1963,6.306
Sao Tome and Principe,STP,1962,6.284
Sao Tome and Principe,STP,1961,6.263
Sao Tome and Principe,STP,1960,6.242
Saudi Arabia,SAU,2025,
Saudi Arabia,SAU,2024,2.308
Saudi Arabia,SAU,2023,2.28
Saudi Arabia,SAU,2022,2.14
Saudi Arabia,SAU,2021,2.17
Saudi Arabia,SAU,2020,2.27
Saudi Arabia,SAU,2019,2.49
Saudi Arabia,SAU,2018,2.67
Saudi Arabia,SAU,2017,2.67
Saudi Arabia,SAU,2016,2.65
Saudi Arabia,SAU,2015,2.63
Saudi Arabia,SAU,2014,2.68
Saudi Arabia,SAU,2013,2.67
Saudi Arabia,SAU,2012,2.78
Saudi Arabia,SAU,2011,2.8
Saudi Arabia,SAU,2010,2.81
Saudi Arabia,SAU,2009,2.95
Saudi Arabia,SAU,2008,3.074
Saudi Arabia,SAU,2007,3.185
Saudi Arabia,SAU,2006,3.176
Saudi Arabia,SAU,2005,3.161
Saudi Arabia,SAU,2004,3.264
Saudi Arabia,SAU,2003,3.465
Saudi Arabia,SAU,2002,3.709
Saudi Arabia,SAU,2001,3.964
Saudi Arabia,SAU,2000,4.206
Saudi Arabia,SAU,1999,4.354
Saudi Arabia,SAU,1998,4.524
Saudi Arabia,SAU,1997,4.656
Saudi Arabia,SAU,1996,4.812
Saudi Arabia,SAU,1995,4.986
Saudi Arabia,SAU,1994,5.161
Saudi Arabia,SAU,1993,5.326
Saudi Arabia,SAU,1992,5.489
Saudi Arabia,SAU,1991,5.644
Saudi Arabia,SAU,1990,5.804
Saudi Arabia,SAU,1989,5.975
Saudi Arabia,SAU,1988,6.15
Saudi Arabia,SAU,1987,6.343
Saudi Arabia,SAU,1986,6.517
Saudi Arabia,SAU,1985,6.649
Saudi Arabia,SAU,1984,6.776
Saudi Arabia,SAU,1983,6.875
Saudi Arabia,SAU,1982,6.979
Saudi Arabia,SAU,1981,7.067
Saudi Arabia,SAU,1980,7.145
Saudi Arabia,SAU,1979,7.227
Saudi Arabia,SAU,1978,7.263
Saudi Arabia,SAU,1977,7.295
Saudi Arabia,SAU,1976,7.33
Saudi Arabia,SAU,1975,7.37
Saudi Arabia,SAU,1974,7.426
Saudi Arabia,SAU,1973,7.484
Saudi Arabia,SAU,1972,7.539
Saudi Arabia,SAU,1971,7.556
Saudi Arabia,SAU,1970,7.583
Saudi Arabia,SAU,1969,7.597
Saudi Arabia,SAU,1968,7.627
Saudi Arabia,SAU,1967,7.658
Saudi Arabia,SAU,1966,7.655
Saudi Arabia,SAU,1965,7.658
Saudi Arabia,SAU,1964,7.672
Saudi Arabia,SAU,1963,7.654
Saudi Arabia,SAU,1962,7.636
Saudi Arabia,SAU,1961,7.634
Saudi Arabia,SAU,1960,7.626
Senegal,SEN,2025,
Senegal,SEN,2024,3.765
Senegal,SEN,2023,3.818
Senegal,SEN,2022,3.864
Senegal,SEN,2021,3.936
Senegal,SEN,2020,4.003
Senegal,SEN,2019,4.1
Senegal,SEN,2018,4.294
Senegal,SEN,2017,4.489
Senegal,SEN,2016,4.648
Senegal,SEN,2015,4.751
Senegal,SEN,2014,4.884
Senegal,SEN,2013,5.049
Senegal,SEN,2012,5.129
Senegal,SEN,2011,5.099
Senegal,SEN,2010,5.055
Senegal,SEN,2009,5.025
Senegal,SEN,2008,5.024
Senegal,SEN,2007,5.018
Senegal,SEN,2006,5.064
Senegal,SEN,2005,5.133
Senegal,SEN,2004,5.192
Senegal,SEN,2003,5.246
Senegal,SEN,2002,5.301
Senegal,SEN,2001,5.397
Senegal,SEN,2000,5.498
Senegal,SEN,1999,5.573
Senegal,SEN,1998,5.581
Senegal,SEN,1997,5.639
Senegal,SEN,1996,5.723
Senegal,SEN,1995,5.819
Senegal,SEN,1994,5.915
Senegal,SEN,1993,6.049
Senegal,SEN,1992,6.149
Senegal,SEN,1991,6.267
Senegal,SEN,1990,6.396
Senegal,SEN,1989,6.479
Senegal,SEN,1988,6.577
Senegal,SEN,1987,6.785
Senegal,SEN,1986,6.902
Senegal,SEN,1985,7.013
Senegal,SEN,1984,7.111
Senegal,SEN,1983,7.189
Senegal,SEN,1982,7.245
Senegal,SEN,1981,7.279
Senegal,SEN,1980,7.292
Senegal,SEN,1979,7.29
Senegal,SEN,1978,7.279
Senegal,SEN,1977,7.268
Senegal,SEN,1976,7.258
Senegal,SEN,1975,7.252
Senegal,SEN,1974,7.252
Senegal,SEN,1973,7.255
Senegal,SEN,1972,7.258
Senegal,SEN,1971,7.261
Senegal,SEN,1970,7.262
Senegal,SEN,1969,7.259
Senegal,SEN,1968,7.251
Senegal,SEN,1967,7.237
Senegal,SEN,1966,7.217
Senegal,SEN,1965,7.19
Senegal,SEN,1964,7.157
Senegal,SEN,1963,7.12
Senegal,SEN,1962,7.079
Senegal,SEN,1961,7.038
Senegal,SEN,1960,6.996
Serbia,SRB,2025,
Serbia,SRB,2024,1.64
Serbia,SRB,2023,1.62
Serbia,SRB,2022,1.59
Serbia,SRB,2021,1.52
Serbia,SRB,2020,1.48
Serbia,SRB,2019,1.52
Serbia,SRB,2018,1.49
Serbia,SRB,2017,1.49
Serbia,SRB,2016,1.46
Serbia,SRB,2015,1.46
Serbia,SRB,2014,1.46
Serbia,SRB,2013,1.43
Serbia,SRB,2012,1.45
Serbia,SRB,2011,1.4
Serbia,SRB,2010,1.4
Serbia,SRB,2009,1.44
Serbia,SRB,2008,1.4
Serbia,SRB,2007,1.38
Serbia,SRB,2006,1.43
Serbia,SRB,2005,1.45
Serbia,SRB,2004,1.57
Serbia,SRB,2003,1.59
Serbia,SRB,2002,1.57
Serbia,SRB,2001,1.58
Serbia,SRB,2000,1.48
Serbia,SRB,1999,1.354
Serbia,SRB,1998,1.37
Serbia,SRB,1997,1.398
Serbia,SRB,1996,1.436
Serbia,SRB,1995,1.468
Serbia,SRB,1994,1.505
Serbia,SRB,1993,1.544
Serbia,SRB,1992,1.573
Serbia,SRB,1991,1.612
Serbia,SRB,1990,1.649
Serbia,SRB,1989,1.685
Serbia,SRB,1988,1.72
Serbia,SRB,1987,1.749
Serbia,SRB,1986,1.778
Serbia,SRB,1985,1.8
Serbia,SRB,1984,1.814
Serbia,SRB,1983,1.832
Serbia,SRB,1982,1.842
Serbia,SRB,1981,1.852
Serbia,SRB,1980,1.863
Serbia,SRB,1979,1.875
Serbia,SRB,1978,1.889
Serbia,SRB,1977,1.901
Serbia,SRB,1976,1.913
Serbia,SRB,1975,1.923
Serbia,SRB,1974,1.93
Serbia,SRB,1973,1.94
Serbia,SRB,1972,1.952
Serbia,SRB,1971,1.96
Serbia,SRB,1970,1.973
Serbia,SRB,1969,1.986
Serbia,SRB,1968,2.005
Serbia,SRB,1967,2.02
Serbia,SRB,1966,2.041
Serbia,SRB,1965,2.057
Serbia,SRB,1964,2.067
Serbia,SRB,1963,2.084
Serbia,SRB,1962,2.109
Serbia,SRB,1961,2.133
Serbia,SRB,1960,2.155
Seychelles,SYC,2025,
Seychelles,SYC,2024,1.85
Seychelles,SYC,2023,2.18
Seychelles,SYC,2022,2.2
Seychelles,SYC,2021,2.38
Seychelles,SYC,2020,2.2
Seychelles,SYC,2019,2.31
Seychelles,SYC,2018,2.34
Seychelles,SYC,2017,2.34
Seychelles,SYC,2016,2.33
Seychelles,SYC,2015,2.26
Seychelles,SYC,2014,2.19
Seychelles,SYC,2013,2.21
Seychelles,SYC,2012,2.32
Seychelles,SYC,2011,2.3
Seychelles,SYC,2010,2.13
Seychelles,SYC,2009,2.38
Seychelles,SYC,2008,2.33
Seychelles,SYC,2007,2.24
Seychelles,SYC,2006,2.11
Seychelles,SYC,2005,2.2
Seychelles,SYC,2004,2.01
Seychelles,SYC,2003,2.06
Seychelles,SYC,2002,2.04
Seychelles,SYC,2001,1.98
Seychelles,SYC,2000,2.08
Seychelles,SYC,1999,2.04
Seychelles,SYC,1998,2.04
Seychelles,SYC,1997,2.1
Seychelles,SYC,1996,2.311
Seychelles,SYC,1995,2.361
Seychelles,SYC,1994,2.597
Seychelles,SYC,1993,2.582
Seychelles,SYC,1992,2.526
Seychelles,SYC,1991,2.692
Seychelles,SYC,1990,2.607
Seychelles,SYC,1989,2.671
Seychelles,SYC,1988,2.789
Seychelles,SYC,1987,2.922
Seychelles,SYC,1986,3.074
Seychelles,SYC,1985,3.091
Seychelles,SYC,1984,3.24
Seychelles,SYC,1983,3.218
Seychelles,SYC,1982,3.131
Seychelles,SYC,1981,3.665
Seychelles,SYC,1980,3.79
Seychelles,SYC,1979,3.66
Seychelles,SYC,1978,3.919
Seychelles,SYC,1977,3.754
Seychelles,SYC,1976,4.086
Seychelles,SYC,1975,4.752
Seychelles,SYC,1974,5.099
Seychelles,SYC,1973,4.784
Seychelles,SYC,1972,5.155
Seychelles,SYC,1971,5.689
Seychelles,SYC,1970,5.307
Seychelles,SYC,1969,5.479
Seychelles,SYC,1968,5.614
Seychelles,SYC,1967,5.895
Seychelles,SYC,1966,6.126
Seychelles,SYC,1965,5.716
Seychelles,SYC,1964,5.694
Seychelles,SYC,1963,5.606
Seychelles,SYC,1962,5.513
Seychelles,SYC,1961,5.422
Seychelles,SYC,1960,5.313
Sierra Leone,SLE,2025,
Sierra Leone,SLE,2024,3.703
Sierra Leone,SLE,2023,3.791
Sierra Leone,SLE,2022,3.876
Sierra Leone,SLE,2021,3.978
Sierra Leone,SLE,2020,4.08
Sierra Leone,SLE,2019,4.192
Sierra Leone,SLE,2018,4.294
Sierra Leone,SLE,2017,4.389
Sierra Leone,SLE,2016,4.466
Sierra Leone,SLE,2015,4.548
Sierra Leone,SLE,2014,4.703
Sierra Leone,SLE,2013,4.873
Sierra Leone,SLE,2012,5.064
Sierra Leone,SLE,2011,5.209
Sierra Leone,SLE,2010,5.327
Sierra Leone,SLE,2009,5.448
Sierra Leone,SLE,2008,5.563
Sierra Leone,SLE,2007,5.643
Sierra Leone,SLE,2006,5.737
Sierra Leone,SLE,2005,5.807
Sierra Leone,SLE,2004,5.919
Sierra Leone,SLE,2003,6.087
Sierra Leone,SLE,2002,6.23
Sierra Leone,SLE,2001,6.305
Sierra Leone,SLE,2000,6.355
Sierra Leone,SLE,1999,6.423
Sierra Leone,SLE,1998,6.495
Sierra Leone,SLE,1997,6.531
Sierra Leone,SLE,1996,6.552
Sierra Leone,SLE,1995,6.555
Sierra Leone,SLE,1994,6.557
Sierra Leone,SLE,1993,6.569
Sierra Leone,SLE,1992,6.555
Sierra Leone,SLE,1991,6.553
Sierra Leone,SLE,1990,6.567
Sierra Leone,SLE,1989,6.571
Sierra Leone,SLE,1988,6.588
Sierra Leone,SLE,1987,6.609
Sierra Leone,SLE,1986,6.597
Sierra Leone,SLE,1985,6.592
Sierra Leone,SLE,1984,6.592
Sierra Leone,SLE,1983,6.573
Sierra Leone,SLE,1982,6.563
Sierra Leone,SLE,1981,6.554
Sierra Leone,SLE,1980,6.562
Sierra Leone,SLE,1979,6.582
Sierra Leone,SLE,1978,6.591
Sierra Leone,SLE,1977,6.568
Sierra Leone,SLE,1976,6.553
Sierra Leone,SLE,1975,6.546
Sierra Leone,SLE,1974,6.534
Sierra Leone,SLE,1973,6.473
Sierra Leone,SLE,1972,6.447
Sierra Leone,SLE,1971,6.429
Sierra Leone,SLE,1970,6.411
Sierra Leone,SLE,1969,6.393
Sierra Leone,SLE,1968,6.385
Sierra Leone,SLE,1967,6.383
Sierra Leone,SLE,1966,6.345
Sierra Leone,SLE,1965,6.311
Sierra Leone,SLE,1964,6.294
Sierra Leone,SLE,1963,6.261
Sierra Leone,SLE,1962,6.222
Sierra Leone,SLE,1961,6.205
Sierra Leone,SLE,1960,6.175
Singapore,SGP,2025,
Singapore,SGP,2024,0.97
Singapore,SGP,2023,0.97
Singapore,SGP,2022,1.04
Singapore,SGP,2021,1.12
Singapore,SGP,2020,1.1
Singapore,SGP,2019,1.14
Singapore,SGP,2018,1.14
Singapore,SGP,2017,1.16
Singapore,SGP,2016,1.2
Singapore,SGP,2015,1.24
Singapore,SGP,2014,1.25
Singapore,SGP,2013,1.19
Singapore,SGP,2012,1.29
Singapore,SGP,2011,1.2
Singapore,SGP,2010,1.15
Singapore,SGP,2009,1.22
Singapore,SGP,2008,1.28
Singapore,SGP,2007,1.29
Singapore,SGP,2006,1.28
Singapore,SGP,2005,1.26
Singapore,SGP,2004,1.26
Singapore,SGP,2003,1.27
Singapore,SGP,2002,1.37
Singapore,SGP,2001,1.41
Singapore,SGP,2000,1.6
Singapore,SGP,1999,1.47
Singapore,SGP,1998,1.48
Singapore,SGP,1997,1.61
Singapore,SGP,1996,1.66
Singapore,SGP,1995,1.67
Singapore,SGP,1994,1.71
Singapore,SGP,1993,1.74
Singapore,SGP,1992,1.72
Singapore,SGP,1991,1.73
Singapore,SGP,1990,1.83
Singapore,SGP,1989,1.75
Singapore,SGP,1988,1.96
Singapore,SGP,1987,1.62
Singapore,SGP,1986,1.43
Singapore,SGP,1985,1.61
Singapore,SGP,1984,1.62
Singapore,SGP,1983,1.61
Singapore,SGP,1982,1.74
Singapore,SGP,1981,1.78
Singapore,SGP,1980,1.82
Singapore,SGP,1979,1.79
Singapore,SGP,1978,1.79
Singapore,SGP,1977,1.82
Singapore,SGP,1976,2.11
Singapore,SGP,1975,2.07
Singapore,SGP,1974,2.35
Singapore,SGP,1973,2.79
Singapore,SGP,1972,3.04
Singapore,SGP,1971,3.02
Singapore,SGP,1970,3.07
Singapore,SGP,1969,3.22
Singapore,SGP,1968,3.53
Singapore,SGP,1967,3.91
Singapore,SGP,1966,4.46
Singapore,SGP,1965,4.66
Singapore,SGP,1964,4.97
Singapore,SGP,1963,5.16
Singapore,SGP,1962,5.21
Singapore,SGP,1961,5.41
Singapore,SGP,1960,5.76
Sint Maarten (Dutch part),SXM,2025,
Sint Maarten (Dutch part),SXM,2024,1.44
Sint Maarten (Dutch part),SXM,2023,1.447
Sint Maarten (Dutch part),SXM,2022,1.453
Sint Maarten (Dutch part),SXM,2021,1.456
Sint Maarten (Dutch part),SXM,2020,1.467
Sint Maarten (Dutch part),SXM,2019,1.481
Sint Maarten (Dutch part),SXM,2018,1.522
Sint Maarten (Dutch part),SXM,2017,1.571
Sint Maarten (Dutch part),SXM,2016,1.642
Sint Maarten (Dutch part),SXM,2015,1.732
Sint Maarten (Dutch part),SXM,2014,1.817
Sint Maarten (Dutch part),SXM,2013,1.894
Sint Maarten (Dutch part),SXM,2012,1.959
Sint Maarten (Dutch part),SXM,2011,1.99
Sint Maarten (Dutch part),SXM,2010,1.848
Sint Maarten (Dutch part),SXM,2009,1.713
Sint Maarten (Dutch part),SXM,2008,1.728
Sint Maarten (Dutch part),SXM,2007,1.572
Sint Maarten (Dutch part),SXM,2006,1.758
Sint Maarten (Dutch part),SXM,2005,1.708
Sint Maarten (Dutch part),SXM,2004,1.702
Sint Maarten (Dutch part),SXM,2003,1.742
Sint Maarten (Dutch part),SXM,2002,1.809
Sint Maarten (Dutch part),SXM,2001,1.892
Sint Maarten (Dutch part),SXM,2000,1.982
Sint Maarten (Dutch part),SXM,1999,2.066
Sint Maarten (Dutch part),SXM,1998,2.142
Sint Maarten (Dutch part),SXM,1997,2.173
Sint Maarten (Dutch part),SXM,1996,2.184
Sint Maarten (Dutch part),SXM,1995,2.143
Sint Maarten (Dutch part),SXM,1994,2.054
Sint Maarten (Dutch part),SXM,1993,1.942
Sint Maarten (Dutch part),SXM,1992,1.882
Sint Maarten (Dutch part),SXM,1991,1.847
Sint Maarten (Dutch part),SXM,1990,1.848
Sint Maarten (Dutch part),SXM,1989,1.902
Sint Maarten (Dutch part),SXM,1988,1.962
Sint Maarten (Dutch part),SXM,1987,2.031
Sint Maarten (Dutch part),SXM,1986,2.102
Sint Maarten (Dutch part),SXM,1985,2.181
Sint Maarten (Dutch part),SXM,1984,2.289
Sint Maarten (Dutch part),SXM,1983,2.398
Sint Maarten (Dutch part),SXM,1982,2.486
Sint Maarten (Dutch part),SXM,1981,2.546
Sint Maarten (Dutch part),SXM,1980,2.593
Sint Maarten (Dutch part),SXM,1979,2.629
Sint Maarten (Dutch part),SXM,1978,2.683
Sint Maarten (Dutch part),SXM,1977,2.752
Sint Maarten (Dutch part),SXM,1976,2.833
Sint Maarten (Dutch part),SXM,1975,2.921
Sint Maarten (Dutch part),SXM,1974,3.009
Sint Maarten (Dutch part),SXM,1973,3.111
Sint Maarten (Dutch part),SXM,1972,3.234
Sint Maarten (Dutch part),SXM,1971,3.346
Sint Maarten (Dutch part),SXM,1970,3.48
Sint Maarten (Dutch part),SXM,1969,3.634
Sint Maarten (Dutch part),SXM,1968,3.784
Sint Maarten (Dutch part),SXM,1967,3.941
Sint Maarten (Dutch part),SXM,1966,4.084
Sint Maarten (Dutch part),SXM,1965,4.233
Sint Maarten (Dutch part),SXM,1964,4.354
Sint Maarten (Dutch part),SXM,1963,4.467
Sint Maarten (Dutch part),SXM,1962,4.572
Sint Maarten (Dutch part),SXM,1961,4.678
Sint Maarten (Dutch part),SXM,1960,4.767
Slovak Republic,SVK,2025,
Slovak Republic,SVK,2024,1.46
Slovak Republic,SVK,2023,1.49
Slovak Republic,SVK,2022,1.57
Slovak Republic,SVK,2021,1.63
Slovak Republic,SVK,2020,1.59
Slovak Republic,SVK,2019,1.57
Slovak Republic,SVK,2018,1.54
Slovak Republic,SVK,2017,1.52
Slovak Republic,SVK,2016,1.48
Slovak Republic,SVK,2015,1.4
Slovak Republic,SVK,2014,1.37
Slovak Republic,SVK,2013,1.34
Slovak Republic,SVK,2012,1.34
Slovak Republic,SVK,2011,1.45
Slovak Republic,SVK,2010,1.43
Slovak Republic,SVK,2009,1.44
Slovak Republic,SVK,2008,1.34
Slovak Republic,SVK,2007,1.27
Slovak Republic,SVK,2006,1.25
Slovak Republic,SVK,2005,1.27
Slovak Republic,SVK,2004,1.25
Slovak Republic,SVK,2003,1.2
Slovak Republic,SVK,2002,1.19
Slovak Republic,SVK,2001,1.2
Slovak Republic,SVK,2000,1.3
Slovak Republic,SVK,1999,1.33
Slovak Republic,SVK,1998,1.37
Slovak Republic,SVK,1997,1.43
Slovak Republic,SVK,1996,1.47
Slovak Republic,SVK,1995,1.52
Slovak Republic,SVK,1994,1.67
Slovak Republic,SVK,1993,1.87
Slovak Republic,SVK,1992,1.93
Slovak Republic,SVK,1991,2.05
Slovak Republic,SVK,1990,2.09
Slovak Republic,SVK,1989,2.07
Slovak Republic,SVK,1988,2.13
Slovak Republic,SVK,1987,2.14
Slovak Republic,SVK,1986,2.2
Slovak Republic,SVK,1985,2.26
Slovak Republic,SVK,1984,2.26
Slovak Republic,SVK,1983,2.28
Slovak Republic,SVK,1982,2.28
Slovak Republic,SVK,1981,2.29
Slovak Republic,SVK,1980,2.32
Slovak Republic,SVK,1979,2.45
Slovak Republic,SVK,1978,2.47
Slovak Republic,SVK,1977,2.49
Slovak Republic,SVK,1976,2.55
Slovak Republic,SVK,1975,2.55
Slovak Republic,SVK,1974,2.61
Slovak Republic,SVK,1973,2.56
Slovak Republic,SVK,1972,2.49
Slovak Republic,SVK,1971,2.43
Slovak Republic,SVK,1970,2.41
Slovak Republic,SVK,1969,2.43
Slovak Republic,SVK,1968,2.39
Slovak Republic,SVK,1967,2.48
Slovak Republic,SVK,1966,2.66
Slovak Republic,SVK,1965,2.78
Slovak Republic,SVK,1964,2.89
Slovak Republic,SVK,1963,2.92
Slovak Republic,SVK,1962,2.83
Slovak Republic,SVK,1961,2.96
Slovak Republic,SVK,1960,3.04
Slovenia,SVN,2025,
Slovenia,SVN,2024,1.52
Slovenia,SVN,2023,1.51
Slovenia,SVN,2022,1.55
Slovenia,SVN,2021,1.64
Slovenia,SVN,2020,1.59
Slovenia,SVN,2019,1.61
Slovenia,SVN,2018,1.6
Slovenia,SVN,2017,1.62
Slovenia,SVN,2016,1.58
Slovenia,SVN,2015,1.57
Slovenia,SVN,2014,1.58
Slovenia,SVN,2013,1.55
Slovenia,SVN,2012,1.58
Slovenia,SVN,2011,1.56
Slovenia,SVN,2010,1.57
Slovenia,SVN,2009,1.53
Slovenia,SVN,2008,1.53
Slovenia,SVN,2007,1.38
Slovenia,SVN,2006,1.31
Slovenia,SVN,2005,1.26
Slovenia,SVN,2004,1.25
Slovenia,SVN,2003,1.2
Slovenia,SVN,2002,1.21
Slovenia,SVN,2001,1.21
Slovenia,SVN,2000,1.26
Slovenia,SVN,1999,1.21
Slovenia,SVN,1998,1.23
Slovenia,SVN,1997,1.25
Slovenia,SVN,1996,1.28
Slovenia,SVN,1995,1.29
Slovenia,SVN,1994,1.32
Slovenia,SVN,1993,1.33
Slovenia,SVN,1992,1.33
Slovenia,SVN,1991,1.42
Slovenia,SVN,1990,1.46
Slovenia,SVN,1989,1.52
Slovenia,SVN,1988,1.63
Slovenia,SVN,1987,1.65
Slovenia,SVN,1986,1.67
Slovenia,SVN,1985,1.71
Slovenia,SVN,1984,1.74
Slovenia,SVN,1983,1.81
Slovenia,SVN,1982,1.93
Slovenia,SVN,1981,1.961
Slovenia,SVN,1980,2.11
Slovenia,SVN,1979,2.215
Slovenia,SVN,1978,2.196
Slovenia,SVN,1977,2.166
Slovenia,SVN,1976,2.201
Slovenia,SVN,1975,2.175
Slovenia,SVN,1974,2.125
Slovenia,SVN,1973,2.204
Slovenia,SVN,1972,2.165
Slovenia,SVN,1971,2.157
Slovenia,SVN,1970,2.109
Slovenia,SVN,1969,2.174
Slovenia,SVN,1968,2.253
Slovenia,SVN,1967,2.37
Slovenia,SVN,1966,2.465
Slovenia,SVN,1965,2.432
Slovenia,SVN,1964,2.305
Slovenia,SVN,1963,2.269
Slovenia,SVN,1962,2.276
Slovenia,SVN,1961,2.27
Slovenia,SVN,1960,2.185
Solomon Islands,SLB,2025,
Solomon Islands,SLB,2024,3.513
Solomon Islands,SLB,2023,3.557
Solomon Islands,SLB,2022,3.62
Solomon Islands,SLB,2021,3.694
Solomon Islands,SLB,2020,3.749
Solomon Islands,SLB,2019,3.8
Solomon Islands,SLB,2018,3.93
Solomon Islands,SLB,2017,4.06
Solomon Islands,SLB,2016,4.2
Solomon Islands,SLB,2015,4.291
Solomon Islands,SLB,2014,4.36
Solomon Islands,SLB,2013,4.325
Solomon Islands,SLB,2012,4.332
Solomon Islands,SLB,2011,4.335
Solomon Islands,SLB,2010,4.341
Solomon Islands,SLB,2009,4.349
Solomon Islands,SLB,2008,4.358
Solomon Islands,SLB,2007,4.372
Solomon Islands,SLB,2006,4.39
Solomon Islands,SLB,2005,4.411
Solomon Islands,SLB,2004,4.466
Solomon Islands,SLB,2003,4.539
Solomon Islands,SLB,2002,4.602
Solomon Islands,SLB,2001,4.673
Solomon Islands,SLB,2000,4.757
Solomon Islands,SLB,1999,4.861
Solomon Islands,SLB,1998,4.977
Solomon Islands,SLB,1997,5.093
Solomon Islands,SLB,1996,5.221
Solomon Islands,SLB,1995,5.335
Solomon Islands,SLB,1994,5.398
Solomon Islands,SLB,1993,5.453
Solomon Islands,SLB,1992,5.509
Solomon Islands,SLB,1991,5.62
Solomon Islands,SLB,1990,5.74
Solomon Islands,SLB,1989,5.867
Solomon Islands,SLB,1988,5.99
Solomon Islands,SLB,1987,6.115
Solomon Islands,SLB,1986,6.259
Solomon Islands,SLB,1985,6.375
Solomon Islands,SLB,1984,6.489
Solomon Islands,SLB,1983,6.569
Solomon Islands,SLB,1982,6.64
Solomon Islands,SLB,1981,6.709
Solomon Islands,SLB,1980,6.768
Solomon Islands,SLB,1979,6.822
Solomon Islands,SLB,1978,6.871
Solomon Islands,SLB,1977,6.915
Solomon Islands,SLB,1976,6.954
Solomon Islands,SLB,1975,6.988
Solomon Islands,SLB,1974,7.01
Solomon Islands,SLB,1973,7.001
Solomon Islands,SLB,1972,6.992
Solomon Islands,SLB,1971,6.985
Solomon Islands,SLB,1970,6.983
Solomon Islands,SLB,1969,6.974
Solomon Islands,SLB,1968,6.948
Solomon Islands,SLB,1967,6.974
Solomon Islands,SLB,1966,6.997
Solomon Islands,SLB,1965,7.017
Solomon Islands,SLB,1964,7.047
Solomon Islands,SLB,1963,7.034
Solomon Islands,SLB,1962,7.042
Solomon Islands,SLB,1961,7.052
Solomon Islands,SLB,1960,7.065
"Somalia, Fed. Rep.",SOM,2025,
"Somalia, Fed. Rep.",SOM,2024,6.013
"Somalia, Fed. Rep.",SOM,2023,6.132
"Somalia, Fed. Rep.",SOM,2022,6.255
"Somalia, Fed. Rep.",SOM,2021,6.353
"Somalia, Fed. Rep.",SOM,2020,6.453
"Somalia, Fed. Rep.",SOM,2019,6.56
"Somalia, Fed. Rep.",SOM,2018,6.662
"Somalia, Fed. Rep.",SOM,2017,6.766
"Somalia, Fed. Rep.",SOM,2016,6.878
"Somalia, Fed. Rep.",SOM,2015,6.975
"Somalia, Fed. Rep.",SOM,2014,7.061
"Somalia, Fed. Rep.",SOM,2013,7.14
"Somalia, Fed. Rep.",SOM,2012,7.211
"Somalia, Fed. Rep.",SOM,2011,7.268
"Somalia, Fed. Rep.",SOM,2010,7.322
"Somalia, Fed. Rep.",SOM,2009,7.376
"Somalia, Fed. Rep.",SOM,2008,7.415
"Somalia, Fed. Rep.",SOM,2007,7.457
"Somalia, Fed. Rep.",SOM,2006,7.49
"Somalia, Fed. Rep.",SOM,2005,7.527
"Somalia, Fed. Rep.",SOM,2004,7.568
"Somalia, Fed. Rep.",SOM,2003,7.603
"Somalia, Fed. Rep.",SOM,2002,7.626
"Somalia, Fed. Rep.",SOM,2001,7.636
"Somalia, Fed. Rep.",SOM,2000,7.645
"Somalia, Fed. Rep.",SOM,1999,7.657
"Somalia, Fed. Rep.",SOM,1998,7.656
"Somalia, Fed. Rep.",SOM,1997,7.662
"Somalia, Fed. Rep.",SOM,1996,7.621
"Somalia, Fed. Rep.",SOM,1995,7.581
"Somalia, Fed. Rep.",SOM,1994,7.544
"Somalia, Fed. Rep.",SOM,1993,7.526
"Somalia, Fed. Rep.",SOM,1992,7.5
"Somalia, Fed. Rep.",SOM,1991,7.47
"Somalia, Fed. Rep.",SOM,1990,7.44
"Somalia, Fed. Rep.",SOM,1989,7.424
"Somalia, Fed. Rep.",SOM,1988,7.398
"Somalia, Fed. Rep.",SOM,1987,7.373
"Somalia, Fed. Rep.",SOM,1986,7.349
"Somalia, Fed. Rep.",SOM,1985,7.327
"Somalia, Fed. Rep.",SOM,1984,7.3
"Somalia, Fed. Rep.",SOM,1983,7.277
"Somalia, Fed. Rep.",SOM,1982,7.252
"Somalia, Fed. Rep.",SOM,1981,7.227
"Somalia, Fed. Rep.",SOM,1980,7.178
"Somalia, Fed. Rep.",SOM,1979,7.161
"Somalia, Fed. Rep.",SOM,1978,7.13
"Somalia, Fed. Rep.",SOM,1977,7.004
"Somalia, Fed. Rep.",SOM,1976,7.016
"Somalia, Fed. Rep.",SOM,1975,7.033
"Somalia, Fed. Rep.",SOM,1974,7.057
"Somalia, Fed. Rep.",SOM,1973,7.086
"Somalia, Fed. Rep.",SOM,1972,7.118
"Somalia, Fed. Rep.",SOM,1971,7.151
"Somalia, Fed. Rep.",SOM,1970,7.182
"Somalia, Fed. Rep.",SOM,1969,7.209
"Somalia, Fed. Rep.",SOM,1968,7.231
"Somalia, Fed. Rep.",SOM,1967,7.248
"Somalia, Fed. Rep.",SOM,1966,7.257
"Somalia, Fed. Rep.",SOM,1965,7.261
"Somalia, Fed. Rep.",SOM,1964,7.261
"Somalia, Fed. Rep.",SOM,1963,7.258
"Somalia, Fed. Rep.",SOM,1962,7.255
"Somalia, Fed. Rep.",SOM,1961,7.252
"Somalia, Fed. Rep.",SOM,1960,7.25
South Africa,ZAF,2025,
South Africa,ZAF,2024,2.205
South Africa,ZAF,2023,2.216
South Africa,ZAF,2022,2.227
South Africa,ZAF,2021,2.248
South Africa,ZAF,2020,2.257
South Africa,ZAF,2019,2.264
South Africa,ZAF,2018,2.27
South Africa,ZAF,2017,2.283
South Africa,ZAF,2016,2.261
South Africa,ZAF,2015,2.359
South Africa,ZAF,2014,2.424
South Africa,ZAF,2013,2.428
South Africa,ZAF,2012,2.447
South Africa,ZAF,2011,2.436
South Africa,ZAF,2010,2.445
South Africa,ZAF,2009,2.501
South Africa,ZAF,2008,2.679
South Africa,ZAF,2007,2.545
South Africa,ZAF,2006,2.548
South Africa,ZAF,2005,2.512
South Africa,ZAF,2004,2.436
South Africa,ZAF,2003,2.358
South Africa,ZAF,2002,2.324
South Africa,ZAF,2001,2.373
South Africa,ZAF,2000,2.413
South Africa,ZAF,1999,2.559
South Africa,ZAF,1998,2.63
South Africa,ZAF,1997,2.734
South Africa,ZAF,1996,2.991
South Africa,ZAF,1995,3.172
South Africa,ZAF,1994,3.258
South Africa,ZAF,1993,3.372
South Africa,ZAF,1992,3.479
South Africa,ZAF,1991,3.618
South Africa,ZAF,1990,3.724
South Africa,ZAF,1989,3.983
South Africa,ZAF,1988,4.18
South Africa,ZAF,1987,4.352
South Africa,ZAF,1986,4.409
South Africa,ZAF,1985,4.495
South Africa,ZAF,1984,4.566
South Africa,ZAF,1983,4.626
South Africa,ZAF,1982,4.696
South Africa,ZAF,1981,4.712
South Africa,ZAF,1980,4.78
South Africa,ZAF,1979,4.818
South Africa,ZAF,1978,4.853
South Africa,ZAF,1977,4.942
South Africa,ZAF,1976,5.071
South Africa,ZAF,1975,5.191
South Africa,ZAF,1974,5.298
South Africa,ZAF,1973,5.413
South Africa,ZAF,1972,5.49
South Africa,ZAF,1971,5.569
South Africa,ZAF,1970,5.634
South Africa,ZAF,1969,5.719
South Africa,ZAF,1968,5.782
South Africa,ZAF,1967,5.852
South Africa,ZAF,1966,5.907
South Africa,ZAF,1965,5.892
South Africa,ZAF,1964,5.955
South Africa,ZAF,1963,6.012
South Africa,ZAF,1962,6.046
South Africa,ZAF,1961,6.08
South Africa,ZAF,1960,6.105
South Sudan,SSD,2025,
South Sudan,SSD,2024,3.785
South Sudan,SSD,2023,3.864
South Sudan,SSD,2022,3.964
South Sudan,SSD,2021,4.047
South Sudan,SSD,2020,4.16
South Sudan,SSD,2019,4.26
South Sudan,SSD,2018,4.37
South Sudan,SSD,2017,4.483
South Sudan,SSD,2016,4.579
South Sudan,SSD,2015,4.695
South Sudan,SSD,2014,4.818
South Sudan,SSD,2013,4.939
South Sudan,SSD,2012,5.061
South Sudan,SSD,2011,5.193
South Sudan,SSD,2010,5.318
South Sudan,SSD,2009,5.446
South Sudan,SSD,2008,5.569
South Sudan,SSD,2007,5.704
South Sudan,SSD,2006,5.853
South Sudan,SSD,2005,6.022
South Sudan,SSD,2004,6.19
South Sudan,SSD,2003,6.353
South Sudan,SSD,2002,6.515
South Sudan,SSD,2001,6.654
South Sudan,SSD,2000,6.803
South Sudan,SSD,1999,6.937
South Sudan,SSD,1998,7.078
South Sudan,SSD,1997,7.199
South Sudan,SSD,1996,7.321
South Sudan,SSD,1995,7.337
South Sudan,SSD,1994,7.346
South Sudan,SSD,1993,7.36
South Sudan,SSD,1992,7.37
South Sudan,SSD,1991,7.377
South Sudan,SSD,1990,7.377
South Sudan,SSD,1989,7.374
South Sudan,SSD,1988,7.376
South Sudan,SSD,1987,7.386
South Sudan,SSD,1986,7.378
South Sudan,SSD,1985,7.357
South Sudan,SSD,1984,7.346
South Sudan,SSD,1983,7.342
South Sudan,SSD,1982,7.343
South Sudan,SSD,1981,7.332
South Sudan,SSD,1980,7.328
South Sudan,SSD,1979,7.32
South Sudan,SSD,1978,7.329
South Sudan,SSD,1977,7.325
South Sudan,SSD,1976,7.331
South Sudan,SSD,1975,7.326
South Sudan,SSD,1974,7.314
South Sudan,SSD,1973,7.311
South Sudan,SSD,1972,7.311
South Sudan,SSD,1971,7.296
South Sudan,SSD,1970,7.286
South Sudan,SSD,1969,7.281
South Sudan,SSD,1968,7.264
South Sudan,SSD,1967,7.257
South Sudan,SSD,1966,7.254
South Sudan,SSD,1965,7.222
South Sudan,SSD,1964,7.22
South Sudan,SSD,1963,7.196
South Sudan,SSD,1962,7.195
South Sudan,SSD,1961,7.178
South Sudan,SSD,1960,7.161
Spain,ESP,2025,
Spain,ESP,2024,1.1
Spain,ESP,2023,1.12
Spain,ESP,2022,1.16
Spain,ESP,2021,1.18
Spain,ESP,2020,1.18
Spain,ESP,2019,1.23
Spain,ESP,2018,1.26
Spain,ESP,2017,1.31
Spain,ESP,2016,1.33
Spain,ESP,2015,1.33
Spain,ESP,2014,1.32
Spain,ESP,2013,1.27
Spain,ESP,2012,1.32
Spain,ESP,2011,1.34
Spain,ESP,2010,1.37
Spain,ESP,2009,1.38
Spain,ESP,2008,1.45
Spain,ESP,2007,1.38
Spain,ESP,2006,1.36
Spain,ESP,2005,1.33
Spain,ESP,2004,1.31
Spain,ESP,2003,1.3
Spain,ESP,2002,1.25
Spain,ESP,2001,1.23
Spain,ESP,2000,1.22
Spain,ESP,1999,1.17
Spain,ESP,1998,1.13
Spain,ESP,1997,1.15
Spain,ESP,1996,1.14
Spain,ESP,1995,1.16
Spain,ESP,1994,1.19
Spain,ESP,1993,1.26
Spain,ESP,1992,1.31
Spain,ESP,1991,1.33
Spain,ESP,1990,1.36
Spain,ESP,1989,1.4
Spain,ESP,1988,1.45
Spain,ESP,1987,1.49
Spain,ESP,1986,1.56
Spain,ESP,1985,1.64
Spain,ESP,1984,1.73
Spain,ESP,1983,1.8
Spain,ESP,1982,1.94
Spain,ESP,1981,2.04
Spain,ESP,1980,2.22
Spain,ESP,1979,2.37
Spain,ESP,1978,2.54
Spain,ESP,1977,2.65
Spain,ESP,1976,2.77
Spain,ESP,1975,2.77
Spain,ESP,1974,2.88
Spain,ESP,1973,2.84
Spain,ESP,1972,2.87
Spain,ESP,1971,2.9
Spain,ESP,1970,2.84
Spain,ESP,1969,2.86
Spain,ESP,1968,2.87
Spain,ESP,1967,2.94
Spain,ESP,1966,2.91
Spain,ESP,1965,2.94
Spain,ESP,1964,3.01
Spain,ESP,1963,2.88
Spain,ESP,1962,2.8
Spain,ESP,1961,2.77
Spain,ESP,1960,2.86
Sri Lanka,LKA,2025,
Sri Lanka,LKA,2024,1.952
Sri Lanka,LKA,2023,1.974
Sri Lanka,LKA,2022,1.984
Sri Lanka,LKA,2021,1.995
Sri Lanka,LKA,2020,2.007
Sri Lanka,LKA,2019,2.022
Sri Lanka,LKA,2018,2.033
Sri Lanka,LKA,2017,2.044
Sri Lanka,LKA,2016,2.062
Sri Lanka,LKA,2015,2.09
Sri Lanka,LKA,2014,2.134
Sri Lanka,LKA,2013,2.178
Sri Lanka,LKA,2012,2.173
Sri Lanka,LKA,2011,2.144
Sri Lanka,LKA,2010,2.134
Sri Lanka,LKA,2009,2.179
Sri Lanka,LKA,2008,2.232
Sri Lanka,LKA,2007,2.295
Sri Lanka,LKA,2006,2.292
Sri Lanka,LKA,2005,2.263
Sri Lanka,LKA,2004,2.271
Sri Lanka,LKA,2003,2.301
Sri Lanka,LKA,2002,2.31
Sri Lanka,LKA,2001,2.283
Sri Lanka,LKA,2000,2.213
Sri Lanka,LKA,1999,2.142
Sri Lanka,LKA,1998,2.136
Sri Lanka,LKA,1997,2.215
Sri Lanka,LKA,1996,2.285
Sri Lanka,LKA,1995,2.353
Sri Lanka,LKA,1994,2.405
Sri Lanka,LKA,1993,2.438
Sri Lanka,LKA,1992,2.487
Sri Lanka,LKA,1991,2.514
Sri Lanka,LKA,1990,2.541
Sri Lanka,LKA,1989,2.578
Sri Lanka,LKA,1988,2.565
Sri Lanka,LKA,1987,2.644
Sri Lanka,LKA,1986,2.743
Sri Lanka,LKA,1985,2.895
Sri Lanka,LKA,1984,3.006
Sri Lanka,LKA,1983,3.114
Sri Lanka,LKA,1982,3.32
Sri Lanka,LKA,1981,3.649
Sri Lanka,LKA,1980,3.725
Sri Lanka,LKA,1979,3.822
Sri Lanka,LKA,1978,3.81
Sri Lanka,LKA,1977,3.741
Sri Lanka,LKA,1976,3.783
Sri Lanka,LKA,1975,3.816
Sri Lanka,LKA,1974,3.855
Sri Lanka,LKA,1973,4.001
Sri Lanka,LKA,1972,4.156
Sri Lanka,LKA,1971,4.266
Sri Lanka,LKA,1970,4.387
Sri Lanka,LKA,1969,4.499
Sri Lanka,LKA,1968,4.658
Sri Lanka,LKA,1967,4.787
Sri Lanka,LKA,1966,4.828
Sri Lanka,LKA,1965,4.934
Sri Lanka,LKA,1964,5.057
Sri Lanka,LKA,1963,5.118
Sri Lanka,LKA,1962,5.177
Sri Lanka,LKA,1961,5.24
Sri Lanka,LKA,1960,5.352
St. Kitts and Nevis,KNA,2025,
St. Kitts and Nevis,KNA,2024,1.526
St. Kitts and Nevis,KNA,2023,1.505
St. Kitts and Nevis,KNA,2022,1.512
St. Kitts and Nevis,KNA,2021,1.531
St. Kitts and Nevis,KNA,2020,1.55
St. Kitts and Nevis,KNA,2019,1.568
St. Kitts and Nevis,KNA,2018,1.587
St. Kitts and Nevis,KNA,2017,1.61
St. Kitts and Nevis,KNA,2016,1.633
St. Kitts and Nevis,KNA,2015,1.643
St. Kitts and Nevis,KNA,2014,1.665
St. Kitts and Nevis,KNA,2013,1.682
St. Kitts and Nevis,KNA,2012,1.713
St. Kitts and Nevis,KNA,2011,1.74
St. Kitts and Nevis,KNA,2010,1.762
St. Kitts and Nevis,KNA,2009,1.8
St. Kitts and Nevis,KNA,2008,1.833
St. Kitts and Nevis,KNA,2007,1.871
St. Kitts and Nevis,KNA,2006,1.902
St. Kitts and Nevis,KNA,2005,1.931
St. Kitts and Nevis,KNA,2004,1.964
St. Kitts and Nevis,KNA,2003,2.004
St. Kitts and Nevis,KNA,2002,2.038
St. Kitts and Nevis,KNA,2001,2.082
St. Kitts and Nevis,KNA,2000,2.126
St. Kitts and Nevis,KNA,1999,2.256
St. Kitts and Nevis,KNA,1998,2.31
St. Kitts and Nevis,KNA,1997,2.3
St. Kitts and Nevis,KNA,1996,2.26
St. Kitts and Nevis,KNA,1995,2.304
St. Kitts and Nevis,KNA,1994,2.31
St. Kitts and Nevis,KNA,1993,2.375
St. Kitts and Nevis,KNA,1992,2.433
St. Kitts and Nevis,KNA,1991,2.597
St. Kitts and Nevis,KNA,1990,2.725
St. Kitts and Nevis,KNA,1989,2.689
St. Kitts and Nevis,KNA,1988,2.622
St. Kitts and Nevis,KNA,1987,2.622
St. Kitts and Nevis,KNA,1986,2.683
St. Kitts and Nevis,KNA,1985,2.82
St. Kitts and Nevis,KNA,1984,2.884
St. Kitts and Nevis,KNA,1983,3.098
St. Kitts and Nevis,KNA,1982,3.175
St. Kitts and Nevis,KNA,1981,3.296
St. Kitts and Nevis,KNA,1980,3.261
St. Kitts and Nevis,KNA,1979,3.23
St. Kitts and Nevis,KNA,1978,3.286
St. Kitts and Nevis,KNA,1977,3.478
St. Kitts and Nevis,KNA,1976,3.589
St. Kitts and Nevis,KNA,1975,3.675
St. Kitts and Nevis,KNA,1974,3.806
St. Kitts and Nevis,KNA,1973,3.966
St. Kitts and Nevis,KNA,1972,4.161
St. Kitts and Nevis,KNA,1971,4.506
St. Kitts and Nevis,KNA,1970,4.728
St. Kitts and Nevis,KNA,1969,4.967
St. Kitts and Nevis,KNA,1968,5.165
St. Kitts and Nevis,KNA,1967,5.46
St. Kitts and Nevis,KNA,1966,5.783
St. Kitts and Nevis,KNA,1965,6.008
St. Kitts and Nevis,KNA,1964,6.084
St. Kitts and Nevis,KNA,1963,6.121
St. Kitts and Nevis,KNA,1962,6.061
St. Kitts and Nevis,KNA,1961,6.272
St. Kitts and Nevis,KNA,1960,6.541
St. Lucia,LCA,2025,
St. Lucia,LCA,2024,1.385
St. Lucia,LCA,2023,1.379
St. Lucia,LCA,2022,1.387
St. Lucia,LCA,2021,1.399
St. Lucia,LCA,2020,1.411
St. Lucia,LCA,2019,1.424
St. Lucia,LCA,2018,1.436
St. Lucia,LCA,2017,1.448
St. Lucia,LCA,2016,1.461
St. Lucia,LCA,2015,1.473
St. Lucia,LCA,2014,1.485
St. Lucia,LCA,2013,1.5
St. Lucia,LCA,2012,1.5
St. Lucia,LCA,2011,1.5
St. Lucia,LCA,2010,1.673
St. Lucia,LCA,2009,1.735
St. Lucia,LCA,2008,1.7
St. Lucia,LCA,2007,1.7
St. Lucia,LCA,2006,1.765
St. Lucia,LCA,2005,1.807
St. Lucia,LCA,2004,1.863
St. Lucia,LCA,2003,1.939
St. Lucia,LCA,2002,2.032
St. Lucia,LCA,2001,2.125
St. Lucia,LCA,2000,2.207
St. Lucia,LCA,1999,2.501
St. Lucia,LCA,1998,2.403
St. Lucia,LCA,1997,2.743
St. Lucia,LCA,1996,2.712
St. Lucia,LCA,1995,3.026
St. Lucia,LCA,1994,3.028
St. Lucia,LCA,1993,2.999
St. Lucia,LCA,1992,3.11
St. Lucia,LCA,1991,3.19
St. Lucia,LCA,1990,3.238
St. Lucia,LCA,1989,3.314
St. Lucia,LCA,1988,3.435
St. Lucia,LCA,1987,3.613
St. Lucia,LCA,1986,3.801
St. Lucia,LCA,1985,3.97
St. Lucia,LCA,1984,4.018
St. Lucia,LCA,1983,4.082
St. Lucia,LCA,1982,4.169
St. Lucia,LCA,1981,4.276
St. Lucia,LCA,1980,4.412
St. Lucia,LCA,1979,4.583
St. Lucia,LCA,1978,4.825
St. Lucia,LCA,1977,4.966
St. Lucia,LCA,1976,5.161
St. Lucia,LCA,1975,5.358
St. Lucia,LCA,1974,5.571
St. Lucia,LCA,1973,5.686
St. Lucia,LCA,1972,5.813
St. Lucia,LCA,1971,5.953
St. Lucia,LCA,1970,6.101
St. Lucia,LCA,1969,6.249
St. Lucia,LCA,1968,6.387
St. Lucia,LCA,1967,6.508
St. Lucia,LCA,1966,6.607
St. Lucia,LCA,1965,6.688
St. Lucia,LCA,1964,6.758
St. Lucia,LCA,1963,6.721
St. Lucia,LCA,1962,6.818
St. Lucia,LCA,1961,6.835
St. Lucia,LCA,1960,6.767
St. Martin (French part),MAF,2025,
St. Martin (French part),MAF,2024,2.673
St. Martin (French part),MAF,2023,2.718
St. Martin (French part),MAF,2022,2.763
St. Martin (French part),MAF,2021,2.804
St. Martin (French part),MAF,2020,2.829
St. Martin (French part),MAF,2019,2.791
St. Martin (French part),MAF,2018,2.725
St. Martin (French part),MAF,2017,2.657
St. Martin (French part),MAF,2016,2.643
St. Martin (French part),MAF,2015,2.665
St. Martin (French part),MAF,2014,2.707
St. Martin (French part),MAF,2013,2.719
St. Martin (French part),MAF,2012,2.773
St. Martin (French part),MAF,2011,2.424
St. Martin (French part),MAF,2010,2.4
St. Martin (French part),MAF,2009,2.464
St. Martin (French part),MAF,2008,2.55
St. Martin (French part),MAF,2007,2.633
St. Martin (French part),MAF,2006,2.711
St. Martin (French part),MAF,2005,2.779
St. Martin (French part),MAF,2004,2.827
St. Martin (French part),MAF,2003,2.872
St. Martin (French part),MAF,2002,2.896
St. Martin (French part),MAF,2001,2.897
St. Martin (French part),MAF,2000,2.876
St. Martin (French part),MAF,1999,2.839
St. Martin (French part),MAF,1998,2.795
St. Martin (French part),MAF,1997,2.746
St. Martin (French part),MAF,1996,2.71
St. Martin (French part),MAF,1995,2.688
St. Martin (French part),MAF,1994,2.669
St. Martin (French part),MAF,1993,2.665
St. Martin (French part),MAF,1992,2.68
St. Martin (French part),MAF,1991,2.708
St. Martin (French part),MAF,1990,2.745
St. Martin (French part),MAF,1989,2.788
St. Martin (French part),MAF,1988,2.824
St. Martin (French part),MAF,1987,2.855
St. Martin (French part),MAF,1986,2.895
St. Martin (French part),MAF,1985,2.952
St. Martin (French part),MAF,1984,3.033
St. Martin (French part),MAF,1983,3.149
St. Martin (French part),MAF,1982,3.362
St. Martin (French part),MAF,1981,3.64
St. Martin (French part),MAF,1980,3.884
St. Martin (French part),MAF,1979,4.111
St. Martin (French part),MAF,1978,4.319
St. Martin (French part),MAF,1977,4.576
St. Martin (French part),MAF,1976,4.839
St. Martin (French part),MAF,1975,5.1
St. Martin (French part),MAF,1974,5.388
St. Martin (French part),MAF,1973,5.638
St. Martin (French part),MAF,1972,5.839
St. Martin (French part),MAF,1971,5.97
St. Martin (French part),MAF,1970,6.089
St. Martin (French part),MAF,1969,6.186
St. Martin (French part),MAF,1968,6.262
St. Martin (French part),MAF,1967,6.302
St. Martin (French part),MAF,1966,6.323
St. Martin (French part),MAF,1965,6.345
St. Martin (French part),MAF,1964,6.354
St. Martin (French part),MAF,1963,6.36
St. Martin (French part),MAF,1962,6.373
St. Martin (French part),MAF,1961,6.395
St. Martin (French part),MAF,1960,6.389
St. Vincent and the Grenadines,VCT,2025,
St. Vincent and the Grenadines,VCT,2024,1.761
St. Vincent and the Grenadines,VCT,2023,1.775
St. Vincent and the Grenadines,VCT,2022,1.791
St. Vincent and the Grenadines,VCT,2021,1.808
St. Vincent and the Grenadines,VCT,2020,1.83
St. Vincent and the Grenadines,VCT,2019,1.864
St. Vincent and the Grenadines,VCT,2018,1.9
St. Vincent and the Grenadines,VCT,2017,1.94
St. Vincent and the Grenadines,VCT,2016,2.055
St. Vincent and the Grenadines,VCT,2015,2.133
St. Vincent and the Grenadines,VCT,2014,2.141
St. Vincent and the Grenadines,VCT,2013,2.106
St. Vincent and the Grenadines,VCT,2012,2.113
St. Vincent and the Grenadines,VCT,2011,2.076
St. Vincent and the Grenadines,VCT,2010,2.144
St. Vincent and the Grenadines,VCT,2009,2.174
St. Vincent and the Grenadines,VCT,2008,2.15
St. Vincent and the Grenadines,VCT,2007,2.063
St. Vincent and the Grenadines,VCT,2006,2.033
St. Vincent and the Grenadines,VCT,2005,2.068
St. Vincent and the Grenadines,VCT,2004,2.087
St. Vincent and the Grenadines,VCT,2003,2.142
St. Vincent and the Grenadines,VCT,2002,2.218
St. Vincent and the Grenadines,VCT,2001,2.3
St. Vincent and the Grenadines,VCT,2000,2.306
St. Vincent and the Grenadines,VCT,1999,2.307
St. Vincent and the Grenadines,VCT,1998,2.345
St. Vincent and the Grenadines,VCT,1997,2.433
St. Vincent and the Grenadines,VCT,1996,2.526
St. Vincent and the Grenadines,VCT,1995,2.609
St. Vincent and the Grenadines,VCT,1994,2.678
St. Vincent and the Grenadines,VCT,1993,2.737
St. Vincent and the Grenadines,VCT,1992,2.759
St. Vincent and the Grenadines,VCT,1991,2.747
St. Vincent and the Grenadines,VCT,1990,2.731
St. Vincent and the Grenadines,VCT,1989,2.73
St. Vincent and the Grenadines,VCT,1988,2.753
St. Vincent and the Grenadines,VCT,1987,2.819
St. Vincent and the Grenadines,VCT,1986,2.924
St. Vincent and the Grenadines,VCT,1985,3.081
St. Vincent and the Grenadines,VCT,1984,3.283
St. Vincent and the Grenadines,VCT,1983,3.561
St. Vincent and the Grenadines,VCT,1982,3.743
St. Vincent and the Grenadines,VCT,1981,3.845
St. Vincent and the Grenadines,VCT,1980,3.923
St. Vincent and the Grenadines,VCT,1979,4.291
St. Vincent and the Grenadines,VCT,1978,4.554
St. Vincent and the Grenadines,VCT,1977,4.748
St. Vincent and the Grenadines,VCT,1976,4.949
St. Vincent and the Grenadines,VCT,1975,5.165
St. Vincent and the Grenadines,VCT,1974,5.379
St. Vincent and the Grenadines,VCT,1973,5.587
St. Vincent and the Grenadines,VCT,1972,5.774
St. Vincent and the Grenadines,VCT,1971,5.946
St. Vincent and the Grenadines,VCT,1970,6.116
St. Vincent and the Grenadines,VCT,1969,6.275
St. Vincent and the Grenadines,VCT,1968,6.416
St. Vincent and the Grenadines,VCT,1967,6.533
St. Vincent and the Grenadines,VCT,1966,6.639
St. Vincent and the Grenadines,VCT,1965,6.735
St. Vincent and the Grenadines,VCT,1964,6.828
St. Vincent and the Grenadines,VCT,1963,6.921
St. Vincent and the Grenadines,VCT,1962,7.033
St. Vincent and the Grenadines,VCT,1961,7.157
St. Vincent and the Grenadines,VCT,1960,7.247
Sudan,SDN,2025,
Sudan,SDN,2024,4.264
Sudan,SDN,2023,4.323
Sudan,SDN,2022,4.384
Sudan,SDN,2021,4.457
Sudan,SDN,2020,4.542
Sudan,SDN,2019,4.617
Sudan,SDN,2018,4.681
Sudan,SDN,2017,4.761
Sudan,SDN,2016,4.829
Sudan,SDN,2015,4.898
Sudan,SDN,2014,4.912
Sudan,SDN,2013,4.965
Sudan,SDN,2012,5.031
Sudan,SDN,2011,5.087
Sudan,SDN,2010,5.141
Sudan,SDN,2009,5.173
Sudan,SDN,2008,5.212
Sudan,SDN,2007,5.27
Sudan,SDN,2006,5.332
Sudan,SDN,2005,5.397
Sudan,SDN,2004,5.455
Sudan,SDN,2003,5.489
Sudan,SDN,2002,5.531
Sudan,SDN,2001,5.562
Sudan,SDN,2000,5.596
Sudan,SDN,1999,5.622
Sudan,SDN,1998,5.646
Sudan,SDN,1997,5.717
Sudan,SDN,1996,5.792
Sudan,SDN,1995,5.856
Sudan,SDN,1994,5.912
Sudan,SDN,1993,5.97
Sudan,SDN,1992,6.019
Sudan,SDN,1991,6.05
Sudan,SDN,1990,6.074
Sudan,SDN,1989,6.106
Sudan,SDN,1988,6.132
Sudan,SDN,1987,6.175
Sudan,SDN,1986,6.225
Sudan,SDN,1985,6.279
Sudan,SDN,1984,6.343
Sudan,SDN,1983,6.413
Sudan,SDN,1982,6.473
Sudan,SDN,1981,6.528
Sudan,SDN,1980,6.592
Sudan,SDN,1979,6.651
Sudan,SDN,1978,6.72
Sudan,SDN,1977,6.775
Sudan,SDN,1976,6.823
Sudan,SDN,1975,6.866
Sudan,SDN,1974,6.909
Sudan,SDN,1973,6.939
Sudan,SDN,1972,6.983
Sudan,SDN,1971,7.019
Sudan,SDN,1970,6.986
Sudan,SDN,1969,6.967
Sudan,SDN,1968,6.946
Sudan,SDN,1967,6.909
Sudan,SDN,1966,6.879
Sudan,SDN,1965,6.84
Sudan,SDN,1964,6.804
Sudan,SDN,1963,6.758
Sudan,SDN,1962,6.704
Sudan,SDN,1961,6.656
Sudan,SDN,1960,6.663
Suriname,SUR,2025,
Suriname,SUR,2024,2.231
Suriname,SUR,2023,2.249
Suriname,SUR,2022,2.274
Suriname,SUR,2021,2.295
Suriname,SUR,2020,2.314
Suriname,SUR,2019,2.347
Suriname,SUR,2018,2.381
Suriname,SUR,2017,2.431
Suriname,SUR,2016,2.5
Suriname,SUR,2015,2.57
Suriname,SUR,2014,2.62
Suriname,SUR,2013,2.651
Suriname,SUR,2012,2.669
Suriname,SUR,2011,2.667
Suriname,SUR,2010,2.688
Suriname,SUR,2009,2.712
Suriname,SUR,2008,2.727
Suriname,SUR,2007,2.735
Suriname,SUR,2006,2.727
Suriname,SUR,2005,2.712
Suriname,SUR,2004,2.738
Suriname,SUR,2003,2.839
Suriname,SUR,2002,2.956
Suriname,SUR,2001,3.057
Suriname,SUR,2000,3.046
Suriname,SUR,1999,3.016
Suriname,SUR,1998,2.986
Suriname,SUR,1997,2.952
Suriname,SUR,1996,2.92
Suriname,SUR,1995,2.897
Suriname,SUR,1994,2.899
Suriname,SUR,1993,2.943
Suriname,SUR,1992,3.013
Suriname,SUR,1991,3.094
Suriname,SUR,1990,3.225
Suriname,SUR,1989,3.387
Suriname,SUR,1988,3.461
Suriname,SUR,1987,3.53
Suriname,SUR,1986,3.61
Suriname,SUR,1985,3.711
Suriname,SUR,1984,3.796
Suriname,SUR,1983,3.865
Suriname,SUR,1982,3.821
Suriname,SUR,1981,3.752
Suriname,SUR,1980,3.791
Suriname,SUR,1979,3.925
Suriname,SUR,1978,4.08
Suriname,SUR,1977,4.256
Suriname,SUR,1976,4.445
Suriname,SUR,1975,4.629
Suriname,SUR,1974,4.811
Suriname,SUR,1973,5.007
Suriname,SUR,1972,5.176
Suriname,SUR,1971,5.356
Suriname,SUR,1970,5.529
Suriname,SUR,1969,5.696
Suriname,SUR,1968,5.863
Suriname,SUR,1967,6.038
Suriname,SUR,1966,6.198
Suriname,SUR,1965,6.321
Suriname,SUR,1964,6.426
Suriname,SUR,1963,6.508
Suriname,SUR,1962,6.572
Suriname,SUR,1961,6.583
Suriname,SUR,1960,6.59
Sweden,SWE,2025,
Sweden,SWE,2024,1.43
Sweden,SWE,2023,1.45
Sweden,SWE,2022,1.53
Sweden,SWE,2021,1.67
Sweden,SWE,2020,1.67
Sweden,SWE,2019,1.71
Sweden,SWE,2018,1.76
Sweden,SWE,2017,1.78
Sweden,SWE,2016,1.85
Sweden,SWE,2015,1.85
Sweden,SWE,2014,1.88
Sweden,SWE,2013,1.89
Sweden,SWE,2012,1.91
Sweden,SWE,2011,1.9
Sweden,SWE,2010,1.98
Sweden,SWE,2009,1.94
Sweden,SWE,2008,1.91
Sweden,SWE,2007,1.88
Sweden,SWE,2006,1.85
Sweden,SWE,2005,1.77
Sweden,SWE,2004,1.75
Sweden,SWE,2003,1.71
Sweden,SWE,2002,1.65
Sweden,SWE,2001,1.57
Sweden,SWE,2000,1.54
Sweden,SWE,1999,1.5
Sweden,SWE,1998,1.5
Sweden,SWE,1997,1.52
Sweden,SWE,1996,1.6
Sweden,SWE,1995,1.73
Sweden,SWE,1994,1.88
Sweden,SWE,1993,1.99
Sweden,SWE,1992,2.09
Sweden,SWE,1991,2.11
Sweden,SWE,1990,2.13
Sweden,SWE,1989,2.01
Sweden,SWE,1988,1.96
Sweden,SWE,1987,1.84
Sweden,SWE,1986,1.8
Sweden,SWE,1985,1.74
Sweden,SWE,1984,1.66
Sweden,SWE,1983,1.61
Sweden,SWE,1982,1.62
Sweden,SWE,1981,1.63
Sweden,SWE,1980,1.68
Sweden,SWE,1979,1.66
Sweden,SWE,1978,1.6
Sweden,SWE,1977,1.64
Sweden,SWE,1976,1.68
Sweden,SWE,1975,1.77
Sweden,SWE,1974,1.87
Sweden,SWE,1973,1.87
Sweden,SWE,1972,1.91
Sweden,SWE,1971,1.96
Sweden,SWE,1970,1.92
Sweden,SWE,1969,1.93
Sweden,SWE,1968,2.07
Sweden,SWE,1967,2.28
Sweden,SWE,1966,2.37
Sweden,SWE,1965,2.39
Sweden,SWE,1964,2.47
Sweden,SWE,1963,2.33
Sweden,SWE,1962,2.25
Sweden,SWE,1961,2.21
Sweden,SWE,1960,2.17
Switzerland,CHE,2025,
Switzerland,CHE,2024,1.29
Switzerland,CHE,2023,1.33
Switzerland,CHE,2022,1.39
Switzerland,CHE,2021,1.52
Switzerland,CHE,2020,1.46
Switzerland,CHE,2019,1.48
Switzerland,CHE,2018,1.52
Switzerland,CHE,2017,1.52
Switzerland,CHE,2016,1.54
Switzerland,CHE,2015,1.54
Switzerland,CHE,2014,1.54
Switzerland,CHE,2013,1.52
Switzerland,CHE,2012,1.52
Switzerland,CHE,2011,1.52
Switzerland,CHE,2010,1.52
Switzerland,CHE,2009,1.5
Switzerland,CHE,2008,1.48
Switzerland,CHE,2007,1.46
Switzerland,CHE,2006,1.44
Switzerland,CHE,2005,1.42
Switzerland,CHE,2004,1.42
Switzerland,CHE,2003,1.39
Switzerland,CHE,2002,1.39
Switzerland,CHE,2001,1.38
Switzerland,CHE,2000,1.5
Switzerland,CHE,1999,1.48
Switzerland,CHE,1998,1.47
Switzerland,CHE,1997,1.48
Switzerland,CHE,1996,1.5
Switzerland,CHE,1995,1.48
Switzerland,CHE,1994,1.49
Switzerland,CHE,1993,1.51
Switzerland,CHE,1992,1.58
Switzerland,CHE,1991,1.58
Switzerland,CHE,1990,1.58
Switzerland,CHE,1989,1.56
Switzerland,CHE,1988,1.57
Switzerland,CHE,1987,1.52
Switzerland,CHE,1986,1.53
Switzerland,CHE,1985,1.52
Switzerland,CHE,1984,1.53
Switzerland,CHE,1983,1.52
Switzerland,CHE,1982,1.56
Switzerland,CHE,1981,1.55
Switzerland,CHE,1980,1.55
Switzerland,CHE,1979,1.52
Switzerland,CHE,1978,1.51
Switzerland,CHE,1977,1.53
Switzerland,CHE,1976,1.55
Switzerland,CHE,1975,1.61
Switzerland,CHE,1974,1.73
Switzerland,CHE,1973,1.81
Switzerland,CHE,1972,1.91
Switzerland,CHE,1971,2.04
Switzerland,CHE,1970,2.1
Switzerland,CHE,1969,2.19
Switzerland,CHE,1968,2.29
Switzerland,CHE,1967,2.39
Switzerland,CHE,1966,2.5
Switzerland,CHE,1965,2.59
Switzerland,CHE,1964,2.66
Switzerland,CHE,1963,2.65
Switzerland,CHE,1962,2.58
Switzerland,CHE,1961,2.52
Switzerland,CHE,1960,2.44
Syrian Arab Republic,SYR,2025,
Syrian Arab Republic,SYR,2024,2.7
Syrian Arab Republic,SYR,2023,2.712
Syrian Arab Republic,SYR,2022,2.746
Syrian Arab Republic,SYR,2021,2.798
Syrian Arab Republic,SYR,2020,2.837
Syrian Arab Republic,SYR,2019,2.878
Syrian Arab Republic,SYR,2018,2.932
Syrian Arab Republic,SYR,2017,2.972
Syrian Arab Republic,SYR,2016,3.012
Syrian Arab Republic,SYR,2015,3.067
Syrian Arab Republic,SYR,2014,3.117
Syrian Arab Republic,SYR,2013,3.165
Syrian Arab Republic,SYR,2012,3.221
Syrian Arab Republic,SYR,2011,3.285
Syrian Arab Republic,SYR,2010,3.355
Syrian Arab Republic,SYR,2009,3.415
Syrian Arab Republic,SYR,2008,3.481
Syrian Arab Republic,SYR,2007,3.538
Syrian Arab Republic,SYR,2006,3.562
Syrian Arab Republic,SYR,2005,3.605
Syrian Arab Republic,SYR,2004,3.679
Syrian Arab Republic,SYR,2003,3.763
Syrian Arab Republic,SYR,2002,3.865
Syrian Arab Republic,SYR,2001,3.976
Syrian Arab Republic,SYR,2000,4.068
Syrian Arab Republic,SYR,1999,4.144
Syrian Arab Republic,SYR,1998,4.25
Syrian Arab Republic,SYR,1997,4.371
Syrian Arab Republic,SYR,1996,4.536
Syrian Arab Republic,SYR,1995,4.697
Syrian Arab Republic,SYR,1994,4.856
Syrian Arab Republic,SYR,1993,4.994
Syrian Arab Republic,SYR,1992,5.141
Syrian Arab Republic,SYR,1991,5.342
Syrian Arab Republic,SYR,1990,5.561
Syrian Arab Republic,SYR,1989,5.777
Syrian Arab Republic,SYR,1988,5.999
Syrian Arab Republic,SYR,1987,6.201
Syrian Arab Republic,SYR,1986,6.365
Syrian Arab Republic,SYR,1985,6.484
Syrian Arab Republic,SYR,1984,6.586
Syrian Arab Republic,SYR,1983,6.692
Syrian Arab Republic,SYR,1982,6.811
Syrian Arab Republic,SYR,1981,6.974
Syrian Arab Republic,SYR,1980,7.119
Syrian Arab Republic,SYR,1979,7.247
Syrian Arab Republic,SYR,1978,7.345
Syrian Arab Republic,SYR,1977,7.418
Syrian Arab Republic,SYR,1976,7.448
Syrian Arab Republic,SYR,1975,7.486
Syrian Arab Republic,SYR,1974,7.52
Syrian Arab Republic,SYR,1973,7.548
Syrian Arab Republic,SYR,1972,7.573
Syrian Arab Republic,SYR,1971,7.6
Syrian Arab Republic,SYR,1970,7.621
Syrian Arab Republic,SYR,1969,7.586
Syrian Arab Republic,SYR,1968,7.569
Syrian Arab Republic,SYR,1967,7.556
Syrian Arab Republic,SYR,1966,7.552
Syrian Arab Republic,SYR,1965,7.532
Syrian Arab Republic,SYR,1964,7.525
Syrian Arab Republic,SYR,1963,7.511
Syrian Arab Republic,SYR,1962,7.51
Syrian Arab Republic,SYR,1961,7.502
Syrian Arab Republic,SYR,1960,7.505
Tajikistan,TJK,2025,
Tajikistan,TJK,2024,3.036
Tajikistan,TJK,2023,3.072
Tajikistan,TJK,2022,3.127
Tajikistan,TJK,2021,3.17
Tajikistan,TJK,2020,3.211
Tajikistan,TJK,2019,3.281
Tajikistan,TJK,2018,3.294
Tajikistan,TJK,2017,3.29
Tajikistan,TJK,2016,3.384
Tajikistan,TJK,2015,3.459
Tajikistan,TJK,2014,3.459
Tajikistan,TJK,2013,3.433
Tajikistan,TJK,2012,3.421
Tajikistan,TJK,2011,3.456
Tajikistan,TJK,2010,3.457
Tajikistan,TJK,2009,3.43
Tajikistan,TJK,2008,3.388
Tajikistan,TJK,2007,3.367
Tajikistan,TJK,2006,3.341
Tajikistan,TJK,2005,3.398
Tajikistan,TJK,2004,3.507
Tajikistan,TJK,2003,3.42
Tajikistan,TJK,2002,3.47
Tajikistan,TJK,2001,3.49
Tajikistan,TJK,2000,3.49
Tajikistan,TJK,1999,3.85
Tajikistan,TJK,1998,4.07
Tajikistan,TJK,1997,4.06
Tajikistan,TJK,1996,3.94
Tajikistan,TJK,1995,4.664
Tajikistan,TJK,1994,4.792
Tajikistan,TJK,1993,4.921
Tajikistan,TJK,1992,5.056
Tajikistan,TJK,1991,5.276
Tajikistan,TJK,1990,5.456
Tajikistan,TJK,1989,5.609
Tajikistan,TJK,1988,5.754
Tajikistan,TJK,1987,5.839
Tajikistan,TJK,1986,5.906
Tajikistan,TJK,1985,5.944
Tajikistan,TJK,1984,5.956
Tajikistan,TJK,1983,5.981
Tajikistan,TJK,1982,6.034
Tajikistan,TJK,1981,6.117
Tajikistan,TJK,1980,6.212
Tajikistan,TJK,1979,6.311
Tajikistan,TJK,1978,6.4
Tajikistan,TJK,1977,6.494
Tajikistan,TJK,1976,6.601
Tajikistan,TJK,1975,6.692
Tajikistan,TJK,1974,6.772
Tajikistan,TJK,1973,6.841
Tajikistan,TJK,1972,6.893
Tajikistan,TJK,1971,6.911
Tajikistan,TJK,1970,6.911
Tajikistan,TJK,1969,6.911
Tajikistan,TJK,1968,6.912
Tajikistan,TJK,1967,6.886
Tajikistan,TJK,1966,6.815
Tajikistan,TJK,1965,6.743
Tajikistan,TJK,1964,6.68
Tajikistan,TJK,1963,6.62
Tajikistan,TJK,1962,6.479
Tajikistan,TJK,1961,6.353
Tajikistan,TJK,1960,6.235
Tanzania,TZA,2025,
Tanzania,TZA,2024,4.541
Tanzania,TZA,2023,4.606
Tanzania,TZA,2022,4.671
Tanzania,TZA,2021,4.734
Tanzania,TZA,2020,4.801
Tanzania,TZA,2019,4.866
Tanzania,TZA,2018,4.932
Tanzania,TZA,2017,4.988
Tanzania,TZA,2016,5.006
Tanzania,TZA,2015,5.025
Tanzania,TZA,2014,5.122
Tanzania,TZA,2013,5.156
Tanzania,TZA,2012,5.137
Tanzania,TZA,2011,5.141
Tanzania,TZA,2010,5.225
Tanzania,TZA,2009,5.26
Tanzania,TZA,2008,5.324
Tanzania,TZA,2007,5.403
Tanzania,TZA,2006,5.511
Tanzania,TZA,2005,5.579
Tanzania,TZA,2004,5.597
Tanzania,TZA,2003,5.578
Tanzania,TZA,2002,5.57
Tanzania,TZA,2001,5.617
Tanzania,TZA,2000,5.67
Tanzania,TZA,1999,5.747
Tanzania,TZA,1998,5.811
Tanzania,TZA,1997,5.836
Tanzania,TZA,1996,5.826
Tanzania,TZA,1995,5.822
Tanzania,TZA,1994,5.894
Tanzania,TZA,1993,5.997
Tanzania,TZA,1992,6.078
Tanzania,TZA,1991,6.135
Tanzania,TZA,1990,6.201
Tanzania,TZA,1989,6.303
Tanzania,TZA,1988,6.379
Tanzania,TZA,1987,6.406
Tanzania,TZA,1986,6.488
Tanzania,TZA,1985,6.598
Tanzania,TZA,1984,6.715
Tanzania,TZA,1983,6.805
Tanzania,TZA,1982,6.868
Tanzania,TZA,1981,6.93
Tanzania,TZA,1980,6.991
Tanzania,TZA,1979,7.043
Tanzania,TZA,1978,7.06
Tanzania,TZA,1977,7.072
Tanzania,TZA,1976,7.086
Tanzania,TZA,1975,7.101
Tanzania,TZA,1974,7.123
Tanzania,TZA,1973,7.062
Tanzania,TZA,1972,7.052
Tanzania,TZA,1971,7.044
Tanzania,TZA,1970,7.001
Tanzania,TZA,1969,6.954
Tanzania,TZA,1968,6.9
Tanzania,TZA,1967,6.864
Tanzania,TZA,1966,6.804
Tanzania,TZA,1965,6.727
Tanzania,TZA,1964,6.68
Tanzania,TZA,1963,6.647
Tanzania,TZA,1962,6.605
Tanzania,TZA,1961,6.562
Tanzania,TZA,1960,6.536
Thailand,THA,2025,
Thailand,THA,2024,1.204
Thailand,THA,2023,1.212
Thailand,THA,2022,1.221
Thailand,THA,2021,1.234
Thailand,THA,2020,1.259
Thailand,THA,2019,1.285
Thailand,THA,2018,1.323
Thailand,THA,2017,1.363
Thailand,THA,2016,1.4
Thailand,THA,2015,1.451
Thailand,THA,2014,1.484
Thailand,THA,2013,1.526
Thailand,THA,2012,1.563
Thailand,THA,2011,1.571
Thailand,THA,2010,1.562
Thailand,THA,2009,1.565
Thailand,THA,2008,1.587
Thailand,THA,2007,1.616
Thailand,THA,2006,1.631
Thailand,THA,2005,1.644
Thailand,THA,2004,1.665
Thailand,THA,2003,1.673
Thailand,THA,2002,1.688
Thailand,THA,2001,1.711
Thailand,THA,2000,1.734
Thailand,THA,1999,1.768
Thailand,THA,1998,1.815
Thailand,THA,1997,1.845
Thailand,THA,1996,1.865
Thailand,THA,1995,1.888
Thailand,THA,1994,1.928
Thailand,THA,1993,1.967
Thailand,THA,1992,2.008
Thailand,THA,1991,2.036
Thailand,THA,1990,2.065
Thailand,THA,1989,2.136
Thailand,THA,1988,2.171
Thailand,THA,1987,2.255
Thailand,THA,1986,2.358
Thailand,THA,1985,2.45
Thailand,THA,1984,2.582
Thailand,THA,1983,2.755
Thailand,THA,1982,2.943
Thailand,THA,1981,3.127
Thailand,THA,1980,3.293
Thailand,THA,1979,3.451
Thailand,THA,1978,3.617
Thailand,THA,1977,3.865
Thailand,THA,1976,4.119
Thailand,THA,1975,4.364
Thailand,THA,1974,4.598
Thailand,THA,1973,4.845
Thailand,THA,1972,5.077
Thailand,THA,1971,5.253
Thailand,THA,1970,5.452
Thailand,THA,1969,5.704
Thailand,THA,1968,5.928
Thailand,THA,1967,6.077
Thailand,THA,1966,6.182
Thailand,THA,1965,6.258
Thailand,THA,1964,6.309
Thailand,THA,1963,6.342
Thailand,THA,1962,6.331
Thailand,THA,1961,6.324
Thailand,THA,1960,6.325
Timor-Leste,TLS,2025,
Timor-Leste,TLS,2024,2.627
Timor-Leste,TLS,2023,2.707
Timor-Leste,TLS,2022,2.801
Timor-Leste,TLS,2021,2.892
Timor-Leste,TLS,2020,3.011
Timor-Leste,TLS,2019,3.116
Timor-Leste,TLS,2018,3.244
Timor-Leste,TLS,2017,3.399
Timor-Leste,TLS,2016,3.582
Timor-Leste,TLS,2015,3.779
Timor-Leste,TLS,2014,3.999
Timor-Leste,TLS,2013,4.208
Timor-Leste,TLS,2012,4.404
Timor-Leste,TLS,2011,4.614
Timor-Leste,TLS,2010,4.816
Timor-Leste,TLS,2009,4.994
Timor-Leste,TLS,2008,5.171
Timor-Leste,TLS,2007,5.333
Timor-Leste,TLS,2006,5.474
Timor-Leste,TLS,2005,5.611
Timor-Leste,TLS,2004,5.741
Timor-Leste,TLS,2003,5.846
Timor-Leste,TLS,2002,5.899
Timor-Leste,TLS,2001,5.918
Timor-Leste,TLS,2000,5.934
Timor-Leste,TLS,1999,5.97
Timor-Leste,TLS,1998,5.963
Timor-Leste,TLS,1997,5.955
Timor-Leste,TLS,1996,5.941
Timor-Leste,TLS,1995,5.936
Timor-Leste,TLS,1994,5.912
Timor-Leste,TLS,1993,5.879
Timor-Leste,TLS,1992,5.867
Timor-Leste,TLS,1991,5.835
Timor-Leste,TLS,1990,5.811
Timor-Leste,TLS,1989,5.762
Timor-Leste,TLS,1988,5.716
Timor-Leste,TLS,1987,5.682
Timor-Leste,TLS,1986,5.672
Timor-Leste,TLS,1985,5.65
Timor-Leste,TLS,1984,5.614
Timor-Leste,TLS,1983,5.586
Timor-Leste,TLS,1982,5.555
Timor-Leste,TLS,1981,5.525
Timor-Leste,TLS,1980,5.219
Timor-Leste,TLS,1979,5.142
Timor-Leste,TLS,1978,5.094
Timor-Leste,TLS,1977,5.085
Timor-Leste,TLS,1976,5.119
Timor-Leste,TLS,1975,5.19
Timor-Leste,TLS,1974,5.287
Timor-Leste,TLS,1973,5.392
Timor-Leste,TLS,1972,5.492
Timor-Leste,TLS,1971,5.58
Timor-Leste,TLS,1970,5.655
Timor-Leste,TLS,1969,5.722
Timor-Leste,TLS,1968,5.788
Timor-Leste,TLS,1967,5.858
Timor-Leste,TLS,1966,5.932
Timor-Leste,TLS,1965,6.008
Timor-Leste,TLS,1964,6.084
Timor-Leste,TLS,1963,6.155
Timor-Leste,TLS,1962,6.218
Timor-Leste,TLS,1961,6.273
Timor-Leste,TLS,1960,6.319
Togo,TGO,2025,
Togo,TGO,2024,4.121673
Togo,TGO,2023,4.192401
Togo,TGO,2022,4.253183
Togo,TGO,2021,4.323871
Togo,TGO,2020,4.386312
Togo,TGO,2019,4.450408
Togo,TGO,2018,4.513072
Togo,TGO,2017,4.576231
Togo,TGO,2016,4.633942
Togo,TGO,2015,4.661566
Togo,TGO,2014,4.701602
Togo,TGO,2013,4.753612
Togo,TGO,2012,4.853789
Togo,TGO,2011,4.984234
Togo,TGO,2010,5.087324
Togo,TGO,2009,5.104276
Togo,TGO,2008,5.100197
Togo,TGO,2007,5.102
Togo,TGO,2006,5.076201
Togo,TGO,2005,5.037823
Togo,TGO,2004,4.994707
Togo,TGO,2003,5.047961
Togo,TGO,2002,5.09187
Togo,TGO,2001,5.12801
Togo,TGO,2000,5.1652
Togo,TGO,1999,5.226114
Togo,TGO,1998,5.287873
Togo,TGO,1997,5.362601
Togo,TGO,1996,5.458922
Togo,TGO,1995,5.564586
Togo,TGO,1994,5.672271
Togo,TGO,1993,5.782153
Togo,TGO,1992,5.885765
Togo,TGO,1991,5.986704
Togo,TGO,1990,6.067132
Togo,TGO,1989,6.148569
Togo,TGO,1988,6.228403
Togo,TGO,1987,6.303876
Togo,TGO,1986,6.381665
Togo,TGO,1985,6.457372
Togo,TGO,1984,6.541951
Togo,TGO,1983,6.633341
Togo,TGO,1982,6.724837
Togo,TGO,1981,6.808608
Togo,TGO,1980,6.875555
Togo,TGO,1979,6.935004
Togo,TGO,1978,6.982702
Togo,TGO,1977,7.025358
Togo,TGO,1976,7.062682
Togo,TGO,1975,7.088292
Togo,TGO,1974,7.089781
Togo,TGO,1973,7.08101
Togo,TGO,1972,7.068624
Togo,TGO,1971,7.063704
Togo,TGO,1970,7.034988
Togo,TGO,1969,7.014899
Togo,TGO,1968,6.970459
Togo,TGO,1967,6.958849
Togo,TGO,1966,6.956084
Togo,TGO,1965,6.93729
Togo,TGO,1964,6.915946
Togo,TGO,1963,6.893064
Togo,TGO,1962,6.856907
Togo,TGO,1961,6.820639
Togo,TGO,1960,6.796676
Tonga,TON,2025,
Tonga,TON,2024,3.1
Tonga,TON,2023,3.129
Tonga,TON,2022,3.171
Tonga,TON,2021,3.198
Tonga,TON,2020,3.234
Tonga,TON,2019,3.274
Tonga,TON,2018,3.326
Tonga,TON,2017,3.388
Tonga,TON,2016,3.463
Tonga,TON,2015,3.54
Tonga,TON,2014,3.619
Tonga,TON,2013,3.696
Tonga,TON,2012,3.768
Tonga,TON,2011,3.829
Tonga,TON,2010,3.879
Tonga,TON,2009,3.946
Tonga,TON,2008,4.012
Tonga,TON,2007,4.086
Tonga,TON,2006,4.141
Tonga,TON,2005,4.195
Tonga,TON,2004,4.186
Tonga,TON,2003,4.175
Tonga,TON,2002,4.138
Tonga,TON,2001,4.127
Tonga,TON,2000,4.159
Tonga,TON,1999,4.228
Tonga,TON,1998,4.309
Tonga,TON,1997,4.378
Tonga,TON,1996,4.455
Tonga,TON,1995,4.563
Tonga,TON,1994,4.658
Tonga,TON,1993,4.726
Tonga,TON,1992,4.787
Tonga,TON,1991,4.852
Tonga,TON,1990,4.929
Tonga,TON,1989,5.006
Tonga,TON,1988,5.103
Tonga,TON,1987,5.192
Tonga,TON,1986,5.273
Tonga,TON,1985,5.344
Tonga,TON,1984,5.407
Tonga,TON,1983,5.45
Tonga,TON,1982,5.497
Tonga,TON,1981,5.554
Tonga,TON,1980,5.599
Tonga,TON,1979,5.647
Tonga,TON,1978,5.684
Tonga,TON,1977,5.699
Tonga,TON,1976,5.726
Tonga,TON,1975,5.746
Tonga,TON,1974,5.765
Tonga,TON,1973,5.801
Tonga,TON,1972,5.862
Tonga,TON,1971,5.958
Tonga,TON,1970,6.071
Tonga,TON,1969,6.166
Tonga,TON,1968,6.226
Tonga,TON,1967,6.293
Tonga,TON,1966,6.349
Tonga,TON,1965,6.408
Tonga,TON,1964,6.464
Tonga,TON,1963,6.517
Tonga,TON,1962,6.571
Tonga,TON,1961,6.61
Tonga,TON,1960,6.651
Trinidad and Tobago,TTO,2025,
Trinidad and Tobago,TTO,2024,1.536
Trinidad and Tobago,TTO,2023,1.532
Trinidad and Tobago,TTO,2022,1.544
Trinidad and Tobago,TTO,2021,1.559
Trinidad and Tobago,TTO,2020,1.572
Trinidad and Tobago,TTO,2019,1.578
Trinidad and Tobago,TTO,2018,1.588
Trinidad and Tobago,TTO,2017,1.594
Trinidad and Tobago,TTO,2016,1.601
Trinidad and Tobago,TTO,2015,1.598
Trinidad and Tobago,TTO,2014,1.602
Trinidad and Tobago,TTO,2013,1.603
Trinidad and Tobago,TTO,2012,1.609
Trinidad and Tobago,TTO,2011,1.611
Trinidad and Tobago,TTO,2010,1.614
Trinidad and Tobago,TTO,2009,1.618
Trinidad and Tobago,TTO,2008,1.617
Trinidad and Tobago,TTO,2007,1.622
Trinidad and Tobago,TTO,2006,1.624
Trinidad and Tobago,TTO,2005,1.625
Trinidad and Tobago,TTO,2004,1.627
Trinidad and Tobago,TTO,2003,1.648
Trinidad and Tobago,TTO,2002,1.672
Trinidad and Tobago,TTO,2001,1.705
Trinidad and Tobago,TTO,2000,1.732
Trinidad and Tobago,TTO,1999,1.76
Trinidad and Tobago,TTO,1998,1.784
Trinidad and Tobago,TTO,1997,1.831
Trinidad and Tobago,TTO,1996,1.894
Trinidad and Tobago,TTO,1995,1.967
Trinidad and Tobago,TTO,1994,2.064
Trinidad and Tobago,TTO,1993,2.129
Trinidad and Tobago,TTO,1992,2.213
Trinidad and Tobago,TTO,1991,2.29
Trinidad and Tobago,TTO,1990,2.394
Trinidad and Tobago,TTO,1989,2.526
Trinidad and Tobago,TTO,1988,2.646
Trinidad and Tobago,TTO,1987,2.775
Trinidad and Tobago,TTO,1986,2.903
Trinidad and Tobago,TTO,1985,2.988
Trinidad and Tobago,TTO,1984,3.017
Trinidad and Tobago,TTO,1983,3.07
Trinidad and Tobago,TTO,1982,3.108
Trinidad and Tobago,TTO,1981,3.133
Trinidad and Tobago,TTO,1980,3.145
Trinidad and Tobago,TTO,1979,3.126
Trinidad and Tobago,TTO,1978,3.129
Trinidad and Tobago,TTO,1977,3.121
Trinidad and Tobago,TTO,1976,3.138
Trinidad and Tobago,TTO,1975,3.214
Trinidad and Tobago,TTO,1974,3.319
Trinidad and Tobago,TTO,1973,3.466
Trinidad and Tobago,TTO,1972,3.551
Trinidad and Tobago,TTO,1971,3.612
Trinidad and Tobago,TTO,1970,3.709
Trinidad and Tobago,TTO,1969,3.856
Trinidad and Tobago,TTO,1968,4.106
Trinidad and Tobago,TTO,1967,4.35
Trinidad and Tobago,TTO,1966,4.62
Trinidad and Tobago,TTO,1965,4.88
Trinidad and Tobago,TTO,1964,5.081
Trinidad and Tobago,TTO,1963,5.242
Trinidad and Tobago,TTO,1962,5.358
Trinidad and Tobago,TTO,1961,5.405
Trinidad and Tobago,TTO,1960,5.405
Tunisia,TUN,2025,
Tunisia,TUN,2024,1.818
Tunisia,TUN,2023,1.832
Tunisia,TUN,2022,1.847
Tunisia,TUN,2021,1.8
Tunisia,TUN,2020,2.0
Tunisia,TUN,2019,2.1
Tunisia,TUN,2018,2.133
Tunisia,TUN,2017,2.205
Tunisia,TUN,2016,2.275
Tunisia,TUN,2015,2.306
Tunisia,TUN,2014,2.316
Tunisia,TUN,2013,2.31
Tunisia,TUN,2012,2.277
Tunisia,TUN,2011,2.189
Tunisia,TUN,2010,2.075
Tunisia,TUN,2009,2.004
Tunisia,TUN,2008,1.975
Tunisia,TUN,2007,1.957
Tunisia,TUN,2006,1.952
Tunisia,TUN,2005,1.953
Tunisia,TUN,2004,1.95
Tunisia,TUN,2003,1.956
Tunisia,TUN,2002,1.941
Tunisia,TUN,2001,1.975
Tunisia,TUN,2000,2.025
Tunisia,TUN,1999,2.082
Tunisia,TUN,1998,2.197
Tunisia,TUN,1997,2.338
Tunisia,TUN,1996,2.488
Tunisia,TUN,1995,2.67
Tunisia,TUN,1994,2.874
Tunisia,TUN,1993,3.058
Tunisia,TUN,1992,3.189
Tunisia,TUN,1991,3.31
Tunisia,TUN,1990,3.441
Tunisia,TUN,1989,3.569
Tunisia,TUN,1988,3.833
Tunisia,TUN,1987,4.104
Tunisia,TUN,1986,4.361
Tunisia,TUN,1985,4.521
Tunisia,TUN,1984,4.664
Tunisia,TUN,1983,4.771
Tunisia,TUN,1982,4.89
Tunisia,TUN,1981,5.023
Tunisia,TUN,1980,5.033
Tunisia,TUN,1979,5.184
Tunisia,TUN,1978,5.401
Tunisia,TUN,1977,5.681
Tunisia,TUN,1976,5.873
Tunisia,TUN,1975,5.972
Tunisia,TUN,1974,6.048
Tunisia,TUN,1973,6.12
Tunisia,TUN,1972,6.187
Tunisia,TUN,1971,6.29
Tunisia,TUN,1970,6.426
Tunisia,TUN,1969,6.623
Tunisia,TUN,1968,6.806
Tunisia,TUN,1967,6.952
Tunisia,TUN,1966,7.055
Tunisia,TUN,1965,7.113
Tunisia,TUN,1964,7.166
Tunisia,TUN,1963,7.17
Tunisia,TUN,1962,7.168
Tunisia,TUN,1961,7.159
Tunisia,TUN,1960,7.157
Turkiye,TUR,2025,
Turkiye,TUR,2024,1.48
Turkiye,TUR,2023,1.51
Turkiye,TUR,2022,1.63
Turkiye,TUR,2021,1.71
Turkiye,TUR,2020,1.77
Turkiye,TUR,2019,1.89
Turkiye,TUR,2018,2.0
Turkiye,TUR,2017,2.08
Turkiye,TUR,2016,2.11
Turkiye,TUR,2015,2.16
Turkiye,TUR,2014,2.19
Turkiye,TUR,2013,2.11
Turkiye,TUR,2012,2.11
Turkiye,TUR,2011,2.05
Turkiye,TUR,2010,2.08
Turkiye,TUR,2009,2.1
Turkiye,TUR,2008,2.15
Turkiye,TUR,2007,2.16
Turkiye,TUR,2006,2.193
Turkiye,TUR,2005,2.197
Turkiye,TUR,2004,2.197
Turkiye,TUR,2003,2.202
Turkiye,TUR,2002,2.268
Turkiye,TUR,2001,2.392
Turkiye,TUR,2000,2.487
Turkiye,TUR,1999,2.63
Turkiye,TUR,1998,2.707
Turkiye,TUR,1997,2.744
Turkiye,TUR,1996,2.779
Turkiye,TUR,1995,2.835
Turkiye,TUR,1994,2.874
Turkiye,TUR,1993,2.916
Turkiye,TUR,1992,2.939
Turkiye,TUR,1991,3.003
Turkiye,TUR,1990,3.107
Turkiye,TUR,1989,3.336
Turkiye,TUR,1988,3.445
Turkiye,TUR,1987,3.542
Turkiye,TUR,1986,3.658
Turkiye,TUR,1985,3.779
Turkiye,TUR,1984,3.911
Turkiye,TUR,1983,4.056
Turkiye,TUR,1982,4.205
Turkiye,TUR,1981,4.351
Turkiye,TUR,1980,4.453
Turkiye,TUR,1979,4.579
Turkiye,TUR,1978,4.691
Turkiye,TUR,1977,4.784
Turkiye,TUR,1976,4.931
Turkiye,TUR,1975,5.087
Turkiye,TUR,1974,5.243
Turkiye,TUR,1973,5.41
Turkiye,TUR,1972,5.548
Turkiye,TUR,1971,5.671
Turkiye,TUR,1970,5.775
Turkiye,TUR,1969,5.872
Turkiye,TUR,1968,5.962
Turkiye,TUR,1967,6.057
Turkiye,TUR,1966,6.152
Turkiye,TUR,1965,6.22
Turkiye,TUR,1964,6.291
Turkiye,TUR,1963,6.339
Turkiye,TUR,1962,6.382
Turkiye,TUR,1961,6.419
Turkiye,TUR,1960,6.383
Turkmenistan,TKM,2025,
Turkmenistan,TKM,2024,2.661
Turkmenistan,TKM,2023,2.69
Turkmenistan,TKM,2022,2.728
Turkmenistan,TKM,2021,2.754
Turkmenistan,TKM,2020,2.793
Turkmenistan,TKM,2019,2.834
Turkmenistan,TKM,2018,2.875
Turkmenistan,TKM,2017,2.934
Turkmenistan,TKM,2016,2.99
Turkmenistan,TKM,2015,3.033
Turkmenistan,TKM,2014,3.023
Turkmenistan,TKM,2013,3.007
Turkmenistan,TKM,2012,2.955
Turkmenistan,TKM,2011,2.9
Turkmenistan,TKM,2010,2.848
Turkmenistan,TKM,2009,2.794
Turkmenistan,TKM,2008,2.75
Turkmenistan,TKM,2007,2.734
Turkmenistan,TKM,2006,2.724
Turkmenistan,TKM,2005,2.706
Turkmenistan,TKM,2004,2.674
Turkmenistan,TKM,2003,2.667
Turkmenistan,TKM,2002,2.71
Turkmenistan,TKM,2001,2.814
Turkmenistan,TKM,2000,2.9
Turkmenistan,TKM,1999,2.976
Turkmenistan,TKM,1998,3.075
Turkmenistan,TKM,1997,3.18
Turkmenistan,TKM,1996,3.292
Turkmenistan,TKM,1995,3.491
Turkmenistan,TKM,1994,3.623
Turkmenistan,TKM,1993,3.778
Turkmenistan,TKM,1992,3.957
Turkmenistan,TKM,1991,4.145
Turkmenistan,TKM,1990,4.288
Turkmenistan,TKM,1989,4.463
Turkmenistan,TKM,1988,4.675
Turkmenistan,TKM,1987,4.842
Turkmenistan,TKM,1986,4.936
Turkmenistan,TKM,1985,4.966
Turkmenistan,TKM,1984,4.964
Turkmenistan,TKM,1983,4.967
Turkmenistan,TKM,1982,5.042
Turkmenistan,TKM,1981,5.162
Turkmenistan,TKM,1980,5.303
Turkmenistan,TKM,1979,5.457
Turkmenistan,TKM,1978,5.61
Turkmenistan,TKM,1977,5.77
Turkmenistan,TKM,1976,5.901
Turkmenistan,TKM,1975,6.004
Turkmenistan,TKM,1974,6.087
Turkmenistan,TKM,1973,6.152
Turkmenistan,TKM,1972,6.2
Turkmenistan,TKM,1971,6.323
Turkmenistan,TKM,1970,6.404
Turkmenistan,TKM,1969,6.482
Turkmenistan,TKM,1968,6.56
Turkmenistan,TKM,1967,6.635
Turkmenistan,TKM,1966,6.703
Turkmenistan,TKM,1965,6.756
Turkmenistan,TKM,1964,6.787
Turkmenistan,TKM,1963,6.788
Turkmenistan,TKM,1962,6.756
Turkmenistan,TKM,1961,6.689
Turkmenistan,TKM,1960,6.59
Turks and Caicos Islands,TCA,2025,
Turks and Caicos Islands,TCA,2024,1.452
Turks and Caicos Islands,TCA,2023,1.463
Turks and Caicos Islands,TCA,2022,1.477
Turks and Caicos Islands,TCA,2021,1.501
Turks and Caicos Islands,TCA,2020,1.552
Turks and Caicos Islands,TCA,2019,1.617
Turks and Caicos Islands,TCA,2018,1.677
Turks and Caicos Islands,TCA,2017,1.704
Turks and Caicos Islands,TCA,2016,1.713
Turks and Caicos Islands,TCA,2015,1.718
Turks and Caicos Islands,TCA,2014,1.729
Turks and Caicos Islands,TCA,2013,1.752
Turks and Caicos Islands,TCA,2012,1.805
Turks and Caicos Islands,TCA,2011,1.859
Turks and Caicos Islands,TCA,2010,1.907
Turks and Caicos Islands,TCA,2009,1.959
Turks and Caicos Islands,TCA,2008,2.005
Turks and Caicos Islands,TCA,2007,2.049
Turks and Caicos Islands,TCA,2006,2.078
Turks and Caicos Islands,TCA,2005,2.106
Turks and Caicos Islands,TCA,2004,2.136
Turks and Caicos Islands,TCA,2003,2.176
Turks and Caicos Islands,TCA,2002,2.242
Turks and Caicos Islands,TCA,2001,2.342
Turks and Caicos Islands,TCA,2000,2.406
Turks and Caicos Islands,TCA,1999,2.464
Turks and Caicos Islands,TCA,1998,2.52
Turks and Caicos Islands,TCA,1997,2.581
Turks and Caicos Islands,TCA,1996,2.649
Turks and Caicos Islands,TCA,1995,2.699
Turks and Caicos Islands,TCA,1994,2.756
Turks and Caicos Islands,TCA,1993,2.842
Turks and Caicos Islands,TCA,1992,2.939
Turks and Caicos Islands,TCA,1991,3.053
Turks and Caicos Islands,TCA,1990,3.189
Turks and Caicos Islands,TCA,1989,3.335
Turks and Caicos Islands,TCA,1988,3.499
Turks and Caicos Islands,TCA,1987,3.653
Turks and Caicos Islands,TCA,1986,3.789
Turks and Caicos Islands,TCA,1985,3.908
Turks and Caicos Islands,TCA,1984,3.986
Turks and Caicos Islands,TCA,1983,4.085
Turks and Caicos Islands,TCA,1982,4.192
Turks and Caicos Islands,TCA,1981,4.291
Turks and Caicos Islands,TCA,1980,4.37
Turks and Caicos Islands,TCA,1979,4.43
Turks and Caicos Islands,TCA,1978,4.485
Turks and Caicos Islands,TCA,1977,4.553
Turks and Caicos Islands,TCA,1976,4.624
Turks and Caicos Islands,TCA,1975,4.687
Turks and Caicos Islands,TCA,1974,4.793
Turks and Caicos Islands,TCA,1973,4.913
Turks and Caicos Islands,TCA,1972,5.027
Turks and Caicos Islands,TCA,1971,5.141
Turks and Caicos Islands,TCA,1970,5.229
Turks and Caicos Islands,TCA,1969,5.311
Turks and Caicos Islands,TCA,1968,5.397
Turks and Caicos Islands,TCA,1967,5.395
Turks and Caicos Islands,TCA,1966,5.435
Turks and Caicos Islands,TCA,1965,5.502
Turks and Caicos Islands,TCA,1964,5.608
Turks and Caicos Islands,TCA,1963,5.719
Turks and Caicos Islands,TCA,1962,5.816
Turks and Caicos Islands,TCA,1961,5.907
Turks and Caicos Islands,TCA,1960,5.991
Tuvalu,TUV,2025,
Tuvalu,TUV,2024,3.174
Tuvalu,TUV,2023,3.208
Tuvalu,TUV,2022,3.244
Tuvalu,TUV,2021,3.277
Tuvalu,TUV,2020,3.309
Tuvalu,TUV,2019,3.331
Tuvalu,TUV,2018,3.328
Tuvalu,TUV,2017,3.301
Tuvalu,TUV,2016,3.297
Tuvalu,TUV,2015,3.308
Tuvalu,TUV,2014,3.33
Tuvalu,TUV,2013,3.389
Tuvalu,TUV,2012,3.47
Tuvalu,TUV,2011,3.463
Tuvalu,TUV,2010,3.442
Tuvalu,TUV,2009,3.425
Tuvalu,TUV,2008,3.415
Tuvalu,TUV,2007,3.446
Tuvalu,TUV,2006,3.525
Tuvalu,TUV,2005,3.546
Tuvalu,TUV,2004,3.553
Tuvalu,TUV,2003,3.579
Tuvalu,TUV,2002,3.637
Tuvalu,TUV,2001,3.749
Tuvalu,TUV,2000,3.841
Tuvalu,TUV,1999,3.919
Tuvalu,TUV,1998,3.951
Tuvalu,TUV,1997,3.952
Tuvalu,TUV,1996,3.951
Tuvalu,TUV,1995,3.963
Tuvalu,TUV,1994,3.923
Tuvalu,TUV,1993,3.922
Tuvalu,TUV,1992,3.86
Tuvalu,TUV,1991,3.789
Tuvalu,TUV,1990,3.75
Tuvalu,TUV,1989,3.797
Tuvalu,TUV,1988,3.881
Tuvalu,TUV,1987,3.941
Tuvalu,TUV,1986,3.973
Tuvalu,TUV,1985,3.973
Tuvalu,TUV,1984,3.946
Tuvalu,TUV,1983,3.912
Tuvalu,TUV,1982,3.877
Tuvalu,TUV,1981,3.804
Tuvalu,TUV,1980,3.73
Tuvalu,TUV,1979,3.645
Tuvalu,TUV,1978,3.59
Tuvalu,TUV,1977,3.555
Tuvalu,TUV,1976,3.554
Tuvalu,TUV,1975,3.578
Tuvalu,TUV,1974,3.633
Tuvalu,TUV,1973,3.712
Tuvalu,TUV,1972,3.806
Tuvalu,TUV,1971,3.944
Tuvalu,TUV,1970,4.081
Tuvalu,TUV,1969,4.227
Tuvalu,TUV,1968,4.361
Tuvalu,TUV,1967,4.494
Tuvalu,TUV,1966,4.637
Tuvalu,TUV,1965,4.726
Tuvalu,TUV,1964,4.826
Tuvalu,TUV,1963,4.914
Tuvalu,TUV,1962,5.004
Tuvalu,TUV,1961,5.089
Tuvalu,TUV,1960,5.146
Uganda,UGA,2025,
Uganda,UGA,2024,4.165
Uganda,UGA,2023,4.283
Uganda,UGA,2022,4.388
Uganda,UGA,2021,4.51
Uganda,UGA,2020,4.621
Uganda,UGA,2019,4.744
Uganda,UGA,2018,4.867
Uganda,UGA,2017,4.987
Uganda,UGA,2016,5.112
Uganda,UGA,2015,5.251
Uganda,UGA,2014,5.408
Uganda,UGA,2013,5.563
Uganda,UGA,2012,5.729
Uganda,UGA,2011,5.885
Uganda,UGA,2010,6.019
Uganda,UGA,2009,6.124
Uganda,UGA,2008,6.202
Uganda,UGA,2007,6.326
Uganda,UGA,2006,6.429
Uganda,UGA,2005,6.525
Uganda,UGA,2004,6.612
Uganda,UGA,2003,6.671
Uganda,UGA,2002,6.735
Uganda,UGA,2001,6.757
Uganda,UGA,2000,6.788
Uganda,UGA,1999,6.825
Uganda,UGA,1998,6.837
Uganda,UGA,1997,6.856
Uganda,UGA,1996,6.835
Uganda,UGA,1995,6.871
Uganda,UGA,1994,6.899
Uganda,UGA,1993,6.886
Uganda,UGA,1992,6.913
Uganda,UGA,1991,6.943
Uganda,UGA,1990,7.014
Uganda,UGA,1989,7.045
Uganda,UGA,1988,7.102
Uganda,UGA,1987,7.12
Uganda,UGA,1986,7.083
Uganda,UGA,1985,7.037
Uganda,UGA,1984,7.024
Uganda,UGA,1983,7.068
Uganda,UGA,1982,7.11
Uganda,UGA,1981,7.118
Uganda,UGA,1980,7.113
Uganda,UGA,1979,7.142
Uganda,UGA,1978,7.163
Uganda,UGA,1977,7.183
Uganda,UGA,1976,7.194
Uganda,UGA,1975,7.201
Uganda,UGA,1974,7.192
Uganda,UGA,1973,7.193
Uganda,UGA,1972,7.185
Uganda,UGA,1971,7.181
Uganda,UGA,1970,7.149
Uganda,UGA,1969,7.115
Uganda,UGA,1968,7.13
Uganda,UGA,1967,7.102
Uganda,UGA,1966,7.066
Uganda,UGA,1965,7.042
Uganda,UGA,1964,7.012
Uganda,UGA,1963,6.984
Uganda,UGA,1962,6.959
Uganda,UGA,1961,6.927
Uganda,UGA,1960,6.905
Ukraine,UKR,2025,
Ukraine,UKR,2024,0.988
Ukraine,UKR,2023,0.977
Ukraine,UKR,2022,0.897
Ukraine,UKR,2021,1.148
Ukraine,UKR,2020,1.208
Ukraine,UKR,2019,1.218
Ukraine,UKR,2018,1.233
Ukraine,UKR,2017,1.3
Ukraine,UKR,2016,1.391
Ukraine,UKR,2015,1.387
Ukraine,UKR,2014,1.466
Ukraine,UKR,2013,1.515
Ukraine,UKR,2012,1.528
Ukraine,UKR,2011,1.464
Ukraine,UKR,2010,1.436
Ukraine,UKR,2009,1.47
Ukraine,UKR,2008,1.444
Ukraine,UKR,2007,1.343
Ukraine,UKR,2006,1.297
Ukraine,UKR,2005,1.221
Ukraine,UKR,2004,1.215
Ukraine,UKR,2003,1.173
Ukraine,UKR,2002,1.127
Ukraine,UKR,2001,1.092
Ukraine,UKR,2000,1.108
Ukraine,UKR,1999,1.127
Ukraine,UKR,1998,1.206
Ukraine,UKR,1997,1.271
Ukraine,UKR,1996,1.333
Ukraine,UKR,1995,1.399
Ukraine,UKR,1994,1.471
Ukraine,UKR,1993,1.564
Ukraine,UKR,1992,1.674
Ukraine,UKR,1991,1.773
Ukraine,UKR,1990,1.845
Ukraine,UKR,1989,1.927
Ukraine,UKR,1988,2.042
Ukraine,UKR,1987,2.07
Ukraine,UKR,1986,2.117
Ukraine,UKR,1985,2.033
Ukraine,UKR,1984,2.081
Ukraine,UKR,1983,2.099
Ukraine,UKR,1982,1.951
Ukraine,UKR,1981,1.915
Ukraine,UKR,1980,1.949
Ukraine,UKR,1979,1.957
Ukraine,UKR,1978,1.969
Ukraine,UKR,1977,1.983
Ukraine,UKR,1976,2.044
Ukraine,UKR,1975,2.049
Ukraine,UKR,1974,2.064
Ukraine,UKR,1973,2.044
Ukraine,UKR,1972,2.127
Ukraine,UKR,1971,2.113
Ukraine,UKR,1970,2.078
Ukraine,UKR,1969,2.012
Ukraine,UKR,1968,2.031
Ukraine,UKR,1967,2.04
Ukraine,UKR,1966,2.037
Ukraine,UKR,1965,1.943
Ukraine,UKR,1964,2.014
Ukraine,UKR,1963,2.111
Ukraine,UKR,1962,2.154
Ukraine,UKR,1961,2.197
Ukraine,UKR,1960,2.285
United Arab Emirates,ARE,2025,
United Arab Emirates,ARE,2024,1.213
United Arab Emirates,ARE,2023,1.2
United Arab Emirates,ARE,2022,1.148
United Arab Emirates,ARE,2021,1.162
United Arab Emirates,ARE,2020,1.289
United Arab Emirates,ARE,2019,1.247
United Arab Emirates,ARE,2018,1.288
United Arab Emirates,ARE,2017,1.35
United Arab Emirates,ARE,2016,1.366
United Arab Emirates,ARE,2015,1.417
United Arab Emirates,ARE,2014,1.483
United Arab Emirates,ARE,2013,1.527
United Arab Emirates,ARE,2012,1.532
United Arab Emirates,ARE,2011,1.539
United Arab Emirates,ARE,2010,1.565
United Arab Emirates,ARE,2009,1.582
United Arab Emirates,ARE,2008,1.516
United Arab Emirates,ARE,2007,1.792
United Arab Emirates,ARE,2006,1.958
United Arab Emirates,ARE,2005,2.232
United Arab Emirates,ARE,2004,2.385
United Arab Emirates,ARE,2003,2.491
United Arab Emirates,ARE,2002,2.541
United Arab Emirates,ARE,2001,2.622
United Arab Emirates,ARE,2000,2.733
United Arab Emirates,ARE,1999,2.793
United Arab Emirates,ARE,1998,2.765
United Arab Emirates,ARE,1997,2.825
United Arab Emirates,ARE,1996,3.06
United Arab Emirates,ARE,1995,3.278
United Arab Emirates,ARE,1994,3.761
United Arab Emirates,ARE,1993,3.819
United Arab Emirates,ARE,1992,4.088
United Arab Emirates,ARE,1991,4.251
United Arab Emirates,ARE,1990,4.506
United Arab Emirates,ARE,1989,4.65
United Arab Emirates,ARE,1988,4.768
United Arab Emirates,ARE,1987,4.883
United Arab Emirates,ARE,1986,4.999
United Arab Emirates,ARE,1985,5.125
United Arab Emirates,ARE,1984,5.303
United Arab Emirates,ARE,1983,5.482
United Arab Emirates,ARE,1982,5.658
United Arab Emirates,ARE,1981,5.814
United Arab Emirates,ARE,1980,5.953
United Arab Emirates,ARE,1979,6.059
United Arab Emirates,ARE,1978,6.151
United Arab Emirates,ARE,1977,6.223
United Arab Emirates,ARE,1976,6.291
United Arab Emirates,ARE,1975,6.353
United Arab Emirates,ARE,1974,6.411
United Arab Emirates,ARE,1973,6.464
United Arab Emirates,ARE,1972,6.502
United Arab Emirates,ARE,1971,6.519
United Arab Emirates,ARE,1970,6.519
United Arab Emirates,ARE,1969,6.524
United Arab Emirates,ARE,1968,6.529
United Arab Emirates,ARE,1967,6.51
United Arab Emirates,ARE,1966,6.495
United Arab Emirates,ARE,1965,6.495
United Arab Emirates,ARE,1964,6.494
United Arab Emirates,ARE,1963,6.495
United Arab Emirates,ARE,1962,6.489
United Arab Emirates,ARE,1961,6.494
United Arab Emirates,ARE,1960,6.499
United Kingdom,GBR,2025,
United Kingdom,GBR,2024,1.551
United Kingdom,GBR,2023,1.56
United Kingdom,GBR,2022,1.56
United Kingdom,GBR,2021,1.583
United Kingdom,GBR,2020,1.571
United Kingdom,GBR,2019,1.632
United Kingdom,GBR,2018,1.68
United Kingdom,GBR,2017,1.74
United Kingdom,GBR,2016,1.79
United Kingdom,GBR,2015,1.8
United Kingdom,GBR,2014,1.81
United Kingdom,GBR,2013,1.83
United Kingdom,GBR,2012,1.92
United Kingdom,GBR,2011,1.91
United Kingdom,GBR,2010,1.92
United Kingdom,GBR,2009,1.89
United Kingdom,GBR,2008,1.91
United Kingdom,GBR,2007,1.86
United Kingdom,GBR,2006,1.82
United Kingdom,GBR,2005,1.76
United Kingdom,GBR,2004,1.75
United Kingdom,GBR,2003,1.7
United Kingdom,GBR,2002,1.63
United Kingdom,GBR,2001,1.63
United Kingdom,GBR,2000,1.64
United Kingdom,GBR,1999,1.68
United Kingdom,GBR,1998,1.71
United Kingdom,GBR,1997,1.72
United Kingdom,GBR,1996,1.73
United Kingdom,GBR,1995,1.71
United Kingdom,GBR,1994,1.74
United Kingdom,GBR,1993,1.76
United Kingdom,GBR,1992,1.79
United Kingdom,GBR,1991,1.82
United Kingdom,GBR,1990,1.83
United Kingdom,GBR,1989,1.79
United Kingdom,GBR,1988,1.82
United Kingdom,GBR,1987,1.81
United Kingdom,GBR,1986,1.78
United Kingdom,GBR,1985,1.79
United Kingdom,GBR,1984,1.77
United Kingdom,GBR,1983,1.77
United Kingdom,GBR,1982,1.78
United Kingdom,GBR,1981,1.82
United Kingdom,GBR,1980,1.9
United Kingdom,GBR,1979,1.86
United Kingdom,GBR,1978,1.75
United Kingdom,GBR,1977,1.69
United Kingdom,GBR,1976,1.74
United Kingdom,GBR,1975,1.81
United Kingdom,GBR,1974,1.92
United Kingdom,GBR,1973,2.04
United Kingdom,GBR,1972,2.2
United Kingdom,GBR,1971,2.41
United Kingdom,GBR,1970,2.44
United Kingdom,GBR,1969,2.51
United Kingdom,GBR,1968,2.6
United Kingdom,GBR,1967,2.68
United Kingdom,GBR,1966,2.78
United Kingdom,GBR,1965,2.86
United Kingdom,GBR,1964,2.93
United Kingdom,GBR,1963,2.88
United Kingdom,GBR,1962,2.86
United Kingdom,GBR,1961,2.78
United Kingdom,GBR,1960,2.69
United States,USA,2025,
United States,USA,2024,1.6265
United States,USA,2023,1.6165
United States,USA,2022,1.6565
United States,USA,2021,1.664
United States,USA,2020,1.6415
United States,USA,2019,1.706
United States,USA,2018,1.7295
United States,USA,2017,1.7655
United States,USA,2016,1.8205
United States,USA,2015,1.8435
United States,USA,2014,1.8625
United States,USA,2013,1.8575
United States,USA,2012,1.8805
United States,USA,2011,1.8945
United States,USA,2010,1.931
United States,USA,2009,2.002
United States,USA,2008,2.072
United States,USA,2007,2.12
United States,USA,2006,2.108
United States,USA,2005,2.057
United States,USA,2004,2.0515
United States,USA,2003,2.0475
United States,USA,2002,2.0205
United States,USA,2001,2.0305
United States,USA,2000,2.056
United States,USA,1999,2.0075
United States,USA,1998,1.999
United States,USA,1997,1.971
United States,USA,1996,1.976
United States,USA,1995,1.978
United States,USA,1994,2.0015
United States,USA,1993,2.0195
United States,USA,1992,2.046
United States,USA,1991,2.0625
United States,USA,1990,2.081
United States,USA,1989,2.014
United States,USA,1988,1.934
United States,USA,1987,1.872
United States,USA,1986,1.8375
United States,USA,1985,1.844
United States,USA,1984,1.8065
United States,USA,1983,1.799
United States,USA,1982,1.8275
United States,USA,1981,1.812
United States,USA,1980,1.8395
United States,USA,1979,1.808
United States,USA,1978,1.76
United States,USA,1977,1.79
United States,USA,1976,1.738
United States,USA,1975,1.774
United States,USA,1974,1.835
United States,USA,1973,1.879
United States,USA,1972,2.01
United States,USA,1971,2.266
United States,USA,1970,2.48
United States,USA,1969,2.456
United States,USA,1968,2.464
United States,USA,1967,2.558
United States,USA,1966,2.721
United States,USA,1965,2.913
United States,USA,1964,3.19
United States,USA,1963,3.319
United States,USA,1962,3.461
United States,USA,1961,3.62
United States,USA,1960,3.654
Uruguay,URY,2025,
Uruguay,URY,2024,1.397
Uruguay,URY,2023,1.409
Uruguay,URY,2022,1.425
Uruguay,URY,2021,1.446
Uruguay,URY,2020,1.497
Uruguay,URY,2019,1.567
Uruguay,URY,2018,1.681
Uruguay,URY,2017,1.824
Uruguay,URY,2016,1.966
Uruguay,URY,2015,2.041
Uruguay,URY,2014,2.026
Uruguay,URY,2013,2.034
Uruguay,URY,2012,2.012
Uruguay,URY,2011,1.987
Uruguay,URY,2010,2.011
Uruguay,URY,2009,2.018
Uruguay,URY,2008,2.03
Uruguay,URY,2007,2.048
Uruguay,URY,2006,2.07
Uruguay,URY,2005,2.097
Uruguay,URY,2004,2.093
Uruguay,URY,2003,2.116
Uruguay,URY,2002,2.16
Uruguay,URY,2001,2.161
Uruguay,URY,2000,2.196
Uruguay,URY,1999,2.248
Uruguay,URY,1998,2.271
Uruguay,URY,1997,2.328
Uruguay,URY,1996,2.364
Uruguay,URY,1995,2.401
Uruguay,URY,1994,2.425
Uruguay,URY,1993,2.408
Uruguay,URY,1992,2.432
Uruguay,URY,1991,2.454
Uruguay,URY,1990,2.477
Uruguay,URY,1989,2.498
Uruguay,URY,1988,2.503
Uruguay,URY,1987,2.486
Uruguay,URY,1986,2.47
Uruguay,URY,1985,2.47
Uruguay,URY,1984,2.471
Uruguay,URY,1983,2.486
Uruguay,URY,1982,2.512
Uruguay,URY,1981,2.534
Uruguay,URY,1980,2.59
Uruguay,URY,1979,2.711
Uruguay,URY,1978,2.829
Uruguay,URY,1977,2.899
Uruguay,URY,1976,3.005
Uruguay,URY,1975,3.017
Uruguay,URY,1974,2.957
Uruguay,URY,1973,2.855
Uruguay,URY,1972,2.782
Uruguay,URY,1971,2.767
Uruguay,URY,1970,2.772
Uruguay,URY,1969,2.769
Uruguay,URY,1968,2.771
Uruguay,URY,1967,2.784
Uruguay,URY,1966,2.819
Uruguay,URY,1965,2.84
Uruguay,URY,1964,2.863
Uruguay,URY,1963,2.884
Uruguay,URY,1962,2.866
Uruguay,URY,1961,2.846
Uruguay,URY,1960,2.827
Uzbekistan,UZB,2025,
Uzbekistan,UZB,2024,3.486
Uzbekistan,UZB,2023,3.5
Uzbekistan,UZB,2022,3.396
Uzbekistan,UZB,2021,3.273
Uzbekistan,UZB,2020,3.062
Uzbekistan,UZB,2019,2.869
Uzbekistan,UZB,2018,2.713
Uzbekistan,UZB,2017,2.57
Uzbekistan,UZB,2016,2.564
Uzbekistan,UZB,2015,2.583
Uzbekistan,UZB,2014,2.546
Uzbekistan,UZB,2013,2.445
Uzbekistan,UZB,2012,2.337
Uzbekistan,UZB,2011,2.354
Uzbekistan,UZB,2010,2.442
Uzbekistan,UZB,2009,2.559
Uzbekistan,UZB,2008,2.635
Uzbekistan,UZB,2007,2.573
Uzbekistan,UZB,2006,2.461
Uzbekistan,UZB,2005,2.438
Uzbekistan,UZB,2004,2.496
Uzbekistan,UZB,2003,2.503
Uzbekistan,UZB,2002,2.575
Uzbekistan,UZB,2001,2.61
Uzbekistan,UZB,2000,2.696
Uzbekistan,UZB,1999,2.831
Uzbekistan,UZB,1998,2.985
Uzbekistan,UZB,1997,3.186
Uzbekistan,UZB,1996,3.393
Uzbekistan,UZB,1995,3.566
Uzbekistan,UZB,1994,3.66
Uzbekistan,UZB,1993,3.863
Uzbekistan,UZB,1992,4.056
Uzbekistan,UZB,1991,4.19
Uzbekistan,UZB,1990,4.122
Uzbekistan,UZB,1989,4.102
Uzbekistan,UZB,1988,4.263
Uzbekistan,UZB,1987,4.532
Uzbekistan,UZB,1986,4.675
Uzbekistan,UZB,1985,4.691
Uzbekistan,UZB,1984,4.729
Uzbekistan,UZB,1983,4.714
Uzbekistan,UZB,1982,4.817
Uzbekistan,UZB,1981,4.905
Uzbekistan,UZB,1980,5.039
Uzbekistan,UZB,1979,5.159
Uzbekistan,UZB,1978,5.281
Uzbekistan,UZB,1977,5.54
Uzbekistan,UZB,1976,5.749
Uzbekistan,UZB,1975,5.918
Uzbekistan,UZB,1974,6.053
Uzbekistan,UZB,1973,6.162
Uzbekistan,UZB,1972,6.246
Uzbekistan,UZB,1971,6.284
Uzbekistan,UZB,1970,6.313
Uzbekistan,UZB,1969,6.338
Uzbekistan,UZB,1968,6.394
Uzbekistan,UZB,1967,6.567
Uzbekistan,UZB,1966,6.66
Uzbekistan,UZB,1965,6.81
Uzbekistan,UZB,1964,6.823
Uzbekistan,UZB,1963,6.808
Uzbekistan,UZB,1962,6.878
Uzbekistan,UZB,1961,6.752
Uzbekistan,UZB,1960,6.613
Vanuatu,VUT,2025,
Vanuatu,VUT,2024,3.569
Vanuatu,VUT,2023,3.596
Vanuatu,VUT,2022,3.647
Vanuatu,VUT,2021,3.696
Vanuatu,VUT,2020,3.738
Vanuatu,VUT,2019,3.79
Vanuatu,VUT,2018,3.834
Vanuatu,VUT,2017,3.875
Vanuatu,VUT,2016,3.915
Vanuatu,VUT,2015,3.952
Vanuatu,VUT,2014,3.999
Vanuatu,VUT,2013,4.039
Vanuatu,VUT,2012,4.059
Vanuatu,VUT,2011,4.093
Vanuatu,VUT,2010,4.126
Vanuatu,VUT,2009,4.157
Vanuatu,VUT,2008,4.159
Vanuatu,VUT,2007,4.117
Vanuatu,VUT,2006,4.1
Vanuatu,VUT,2005,4.133
Vanuatu,VUT,2004,4.214
Vanuatu,VUT,2003,4.293
Vanuatu,VUT,2002,4.382
Vanuatu,VUT,2001,4.495
Vanuatu,VUT,2000,4.537
Vanuatu,VUT,1999,4.556
Vanuatu,VUT,1998,4.603
Vanuatu,VUT,1997,4.657
Vanuatu,VUT,1996,4.752
Vanuatu,VUT,1995,4.847
Vanuatu,VUT,1994,4.937
Vanuatu,VUT,1993,5.023
Vanuatu,VUT,1992,5.094
Vanuatu,VUT,1991,5.13
Vanuatu,VUT,1990,5.166
Vanuatu,VUT,1989,5.211
Vanuatu,VUT,1988,5.27
Vanuatu,VUT,1987,5.328
Vanuatu,VUT,1986,5.382
Vanuatu,VUT,1985,5.433
Vanuatu,VUT,1984,5.489
Vanuatu,VUT,1983,5.547
Vanuatu,VUT,1982,5.603
Vanuatu,VUT,1981,5.651
Vanuatu,VUT,1980,5.691
Vanuatu,VUT,1979,5.733
Vanuatu,VUT,1978,5.768
Vanuatu,VUT,1977,5.806
Vanuatu,VUT,1976,5.885
Vanuatu,VUT,1975,5.976
Vanuatu,VUT,1974,6.057
Vanuatu,VUT,1973,6.151
Vanuatu,VUT,1972,6.228
Vanuatu,VUT,1971,6.293
Vanuatu,VUT,1970,6.346
Vanuatu,VUT,1969,6.41
Vanuatu,VUT,1968,6.463
Vanuatu,VUT,1967,6.509
Vanuatu,VUT,1966,6.511
Vanuatu,VUT,1965,6.524
Vanuatu,VUT,1964,6.568
Vanuatu,VUT,1963,6.623
Vanuatu,VUT,1962,6.672
Vanuatu,VUT,1961,6.729
Vanuatu,VUT,1960,6.784
"Venezuela, RB",VEN,2025,
"Venezuela, RB",VEN,2024,2.077
"Venezuela, RB",VEN,2023,2.079
"Venezuela, RB",VEN,2022,2.088
"Venezuela, RB",VEN,2021,2.105
"Venezuela, RB",VEN,2020,2.116
"Venezuela, RB",VEN,2019,2.131
"Venezuela, RB",VEN,2018,2.151
"Venezuela, RB",VEN,2017,2.183
"Venezuela, RB",VEN,2016,2.217
"Venezuela, RB",VEN,2015,2.253
"Venezuela, RB",VEN,2014,2.296
"Venezuela, RB",VEN,2013,2.334
"Venezuela, RB",VEN,2012,2.379
"Venezuela, RB",VEN,2011,2.398
"Venezuela, RB",VEN,2010,2.396
"Venezuela, RB",VEN,2009,2.422
"Venezuela, RB",VEN,2008,2.475
"Venezuela, RB",VEN,2007,2.524
"Venezuela, RB",VEN,2006,2.595
"Venezuela, RB",VEN,2005,2.629
"Venezuela, RB",VEN,2004,2.639
"Venezuela, RB",VEN,2003,2.703
"Venezuela, RB",VEN,2002,2.739
"Venezuela, RB",VEN,2001,2.779
"Venezuela, RB",VEN,2000,2.79
"Venezuela, RB",VEN,1999,2.856
"Venezuela, RB",VEN,1998,2.912
"Venezuela, RB",VEN,1997,2.967
"Venezuela, RB",VEN,1996,3.022
"Venezuela, RB",VEN,1995,3.082
"Venezuela, RB",VEN,1994,3.147
"Venezuela, RB",VEN,1993,3.218
"Venezuela, RB",VEN,1992,3.292
"Venezuela, RB",VEN,1991,3.37
"Venezuela, RB",VEN,1990,3.448
"Venezuela, RB",VEN,1989,3.524
"Venezuela, RB",VEN,1988,3.597
"Venezuela, RB",VEN,1987,3.665
"Venezuela, RB",VEN,1986,3.73
"Venezuela, RB",VEN,1985,3.794
"Venezuela, RB",VEN,1984,3.861
"Venezuela, RB",VEN,1983,3.933
"Venezuela, RB",VEN,1982,4.014
"Venezuela, RB",VEN,1981,4.104
"Venezuela, RB",VEN,1980,4.2
"Venezuela, RB",VEN,1979,4.298
"Venezuela, RB",VEN,1978,4.397
"Venezuela, RB",VEN,1977,4.494
"Venezuela, RB",VEN,1976,4.589
"Venezuela, RB",VEN,1975,4.686
"Venezuela, RB",VEN,1974,4.791
"Venezuela, RB",VEN,1973,4.906
"Venezuela, RB",VEN,1972,5.035
"Venezuela, RB",VEN,1971,5.174
"Venezuela, RB",VEN,1970,5.321
"Venezuela, RB",VEN,1969,5.469
"Venezuela, RB",VEN,1968,5.614
"Venezuela, RB",VEN,1967,5.748
"Venezuela, RB",VEN,1966,5.87
"Venezuela, RB",VEN,1965,5.977
"Venezuela, RB",VEN,1964,6.071
"Venezuela, RB",VEN,1963,6.155
"Venezuela, RB",VEN,1962,6.231
"Venezuela, RB",VEN,1961,6.298
"Venezuela, RB",VEN,1960,6.382
Viet Nam,VNM,2025,
Viet Nam,VNM,2024,1.895
Viet Nam,VNM,2023,1.913
Viet Nam,VNM,2022,1.927
Viet Nam,VNM,2021,1.942
Viet Nam,VNM,2020,1.957
Viet Nam,VNM,2019,1.943
Viet Nam,VNM,2018,1.88
Viet Nam,VNM,2017,1.985
Viet Nam,VNM,2016,2.0
Viet Nam,VNM,2015,2.1
Viet Nam,VNM,2014,2.09
Viet Nam,VNM,2013,1.98
Viet Nam,VNM,2012,1.967
Viet Nam,VNM,2011,1.927
Viet Nam,VNM,2010,1.906
Viet Nam,VNM,2009,1.92
Viet Nam,VNM,2008,1.933
Viet Nam,VNM,2007,1.911
Viet Nam,VNM,2006,1.873
Viet Nam,VNM,2005,1.887
Viet Nam,VNM,2004,1.968
Viet Nam,VNM,2003,1.999
Viet Nam,VNM,2002,2.006
Viet Nam,VNM,2001,2.023
Viet Nam,VNM,2000,2.028
Viet Nam,VNM,1999,1.999
Viet Nam,VNM,1998,2.098
Viet Nam,VNM,1997,2.274
Viet Nam,VNM,1996,2.468
Viet Nam,VNM,1995,2.7
Viet Nam,VNM,1994,2.941
Viet Nam,VNM,1993,3.172
Viet Nam,VNM,1992,3.353
Viet Nam,VNM,1991,3.524
Viet Nam,VNM,1990,3.602
Viet Nam,VNM,1989,3.641
Viet Nam,VNM,1988,3.623
Viet Nam,VNM,1987,3.717
Viet Nam,VNM,1986,3.955
Viet Nam,VNM,1985,4.206
Viet Nam,VNM,1984,4.412
Viet Nam,VNM,1983,4.524
Viet Nam,VNM,1982,4.593
Viet Nam,VNM,1981,4.665
Viet Nam,VNM,1980,4.795
Viet Nam,VNM,1979,4.94
Viet Nam,VNM,1978,5.104
Viet Nam,VNM,1977,5.291
Viet Nam,VNM,1976,5.461
Viet Nam,VNM,1975,5.621
Viet Nam,VNM,1974,5.781
Viet Nam,VNM,1973,6.108
Viet Nam,VNM,1972,6.1
Viet Nam,VNM,1971,6.069
Viet Nam,VNM,1970,6.019
Viet Nam,VNM,1969,6.013
Viet Nam,VNM,1968,6.029
Viet Nam,VNM,1967,5.883
Viet Nam,VNM,1966,5.968
Viet Nam,VNM,1965,6.156
Viet Nam,VNM,1964,6.285
Viet Nam,VNM,1963,6.385
Viet Nam,VNM,1962,6.257
Viet Nam,VNM,1961,5.476
Viet Nam,VNM,1960,6.273
Virgin Islands (U.S.),VIR,2025,
Virgin Islands (U.S.),VIR,2024,1.97
Virgin Islands (U.S.),VIR,2023,1.98
Virgin Islands (U.S.),VIR,2022,2.0
Virgin Islands (U.S.),VIR,2021,2.01
Virgin Islands (U.S.),VIR,2020,2.03
Virgin Islands (U.S.),VIR,2019,2.05
Virgin Islands (U.S.),VIR,2018,2.06
Virgin Islands (U.S.),VIR,2017,2.08
Virgin Islands (U.S.),VIR,2016,2.09
Virgin Islands (U.S.),VIR,2015,2.11
Virgin Islands (U.S.),VIR,2014,2.09
Virgin Islands (U.S.),VIR,2013,2.08
Virgin Islands (U.S.),VIR,2012,2.06
Virgin Islands (U.S.),VIR,2011,2.16
Virgin Islands (U.S.),VIR,2010,2.3
Virgin Islands (U.S.),VIR,2009,2.37
Virgin Islands (U.S.),VIR,2008,2.44
Virgin Islands (U.S.),VIR,2007,2.51
Virgin Islands (U.S.),VIR,2006,2.03
Virgin Islands (U.S.),VIR,2005,2.24
Virgin Islands (U.S.),VIR,2004,2.17
Virgin Islands (U.S.),VIR,2003,2.07
Virgin Islands (U.S.),VIR,2002,2.21
Virgin Islands (U.S.),VIR,2001,1.9
Virgin Islands (U.S.),VIR,2000,2.06
Virgin Islands (U.S.),VIR,1999,2.449
Virgin Islands (U.S.),VIR,1998,2.676
Virgin Islands (U.S.),VIR,1997,3.017
Virgin Islands (U.S.),VIR,1996,2.941
Virgin Islands (U.S.),VIR,1995,3.237
Virgin Islands (U.S.),VIR,1994,3.682
Virgin Islands (U.S.),VIR,1993,3.636
Virgin Islands (U.S.),VIR,1992,3.63
Virgin Islands (U.S.),VIR,1991,3.379
Virgin Islands (U.S.),VIR,1990,3.106
Virgin Islands (U.S.),VIR,1989,3.024
Virgin Islands (U.S.),VIR,1988,2.837
Virgin Islands (U.S.),VIR,1987,2.844
Virgin Islands (U.S.),VIR,1986,2.74
Virgin Islands (U.S.),VIR,1985,2.831
Virgin Islands (U.S.),VIR,1984,2.896
Virgin Islands (U.S.),VIR,1983,3.097
Virgin Islands (U.S.),VIR,1982,3.076
Virgin Islands (U.S.),VIR,1981,2.999
Virgin Islands (U.S.),VIR,1980,3.105
Virgin Islands (U.S.),VIR,1979,3.04
Virgin Islands (U.S.),VIR,1978,3.303
Virgin Islands (U.S.),VIR,1977,3.257
Virgin Islands (U.S.),VIR,1976,3.39
Virgin Islands (U.S.),VIR,1975,3.595
Virgin Islands (U.S.),VIR,1974,3.873
Virgin Islands (U.S.),VIR,1973,4.231
Virgin Islands (U.S.),VIR,1972,4.78
Virgin Islands (U.S.),VIR,1971,5.066
Virgin Islands (U.S.),VIR,1970,5.254
Virgin Islands (U.S.),VIR,1969,4.812
Virgin Islands (U.S.),VIR,1968,4.954
Virgin Islands (U.S.),VIR,1967,5.196
Virgin Islands (U.S.),VIR,1966,4.993
Virgin Islands (U.S.),VIR,1965,5.64
Virgin Islands (U.S.),VIR,1964,5.474
Virgin Islands (U.S.),VIR,1963,4.958
Virgin Islands (U.S.),VIR,1962,5.072
Virgin Islands (U.S.),VIR,1961,4.801
Virgin Islands (U.S.),VIR,1960,5.149
West Bank and Gaza,PSE,2025,
West Bank and Gaza,PSE,2024,3.25
West Bank and Gaza,PSE,2023,3.311
West Bank and Gaza,PSE,2022,3.375
West Bank and Gaza,PSE,2021,3.442
West Bank and Gaza,PSE,2020,3.511
West Bank and Gaza,PSE,2019,3.591
West Bank and Gaza,PSE,2018,3.674
West Bank and Gaza,PSE,2017,3.771
West Bank and Gaza,PSE,2016,3.887
West Bank and Gaza,PSE,2015,3.977
West Bank and Gaza,PSE,2014,3.995
West Bank and Gaza,PSE,2013,4.049
West Bank and Gaza,PSE,2012,4.154
West Bank and Gaza,PSE,2011,4.305
West Bank and Gaza,PSE,2010,4.434
West Bank and Gaza,PSE,2009,4.44
West Bank and Gaza,PSE,2008,4.509
West Bank and Gaza,PSE,2007,4.627
West Bank and Gaza,PSE,2006,4.739
West Bank and Gaza,PSE,2005,4.867
West Bank and Gaza,PSE,2004,4.971
West Bank and Gaza,PSE,2003,5.062
West Bank and Gaza,PSE,2002,5.216
West Bank and Gaza,PSE,2001,5.342
West Bank and Gaza,PSE,2000,5.457
West Bank and Gaza,PSE,1999,5.583
West Bank and Gaza,PSE,1998,5.693
West Bank and Gaza,PSE,1997,5.817
West Bank and Gaza,PSE,1996,5.988
West Bank and Gaza,PSE,1995,6.161
West Bank and Gaza,PSE,1994,6.334
West Bank and Gaza,PSE,1993,6.501
West Bank and Gaza,PSE,1992,6.65
West Bank and Gaza,PSE,1991,6.751
West Bank and Gaza,PSE,1990,6.809
West Bank and Gaza,PSE,1989,
West Bank and Gaza,PSE,1988,
West Bank and Gaza,PSE,1987,
West Bank and Gaza,PSE,1986,
West Bank and Gaza,PSE,1985,
West Bank and Gaza,PSE,1984,
West Bank and Gaza,PSE,1983,
West Bank and Gaza,PSE,1982,
West Bank and Gaza,PSE,1981,
West Bank and Gaza,PSE,1980,
West Bank and Gaza,PSE,1979,
West Bank and Gaza,PSE,1978,
West Bank and Gaza,PSE,1977,
West Bank and Gaza,PSE,1976,
West Bank and Gaza,PSE,1975,
West Bank and Gaza,PSE,1974,
West Bank and Gaza,PSE,1973,
West Bank and Gaza,PSE,1972,
West Bank and Gaza,PSE,1971,
West Bank and Gaza,PSE,1970,
West Bank and Gaza,PSE,1969,
West Bank and Gaza,PSE,1968,
West Bank and Gaza,PSE,1967,
West Bank and Gaza,PSE,1966,
West Bank and Gaza,PSE,1965,
West Bank and Gaza,PSE,1964,
West Bank and Gaza,PSE,1963,
West Bank and Gaza,PSE,1962,
West Bank and Gaza,PSE,1961,
West Bank and Gaza,PSE,1960,
"Yemen, Rep.",YEM,2025,
"Yemen, Rep.",YEM,2024,4.499
"Yemen, Rep.",YEM,2023,4.59
"Yemen, Rep.",YEM,2022,4.593
"Yemen, Rep.",YEM,2021,4.597
"Yemen, Rep.",YEM,2020,4.6
"Yemen, Rep.",YEM,2019,4.603
"Yemen, Rep.",YEM,2018,4.607
"Yemen, Rep.",YEM,2017,4.61
"Yemen, Rep.",YEM,2016,4.613
"Yemen, Rep.",YEM,2015,4.617
"Yemen, Rep.",YEM,2014,4.62
"Yemen, Rep.",YEM,2013,4.623
"Yemen, Rep.",YEM,2012,4.633
"Yemen, Rep.",YEM,2011,4.63
"Yemen, Rep.",YEM,2010,4.81
"Yemen, Rep.",YEM,2009,5.004
"Yemen, Rep.",YEM,2008,5.113
"Yemen, Rep.",YEM,2007,5.261
"Yemen, Rep.",YEM,2006,5.412
"Yemen, Rep.",YEM,2005,5.563
"Yemen, Rep.",YEM,2004,5.712
"Yemen, Rep.",YEM,2003,5.839
"Yemen, Rep.",YEM,2002,5.971
"Yemen, Rep.",YEM,2001,6.143
"Yemen, Rep.",YEM,2000,6.317
"Yemen, Rep.",YEM,1999,6.489
"Yemen, Rep.",YEM,1998,6.639
"Yemen, Rep.",YEM,1997,6.82
"Yemen, Rep.",YEM,1996,7.004
"Yemen, Rep.",YEM,1995,7.525
"Yemen, Rep.",YEM,1994,7.795
"Yemen, Rep.",YEM,1993,8.048
"Yemen, Rep.",YEM,1992,8.272
"Yemen, Rep.",YEM,1991,8.459
"Yemen, Rep.",YEM,1990,8.606
"Yemen, Rep.",YEM,1989,8.713
"Yemen, Rep.",YEM,1988,8.786
"Yemen, Rep.",YEM,1987,8.833
"Yemen, Rep.",YEM,1986,8.858
"Yemen, Rep.",YEM,1985,8.864
"Yemen, Rep.",YEM,1984,8.853
"Yemen, Rep.",YEM,1983,8.828
"Yemen, Rep.",YEM,1982,8.793
"Yemen, Rep.",YEM,1981,8.752
"Yemen, Rep.",YEM,1980,8.71
"Yemen, Rep.",YEM,1979,8.671
"Yemen, Rep.",YEM,1978,8.501
"Yemen, Rep.",YEM,1977,8.466
"Yemen, Rep.",YEM,1976,8.423
"Yemen, Rep.",YEM,1975,8.373
"Yemen, Rep.",YEM,1974,8.326
"Yemen, Rep.",YEM,1973,8.29
"Yemen, Rep.",YEM,1972,8.273
"Yemen, Rep.",YEM,1971,8.26
"Yemen, Rep.",YEM,1970,8.234
"Yemen, Rep.",YEM,1969,8.216
"Yemen, Rep.",YEM,1968,8.191
"Yemen, Rep.",YEM,1967,8.174
"Yemen, Rep.",YEM,1966,8.142
"Yemen, Rep.",YEM,1965,8.101
"Yemen, Rep.",YEM,1964,8.071
"Yemen, Rep.",YEM,1963,8.028
"Yemen, Rep.",YEM,1962,8.01
"Yemen, Rep.",YEM,1961,8.0
"Yemen, Rep.",YEM,1960,7.988
Zambia,ZMB,2025,
Zambia,ZMB,2024,4.036
Zambia,ZMB,2023,4.101
Zambia,ZMB,2022,4.175
Zambia,ZMB,2021,4.246
Zambia,ZMB,2020,4.323
Zambia,ZMB,2019,4.418
Zambia,ZMB,2018,4.492
Zambia,ZMB,2017,4.567
Zambia,ZMB,2016,4.669
Zambia,ZMB,2015,4.775
Zambia,ZMB,2014,4.89
Zambia,ZMB,2013,5.014
Zambia,ZMB,2012,5.136
Zambia,ZMB,2011,5.256
Zambia,ZMB,2010,5.359
Zambia,ZMB,2009,5.453
Zambia,ZMB,2008,5.53
Zambia,ZMB,2007,5.613
Zambia,ZMB,2006,5.679
Zambia,ZMB,2005,5.697
Zambia,ZMB,2004,5.698
Zambia,ZMB,2003,5.71
Zambia,ZMB,2002,5.774
Zambia,ZMB,2001,5.848
Zambia,ZMB,2000,5.921
Zambia,ZMB,1999,5.998
Zambia,ZMB,1998,6.067
Zambia,ZMB,1997,6.124
Zambia,ZMB,1996,6.182
Zambia,ZMB,1995,6.232
Zambia,ZMB,1994,6.26
Zambia,ZMB,1993,6.298
Zambia,ZMB,1992,6.349
Zambia,ZMB,1991,6.458
Zambia,ZMB,1990,6.567
Zambia,ZMB,1989,6.635
Zambia,ZMB,1988,6.703
Zambia,ZMB,1987,6.798
Zambia,ZMB,1986,6.868
Zambia,ZMB,1985,6.928
Zambia,ZMB,1984,6.974
Zambia,ZMB,1983,7.007
Zambia,ZMB,1982,7.039
Zambia,ZMB,1981,7.073
Zambia,ZMB,1980,7.139
Zambia,ZMB,1979,7.222
Zambia,ZMB,1978,7.294
Zambia,ZMB,1977,7.353
Zambia,ZMB,1976,7.388
Zambia,ZMB,1975,7.421
Zambia,ZMB,1974,7.364
Zambia,ZMB,1973,7.339
Zambia,ZMB,1972,7.3
Zambia,ZMB,1971,7.26
Zambia,ZMB,1970,7.224
Zambia,ZMB,1969,7.18
Zambia,ZMB,1968,7.18
Zambia,ZMB,1967,7.154
Zambia,ZMB,1966,7.138
Zambia,ZMB,1965,7.116
Zambia,ZMB,1964,7.085
Zambia,ZMB,1963,7.06
Zambia,ZMB,1962,7.012
Zambia,ZMB,1961,6.982
Zambia,ZMB,1960,6.947
Zimbabwe,ZWE,2025,
Zimbabwe,ZWE,2024,3.674
Zimbabwe,ZWE,2023,3.724
Zimbabwe,ZWE,2022,3.767
Zimbabwe,ZWE,2021,3.765
Zimbabwe,ZWE,2020,3.754
Zimbabwe,ZWE,2019,3.748
Zimbabwe,ZWE,2018,3.744
Zimbabwe,ZWE,2017,3.768
Zimbabwe,ZWE,2016,3.828
Zimbabwe,ZWE,2015,3.911
Zimbabwe,ZWE,2014,4.011
Zimbabwe,ZWE,2013,4.111
Zimbabwe,ZWE,2012,4.134
Zimbabwe,ZWE,2011,4.126
Zimbabwe,ZWE,2010,4.04
Zimbabwe,ZWE,2009,3.95
Zimbabwe,ZWE,2008,3.783
Zimbabwe,ZWE,2007,3.677
Zimbabwe,ZWE,2006,3.635
Zimbabwe,ZWE,2005,3.693
Zimbabwe,ZWE,2004,3.776
Zimbabwe,ZWE,2003,3.862
Zimbabwe,ZWE,2002,3.925
Zimbabwe,ZWE,2001,3.983
Zimbabwe,ZWE,2000,4.009
Zimbabwe,ZWE,1999,4.056
Zimbabwe,ZWE,1998,4.067
Zimbabwe,ZWE,1997,4.075
Zimbabwe,ZWE,1996,4.11
Zimbabwe,ZWE,1995,4.153
Zimbabwe,ZWE,1994,4.284
Zimbabwe,ZWE,1993,4.391
Zimbabwe,ZWE,1992,4.567
Zimbabwe,ZWE,1991,4.715
Zimbabwe,ZWE,1990,4.876
Zimbabwe,ZWE,1989,5.073
Zimbabwe,ZWE,1988,5.279
Zimbabwe,ZWE,1987,5.5
Zimbabwe,ZWE,1986,5.688
Zimbabwe,ZWE,1985,5.871
Zimbabwe,ZWE,1984,6.044
Zimbabwe,ZWE,1983,6.197
Zimbabwe,ZWE,1982,6.333
Zimbabwe,ZWE,1981,6.445
Zimbabwe,ZWE,1980,6.517
Zimbabwe,ZWE,1979,6.59
Zimbabwe,ZWE,1978,6.658
Zimbabwe,ZWE,1977,6.713
Zimbabwe,ZWE,1976,6.771
Zimbabwe,ZWE,1975,6.832
Zimbabwe,ZWE,1974,6.879
Zimbabwe,ZWE,1973,6.942
Zimbabwe,ZWE,1972,6.942
Zimbabwe,ZWE,1971,6.939
Zimbabwe,ZWE,1970,6.982
Zimbabwe,ZWE,1969,7.036
Zimbabwe,ZWE,1968,7.114
Zimbabwe,ZWE,1967,7.157
Zimbabwe,ZWE,1966,7.196
Zimbabwe,ZWE,1965,7.231
Zimbabwe,ZWE,1964,7.23
Zimbabwe,ZWE,1963,7.23
Zimbabwe,ZWE,1962,7.231
Zimbabwe,ZWE,1961,7.212
Zimbabwe,ZWE,1960,7.195
