country,country_code,year,gdp_per_capita
Afghanistan,AFG,2025,
Afghanistan,AFG,2024,
Afghanistan,AFG,2023,2201.72290691677
Afghanistan,AFG,2022,2122.99581512663
Afghanistan,AFG,2021,2144.16657002819
Afghanistan,AFG,2020,2561.98176058622
Afghanistan,AFG,2019,2583.48533239877
Afghanistan,AFG,2018,2432.27670083336
Afghanistan,AFG,2017,2335.79586234454
Afghanistan,AFG,2016,2213.1814410479
Afghanistan,AFG,2015,2284.07584789349
Afghanistan,AFG,2014,2224.49074815215
Afghanistan,AFG,2013,2133.24127098647
Afghanistan,AFG,2012,1988.42930381554
Afghanistan,AFG,2011,1744.06062321558
Afghanistan,AFG,2010,1765.53802830615
Afghanistan,AFG,2009,1570.69814517949
Afghanistan,AFG,2008,1333.74726661897
Afghanistan,AFG,2007,1286.94984312675
Afghanistan,AFG,2006,1121.83447077749
Afghanistan,AFG,2005,1076.08735260871
Afghanistan,AFG,2004,971.633503046666
Afghanistan,AFG,2003,966.962032055781
Afghanistan,AFG,2002,926.507941011646
Afghanistan,AFG,2001,747.688045492413
Afghanistan,AFG,2000,813.550255989624
Afghanistan,AFG,1999,
Afghanistan,AFG,1998,
Afghanistan,AFG,1997,
Afghanistan,AFG,1996,
Afghanistan,AFG,1995,
Afghanistan,AFG,1994,
Afghanistan,AFG,1993,
Afghanistan,AFG,1992,
Afghanistan,AFG,1991,
Afghanistan,AFG,1990,
Afghanistan,AFG,1989,
Afghanistan,AFG,1988,
Afghanistan,AFG,1987,
Afghanistan,AFG,1986,
Afghanistan,AFG,1985,
Afghanistan,AFG,1984,
Afghanistan,AFG,1983,
Afghanistan,AFG,1982,
Afghanistan,AFG,1981,
Afghanistan,AFG,1980,
Afghanistan,AFG,1979,
Afghanistan,AFG,1978,
Afghanistan,AFG,1977,
Afghanistan,AFG,1976,
Afghanistan,AFG,1975,
Afghanistan,AFG,1974,
Afghanistan,AFG,1973,
Afghanistan,AFG,1972,
Afghanistan,AFG,1971,
Afghanistan,AFG,1970,
Afghanistan,AFG,1969,
Afghanistan,AFG,1968,
Afghanistan,AFG,1967,
Afghanistan,AFG,1966,
Afghanistan,AFG,1965,
Afghanistan,AFG,1964,
Afghanistan,AFG,1963,
Afghanistan,AFG,1962,
Afghanistan,AFG,1961,
Afghanistan,AFG,1960,
Albania,ALB,2025,
Albania,ALB,2024,26701.6749563776
Albania,ALB,2023,24822.3543089995
Albania,ALB,2022,22138.4182857345
Albania,ALB,2021,18212.8702466686
Albania,ALB,2020,16287.6097663649
Albania,ALB,2019,16442.1259393239
Albania,ALB,2018,15055.2807998752
Albania,ALB,2017,14110.683242211
Albania,ALB,2016,13055.8417473139
Albania,ALB,2015,12386.592266883
Albania,ALB,2014,11787.8549638025
Albania,ALB,2013,10882.026128835
Albania,ALB,2012,10608.8448172721
Albania,ALB,2011,10273.4199783271
Albania,ALB,2010,9754.84278665039
Albania,ALB,2009,9030.60955535693
Albania,ALB,2008,8469.24537549543
Albania,ALB,2007,7584.68922249536
Albania,ALB,2006,6752.90148641683
Albania,ALB,2005,6014.31696992585
Albania,ALB,2004,5594.79162347874
Albania,ALB,2003,5169.18875806327
Albania,ALB,2002,4840.33200843758
Albania,ALB,2001,4450.51418504094
Albania,ALB,2000,3977.77186916171
Albania,ALB,1999,3549.2725597965
Albania,ALB,1998,3085.7858936517
Albania,ALB,1997,2760.06536374301
Albania,ALB,1996,3054.03520620926
Albania,ALB,1995,2776.82881449807
Albania,ALB,1994,2385.27957998377
Albania,ALB,1993,2143.17607432673
Albania,ALB,1992,1899.25886914895
Albania,ALB,1991,1988.64061135552
Albania,ALB,1990,2655.67313273989
Albania,ALB,1989,
Albania,ALB,1988,
Albania,ALB,1987,
Albania,ALB,1986,
Albania,ALB,1985,
Albania,ALB,1984,
Albania,ALB,1983,
Albania,ALB,1982,
Albania,ALB,1981,
Albania,ALB,1980,
Albania,ALB,1979,
Albania,ALB,1978,
Albania,ALB,1977,
Albania,ALB,1976,
Albania,ALB,1975,
Albania,ALB,1974,
Albania,ALB,1973,
Albania,ALB,1972,
Albania,ALB,1971,
Albania,ALB,1970,
Albania,ALB,1969,
Albania,ALB,1968,
Albania,ALB,1967,
Albania,ALB,1966,
Albania,ALB,1965,
Albania,ALB,1964,
Albania,ALB,1963,
Albania,ALB,1962,
Albania,ALB,1961,
Albania,ALB,1960,
Algeria,DZA,2025,
Algeria,DZA,2024,17620.7423956126
Algeria,DZA,2023,16824.4879034627
Algeria,DZA,2022,15836.0944370321
Algeria,DZA,2021,14496.8654697299
Algeria,DZA,2020,12676.5130564294
Algeria,DZA,2019,13892.5333446205
Algeria,DZA,2018,13727.1266357859
Algeria,DZA,2017,13493.560749484
Algeria,DZA,2016,13437.8460232169
Algeria,DZA,2015,13807.3515841478
Algeria,DZA,2014,14694.143827383
Algeria,DZA,2013,14370.820661674
Algeria,DZA,2012,14441.3293398806
Algeria,DZA,2011,14639.8779436268
Algeria,DZA,2010,14201.3659906969
Algeria,DZA,2009,13651.4472995041
Algeria,DZA,2008,13666.2181960534
Algeria,DZA,2007,13320.964120903
Algeria,DZA,2006,12791.3412605973
Algeria,DZA,2005,12246.2692243613
Algeria,DZA,2004,11431.6856715426
Algeria,DZA,2003,10802.7506703127
Algeria,DZA,2002,10080.182500398
Algeria,DZA,2001,9543.52035384959
Algeria,DZA,2000,9186.81590342899
Algeria,DZA,1999,8776.44209483463
Algeria,DZA,1998,8502.88835946396
Algeria,DZA,1997,8128.79891387939
Algeria,DZA,1996,8052.76856708202
Algeria,DZA,1995,7746.71683892991
Algeria,DZA,1994,7462.64758765405
Algeria,DZA,1993,7537.93868234349
Algeria,DZA,1992,7704.51644344568
Algeria,DZA,1991,7582.07194450945
Algeria,DZA,1990,7602.18725687265
Algeria,DZA,1989,
Algeria,DZA,1988,
Algeria,DZA,1987,
Algeria,DZA,1986,
Algeria,DZA,1985,
Algeria,DZA,1984,
Algeria,DZA,1983,
Algeria,DZA,1982,
Algeria,DZA,1981,
Algeria,DZA,1980,
Algeria,DZA,1979,
Algeria,DZA,1978,
Algeria,DZA,1977,
Algeria,DZA,1976,
Algeria,DZA,1975,
Algeria,DZA,1974,
Algeria,DZA,1973,
Algeria,DZA,1972,
Algeria,DZA,1971,
Algeria,DZA,1970,
Algeria,DZA,1969,
Algeria,DZA,1968,
Algeria,DZA,1967,
Algeria,DZA,1966,
Algeria,DZA,1965,
Algeria,DZA,1964,
Algeria,DZA,1963,
Algeria,DZA,1962,
Algeria,DZA,1961,
Algeria,DZA,1960,
American Samoa,ASM,2025,
American Samoa,ASM,2024,
American Samoa,ASM,2023,
American Samoa,ASM,2022,
American Samoa,ASM,2021,
American Samoa,ASM,2020,
American Samoa,ASM,2019,
American Samoa,ASM,2018,
American Samoa,ASM,2017,
American Samoa,ASM,2016,
American Samoa,ASM,2015,
American Samoa,ASM,2014,
American Samoa,ASM,2013,
American Samoa,ASM,2012,
American Samoa,ASM,2011,
American Samoa,ASM,2010,
American Samoa,ASM,2009,
American Samoa,ASM,2008,
American Samoa,ASM,2007,
American Samoa,ASM,2006,
American Samoa,ASM,2005,
American Samoa,ASM,2004,
American Samoa,ASM,2003,
American Samoa,ASM,2002,
American Samoa,ASM,2001,
American Samoa,ASM,2000,
American Samoa,ASM,1999,
American Samoa,ASM,1998,
American Samoa,ASM,1997,
American Samoa,ASM,1996,
American Samoa,ASM,1995,
American Samoa,ASM,1994,
American Samoa,ASM,1993,
American Samoa,ASM,1992,
American Samoa,ASM,1991,
American Samoa,ASM,1990,
American Samoa,ASM,1989,
American Samoa,ASM,1988,
American Samoa,ASM,1987,
American Samoa,ASM,1986,
American Samoa,ASM,1985,
American Samoa,ASM,1984,
American Samoa,ASM,1983,
American Samoa,ASM,1982,
American Samoa,ASM,1981,
American Samoa,ASM,1980,
American Samoa,ASM,1979,
American Samoa,ASM,1978,
American Samoa,ASM,1977,
American Samoa,ASM,1976,
American Samoa,ASM,1975,
American Samoa,ASM,1974,
American Samoa,ASM,1973,
American Samoa,ASM,1972,
American Samoa,ASM,1971,
American Samoa,ASM,1970,
American Samoa,ASM,1969,
American Samoa,ASM,1968,
American Samoa,ASM,1967,
American Samoa,ASM,1966,
American Samoa,ASM,1965,
American Samoa,ASM,1964,
American Samoa,ASM,1963,
American Samoa,ASM,1962,
American Samoa,ASM,1961,
American Samoa,ASM,1960,
Andorra,AND,2025,
Andorra,AND,2024,74939.4746038578
Andorra,AND,2023,71730.668682165
Andorra,AND,2022,68470.0759483848
Andorra,AND,2021,59332.2029100127
Andorra,AND,2020,52095.8414004627
Andorra,AND,2019,57475.0692842215
Andorra,AND,2018,55244.6554088177
Andorra,AND,2017,53084.8639640903
Andorra,AND,2016,53110.1426263211
Andorra,AND,2015,50733.2390011704
Andorra,AND,2014,48505.6017361608
Andorra,AND,2013,45609.2307224247
Andorra,AND,2012,45503.0444832658
Andorra,AND,2011,46436.1158596161
Andorra,AND,2010,43853.1712385354
Andorra,AND,2009,42522.9945639501
Andorra,AND,2008,44838.9949992176
Andorra,AND,2007,47501.4309292019
Andorra,AND,2006,46852.6583902384
Andorra,AND,2005,44577.8193343081
Andorra,AND,2004,42717.2377735456
Andorra,AND,2003,41147.8806955474
Andorra,AND,2002,38787.0522534918
Andorra,AND,2001,36895.4402454079
Andorra,AND,2000,33458.1181625074
Andorra,AND,1999,31589.958242948
Andorra,AND,1998,30072.7272723068
Andorra,AND,1997,29121.6037066069
Andorra,AND,1996,26541.5814456738
Andorra,AND,1995,24934.3827742245
Andorra,AND,1994,23509.4599838307
Andorra,AND,1993,22958.3257814685
Andorra,AND,1992,23816.8404713631
Andorra,AND,1991,24510.2460817667
Andorra,AND,1990,24908.8709437846
Andorra,AND,1989,
Andorra,AND,1988,
Andorra,AND,1987,
Andorra,AND,1986,
Andorra,AND,1985,
Andorra,AND,1984,
Andorra,AND,1983,
Andorra,AND,1982,
Andorra,AND,1981,
Andorra,AND,1980,
Andorra,AND,1979,
Andorra,AND,1978,
Andorra,AND,1977,
Andorra,AND,1976,
Andorra,AND,1975,
Andorra,AND,1974,
Andorra,AND,1973,
Andorra,AND,1972,
Andorra,AND,1971,
Andorra,AND,1970,
Andorra,AND,1969,
Andorra,AND,1968,
Andorra,AND,1967,
Andorra,AND,1966,
Andorra,AND,1965,
Andorra,AND,1964,
Andorra,AND,1963,
Andorra,AND,1962,
Andorra,AND,1961,
Andorra,AND,1960,
Angola,AGO,2025,
Angola,AGO,2024,10118.6089945408
Angola,AGO,2023,9753.60046763783
Angola,AGO,2022,9588.24129511188
Angola,AGO,2021,8862.28133314521
Angola,AGO,2020,7827.42804325818
Angola,AGO,2019,8572.87895610671
Angola,AGO,2018,8278.36886170469
Angola,AGO,2017,8006.83661497696
Angola,AGO,2016,7766.83787525546
Angola,AGO,2015,8067.48584683018
Angola,AGO,2014,9017.69018162269
Angola,AGO,2013,8504.09532072053
Angola,AGO,2012,8246.36081151609
Angola,AGO,2011,7537.59656403345
Angola,AGO,2010,7411.65460883624
Angola,AGO,2009,7227.56364237588
Angola,AGO,2008,7315.60233056666
Angola,AGO,2007,6727.96328856831
Angola,AGO,2006,6017.8181625251
Angola,AGO,2005,5415.61212018099
Angola,AGO,2004,4770.68802563462
Angola,AGO,2003,4322.19773214742
Angola,AGO,2002,4241.2915015658
Angola,AGO,2001,3801.63313374818
Angola,AGO,2000,3689.53780847244
Angola,AGO,1999,3618.77608190863
Angola,AGO,1998,3609.09297822035
Angola,AGO,1997,3525.08342955598
Angola,AGO,1996,3341.9118881012
Angola,AGO,1995,2989.761380067
Angola,AGO,1994,2632.88819939076
Angola,AGO,1993,2627.58810059137
Angola,AGO,1992,3486.20686711865
Angola,AGO,1991,3740.35083482761
Angola,AGO,1990,3704.86317724923
Angola,AGO,1989,
Angola,AGO,1988,
Angola,AGO,1987,
Angola,AGO,1986,
Angola,AGO,1985,
Angola,AGO,1984,
Angola,AGO,1983,
Angola,AGO,1982,
Angola,AGO,1981,
Angola,AGO,1980,
Angola,AGO,1979,
Angola,AGO,1978,
Angola,AGO,1977,
Angola,AGO,1976,
Angola,AGO,1975,
Angola,AGO,1974,
Angola,AGO,1973,
Angola,AGO,1972,
Angola,AGO,1971,
Angola,AGO,1970,
Angola,AGO,1969,
Angola,AGO,1968,
Angola,AGO,1967,
Angola,AGO,1966,
Angola,AGO,1965,
Angola,AGO,1964,
Angola,AGO,1963,
Angola,AGO,1962,
Angola,AGO,1961,
Angola,AGO,1960,
Antigua and Barbuda,ATG,2025,
Antigua and Barbuda,ATG,2024,33386.1917127894
Antigua and Barbuda,ATG,2023,31601.7527146877
Antigua and Barbuda,ATG,2022,29933.8893698902
Antigua and Barbuda,ATG,2021,25745.4958067746
Antigua and Barbuda,ATG,2020,22370.0918693813
Antigua and Barbuda,ATG,2019,26550.589844733
Antigua and Barbuda,ATG,2018,24524.2137953887
Antigua and Barbuda,ATG,2017,21422.0021576627
Antigua and Barbuda,ATG,2016,21320.4375067809
Antigua and Barbuda,ATG,2015,20985.4388292177
Antigua and Barbuda,ATG,2014,21671.4737856616
Antigua and Barbuda,ATG,2013,21760.5232864254
Antigua and Barbuda,ATG,2012,23011.7386611366
Antigua and Barbuda,ATG,2011,23804.0790107696
Antigua and Barbuda,ATG,2010,24071.0297956482
Antigua and Barbuda,ATG,2009,26156.9151715965
Antigua and Barbuda,ATG,2008,29978.2095861092
Antigua and Barbuda,ATG,2007,29850.5675734636
Antigua and Barbuda,ATG,2006,26949.4085821346
Antigua and Barbuda,ATG,2005,23484.8001051691
Antigua and Barbuda,ATG,2004,21628.6836541675
Antigua and Barbuda,ATG,2003,20127.345572169
Antigua and Barbuda,ATG,2002,18812.7827770729
Antigua and Barbuda,ATG,2001,18568.679914651
Antigua and Barbuda,ATG,2000,19318.8965779721
Antigua and Barbuda,ATG,1999,18088.3822356782
Antigua and Barbuda,ATG,1998,17496.1487515533
Antigua and Barbuda,ATG,1997,16836.0619448521
Antigua and Barbuda,ATG,1996,16016.9331941163
Antigua and Barbuda,ATG,1995,15062.3522451447
Antigua and Barbuda,ATG,1994,15736.1681149521
Antigua and Barbuda,ATG,1993,14719.5095217977
Antigua and Barbuda,ATG,1992,13908.4512651294
Antigua and Barbuda,ATG,1991,13658.4986142765
Antigua and Barbuda,ATG,1990,12996.0453528789
Antigua and Barbuda,ATG,1989,
Antigua and Barbuda,ATG,1988,
Antigua and Barbuda,ATG,1987,
Antigua and Barbuda,ATG,1986,
Antigua and Barbuda,ATG,1985,
Antigua and Barbuda,ATG,1984,
Antigua and Barbuda,ATG,1983,
Antigua and Barbuda,ATG,1982,
Antigua and Barbuda,ATG,1981,
Antigua and Barbuda,ATG,1980,
Antigua and Barbuda,ATG,1979,
Antigua and Barbuda,ATG,1978,
Antigua and Barbuda,ATG,1977,
Antigua and Barbuda,ATG,1976,
Antigua and Barbuda,ATG,1975,
Antigua and Barbuda,ATG,1974,
Antigua and Barbuda,ATG,1973,
Antigua and Barbuda,ATG,1972,
Antigua and Barbuda,ATG,1971,
Antigua and Barbuda,ATG,1970,
Antigua and Barbuda,ATG,1969,
Antigua and Barbuda,ATG,1968,
Antigua and Barbuda,ATG,1967,
Antigua and Barbuda,ATG,1966,
Antigua and Barbuda,ATG,1965,
Antigua and Barbuda,ATG,1964,
Antigua and Barbuda,ATG,1963,
Antigua and Barbuda,ATG,1962,
Antigua and Barbuda,ATG,1961,
Antigua and Barbuda,ATG,1960,
Argentina,ARG,2025,
Argentina,ARG,2024,30431.1931223693
Argentina,ARG,2023,30221.4976888753
Argentina,ARG,2022,29808.8073468007
Argentina,ARG,2021,26300.274261175
Argentina,ARG,2020,22393.3479575353
Argentina,ARG,2019,23516.8261980886
Argentina,ARG,2018,24410.3919063335
Argentina,ARG,2017,23385.0740904917
Argentina,ARG,2016,20105.761359796
Argentina,ARG,2015,19899.1499275245
Argentina,ARG,2014,19487.4181748868
Argentina,ARG,2013,19928.989490167
Argentina,ARG,2012,19430.4178068112
Argentina,ARG,2011,19104.9909405228
Argentina,ARG,2010,17847.6110373178
Argentina,ARG,2009,16182.0753477677
Argentina,ARG,2008,17276.7570886806
Argentina,ARG,2007,16455.1129801674
Argentina,ARG,2006,14843.5778659642
Argentina,ARG,2005,13464.8128470561
Argentina,ARG,2004,12117.6797423098
Argentina,ARG,2003,10933.3925491594
Argentina,ARG,2002,9953.46492880857
Argentina,ARG,2001,11117.754923787
Argentina,ARG,2000,11499.9828002518
Argentina,ARG,1999,11463.8533083263
Argentina,ARG,1998,11835.6769869109
Argentina,ARG,1997,11403.4807926041
Argentina,ARG,1996,10495.8392452531
Argentina,ARG,1995,9890.92470924836
Argentina,ARG,1994,10103.0297415979
Argentina,ARG,1993,9472.445099428
Argentina,ARG,1992,8667.85280386599
Argentina,ARG,1991,7960.97844018808
Argentina,ARG,1990,7158.30849157078
Argentina,ARG,1989,
Argentina,ARG,1988,
Argentina,ARG,1987,
Argentina,ARG,1986,
Argentina,ARG,1985,
Argentina,ARG,1984,
Argentina,ARG,1983,
Argentina,ARG,1982,
Argentina,ARG,1981,
Argentina,ARG,1980,
Argentina,ARG,1979,
Argentina,ARG,1978,
Argentina,ARG,1977,
Argentina,ARG,1976,
Argentina,ARG,1975,
Argentina,ARG,1974,
Argentina,ARG,1973,
Argentina,ARG,1972,
Argentina,ARG,1971,
Argentina,ARG,1970,
Argentina,ARG,1969,
Argentina,ARG,1968,
Argentina,ARG,1967,
Argentina,ARG,1966,
Argentina,ARG,1965,
Argentina,ARG,1964,
Argentina,ARG,1963,
Argentina,ARG,1962,
Argentina,ARG,1961,
Argentina,ARG,1960,
Armenia,ARM,2025,
Armenia,ARM,2024,22823.1795255693
Armenia,ARM,2023,21534.030536117
Armenia,ARM,2022,19161.3700514189
Armenia,ARM,2021,15921.705281964
Armenia,ARM,2020,14706.3173043422
Armenia,ARM,2019,14975.7539538157
Armenia,ARM,2018,12877.4937543553
Armenia,ARM,2017,12066.0043093819
Armenia,ARM,2016,10570.2720413936
Armenia,ARM,2015,9756.84084836026
Armenia,ARM,2014,9736.2349746279
Armenia,ARM,2013,9454.87852836557
Armenia,ARM,2012,8942.63537897164
Armenia,ARM,2011,7624.26772626905
Armenia,ARM,2010,7095.21267979009
Armenia,ARM,2009,6811.69247959581
Armenia,ARM,2008,7827.31666746494
Armenia,ARM,2007,7136.75405519953
Armenia,ARM,2006,6072.75924479855
Armenia,ARM,2005,5172.2189210295
Armenia,ARM,2004,4377.22759682551
Armenia,ARM,2003,3836.22556768673
Armenia,ARM,2002,3282.11706337369
Armenia,ARM,2001,2844.36266367009
Armenia,ARM,2000,2530.74394657194
Armenia,ARM,1999,2376.51916946578
Armenia,ARM,1998,2239.42758318044
Armenia,ARM,1997,2039.78832278035
Armenia,ARM,1996,1921.54998904796
Armenia,ARM,1995,1766.91014761234
Armenia,ARM,1994,1591.47883514103
Armenia,ARM,1993,1440.39367766113
Armenia,ARM,1992,1491.61267174295
Armenia,ARM,1991,2476.60309205127
Armenia,ARM,1990,2760.24950024614
Armenia,ARM,1989,
Armenia,ARM,1988,
Armenia,ARM,1987,
Armenia,ARM,1986,
Armenia,ARM,1985,
Armenia,ARM,1984,
Armenia,ARM,1983,
Armenia,ARM,1982,
Armenia,ARM,1981,
Armenia,ARM,1980,
Armenia,ARM,1979,
Armenia,ARM,1978,
Armenia,ARM,1977,
Armenia,ARM,1976,
Armenia,ARM,1975,
Armenia,ARM,1974,
Armenia,ARM,1973,
Armenia,ARM,1972,
Armenia,ARM,1971,
Armenia,ARM,1970,
Armenia,ARM,1969,
Armenia,ARM,1968,
Armenia,ARM,1967,
Armenia,ARM,1966,
Armenia,ARM,1965,
Armenia,ARM,1964,
Armenia,ARM,1963,
Armenia,ARM,1962,
Armenia,ARM,1961,
Armenia,ARM,1960,
Aruba,ABW,2025,
Aruba,ABW,2024,50649.3015232212
Aruba,ABW,2023,46574.3574197653
Aruba,ABW,2022,41758.8957566544
Aruba,ABW,2021,35104.7868035374
Aruba,ABW,2020,28854.5972997864
Aruba,ABW,2019,38543.9072936041
Aruba,ABW,2018,39287.0597126122
Aruba,ABW,2017,37524.9149203557
Aruba,ABW,2016,36117.5352619835
Aruba,ABW,2015,35972.8596619304
Aruba,ABW,2014,35657.287197053
Aruba,ABW,2013,35901.6459605583
Aruba,ABW,2012,34095.6471714416
Aruba,ABW,2011,35324.0720643325
Aruba,ABW,2010,33729.5119105028
Aruba,ABW,2009,34339.9391559529
Aruba,ABW,2008,38904.9992484644
Aruba,ABW,2007,37768.5660142352
Aruba,ABW,2006,35937.594655647
Aruba,ABW,2005,35098.7976691425
Aruba,ABW,2004,35059.2730975712
Aruba,ABW,2003,32507.0843148328
Aruba,ABW,2002,31888.5087369598
Aruba,ABW,2001,31920.2390732318
Aruba,ABW,2000,30245.7069739274
Aruba,ABW,1999,27765.6532576026
Aruba,ABW,1998,27412.7551930748
Aruba,ABW,1997,27240.8027892808
Aruba,ABW,1996,26004.4956276389
Aruba,ABW,1995,26254.7428037675
Aruba,ABW,1994,25791.0431790959
Aruba,ABW,1993,24575.6606596427
Aruba,ABW,1992,23889.0450178625
Aruba,ABW,1991,23099.940085342
Aruba,ABW,1990,21732.8583148108
Aruba,ABW,1989,
Aruba,ABW,1988,
Aruba,ABW,1987,
Aruba,ABW,1986,
Aruba,ABW,1985,
Aruba,ABW,1984,
Aruba,ABW,1983,
Aruba,ABW,1982,
Aruba,ABW,1981,
Aruba,ABW,1980,
Aruba,ABW,1979,
Aruba,ABW,1978,
Aruba,ABW,1977,
Aruba,ABW,1976,
Aruba,ABW,1975,
Aruba,ABW,1974,
Aruba,ABW,1973,
Aruba,ABW,1972,
Aruba,ABW,1971,
Aruba,ABW,1970,
Aruba,ABW,1969,
Aruba,ABW,1968,
Aruba,ABW,1967,
Aruba,ABW,1966,
Aruba,ABW,1965,
Aruba,ABW,1964,
Aruba,ABW,1963,
Aruba,ABW,1962,
Aruba,ABW,1961,
Aruba,ABW,1960,
Australia,AUS,2025,
Australia,AUS,2024,72111.1844628126
Australia,AUS,2023,72272.7092136683
Australia,AUS,2022,66103.1797066957
Australia,AUS,2021,58327.4146842325
Australia,AUS,2020,54184.1614486854
Australia,AUS,2019,52885.8313816377
Australia,AUS,2018,50371.233830782
Australia,AUS,2017,48564.8286592372
Australia,AUS,2016,47446.2103030951
Australia,AUS,2015,46464.5867627929
Australia,AUS,2014,47108.5906459966
Australia,AUS,2013,46123.4750962848
Australia,AUS,2012,43007.2697824131
Australia,AUS,2011,42152.816179831
Australia,AUS,2010,39504.361082784
Australia,AUS,2009,40434.4890899118
Australia,AUS,2008,37616.0112400482
Australia,AUS,2007,36708.1660067256
Australia,AUS,2006,34890.2248136693
Australia,AUS,2005,33089.7023501837
Australia,AUS,2004,31814.504982852
Australia,AUS,2003,30167.241365541
Australia,AUS,2002,29080.0439286946
Australia,AUS,2001,27687.7587444103
Australia,AUS,2000,26584.8191965725
Australia,AUS,1999,25530.8859233341
Australia,AUS,1998,24386.3255539195
Australia,AUS,1997,23141.8588888881
Australia,AUS,1996,22133.8442785709
Australia,AUS,1995,21049.6150181971
Australia,AUS,1994,20173.6335372371
Australia,AUS,1993,19220.342291254
Australia,AUS,1992,18258.7234358128
Australia,AUS,1991,17839.0574706042
Australia,AUS,1990,17385.4985419393
Australia,AUS,1989,
Australia,AUS,1988,
Australia,AUS,1987,
Australia,AUS,1986,
Australia,AUS,1985,
Australia,AUS,1984,
Australia,AUS,1983,
Australia,AUS,1982,
Australia,AUS,1981,
Australia,AUS,1980,
Australia,AUS,1979,
Australia,AUS,1978,
Australia,AUS,1977,
Australia,AUS,1976,
Australia,AUS,1975,
Australia,AUS,1974,
Australia,AUS,1973,
Australia,AUS,1972,
Australia,AUS,1971,
Australia,AUS,1970,
Australia,AUS,1969,
Australia,AUS,1968,
Australia,AUS,1967,
Australia,AUS,1966,
Australia,AUS,1965,
Australia,AUS,1964,
Australia,AUS,1963,
Australia,AUS,1962,
Australia,AUS,1961,
Australia,AUS,1960,
Austria,AUT,2025,
Austria,AUT,2024,73911.439663136
Austria,AUT,2023,73544.6567230487
Austria,AUT,2022,72065.4974270106
Austria,AUT,2021,62968.9422311892
Austria,AUT,2020,58523.0337816246
Austria,AUT,2019,60354.9279422121
Austria,AUT,2018,56636.4953030542
Austria,AUT,2017,53869.8321183556
Austria,AUT,2016,52397.8635176674
Austria,AUT,2015,49549.3162311441
Austria,AUT,2014,48355.4977624407
Austria,AUT,2013,47519.8522796571
Austria,AUT,2012,46156.4832073037
Austria,AUT,2011,44171.5618687028
Austria,AUT,2010,41735.4574798744
Austria,AUT,2009,40686.6736355681
Austria,AUT,2008,41046.7900352112
Austria,AUT,2007,39192.372452379
Austria,AUT,2006,37388.0795380765
Austria,AUT,2005,34776.6699535218
Austria,AUT,2004,33518.5160023521
Austria,AUT,2003,31958.8592412083
Austria,AUT,2002,30952.1708232398
Austria,AUT,2001,29553.2333509767
Austria,AUT,2000,29220.9853040358
Austria,AUT,1999,27500.084954534
Austria,AUT,1998,26530.9354041171
Austria,AUT,1997,25300.6439049694
Austria,AUT,1996,24426.7640962842
Austria,AUT,1995,23604.0281966141
Austria,AUT,1994,22553.0074289088
Austria,AUT,1993,21646.6833009529
Austria,AUT,1992,21208.8392210406
Austria,AUT,1991,20535.8247267043
Austria,AUT,1990,19395.859898704
Austria,AUT,1989,
Austria,AUT,1988,
Austria,AUT,1987,
Austria,AUT,1986,
Austria,AUT,1985,
Austria,AUT,1984,
Austria,AUT,1983,
Austria,AUT,1982,
Austria,AUT,1981,
Austria,AUT,1980,
Austria,AUT,1979,
Austria,AUT,1978,
Austria,AUT,1977,
Austria,AUT,1976,
Austria,AUT,1975,
Austria,AUT,1974,
Austria,AUT,1973,
Austria,AUT,1972,
Austria,AUT,1971,
Austria,AUT,1970,
Austria,AUT,1969,
Austria,AUT,1968,
Austria,AUT,1967,
Austria,AUT,1966,
Austria,AUT,1965,
Austria,AUT,1964,
Austria,AUT,1963,
Austria,AUT,1962,
Austria,AUT,1961,
Austria,AUT,1960,
Azerbaijan,AZE,2025,
Azerbaijan,AZE,2024,25088.9993757134
Azerbaijan,AZE,2023,23651.5994852756
Azerbaijan,AZE,2022,22552.0886560523
Azerbaijan,AZE,2021,20111.3756952109
Azerbaijan,AZE,2020,15163.5703327282
Azerbaijan,AZE,2019,16675.3179361558
Azerbaijan,AZE,2018,15282.9995232298
Azerbaijan,AZE,2017,14315.9296431061
Azerbaijan,AZE,2016,14535.8020210633
Azerbaijan,AZE,2015,15075.2726347911
Azerbaijan,AZE,2014,17563.6122454385
Azerbaijan,AZE,2013,17267.5118919538
Azerbaijan,AZE,2012,15994.1466501837
Azerbaijan,AZE,2011,14804.5744507911
Azerbaijan,AZE,2010,14930.4099928423
Azerbaijan,AZE,2009,14245.503536619
Azerbaijan,AZE,2008,13216.8434974432
Azerbaijan,AZE,2007,11973.9596323536
Azerbaijan,AZE,2006,9398.01324794263
Azerbaijan,AZE,2005,6854.93618778844
Azerbaijan,AZE,2004,5247.53834365156
Azerbaijan,AZE,2003,4718.42112339403
Azerbaijan,AZE,2002,4230.40590214072
Azerbaijan,AZE,2001,3834.89815906415
Azerbaijan,AZE,2000,3439.14442872326
Azerbaijan,AZE,1999,3051.94233354906
Azerbaijan,AZE,1998,2826.70693433931
Azerbaijan,AZE,1997,2565.40828177036
Azerbaijan,AZE,1996,2406.7723161914
Azerbaijan,AZE,1995,2356.89780147658
Azerbaijan,AZE,1994,2647.76538426156
Azerbaijan,AZE,1993,3272.23795027702
Azerbaijan,AZE,1992,4220.14637291832
Azerbaijan,AZE,1991,5412.09760190727
Azerbaijan,AZE,1990,5342.57081575693
Azerbaijan,AZE,1989,
Azerbaijan,AZE,1988,
Azerbaijan,AZE,1987,
Azerbaijan,AZE,1986,
Azerbaijan,AZE,1985,
Azerbaijan,AZE,1984,
Azerbaijan,AZE,1983,
Azerbaijan,AZE,1982,
Azerbaijan,AZE,1981,
Azerbaijan,AZE,1980,
Azerbaijan,AZE,1979,
Azerbaijan,AZE,1978,
Azerbaijan,AZE,1977,
Azerbaijan,AZE,1976,
Azerbaijan,AZE,1975,
Azerbaijan,AZE,1974,
Azerbaijan,AZE,1973,
Azerbaijan,AZE,1972,
Azerbaijan,AZE,1971,
Azerbaijan,AZE,1970,
Azerbaijan,AZE,1969,
Azerbaijan,AZE,1968,
Azerbaijan,AZE,1967,
Azerbaijan,AZE,1966,
Azerbaijan,AZE,1965,
Azerbaijan,AZE,1964,
Azerbaijan,AZE,1963,
Azerbaijan,AZE,1962,
Azerbaijan,AZE,1961,
Azerbaijan,AZE,1960,
"Bahamas, The",BHS,2025,
"Bahamas, The",BHS,2024,41197.9342548477
"Bahamas, The",BHS,2023,39090.1214737976
"Bahamas, The",BHS,2022,36791.4010460964
"Bahamas, The",BHS,2021,31064.6822166194
"Bahamas, The",BHS,2020,27204.625909518
"Bahamas, The",BHS,2019,36116.0002025353
"Bahamas, The",BHS,2018,35227.7619063243
"Bahamas, The",BHS,2017,34282.1710357791
"Bahamas, The",BHS,2016,32285.2760366069
"Bahamas, The",BHS,2015,32137.5784729905
"Bahamas, The",BHS,2014,31726.1740873862
"Bahamas, The",BHS,2013,30294.4768305201
"Bahamas, The",BHS,2012,31035.5500568874
"Bahamas, The",BHS,2011,30073.6769305961
"Bahamas, The",BHS,2010,29624.975385096
"Bahamas, The",BHS,2009,29196.6178474292
"Bahamas, The",BHS,2008,30678.6265531484
"Bahamas, The",BHS,2007,31232.1313724409
"Bahamas, The",BHS,2006,30401.5076891956
"Bahamas, The",BHS,2005,29142.9002176758
"Bahamas, The",BHS,2004,27659.5379539899
"Bahamas, The",BHS,2003,27030.8969356877
"Bahamas, The",BHS,2002,27171.3084133541
"Bahamas, The",BHS,2001,26351.0760257803
"Bahamas, The",BHS,2000,25421.6229400308
"Bahamas, The",BHS,1999,24183.5876637041
"Bahamas, The",BHS,1998,22555.7881905765
"Bahamas, The",BHS,1997,21606.2453220863
"Bahamas, The",BHS,1996,21287.3553874746
"Bahamas, The",BHS,1995,20377.3363160798
"Bahamas, The",BHS,1994,19440.9244516914
"Bahamas, The",BHS,1993,18780.8853879847
"Bahamas, The",BHS,1992,18635.9143047888
"Bahamas, The",BHS,1991,19296.1239133846
"Bahamas, The",BHS,1990,19817.3559352245
"Bahamas, The",BHS,1989,
"Bahamas, The",BHS,1988,
"Bahamas, The",BHS,1987,
"Bahamas, The",BHS,1986,
"Bahamas, The",BHS,1985,
"Bahamas, The",BHS,1984,
"Bahamas, The",BHS,1983,
"Bahamas, The",BHS,1982,
"Bahamas, The",BHS,1981,
"Bahamas, The",BHS,1980,
"Bahamas, The",BHS,1979,
"Bahamas, The",BHS,1978,
"Bahamas, The",BHS,1977,
"Bahamas, The",BHS,1976,
"Bahamas, The",BHS,1975,
"Bahamas, The",BHS,1974,
"Bahamas, The",BHS,1973,
"Bahamas, The",BHS,1972,
"Bahamas, The",BHS,1971,
"Bahamas, The",BHS,1970,
"Bahamas, The",BHS,1969,
"Bahamas, The",BHS,1968,
"Bahamas, The",BHS,1967,
"Bahamas, The",BHS,1966,
"Bahamas, The",BHS,1965,
"Bahamas, The",BHS,1964,
"Bahamas, The",BHS,1963,
"Bahamas, The",BHS,1962,
"Bahamas, The",BHS,1961,
"Bahamas, The",BHS,1960,
Bahrain,BHR,2025,
Bahrain,BHR,2024,66941.2430367989
Bahrain,BHR,2023,64171.0857359052
Bahrain,BHR,2022,61677.6538492695
Bahrain,BHR,2021,54954.6757895532
Bahrain,BHR,2020,53436.0316999712
Bahrain,BHR,2019,56599.5214364411
Bahrain,BHR,2018,51993.1307818652
Bahrain,BHR,2017,50184.5005767301
Bahrain,BHR,2016,47428.9018907649
Bahrain,BHR,2015,48034.2468880503
Bahrain,BHR,2014,54299.0564613228
Bahrain,BHR,2013,56310.3117458189
Bahrain,BHR,2012,56712.5692656153
Bahrain,BHR,2011,52677.4511190668
Bahrain,BHR,2010,49254.5770084238
Bahrain,BHR,2009,48625.6569231596
Bahrain,BHR,2008,50330.3248622522
Bahrain,BHR,2007,49347.494619615
Bahrain,BHR,2006,48009.4917421504
Bahrain,BHR,2005,47268.2721612188
Bahrain,BHR,2004,46317.0284804025
Bahrain,BHR,2003,45426.9345932944
Bahrain,BHR,2002,45091.4894218656
Bahrain,BHR,2001,46161.5758464288
Bahrain,BHR,2000,45687.5217405647
Bahrain,BHR,1999,43560.5377467354
Bahrain,BHR,1998,42281.2952059673
Bahrain,BHR,1997,40965.3457278065
Bahrain,BHR,1996,40105.8476952372
Bahrain,BHR,1995,38839.4365183712
Bahrain,BHR,1994,37579.1686459873
Bahrain,BHR,1993,37869.5046366226
Bahrain,BHR,1992,33648.226872634
Bahrain,BHR,1991,31657.3640438852
Bahrain,BHR,1990,26902.061145816
Bahrain,BHR,1989,
Bahrain,BHR,1988,
Bahrain,BHR,1987,
Bahrain,BHR,1986,
Bahrain,BHR,1985,
Bahrain,BHR,1984,
Bahrain,BHR,1983,
Bahrain,BHR,1982,
Bahrain,BHR,1981,
Bahrain,BHR,1980,
Bahrain,BHR,1979,
Bahrain,BHR,1978,
Bahrain,BHR,1977,
Bahrain,BHR,1976,
Bahrain,BHR,1975,
Bahrain,BHR,1974,
Bahrain,BHR,1973,
Bahrain,BHR,1972,
Bahrain,BHR,1971,
Bahrain,BHR,1970,
Bahrain,BHR,1969,
Bahrain,BHR,1968,
Bahrain,BHR,1967,
Bahrain,BHR,1966,
Bahrain,BHR,1965,
Bahrain,BHR,1964,
Bahrain,BHR,1963,
Bahrain,BHR,1962,
Bahrain,BHR,1961,
Bahrain,BHR,1960,
Bangladesh,BGD,2025,
Bangladesh,BGD,2024,9646.76984383255
Bangladesh,BGD,2023,9147.7775066555
Bangladesh,BGD,2022,8450.54902533941
Bangladesh,BGD,2021,7441.06913961254
Bangladesh,BGD,2020,6640.58437331062
Bangladesh,BGD,2019,6047.12401504125
Bangladesh,BGD,2018,5490.15881865179
Bangladesh,BGD,2017,4882.60692615639
Bangladesh,BGD,2016,4579.13228682862
Bangladesh,BGD,2015,4212.23578089428
Bangladesh,BGD,2014,3972.50647733491
Bangladesh,BGD,2013,3691.10431102117
Bangladesh,BGD,2012,3434.27815090447
Bangladesh,BGD,2011,3051.26983271811
Bangladesh,BGD,2010,2833.69544368864
Bangladesh,BGD,2009,2675.25945926785
Bangladesh,BGD,2008,2554.85788238719
Bangladesh,BGD,2007,2388.10025160357
Bangladesh,BGD,2006,2195.29485460994
Bangladesh,BGD,2005,2019.73839563431
Bangladesh,BGD,2004,1861.51256285455
Bangladesh,BGD,2003,1746.12725782298
Bangladesh,BGD,2002,1658.80230934569
Bangladesh,BGD,2001,1597.58740614435
Bangladesh,BGD,2000,1511.90500588844
Bangladesh,BGD,1999,1429.9864525185
Bangladesh,BGD,1998,1372.95383934707
Bangladesh,BGD,1997,1315.46923329136
Bangladesh,BGD,1996,1260.7548952152
Bangladesh,BGD,1995,1206.36646705186
Bangladesh,BGD,1994,1145.110166087
Bangladesh,BGD,1993,1099.38588803798
Bangladesh,BGD,1992,1044.89188613062
Bangladesh,BGD,1991,987.313199448192
Bangladesh,BGD,1990,940.65447083893
Bangladesh,BGD,1989,
Bangladesh,BGD,1988,
Bangladesh,BGD,1987,
Bangladesh,BGD,1986,
Bangladesh,BGD,1985,
Bangladesh,BGD,1984,
Bangladesh,BGD,1983,
Bangladesh,BGD,1982,
Bangladesh,BGD,1981,
Bangladesh,BGD,1980,
Bangladesh,BGD,1979,
Bangladesh,BGD,1978,
Bangladesh,BGD,1977,
Bangladesh,BGD,1976,
Bangladesh,BGD,1975,
Bangladesh,BGD,1974,
Bangladesh,BGD,1973,
Bangladesh,BGD,1972,
Bangladesh,BGD,1971,
Bangladesh,BGD,1970,
Bangladesh,BGD,1969,
Bangladesh,BGD,1968,
Bangladesh,BGD,1967,
Bangladesh,BGD,1966,
Bangladesh,BGD,1965,
Bangladesh,BGD,1964,
Bangladesh,BGD,1963,
Bangladesh,BGD,1962,
Bangladesh,BGD,1961,
Bangladesh,BGD,1960,
Barbados,BRB,2025,
Barbados,BRB,2024,24822.5343309908
Barbados,BRB,2023,23660.4047512929
Barbados,BRB,2022,22193.2487125789
Barbados,BRB,2021,17682.7314537483
Barbados,BRB,2020,16555.3622145235
Barbados,BRB,2019,19971.1185698717
Barbados,BRB,2018,19777.0593234662
Barbados,BRB,2017,18436.8050803186
Barbados,BRB,2016,19175.570190422
Barbados,BRB,2015,19185.5186407924
Barbados,BRB,2014,18594.9001828335
Barbados,BRB,2013,19032.4654071373
Barbados,BRB,2012,19605.0169248071
Barbados,BRB,2011,20316.2925356846
Barbados,BRB,2010,20032.5818570838
Barbados,BRB,2009,20323.6367022712
Barbados,BRB,2008,21375.9007659025
Barbados,BRB,2007,20949.3649138456
Barbados,BRB,2006,20076.4851303968
Barbados,BRB,2005,18449.8108853234
Barbados,BRB,2004,17298.8922582212
Barbados,BRB,2003,16706.5324853774
Barbados,BRB,2002,16133.0792881949
Barbados,BRB,2001,15865.5863558585
Barbados,BRB,2000,15914.0847570681
Barbados,BRB,1999,14873.2313078312
Barbados,BRB,1998,14621.2927777722
Barbados,BRB,1997,13941.4190805758
Barbados,BRB,1996,13090.2347268185
Barbados,BRB,1995,12374.8287852829
Barbados,BRB,1994,11900.4330678104
Barbados,BRB,1993,11447.9245708786
Barbados,BRB,1992,11127.2626146416
Barbados,BRB,1991,11575.7913022058
Barbados,BRB,1990,11687.1661453303
Barbados,BRB,1989,
Barbados,BRB,1988,
Barbados,BRB,1987,
Barbados,BRB,1986,
Barbados,BRB,1985,
Barbados,BRB,1984,
Barbados,BRB,1983,
Barbados,BRB,1982,
Barbados,BRB,1981,
Barbados,BRB,1980,
Barbados,BRB,1979,
Barbados,BRB,1978,
Barbados,BRB,1977,
Barbados,BRB,1976,
Barbados,BRB,1975,
Barbados,BRB,1974,
Barbados,BRB,1973,
Barbados,BRB,1972,
Barbados,BRB,1971,
Barbados,BRB,1970,
Barbados,BRB,1969,
Barbados,BRB,1968,
Barbados,BRB,1967,
Barbados,BRB,1966,
Barbados,BRB,1965,
Barbados,BRB,1964,
Barbados,BRB,1963,
Barbados,BRB,1962,
Barbados,BRB,1961,
Barbados,BRB,1960,
Belarus,BLR,2025,
Belarus,BLR,2024,33010.3307605357
Belarus,BLR,2023,30834.1773668111
Belarus,BLR,2022,28429.4948821827
Belarus,BLR,2021,27611.1801135157
Belarus,BLR,2020,24872.3066744528
Belarus,BLR,2019,22301.5932411839
Belarus,BLR,2018,20025.9815543598
Belarus,BLR,2017,18413.747563367
Belarus,BLR,2016,17832.4778855815
Belarus,BLR,2015,18133.5313085883
Belarus,BLR,2014,19037.8847440186
Belarus,BLR,2013,19014.0529737698
Belarus,BLR,2012,18114.7508606708
Belarus,BLR,2011,16563.2014078209
Belarus,BLR,2010,15339.0999035972
Belarus,BLR,2009,14034.1911204499
Belarus,BLR,2008,13886.1314072566
Belarus,BLR,2007,12320.0240264282
Belarus,BLR,2006,10994.5981291041
Belarus,BLR,2005,9636.89112385763
Belarus,BLR,2004,8482.92020698503
Belarus,BLR,2003,7361.72161071026
Belarus,BLR,2002,6697.15436193606
Belarus,BLR,2001,6238.09862372757
Belarus,BLR,2000,5795.65223573862
Belarus,BLR,1999,5331.41743570722
Belarus,BLR,1998,5061.33499075145
Belarus,BLR,1997,4596.48615921538
Belarus,BLR,1996,4039.34042566187
Belarus,BLR,1995,3845.7068203495
Belarus,BLR,1994,4190.32389049471
Belarus,BLR,1993,4640.85663758565
Belarus,BLR,1992,4917.1211564349
Belarus,BLR,1991,5329.79780911608
Belarus,BLR,1990,5220.47473044041
Belarus,BLR,1989,
Belarus,BLR,1988,
Belarus,BLR,1987,
Belarus,BLR,1986,
Belarus,BLR,1985,
Belarus,BLR,1984,
Belarus,BLR,1983,
Belarus,BLR,1982,
Belarus,BLR,1981,
Belarus,BLR,1980,
Belarus,BLR,1979,
Belarus,BLR,1978,
Belarus,BLR,1977,
Belarus,BLR,1976,
Belarus,BLR,1975,
Belarus,BLR,1974,
Belarus,BLR,1973,
Belarus,BLR,1972,
Belarus,BLR,1971,
Belarus,BLR,1970,
Belarus,BLR,1969,
Belarus,BLR,1968,
Belarus,BLR,1967,
Belarus,BLR,1966,
Belarus,BLR,1965,
Belarus,BLR,1964,
Belarus,BLR,1963,
Belarus,BLR,1962,
Belarus,BLR,1961,
Belarus,BLR,1960,
Belgium,BEL,2025,
Belgium,BEL,2024,73514.4831045258
Belgium,BEL,2023,71946.1447190292
Belgium,BEL,2022,69128.1388883843
Belgium,BEL,2021,60669.2137746531
Belgium,BEL,2020,56120.0958420466
Belgium,BEL,2019,56712.469571978
Belgium,BEL,2018,52466.7330784599
Belgium,BEL,2017,50256.0631772784
Belgium,BEL,2016,48414.5518065681
Belgium,BEL,2015,46071.914889496
Belgium,BEL,2014,45147.6429534057
Belgium,BEL,2013,43864.1204196838
Belgium,BEL,2012,42483.5250666788
Belgium,BEL,2011,41244.8495035213
Belgium,BEL,2010,39839.9772772918
Belgium,BEL,2009,37905.658312629
Belgium,BEL,2008,37883.3319417819
Belgium,BEL,2007,36798.1918857259
Belgium,BEL,2006,35251.4450697593
Belgium,BEL,2005,33177.8909458158
Belgium,BEL,2004,32059.6878637798
Belgium,BEL,2003,30930.6283334744
Belgium,BEL,2002,30282.2886450283
Belgium,BEL,2001,28793.5142643594
Belgium,BEL,2000,27794.0511630862
Belgium,BEL,1999,25440.8411888638
Belgium,BEL,1998,24370.3723671522
Belgium,BEL,1997,23733.4493485094
Belgium,BEL,1996,22745.2145866007
Belgium,BEL,1995,22446.2748072391
Belgium,BEL,1994,21518.2541385756
Belgium,BEL,1993,20472.777919689
Belgium,BEL,1992,20272.01785535
Belgium,BEL,1991,19600.8963598198
Belgium,BEL,1990,18687.7257960975
Belgium,BEL,1989,
Belgium,BEL,1988,
Belgium,BEL,1987,
Belgium,BEL,1986,
Belgium,BEL,1985,
Belgium,BEL,1984,
Belgium,BEL,1983,
Belgium,BEL,1982,
Belgium,BEL,1981,
Belgium,BEL,1980,
Belgium,BEL,1979,
Belgium,BEL,1978,
Belgium,BEL,1977,
Belgium,BEL,1976,
Belgium,BEL,1975,
Belgium,BEL,1974,
Belgium,BEL,1973,
Belgium,BEL,1972,
Belgium,BEL,1971,
Belgium,BEL,1970,
Belgium,BEL,1969,
Belgium,BEL,1968,
Belgium,BEL,1967,
Belgium,BEL,1966,
Belgium,BEL,1965,
Belgium,BEL,1964,
Belgium,BEL,1963,
Belgium,BEL,1962,
Belgium,BEL,1961,
Belgium,BEL,1960,
Belize,BLZ,2025,
Belize,BLZ,2024,14346.5188049737
Belize,BLZ,2023,13729.892058721
Belize,BLZ,2022,13461.2098451613
Belize,BLZ,2021,11716.3267818656
Belize,BLZ,2020,9638.89513695889
Belize,BLZ,2019,10499.962073199
Belize,BLZ,2018,9497.23480443418
Belize,BLZ,2017,9120.65338346029
Belize,BLZ,2016,9399.03567052789
Belize,BLZ,2015,9538.38691146009
Belize,BLZ,2014,9489.91221371385
Belize,BLZ,2013,9525.83089030578
Belize,BLZ,2012,9303.37857455225
Belize,BLZ,2011,9721.88084559988
Belize,BLZ,2010,9747.8256219459
Belize,BLZ,2009,9727.98868509362
Belize,BLZ,2008,9975.08124355363
Belize,BLZ,2007,10225.986730898
Belize,BLZ,2006,9909.68014440777
Belize,BLZ,2005,9466.1427445401
Belize,BLZ,2004,9244.91166156485
Belize,BLZ,2003,8849.64628939549
Belize,BLZ,2002,8153.66392623285
Belize,BLZ,2001,7851.62162856677
Belize,BLZ,2000,7543.73447178525
Belize,BLZ,1999,6790.43061599009
Belize,BLZ,1998,6333.37021359852
Belize,BLZ,1997,6242.51698431038
Belize,BLZ,1996,6087.14883018667
Belize,BLZ,1995,6090.87963612643
Belize,BLZ,1994,6072.66003740283
Belize,BLZ,1993,6074.89478682658
Belize,BLZ,1992,5705.79064932343
Belize,BLZ,1991,5052.73723386738
Belize,BLZ,1990,4467.10939538921
Belize,BLZ,1989,
Belize,BLZ,1988,
Belize,BLZ,1987,
Belize,BLZ,1986,
Belize,BLZ,1985,
Belize,BLZ,1984,
Belize,BLZ,1983,
Belize,BLZ,1982,
Belize,BLZ,1981,
Belize,BLZ,1980,
Belize,BLZ,1979,
Belize,BLZ,1978,
Belize,BLZ,1977,
Belize,BLZ,1976,
Belize,BLZ,1975,
Belize,BLZ,1974,
Belize,BLZ,1973,
Belize,BLZ,1972,
Belize,BLZ,1971,
Belize,BLZ,1970,
Belize,BLZ,1969,
Belize,BLZ,1968,
Belize,BLZ,1967,
Belize,BLZ,1966,
Belize,BLZ,1965,
Belize,BLZ,1964,
Belize,BLZ,1963,
Belize,BLZ,1962,
Belize,BLZ,1961,
Belize,BLZ,1960,
Benin,BEN,2025,
Benin,BEN,2024,4434.5642184028
Benin,BEN,2023,4129.9661200142
Benin,BEN,2022,3844.15415745816
Benin,BEN,2021,3464.2886286745
Benin,BEN,2020,3244.58772756805
Benin,BEN,2019,3148.97969597838
Benin,BEN,2018,2965.30628143664
Benin,BEN,2017,2885.89383987721
Benin,BEN,2016,2842.0246258376
Benin,BEN,2015,2725.33724817144
Benin,BEN,2014,2670.41561399187
Benin,BEN,2013,2511.65309588333
Benin,BEN,2012,2346.08416204547
Benin,BEN,2011,2264.84186926384
Benin,BEN,2010,2220.32854611489
Benin,BEN,2009,2213.32895620809
Benin,BEN,2008,2215.35163859542
Benin,BEN,2007,2135.53787873721
Benin,BEN,2006,2020.60567734722
Benin,BEN,2005,1945.56414052296
Benin,BEN,2004,1915.34644346381
Benin,BEN,2003,1841.60297283874
Benin,BEN,2002,1799.88269639499
Benin,BEN,2001,1745.98256227696
Benin,BEN,2000,1671.35725172854
Benin,BEN,1999,1592.13782139447
Benin,BEN,1998,1537.14382552758
Benin,BEN,1997,1507.92415400422
Benin,BEN,1996,1443.96771280369
Benin,BEN,1995,1395.26644444059
Benin,BEN,1994,1316.24432539105
Benin,BEN,1993,1311.34449338815
Benin,BEN,1992,1265.25241875078
Benin,BEN,1991,1239.22499734744
Benin,BEN,1990,1186.11606902616
Benin,BEN,1989,
Benin,BEN,1988,
Benin,BEN,1987,
Benin,BEN,1986,
Benin,BEN,1985,
Benin,BEN,1984,
Benin,BEN,1983,
Benin,BEN,1982,
Benin,BEN,1981,
Benin,BEN,1980,
Benin,BEN,1979,
Benin,BEN,1978,
Benin,BEN,1977,
Benin,BEN,1976,
Benin,BEN,1975,
Benin,BEN,1974,
Benin,BEN,1973,
Benin,BEN,1972,
Benin,BEN,1971,
Benin,BEN,1970,
Benin,BEN,1969,
Benin,BEN,1968,
Benin,BEN,1967,
Benin,BEN,1966,
Benin,BEN,1965,
Benin,BEN,1964,
Benin,BEN,1963,
Benin,BEN,1962,
Benin,BEN,1961,
Benin,BEN,1960,
Bermuda,BMU,2025,
Bermuda,BMU,2024,124252.835702586
Bermuda,BMU,2023,114372.049927372
Bermuda,BMU,2022,105142.409967183
Bermuda,BMU,2021,92319.6714861219
Bermuda,BMU,2020,85146.4006275696
Bermuda,BMU,2019,90984.4576708318
Bermuda,BMU,2018,85978.2177227009
Bermuda,BMU,2017,85680.9701917217
Bermuda,BMU,2016,80412.1834895484
Bermuda,BMU,2015,75943.4642970922
Bermuda,BMU,2014,71988.5383627822
Bermuda,BMU,2013,71519.6398526584
Bermuda,BMU,2012,69149.0500342682
Bermuda,BMU,2011,70911.542318725
Bermuda,BMU,2010,72188.6928304585
Bermuda,BMU,2009,73336.9875151545
Bermuda,BMU,2008,77556.4350038925
Bermuda,BMU,2007,77894.0646213844
Bermuda,BMU,2006,73590.1160702265
Bermuda,BMU,2005,67771.4683756141
Bermuda,BMU,2004,64790.2739198061
Bermuda,BMU,2003,61829.3240116897
Bermuda,BMU,2002,58862.6907986795
Bermuda,BMU,2001,59092.8759704678
Bermuda,BMU,2000,54176.377748356
Bermuda,BMU,1999,48798.9050127885
Bermuda,BMU,1998,46915.8458365428
Bermuda,BMU,1997,44995.7854570556
Bermuda,BMU,1996,42545.1202187236
Bermuda,BMU,1995,40917.6104146492
Bermuda,BMU,1994,38603.8538837736
Bermuda,BMU,1993,37812.9984919051
Bermuda,BMU,1992,36109.732857216
Bermuda,BMU,1991,35583.9918588002
Bermuda,BMU,1990,35944.5383502772
Bermuda,BMU,1989,
Bermuda,BMU,1988,
Bermuda,BMU,1987,
Bermuda,BMU,1986,
Bermuda,BMU,1985,
Bermuda,BMU,1984,
Bermuda,BMU,1983,
Bermuda,BMU,1982,
Bermuda,BMU,1981,
Bermuda,BMU,1980,
Bermuda,BMU,1979,
Bermuda,BMU,1978,
Bermuda,BMU,1977,
Bermuda,BMU,1976,
Bermuda,BMU,1975,
Bermuda,BMU,1974,
Bermuda,BMU,1973,
Bermuda,BMU,1972,
Bermuda,BMU,1971,
Bermuda,BMU,1970,
Bermuda,BMU,1969,
Bermuda,BMU,1968,
Bermuda,BMU,1967,
Bermuda,BMU,1966,
Bermuda,BMU,1965,
Bermuda,BMU,1964,
Bermuda,BMU,1963,
Bermuda,BMU,1962,
Bermuda,BMU,1961,
Bermuda,BMU,1960,
Bhutan,BTN,2025,
Bhutan,BTN,2024,
Bhutan,BTN,2023,16215.1520073153
Bhutan,BTN,2022,15063.8105763072
Bhutan,BTN,2021,13458.812666743
Bhutan,BTN,2020,12475.048003428
Bhutan,BTN,2019,12909.1009840399
Bhutan,BTN,2018,11969.5615003305
Bhutan,BTN,2017,11677.4142659974
Bhutan,BTN,2016,11273.2823807676
Bhutan,BTN,2015,10213.8139608922
Bhutan,BTN,2014,9323.39448941386
Bhutan,BTN,2013,8666.91063590069
Bhutan,BTN,2012,8577.40731901004
Bhutan,BTN,2011,7935.46760973088
Bhutan,BTN,2010,7245.77263522404
Bhutan,BTN,2009,6466.0974491583
Bhutan,BTN,2008,6035.21741147854
Bhutan,BTN,2007,5728.91569471022
Bhutan,BTN,2006,4860.27017151102
Bhutan,BTN,2005,4523.35970644529
Bhutan,BTN,2004,4172.78217119849
Bhutan,BTN,2003,3942.28144580049
Bhutan,BTN,2002,3662.80907177599
Bhutan,BTN,2001,3338.49246893448
Bhutan,BTN,2000,3113.045439264
Bhutan,BTN,1999,3017.48876253666
Bhutan,BTN,1998,2818.99572527438
Bhutan,BTN,1997,2682.5947815051
Bhutan,BTN,1996,2547.83812203065
Bhutan,BTN,1995,2373.56846713951
Bhutan,BTN,1994,2145.74566746001
Bhutan,BTN,1993,2001.13467169641
Bhutan,BTN,1992,1840.09034775722
Bhutan,BTN,1991,1656.84173576743
Bhutan,BTN,1990,1637.87181211026
Bhutan,BTN,1989,
Bhutan,BTN,1988,
Bhutan,BTN,1987,
Bhutan,BTN,1986,
Bhutan,BTN,1985,
Bhutan,BTN,1984,
Bhutan,BTN,1983,
Bhutan,BTN,1982,
Bhutan,BTN,1981,
Bhutan,BTN,1980,
Bhutan,BTN,1979,
Bhutan,BTN,1978,
Bhutan,BTN,1977,
Bhutan,BTN,1976,
Bhutan,BTN,1975,
Bhutan,BTN,1974,
Bhutan,BTN,1973,
Bhutan,BTN,1972,
Bhutan,BTN,1971,
Bhutan,BTN,1970,
Bhutan,BTN,1969,
Bhutan,BTN,1968,
Bhutan,BTN,1967,
Bhutan,BTN,1966,
Bhutan,BTN,1965,
Bhutan,BTN,1964,
Bhutan,BTN,1963,
Bhutan,BTN,1962,
Bhutan,BTN,1961,
Bhutan,BTN,1960,
Bolivia,BOL,2025,
Bolivia,BOL,2024,12877.6351184372
Bolivia,BOL,2023,12892.1249578777
Bolivia,BOL,2022,12306.7293128695
Bolivia,BOL,2021,11202.4409836707
Bolivia,BOL,2020,9580.98962081658
Bolivia,BOL,2019,11005.3541169156
Bolivia,BOL,2018,10758.4075594003
Bolivia,BOL,2017,10420.3923250933
Bolivia,BOL,2016,9242.02728323599
Bolivia,BOL,2015,8757.31777115406
Bolivia,BOL,2014,8628.94266128598
Bolivia,BOL,2013,8068.72017230776
Bolivia,BOL,2012,7183.82602452107
Bolivia,BOL,2011,6597.96217604867
Bolivia,BOL,2010,6245.33863197671
Bolivia,BOL,2009,6024.05947397942
Bolivia,BOL,2008,5889.94339081976
Bolivia,BOL,2007,5536.56815653658
Bolivia,BOL,2006,5244.16021230209
Bolivia,BOL,2005,4937.86997682486
Bolivia,BOL,2004,4662.97077714293
Bolivia,BOL,2003,4432.92085269619
Bolivia,BOL,2002,4303.83514661302
Bolivia,BOL,2001,4204.93622748505
Bolivia,BOL,2000,4113.04245150496
Bolivia,BOL,1999,3991.49666336341
Bolivia,BOL,1998,3988.09230594345
Bolivia,BOL,1997,3821.80736532305
Bolivia,BOL,1996,3644.90018385362
Bolivia,BOL,1995,3493.83709216274
Bolivia,BOL,1994,3331.48694317208
Bolivia,BOL,1993,3177.29640267852
Bolivia,BOL,1992,3036.28011808239
Bolivia,BOL,1991,2980.73517857457
Bolivia,BOL,1990,2796.6582759069
Bolivia,BOL,1989,
Bolivia,BOL,1988,
Bolivia,BOL,1987,
Bolivia,BOL,1986,
Bolivia,BOL,1985,
Bolivia,BOL,1984,
Bolivia,BOL,1983,
Bolivia,BOL,1982,
Bolivia,BOL,1981,
Bolivia,BOL,1980,
Bolivia,BOL,1979,
Bolivia,BOL,1978,
Bolivia,BOL,1977,
Bolivia,BOL,1976,
Bolivia,BOL,1975,
Bolivia,BOL,1974,
Bolivia,BOL,1973,
Bolivia,BOL,1972,
Bolivia,BOL,1971,
Bolivia,BOL,1970,
Bolivia,BOL,1969,
Bolivia,BOL,1968,
Bolivia,BOL,1967,
Bolivia,BOL,1966,
Bolivia,BOL,1965,
Bolivia,BOL,1964,
Bolivia,BOL,1963,
Bolivia,BOL,1962,
Bolivia,BOL,1961,
Bolivia,BOL,1960,
Bosnia and Herzegovina,BIH,2025,
Bosnia and Herzegovina,BIH,2024,25043.0886396127
Bosnia and Herzegovina,BIH,2023,23376.2227477141
Bosnia and Herzegovina,BIH,2022,21651.2952374862
Bosnia and Herzegovina,BIH,2021,18286.7373324233
Bosnia and Herzegovina,BIH,2020,16369.9353197836
Bosnia and Herzegovina,BIH,2019,16428.8136580107
Bosnia and Herzegovina,BIH,2018,14858.5590469909
Bosnia and Herzegovina,BIH,2017,13627.0944831749
Bosnia and Herzegovina,BIH,2016,12899.3962262974
Bosnia and Herzegovina,BIH,2015,11845.4522958172
Bosnia and Herzegovina,BIH,2014,11167.8379494776
Bosnia and Herzegovina,BIH,2013,10808.2715682853
Bosnia and Herzegovina,BIH,2012,10121.1905288877
Bosnia and Herzegovina,BIH,2011,9761.47624447272
Bosnia and Herzegovina,BIH,2010,9085.74294205836
Bosnia and Herzegovina,BIH,2009,8698.13506849581
Bosnia and Herzegovina,BIH,2008,8586.76034539604
Bosnia and Herzegovina,BIH,2007,7686.12870574572
Bosnia and Herzegovina,BIH,2006,6869.02619326211
Bosnia and Herzegovina,BIH,2005,5955.82944980971
Bosnia and Herzegovina,BIH,2004,5407.42779562896
Bosnia and Herzegovina,BIH,2003,4917.24213532278
Bosnia and Herzegovina,BIH,2002,4664.66989005718
Bosnia and Herzegovina,BIH,2001,4306.65243238352
Bosnia and Herzegovina,BIH,2000,4147.92009953318
Bosnia and Herzegovina,BIH,1999,3875.16532543495
Bosnia and Herzegovina,BIH,1998,3523.83173134224
Bosnia and Herzegovina,BIH,1997,3041.04198401472
Bosnia and Herzegovina,BIH,1996,2268.56289865693
Bosnia and Herzegovina,BIH,1995,1506.82892477444
Bosnia and Herzegovina,BIH,1994,1269.2975304953
Bosnia and Herzegovina,BIH,1993,1066.98886426775
Bosnia and Herzegovina,BIH,1992,982.456940301934
Bosnia and Herzegovina,BIH,1991,975.132564102039
Bosnia and Herzegovina,BIH,1990,1042.76704125702
Bosnia and Herzegovina,BIH,1989,
Bosnia and Herzegovina,BIH,1988,
Bosnia and Herzegovina,BIH,1987,
Bosnia and Herzegovina,BIH,1986,
Bosnia and Herzegovina,BIH,1985,
Bosnia and Herzegovina,BIH,1984,
Bosnia and Herzegovina,BIH,1983,
Bosnia and Herzegovina,BIH,1982,
Bosnia and Herzegovina,BIH,1981,
Bosnia and Herzegovina,BIH,1980,
Bosnia and Herzegovina,BIH,1979,
Bosnia and Herzegovina,BIH,1978,
Bosnia and Herzegovina,BIH,1977,
Bosnia and Herzegovina,BIH,1976,
Bosnia and Herzegovina,BIH,1975,
Bosnia and Herzegovina,BIH,1974,
Bosnia and Herzegovina,BIH,1973,
Bosnia and Herzegovina,BIH,1972,
Bosnia and Herzegovina,BIH,1971,
Bosnia and Herzegovina,BIH,1970,
Bosnia and Herzegovina,BIH,1969,
Bosnia and Herzegovina,BIH,1968,
Bosnia and Herzegovina,BIH,1967,
Bosnia and Herzegovina,BIH,1966,
Bosnia and Herzegovina,BIH,1965,
Bosnia and Herzegovina,BIH,1964,
Bosnia and Herzegovina,BIH,1963,
Bosnia and Herzegovina,BIH,1962,
Bosnia and Herzegovina,BIH,1961,
Bosnia and Herzegovina,BIH,1960,
Botswana,BWA,2025,
Botswana,BWA,2024,20538.1320178889
Botswana,BWA,2023,21012.10319925
Botswana,BWA,2022,19976.8343794474
Botswana,BWA,2021,17960.6254447437
Botswana,BWA,2020,15292.2624673252
Botswana,BWA,2019,15960.0156143903
Botswana,BWA,2018,15785.819633781
Botswana,BWA,2017,15700.6650479641
Botswana,BWA,2016,16228.1231235664
Botswana,BWA,2015,14143.6940733728
Botswana,BWA,2014,15003.3197518349
Botswana,BWA,2013,13621.1494726695
Botswana,BWA,2012,12736.5833891004
Botswana,BWA,2011,13635.4267666146
Botswana,BWA,2010,12753.3066340117
Botswana,BWA,2009,11686.1846639657
Botswana,BWA,2008,13810.355526136
Botswana,BWA,2007,13388.7379138475
Botswana,BWA,2006,12562.9649932723
Botswana,BWA,2005,11458.2270967968
Botswana,BWA,2004,10818.1586503167
Botswana,BWA,2003,10438.7580333449
Botswana,BWA,2002,9957.74055935149
Botswana,BWA,2001,9419.79390743785
Botswana,BWA,2000,9380.37607253972
Botswana,BWA,1999,9187.6456637049
Botswana,BWA,1998,8441.28347040357
Botswana,BWA,1997,8496.76665171102
Botswana,BWA,1996,7890.35144206262
Botswana,BWA,1995,7502.77894238533
Botswana,BWA,1994,7048.51653934984
Botswana,BWA,1993,6846.70638334809
Botswana,BWA,1992,6753.03249131389
Botswana,BWA,1991,6598.4433994379
Botswana,BWA,1990,6103.61612145385
Botswana,BWA,1989,
Botswana,BWA,1988,
Botswana,BWA,1987,
Botswana,BWA,1986,
Botswana,BWA,1985,
Botswana,BWA,1984,
Botswana,BWA,1983,
Botswana,BWA,1982,
Botswana,BWA,1981,
Botswana,BWA,1980,
Botswana,BWA,1979,
Botswana,BWA,1978,
Botswana,BWA,1977,
Botswana,BWA,1976,
Botswana,BWA,1975,
Botswana,BWA,1974,
Botswana,BWA,1973,
Botswana,BWA,1972,
Botswana,BWA,1971,
Botswana,BWA,1970,
Botswana,BWA,1969,
Botswana,BWA,1968,
Botswana,BWA,1967,
Botswana,BWA,1966,
Botswana,BWA,1965,
Botswana,BWA,1964,
Botswana,BWA,1963,
Botswana,BWA,1962,
Botswana,BWA,1961,
Botswana,BWA,1960,
Brazil,BRA,2025,
Brazil,BRA,2024,22338.4765640635
Brazil,BRA,2023,21175.6186988214
Brazil,BRA,2022,19876.8533531396
Brazil,BRA,2021,18075.7060048757
Brazil,BRA,2020,16101.6183062954
Brazil,BRA,2019,16069.838015161
Brazil,BRA,2018,15463.7426393743
Brazil,BRA,2017,14559.0488897884
Brazil,BRA,2016,14309.2061488342
Brazil,BRA,2015,14821.4383175183
Brazil,BRA,2014,15827.3081625749
Brazil,BRA,2013,15722.3335243701
Brazil,BRA,2012,15198.086330971
Brazil,BRA,2011,15211.7920390047
Brazil,BRA,2010,14451.7158388109
Brazil,BRA,2009,13390.6831313285
Brazil,BRA,2008,13445.2454698442
Brazil,BRA,2007,12672.5051158078
Brazil,BRA,2006,11750.5312437668
Brazil,BRA,2005,11081.2474735736
Brazil,BRA,2004,10525.7113782454
Brazil,BRA,2003,9801.9621245505
Brazil,BRA,2002,9616.59485486268
Brazil,BRA,2001,9303.64529208666
Brazil,BRA,2000,9091.76851349271
Brazil,BRA,1999,8634.60784577029
Brazil,BRA,1998,8598.80569222596
Brazil,BRA,1997,8601.60903057465
Brazil,BRA,1996,8300.63414154543
Brazil,BRA,1995,8096.91149194686
Brazil,BRA,1994,7727.24541738904
Brazil,BRA,1993,7259.98885683476
Brazil,BRA,1992,6869.41000551049
Brazil,BRA,1991,6866.63038059728
Brazil,BRA,1990,6687.92294838768
Brazil,BRA,1989,
Brazil,BRA,1988,
Brazil,BRA,1987,
Brazil,BRA,1986,
Brazil,BRA,1985,
Brazil,BRA,1984,
Brazil,BRA,1983,
Brazil,BRA,1982,
Brazil,BRA,1981,
Brazil,BRA,1980,
Brazil,BRA,1979,
Brazil,BRA,1978,
Brazil,BRA,1977,
Brazil,BRA,1976,
Brazil,BRA,1975,
Brazil,BRA,1974,
Brazil,BRA,1973,
Brazil,BRA,1972,
Brazil,BRA,1971,
Brazil,BRA,1970,
Brazil,BRA,1969,
Brazil,BRA,1968,
Brazil,BRA,1967,
Brazil,BRA,1966,
Brazil,BRA,1965,
Brazil,BRA,1964,
Brazil,BRA,1963,
Brazil,BRA,1962,
Brazil,BRA,1961,
Brazil,BRA,1960,
British Virgin Islands,VGB,2025,
British Virgin Islands,VGB,2024,
British Virgin Islands,VGB,2023,
British Virgin Islands,VGB,2022,
British Virgin Islands,VGB,2021,
British Virgin Islands,VGB,2020,
British Virgin Islands,VGB,2019,
British Virgin Islands,VGB,2018,
British Virgin Islands,VGB,2017,
British Virgin Islands,VGB,2016,
British Virgin Islands,VGB,2015,
British Virgin Islands,VGB,2014,
British Virgin Islands,VGB,2013,
British Virgin Islands,VGB,2012,
British Virgin Islands,VGB,2011,
British Virgin Islands,VGB,2010,
British Virgin Islands,VGB,2009,
British Virgin Islands,VGB,2008,
British Virgin Islands,VGB,2007,
British Virgin Islands,VGB,2006,
British Virgin Islands,VGB,2005,
British Virgin Islands,VGB,2004,
British Virgin Islands,VGB,2003,
British Virgin Islands,VGB,2002,
British Virgin Islands,VGB,2001,
British Virgin Islands,VGB,2000,
British Virgin Islands,VGB,1999,
British Virgin Islands,VGB,1998,
British Virgin Islands,VGB,1997,
British Virgin Islands,VGB,1996,
British Virgin Islands,VGB,1995,
British Virgin Islands,VGB,1994,
British Virgin Islands,VGB,1993,
British Virgin Islands,VGB,1992,
British Virgin Islands,VGB,1991,
British Virgin Islands,VGB,1990,
British Virgin Islands,VGB,1989,
British Virgin Islands,VGB,1988,
British Virgin Islands,VGB,1987,
British Virgin Islands,VGB,1986,
British Virgin Islands,VGB,1985,
British Virgin Islands,VGB,1984,
British Virgin Islands,VGB,1983,
British Virgin Islands,VGB,1982,
British Virgin Islands,VGB,1981,
British Virgin Islands,VGB,1980,
British Virgin Islands,VGB,1979,
British Virgin Islands,VGB,1978,
British Virgin Islands,VGB,1977,
British Virgin Islands,VGB,1976,
British Virgin Islands,VGB,1975,
British Virgin Islands,VGB,1974,
British Virgin Islands,VGB,1973,
British Virgin Islands,VGB,1972,
British Virgin Islands,VGB,1971,
British Virgin Islands,VGB,1970,
British Virgin Islands,VGB,1969,
British Virgin Islands,VGB,1968,
British Virgin Islands,VGB,1967,
British Virgin Islands,VGB,1966,
British Virgin Islands,VGB,1965,
British Virgin Islands,VGB,1964,
British Virgin Islands,VGB,1963,
British Virgin Islands,VGB,1962,
British Virgin Islands,VGB,1961,
British Virgin Islands,VGB,1960,
Brunei Darussalam,BRN,2025,
Brunei Darussalam,BRN,2024,89879.3614980758
Brunei Darussalam,BRN,2023,85032.6008741995
Brunei Darussalam,BRN,2022,81801.7459224403
Brunei Darussalam,BRN,2021,78248.797127611
Brunei Darussalam,BRN,2020,69787.9632795717
Brunei Darussalam,BRN,2019,69353.6799514849
Brunei Darussalam,BRN,2018,65148.8264035521
Brunei Darussalam,BRN,2017,61657.6802725444
Brunei Darussalam,BRN,2016,56679.5185221407
Brunei Darussalam,BRN,2015,62707.8264437741
Brunei Darussalam,BRN,2014,81225.5485449793
Brunei Darussalam,BRN,2013,83237.1470879654
Brunei Darussalam,BRN,2012,87256.0422369454
Brunei Darussalam,BRN,2011,82735.3914480561
Brunei Darussalam,BRN,2010,79542.677943168
Brunei Darussalam,BRN,2009,77957.1442764098
Brunei Darussalam,BRN,2008,80476.7247575811
Brunei Darussalam,BRN,2007,83693.3213747729
Brunei Darussalam,BRN,2006,86114.3370627638
Brunei Darussalam,BRN,2005,81534.17153993
Brunei Darussalam,BRN,2004,80403.7579093987
Brunei Darussalam,BRN,2003,79632.1722336263
Brunei Darussalam,BRN,2002,76838.1757652928
Brunei Darussalam,BRN,2001,74253.881783985
Brunei Darussalam,BRN,2000,73086.9318257521
Brunei Darussalam,BRN,1999,70584.609538742
Brunei Darussalam,BRN,1998,68256.8699921491
Brunei Darussalam,BRN,1997,73980.4112443911
Brunei Darussalam,BRN,1996,70007.6412879003
Brunei Darussalam,BRN,1995,70440.0221115094
Brunei Darussalam,BRN,1994,69778.5771254058
Brunei Darussalam,BRN,1993,69387.2563782978
Brunei Darussalam,BRN,1992,70015.7710253626
Brunei Darussalam,BRN,1991,72609.8061360747
Brunei Darussalam,BRN,1990,70200.7406426618
Brunei Darussalam,BRN,1989,
Brunei Darussalam,BRN,1988,
Brunei Darussalam,BRN,1987,
Brunei Darussalam,BRN,1986,
Brunei Darussalam,BRN,1985,
Brunei Darussalam,BRN,1984,
Brunei Darussalam,BRN,1983,
Brunei Darussalam,BRN,1982,
Brunei Darussalam,BRN,1981,
Brunei Darussalam,BRN,1980,
Brunei Darussalam,BRN,1979,
Brunei Darussalam,BRN,1978,
Brunei Darussalam,BRN,1977,
Brunei Darussalam,BRN,1976,
Brunei Darussalam,BRN,1975,
Brunei Darussalam,BRN,1974,
Brunei Darussalam,BRN,1973,
Brunei Darussalam,BRN,1972,
Brunei Darussalam,BRN,1971,
Brunei Darussalam,BRN,1970,
Brunei Darussalam,BRN,1969,
Brunei Darussalam,BRN,1968,
Brunei Darussalam,BRN,1967,
Brunei Darussalam,BRN,1966,
Brunei Darussalam,BRN,1965,
Brunei Darussalam,BRN,1964,
Brunei Darussalam,BRN,1963,
Brunei Darussalam,BRN,1962,
Brunei Darussalam,BRN,1961,
Brunei Darussalam,BRN,1960,
Bulgaria,BGR,2025,
Bulgaria,BGR,2024,41969.4515718999
Bulgaria,BGR,2023,38829.1913208102
Bulgaria,BGR,2022,36320.1422295192
Bulgaria,BGR,2021,30959.1118459807
Bulgaria,BGR,2020,27351.8607448601
Bulgaria,BGR,2019,26765.7192049867
Bulgaria,BGR,2018,23997.6876896184
Bulgaria,BGR,2017,22317.2548948063
Bulgaria,BGR,2016,20745.8472094399
Bulgaria,BGR,2015,18896.102861651
Bulgaria,BGR,2014,17990.7621498811
Bulgaria,BGR,2013,16893.7689556096
Bulgaria,BGR,2012,16327.3382758143
Bulgaria,BGR,2011,15747.3476582908
Bulgaria,BGR,2010,14954.2543206827
Bulgaria,BGR,2009,14188.1048821302
Bulgaria,BGR,2008,14346.8484556532
Bulgaria,BGR,2007,12821.840411182
Bulgaria,BGR,2006,11405.5885694601
Bulgaria,BGR,2005,10291.428291498
Bulgaria,BGR,2004,9200.48242563727
Bulgaria,BGR,2003,8416.40773414609
Bulgaria,BGR,2002,7786.40436399963
Bulgaria,BGR,2001,6960.28610141959
Bulgaria,BGR,2000,6424.14537295881
Bulgaria,BGR,1999,5807.80054750818
Bulgaria,BGR,1998,6178.05769921083
Bulgaria,BGR,1997,5750.67799659654
Bulgaria,BGR,1996,6849.0021040768
Bulgaria,BGR,1995,7742.85741674653
Bulgaria,BGR,1994,7337.56505256554
Bulgaria,BGR,1993,7031.97169211548
Bulgaria,BGR,1992,6916.9614884505
Bulgaria,BGR,1991,7215.3390271308
Bulgaria,BGR,1990,7547.98203130235
Bulgaria,BGR,1989,
Bulgaria,BGR,1988,
Bulgaria,BGR,1987,
Bulgaria,BGR,1986,
Bulgaria,BGR,1985,
Bulgaria,BGR,1984,
Bulgaria,BGR,1983,
Bulgaria,BGR,1982,
Bulgaria,BGR,1981,
Bulgaria,BGR,1980,
Bulgaria,BGR,1979,
Bulgaria,BGR,1978,
Bulgaria,BGR,1977,
Bulgaria,BGR,1976,
Bulgaria,BGR,1975,
Bulgaria,BGR,1974,
Bulgaria,BGR,1973,
Bulgaria,BGR,1972,
Bulgaria,BGR,1971,
Bulgaria,BGR,1970,
Bulgaria,BGR,1969,
Bulgaria,BGR,1968,
Bulgaria,BGR,1967,
Bulgaria,BGR,1966,
Bulgaria,BGR,1965,
Bulgaria,BGR,1964,
Bulgaria,BGR,1963,
Bulgaria,BGR,1962,
Bulgaria,BGR,1961,
Bulgaria,BGR,1960,
Burkina Faso,BFA,2025,
Burkina Faso,BFA,2024,2895.89152033665
Burkina Faso,BFA,2023,2759.30205484605
Burkina Faso,BFA,2022,2645.24067996611
Burkina Faso,BFA,2021,2486.43093147762
Burkina Faso,BFA,2020,2380.72282781802
Burkina Faso,BFA,2019,2232.16282016585
Burkina Faso,BFA,2018,2073.3235382155
Burkina Faso,BFA,2017,2042.40295259917
Burkina Faso,BFA,2016,1881.75893134407
Burkina Faso,BFA,2015,1691.57935387408
Burkina Faso,BFA,2014,1661.31773793757
Burkina Faso,BFA,2013,1642.89213125776
Burkina Faso,BFA,2012,1571.83884477315
Burkina Faso,BFA,2011,1531.34338243982
Burkina Faso,BFA,2010,1449.42216382921
Burkina Faso,BFA,2009,1359.69224907302
Burkina Faso,BFA,2008,1351.36041569133
Burkina Faso,BFA,2007,1290.49951017424
Burkina Faso,BFA,2006,1244.00243844319
Burkina Faso,BFA,2005,1171.76432319587
Burkina Faso,BFA,2004,1079.00009142751
Burkina Faso,BFA,2003,1037.83799374653
Burkina Faso,BFA,2002,973.983933383218
Burkina Faso,BFA,2001,947.919374676953
Burkina Faso,BFA,2000,896.477481510815
Burkina Faso,BFA,1999,886.434090650903
Burkina Faso,BFA,1998,838.079355290011
Burkina Faso,BFA,1997,793.970841435486
Burkina Faso,BFA,1996,753.30916674031
Burkina Faso,BFA,1995,683.639151581195
Burkina Faso,BFA,1994,649.842407598738
Burkina Faso,BFA,1993,644.03546436099
Burkina Faso,BFA,1992,623.38499529255
Burkina Faso,BFA,1991,623.26800170847
Burkina Faso,BFA,1990,566.944147291823
Burkina Faso,BFA,1989,
Burkina Faso,BFA,1988,
Burkina Faso,BFA,1987,
Burkina Faso,BFA,1986,
Burkina Faso,BFA,1985,
Burkina Faso,BFA,1984,
Burkina Faso,BFA,1983,
Burkina Faso,BFA,1982,
Burkina Faso,BFA,1981,
Burkina Faso,BFA,1980,
Burkina Faso,BFA,1979,
Burkina Faso,BFA,1978,
Burkina Faso,BFA,1977,
Burkina Faso,BFA,1976,
Burkina Faso,BFA,1975,
Burkina Faso,BFA,1974,
Burkina Faso,BFA,1973,
Burkina Faso,BFA,1972,
Burkina Faso,BFA,1971,
Burkina Faso,BFA,1970,
Burkina Faso,BFA,1969,
Burkina Faso,BFA,1968,
Burkina Faso,BFA,1967,
Burkina Faso,BFA,1966,
Burkina Faso,BFA,1965,
Burkina Faso,BFA,1964,
Burkina Faso,BFA,1963,
Burkina Faso,BFA,1962,
Burkina Faso,BFA,1961,
Burkina Faso,BFA,1960,
Burundi,BDI,2025,
Burundi,BDI,2024,1194.94681370387
Burundi,BDI,2023,1149.98405842389
Burundi,BDI,2022,1104.77718764878
Burundi,BDI,2021,1035.53857384938
Burundi,BDI,2020,958.135599490084
Burundi,BDI,2019,868.423731660834
Burundi,BDI,2018,823.013102241659
Burundi,BDI,2017,791.393494929898
Burundi,BDI,2016,764.282221636916
Burundi,BDI,2015,722.032898379933
Burundi,BDI,2014,724.371954183273
Burundi,BDI,2013,687.370968311715
Burundi,BDI,2012,637.247080191101
Burundi,BDI,2011,628.665448296178
Burundi,BDI,2010,613.695880049889
Burundi,BDI,2009,604.588154080249
Burundi,BDI,2008,609.042906461819
Burundi,BDI,2007,593.560734529723
Burundi,BDI,2006,579.707804423789
Burundi,BDI,2005,553.047973759863
Burundi,BDI,2004,551.562209243605
Burundi,BDI,2003,531.812612194556
Burundi,BDI,2002,544.922790017055
Burundi,BDI,2001,528.435573413436
Burundi,BDI,2000,519.237306665577
Burundi,BDI,1999,522.875578671651
Burundi,BDI,1998,533.471289523892
Burundi,BDI,1997,513.333205390103
Burundi,BDI,1996,512.745181432347
Burundi,BDI,1995,547.689757596573
Burundi,BDI,1994,618.519709020626
Burundi,BDI,1993,633.81242046807
Burundi,BDI,1992,639.876865850147
Burundi,BDI,1991,636.146440172434
Burundi,BDI,1990,598.305045994166
Burundi,BDI,1989,
Burundi,BDI,1988,
Burundi,BDI,1987,
Burundi,BDI,1986,
Burundi,BDI,1985,
Burundi,BDI,1984,
Burundi,BDI,1983,
Burundi,BDI,1982,
Burundi,BDI,1981,
Burundi,BDI,1980,
Burundi,BDI,1979,
Burundi,BDI,1978,
Burundi,BDI,1977,
Burundi,BDI,1976,
Burundi,BDI,1975,
Burundi,BDI,1974,
Burundi,BDI,1973,
Burundi,BDI,1972,
Burundi,BDI,1971,
Burundi,BDI,1970,
Burundi,BDI,1969,
Burundi,BDI,1968,
Burundi,BDI,1967,
Burundi,BDI,1966,
Burundi,BDI,1965,
Burundi,BDI,1964,
Burundi,BDI,1963,
Burundi,BDI,1962,
Burundi,BDI,1961,
Burundi,BDI,1960,
Cabo Verde,CPV,2025,
Cabo Verde,CPV,2024,11195.1205312923
Cabo Verde,CPV,2023,10242.1532011212
Cabo Verde,CPV,2022,9481.07335405605
Cabo Verde,CPV,2021,7685.41921393669
Cabo Verde,CPV,2020,6852.57669930355
Cabo Verde,CPV,2019,8645.75646859343
Cabo Verde,CPV,2018,7916.42115326174
Cabo Verde,CPV,2017,7935.76176281072
Cabo Verde,CPV,2016,7350.75358726727
Cabo Verde,CPV,2015,6773.48679969386
Cabo Verde,CPV,2014,6416.83301150977
Cabo Verde,CPV,2013,6367.28001322501
Cabo Verde,CPV,2012,6318.06108723364
Cabo Verde,CPV,2011,6384.22844090415
Cabo Verde,CPV,2010,6038.58525655665
Cabo Verde,CPV,2009,5900.66086529142
Cabo Verde,CPV,2008,6010.85136847472
Cabo Verde,CPV,2007,5566.76949101583
Cabo Verde,CPV,2006,4758.37704995678
Cabo Verde,CPV,2005,4324.20232454639
Cabo Verde,CPV,2004,3968.65691704088
Cabo Verde,CPV,2003,3551.4638434881
Cabo Verde,CPV,2002,3388.44814452274
Cabo Verde,CPV,2001,3216.64651196602
Cabo Verde,CPV,2000,3124.49488355024
Cabo Verde,CPV,1999,2714.0965601233
Cabo Verde,CPV,1998,2443.03655597717
Cabo Verde,CPV,1997,2181.7814009877
Cabo Verde,CPV,1996,1962.92102503773
Cabo Verde,CPV,1995,1762.15888398011
Cabo Verde,CPV,1994,1540.217583453
Cabo Verde,CPV,1993,1291.31053134645
Cabo Verde,CPV,1992,1185.58087887939
Cabo Verde,CPV,1991,1068.86738484262
Cabo Verde,CPV,1990,1044.45752446208
Cabo Verde,CPV,1989,
Cabo Verde,CPV,1988,
Cabo Verde,CPV,1987,
Cabo Verde,CPV,1986,
Cabo Verde,CPV,1985,
Cabo Verde,CPV,1984,
Cabo Verde,CPV,1983,
Cabo Verde,CPV,1982,
Cabo Verde,CPV,1981,
Cabo Verde,CPV,1980,
Cabo Verde,CPV,1979,
Cabo Verde,CPV,1978,
Cabo Verde,CPV,1977,
Cabo Verde,CPV,1976,
Cabo Verde,CPV,1975,
Cabo Verde,CPV,1974,
Cabo Verde,CPV,1973,
Cabo Verde,CPV,1972,
Cabo Verde,CPV,1971,
Cabo Verde,CPV,1970,
Cabo Verde,CPV,1969,
Cabo Verde,CPV,1968,
Cabo Verde,CPV,1967,
Cabo Verde,CPV,1966,
Cabo Verde,CPV,1965,
Cabo Verde,CPV,1964,
Cabo Verde,CPV,1963,
Cabo Verde,CPV,1962,
Cabo Verde,CPV,1961,
Cabo Verde,CPV,1960,
Cambodia,KHM,2025,
Cambodia,KHM,2024,7966.87352428705
Cambodia,KHM,2023,7430.73085709837
Cambodia,KHM,2022,6918.81626947213
Cambodia,KHM,2021,6225.53265474741
Cambodia,KHM,2020,5942.45380373929
Cambodia,KHM,2019,6153.99439528427
Cambodia,KHM,2018,5616.98087023303
Cambodia,KHM,2017,5050.06356615113
Cambodia,KHM,2016,4748.12428521528
Cambodia,KHM,2015,4433.64393500572
Cambodia,KHM,2014,4117.78868309006
Cambodia,KHM,2013,3890.94841205221
Cambodia,KHM,2012,3583.48229739437
Cambodia,KHM,2011,3223.10209351638
Cambodia,KHM,2010,2988.50401439457
Cambodia,KHM,2009,2854.03288376549
Cambodia,KHM,2008,2768.79237617675
Cambodia,KHM,2007,2566.14759732553
Cambodia,KHM,2006,2296.76857875274
Cambodia,KHM,2005,2038.1459862512
Cambodia,KHM,2004,1769.76235025244
Cambodia,KHM,2003,1597.88226446286
Cambodia,KHM,2002,1442.46481429844
Cambodia,KHM,2001,1357.42611106265
Cambodia,KHM,2000,1255.64037842372
Cambodia,KHM,1999,1134.16464014037
Cambodia,KHM,1998,1009.34761569951
Cambodia,KHM,1997,993.637345418124
Cambodia,KHM,1996,1006.09032458209
Cambodia,KHM,1995,1005.8760954135
Cambodia,KHM,1994,972.056304525461
Cambodia,KHM,1993,1565.42989295323
Cambodia,KHM,1992,1560.1077136011
Cambodia,KHM,1991,1504.35829437695
Cambodia,KHM,1990,1409.71391688348
Cambodia,KHM,1989,
Cambodia,KHM,1988,
Cambodia,KHM,1987,
Cambodia,KHM,1986,
Cambodia,KHM,1985,
Cambodia,KHM,1984,
Cambodia,KHM,1983,
Cambodia,KHM,1982,
Cambodia,KHM,1981,
Cambodia,KHM,1980,
Cambodia,KHM,1979,
Cambodia,KHM,1978,
Cambodia,KHM,1977,
Cambodia,KHM,1976,
Cambodia,KHM,1975,
Cambodia,KHM,1974,
Cambodia,KHM,1973,
Cambodia,KHM,1972,
Cambodia,KHM,1971,
Cambodia,KHM,1970,
Cambodia,KHM,1969,
Cambodia,KHM,1968,
Cambodia,KHM,1967,
Cambodia,KHM,1966,
Cambodia,KHM,1965,
Cambodia,KHM,1964,
Cambodia,KHM,1963,
Cambodia,KHM,1962,
Cambodia,KHM,1961,
Cambodia,KHM,1960,
Cameroon,CMR,2025,
Cameroon,CMR,2024,5588.98645861945
Cameroon,CMR,2023,5410.76921937642
Cameroon,CMR,2022,5188.97750866081
Cameroon,CMR,2021,4793.55628200196
Cameroon,CMR,2020,4365.44704128392
Cameroon,CMR,2019,4241.11174920592
Cameroon,CMR,2018,4010.76360069526
Cameroon,CMR,2017,3767.43072883824
Cameroon,CMR,2016,3626.99932028578
Cameroon,CMR,2015,3497.66067563959
Cameroon,CMR,2014,3422.26128158344
Cameroon,CMR,2013,3238.86829843733
Cameroon,CMR,2012,3059.64226568251
Cameroon,CMR,2011,2988.8172872551
Cameroon,CMR,2010,2913.94292755606
Cameroon,CMR,2009,2878.95143886138
Cameroon,CMR,2008,2870.44106866605
Cameroon,CMR,2007,2817.7222811838
Cameroon,CMR,2006,2704.43739800377
Cameroon,CMR,2005,2597.68039893219
Cameroon,CMR,2004,2532.64744424214
Cameroon,CMR,2003,2368.10119477369
Cameroon,CMR,2002,2263.05519674356
Cameroon,CMR,2001,2190.89640724166
Cameroon,CMR,2000,2108.49454959751
Cameroon,CMR,1999,2038.66378898995
Cameroon,CMR,1998,1975.15598939833
Cameroon,CMR,1997,1915.11760711464
Cameroon,CMR,1996,1849.50650036011
Cameroon,CMR,1995,1790.33914983641
Cameroon,CMR,1994,1751.68522971639
Cameroon,CMR,1993,1731.40873126371
Cameroon,CMR,1992,1890.09253104555
Cameroon,CMR,1991,1962.54063766109
Cameroon,CMR,1990,2031.90998845273
Cameroon,CMR,1989,
Cameroon,CMR,1988,
Cameroon,CMR,1987,
Cameroon,CMR,1986,
Cameroon,CMR,1985,
Cameroon,CMR,1984,
Cameroon,CMR,1983,
Cameroon,CMR,1982,
Cameroon,CMR,1981,
Cameroon,CMR,1980,
Cameroon,CMR,1979,
Cameroon,CMR,1978,
Cameroon,CMR,1977,
Cameroon,CMR,1976,
Cameroon,CMR,1975,
Cameroon,CMR,1974,
Cameroon,CMR,1973,
Cameroon,CMR,1972,
Cameroon,CMR,1971,
Cameroon,CMR,1970,
Cameroon,CMR,1969,
Cameroon,CMR,1968,
Cameroon,CMR,1967,
Cameroon,CMR,1966,
Cameroon,CMR,1965,
Cameroon,CMR,1964,
Cameroon,CMR,1963,
Cameroon,CMR,1962,
Cameroon,CMR,1961,
Cameroon,CMR,1960,
Canada,CAN,2025,
Canada,CAN,2024,64610.3795171971
Canada,CAN,2023,64219.3173928637
Canada,CAN,2022,63944.1050100687
Canada,CAN,2021,56995.1176781351
Canada,CAN,2020,48590.6832121939
Canada,CAN,2019,50498.9731057448
Canada,CAN,2018,49982.5999118346
Canada,CAN,2017,48317.3874457163
Canada,CAN,2016,46470.6466391109
Canada,CAN,2015,44668.0912814303
Canada,CAN,2014,45758.1007297304
Canada,CAN,2013,44301.0562529133
Canada,CAN,2012,42291.9729357094
Canada,CAN,2011,41666.8374590278
Canada,CAN,2010,40103.1114399673
Canada,CAN,2009,38863.2485560636
Canada,CAN,2008,40376.0882836384
Canada,CAN,2007,39572.9304428478
Canada,CAN,2006,38122.648589039
Canada,CAN,2005,36328.378994377
Canada,CAN,2004,33929.2936832786
Canada,CAN,2003,32349.8829577427
Canada,CAN,2002,30963.9218856684
Canada,CAN,2001,30241.0326530827
Canada,CAN,2000,29347.7879802126
Canada,CAN,1999,27841.3533496575
Canada,CAN,1998,26323.6281144223
Canada,CAN,1997,25263.8688697417
Canada,CAN,1996,24054.9166185572
Canada,CAN,1995,23474.2003753947
Canada,CAN,1994,22624.4150818403
Canada,CAN,1993,21432.2129617831
Canada,CAN,1992,20619.2992538247
Canada,CAN,1991,20219.8839262023
Canada,CAN,1990,20225.9601080799
Canada,CAN,1989,
Canada,CAN,1988,
Canada,CAN,1987,
Canada,CAN,1986,
Canada,CAN,1985,
Canada,CAN,1984,
Canada,CAN,1983,
Canada,CAN,1982,
Canada,CAN,1981,
Canada,CAN,1980,
Canada,CAN,1979,
Canada,CAN,1978,
Canada,CAN,1977,
Canada,CAN,1976,
Canada,CAN,1975,
Canada,CAN,1974,
Canada,CAN,1973,
Canada,CAN,1972,
Canada,CAN,1971,
Canada,CAN,1970,
Canada,CAN,1969,
Canada,CAN,1968,
Canada,CAN,1967,
Canada,CAN,1966,
Canada,CAN,1965,
Canada,CAN,1964,
Canada,CAN,1963,
Canada,CAN,1962,
Canada,CAN,1961,
Canada,CAN,1960,
Cayman Islands,CYM,2025,
Cayman Islands,CYM,2024,
Cayman Islands,CYM,2023,88427.7866712691
Cayman Islands,CYM,2022,82295.5820704782
Cayman Islands,CYM,2021,74160.4914000191
Cayman Islands,CYM,2020,66118.6540859028
Cayman Islands,CYM,2019,72697.3671881501
Cayman Islands,CYM,2018,71811.8924961984
Cayman Islands,CYM,2017,68017.6756755602
Cayman Islands,CYM,2016,65680.0743282085
Cayman Islands,CYM,2015,64009.3171045464
Cayman Islands,CYM,2014,63560.5137725019
Cayman Islands,CYM,2013,63648.2547513145
Cayman Islands,CYM,2012,64726.5305342992
Cayman Islands,CYM,2011,66629.1635862244
Cayman Islands,CYM,2010,66325.4579909597
Cayman Islands,CYM,2009,69254.1827192632
Cayman Islands,CYM,2008,76297.4603019086
Cayman Islands,CYM,2007,77337.189365003
Cayman Islands,CYM,2006,75190.6622438904
Cayman Islands,CYM,2005,
Cayman Islands,CYM,2004,
Cayman Islands,CYM,2003,
Cayman Islands,CYM,2002,
Cayman Islands,CYM,2001,
Cayman Islands,CYM,2000,
Cayman Islands,CYM,1999,
Cayman Islands,CYM,1998,
Cayman Islands,CYM,1997,
Cayman Islands,CYM,1996,
Cayman Islands,CYM,1995,
Cayman Islands,CYM,1994,
Cayman Islands,CYM,1993,
Cayman Islands,CYM,1992,
Cayman Islands,CYM,1991,
Cayman Islands,CYM,1990,
Cayman Islands,CYM,1989,
Cayman Islands,CYM,1988,
Cayman Islands,CYM,1987,
Cayman Islands,CYM,1986,
Cayman Islands,CYM,1985,
Cayman Islands,CYM,1984,
Cayman Islands,CYM,1983,
Cayman Islands,CYM,1982,
Cayman Islands,CYM,1981,
Cayman Islands,CYM,1980,
Cayman Islands,CYM,1979,
Cayman Islands,CYM,1978,
Cayman Islands,CYM,1977,
Cayman Islands,CYM,1976,
Cayman Islands,CYM,1975,
Cayman Islands,CYM,1974,
Cayman Islands,CYM,1973,
Cayman Islands,CYM,1972,
Cayman Islands,CYM,1971,
Cayman Islands,CYM,1970,
Cayman Islands,CYM,1969,
Cayman Islands,CYM,1968,
Cayman Islands,CYM,1967,
Cayman Islands,CYM,1966,
Cayman Islands,CYM,1965,
Cayman Islands,CYM,1964,
Cayman Islands,CYM,1963,
Cayman Islands,CYM,1962,
Cayman Islands,CYM,1961,
Cayman Islands,CYM,1960,
Central African Republic,CAF,2025,
Central African Republic,CAF,2024,1263.10234213699
Central African Republic,CAF,2023,1257.09435717114
Central African Republic,CAF,2022,1217.84977141155
Central African Republic,CAF,2021,1128.55237996459
Central African Republic,CAF,2020,1066.29005423151
Central African Republic,CAF,2019,984.843183678857
Central African Republic,CAF,2018,905.817788941094
Central African Republic,CAF,2017,883.810734876066
Central African Republic,CAF,2016,826.013301383169
Central African Republic,CAF,2015,768.870887999174
Central African Republic,CAF,2014,698.963738923072
Central African Republic,CAF,2013,709.853481245446
Central African Republic,CAF,2012,1062.06809941049
Central African Republic,CAF,2011,980.185520951852
Central African Republic,CAF,2010,936.485497371468
Central African Republic,CAF,2009,877.252131104878
Central African Republic,CAF,2008,797.652806166077
Central African Republic,CAF,2007,783.355445280928
Central African Republic,CAF,2006,743.287480208983
Central African Republic,CAF,2005,702.460624591232
Central African Republic,CAF,2004,690.426514027755
Central African Republic,CAF,2003,648.193215397331
Central African Republic,CAF,2002,688.18045108872
Central African Republic,CAF,2001,668.445939283473
Central African Republic,CAF,2000,639.836997022267
Central African Republic,CAF,1999,659.524563046957
Central African Republic,CAF,1998,645.129994415361
Central African Republic,CAF,1997,626.078453835456
Central African Republic,CAF,1996,600.772967864624
Central African Republic,CAF,1995,630.691681389742
Central African Republic,CAF,1994,592.18543758181
Central African Republic,CAF,1993,570.245637847042
Central African Republic,CAF,1992,573.150589287487
Central African Republic,CAF,1991,618.179517934398
Central African Republic,CAF,1990,620.391176505202
Central African Republic,CAF,1989,
Central African Republic,CAF,1988,
Central African Republic,CAF,1987,
Central African Republic,CAF,1986,
Central African Republic,CAF,1985,
Central African Republic,CAF,1984,
Central African Republic,CAF,1983,
Central African Republic,CAF,1982,
Central African Republic,CAF,1981,
Central African Republic,CAF,1980,
Central African Republic,CAF,1979,
Central African Republic,CAF,1978,
Central African Republic,CAF,1977,
Central African Republic,CAF,1976,
Central African Republic,CAF,1975,
Central African Republic,CAF,1974,
Central African Republic,CAF,1973,
Central African Republic,CAF,1972,
Central African Republic,CAF,1971,
Central African Republic,CAF,1970,
Central African Republic,CAF,1969,
Central African Republic,CAF,1968,
Central African Republic,CAF,1967,
Central African Republic,CAF,1966,
Central African Republic,CAF,1965,
Central African Republic,CAF,1964,
Central African Republic,CAF,1963,
Central African Republic,CAF,1962,
Central African Republic,CAF,1961,
Central African Republic,CAF,1960,
Chad,TCD,2025,
Chad,TCD,2024,2742.65952183613
Chad,TCD,2023,2700.36055335878
Chad,TCD,2022,2624.11789713994
Chad,TCD,2021,2435.07274651099
Chad,TCD,2020,2185.99034173537
Chad,TCD,2019,2351.65339767739
Chad,TCD,2018,2227.81335372611
Chad,TCD,2017,2097.14425483604
Chad,TCD,2016,2120.08751553857
Chad,TCD,2015,2377.51137185751
Chad,TCD,2014,2133.18441198787
Chad,TCD,2013,2110.24705136988
Chad,TCD,2012,2435.1240819184
Chad,TCD,2011,2388.16512149441
Chad,TCD,2010,2319.68883187561
Chad,TCD,2009,2087.14718677867
Chad,TCD,2008,2180.51680433217
Chad,TCD,2007,2149.25986052772
Chad,TCD,2006,2078.60167039399
Chad,TCD,2005,2101.69135982144
Chad,TCD,2004,1808.21202176525
Chad,TCD,2003,1377.74659566702
Chad,TCD,2002,1225.70701162711
Chad,TCD,2001,1151.92026849056
Chad,TCD,2000,1043.54539995059
Chad,TCD,1999,1065.71837953249
Chad,TCD,1998,1095.90587063665
Chad,TCD,1997,1048.75331848989
Chad,TCD,1996,1010.0807859858
Chad,TCD,1995,1014.37923890833
Chad,TCD,1994,1025.62743943042
Chad,TCD,1993,932.984522227482
Chad,TCD,1992,1107.04264035996
Chad,TCD,1991,1045.6263927943
Chad,TCD,1990,966.594360653703
Chad,TCD,1989,
Chad,TCD,1988,
Chad,TCD,1987,
Chad,TCD,1986,
Chad,TCD,1985,
Chad,TCD,1984,
Chad,TCD,1983,
Chad,TCD,1982,
Chad,TCD,1981,
Chad,TCD,1980,
Chad,TCD,1979,
Chad,TCD,1978,
Chad,TCD,1977,
Chad,TCD,1976,
Chad,TCD,1975,
Chad,TCD,1974,
Chad,TCD,1973,
Chad,TCD,1972,
Chad,TCD,1971,
Chad,TCD,1970,
Chad,TCD,1969,
Chad,TCD,1968,
Chad,TCD,1967,
Chad,TCD,1966,
Chad,TCD,1965,
Chad,TCD,1964,
Chad,TCD,1963,
Chad,TCD,1962,
Chad,TCD,1961,
Chad,TCD,1960,
Channel Islands,CHI,2025,
Channel Islands,CHI,2024,
Channel Islands,CHI,2023,
Channel Islands,CHI,2022,
Channel Islands,CHI,2021,
Channel Islands,CHI,2020,
Channel Islands,CHI,2019,
Channel Islands,CHI,2018,
Channel Islands,CHI,2017,
Channel Islands,CHI,2016,
Channel Islands,CHI,2015,
Channel Islands,CHI,2014,
Channel Islands,CHI,2013,
Channel Islands,CHI,2012,
Channel Islands,CHI,2011,
Channel Islands,CHI,2010,
Channel Islands,CHI,2009,
Channel Islands,CHI,2008,
Channel Islands,CHI,2007,
Channel Islands,CHI,2006,
Channel Islands,CHI,2005,
Channel Islands,CHI,2004,
Channel Islands,CHI,2003,
Channel Islands,CHI,2002,
Channel Islands,CHI,2001,
Channel Islands,CHI,2000,
Channel Islands,CHI,1999,
Channel Islands,CHI,1998,
Channel Islands,CHI,1997,
Channel Islands,CHI,1996,
Channel Islands,CHI,1995,
Channel Islands,CHI,1994,
Channel Islands,CHI,1993,
Channel Islands,CHI,1992,
Channel Islands,CHI,1991,
Channel Islands,CHI,1990,
Channel Islands,CHI,1989,
Channel Islands,CHI,1988,
Channel Islands,CHI,1987,
Channel Islands,CHI,1986,
Channel Islands,CHI,1985,
Channel Islands,CHI,1984,
Channel Islands,CHI,1983,
Channel Islands,CHI,1982,
Channel Islands,CHI,1981,
Channel Islands,CHI,1980,
Channel Islands,CHI,1979,
Channel Islands,CHI,1978,
Channel Islands,CHI,1977,
Channel Islands,CHI,1976,
Channel Islands,CHI,1975,
Channel Islands,CHI,1974,
Channel Islands,CHI,1973,
Channel Islands,CHI,1972,
Channel Islands,CHI,1971,
Channel Islands,CHI,1970,
Channel Islands,CHI,1969,
Channel Islands,CHI,1968,
Channel Islands,CHI,1967,
Channel Islands,CHI,1966,
Channel Islands,CHI,1965,
Channel Islands,CHI,1964,
Channel Islands,CHI,1963,
Channel Islands,CHI,1962,
Channel Islands,CHI,1961,
Channel Islands,CHI,1960,
Chile,CHL,2025,
Chile,CHL,2024,36181.156616977
Chile,CHL,2023,33145.403552025
Chile,CHL,2022,30932.0010873677
Chile,CHL,2021,29089.850459728
Chile,CHL,2020,25350.8635082972
Chile,CHL,2019,25611.7578269458
Chile,CHL,2018,25305.0903462611
Chile,CHL,2017,24295.223766602
Chile,CHL,2016,23256.5036042211
Chile,CHL,2015,22468.3125745547
Chile,CHL,2014,22553.6161787372
Chile,CHL,2013,22201.0660684337
Chile,CHL,2012,21366.1771264909
Chile,CHL,2011,20121.6834214209
Chile,CHL,2010,17917.8951217097
Chile,CHL,2009,15951.3304877878
Chile,CHL,2008,16375.9648536011
Chile,CHL,2007,16697.5160217416
Chile,CHL,2006,15510.7700739452
Chile,CHL,2005,12550.4348007645
Chile,CHL,2004,11612.4368780779
Chile,CHL,2003,10708.3644963118
Chile,CHL,2002,10132.9107703924
Chile,CHL,2001,9775.51016241925
Chile,CHL,2000,9375.65991088758
Chile,CHL,1999,8838.86154672993
Chile,CHL,1998,8850.08106066969
Chile,CHL,1997,8510.4138008287
Chile,CHL,1996,7895.19827576749
Chile,CHL,1995,7231.59000885119
Chile,CHL,1994,6475.54252568003
Chile,CHL,1993,6060.80624589525
Chile,CHL,1992,5563.18125485069
Chile,CHL,1991,4885.5152251195
Chile,CHL,1990,4444.4667266396
Chile,CHL,1989,
Chile,CHL,1988,
Chile,CHL,1987,
Chile,CHL,1986,
Chile,CHL,1985,
Chile,CHL,1984,
Chile,CHL,1983,
Chile,CHL,1982,
Chile,CHL,1981,
Chile,CHL,1980,
Chile,CHL,1979,
Chile,CHL,1978,
Chile,CHL,1977,
Chile,CHL,1976,
Chile,CHL,1975,
Chile,CHL,1974,
Chile,CHL,1973,
Chile,CHL,1972,
Chile,CHL,1971,
Chile,CHL,1970,
Chile,CHL,1969,
Chile,CHL,1968,
Chile,CHL,1967,
Chile,CHL,1966,
Chile,CHL,1965,
Chile,CHL,1964,
Chile,CHL,1963,
Chile,CHL,1962,
Chile,CHL,1961,
Chile,CHL,1960,
China,CHN,2025,
China,CHN,2024,27104.8702677463
China,CHN,2023,25179.1193066383
China,CHN,2022,23032.1766271143
China,CHN,2021,20843.2978347377
China,CHN,2020,18267.4783455827
China,CHN,2019,17600.8907568493
China,CHN,2018,16298.2050619109
China,CHN,2017,15022.4371883124
China,CHN,2016,14157.2514988004
China,CHN,2015,13463.3331511105
China,CHN,2014,12941.5964809146
China,CHN,2013,12228.3736084197
China,CHN,2012,11420.2527051141
China,CHN,2011,10456.7916826113
China,CHN,2010,9411.13821903204
China,CHN,2009,8447.98281469227
China,CHN,2008,7712.84608425069
China,CHN,2007,6935.26580584434
China,CHN,2006,5946.28682830185
China,CHN,2005,5148.18273933805
China,CHN,2004,4504.92937237596
China,CHN,2003,4007.11604605423
China,CHN,2002,3590.7659594167
China,CHN,2001,3258.40210660305
China,CHN,2000,2963.53238602023
China,CHN,1999,2689.85156589718
China,CHN,1998,2483.25405950859
China,CHN,1997,2297.36310194242
China,CHN,1996,2087.74769649351
China,CHN,1995,1883.87603000345
China,CHN,1994,1679.99494201668
China,CHN,1993,1471.23957676652
China,CHN,1992,1276.04934407809
China,CHN,1991,1104.99241812151
China,CHN,1990,990.776190880307
China,CHN,1989,
China,CHN,1988,
China,CHN,1987,
China,CHN,1986,
China,CHN,1985,
China,CHN,1984,
China,CHN,1983,
China,CHN,1982,
China,CHN,1981,
China,CHN,1980,
China,CHN,1979,
China,CHN,1978,
China,CHN,1977,
China,CHN,1976,
China,CHN,1975,
China,CHN,1974,
China,CHN,1973,
China,CHN,1972,
China,CHN,1971,
China,CHN,1970,
China,CHN,1969,
China,CHN,1968,
China,CHN,1967,
China,CHN,1966,
China,CHN,1965,
China,CHN,1964,
China,CHN,1963,
China,CHN,1962,
China,CHN,1961,
China,CHN,1960,
Colombia,COL,2025,
Colombia,COL,2024,22349.436440123
Colombia,COL,2023,21246.3762695201
Colombia,COL,2022,20854.002999162
Colombia,COL,2021,17383.0901728295
Colombia,COL,2020,15519.2101694656
Colombia,COL,2019,16181.5908990662
Colombia,COL,2018,15239.4049488277
Colombia,COL,2017,14400.6139849314
Colombia,COL,2016,14026.8399931053
Colombia,COL,2015,13332.0555048211
Colombia,COL,2014,13355.3624162195
Colombia,COL,2013,12779.8865818318
Colombia,COL,2012,12093.0754939172
Colombia,COL,2011,11707.4614624747
Colombia,COL,2010,10841.1279801312
Colombia,COL,2009,10367.3489557519
Colombia,COL,2008,10307.0649878854
Colombia,COL,2007,9909.29031403767
Colombia,COL,2006,9154.08926196511
Colombia,COL,2005,8432.33329078314
Colombia,COL,2004,7909.34635155695
Colombia,COL,2003,7420.46008365281
Colombia,COL,2002,7108.8239028593
Colombia,COL,2001,6934.88284338593
Colombia,COL,2000,6775.93064418811
Colombia,COL,1999,6543.8672116341
Colombia,COL,1998,6853.84144017033
Colombia,COL,1997,6861.09186358439
Colombia,COL,1996,6638.839736256
Colombia,COL,1995,6505.56526221287
Colombia,COL,1994,6173.63611479219
Colombia,COL,1993,5826.18344421336
Colombia,COL,1992,5509.36464911545
Colombia,COL,1991,5280.77779773378
Colombia,COL,1990,5109.42000116133
Colombia,COL,1989,
Colombia,COL,1988,
Colombia,COL,1987,
Colombia,COL,1986,
Colombia,COL,1985,
Colombia,COL,1984,
Colombia,COL,1983,
Colombia,COL,1982,
Colombia,COL,1981,
Colombia,COL,1980,
Colombia,COL,1979,
Colombia,COL,1978,
Colombia,COL,1977,
Colombia,COL,1976,
Colombia,COL,1975,
Colombia,COL,1974,
Colombia,COL,1973,
Colombia,COL,1972,
Colombia,COL,1971,
Colombia,COL,1970,
Colombia,COL,1969,
Colombia,COL,1968,
Colombia,COL,1967,
Colombia,COL,1966,
Colombia,COL,1965,
Colombia,COL,1964,
Colombia,COL,1963,
Colombia,COL,1962,
Colombia,COL,1961,
Colombia,COL,1960,
Comoros,COM,2025,
Comoros,COM,2024,3958.53228789687
Comoros,COM,2023,3811.65084882413
Comoros,COM,2022,3641.62920390353
Comoros,COM,2021,3377.88518482587
Comoros,COM,2020,3244.8867496847
Comoros,COM,2019,3293.05601748495
Comoros,COM,2018,3276.00936695332
Comoros,COM,2017,3347.45652997484
Comoros,COM,2016,3139.05160740465
Comoros,COM,2015,2949.47342240993
Comoros,COM,2014,2937.61192894981
Comoros,COM,2013,2832.53121548146
Comoros,COM,2012,2678.70262820599
Comoros,COM,2011,2471.78724731502
Comoros,COM,2010,2372.41233989712
Comoros,COM,2009,2303.94782891469
Comoros,COM,2008,2262.49853000291
Comoros,COM,2007,2177.9281684323
Comoros,COM,2006,2145.92066953414
Comoros,COM,2005,2162.0719557682
Comoros,COM,2004,2024.8526447402
Comoros,COM,2003,1949.13816081274
Comoros,COM,2002,1911.61256823567
Comoros,COM,2001,1838.1071436353
Comoros,COM,2000,1740.64947132869
Comoros,COM,1999,1752.73824681968
Comoros,COM,1998,1713.1426125631
Comoros,COM,1997,1723.09797545554
Comoros,COM,1996,1650.51748260068
Comoros,COM,1995,1657.45525880536
Comoros,COM,1994,1563.69891938637
Comoros,COM,1993,1623.05620853794
Comoros,COM,1992,1574.57538563058
Comoros,COM,1991,1464.06324019961
Comoros,COM,1990,1546.45112696499
Comoros,COM,1989,
Comoros,COM,1988,
Comoros,COM,1987,
Comoros,COM,1986,
Comoros,COM,1985,
Comoros,COM,1984,
Comoros,COM,1983,
Comoros,COM,1982,
Comoros,COM,1981,
Comoros,COM,1980,
Comoros,COM,1979,
Comoros,COM,1978,
Comoros,COM,1977,
Comoros,COM,1976,
Comoros,COM,1975,
Comoros,COM,1974,
Comoros,COM,1973,
Comoros,COM,1972,
Comoros,COM,1971,
Comoros,COM,1970,
Comoros,COM,1969,
Comoros,COM,1968,
Comoros,COM,1967,
Comoros,COM,1966,
Comoros,COM,1965,
Comoros,COM,1964,
Comoros,COM,1963,
Comoros,COM,1962,
Comoros,COM,1961,
Comoros,COM,1960,
"Congo, Dem. Rep.",COD,2025,
"Congo, Dem. Rep.",COD,2024,1821.04868718058
"Congo, Dem. Rep.",COD,2023,1730.62228877694
"Congo, Dem. Rep.",COD,2022,1590.16404219556
"Congo, Dem. Rep.",COD,2021,1402.38560295221
"Congo, Dem. Rep.",COD,2020,1088.7890035637
"Congo, Dem. Rep.",COD,2019,1056.17206659241
"Congo, Dem. Rep.",COD,2018,1048.86502855672
"Congo, Dem. Rep.",COD,2017,990.545051394781
"Congo, Dem. Rep.",COD,2016,950.022298158597
"Congo, Dem. Rep.",COD,2015,910.393131638657
"Congo, Dem. Rep.",COD,2014,859.356816141236
"Congo, Dem. Rep.",COD,2013,760.64987993962
"Congo, Dem. Rep.",COD,2012,647.801733284929
"Congo, Dem. Rep.",COD,2011,643.764679093976
"Congo, Dem. Rep.",COD,2010,605.785160280927
"Congo, Dem. Rep.",COD,2009,572.959249024865
"Congo, Dem. Rep.",COD,2008,584.020810311472
"Congo, Dem. Rep.",COD,2007,549.827650078763
"Congo, Dem. Rep.",COD,2006,508.4008175183
"Congo, Dem. Rep.",COD,2005,483.910024827321
"Congo, Dem. Rep.",COD,2004,455.866557396548
"Congo, Dem. Rep.",COD,2003,428.332470700597
"Congo, Dem. Rep.",COD,2002,409.641833781142
"Congo, Dem. Rep.",COD,2001,403.983196706619
"Congo, Dem. Rep.",COD,2000,416.548214460226
"Congo, Dem. Rep.",COD,1999,451.824786955368
"Congo, Dem. Rep.",COD,1998,481.28791422287
"Congo, Dem. Rep.",COD,1997,497.120722511043
"Congo, Dem. Rep.",COD,1996,526.165019253166
"Congo, Dem. Rep.",COD,1995,532.179280362158
"Congo, Dem. Rep.",COD,1994,539.567586571571
"Congo, Dem. Rep.",COD,1993,576.371213457691
"Congo, Dem. Rep.",COD,1992,674.339698527766
"Congo, Dem. Rep.",COD,1991,761.97579361076
"Congo, Dem. Rep.",COD,1990,832.068152559652
"Congo, Dem. Rep.",COD,1989,
"Congo, Dem. Rep.",COD,1988,
"Congo, Dem. Rep.",COD,1987,
"Congo, Dem. Rep.",COD,1986,
"Congo, Dem. Rep.",COD,1985,
"Congo, Dem. Rep.",COD,1984,
"Congo, Dem. Rep.",COD,1983,
"Congo, Dem. Rep.",COD,1982,
"Congo, Dem. Rep.",COD,1981,
"Congo, Dem. Rep.",COD,1980,
"Congo, Dem. Rep.",COD,1979,
"Congo, Dem. Rep.",COD,1978,
"Congo, Dem. Rep.",COD,1977,
"Congo, Dem. Rep.",COD,1976,
"Congo, Dem. Rep.",COD,1975,
"Congo, Dem. Rep.",COD,1974,
"Congo, Dem. Rep.",COD,1973,
"Congo, Dem. Rep.",COD,1972,
"Congo, Dem. Rep.",COD,1971,
"Congo, Dem. Rep.",COD,1970,
"Congo, Dem. Rep.",COD,1969,
"Congo, Dem. Rep.",COD,1968,
"Congo, Dem. Rep.",COD,1967,
"Congo, Dem. Rep.",COD,1966,
"Congo, Dem. Rep.",COD,1965,
"Congo, Dem. Rep.",COD,1964,
"Congo, Dem. Rep.",COD,1963,
"Congo, Dem. Rep.",COD,1962,
"Congo, Dem. Rep.",COD,1961,
"Congo, Dem. Rep.",COD,1960,
"Congo, Rep.",COG,2025,
"Congo, Rep.",COG,2024,7026.36223281494
"Congo, Rep.",COG,2023,6850.27770621099
"Congo, Rep.",COG,2022,6647.4968173139
"Congo, Rep.",COG,2021,6263.21161292636
"Congo, Rep.",COG,2020,4770.96449758365
"Congo, Rep.",COG,2019,5719.59977338291
"Congo, Rep.",COG,2018,5593.19370578686
"Congo, Rep.",COG,2017,4444.63900215824
"Congo, Rep.",COG,2016,4016.04908525318
"Congo, Rep.",COG,2015,4715.13431581624
"Congo, Rep.",COG,2014,5733.18393561256
"Congo, Rep.",COG,2013,5833.86336651436
"Congo, Rep.",COG,2012,6058.06449417412
"Congo, Rep.",COG,2011,5175.20439089036
"Congo, Rep.",COG,2010,5125.06991343643
"Congo, Rep.",COG,2009,4800.90159806602
"Congo, Rep.",COG,2008,4448.33261714253
"Congo, Rep.",COG,2007,4242.61126846002
"Congo, Rep.",COG,2006,4588.10924898465
"Congo, Rep.",COG,2005,4278.92538741319
"Congo, Rep.",COG,2004,3991.51124729764
"Congo, Rep.",COG,2003,3886.99206795632
"Congo, Rep.",COG,2002,3888.16402343345
"Congo, Rep.",COG,2001,3748.44674931557
"Congo, Rep.",COG,2000,3667.42487266336
"Congo, Rep.",COG,1999,3463.85452984899
"Congo, Rep.",COG,1998,3602.03351936562
"Congo, Rep.",COG,1997,3509.99889494686
"Congo, Rep.",COG,1996,3547.2135393678
"Congo, Rep.",COG,1995,3434.06784062762
"Congo, Rep.",COG,1994,3326.98140019517
"Congo, Rep.",COG,1993,3550.38579358163
"Congo, Rep.",COG,1992,3607.67111205387
"Congo, Rep.",COG,1991,3536.08004987396
"Congo, Rep.",COG,1990,3436.74969805645
"Congo, Rep.",COG,1989,
"Congo, Rep.",COG,1988,
"Congo, Rep.",COG,1987,
"Congo, Rep.",COG,1986,
"Congo, Rep.",COG,1985,
"Congo, Rep.",COG,1984,
"Congo, Rep.",COG,1983,
"Congo, Rep.",COG,1982,
"Congo, Rep.",COG,1981,
"Congo, Rep.",COG,1980,
"Congo, Rep.",COG,1979,
"Congo, Rep.",COG,1978,
"Congo, Rep.",COG,1977,
"Congo, Rep.",COG,1976,
"Congo, Rep.",COG,1975,
"Congo, Rep.",COG,1974,
"Congo, Rep.",COG,1973,
"Congo, Rep.",COG,1972,
"Congo, Rep.",COG,1971,
"Congo, Rep.",COG,1970,
"Congo, Rep.",COG,1969,
"Congo, Rep.",COG,1968,
"Congo, Rep.",COG,1967,
"Congo, Rep.",COG,1966,
"Congo, Rep.",COG,1965,
"Congo, Rep.",COG,1964,
"Congo, Rep.",COG,1963,
"Congo, Rep.",COG,1962,
"Congo, Rep.",COG,1961,
"Congo, Rep.",COG,1960,
Costa Rica,CRI,2025,
Costa Rica,CRI,2024,31106.7643556729
Costa Rica,CRI,2023,28908.7688743191
Costa Rica,CRI,2022,26226.2754815949
Costa Rica,CRI,2021,23852.9253020002
Costa Rica,CRI,2020,22099.8678127394
Costa Rica,CRI,2019,23339.6091317787
Costa Rica,CRI,2018,21498.0350746836
Costa Rica,CRI,2017,20499.3442130778
Costa Rica,CRI,2016,19201.7453233396
Costa Rica,CRI,2015,17525.1404625145
Costa Rica,CRI,2014,16393.8095428323
Costa Rica,CRI,2013,15232.0771529497
Costa Rica,CRI,2012,14463.7404448087
Costa Rica,CRI,2011,13614.2603998924
Costa Rica,CRI,2010,12927.564593015
Costa Rica,CRI,2009,12273.8603954825
Costa Rica,CRI,2008,12471.6723105433
Costa Rica,CRI,2007,11841.9011714247
Costa Rica,CRI,2006,10799.5114028981
Costa Rica,CRI,2005,9898.92919347319
Costa Rica,CRI,2004,9365.32775360615
Costa Rica,CRI,2003,8862.9941209874
Costa Rica,CRI,2002,8460.65229565223
Costa Rica,CRI,2001,8190.07440941864
Costa Rica,CRI,2000,7879.47794966682
Costa Rica,CRI,1999,7563.24416721687
Costa Rica,CRI,1998,7306.0382910746
Costa Rica,CRI,1997,6890.16819312975
Costa Rica,CRI,1996,6568.44418634869
Costa Rica,CRI,1995,6515.33709490214
Costa Rica,CRI,1994,6276.24957110048
Costa Rica,CRI,1993,6025.46577039581
Costa Rica,CRI,1992,5635.08261174293
Costa Rica,CRI,1991,5174.63203551232
Costa Rica,CRI,1990,5020.63594092737
Costa Rica,CRI,1989,
Costa Rica,CRI,1988,
Costa Rica,CRI,1987,
Costa Rica,CRI,1986,
Costa Rica,CRI,1985,
Costa Rica,CRI,1984,
Costa Rica,CRI,1983,
Costa Rica,CRI,1982,
Costa Rica,CRI,1981,
Costa Rica,CRI,1980,
Costa Rica,CRI,1979,
Costa Rica,CRI,1978,
Costa Rica,CRI,1977,
Costa Rica,CRI,1976,
Costa Rica,CRI,1975,
Costa Rica,CRI,1974,
Costa Rica,CRI,1973,
Costa Rica,CRI,1972,
Costa Rica,CRI,1971,
Costa Rica,CRI,1970,
Costa Rica,CRI,1969,
Costa Rica,CRI,1968,
Costa Rica,CRI,1967,
Costa Rica,CRI,1966,
Costa Rica,CRI,1965,
Costa Rica,CRI,1964,
Costa Rica,CRI,1963,
Costa Rica,CRI,1962,
Costa Rica,CRI,1961,
Costa Rica,CRI,1960,
Cote d'Ivoire,CIV,2025,
Cote d'Ivoire,CIV,2024,7669.23195715687
Cote d'Ivoire,CIV,2023,7237.18170740909
Cote d'Ivoire,CIV,2022,6719.44381557637
Cote d'Ivoire,CIV,2021,6045.20480490879
Cote d'Ivoire,CIV,2020,5543.85096318939
Cote d'Ivoire,CIV,2019,5516.39055126829
Cote d'Ivoire,CIV,2018,4945.62520575915
Cote d'Ivoire,CIV,2017,4690.17801861096
Cote d'Ivoire,CIV,2016,4530.64849808487
Cote d'Ivoire,CIV,2015,4403.64296618998
Cote d'Ivoire,CIV,2014,4074.21445539789
Cote d'Ivoire,CIV,2013,3619.01790854865
Cote d'Ivoire,CIV,2012,3290.72306949457
Cote d'Ivoire,CIV,2011,3175.9192237076
Cote d'Ivoire,CIV,2010,3360.54408826055
Cote d'Ivoire,CIV,2009,3176.63242420617
Cote d'Ivoire,CIV,2008,3115.83789187745
Cote d'Ivoire,CIV,2007,2984.53472161562
Cote d'Ivoire,CIV,2006,2941.82141168912
Cote d'Ivoire,CIV,2005,2841.82308798173
Cote d'Ivoire,CIV,2004,2794.17325719366
Cote d'Ivoire,CIV,2003,2701.74168487851
Cote d'Ivoire,CIV,2002,2851.03041356835
Cote d'Ivoire,CIV,2001,2961.76287274216
Cote d'Ivoire,CIV,2000,3040.57593185363
Cote d'Ivoire,CIV,1999,3064.79944793741
Cote d'Ivoire,CIV,1998,3086.12766383427
Cote d'Ivoire,CIV,1997,3039.52473895538
Cote d'Ivoire,CIV,1996,2831.79903711036
Cote d'Ivoire,CIV,1995,2683.32097628214
Cote d'Ivoire,CIV,1994,2550.99222448395
Cote d'Ivoire,CIV,1993,2576.99340149533
Cote d'Ivoire,CIV,1992,2624.52422270222
Cote d'Ivoire,CIV,1991,2677.07472001474
Cote d'Ivoire,CIV,1990,2693.36146600562
Cote d'Ivoire,CIV,1989,
Cote d'Ivoire,CIV,1988,
Cote d'Ivoire,CIV,1987,
Cote d'Ivoire,CIV,1986,
Cote d'Ivoire,CIV,1985,
Cote d'Ivoire,CIV,1984,
Cote d'Ivoire,CIV,1983,
Cote d'Ivoire,CIV,1982,
Cote d'Ivoire,CIV,1981,
Cote d'Ivoire,CIV,1980,
Cote d'Ivoire,CIV,1979,
Cote d'Ivoire,CIV,1978,
Cote d'Ivoire,CIV,1977,
Cote d'Ivoire,CIV,1976,
Cote d'Ivoire,CIV,1975,
Cote d'Ivoire,CIV,1974,
Cote d'Ivoire,CIV,1973,
Cote d'Ivoire,CIV,1972,
Cote d'Ivoire,CIV,1971,
Cote d'Ivoire,CIV,1970,
Cote d'Ivoire,CIV,1969,
Cote d'Ivoire,CIV,1968,
Cote d'Ivoire,CIV,1967,
Cote d'Ivoire,CIV,1966,
Cote d'Ivoire,CIV,1965,
Cote d'Ivoire,CIV,1964,
Cote d'Ivoire,CIV,1963,
Cote d'Ivoire,CIV,1962,
Cote d'Ivoire,CIV,1961,
Cote d'Ivoire,CIV,1960,
Croatia,HRV,2025,
Croatia,HRV,2024,49550.7921506017
Croatia,HRV,2023,47759.6982995339
Croatia,HRV,2022,42125.0726930931
Croatia,HRV,2021,36930.2841941405
Croatia,HRV,2020,31594.0111922141
Croatia,HRV,2019,33063.9101734438
Croatia,HRV,2018,29789.1305400916
Croatia,HRV,2017,27887.7588440919
Croatia,HRV,2016,25802.6823323622
Croatia,HRV,2015,23749.636747943
Croatia,HRV,2014,22706.1799469484
Croatia,HRV,2013,22429.8502256715
Croatia,HRV,2012,21618.825625842
Croatia,HRV,2011,21190.7130553097
Croatia,HRV,2010,20139.2955371548
Croatia,HRV,2009,20358.3147167823
Croatia,HRV,2008,21017.9485954363
Croatia,HRV,2007,19567.5566152741
Croatia,HRV,2006,17628.7006021513
Croatia,HRV,2005,15450.8118988907
Croatia,HRV,2004,14686.110676691
Croatia,HRV,2003,13691.5569233489
Croatia,HRV,2002,12774.6276276714
Croatia,HRV,2001,11652.9401300524
Croatia,HRV,2000,10674.5257032509
Croatia,HRV,1999,9942.60843015517
Croatia,HRV,1998,9889.58932942162
Croatia,HRV,1997,9535.79108583631
Croatia,HRV,1996,8805.63673873266
Croatia,HRV,1995,8051.7884214595
Croatia,HRV,1994,7336.9026869572
Croatia,HRV,1993,6861.24403431295
Croatia,HRV,1992,7326.46595282216
Croatia,HRV,1991,7917.7142186474
Croatia,HRV,1990,9525.98514257985
Croatia,HRV,1989,
Croatia,HRV,1988,
Croatia,HRV,1987,
Croatia,HRV,1986,
Croatia,HRV,1985,
Croatia,HRV,1984,
Croatia,HRV,1983,
Croatia,HRV,1982,
Croatia,HRV,1981,
Croatia,HRV,1980,
Croatia,HRV,1979,
Croatia,HRV,1978,
Croatia,HRV,1977,
Croatia,HRV,1976,
Croatia,HRV,1975,
Croatia,HRV,1974,
Croatia,HRV,1973,
Croatia,HRV,1972,
Croatia,HRV,1971,
Croatia,HRV,1970,
Croatia,HRV,1969,
Croatia,HRV,1968,
Croatia,HRV,1967,
Croatia,HRV,1966,
Croatia,HRV,1965,
Croatia,HRV,1964,
Croatia,HRV,1963,
Croatia,HRV,1962,
Croatia,HRV,1961,
Croatia,HRV,1960,
Cuba,CUB,2025,
Cuba,CUB,2024,
Cuba,CUB,2023,
Cuba,CUB,2022,
Cuba,CUB,2021,
Cuba,CUB,2020,
Cuba,CUB,2019,
Cuba,CUB,2018,
Cuba,CUB,2017,
Cuba,CUB,2016,
Cuba,CUB,2015,
Cuba,CUB,2014,
Cuba,CUB,2013,
Cuba,CUB,2012,
Cuba,CUB,2011,
Cuba,CUB,2010,
Cuba,CUB,2009,
Cuba,CUB,2008,
Cuba,CUB,2007,
Cuba,CUB,2006,
Cuba,CUB,2005,
Cuba,CUB,2004,
Cuba,CUB,2003,
Cuba,CUB,2002,
Cuba,CUB,2001,
Cuba,CUB,2000,
Cuba,CUB,1999,
Cuba,CUB,1998,
Cuba,CUB,1997,
Cuba,CUB,1996,
Cuba,CUB,1995,
Cuba,CUB,1994,
Cuba,CUB,1993,
Cuba,CUB,1992,
Cuba,CUB,1991,
Cuba,CUB,1990,
Cuba,CUB,1989,
Cuba,CUB,1988,
Cuba,CUB,1987,
Cuba,CUB,1986,
Cuba,CUB,1985,
Cuba,CUB,1984,
Cuba,CUB,1983,
Cuba,CUB,1982,
Cuba,CUB,1981,
Cuba,CUB,1980,
Cuba,CUB,1979,
Cuba,CUB,1978,
Cuba,CUB,1977,
Cuba,CUB,1976,
Cuba,CUB,1975,
Cuba,CUB,1974,
Cuba,CUB,1973,
Cuba,CUB,1972,
Cuba,CUB,1971,
Cuba,CUB,1970,
Cuba,CUB,1969,
Cuba,CUB,1968,
Cuba,CUB,1967,
Cuba,CUB,1966,
Cuba,CUB,1965,
Cuba,CUB,1964,
Cuba,CUB,1963,
Cuba,CUB,1962,
Cuba,CUB,1961,
Cuba,CUB,1960,
Curacao,CUW,2025,
Curacao,CUW,2024,32693.2939764893
Curacao,CUW,2023,30651.5885510423
Curacao,CUW,2022,28640.6872336026
Curacao,CUW,2021,24905.7684453244
Curacao,CUW,2020,21722.0173651527
Curacao,CUW,2019,25396.9966189902
Curacao,CUW,2018,24623.0414302994
Curacao,CUW,2017,24321.7468068376
Curacao,CUW,2016,23649.591653431
Curacao,CUW,2015,24037.6485782735
Curacao,CUW,2014,24347.7605833552
Curacao,CUW,2013,24821.796301247
Curacao,CUW,2012,25105.9924714169
Curacao,CUW,2011,26251.3628228418
Curacao,CUW,2010,25956.8107585616
Curacao,CUW,2009,25950.3950372365
Curacao,CUW,2008,26098.4711532409
Curacao,CUW,2007,25374.1429869989
Curacao,CUW,2006,24590.1923681094
Curacao,CUW,2005,24081.1512149964
Curacao,CUW,2004,23791.197413682
Curacao,CUW,2003,23522.2748891856
Curacao,CUW,2002,23479.7973302624
Curacao,CUW,2001,23057.2613647017
Curacao,CUW,2000,21891.0453556692
Curacao,CUW,1999,
Curacao,CUW,1998,
Curacao,CUW,1997,
Curacao,CUW,1996,
Curacao,CUW,1995,
Curacao,CUW,1994,
Curacao,CUW,1993,
Curacao,CUW,1992,
Curacao,CUW,1991,
Curacao,CUW,1990,
Curacao,CUW,1989,
Curacao,CUW,1988,
Curacao,CUW,1987,
Curacao,CUW,1986,
Curacao,CUW,1985,
Curacao,CUW,1984,
Curacao,CUW,1983,
Curacao,CUW,1982,
Curacao,CUW,1981,
Curacao,CUW,1980,
Curacao,CUW,1979,
Curacao,CUW,1978,
Curacao,CUW,1977,
Curacao,CUW,1976,
Curacao,CUW,1975,
Curacao,CUW,1974,
Curacao,CUW,1973,
Curacao,CUW,1972,
Curacao,CUW,1971,
Curacao,CUW,1970,
Curacao,CUW,1969,
Curacao,CUW,1968,
Curacao,CUW,1967,
Curacao,CUW,1966,
Curacao,CUW,1965,
Curacao,CUW,1964,
Curacao,CUW,1963,
Curacao,CUW,1962,
Curacao,CUW,1961,
Curacao,CUW,1960,
Cyprus,CYP,2025,
Cyprus,CYP,2024,63006.61328125
Cyprus,CYP,2023,59874.5703125
Cyprus,CYP,2022,55876.17578125
Cyprus,CYP,2021,47632.76953125
Cyprus,CYP,2020,42569.0546875
Cyprus,CYP,2019,44393.9921875
Cyprus,CYP,2018,40262.30859375
Cyprus,CYP,2017,37768.1171875
Cyprus,CYP,2016,35246.90234375
Cyprus,CYP,2015,31380.19921875
Cyprus,CYP,2014,29892.7109375
Cyprus,CYP,2013,30415.7890625
Cyprus,CYP,2012,31924.099609375
Cyprus,CYP,2011,33405.9765625
Cyprus,CYP,2010,33502.1640625
Cyprus,CYP,2009,33901.34765625
Cyprus,CYP,2008,34830.11328125
Cyprus,CYP,2007,32887.8671875
Cyprus,CYP,2006,30008.724609375
Cyprus,CYP,2005,27763.158203125
Cyprus,CYP,2004,25941.998046875
Cyprus,CYP,2003,24278.041015625
Cyprus,CYP,2002,23556.27734375
Cyprus,CYP,2001,22866.171875
Cyprus,CYP,2000,21295.78515625
Cyprus,CYP,1999,19662.64453125
Cyprus,CYP,1998,18759.9296875
Cyprus,CYP,1997,17781.46484375
Cyprus,CYP,1996,17319.998046875
Cyprus,CYP,1995,17095.912109375
Cyprus,CYP,1994,15735.3193359375
Cyprus,CYP,1993,14852.0537109375
Cyprus,CYP,1992,14759.4619140625
Cyprus,CYP,1991,13546.3271484375
Cyprus,CYP,1990,13348.10546875
Cyprus,CYP,1989,
Cyprus,CYP,1988,
Cyprus,CYP,1987,
Cyprus,CYP,1986,
Cyprus,CYP,1985,
Cyprus,CYP,1984,
Cyprus,CYP,1983,
Cyprus,CYP,1982,
Cyprus,CYP,1981,
Cyprus,CYP,1980,
Cyprus,CYP,1979,
Cyprus,CYP,1978,
Cyprus,CYP,1977,
Cyprus,CYP,1976,
Cyprus,CYP,1975,
Cyprus,CYP,1974,
Cyprus,CYP,1973,
Cyprus,CYP,1972,
Cyprus,CYP,1971,
Cyprus,CYP,1970,
Cyprus,CYP,1969,
Cyprus,CYP,1968,
Cyprus,CYP,1967,
Cyprus,CYP,1966,
Cyprus,CYP,1965,
Cyprus,CYP,1964,
Cyprus,CYP,1963,
Cyprus,CYP,1962,
Cyprus,CYP,1961,
Cyprus,CYP,1960,
Czechia,CZE,2025,
Czechia,CZE,2024,57285.4237001379
Czechia,CZE,2023,55761.3798291375
Czechia,CZE,2022,52946.9660854462
Czechia,CZE,2021,47796.0337408466
Czechia,CZE,2020,44839.4822099455
Czechia,CZE,2019,45614.0171132532
Czechia,CZE,2018,41638.1831076596
Czechia,CZE,2017,39346.030564257
Czechia,CZE,2016,36445.0485732064
Czechia,CZE,2015,34093.0280593748
Czechia,CZE,2014,32743.489773169
Czechia,CZE,2013,31013.0082933831
Czechia,CZE,2012,29465.6074011894
Czechia,CZE,2011,29237.1870959847
Czechia,CZE,2010,28153.8518610007
Czechia,CZE,2009,27713.2434564605
Czechia,CZE,2008,27937.841568102
Czechia,CZE,2007,26267.6071527112
Czechia,CZE,2006,23914.1862443811
Czechia,CZE,2005,22114.8363085202
Czechia,CZE,2004,20988.1204818834
Czechia,CZE,2003,19604.0917215381
Czechia,CZE,2002,18344.0329427938
Czechia,CZE,2001,17709.4523103293
Czechia,CZE,2000,16332.2910408629
Czechia,CZE,1999,15493.9796685778
Czechia,CZE,1998,15063.7603914658
Czechia,CZE,1997,14911.1309325943
Czechia,CZE,1996,14780.8272150214
Czechia,CZE,1995,13957.2702636739
Czechia,CZE,1994,12862.0591201729
Czechia,CZE,1993,12241.5754448767
Czechia,CZE,1992,11963.1600521076
Czechia,CZE,1991,11768.1863671117
Czechia,CZE,1990,12848.2484124716
Czechia,CZE,1989,
Czechia,CZE,1988,
Czechia,CZE,1987,
Czechia,CZE,1986,
Czechia,CZE,1985,
Czechia,CZE,1984,
Czechia,CZE,1983,
Czechia,CZE,1982,
Czechia,CZE,1981,
Czechia,CZE,1980,
Czechia,CZE,1979,
Czechia,CZE,1978,
Czechia,CZE,1977,
Czechia,CZE,1976,
Czechia,CZE,1975,
Czechia,CZE,1974,
Czechia,CZE,1973,
Czechia,CZE,1972,
Czechia,CZE,1971,
Czechia,CZE,1970,
Czechia,CZE,1969,
Czechia,CZE,1968,
Czechia,CZE,1967,
Czechia,CZE,1966,
Czechia,CZE,1965,
Czechia,CZE,1964,
Czechia,CZE,1963,
Czechia,CZE,1962,
Czechia,CZE,1961,
Czechia,CZE,1960,
Denmark,DNK,2025,
Denmark,DNK,2024,81878.2349849181
Denmark,DNK,2023,77892.2932609904
Denmark,DNK,2022,78913.6534913127
Denmark,DNK,2021,69715.1809680929
Denmark,DNK,2020,62682.2899474389
Denmark,DNK,2019,60594.966400191
Denmark,DNK,2018,57233.6231685618
Denmark,DNK,2017,55271.5976002659
Denmark,DNK,2016,51820.9521305491
Denmark,DNK,2015,48897.2099776611
Denmark,DNK,2014,47879.5955558233
Denmark,DNK,2013,46869.1932887749
Denmark,DNK,2012,44755.1624273018
Denmark,DNK,2011,44443.7163844726
Denmark,DNK,2010,43037.5989192487
Denmark,DNK,2009,40524.3123510224
Denmark,DNK,2008,41467.3861879777
Denmark,DNK,2007,39110.0956365756
Denmark,DNK,2006,37392.3211413889
Denmark,DNK,2005,34238.3218147437
Denmark,DNK,2004,33015.5515892493
Denmark,DNK,2003,30864.1123687371
Denmark,DNK,2002,30666.5967674022
Denmark,DNK,2001,29458.9882141098
Denmark,DNK,2000,28647.8282830783
Denmark,DNK,1999,26642.2215588617
Denmark,DNK,1998,25798.8322910817
Denmark,DNK,1997,24887.0698517987
Denmark,DNK,1996,23722.7800836698
Denmark,DNK,1995,22676.5211131952
Denmark,DNK,1994,21668.545231066
Denmark,DNK,1993,20216.8954580986
Denmark,DNK,1992,19830.3379439042
Denmark,DNK,1991,19067.028796635
Denmark,DNK,1990,18225.4764138002
Denmark,DNK,1989,
Denmark,DNK,1988,
Denmark,DNK,1987,
Denmark,DNK,1986,
Denmark,DNK,1985,
Denmark,DNK,1984,
Denmark,DNK,1983,
Denmark,DNK,1982,
Denmark,DNK,1981,
Denmark,DNK,1980,
Denmark,DNK,1979,
Denmark,DNK,1978,
Denmark,DNK,1977,
Denmark,DNK,1976,
Denmark,DNK,1975,
Denmark,DNK,1974,
Denmark,DNK,1973,
Denmark,DNK,1972,
Denmark,DNK,1971,
Denmark,DNK,1970,
Denmark,DNK,1969,
Denmark,DNK,1968,
Denmark,DNK,1967,
Denmark,DNK,1966,
Denmark,DNK,1965,
Denmark,DNK,1964,
Denmark,DNK,1963,
Denmark,DNK,1962,
Denmark,DNK,1961,
Denmark,DNK,1960,
Djibouti,DJI,2025,
Djibouti,DJI,2024,7810.27869066792
Djibouti,DJI,2023,7225.8387957249
Djibouti,DJI,2022,6621.33038220409
Djibouti,DJI,2021,5960.10807396825
Djibouti,DJI,2020,5527.00185229888
Djibouti,DJI,2019,5398.00036773984
Djibouti,DJI,2018,5083.11077030183
Djibouti,DJI,2017,4676.71336058903
Djibouti,DJI,2016,4431.56588556176
Djibouti,DJI,2015,4263.96288890455
Djibouti,DJI,2014,3978.34667092554
Djibouti,DJI,2013,3762.2819610399
Djibouti,DJI,2012,
Djibouti,DJI,2011,
Djibouti,DJI,2010,
Djibouti,DJI,2009,
Djibouti,DJI,2008,
Djibouti,DJI,2007,
Djibouti,DJI,2006,
Djibouti,DJI,2005,
Djibouti,DJI,2004,
Djibouti,DJI,2003,
Djibouti,DJI,2002,
Djibouti,DJI,2001,
Djibouti,DJI,2000,
Djibouti,DJI,1999,
Djibouti,DJI,1998,
Djibouti,DJI,1997,
Djibouti,DJI,1996,
Djibouti,DJI,1995,
Djibouti,DJI,1994,
Djibouti,DJI,1993,
Djibouti,DJI,1992,
Djibouti,DJI,1991,
Djibouti,DJI,1990,
Djibouti,DJI,1989,
Djibouti,DJI,1988,
Djibouti,DJI,1987,
Djibouti,DJI,1986,
Djibouti,DJI,1985,
Djibouti,DJI,1984,
Djibouti,DJI,1983,
Djibouti,DJI,1982,
Djibouti,DJI,1981,
Djibouti,DJI,1980,
Djibouti,DJI,1979,
Djibouti,DJI,1978,
Djibouti,DJI,1977,
Djibouti,DJI,1976,
Djibouti,DJI,1975,
Djibouti,DJI,1974,
Djibouti,DJI,1973,
Djibouti,DJI,1972,
Djibouti,DJI,1971,
Djibouti,DJI,1970,
Djibouti,DJI,1969,
Djibouti,DJI,1968,
Djibouti,DJI,1967,
Djibouti,DJI,1966,
Djibouti,DJI,1965,
Djibouti,DJI,1964,
Djibouti,DJI,1963,
Djibouti,DJI,1962,
Djibouti,DJI,1961,
Djibouti,DJI,1960,
Dominica,DMA,2025,
Dominica,DMA,2024,21300.6848698089
Dominica,DMA,2023,20285.9821663707
Dominica,DMA,2022,18802.0819913205
Dominica,DMA,2021,15808.9743503945
Dominica,DMA,2020,14243.7623123898
Dominica,DMA,2019,16020.5944720217
Dominica,DMA,2018,15069.8972415303
Dominica,DMA,2017,12696.1956612622
Dominica,DMA,2016,12945.0029571643
Dominica,DMA,2015,12092.7315992676
Dominica,DMA,2014,12083.292631482
Dominica,DMA,2013,11286.2696974861
Dominica,DMA,2012,10920.9085079245
Dominica,DMA,2011,11122.8994140294
Dominica,DMA,2010,10924.0953245506
Dominica,DMA,2009,10803.5563676924
Dominica,DMA,2008,10862.2582746594
Dominica,DMA,2007,9949.48016534769
Dominica,DMA,2006,9199.88176357941
Dominica,DMA,2005,8557.41594949633
Dominica,DMA,2004,8232.18460901
Dominica,DMA,2003,7714.29509857094
Dominica,DMA,2002,7167.04271942728
Dominica,DMA,2001,7290.62832445515
Dominica,DMA,2000,7111.4131102869
Dominica,DMA,1999,6759.45897490393
Dominica,DMA,1998,6617.21916759866
Dominica,DMA,1997,6289.76223494243
Dominica,DMA,1996,6041.21085860812
Dominica,DMA,1995,5749.09715748776
Dominica,DMA,1994,5464.75419824321
Dominica,DMA,1993,5352.05557479887
Dominica,DMA,1992,5125.49316115508
Dominica,DMA,1991,4913.67158079384
Dominica,DMA,1990,4667.43499739096
Dominica,DMA,1989,
Dominica,DMA,1988,
Dominica,DMA,1987,
Dominica,DMA,1986,
Dominica,DMA,1985,
Dominica,DMA,1984,
Dominica,DMA,1983,
Dominica,DMA,1982,
Dominica,DMA,1981,
Dominica,DMA,1980,
Dominica,DMA,1979,
Dominica,DMA,1978,
Dominica,DMA,1977,
Dominica,DMA,1976,
Dominica,DMA,1975,
Dominica,DMA,1974,
Dominica,DMA,1973,
Dominica,DMA,1972,
Dominica,DMA,1971,
Dominica,DMA,1970,
Dominica,DMA,1969,
Dominica,DMA,1968,
Dominica,DMA,1967,
Dominica,DMA,1966,
Dominica,DMA,1965,
Dominica,DMA,1964,
Dominica,DMA,1963,
Dominica,DMA,1962,
Dominica,DMA,1961,
Dominica,DMA,1960,
Dominican Republic,DOM,2025,
Dominican Republic,DOM,2024,27541.6625283384
Dominican Republic,DOM,2023,25839.9356687607
Dominican Republic,DOM,2022,24625.8088564037
Dominican Republic,DOM,2021,22053.4589869955
Dominican Republic,DOM,2020,18998.3069667315
Dominican Republic,DOM,2019,19766.7628586981
Dominican Republic,DOM,2018,17994.8382742736
Dominican Republic,DOM,2017,16846.2072320323
Dominican Republic,DOM,2016,16282.1899127514
Dominican Republic,DOM,2015,14804.0974069659
Dominican Republic,DOM,2014,13464.7925609074
Dominican Republic,DOM,2013,12413.910018356
Dominican Republic,DOM,2012,11776.6228103557
Dominican Republic,DOM,2011,11694.6641852303
Dominican Republic,DOM,2010,11245.6811892201
Dominican Republic,DOM,2009,10381.6248126801
Dominican Republic,DOM,2008,10345.8080982759
Dominican Republic,DOM,2007,9951.13191591458
Dominican Republic,DOM,2006,9130.06906145599
Dominican Republic,DOM,2005,8215.03244576661
Dominican Republic,DOM,2004,7374.8123177806
Dominican Republic,DOM,2003,7097.55707820616
Dominican Republic,DOM,2002,7157.66825484558
Dominican Republic,DOM,2001,6847.57366127122
Dominican Republic,DOM,2000,6639.01131864822
Dominican Republic,DOM,1999,6304.73320437856
Dominican Republic,DOM,1998,5963.18499180845
Dominican Republic,DOM,1997,5618.46307680241
Dominican Republic,DOM,1996,5160.98784878438
Dominican Republic,DOM,1995,4870.86165430794
Dominican Republic,DOM,1994,4598.92609439597
Dominican Republic,DOM,1993,4473.96566324843
Dominican Republic,DOM,1992,4150.90971753952
Dominican Republic,DOM,1991,3722.21310755913
Dominican Republic,DOM,1990,3640.93767379126
Dominican Republic,DOM,1989,
Dominican Republic,DOM,1988,
Dominican Republic,DOM,1987,
Dominican Republic,DOM,1986,
Dominican Republic,DOM,1985,
Dominican Republic,DOM,1984,
Dominican Republic,DOM,1983,
Dominican Republic,DOM,1982,
Dominican Republic,DOM,1981,
Dominican Republic,DOM,1980,
Dominican Republic,DOM,1979,
Dominican Republic,DOM,1978,
Dominican Republic,DOM,1977,
Dominican Republic,DOM,1976,
Dominican Republic,DOM,1975,
Dominican Republic,DOM,1974,
Dominican Republic,DOM,1973,
Dominican Republic,DOM,1972,
Dominican Republic,DOM,1971,
Dominican Republic,DOM,1970,
Dominican Republic,DOM,1969,
Dominican Republic,DOM,1968,
Dominican Republic,DOM,1967,
Dominican Republic,DOM,1966,
Dominican Republic,DOM,1965,
Dominican Republic,DOM,1964,
Dominican Republic,DOM,1963,
Dominican Republic,DOM,1962,
Dominican Republic,DOM,1961,
Dominican Republic,DOM,1960,
Ecuador,ECU,2025,
Ecuador,ECU,2024,15840.2668567412
Ecuador,ECU,2023,15918.5162948773
Ecuador,ECU,2022,15198.0725554473
Ecuador,ECU,2021,13507.4445638375
Ecuador,ECU,2020,11526.8013009278
Ecuador,ECU,2019,12543.0148243925
Ecuador,ECU,2018,12186.8846084388
Ecuador,ECU,2017,11793.4797426944
Ecuador,ECU,2016,10881.4890706732
Ecuador,ECU,2015,10877.7507461388
Ecuador,ECU,2014,11835.6091276538
Ecuador,ECU,2013,11295.6127804419
Ecuador,ECU,2012,10244.5177816184
Ecuador,ECU,2011,9768.69201080404
Ecuador,ECU,2010,8968.94040838943
Ecuador,ECU,2009,8662.10672690979
Ecuador,ECU,2008,8662.60736282075
Ecuador,ECU,2007,8112.44824473661
Ecuador,ECU,2006,7884.51693594496
Ecuador,ECU,2005,7457.46553606564
Ecuador,ECU,2004,6980.09126356362
Ecuador,ECU,2003,6475.06597343736
Ecuador,ECU,2002,6281.52215151108
Ecuador,ECU,2001,5998.87508648611
Ecuador,ECU,2000,5728.25249857133
Ecuador,ECU,1999,5637.91693263629
Ecuador,ECU,1998,5940.44197535364
Ecuador,ECU,1997,5792.64969138777
Ecuador,ECU,1996,5559.97815295478
Ecuador,ECU,1995,5469.14843537312
Ecuador,ECU,1994,5339.39726194634
Ecuador,ECU,1993,5112.21877057357
Ecuador,ECU,1992,4997.6436327672
Ecuador,ECU,1991,4886.94780839809
Ecuador,ECU,1990,4631.5532583624
Ecuador,ECU,1989,
Ecuador,ECU,1988,
Ecuador,ECU,1987,
Ecuador,ECU,1986,
Ecuador,ECU,1985,
Ecuador,ECU,1984,
Ecuador,ECU,1983,
Ecuador,ECU,1982,
Ecuador,ECU,1981,
Ecuador,ECU,1980,
Ecuador,ECU,1979,
Ecuador,ECU,1978,
Ecuador,ECU,1977,
Ecuador,ECU,1976,
Ecuador,ECU,1975,
Ecuador,ECU,1974,
Ecuador,ECU,1973,
Ecuador,ECU,1972,
Ecuador,ECU,1971,
Ecuador,ECU,1970,
Ecuador,ECU,1969,
Ecuador,ECU,1968,
Ecuador,ECU,1967,
Ecuador,ECU,1966,
Ecuador,ECU,1965,
Ecuador,ECU,1964,
Ecuador,ECU,1963,
Ecuador,ECU,1962,
Ecuador,ECU,1961,
Ecuador,ECU,1960,
"Egypt, Arab Rep.",EGY,2025,
"Egypt, Arab Rep.",EGY,2024,19094.1449444111
"Egypt, Arab Rep.",EGY,2023,18524.8392997937
"Egypt, Arab Rep.",EGY,2022,17526.8017030166
"Egypt, Arab Rep.",EGY,2021,15579.0160861551
"Egypt, Arab Rep.",EGY,2020,15231.865417764
"Egypt, Arab Rep.",EGY,2019,13363.732696323
"Egypt, Arab Rep.",EGY,2018,12329.2446781436
"Egypt, Arab Rep.",EGY,2017,11124.7351098149
"Egypt, Arab Rep.",EGY,2016,10665.6676499685
"Egypt, Arab Rep.",EGY,2015,10903.3368231185
"Egypt, Arab Rep.",EGY,2014,10256.4367553616
"Egypt, Arab Rep.",EGY,2013,10511.3931678495
"Egypt, Arab Rep.",EGY,2012,10342.4317112754
"Egypt, Arab Rep.",EGY,2011,8988.10781880653
"Egypt, Arab Rep.",EGY,2010,8837.76450033703
"Egypt, Arab Rep.",EGY,2009,8465.02052412662
"Egypt, Arab Rep.",EGY,2008,8190.70913161
"Egypt, Arab Rep.",EGY,2007,7640.57228597204
"Egypt, Arab Rep.",EGY,2006,7079.02808456919
"Egypt, Arab Rep.",EGY,2005,6554.12885095179
"Egypt, Arab Rep.",EGY,2004,6207.12492160943
"Egypt, Arab Rep.",EGY,2003,5928.07945344715
"Egypt, Arab Rep.",EGY,2002,5752.69708070468
"Egypt, Arab Rep.",EGY,2001,5650.05196237607
"Egypt, Arab Rep.",EGY,2000,5451.51566992118
"Egypt, Arab Rep.",EGY,1999,5121.00256928862
"Egypt, Arab Rep.",EGY,1998,4868.72046585482
"Egypt, Arab Rep.",EGY,1997,4661.07981865506
"Egypt, Arab Rep.",EGY,1996,4434.46491059753
"Egypt, Arab Rep.",EGY,1995,4234.71346852449
"Egypt, Arab Rep.",EGY,1994,4048.02220952854
"Egypt, Arab Rep.",EGY,1993,3894.94097747918
"Egypt, Arab Rep.",EGY,1992,3783.80257081776
"Egypt, Arab Rep.",EGY,1991,3626.74120665346
"Egypt, Arab Rep.",EGY,1990,3566.03456540498
"Egypt, Arab Rep.",EGY,1989,
"Egypt, Arab Rep.",EGY,1988,
"Egypt, Arab Rep.",EGY,1987,
"Egypt, Arab Rep.",EGY,1986,
"Egypt, Arab Rep.",EGY,1985,
"Egypt, Arab Rep.",EGY,1984,
"Egypt, Arab Rep.",EGY,1983,
"Egypt, Arab Rep.",EGY,1982,
"Egypt, Arab Rep.",EGY,1981,
"Egypt, Arab Rep.",EGY,1980,
"Egypt, Arab Rep.",EGY,1979,
"Egypt, Arab Rep.",EGY,1978,
"Egypt, Arab Rep.",EGY,1977,
"Egypt, Arab Rep.",EGY,1976,
"Egypt, Arab Rep.",EGY,1975,
"Egypt, Arab Rep.",EGY,1974,
"Egypt, Arab Rep.",EGY,1973,
"Egypt, Arab Rep.",EGY,1972,
"Egypt, Arab Rep.",EGY,1971,
"Egypt, Arab Rep.",EGY,1970,
"Egypt, Arab Rep.",EGY,1969,
"Egypt, Arab Rep.",EGY,1968,
"Egypt, Arab Rep.",EGY,1967,
"Egypt, Arab Rep.",EGY,1966,
"Egypt, Arab Rep.",EGY,1965,
"Egypt, Arab Rep.",EGY,1964,
"Egypt, Arab Rep.",EGY,1963,
"Egypt, Arab Rep.",EGY,1962,
"Egypt, Arab Rep.",EGY,1961,
"Egypt, Arab Rep.",EGY,1960,
El Salvador,SLV,2025,
El Salvador,SLV,2024,13264.027090968
El Salvador,SLV,2023,12679.5768752061
El Salvador,SLV,2022,11875.9648066233
El Salvador,SLV,2021,10809.713399518
El Salvador,SLV,2020,9392.68913817943
El Salvador,SLV,2019,9756.7521864595
El Salvador,SLV,2018,9203.76216310773
El Salvador,SLV,2017,8965.2189086345
El Salvador,SLV,2016,8455.61614773975
El Salvador,SLV,2015,7933.73697858999
El Salvador,SLV,2014,7503.71105811981
El Salvador,SLV,2013,7092.58852133297
El Salvador,SLV,2012,6708.39032246284
El Salvador,SLV,2011,6593.67806808022
El Salvador,SLV,2010,6247.91452716829
El Salvador,SLV,2009,6062.67571951558
El Salvador,SLV,2008,6174.69155154574
El Salvador,SLV,2007,5949.42640611971
El Salvador,SLV,2006,5694.52330884091
El Salvador,SLV,2005,5291.66962299243
El Salvador,SLV,2004,4997.59385258021
El Salvador,SLV,2003,4828.70297067138
El Salvador,SLV,2002,4671.55302828125
El Salvador,SLV,2001,4542.92587192498
El Salvador,SLV,2000,4422.44510574248
El Salvador,SLV,1999,4297.56129218208
El Salvador,SLV,1998,4171.27578577095
El Salvador,SLV,1997,4043.23049999844
El Salvador,SLV,1996,3879.84269787887
El Salvador,SLV,1995,3807.72603770835
El Salvador,SLV,1994,3590.86515581495
El Salvador,SLV,1993,3390.36781152849
El Salvador,SLV,1992,3171.42533531421
El Salvador,SLV,1991,2945.04863751904
El Salvador,SLV,1990,2856.33834692324
El Salvador,SLV,1989,
El Salvador,SLV,1988,
El Salvador,SLV,1987,
El Salvador,SLV,1986,
El Salvador,SLV,1985,
El Salvador,SLV,1984,
El Salvador,SLV,1983,
El Salvador,SLV,1982,
El Salvador,SLV,1981,
El Salvador,SLV,1980,
El Salvador,SLV,1979,
El Salvador,SLV,1978,
El Salvador,SLV,1977,
El Salvador,SLV,1976,
El Salvador,SLV,1975,
El Salvador,SLV,1974,
El Salvador,SLV,1973,
El Salvador,SLV,1972,
El Salvador,SLV,1971,
El Salvador,SLV,1970,
El Salvador,SLV,1969,
El Salvador,SLV,1968,
El Salvador,SLV,1967,
El Salvador,SLV,1966,
El Salvador,SLV,1965,
El Salvador,SLV,1964,
El Salvador,SLV,1963,
El Salvador,SLV,1962,
El Salvador,SLV,1961,
El Salvador,SLV,1960,
Equatorial Guinea,GNQ,2025,
Equatorial Guinea,GNQ,2024,17566.7600284073
Equatorial Guinea,GNQ,2023,17411.500234384
Equatorial Guinea,GNQ,2022,18139.989326627
Equatorial Guinea,GNQ,2021,16821.4486470413
Equatorial Guinea,GNQ,2020,13677.110587517
Equatorial Guinea,GNQ,2019,16451.3641478324
Equatorial Guinea,GNQ,2018,18413.1294204577
Equatorial Guinea,GNQ,2017,18434.7708571004
Equatorial Guinea,GNQ,2016,16649.4757672359
Equatorial Guinea,GNQ,2015,19478.7010123338
Equatorial Guinea,GNQ,2014,27177.271665026
Equatorial Guinea,GNQ,2013,27909.5175876754
Equatorial Guinea,GNQ,2012,30011.9274409625
Equatorial Guinea,GNQ,2011,27241.6000370603
Equatorial Guinea,GNQ,2010,26167.8268525276
Equatorial Guinea,GNQ,2009,29722.0005631066
Equatorial Guinea,GNQ,2008,30522.7787142774
Equatorial Guinea,GNQ,2007,26610.7691219619
Equatorial Guinea,GNQ,2006,23511.39865709
Equatorial Guinea,GNQ,2005,22137.0497795007
Equatorial Guinea,GNQ,2004,19354.2120821557
Equatorial Guinea,GNQ,2003,14496.1744119688
Equatorial Guinea,GNQ,2002,13254.823622224
Equatorial Guinea,GNQ,2001,11626.7231171673
Equatorial Guinea,GNQ,2000,7420.39310111594
Equatorial Guinea,GNQ,1999,6469.8387411234
Equatorial Guinea,GNQ,1998,5280.39000143916
Equatorial Guinea,GNQ,1997,4386.82626162969
Equatorial Guinea,GNQ,1996,1793.19296806024
Equatorial Guinea,GNQ,1995,1098.25498920183
Equatorial Guinea,GNQ,1994,950.757255783655
Equatorial Guinea,GNQ,1993,828.163863908102
Equatorial Guinea,GNQ,1992,756.064109641287
Equatorial Guinea,GNQ,1991,569.282520987418
Equatorial Guinea,GNQ,1990,577.395478707944
Equatorial Guinea,GNQ,1989,
Equatorial Guinea,GNQ,1988,
Equatorial Guinea,GNQ,1987,
Equatorial Guinea,GNQ,1986,
Equatorial Guinea,GNQ,1985,
Equatorial Guinea,GNQ,1984,
Equatorial Guinea,GNQ,1983,
Equatorial Guinea,GNQ,1982,
Equatorial Guinea,GNQ,1981,
Equatorial Guinea,GNQ,1980,
Equatorial Guinea,GNQ,1979,
Equatorial Guinea,GNQ,1978,
Equatorial Guinea,GNQ,1977,
Equatorial Guinea,GNQ,1976,
Equatorial Guinea,GNQ,1975,
Equatorial Guinea,GNQ,1974,
Equatorial Guinea,GNQ,1973,
Equatorial Guinea,GNQ,1972,
Equatorial Guinea,GNQ,1971,
Equatorial Guinea,GNQ,1970,
Equatorial Guinea,GNQ,1969,
Equatorial Guinea,GNQ,1968,
Equatorial Guinea,GNQ,1967,
Equatorial Guinea,GNQ,1966,
Equatorial Guinea,GNQ,1965,
Equatorial Guinea,GNQ,1964,
Equatorial Guinea,GNQ,1963,
Equatorial Guinea,GNQ,1962,
Equatorial Guinea,GNQ,1961,
Equatorial Guinea,GNQ,1960,
Eritrea,ERI,2025,
Eritrea,ERI,2024,
Eritrea,ERI,2023,
Eritrea,ERI,2022,
Eritrea,ERI,2021,
Eritrea,ERI,2020,
Eritrea,ERI,2019,
Eritrea,ERI,2018,
Eritrea,ERI,2017,
Eritrea,ERI,2016,
Eritrea,ERI,2015,
Eritrea,ERI,2014,
Eritrea,ERI,2013,
Eritrea,ERI,2012,
Eritrea,ERI,2011,1742.32363018235
Eritrea,ERI,2010,1599.19106106457
Eritrea,ERI,2009,1576.74284599077
Eritrea,ERI,2008,1546.92747535768
Eritrea,ERI,2007,1727.09344172581
Eritrea,ERI,2006,1682.23894199347
Eritrea,ERI,2005,1674.07005453978
Eritrea,ERI,2004,1620.76402912482
Eritrea,ERI,2003,1620.85093040039
Eritrea,ERI,2002,1701.69523684878
Eritrea,ERI,2001,1683.68441866109
Eritrea,ERI,2000,1557.87580231581
Eritrea,ERI,1999,1597.12992240195
Eritrea,ERI,1998,1598.00219470142
Eritrea,ERI,1997,1573.12545471899
Eritrea,ERI,1996,1449.05483276575
Eritrea,ERI,1995,1368.77876285653
Eritrea,ERI,1994,1379.24547090989
Eritrea,ERI,1993,1148.7620087525
Eritrea,ERI,1992,1020.56883876091
Eritrea,ERI,1991,
Eritrea,ERI,1990,
Eritrea,ERI,1989,
Eritrea,ERI,1988,
Eritrea,ERI,1987,
Eritrea,ERI,1986,
Eritrea,ERI,1985,
Eritrea,ERI,1984,
Eritrea,ERI,1983,
Eritrea,ERI,1982,
Eritrea,ERI,1981,
Eritrea,ERI,1980,
Eritrea,ERI,1979,
Eritrea,ERI,1978,
Eritrea,ERI,1977,
Eritrea,ERI,1976,
Eritrea,ERI,1975,
Eritrea,ERI,1974,
Eritrea,ERI,1973,
Eritrea,ERI,1972,
Eritrea,ERI,1971,
Eritrea,ERI,1970,
Eritrea,ERI,1969,
Eritrea,ERI,1968,
Eritrea,ERI,1967,
Eritrea,ERI,1966,
Eritrea,ERI,1965,
Eritrea,ERI,1964,
Eritrea,ERI,1963,
Eritrea,ERI,1962,
Eritrea,ERI,1961,
Eritrea,ERI,1960,
Estonia,EST,2025,
Estonia,EST,2024,49968.7108278373
Estonia,EST,2023,48637.1802208795
Estonia,EST,2022,48217.5523106028
Estonia,EST,2021,44251.5374983455
Estonia,EST,2020,40672.1340402132
Estonia,EST,2019,40586.3784378888
Estonia,EST,2018,37120.9879761677
Estonia,EST,2017,34506.6486942506
Estonia,EST,2016,31947.7769107437
Estonia,EST,2015,29712.6299473728
Estonia,EST,2014,29403.6584494815
Estonia,EST,2013,27831.1526234213
Estonia,EST,2012,26242.5282659014
Estonia,EST,2011,24652.3610297918
Estonia,EST,2010,21614.3068307361
Estonia,EST,2009,20488.94990724
Estonia,EST,2008,22803.5194742273
Estonia,EST,2007,22200.5486407425
Estonia,EST,2006,19344.2638980902
Estonia,EST,2005,16638.0779749397
Estonia,EST,2004,14538.0273203932
Estonia,EST,2003,13135.0419683127
Estonia,EST,2002,11666.6649638489
Estonia,EST,2001,10308.8990965341
Estonia,EST,2000,9424.5071547444
Estonia,EST,1999,8412.06677647343
Estonia,EST,1998,8451.08223338805
Estonia,EST,1997,7979.78695072575
Estonia,EST,1996,6891.85582622378
Estonia,EST,1995,6479.67745901232
Estonia,EST,1994,5966.58566996016
Estonia,EST,1993,5813.71555099389
Estonia,EST,1992,5871.8426596429
Estonia,EST,1991,7151.00868405318
Estonia,EST,1990,7480.8983405163
Estonia,EST,1989,
Estonia,EST,1988,
Estonia,EST,1987,
Estonia,EST,1986,
Estonia,EST,1985,
Estonia,EST,1984,
Estonia,EST,1983,
Estonia,EST,1982,
Estonia,EST,1981,
Estonia,EST,1980,
Estonia,EST,1979,
Estonia,EST,1978,
Estonia,EST,1977,
Estonia,EST,1976,
Estonia,EST,1975,
Estonia,EST,1974,
Estonia,EST,1973,
Estonia,EST,1972,
Estonia,EST,1971,
Estonia,EST,1970,
Estonia,EST,1969,
Estonia,EST,1968,
Estonia,EST,1967,
Estonia,EST,1966,
Estonia,EST,1965,
Estonia,EST,1964,
Estonia,EST,1963,
Estonia,EST,1962,
Estonia,EST,1961,
Estonia,EST,1960,
Eswatini,SWZ,2025,
Eswatini,SWZ,2024,11799.2028793201
Eswatini,SWZ,2023,11299.8831236788
Eswatini,SWZ,2022,10635.3924156113
Eswatini,SWZ,2021,9990.43491951205
Eswatini,SWZ,2020,9329.30453360939
Eswatini,SWZ,2019,9248.32206714455
Eswatini,SWZ,2018,8535.25593160454
Eswatini,SWZ,2017,8584.31100767837
Eswatini,SWZ,2016,8484.12117278345
Eswatini,SWZ,2015,8391.07006084602
Eswatini,SWZ,2014,8365.743287389
Eswatini,SWZ,2013,8231.15139767951
Eswatini,SWZ,2012,7760.32280456285
Eswatini,SWZ,2011,7570.9966142438
Eswatini,SWZ,2010,7324.46393085837
Eswatini,SWZ,2009,7010.9331263514
Eswatini,SWZ,2008,6913.68732720184
Eswatini,SWZ,2007,6731.95411367419
Eswatini,SWZ,2006,6319.41444308281
Eswatini,SWZ,2005,5772.68986514959
Eswatini,SWZ,2004,5309.60507878112
Eswatini,SWZ,2003,5020.28286278551
Eswatini,SWZ,2002,4741.61187847577
Eswatini,SWZ,2001,4521.4032108244
Eswatini,SWZ,2000,4400.66419449933
Eswatini,SWZ,1999,4272.37264147117
Eswatini,SWZ,1998,4136.67014048085
Eswatini,SWZ,1997,4038.43543631854
Eswatini,SWZ,1996,3915.83071865048
Eswatini,SWZ,1995,3777.21336176036
Eswatini,SWZ,1994,3526.49935907791
Eswatini,SWZ,1993,3371.46057659826
Eswatini,SWZ,1992,3288.65098000438
Eswatini,SWZ,1991,3235.70531567309
Eswatini,SWZ,1990,3201.78939095423
Eswatini,SWZ,1989,
Eswatini,SWZ,1988,
Eswatini,SWZ,1987,
Eswatini,SWZ,1986,
Eswatini,SWZ,1985,
Eswatini,SWZ,1984,
Eswatini,SWZ,1983,
Eswatini,SWZ,1982,
Eswatini,SWZ,1981,
Eswatini,SWZ,1980,
Eswatini,SWZ,1979,
Eswatini,SWZ,1978,
Eswatini,SWZ,1977,
Eswatini,SWZ,1976,
Eswatini,SWZ,1975,
Eswatini,SWZ,1974,
Eswatini,SWZ,1973,
Eswatini,SWZ,1972,
Eswatini,SWZ,1971,
Eswatini,SWZ,1970,
Eswatini,SWZ,1969,
Eswatini,SWZ,1968,
Eswatini,SWZ,1967,
Eswatini,SWZ,1966,
Eswatini,SWZ,1965,
Eswatini,SWZ,1964,
Eswatini,SWZ,1963,
Eswatini,SWZ,1962,
Eswatini,SWZ,1961,
Eswatini,SWZ,1960,
Ethiopia,ETH,2025,
Ethiopia,ETH,2024,3287.53492158893
Ethiopia,ETH,2023,3060.9050300376
Ethiopia,ETH,2022,2844.92274535753
Ethiopia,ETH,2021,2588.41310215884
Ethiopia,ETH,2020,2406.78938478669
Ethiopia,ETH,2019,2242.44488310464
Ethiopia,ETH,2018,2095.3175782979
Ethiopia,ETH,2017,2004.74755633129
Ethiopia,ETH,2016,1857.54946515224
Ethiopia,ETH,2015,1632.61818006837
Ethiopia,ETH,2014,1484.63145566608
Ethiopia,ETH,2013,1252.86896408004
Ethiopia,ETH,2012,1178.97474553026
Ethiopia,ETH,2011,1098.11515728787
Ethiopia,ETH,2010,995.653978578747
Ethiopia,ETH,2009,899.140901796651
Ethiopia,ETH,2008,844.988380018695
Ethiopia,ETH,2007,770.261155212815
Ethiopia,ETH,2006,692.866907656774
Ethiopia,ETH,2005,624.510692425695
Ethiopia,ETH,2004,557.825634817804
Ethiopia,ETH,2003,492.840755429983
Ethiopia,ETH,2002,509.126314077643
Ethiopia,ETH,2001,509.119301829784
Ethiopia,ETH,2000,473.903313482073
Ethiopia,ETH,1999,450.486020074243
Ethiopia,ETH,1998,435.801505661095
Ethiopia,ETH,1997,460.636391518101
Ethiopia,ETH,1996,453.368395575231
Ethiopia,ETH,1995,409.294333195293
Ethiopia,ETH,1994,390.823946454472
Ethiopia,ETH,1993,383.960680176846
Ethiopia,ETH,1992,343.361548685785
Ethiopia,ETH,1991,383.387227569206
Ethiopia,ETH,1990,417.026578466478
Ethiopia,ETH,1989,
Ethiopia,ETH,1988,
Ethiopia,ETH,1987,
Ethiopia,ETH,1986,
Ethiopia,ETH,1985,
Ethiopia,ETH,1984,
Ethiopia,ETH,1983,
Ethiopia,ETH,1982,
Ethiopia,ETH,1981,
Ethiopia,ETH,1980,
Ethiopia,ETH,1979,
Ethiopia,ETH,1978,
Ethiopia,ETH,1977,
Ethiopia,ETH,1976,
Ethiopia,ETH,1975,
Ethiopia,ETH,1974,
Ethiopia,ETH,1973,
Ethiopia,ETH,1972,
Ethiopia,ETH,1971,
Ethiopia,ETH,1970,
Ethiopia,ETH,1969,
Ethiopia,ETH,1968,
Ethiopia,ETH,1967,
Ethiopia,ETH,1966,
Ethiopia,ETH,1965,
Ethiopia,ETH,1964,
Ethiopia,ETH,1963,
Ethiopia,ETH,1962,
Ethiopia,ETH,1961,
Ethiopia,ETH,1960,
Faroe Islands,FRO,2025,
Faroe Islands,FRO,2024,81908.7781785018
Faroe Islands,FRO,2023,79694.929791758
Faroe Islands,FRO,2022,75265.6585388594
Faroe Islands,FRO,2021,68426.7943218898
Faroe Islands,FRO,2020,61650.8512256806
Faroe Islands,FRO,2019,62223.4430514345
Faroe Islands,FRO,2018,58933.1314753804
Faroe Islands,FRO,2017,56416.2319500574
Faroe Islands,FRO,2016,54318.3039321893
Faroe Islands,FRO,2015,53684.3671653463
Faroe Islands,FRO,2014,53198.4138538914
Faroe Islands,FRO,2013,49780.8416032719
Faroe Islands,FRO,2012,46196.842824186
Faroe Islands,FRO,2011,42133.2151486983
Faroe Islands,FRO,2010,39766.5911029215
Faroe Islands,FRO,2009,39330.596445475
Faroe Islands,FRO,2008,41160.1085092854
Faroe Islands,FRO,2007,
Faroe Islands,FRO,2006,
Faroe Islands,FRO,2005,
Faroe Islands,FRO,2004,
Faroe Islands,FRO,2003,
Faroe Islands,FRO,2002,
Faroe Islands,FRO,2001,
Faroe Islands,FRO,2000,
Faroe Islands,FRO,1999,
Faroe Islands,FRO,1998,
Faroe Islands,FRO,1997,
Faroe Islands,FRO,1996,
Faroe Islands,FRO,1995,
Faroe Islands,FRO,1994,
Faroe Islands,FRO,1993,
Faroe Islands,FRO,1992,
Faroe Islands,FRO,1991,
Faroe Islands,FRO,1990,
Faroe Islands,FRO,1989,
Faroe Islands,FRO,1988,
Faroe Islands,FRO,1987,
Faroe Islands,FRO,1986,
Faroe Islands,FRO,1985,
Faroe Islands,FRO,1984,
Faroe Islands,FRO,1983,
Faroe Islands,FRO,1982,
Faroe Islands,FRO,1981,
Faroe Islands,FRO,1980,
Faroe Islands,FRO,1979,
Faroe Islands,FRO,1978,
Faroe Islands,FRO,1977,
Faroe Islands,FRO,1976,
Faroe Islands,FRO,1975,
Faroe Islands,FRO,1974,
Faroe Islands,FRO,1973,
Faroe Islands,FRO,1972,
Faroe Islands,FRO,1971,
Faroe Islands,FRO,1970,
Faroe Islands,FRO,1969,
Faroe Islands,FRO,1968,
Faroe Islands,FRO,1967,
Faroe Islands,FRO,1966,
Faroe Islands,FRO,1965,
Faroe Islands,FRO,1964,
Faroe Islands,FRO,1963,
Faroe Islands,FRO,1962,
Faroe Islands,FRO,1961,
Faroe Islands,FRO,1960,
Fiji,FJI,2025,
Fiji,FJI,2024,15450.2993265388
Fiji,FJI,2023,14644.1773754361
Fiji,FJI,2022,12982.2914519919
Fiji,FJI,2021,10322.4279638854
Fiji,FJI,2020,10716.2914367663
Fiji,FJI,2019,12978.0990352704
Fiji,FJI,2018,12984.2072700863
Fiji,FJI,2017,12585.2777215161
Fiji,FJI,2016,11765.5379892236
Fiji,FJI,2015,11519.3012187324
Fiji,FJI,2014,10516.2597115551
Fiji,FJI,2013,8842.15173943746
Fiji,FJI,2012,8204.46565475009
Fiji,FJI,2011,7671.88103769569
Fiji,FJI,2010,7339.47685170287
Fiji,FJI,2009,7067.93482064011
Fiji,FJI,2008,7153.61914510322
Fiji,FJI,2007,6989.72309220269
Fiji,FJI,2006,6921.29762810227
Fiji,FJI,2005,6651.78559177015
Fiji,FJI,2004,6463.42456974016
Fiji,FJI,2003,6033.12030343946
Fiji,FJI,2002,5913.96875085188
Fiji,FJI,2001,5699.04322766172
Fiji,FJI,2000,5520.70756345658
Fiji,FJI,1999,5551.73633255113
Fiji,FJI,1998,5090.05826981754
Fiji,FJI,1997,5030.8038555921
Fiji,FJI,1996,5109.30105932002
Fiji,FJI,1995,4817.86433873296
Fiji,FJI,1994,4626.85336677159
Fiji,FJI,1993,4334.30729514705
Fiji,FJI,1992,4172.16052379291
Fiji,FJI,1991,3872.73493959725
Fiji,FJI,1990,3881.56481605171
Fiji,FJI,1989,
Fiji,FJI,1988,
Fiji,FJI,1987,
Fiji,FJI,1986,
Fiji,FJI,1985,
Fiji,FJI,1984,
Fiji,FJI,1983,
Fiji,FJI,1982,
Fiji,FJI,1981,
Fiji,FJI,1980,
Fiji,FJI,1979,
Fiji,FJI,1978,
Fiji,FJI,1977,
Fiji,FJI,1976,
Fiji,FJI,1975,
Fiji,FJI,1974,
Fiji,FJI,1973,
Fiji,FJI,1972,
Fiji,FJI,1971,
Fiji,FJI,1970,
Fiji,FJI,1969,
Fiji,FJI,1968,
Fiji,FJI,1967,
Fiji,FJI,1966,
Fiji,FJI,1965,
Fiji,FJI,1964,
Fiji,FJI,1963,
Fiji,FJI,1962,
Fiji,FJI,1961,
Fiji,FJI,1960,
Finland,FIN,2025,
Finland,FIN,2024,65378.3841859721
Finland,FIN,2023,63414.9936878177
Finland,FIN,2022,62133.1375219912
Finland,FIN,2021,56790.3766177692
Finland,FIN,2020,53296.5792798852
Finland,FIN,2019,52276.1115723992
Finland,FIN,2018,49248.6775395866
Finland,FIN,2017,47234.8528600939
Finland,FIN,2016,44562.4011072067
Finland,FIN,2015,42257.8593791297
Finland,FIN,2014,41547.0984485393
Finland,FIN,2013,41325.8052072321
Finland,FIN,2012,40739.1131809421
Finland,FIN,2011,40845.9566729849
Finland,FIN,2010,38946.228265358
Finland,FIN,2009,37988.4498659536
Finland,FIN,2008,40081.2212482066
Finland,FIN,2007,37842.9164695203
Finland,FIN,2006,34440.3771039162
Finland,FIN,2005,32047.7069315564
Finland,FIN,2004,31195.1243346394
Finland,FIN,2003,29042.698985165
Finland,FIN,2002,28596.2606345457
Finland,FIN,2001,27798.0582735421
Finland,FIN,2000,26782.8574259016
Finland,FIN,1999,24761.8165565638
Finland,FIN,1998,23569.9333806125
Finland,FIN,1997,21787.1082900179
Finland,FIN,1996,20067.4533767509
Finland,FIN,1995,19567.7826444216
Finland,FIN,1994,18457.6541464548
Finland,FIN,1993,17457.7676292369
Finland,FIN,1992,17270.9411369567
Finland,FIN,1991,17562.8413872459
Finland,FIN,1990,18148.6227791552
Finland,FIN,1989,
Finland,FIN,1988,
Finland,FIN,1987,
Finland,FIN,1986,
Finland,FIN,1985,
Finland,FIN,1984,
Finland,FIN,1983,
Finland,FIN,1982,
Finland,FIN,1981,
Finland,FIN,1980,
Finland,FIN,1979,
Finland,FIN,1978,
Finland,FIN,1977,
Finland,FIN,1976,
Finland,FIN,1975,
Finland,FIN,1974,
Finland,FIN,1973,
Finland,FIN,1972,
Finland,FIN,1971,
Finland,FIN,1970,
Finland,FIN,1969,
Finland,FIN,1968,
Finland,FIN,1967,
Finland,FIN,1966,
Finland,FIN,1965,
Finland,FIN,1964,
Finland,FIN,1963,
Finland,FIN,1962,
Finland,FIN,1961,
Finland,FIN,1960,
France,FRA,2025,
France,FRA,2024,62556.91810454
France,FRA,2023,60838.9416716424
France,FRA,2022,57042.9449013772
France,FRA,2021,52517.3354905855
France,FRA,2020,49481.8044309655
France,FRA,2019,51130.4723140578
France,FRA,2018,46381.0590629457
France,FRA,2017,44469.1458856805
France,FRA,2016,42880.2351355431
France,FRA,2015,40905.1767750994
France,FRA,2014,40218.1258637776
France,FRA,2013,39583.3520435045
France,FRA,2012,37671.0239268565
France,FRA,2011,37510.3759898714
France,FRA,2010,35907.5531031574
France,FRA,2009,34685.0059249958
France,FRA,2008,35053.2627069116
France,FRA,2007,34066.2393228249
France,FRA,2006,32423.5225068799
France,FRA,2005,30431.2367240202
France,FRA,2004,28921.2608031323
France,FRA,2003,28024.0897244695
France,FRA,2002,28350.0985605428
France,FRA,2001,27346.834962018
France,FRA,2000,26007.4432303376
France,FRA,1999,24203.8755920062
France,FRA,1998,23262.7378060388
France,FRA,1997,22190.1666289941
France,FRA,1996,21268.4888069079
France,FRA,1995,20701.38123435
France,FRA,1994,19891.7454324805
France,FRA,1993,19093.8468896509
France,FRA,1992,18800.5408167592
France,FRA,1991,18197.5277347283
France,FRA,1990,17474.7533591153
France,FRA,1989,
France,FRA,1988,
France,FRA,1987,
France,FRA,1986,
France,FRA,1985,
France,FRA,1984,
France,FRA,1983,
France,FRA,1982,
France,FRA,1981,
France,FRA,1980,
France,FRA,1979,
France,FRA,1978,
France,FRA,1977,
France,FRA,1976,
France,FRA,1975,
France,FRA,1974,
France,FRA,1973,
France,FRA,1972,
France,FRA,1971,
France,FRA,1970,
France,FRA,1969,
France,FRA,1968,
France,FRA,1967,
France,FRA,1966,
France,FRA,1965,
France,FRA,1964,
France,FRA,1963,
France,FRA,1962,
France,FRA,1961,
France,FRA,1960,
French Polynesia,PYF,2025,
French Polynesia,PYF,2024,
French Polynesia,PYF,2023,
French Polynesia,PYF,2022,
French Polynesia,PYF,2021,
French Polynesia,PYF,2020,
French Polynesia,PYF,2019,
French Polynesia,PYF,2018,
French Polynesia,PYF,2017,
French Polynesia,PYF,2016,
French Polynesia,PYF,2015,
French Polynesia,PYF,2014,
French Polynesia,PYF,2013,
French Polynesia,PYF,2012,
French Polynesia,PYF,2011,
French Polynesia,PYF,2010,
French Polynesia,PYF,2009,
French Polynesia,PYF,2008,
French Polynesia,PYF,2007,
French Polynesia,PYF,2006,
French Polynesia,PYF,2005,
French Polynesia,PYF,2004,
French Polynesia,PYF,2003,
French Polynesia,PYF,2002,
French Polynesia,PYF,2001,
French Polynesia,PYF,2000,
French Polynesia,PYF,1999,
French Polynesia,PYF,1998,
French Polynesia,PYF,1997,
French Polynesia,PYF,1996,
French Polynesia,PYF,1995,
French Polynesia,PYF,1994,
French Polynesia,PYF,1993,
French Polynesia,PYF,1992,
French Polynesia,PYF,1991,
French Polynesia,PYF,1990,
French Polynesia,PYF,1989,
French Polynesia,PYF,1988,
French Polynesia,PYF,1987,
French Polynesia,PYF,1986,
French Polynesia,PYF,1985,
French Polynesia,PYF,1984,
French Polynesia,PYF,1983,
French Polynesia,PYF,1982,
French Polynesia,PYF,1981,
French Polynesia,PYF,1980,
French Polynesia,PYF,1979,
French Polynesia,PYF,1978,
French Polynesia,PYF,1977,
French Polynesia,PYF,1976,
French Polynesia,PYF,1975,
French Polynesia,PYF,1974,
French Polynesia,PYF,1973,
French Polynesia,PYF,1972,
French Polynesia,PYF,1971,
French Polynesia,PYF,1970,
French Polynesia,PYF,1969,
French Polynesia,PYF,1968,
French Polynesia,PYF,1967,
French Polynesia,PYF,1966,
French Polynesia,PYF,1965,
French Polynesia,PYF,1964,
French Polynesia,PYF,1963,
French Polynesia,PYF,1962,
French Polynesia,PYF,1961,
French Polynesia,PYF,1960,
Gabon,GAB,2025,
Gabon,GAB,2024,21510.1725307344
Gabon,GAB,2023,20755.665381766
Gabon,GAB,2022,19992.5570643468
Gabon,GAB,2021,18523.5798032193
Gabon,GAB,2020,14477.1308291744
Gabon,GAB,2019,15949.6373739622
Gabon,GAB,2018,15432.0430535353
Gabon,GAB,2017,14796.6286374171
Gabon,GAB,2016,13997.7352841911
Gabon,GAB,2015,14306.4340768252
Gabon,GAB,2014,14853.6712460355
Gabon,GAB,2013,14497.9921216902
Gabon,GAB,2012,14619.7181445113
Gabon,GAB,2011,14784.3483551883
Gabon,GAB,2010,14014.6905491122
Gabon,GAB,2009,13383.5662273185
Gabon,GAB,2008,13733.7012862122
Gabon,GAB,2007,14391.2465868132
Gabon,GAB,2006,13637.2590188998
Gabon,GAB,2005,14028.356207939
Gabon,GAB,2004,13637.6667971195
Gabon,GAB,2003,13564.1804141405
Gabon,GAB,2002,13369.1233374468
Gabon,GAB,2001,13555.6285395224
Gabon,GAB,2000,13326.1169521318
Gabon,GAB,1999,13628.8627465984
Gabon,GAB,1998,15137.804148017
Gabon,GAB,1997,14837.42713226
Gabon,GAB,1996,14146.6570728963
Gabon,GAB,1995,13750.1072324947
Gabon,GAB,1994,13163.5304266032
Gabon,GAB,1993,12756.9147783179
Gabon,GAB,1992,12311.9638127229
Gabon,GAB,1991,12760.1824013242
Gabon,GAB,1990,11952.0243620827
Gabon,GAB,1989,
Gabon,GAB,1988,
Gabon,GAB,1987,
Gabon,GAB,1986,
Gabon,GAB,1985,
Gabon,GAB,1984,
Gabon,GAB,1983,
Gabon,GAB,1982,
Gabon,GAB,1981,
Gabon,GAB,1980,
Gabon,GAB,1979,
Gabon,GAB,1978,
Gabon,GAB,1977,
Gabon,GAB,1976,
Gabon,GAB,1975,
Gabon,GAB,1974,
Gabon,GAB,1973,
Gabon,GAB,1972,
Gabon,GAB,1971,
Gabon,GAB,1970,
Gabon,GAB,1969,
Gabon,GAB,1968,
Gabon,GAB,1967,
Gabon,GAB,1966,
Gabon,GAB,1965,
Gabon,GAB,1964,
Gabon,GAB,1963,
Gabon,GAB,1962,
Gabon,GAB,1961,
Gabon,GAB,1960,
"Gambia, The",GMB,2025,
"Gambia, The",GMB,2024,3475.61245701341
"Gambia, The",GMB,2023,3289.13283057107
"Gambia, The",GMB,2022,3067.31040374628
"Gambia, The",GMB,2021,2777.79620978324
"Gambia, The",GMB,2020,2530.80414937307
"Gambia, The",GMB,2019,2421.72318070615
"Gambia, The",GMB,2018,2277.44236224191
"Gambia, The",GMB,2017,2038.95429850128
"Gambia, The",GMB,2016,2012.67648180251
"Gambia, The",GMB,2015,1990.31625750973
"Gambia, The",GMB,2014,1933.70329718446
"Gambia, The",GMB,2013,2006.74081646788
"Gambia, The",GMB,2012,2064.81438121612
"Gambia, The",GMB,2011,2064.253852883
"Gambia, The",GMB,2010,2266.82898238442
"Gambia, The",GMB,2009,2177.05344695607
"Gambia, The",GMB,2008,2088.27166129033
"Gambia, The",GMB,2007,1985.040252425
"Gambia, The",GMB,2006,1930.81888537674
"Gambia, The",GMB,2005,1938.02362742194
"Gambia, The",GMB,2004,1978.63262689984
"Gambia, The",GMB,2003,1849.78337005418
"Gambia, The",GMB,2002,1743.69432511929
"Gambia, The",GMB,2001,1822.9796510577
"Gambia, The",GMB,2000,1731.3384764555
"Gambia, The",GMB,1999,1649.27952578781
"Gambia, The",GMB,1998,1571.50459237719
"Gambia, The",GMB,1997,1544.21196765822
"Gambia, The",GMB,1996,1488.80055397191
"Gambia, The",GMB,1995,1472.19762507905
"Gambia, The",GMB,1994,1472.5548566366
"Gambia, The",GMB,1993,1486.62332140689
"Gambia, The",GMB,1992,1462.38688927487
"Gambia, The",GMB,1991,1440.43973903083
"Gambia, The",GMB,1990,1409.3272189486
"Gambia, The",GMB,1989,
"Gambia, The",GMB,1988,
"Gambia, The",GMB,1987,
"Gambia, The",GMB,1986,
"Gambia, The",GMB,1985,
"Gambia, The",GMB,1984,
"Gambia, The",GMB,1983,
"Gambia, The",GMB,1982,
"Gambia, The",GMB,1981,
"Gambia, The",GMB,1980,
"Gambia, The",GMB,1979,
"Gambia, The",GMB,1978,
"Gambia, The",GMB,1977,
"Gambia, The",GMB,1976,
"Gambia, The",GMB,1975,
"Gambia, The",GMB,1974,
"Gambia, The",GMB,1973,
"Gambia, The",GMB,1972,
"Gambia, The",GMB,1971,
"Gambia, The",GMB,1970,
"Gambia, The",GMB,1969,
"Gambia, The",GMB,1968,
"Gambia, The",GMB,1967,
"Gambia, The",GMB,1966,
"Gambia, The",GMB,1965,
"Gambia, The",GMB,1964,
"Gambia, The",GMB,1963,
"Gambia, The",GMB,1962,
"Gambia, The",GMB,1961,
"Gambia, The",GMB,1960,
Georgia,GEO,2025,
Georgia,GEO,2024,28285.0732802982
Georgia,GEO,2023,25071.9677264107
Georgia,GEO,2022,22461.3326414547
Georgia,GEO,2021,18915.6534005263
Georgia,GEO,2020,16791.2598654465
Georgia,GEO,2019,16770.1333771469
Georgia,GEO,2018,15021.9057577433
Georgia,GEO,2017,13718.9378669764
Georgia,GEO,2016,13065.294157468
Georgia,GEO,2015,12269.6528932768
Georgia,GEO,2014,11770.6989360253
Georgia,GEO,2013,10797.3423273476
Georgia,GEO,2012,10059.9820603954
Georgia,GEO,2011,8563.83554915647
Georgia,GEO,2010,7711.80683889487
Georgia,GEO,2009,7119.14279081978
Georgia,GEO,2008,7278.66312193993
Georgia,GEO,2007,6951.08584266081
Georgia,GEO,2006,5980.44390488226
Georgia,GEO,2005,5271.95095261655
Georgia,GEO,2004,4634.77757594477
Georgia,GEO,2003,4239.93841372799
Georgia,GEO,2002,3718.68693255545
Georgia,GEO,2001,3440.72817931982
Georgia,GEO,2000,3161.19582490118
Georgia,GEO,1999,2976.85797333062
Georgia,GEO,1998,2795.39447706365
Georgia,GEO,1997,2615.64621072521
Georgia,GEO,1996,2253.09523341327
Georgia,GEO,1995,1918.76988598651
Georgia,GEO,1994,1764.24469895173
Georgia,GEO,1993,1898.37119622324
Georgia,GEO,1992,2643.1783620022
Georgia,GEO,1991,4726.62231011804
Georgia,GEO,1990,5835.58091333477
Georgia,GEO,1989,
Georgia,GEO,1988,
Georgia,GEO,1987,
Georgia,GEO,1986,
Georgia,GEO,1985,
Georgia,GEO,1984,
Georgia,GEO,1983,
Georgia,GEO,1982,
Georgia,GEO,1981,
Georgia,GEO,1980,
Georgia,GEO,1979,
Georgia,GEO,1978,
Georgia,GEO,1977,
Georgia,GEO,1976,
Georgia,GEO,1975,
Georgia,GEO,1974,
Georgia,GEO,1973,
Georgia,GEO,1972,
Georgia,GEO,1971,
Georgia,GEO,1970,
Georgia,GEO,1969,
Georgia,GEO,1968,
Georgia,GEO,1967,
Georgia,GEO,1966,
Georgia,GEO,1965,
Georgia,GEO,1964,
Georgia,GEO,1963,
Georgia,GEO,1962,
Georgia,GEO,1961,
Georgia,GEO,1960,
Germany,DEU,2025,
Germany,DEU,2024,73551.9347696836
Germany,DEU,2023,71684.0311875583
Germany,DEU,2022,69048.9884036885
Germany,DEU,2021,62530.7653199239
Germany,DEU,2020,58685.872699771
Germany,DEU,2019,59270.7276496985
Germany,DEU,2018,56273.0405627017
Germany,DEU,2017,54110.2536648812
Germany,DEU,2016,51569.9016841199
Germany,DEU,2015,48545.400721962
Germany,DEU,2014,47938.7968210418
Germany,DEU,2013,45889.0173022052
Germany,DEU,2012,44229.3941921739
Germany,DEU,2011,43398.3443992496
Germany,DEU,2010,39726.098692395
Germany,DEU,2009,37573.9910136539
Germany,DEU,2008,38443.5386278958
Germany,DEU,2007,36914.0023792935
Germany,DEU,2006,34741.3353426224
Germany,DEU,2005,32313.736788417
Germany,DEU,2004,31753.1720592803
Germany,DEU,2003,30301.4017692833
Germany,DEU,2002,29513.6823267102
Germany,DEU,2001,28674.1682823146
Germany,DEU,2000,27473.6669767024
Germany,DEU,1999,26517.9342856214
Germany,DEU,1998,25445.8585366297
Germany,DEU,1997,24649.4588738256
Germany,DEU,1996,24169.0699436833
Germany,DEU,1995,23630.5518935199
Germany,DEU,1994,22869.2124447891
Germany,DEU,1993,21900.1979136537
Germany,DEU,1992,21745.8178030582
Germany,DEU,1991,21000.6955481553
Germany,DEU,1990,19467.8150314767
Germany,DEU,1989,
Germany,DEU,1988,
Germany,DEU,1987,
Germany,DEU,1986,
Germany,DEU,1985,
Germany,DEU,1984,
Germany,DEU,1983,
Germany,DEU,1982,
Germany,DEU,1981,
Germany,DEU,1980,
Germany,DEU,1979,
Germany,DEU,1978,
Germany,DEU,1977,
Germany,DEU,1976,
Germany,DEU,1975,
Germany,DEU,1974,
Germany,DEU,1973,
Germany,DEU,1972,
Germany,DEU,1971,
Germany,DEU,1970,
Germany,DEU,1969,
Germany,DEU,1968,
Germany,DEU,1967,
Germany,DEU,1966,
Germany,DEU,1965,
Germany,DEU,1964,
Germany,DEU,1963,
Germany,DEU,1962,
Germany,DEU,1961,
Germany,DEU,1960,
Ghana,GHA,2025,
Ghana,GHA,2024,8019.99702389611
Ghana,GHA,2023,7556.41605453234
Ghana,GHA,2022,7208.15798982723
Ghana,GHA,2021,6607.50297378321
Ghana,GHA,2020,6047.30111673554
Ghana,GHA,2019,6002.55044678386
Ghana,GHA,2018,5536.49795400218
Ghana,GHA,2017,5170.96094857439
Ghana,GHA,2016,5011.07931572904
Ghana,GHA,2015,5191.37053389659
Ghana,GHA,2014,5517.13178763566
Ghana,GHA,2013,5214.56935848794
Ghana,GHA,2012,4933.65254349093
Ghana,GHA,2011,4381.12535523694
Ghana,GHA,2010,3855.46891716757
Ghana,GHA,2009,3617.23944435035
Ghana,GHA,2008,3515.58923520243
Ghana,GHA,2007,3241.22081107324
Ghana,GHA,2006,3103.22625820374
Ghana,GHA,2005,2903.83429043881
Ghana,GHA,2004,2729.34450244911
Ghana,GHA,2003,2584.47723729151
Ghana,GHA,2002,2475.09635357919
Ghana,GHA,2001,2397.30067037823
Ghana,GHA,2000,2315.17803047482
Ghana,GHA,1999,2238.66523268803
Ghana,GHA,1998,2166.64663101054
Ghana,GHA,1997,2096.76500280929
Ghana,GHA,1996,2025.83267073248
Ghana,GHA,1995,1946.82217283298
Ghana,GHA,1994,1875.26172705512
Ghana,GHA,1993,1820.65329619434
Ghana,GHA,1992,1738.64019039428
Ghana,GHA,1991,1677.60575346033
Ghana,GHA,1990,1580.65048833616
Ghana,GHA,1989,
Ghana,GHA,1988,
Ghana,GHA,1987,
Ghana,GHA,1986,
Ghana,GHA,1985,
Ghana,GHA,1984,
Ghana,GHA,1983,
Ghana,GHA,1982,
Ghana,GHA,1981,
Ghana,GHA,1980,
Ghana,GHA,1979,
Ghana,GHA,1978,
Ghana,GHA,1977,
Ghana,GHA,1976,
Ghana,GHA,1975,
Ghana,GHA,1974,
Ghana,GHA,1973,
Ghana,GHA,1972,
Ghana,GHA,1971,
Ghana,GHA,1970,
Ghana,GHA,1969,
Ghana,GHA,1968,
Ghana,GHA,1967,
Ghana,GHA,1966,
Ghana,GHA,1965,
Ghana,GHA,1964,
Ghana,GHA,1963,
Ghana,GHA,1962,
Ghana,GHA,1961,
Ghana,GHA,1960,
Gibraltar,GIB,2025,
Gibraltar,GIB,2024,
Gibraltar,GIB,2023,
Gibraltar,GIB,2022,
Gibraltar,GIB,2021,
Gibraltar,GIB,2020,
Gibraltar,GIB,2019,
Gibraltar,GIB,2018,
Gibraltar,GIB,2017,
Gibraltar,GIB,2016,
Gibraltar,GIB,2015,
Gibraltar,GIB,2014,
Gibraltar,GIB,2013,
Gibraltar,GIB,2012,
Gibraltar,GIB,2011,
Gibraltar,GIB,2010,
Gibraltar,GIB,2009,
Gibraltar,GIB,2008,
Gibraltar,GIB,2007,
Gibraltar,GIB,2006,
Gibraltar,GIB,2005,
Gibraltar,GIB,2004,
Gibraltar,GIB,2003,
Gibraltar,GIB,2002,
Gibraltar,GIB,2001,
Gibraltar,GIB,2000,
Gibraltar,GIB,1999,
Gibraltar,GIB,1998,
Gibraltar,GIB,1997,
Gibraltar,GIB,1996,
Gibraltar,GIB,1995,
Gibraltar,GIB,1994,
Gibraltar,GIB,1993,
Gibraltar,GIB,1992,
Gibraltar,GIB,1991,
Gibraltar,GIB,1990,
Gibraltar,GIB,1989,
Gibraltar,GIB,1988,
Gibraltar,GIB,1987,
Gibraltar,GIB,1986,
Gibraltar,GIB,1985,
Gibraltar,GIB,1984,
Gibraltar,GIB,1983,
Gibraltar,GIB,1982,
Gibraltar,GIB,1981,
Gibraltar,GIB,1980,
Gibraltar,GIB,1979,
Gibraltar,GIB,1978,
Gibraltar,GIB,1977,
Gibraltar,GIB,1976,
Gibraltar,GIB,1975,
Gibraltar,GIB,1974,
Gibraltar,GIB,1973,
Gibraltar,GIB,1972,
Gibraltar,GIB,1971,
Gibraltar,GIB,1970,
Gibraltar,GIB,1969,
Gibraltar,GIB,1968,
Gibraltar,GIB,1967,
Gibraltar,GIB,1966,
Gibraltar,GIB,1965,
Gibraltar,GIB,1964,
Gibraltar,GIB,1963,
Gibraltar,GIB,1962,
Gibraltar,GIB,1961,
Gibraltar,GIB,1960,
Greece,GRC,2025,
Greece,GRC,2024,44327.2097808276
Greece,GRC,2023,42710.5058010314
Greece,GRC,2022,39612.4406377916
Greece,GRC,2021,33531.15511226
Greece,GRC,2020,29533.087740299
Greece,GRC,2019,31927.3792151369
Greece,GRC,2018,29792.0592519585
Greece,GRC,2017,28681.6815585005
Greece,GRC,2016,27504.5497984948
Greece,GRC,2015,26607.7256796976
Greece,GRC,2014,26450.181326726
Greece,GRC,2013,25730.8809006664
Greece,GRC,2012,24582.9741957507
Greece,GRC,2011,25692.5740851321
Greece,GRC,2010,27838.73639086
Greece,GRC,2009,29963.3968875108
Greece,GRC,2008,30440.9709059081
Greece,GRC,2007,28895.874926558
Greece,GRC,2006,28076.1241416392
Greece,GRC,2005,25003.8297466933
Greece,GRC,2004,24825.5735347512
Greece,GRC,2003,23252.6111362028
Greece,GRC,2002,21985.2345411071
Greece,GRC,2001,20303.9312433429
Greece,GRC,2000,18819.8544320117
Greece,GRC,1999,17758.0055742801
Greece,GRC,1998,17433.5829767675
Greece,GRC,1997,16630.4781484617
Greece,GRC,1996,15778.4020297225
Greece,GRC,1995,15217.8019629681
Greece,GRC,1994,14667.1010047956
Greece,GRC,1993,14149.5782711785
Greece,GRC,1992,14129.567617274
Greece,GRC,1991,13823.9094383428
Greece,GRC,1990,13126.2744827516
Greece,GRC,1989,
Greece,GRC,1988,
Greece,GRC,1987,
Greece,GRC,1986,
Greece,GRC,1985,
Greece,GRC,1984,
Greece,GRC,1983,
Greece,GRC,1982,
Greece,GRC,1981,
Greece,GRC,1980,
Greece,GRC,1979,
Greece,GRC,1978,
Greece,GRC,1977,
Greece,GRC,1976,
Greece,GRC,1975,
Greece,GRC,1974,
Greece,GRC,1973,
Greece,GRC,1972,
Greece,GRC,1971,
Greece,GRC,1970,
Greece,GRC,1969,
Greece,GRC,1968,
Greece,GRC,1967,
Greece,GRC,1966,
Greece,GRC,1965,
Greece,GRC,1964,
Greece,GRC,1963,
Greece,GRC,1962,
Greece,GRC,1961,
Greece,GRC,1960,
Greenland,GRL,2025,
Greenland,GRL,2024,
Greenland,GRL,2023,78840.5978395988
Greenland,GRL,2022,75720.4298219323
Greenland,GRL,2021,69302.0088788237
Greenland,GRL,2020,64999.4435683064
Greenland,GRL,2019,64264.0564607393
Greenland,GRL,2018,61806.8271308174
Greenland,GRL,2017,60010.0982907298
Greenland,GRL,2016,58908.5907729314
Greenland,GRL,2015,55815.6502883612
Greenland,GRL,2014,56555.0690671219
Greenland,GRL,2013,52893.6503558212
Greenland,GRL,2012,52389.325351824
Greenland,GRL,2011,50653.0585916924
Greenland,GRL,2010,50190.8817880429
Greenland,GRL,2009,48924.7640849636
Greenland,GRL,2008,48203.123064415
Greenland,GRL,2007,44366.4315156047
Greenland,GRL,2006,42039.7937935486
Greenland,GRL,2005,38527.0850327204
Greenland,GRL,2004,35604.3390646877
Greenland,GRL,2003,32516.0413742949
Greenland,GRL,2002,30618.0027855733
Greenland,GRL,2001,30561.7998286959
Greenland,GRL,2000,29616.1597427886
Greenland,GRL,1999,27080.861127791
Greenland,GRL,1998,26340.0521696512
Greenland,GRL,1997,24215.21634684
Greenland,GRL,1996,23502.0727206909
Greenland,GRL,1995,22772.5642046708
Greenland,GRL,1994,21619.3510848686
Greenland,GRL,1993,20092.0955053659
Greenland,GRL,1992,20628.5739839402
Greenland,GRL,1991,21178.8724402694
Greenland,GRL,1990,20472.4556673559
Greenland,GRL,1989,
Greenland,GRL,1988,
Greenland,GRL,1987,
Greenland,GRL,1986,
Greenland,GRL,1985,
Greenland,GRL,1984,
Greenland,GRL,1983,
Greenland,GRL,1982,
Greenland,GRL,1981,
Greenland,GRL,1980,
Greenland,GRL,1979,
Greenland,GRL,1978,
Greenland,GRL,1977,
Greenland,GRL,1976,
Greenland,GRL,1975,
Greenland,GRL,1974,
Greenland,GRL,1973,
Greenland,GRL,1972,
Greenland,GRL,1971,
Greenland,GRL,1970,
Greenland,GRL,1969,
Greenland,GRL,1968,
Greenland,GRL,1967,
Greenland,GRL,1966,
Greenland,GRL,1965,
Greenland,GRL,1964,
Greenland,GRL,1963,
Greenland,GRL,1962,
Greenland,GRL,1961,
Greenland,GRL,1960,
Grenada,GRD,2025,
Grenada,GRD,2024,20177.8094927386
Grenada,GRD,2023,18970.740164653
Grenada,GRD,2022,17543.9815596266
Grenada,GRD,2021,15290.250903138
Grenada,GRD,2020,14361.1267154452
Grenada,GRD,2019,16446.1138871871
Grenada,GRD,2018,15974.8591933124
Grenada,GRD,2017,15041.4525712067
Grenada,GRD,2016,13977.5055879135
Grenada,GRD,2015,13214.4096644941
Grenada,GRD,2014,12228.6481055395
Grenada,GRD,2013,11199.4040197944
Grenada,GRD,2012,10575.1056268616
Grenada,GRD,2011,10591.7475649916
Grenada,GRD,2010,10344.3839189192
Grenada,GRD,2009,10303.3432602774
Grenada,GRD,2008,11000.7523577301
Grenada,GRD,2007,10727.6792054748
Grenada,GRD,2006,9876.6166955998
Grenada,GRD,2005,10016.3479735194
Grenada,GRD,2004,8605.82398540487
Grenada,GRD,2003,8469.08752658602
Grenada,GRD,2002,7620.673877466
Grenada,GRD,2001,7282.70841986036
Grenada,GRD,2000,7305.72456197879
Grenada,GRD,1999,6857.18705295078
Grenada,GRD,1998,6368.01229390603
Grenada,GRD,1997,5673.25524146038
Grenada,GRD,1996,5346.72504062929
Grenada,GRD,1995,5062.0755370584
Grenada,GRD,1994,4889.1471711245
Grenada,GRD,1993,4741.9758272631
Grenada,GRD,1992,4760.99863893561
Grenada,GRD,1991,4732.56296770425
Grenada,GRD,1990,4552.95522181704
Grenada,GRD,1989,
Grenada,GRD,1988,
Grenada,GRD,1987,
Grenada,GRD,1986,
Grenada,GRD,1985,
Grenada,GRD,1984,
Grenada,GRD,1983,
Grenada,GRD,1982,
Grenada,GRD,1981,
Grenada,GRD,1980,
Grenada,GRD,1979,
Grenada,GRD,1978,
Grenada,GRD,1977,
Grenada,GRD,1976,
Grenada,GRD,1975,
Grenada,GRD,1974,
Grenada,GRD,1973,
Grenada,GRD,1972,
Grenada,GRD,1971,
Grenada,GRD,1970,
Grenada,GRD,1969,
Grenada,GRD,1968,
Grenada,GRD,1967,
Grenada,GRD,1966,
Grenada,GRD,1965,
Grenada,GRD,1964,
Grenada,GRD,1963,
Grenada,GRD,1962,
Grenada,GRD,1961,
Grenada,GRD,1960,
Guam,GUM,2025,
Guam,GUM,2024,
Guam,GUM,2023,
Guam,GUM,2022,
Guam,GUM,2021,
Guam,GUM,2020,
Guam,GUM,2019,
Guam,GUM,2018,
Guam,GUM,2017,
Guam,GUM,2016,
Guam,GUM,2015,
Guam,GUM,2014,
Guam,GUM,2013,
Guam,GUM,2012,
Guam,GUM,2011,
Guam,GUM,2010,
Guam,GUM,2009,
Guam,GUM,2008,
Guam,GUM,2007,
Guam,GUM,2006,
Guam,GUM,2005,
Guam,GUM,2004,
Guam,GUM,2003,
Guam,GUM,2002,
Guam,GUM,2001,
Guam,GUM,2000,
Guam,GUM,1999,
Guam,GUM,1998,
Guam,GUM,1997,
Guam,GUM,1996,
Guam,GUM,1995,
Guam,GUM,1994,
Guam,GUM,1993,
Guam,GUM,1992,
Guam,GUM,1991,
Guam,GUM,1990,
Guam,GUM,1989,
Guam,GUM,1988,
Guam,GUM,1987,
Guam,GUM,1986,
Guam,GUM,1985,
Guam,GUM,1984,
Guam,GUM,1983,
Guam,GUM,1982,
Guam,GUM,1981,
Guam,GUM,1980,
Guam,GUM,1979,
Guam,GUM,1978,
Guam,GUM,1977,
Guam,GUM,1976,
Guam,GUM,1975,
Guam,GUM,1974,
Guam,GUM,1973,
Guam,GUM,1972,
Guam,GUM,1971,
Guam,GUM,1970,
Guam,GUM,1969,
Guam,GUM,1968,
Guam,GUM,1967,
Guam,GUM,1966,
Guam,GUM,1965,
Guam,GUM,1964,
Guam,GUM,1963,
Guam,GUM,1962,
Guam,GUM,1961,
Guam,GUM,1960,
Guatemala,GTM,2025,
Guatemala,GTM,2024,14368.6605681815
Guatemala,GTM,2023,13745.3631241794
Guatemala,GTM,2022,13014.0153809826
Guatemala,GTM,2021,11825.141273764
Guatemala,GTM,2020,10947.3711292197
Guatemala,GTM,2019,10755.8801029589
Guatemala,GTM,2018,9946.80252245268
Guatemala,GTM,2017,9560.17783462724
Guatemala,GTM,2016,9201.42836046353
Guatemala,GTM,2015,8934.00261178396
Guatemala,GTM,2014,8236.65929901849
Guatemala,GTM,2013,7699.94541247252
Guatemala,GTM,2012,7258.31667467883
Guatemala,GTM,2011,6784.44712953621
Guatemala,GTM,2010,6510.09980949963
Guatemala,GTM,2009,6376.74106297933
Guatemala,GTM,2008,6434.50703746094
Guatemala,GTM,2007,6238.33976946504
Guatemala,GTM,2006,5833.3869180176
Guatemala,GTM,2005,5486.27776986281
Guatemala,GTM,2004,5263.446549119
Guatemala,GTM,2003,5081.38005585657
Guatemala,GTM,2002,4969.25744944448
Guatemala,GTM,2001,4821.54598486775
Guatemala,GTM,2000,4714.96666200848
Guatemala,GTM,1999,4556.92065212543
Guatemala,GTM,1998,4437.12460774704
Guatemala,GTM,1997,4287.43247775736
Guatemala,GTM,1996,4143.14829389051
Guatemala,GTM,1995,4055.4386529756
Guatemala,GTM,1994,3886.33368451408
Guatemala,GTM,1993,3756.26912805727
Guatemala,GTM,1992,3626.11530302376
Guatemala,GTM,1991,3472.76308818094
Guatemala,GTM,1990,3329.59677072946
Guatemala,GTM,1989,
Guatemala,GTM,1988,
Guatemala,GTM,1987,
Guatemala,GTM,1986,
Guatemala,GTM,1985,
Guatemala,GTM,1984,
Guatemala,GTM,1983,
Guatemala,GTM,1982,
Guatemala,GTM,1981,
Guatemala,GTM,1980,
Guatemala,GTM,1979,
Guatemala,GTM,1978,
Guatemala,GTM,1977,
Guatemala,GTM,1976,
Guatemala,GTM,1975,
Guatemala,GTM,1974,
Guatemala,GTM,1973,
Guatemala,GTM,1972,
Guatemala,GTM,1971,
Guatemala,GTM,1970,
Guatemala,GTM,1969,
Guatemala,GTM,1968,
Guatemala,GTM,1967,
Guatemala,GTM,1966,
Guatemala,GTM,1965,
Guatemala,GTM,1964,
Guatemala,GTM,1963,
Guatemala,GTM,1962,
Guatemala,GTM,1961,
Guatemala,GTM,1960,
Guinea,GIN,2025,
Guinea,GIN,2024,4565.3007888456
Guinea,GIN,2023,4333.74617312626
Guinea,GIN,2022,4062.36136437922
Guinea,GIN,2021,3738.8051255133
Guinea,GIN,2020,3331.85663003801
Guinea,GIN,2019,3105.82789015443
Guinea,GIN,2018,2844.46427670549
Guinea,GIN,2017,2687.09504827171
Guinea,GIN,2016,2255.32617992615
Guinea,GIN,2015,1929.68091332187
Guinea,GIN,2014,1873.21413058957
Guinea,GIN,2013,1842.00227737409
Guinea,GIN,2012,1789.97473033561
Guinea,GIN,2011,1705.27110438049
Guinea,GIN,2010,1621.69161141242
Guinea,GIN,2009,1566.70089247765
Guinea,GIN,2008,1613.69884518936
Guinea,GIN,2007,1557.58584868863
Guinea,GIN,2006,1452.96083164187
Guinea,GIN,2005,1422.35088198922
Guinea,GIN,2004,1366.03160239235
Guinea,GIN,2003,1327.96776541054
Guinea,GIN,2002,1315.36669371684
Guinea,GIN,2001,1250.97059720231
Guinea,GIN,2000,1195.80611453345
Guinea,GIN,1999,1163.36009312694
Guinea,GIN,1998,1130.0430385777
Guinea,GIN,1997,1098.66868512012
Guinea,GIN,1996,1048.15823915274
Guinea,GIN,1995,1013.63232372878
Guinea,GIN,1994,975.98002294389
Guinea,GIN,1993,947.058235567764
Guinea,GIN,1992,907.939406421145
Guinea,GIN,1991,887.470959996525
Guinea,GIN,1990,870.744222648833
Guinea,GIN,1989,
Guinea,GIN,1988,
Guinea,GIN,1987,
Guinea,GIN,1986,
Guinea,GIN,1985,
Guinea,GIN,1984,
Guinea,GIN,1983,
Guinea,GIN,1982,
Guinea,GIN,1981,
Guinea,GIN,1980,
Guinea,GIN,1979,
Guinea,GIN,1978,
Guinea,GIN,1977,
Guinea,GIN,1976,
Guinea,GIN,1975,
Guinea,GIN,1974,
Guinea,GIN,1973,
Guinea,GIN,1972,
Guinea,GIN,1971,
Guinea,GIN,1970,
Guinea,GIN,1969,
Guinea,GIN,1968,
Guinea,GIN,1967,
Guinea,GIN,1966,
Guinea,GIN,1965,
Guinea,GIN,1964,
Guinea,GIN,1963,
Guinea,GIN,1962,
Guinea,GIN,1961,
Guinea,GIN,1960,
Guinea-Bissau,GNB,2025,
Guinea-Bissau,GNB,2024,3119.37157047437
Guinea-Bissau,GNB,2023,2989.67235980477
Guinea-Bissau,GNB,2022,2788.83773937954
Guinea-Bissau,GNB,2021,2522.76764302521
Guinea-Bissau,GNB,2020,2339.79326967821
Guinea-Bissau,GNB,2019,2247.31303739185
Guinea-Bissau,GNB,2018,2057.96969129146
Guinea-Bissau,GNB,2017,2081.81287227685
Guinea-Bissau,GNB,2016,1824.3730977071
Guinea-Bissau,GNB,2015,1729.94260310123
Guinea-Bissau,GNB,2014,1455.90813665193
Guinea-Bissau,GNB,2013,1415.82511935379
Guinea-Bissau,GNB,2012,1401.84994044148
Guinea-Bissau,GNB,2011,1471.76279879072
Guinea-Bissau,GNB,2010,1369.68917066121
Guinea-Bissau,GNB,2009,1314.97078661955
Guinea-Bissau,GNB,2008,1308.53556699717
Guinea-Bissau,GNB,2007,1259.6056068922
Guinea-Bissau,GNB,2006,1225.91824576792
Guinea-Bissau,GNB,2005,1186.62631354737
Guinea-Bissau,GNB,2004,1105.34322841441
Guinea-Bissau,GNB,2003,1088.74265675319
Guinea-Bissau,GNB,2002,1095.22305833488
Guinea-Bissau,GNB,2001,1063.57228308529
Guinea-Bissau,GNB,2000,1013.97349183331
Guinea-Bissau,GNB,1999,1000.60568713344
Guinea-Bissau,GNB,1998,860.790008706065
Guinea-Bissau,GNB,1997,1118.23355977066
Guinea-Bissau,GNB,1996,1052.05187958949
Guinea-Bissau,GNB,1995,945.246706228473
Guinea-Bissau,GNB,1994,909.486584465275
Guinea-Bissau,GNB,1993,889.989243397549
Guinea-Bissau,GNB,1992,880.0865645361
Guinea-Bissau,GNB,1991,876.544183930708
Guinea-Bissau,GNB,1990,824.102250619802
Guinea-Bissau,GNB,1989,
Guinea-Bissau,GNB,1988,
Guinea-Bissau,GNB,1987,
Guinea-Bissau,GNB,1986,
Guinea-Bissau,GNB,1985,
Guinea-Bissau,GNB,1984,
Guinea-Bissau,GNB,1983,
Guinea-Bissau,GNB,1982,
Guinea-Bissau,GNB,1981,
Guinea-Bissau,GNB,1980,
Guinea-Bissau,GNB,1979,
Guinea-Bissau,GNB,1978,
Guinea-Bissau,GNB,1977,
Guinea-Bissau,GNB,1976,
Guinea-Bissau,GNB,1975,
Guinea-Bissau,GNB,1974,
Guinea-Bissau,GNB,1973,
Guinea-Bissau,GNB,1972,
Guinea-Bissau,GNB,1971,
Guinea-Bissau,GNB,1970,
Guinea-Bissau,GNB,1969,
Guinea-Bissau,GNB,1968,
Guinea-Bissau,GNB,1967,
Guinea-Bissau,GNB,1966,
Guinea-Bissau,GNB,1965,
Guinea-Bissau,GNB,1964,
Guinea-Bissau,GNB,1963,
Guinea-Bissau,GNB,1962,
Guinea-Bissau,GNB,1961,
Guinea-Bissau,GNB,1960,
Guyana,GUY,2025,
Guyana,GUY,2024,80155.03939277
Guyana,GUY,2023,54729.0365156366
Guyana,GUY,2022,39710.9695607531
Guyana,GUY,2021,22865.9270968882
Guyana,GUY,2020,16819.4228714695
Guyana,GUY,2019,13240.9713761155
Guyana,GUY,2018,12442.5087185876
Guyana,GUY,2017,12243.2225968541
Guyana,GUY,2016,11516.3798289577
Guyana,GUY,2015,11408.473901349
Guyana,GUY,2014,11145.0291198724
Guyana,GUY,2013,11199.8874744089
Guyana,GUY,2012,10626.8256674463
Guyana,GUY,2011,10066.0729753598
Guyana,GUY,2010,9336.59830212594
Guyana,GUY,2009,8824.48960162477
Guyana,GUY,2008,8436.51438442543
Guyana,GUY,2007,8110.02999896567
Guyana,GUY,2006,7345.94028212224
Guyana,GUY,2005,6761.1179841322
Guyana,GUY,2004,6672.82299438544
Guyana,GUY,2003,6392.33315799222
Guyana,GUY,2002,6303.90372199923
Guyana,GUY,2001,6131.2968302103
Guyana,GUY,2000,5859.91791902933
Guyana,GUY,1999,5811.999707641
Guyana,GUY,1998,5572.67440854641
Guyana,GUY,1997,5614.71289991481
Guyana,GUY,1996,5209.99477155294
Guyana,GUY,1995,4752.65240551821
Guyana,GUY,1994,4447.10079740591
Guyana,GUY,1993,4027.04772347017
Guyana,GUY,1992,3651.32451445501
Guyana,GUY,1991,3322.03615280097
Guyana,GUY,1990,3021.60951472208
Guyana,GUY,1989,
Guyana,GUY,1988,
Guyana,GUY,1987,
Guyana,GUY,1986,
Guyana,GUY,1985,
Guyana,GUY,1984,
Guyana,GUY,1983,
Guyana,GUY,1982,
Guyana,GUY,1981,
Guyana,GUY,1980,
Guyana,GUY,1979,
Guyana,GUY,1978,
Guyana,GUY,1977,
Guyana,GUY,1976,
Guyana,GUY,1975,
Guyana,GUY,1974,
Guyana,GUY,1973,
Guyana,GUY,1972,
Guyana,GUY,1971,
Guyana,GUY,1970,
Guyana,GUY,1969,
Guyana,GUY,1968,
Guyana,GUY,1967,
Guyana,GUY,1966,
Guyana,GUY,1965,
Guyana,GUY,1964,
Guyana,GUY,1963,
Guyana,GUY,1962,
Guyana,GUY,1961,
Guyana,GUY,1960,
Haiti,HTI,2025,
Haiti,HTI,2024,3193.67136419915
Haiti,HTI,2023,3291.73817887066
Haiti,HTI,2022,3275.40718126345
Haiti,HTI,2021,3145.00681057269
Haiti,HTI,2020,3103.18066312462
Haiti,HTI,2019,3236.97492504607
Haiti,HTI,2018,3196.97386370614
Haiti,HTI,2017,3339.38884653446
Haiti,HTI,2016,3253.47178641614
Haiti,HTI,2015,3025.83461728258
Haiti,HTI,2014,3075.73843837062
Haiti,HTI,2013,3042.4970687871
Haiti,HTI,2012,2830.19080559709
Haiti,HTI,2011,2858.19645979435
Haiti,HTI,2010,2694.91104137315
Haiti,HTI,2009,2855.15971385494
Haiti,HTI,2008,2724.45922826633
Haiti,HTI,2007,2647.4953861343
Haiti,HTI,2006,2503.65932681978
Haiti,HTI,2005,2427.44808551393
Haiti,HTI,2004,2322.19786798691
Haiti,HTI,2003,2330.91873933383
Haiti,HTI,2002,2247.97896614654
Haiti,HTI,2001,2229.84396723075
Haiti,HTI,2000,2228.50133637731
Haiti,HTI,1999,2200.58953485606
Haiti,HTI,1998,2152.00366307537
Haiti,HTI,1997,2121.84940075252
Haiti,HTI,1996,2069.61454132124
Haiti,HTI,1995,1989.01647380882
Haiti,HTI,1994,1806.82303582261
Haiti,HTI,1993,2048.24345327582
Haiti,HTI,1992,2157.59713304947
Haiti,HTI,1991,2272.76227185922
Haiti,HTI,1990,2202.2277471919
Haiti,HTI,1989,
Haiti,HTI,1988,
Haiti,HTI,1987,
Haiti,HTI,1986,
Haiti,HTI,1985,
Haiti,HTI,1984,
Haiti,HTI,1983,
Haiti,HTI,1982,
Haiti,HTI,1981,
Haiti,HTI,1980,
Haiti,HTI,1979,
Haiti,HTI,1978,
Haiti,HTI,1977,
Haiti,HTI,1976,
Haiti,HTI,1975,
Haiti,HTI,1974,
Haiti,HTI,1973,
Haiti,HTI,1972,
Haiti,HTI,1971,
Haiti,HTI,1970,
Haiti,HTI,1969,
Haiti,HTI,1968,
Haiti,HTI,1967,
Haiti,HTI,1966,
Haiti,HTI,1965,
Haiti,HTI,1964,
Haiti,HTI,1963,
Haiti,HTI,1962,
Haiti,HTI,1961,
Haiti,HTI,1960,
Honduras,HND,2025,
Honduras,HND,2024,7486.01869616445
Honduras,HND,2023,7178.33906781522
Honduras,HND,2022,6805.49358294554
Honduras,HND,2021,6202.98078812037
Honduras,HND,2020,5384.69831983038
Honduras,HND,2019,5784.93081057111
Honduras,HND,2018,5633.3832384519
Honduras,HND,2017,5620.65455247733
Honduras,HND,2016,5186.15897417161
Honduras,HND,2015,4845.59566521125
Honduras,HND,2014,4460.05742833175
Honduras,HND,2013,4137.3268237781
Honduras,HND,2012,4016.34609101801
Honduras,HND,2011,3900.71136173338
Honduras,HND,2010,3757.5464206245
Honduras,HND,2009,3655.79701383106
Honduras,HND,2008,3806.34706373843
Honduras,HND,2007,3664.0882849454
Honduras,HND,2006,3437.62296344903
Honduras,HND,2005,3203.95918990724
Honduras,HND,2004,3001.29671320439
Honduras,HND,2003,2820.71404423524
Honduras,HND,2002,2714.5663201945
Honduras,HND,2001,2645.25477555617
Honduras,HND,2000,2587.42253930427
Honduras,HND,1999,2372.18211345372
Honduras,HND,1998,2152.23523375187
Honduras,HND,1997,1958.7037455146
Honduras,HND,1996,1617.38460343469
Honduras,HND,1995,1328.73446363105
Honduras,HND,1994,1073.88620798893
Honduras,HND,1993,838.387398874274
Honduras,HND,1992,741.44894815429
Honduras,HND,1991,684.014910541603
Honduras,HND,1990,540.018768788537
Honduras,HND,1989,
Honduras,HND,1988,
Honduras,HND,1987,
Honduras,HND,1986,
Honduras,HND,1985,
Honduras,HND,1984,
Honduras,HND,1983,
Honduras,HND,1982,
Honduras,HND,1981,
Honduras,HND,1980,
Honduras,HND,1979,
Honduras,HND,1978,
Honduras,HND,1977,
Honduras,HND,1976,
Honduras,HND,1975,
Honduras,HND,1974,
Honduras,HND,1973,
Honduras,HND,1972,
Honduras,HND,1971,
Honduras,HND,1970,
Honduras,HND,1969,
Honduras,HND,1968,
Honduras,HND,1967,
Honduras,HND,1966,
Honduras,HND,1965,
Honduras,HND,1964,
Honduras,HND,1963,
Honduras,HND,1962,
Honduras,HND,1961,
Honduras,HND,1960,
"Hong Kong SAR, China",HKG,2025,
"Hong Kong SAR, China",HKG,2024,75195.9865970615
"Hong Kong SAR, China",HKG,2023,71512.3193551161
"Hong Kong SAR, China",HKG,2022,68602.1257900473
"Hong Kong SAR, China",HKG,2021,65884.9376260603
"Hong Kong SAR, China",HKG,2020,58187.4764072535
"Hong Kong SAR, China",HKG,2019,61221.4195400701
"Hong Kong SAR, China",HKG,2018,60900.2752924537
"Hong Kong SAR, China",HKG,2017,59260.9131761938
"Hong Kong SAR, China",HKG,2016,56761.4824132224
"Hong Kong SAR, China",HKG,2015,56043.042695697
"Hong Kong SAR, China",HKG,2014,54514.9268059819
"Hong Kong SAR, China",HKG,2013,53517.419549888
"Hong Kong SAR, China",HKG,2012,52149.6812694206
"Hong Kong SAR, China",HKG,2011,52277.4664432843
"Hong Kong SAR, China",HKG,2010,49197.6469338098
"Hong Kong SAR, China",HKG,2009,45861.4775210139
"Hong Kong SAR, China",HKG,2008,46830.2384798239
"Hong Kong SAR, China",HKG,2007,45257.6516105824
"Hong Kong SAR, China",HKG,2006,41745.5016249309
"Hong Kong SAR, China",HKG,2005,38079.5726781956
"Hong Kong SAR, China",HKG,2004,34532.2491577194
"Hong Kong SAR, China",HKG,2003,31178.6830095146
"Hong Kong SAR, China",HKG,2002,29609.7666883704
"Hong Kong SAR, China",HKG,2001,28808.8079174675
"Hong Kong SAR, China",HKG,2000,28224.5090219727
"Hong Kong SAR, China",HKG,1999,25861.8167738082
"Hong Kong SAR, China",HKG,1998,25116.086352046
"Hong Kong SAR, China",HKG,1997,26610.5664720712
"Hong Kong SAR, China",HKG,1996,25098.1950233633
"Hong Kong SAR, China",HKG,1995,24713.1954269103
"Hong Kong SAR, China",HKG,1994,24117.2620499308
"Hong Kong SAR, China",HKG,1993,22776.105346348
"Hong Kong SAR, China",HKG,1992,21312.6006166936
"Hong Kong SAR, China",HKG,1991,19780.1548469616
"Hong Kong SAR, China",HKG,1990,18251.7185788383
"Hong Kong SAR, China",HKG,1989,
"Hong Kong SAR, China",HKG,1988,
"Hong Kong SAR, China",HKG,1987,
"Hong Kong SAR, China",HKG,1986,
"Hong Kong SAR, China",HKG,1985,
"Hong Kong SAR, China",HKG,1984,
"Hong Kong SAR, China",HKG,1983,
"Hong Kong SAR, China",HKG,1982,
"Hong Kong SAR, China",HKG,1981,
"Hong Kong SAR, China",HKG,1980,
"Hong Kong SAR, China",HKG,1979,
"Hong Kong SAR, China",HKG,1978,
"Hong Kong SAR, China",HKG,1977,
"Hong Kong SAR, China",HKG,1976,
"Hong Kong SAR, China",HKG,1975,
"Hong Kong SAR, China",HKG,1974,
"Hong Kong SAR, China",HKG,1973,
"Hong Kong SAR, China",HKG,1972,
"Hong Kong SAR, China",HKG,1971,
"Hong Kong SAR, China",HKG,1970,
"Hong Kong SAR, China",HKG,1969,
"Hong Kong SAR, China",HKG,1968,
"Hong Kong SAR, China",HKG,1967,
"Hong Kong SAR, China",HKG,1966,
"Hong Kong SAR, China",HKG,1965,
"Hong Kong SAR, China",HKG,1964,
"Hong Kong SAR, China",HKG,1963,
"Hong Kong SAR, China",HKG,1962,
"Hong Kong SAR, China",HKG,1961,
"Hong Kong SAR, China",HKG,1960,
Hungary,HUN,2025,
Hungary,HUN,2024,48552.4708092529
Hungary,HUN,2023,46592.3856070073
Hungary,HUN,2022,44365.9108128343
Hungary,HUN,2021,38887.1909527154
Hungary,HUN,2020,35583.5855675637
Hungary,HUN,2019,35627.2315520858
Hungary,HUN,2018,32258.2577892511
Hungary,HUN,2017,29728.0121568801
Hungary,HUN,2016,28178.9450366919
Hungary,HUN,2015,26937.7320818864
Hungary,HUN,2014,25796.2100959256
Hungary,HUN,2013,24591.6380503055
Hungary,HUN,2012,23205.310668404
Hungary,HUN,2011,22992.2184657584
Hungary,HUN,2010,21690.9866477738
Hungary,HUN,2009,20691.4485224486
Hungary,HUN,2008,20708.7615120316
Hungary,HUN,2007,19089.2936988152
Hungary,HUN,2006,18361.9963871537
Hungary,HUN,2005,17091.2761318193
Hungary,HUN,2004,16250.6523854316
Hungary,HUN,2003,15459.9630651172
Hungary,HUN,2002,14532.3075182088
Hungary,HUN,2001,13222.7298612624
Hungary,HUN,2000,11871.6712053699
Hungary,HUN,1999,10892.4856104468
Hungary,HUN,1998,10415.2905886577
Hungary,HUN,1997,9846.43441638411
Hungary,HUN,1996,9387.57595434635
Hungary,HUN,1995,9222.18538242597
Hungary,HUN,1994,8887.84236113025
Hungary,HUN,1993,8441.35306660172
Hungary,HUN,1992,8284.22702640089
Hungary,HUN,1991,8352.41137095729
Hungary,HUN,1990,9169.12684065445
Hungary,HUN,1989,
Hungary,HUN,1988,
Hungary,HUN,1987,
Hungary,HUN,1986,
Hungary,HUN,1985,
Hungary,HUN,1984,
Hungary,HUN,1983,
Hungary,HUN,1982,
Hungary,HUN,1981,
Hungary,HUN,1980,
Hungary,HUN,1979,
Hungary,HUN,1978,
Hungary,HUN,1977,
Hungary,HUN,1976,
Hungary,HUN,1975,
Hungary,HUN,1974,
Hungary,HUN,1973,
Hungary,HUN,1972,
Hungary,HUN,1971,
Hungary,HUN,1970,
Hungary,HUN,1969,
Hungary,HUN,1968,
Hungary,HUN,1967,
Hungary,HUN,1966,
Hungary,HUN,1965,
Hungary,HUN,1964,
Hungary,HUN,1963,
Hungary,HUN,1962,
Hungary,HUN,1961,
Hungary,HUN,1960,
Iceland,ISL,2025,
Iceland,ISL,2024,84256.8454573112
Iceland,ISL,2023,81608.4479116436
Iceland,ISL,2022,75332.8528345867
Iceland,ISL,2021,61610.2132740715
Iceland,ISL,2020,55796.7454667632
Iceland,ISL,2019,60523.8179440825
Iceland,ISL,2018,57197.7676247175
Iceland,ISL,2017,55638.4920591794
Iceland,ISL,2016,53480.3971946764
Iceland,ISL,2015,49201.0640964553
Iceland,ISL,2014,45996.9687476901
Iceland,ISL,2013,44409.6689530904
Iceland,ISL,2012,42004.4476110597
Iceland,ISL,2011,40936.867830513
Iceland,ISL,2010,39763.988895791
Iceland,ISL,2009,41884.7731963414
Iceland,ISL,2008,43728.1140564123
Iceland,ISL,2007,41471.3319195839
Iceland,ISL,2006,39691.6062749347
Iceland,ISL,2005,37322.7399272793
Iceland,ISL,2004,35612.4400297798
Iceland,ISL,2003,32696.8839410753
Iceland,ISL,2002,32607.1058796568
Iceland,ISL,2001,31882.0593909097
Iceland,ISL,2000,29789.2463608304
Iceland,ISL,1999,29557.5418268846
Iceland,ISL,1998,28722.9953918655
Iceland,ISL,1997,26874.4027840062
Iceland,ISL,1996,24776.2989322945
Iceland,ISL,1995,23954.2791966976
Iceland,ISL,1994,23562.4990057936
Iceland,ISL,1993,22460.201025872
Iceland,ISL,1992,21877.0328879934
Iceland,ISL,1991,22416.3842550422
Iceland,ISL,1990,21985.0469603036
Iceland,ISL,1989,
Iceland,ISL,1988,
Iceland,ISL,1987,
Iceland,ISL,1986,
Iceland,ISL,1985,
Iceland,ISL,1984,
Iceland,ISL,1983,
Iceland,ISL,1982,
Iceland,ISL,1981,
Iceland,ISL,1980,
Iceland,ISL,1979,
Iceland,ISL,1978,
Iceland,ISL,1977,
Iceland,ISL,1976,
Iceland,ISL,1975,
Iceland,ISL,1974,
Iceland,ISL,1973,
Iceland,ISL,1972,
Iceland,ISL,1971,
Iceland,ISL,1970,
Iceland,ISL,1969,
Iceland,ISL,1968,
Iceland,ISL,1967,
Iceland,ISL,1966,
Iceland,ISL,1965,
Iceland,ISL,1964,
Iceland,ISL,1963,
Iceland,ISL,1962,
Iceland,ISL,1961,
Iceland,ISL,1960,
India,IND,2025,
India,IND,2024,11159.9856476091
India,IND,2023,10323.4998734428
India,IND,2022,9207.12743040145
India,IND,2021,8050.01857452664
India,IND,2020,6966.27542785911
India,IND,2019,7150.92423452926
India,IND,2018,6714.96639877754
India,IND,2017,6144.71714444938
India,IND,2016,5800.48149366552
India,IND,2015,5425.03599091046
India,IND,2014,5191.59149903249
India,IND,2013,5014.3505659078
India,IND,2012,4819.64288218731
India,IND,2011,4454.70153200513
India,IND,2010,4206.45986002117
India,IND,2009,3886.58197693247
India,IND,2008,3633.36783240716
India,IND,2007,3508.06183171605
India,IND,2006,3220.62692939401
India,IND,2005,2936.80322011933
India,IND,2004,2681.86116841254
India,IND,2003,2461.48251610861
India,IND,2002,2277.06974775051
India,IND,2001,2199.53910446478
India,IND,2000,2090.85806894486
India,IND,1999,2006.27286702604
India,IND,1998,1852.40649050297
India,IND,1997,1758.85336185916
India,IND,1996,1694.73980804852
India,IND,1995,1578.67124418308
India,IND,1994,1466.60425541449
India,IND,1993,1374.10152892404
India,IND,1992,1308.60046648973
India,IND,1991,1239.05800550017
India,IND,1990,1211.98252596236
India,IND,1989,
India,IND,1988,
India,IND,1987,
India,IND,1986,
India,IND,1985,
India,IND,1984,
India,IND,1983,
India,IND,1982,
India,IND,1981,
India,IND,1980,
India,IND,1979,
India,IND,1978,
India,IND,1977,
India,IND,1976,
India,IND,1975,
India,IND,1974,
India,IND,1973,
India,IND,1972,
India,IND,1971,
India,IND,1970,
India,IND,1969,
India,IND,1968,
India,IND,1967,
India,IND,1966,
India,IND,1965,
India,IND,1964,
India,IND,1963,
India,IND,1962,
India,IND,1961,
India,IND,1960,
Indonesia,IDN,2025,
Indonesia,IDN,2024,16448.2755179559
Indonesia,IDN,2023,15415.7079259527
Indonesia,IDN,2022,14284.929293133
Indonesia,IDN,2021,12757.0746440204
Indonesia,IDN,2020,11729.3674458448
Indonesia,IDN,2019,11986.4701508376
Indonesia,IDN,2018,11372.0971987612
Indonesia,IDN,2017,10687.6409218443
Indonesia,IDN,2016,10262.5951651871
Indonesia,IDN,2015,10027.5372996025
Indonesia,IDN,2014,10064.677127417
Indonesia,IDN,2013,9866.01699250847
Indonesia,IDN,2012,9530.29071136718
Indonesia,IDN,2011,8936.99215549454
Indonesia,IDN,2010,8353.45684733249
Indonesia,IDN,2009,7868.14818333554
Indonesia,IDN,2008,7569.25304691272
Indonesia,IDN,2007,7096.38768916734
Indonesia,IDN,2006,6583.35112358046
Indonesia,IDN,2005,6134.1667301082
Indonesia,IDN,2004,5700.04949535761
Indonesia,IDN,2003,5352.50750391531
Indonesia,IDN,2002,5076.16438159536
Indonesia,IDN,2001,4848.55580110852
Indonesia,IDN,2000,4639.03942639464
Indonesia,IDN,1999,4385.93971371397
Indonesia,IDN,1998,4355.77997397004
Indonesia,IDN,1997,5037.22152387708
Indonesia,IDN,1996,4807.0926728128
Indonesia,IDN,1995,4451.00021287614
Indonesia,IDN,1994,4095.99846606786
Indonesia,IDN,1993,3792.59465726279
Indonesia,IDN,1992,3538.4843126036
Indonesia,IDN,1991,3305.36393308693
Indonesia,IDN,1990,3043.94197509412
Indonesia,IDN,1989,
Indonesia,IDN,1988,
Indonesia,IDN,1987,
Indonesia,IDN,1986,
Indonesia,IDN,1985,
Indonesia,IDN,1984,
Indonesia,IDN,1983,
Indonesia,IDN,1982,
Indonesia,IDN,1981,
Indonesia,IDN,1980,
Indonesia,IDN,1979,
Indonesia,IDN,1978,
Indonesia,IDN,1977,
Indonesia,IDN,1976,
Indonesia,IDN,1975,
Indonesia,IDN,1974,
Indonesia,IDN,1973,
Indonesia,IDN,1972,
Indonesia,IDN,1971,
Indonesia,IDN,1970,
Indonesia,IDN,1969,
Indonesia,IDN,1968,
Indonesia,IDN,1967,
Indonesia,IDN,1966,
Indonesia,IDN,1965,
Indonesia,IDN,1964,
Indonesia,IDN,1963,
Indonesia,IDN,1962,
Indonesia,IDN,1961,
Indonesia,IDN,1960,
"Iran, Islamic Rep.",IRN,2025,
"Iran, Islamic Rep.",IRN,2024,19873.8860853805
"Iran, Islamic Rep.",IRN,2023,18917.0914723132
"Iran, Islamic Rep.",IRN,2022,17545.6246629429
"Iran, Islamic Rep.",IRN,2021,15884.4276775963
"Iran, Islamic Rep.",IRN,2020,15119.3058859964
"Iran, Islamic Rep.",IRN,2019,13927.5128074328
"Iran, Islamic Rep.",IRN,2018,15324.0674634637
"Iran, Islamic Rep.",IRN,2017,15719.416701551
"Iran, Islamic Rep.",IRN,2016,15194.7855803519
"Iran, Islamic Rep.",IRN,2015,14273.5499061586
"Iran, Islamic Rep.",IRN,2014,16065.158186028
"Iran, Islamic Rep.",IRN,2013,16215.2119014642
"Iran, Islamic Rep.",IRN,2012,17021.3716792921
"Iran, Islamic Rep.",IRN,2011,19275.4376880063
"Iran, Islamic Rep.",IRN,2010,18627.815202271
"Iran, Islamic Rep.",IRN,2009,17614.6718696057
"Iran, Islamic Rep.",IRN,2008,17548.6737761348
"Iran, Islamic Rep.",IRN,2007,17383.7156564162
"Iran, Islamic Rep.",IRN,2006,15906.858138036
"Iran, Islamic Rep.",IRN,2005,15016.2676076876
"Iran, Islamic Rep.",IRN,2004,14425.4169992792
"Iran, Islamic Rep.",IRN,2003,13754.9065131458
"Iran, Islamic Rep.",IRN,2002,12554.3307701588
"Iran, Islamic Rep.",IRN,2001,11532.9987571459
"Iran, Islamic Rep.",IRN,2000,11186.8999218792
"Iran, Islamic Rep.",IRN,1999,10488.6701052403
"Iran, Islamic Rep.",IRN,1998,10284.7044582579
"Iran, Islamic Rep.",IRN,1997,10100.9716218982
"Iran, Islamic Rep.",IRN,1996,9915.58939391696
"Iran, Islamic Rep.",IRN,1995,9255.33507082465
"Iran, Islamic Rep.",IRN,1994,8951.27311386769
"Iran, Islamic Rep.",IRN,1993,8932.54883002324
"Iran, Islamic Rep.",IRN,1992,8887.62824032412
"Iran, Islamic Rep.",IRN,1991,8580.1797997108
"Iran, Islamic Rep.",IRN,1990,7565.85440732493
"Iran, Islamic Rep.",IRN,1989,
"Iran, Islamic Rep.",IRN,1988,
"Iran, Islamic Rep.",IRN,1987,
"Iran, Islamic Rep.",IRN,1986,
"Iran, Islamic Rep.",IRN,1985,
"Iran, Islamic Rep.",IRN,1984,
"Iran, Islamic Rep.",IRN,1983,
"Iran, Islamic Rep.",IRN,1982,
"Iran, Islamic Rep.",IRN,1981,
"Iran, Islamic Rep.",IRN,1980,
"Iran, Islamic Rep.",IRN,1979,
"Iran, Islamic Rep.",IRN,1978,
"Iran, Islamic Rep.",IRN,1977,
"Iran, Islamic Rep.",IRN,1976,
"Iran, Islamic Rep.",IRN,1975,
"Iran, Islamic Rep.",IRN,1974,
"Iran, Islamic Rep.",IRN,1973,
"Iran, Islamic Rep.",IRN,1972,
"Iran, Islamic Rep.",IRN,1971,
"Iran, Islamic Rep.",IRN,1970,
"Iran, Islamic Rep.",IRN,1969,
"Iran, Islamic Rep.",IRN,1968,
"Iran, Islamic Rep.",IRN,1967,
"Iran, Islamic Rep.",IRN,1966,
"Iran, Islamic Rep.",IRN,1965,
"Iran, Islamic Rep.",IRN,1964,
"Iran, Islamic Rep.",IRN,1963,
"Iran, Islamic Rep.",IRN,1962,
"Iran, Islamic Rep.",IRN,1961,
"Iran, Islamic Rep.",IRN,1960,
Iraq,IRQ,2025,
Iraq,IRQ,2024,14464.3186928173
Iraq,IRQ,2023,14652.5212399212
Iraq,IRQ,2022,14391.1292349806
Iraq,IRQ,2021,12731.7535755129
Iraq,IRQ,2020,10573.9304750715
Iraq,IRQ,2019,12248.5917385964
Iraq,IRQ,2018,12034.4011214944
Iraq,IRQ,2017,10191.6616988639
Iraq,IRQ,2016,9079.13531769496
Iraq,IRQ,2015,9334.46604866315
Iraq,IRQ,2014,13168.245587417
Iraq,IRQ,2013,14668.5432764995
Iraq,IRQ,2012,14402.0340893955
Iraq,IRQ,2011,12912.0299790146
Iraq,IRQ,2010,12186.1929623841
Iraq,IRQ,2009,11687.0142083267
Iraq,IRQ,2008,11657.3168702462
Iraq,IRQ,2007,10783.1236406224
Iraq,IRQ,2006,10223.1065322558
Iraq,IRQ,2005,9457.04454256902
Iraq,IRQ,2004,9289.7422464959
Iraq,IRQ,2003,6068.45161808346
Iraq,IRQ,2002,9682.37619485733
Iraq,IRQ,2001,10719.6194208455
Iraq,IRQ,2000,10627.9400727491
Iraq,IRQ,1999,9194.47420287909
Iraq,IRQ,1998,7964.05684933034
Iraq,IRQ,1997,6019.88912578392
Iraq,IRQ,1996,5034.47628349469
Iraq,IRQ,1995,4597.62130801613
Iraq,IRQ,1994,4559.9311313495
Iraq,IRQ,1993,4509.04363347126
Iraq,IRQ,1992,3546.96543470584
Iraq,IRQ,1991,2694.03940918547
Iraq,IRQ,1990,
Iraq,IRQ,1989,
Iraq,IRQ,1988,
Iraq,IRQ,1987,
Iraq,IRQ,1986,
Iraq,IRQ,1985,
Iraq,IRQ,1984,
Iraq,IRQ,1983,
Iraq,IRQ,1982,
Iraq,IRQ,1981,
Iraq,IRQ,1980,
Iraq,IRQ,1979,
Iraq,IRQ,1978,
Iraq,IRQ,1977,
Iraq,IRQ,1976,
Iraq,IRQ,1975,
Iraq,IRQ,1974,
Iraq,IRQ,1973,
Iraq,IRQ,1972,
Iraq,IRQ,1971,
Iraq,IRQ,1970,
Iraq,IRQ,1969,
Iraq,IRQ,1968,
Iraq,IRQ,1967,
Iraq,IRQ,1966,
Iraq,IRQ,1965,
Iraq,IRQ,1964,
Iraq,IRQ,1963,
Iraq,IRQ,1962,
Iraq,IRQ,1961,
Iraq,IRQ,1960,
Ireland,IRL,2025,
Ireland,IRL,2024,133437.470117019
Ireland,IRL,2023,129682.607150517
Ireland,IRL,2022,138522.517800204
Ireland,IRL,2021,116903.61243517
Ireland,IRL,2020,97799.9225748607
Ireland,IRL,2019,92022.59879983
Ireland,IRL,2018,86299.3420216976
Ireland,IRL,2017,80450.3529336506
Ireland,IRL,2016,73012.8198720374
Ireland,IRL,2015,71588.2656638378
Ireland,IRL,2014,52640.7843918553
Ireland,IRL,2013,48838.7719825525
Ireland,IRL,2012,46726.2157665366
Ireland,IRL,2011,45525.7181239042
Ireland,IRL,2010,43212.2040003212
Ireland,IRL,2009,41491.4741532831
Ireland,IRL,2008,44169.0943411644
Ireland,IRL,2007,46782.3762067243
Ireland,IRL,2006,44222.6536034198
Ireland,IRL,2005,40466.2343515711
Ireland,IRL,2004,38729.2468204554
Ireland,IRL,2003,36280.4827472575
Ireland,IRL,2002,35222.028724352
Ireland,IRL,2001,32573.4634024331
Ireland,IRL,2000,30215.9324896691
Ireland,IRL,1999,27041.3474221597
Ireland,IRL,1998,25093.995962126
Ireland,IRL,1997,22637.382448244
Ireland,IRL,1996,20481.5733736688
Ireland,IRL,1995,18944.0443391881
Ireland,IRL,1994,17011.4382733955
Ireland,IRL,1993,15811.4896948976
Ireland,IRL,1992,15115.7694903972
Ireland,IRL,1991,14398.7642769344
Ireland,IRL,1990,13742.8758185709
Ireland,IRL,1989,
Ireland,IRL,1988,
Ireland,IRL,1987,
Ireland,IRL,1986,
Ireland,IRL,1985,
Ireland,IRL,1984,
Ireland,IRL,1983,
Ireland,IRL,1982,
Ireland,IRL,1981,
Ireland,IRL,1980,
Ireland,IRL,1979,
Ireland,IRL,1978,
Ireland,IRL,1977,
Ireland,IRL,1976,
Ireland,IRL,1975,
Ireland,IRL,1974,
Ireland,IRL,1973,
Ireland,IRL,1972,
Ireland,IRL,1971,
Ireland,IRL,1970,
Ireland,IRL,1969,
Ireland,IRL,1968,
Ireland,IRL,1967,
Ireland,IRL,1966,
Ireland,IRL,1965,
Ireland,IRL,1964,
Ireland,IRL,1963,
Ireland,IRL,1962,
Ireland,IRL,1961,
Ireland,IRL,1960,
Isle of Man,IMN,2025,
Isle of Man,IMN,2024,
Isle of Man,IMN,2023,
Isle of Man,IMN,2022,
Isle of Man,IMN,2021,
Isle of Man,IMN,2020,
Isle of Man,IMN,2019,
Isle of Man,IMN,2018,
Isle of Man,IMN,2017,
Isle of Man,IMN,2016,
Isle of Man,IMN,2015,
Isle of Man,IMN,2014,
Isle of Man,IMN,2013,
Isle of Man,IMN,2012,
Isle of Man,IMN,2011,
Isle of Man,IMN,2010,
Isle of Man,IMN,2009,
Isle of Man,IMN,2008,
Isle of Man,IMN,2007,
Isle of Man,IMN,2006,
Isle of Man,IMN,2005,
Isle of Man,IMN,2004,
Isle of Man,IMN,2003,
Isle of Man,IMN,2002,
Isle of Man,IMN,2001,
Isle of Man,IMN,2000,
Isle of Man,IMN,1999,
Isle of Man,IMN,1998,
Isle of Man,IMN,1997,
Isle of Man,IMN,1996,
Isle of Man,IMN,1995,
Isle of Man,IMN,1994,
Isle of Man,IMN,1993,
Isle of Man,IMN,1992,
Isle of Man,IMN,1991,
Isle of Man,IMN,1990,
Isle of Man,IMN,1989,
Isle of Man,IMN,1988,
Isle of Man,IMN,1987,
Isle of Man,IMN,1986,
Isle of Man,IMN,1985,
Isle of Man,IMN,1984,
Isle of Man,IMN,1983,
Isle of Man,IMN,1982,
Isle of Man,IMN,1981,
Isle of Man,IMN,1980,
Isle of Man,IMN,1979,
Isle of Man,IMN,1978,
Isle of Man,IMN,1977,
Isle of Man,IMN,1976,
Isle of Man,IMN,1975,
Isle of Man,IMN,1974,
Isle of Man,IMN,1973,
Isle of Man,IMN,1972,
Isle of Man,IMN,1971,
Isle of Man,IMN,1970,
Isle of Man,IMN,1969,
Isle of Man,IMN,1968,
Isle of Man,IMN,1967,
Isle of Man,IMN,1966,
Isle of Man,IMN,1965,
Isle of Man,IMN,1964,
Isle of Man,IMN,1963,
Isle of Man,IMN,1962,
Isle of Man,IMN,1961,
Isle of Man,IMN,1960,
Israel,ISR,2025,
Israel,ISR,2024,57235.7763244136
Israel,ISR,2023,55171.2318814321
Israel,ISR,2022,53619.0680995095
Israel,ISR,2021,46162.0822730247
Israel,ISR,2020,40955.2856179152
Israel,ISR,2019,41325.1783656756
Israel,ISR,2018,40189.9909957069
Israel,ISR,2017,39470.8681262164
Israel,ISR,2016,38189.1610278241
Israel,ISR,2015,35870.7927156301
Israel,ISR,2014,34816.2422460071
Israel,ISR,2013,34827.3647351146
Israel,ISR,2012,32483.7421872738
Israel,ISR,2011,31313.9334997029
Israel,ISR,2010,29455.9546732511
Israel,ISR,2009,28086.837763597
Israel,ISR,2008,28083.8366135952
Israel,ISR,2007,28307.4484607857
Israel,ISR,2006,26385.2125662841
Israel,ISR,2005,25700.9862605809
Israel,ISR,2004,26077.5034831211
Israel,ISR,2003,24702.2945858529
Israel,ISR,2002,26101.3287841133
Israel,ISR,2001,25806.3845070858
Israel,ISR,2000,25766.1567835118
Israel,ISR,1999,23415.2823443577
Israel,ISR,1998,22926.5936861362
Israel,ISR,1997,22278.6634955273
Israel,ISR,1996,21671.6202057464
Israel,ISR,1995,20641.771699307
Israel,ISR,1994,19478.4513313807
Israel,ISR,1993,18218.2669592667
Israel,ISR,1992,17553.204011915
Israel,ISR,1991,16486.281130016
Israel,ISR,1990,15721.3264818613
Israel,ISR,1989,
Israel,ISR,1988,
Israel,ISR,1987,
Israel,ISR,1986,
Israel,ISR,1985,
Israel,ISR,1984,
Israel,ISR,1983,
Israel,ISR,1982,
Israel,ISR,1981,
Israel,ISR,1980,
Israel,ISR,1979,
Israel,ISR,1978,
Israel,ISR,1977,
Israel,ISR,1976,
Israel,ISR,1975,
Israel,ISR,1974,
Israel,ISR,1973,
Israel,ISR,1972,
Israel,ISR,1971,
Israel,ISR,1970,
Israel,ISR,1969,
Israel,ISR,1968,
Israel,ISR,1967,
Israel,ISR,1966,
Israel,ISR,1965,
Israel,ISR,1964,
Israel,ISR,1963,
Israel,ISR,1962,
Israel,ISR,1961,
Israel,ISR,1960,
Italy,ITA,2025,
Italy,ITA,2024,62014.2675153689
Italy,ITA,2023,60029.871712398
Italy,ITA,2022,57260.8945372493
Italy,ITA,2021,49825.3934111848
Italy,ITA,2020,44435.6434393527
Italy,ITA,2019,46661.9105159611
Italy,ITA,2018,43386.7005868803
Italy,ITA,2017,42142.3435406885
Italy,ITA,2016,40482.562999856
Italy,ITA,2015,37384.3796455406
Italy,ITA,2014,36665.68576775
Italy,ITA,2013,36459.2950248716
Italy,ITA,2012,36281.1014243506
Italy,ITA,2011,36392.2827759493
Italy,ITA,2010,34974.1045135807
Italy,ITA,2009,34501.7122743906
Italy,ITA,2008,35422.3424391113
Italy,ITA,2007,34107.5078152619
Italy,ITA,2006,32453.6488675587
Italy,ITA,2005,30137.8180374437
Italy,ITA,2004,29580.8439042327
Italy,ITA,2003,29249.1801358747
Italy,ITA,2002,28833.0217903129
Italy,ITA,2001,28134.0572858014
Italy,ITA,2000,27152.1544907116
Italy,ITA,1999,25654.6814189029
Italy,ITA,1998,25075.3143427125
Italy,ITA,1997,23936.7931493729
Italy,ITA,1996,23100.7866507594
Italy,ITA,1995,22446.0455046057
Italy,ITA,1994,21368.5687948064
Italy,ITA,1993,20485.4434748589
Italy,ITA,1992,20195.5875939945
Italy,ITA,1991,19595.5409023254
Italy,ITA,1990,18680.297476875
Italy,ITA,1989,
Italy,ITA,1988,
Italy,ITA,1987,
Italy,ITA,1986,
Italy,ITA,1985,
Italy,ITA,1984,
Italy,ITA,1983,
Italy,ITA,1982,
Italy,ITA,1981,
Italy,ITA,1980,
Italy,ITA,1979,
Italy,ITA,1978,
Italy,ITA,1977,
Italy,ITA,1976,
Italy,ITA,1975,
Italy,ITA,1974,
Italy,ITA,1973,
Italy,ITA,1972,
Italy,ITA,1971,
Italy,ITA,1970,
Italy,ITA,1969,
Italy,ITA,1968,
Italy,ITA,1967,
Italy,ITA,1966,
Italy,ITA,1965,
Italy,ITA,1964,
Italy,ITA,1963,
Italy,ITA,1962,
Italy,ITA,1961,
Italy,ITA,1960,
Jamaica,JAM,2025,
Jamaica,JAM,2024,12890.2660051472
Jamaica,JAM,2023,12650.9052955938
Jamaica,JAM,2022,11887.770369423
Jamaica,JAM,2021,10430.6909771759
Jamaica,JAM,2020,9764.3525879784
Jamaica,JAM,2019,10845.0113635875
Jamaica,JAM,2018,10752.7406650924
Jamaica,JAM,2017,10466.4876782146
Jamaica,JAM,2016,9948.0414677444
Jamaica,JAM,2015,9476.14929465037
Jamaica,JAM,2014,9209.58586596513
Jamaica,JAM,2013,9101.41496692481
Jamaica,JAM,2012,8830.6507947905
Jamaica,JAM,2011,8809.36100077931
Jamaica,JAM,2010,8521.28876417328
Jamaica,JAM,2009,8579.58979915443
Jamaica,JAM,2008,8951.50600945916
Jamaica,JAM,2007,8892.78260659657
Jamaica,JAM,2006,8576.5315399634
Jamaica,JAM,2005,8127.37945036695
Jamaica,JAM,2004,7853.86424340999
Jamaica,JAM,2003,7592.60910494511
Jamaica,JAM,2002,7225.94228628004
Jamaica,JAM,2001,7019.01755520128
Jamaica,JAM,2000,6816.410294822
Jamaica,JAM,1999,6653.36888379921
Jamaica,JAM,1998,6543.19022715352
Jamaica,JAM,1997,6682.05332975274
Jamaica,JAM,1996,6706.10756669651
Jamaica,JAM,1995,6657.15227020372
Jamaica,JAM,1994,6434.89706065784
Jamaica,JAM,1993,6278.58777970602
Jamaica,JAM,1992,5663.64053416734
Jamaica,JAM,1991,5485.15259799012
Jamaica,JAM,1990,5105.50625987547
Jamaica,JAM,1989,
Jamaica,JAM,1988,
Jamaica,JAM,1987,
Jamaica,JAM,1986,
Jamaica,JAM,1985,
Jamaica,JAM,1984,
Jamaica,JAM,1983,
Jamaica,JAM,1982,
Jamaica,JAM,1981,
Jamaica,JAM,1980,
Jamaica,JAM,1979,
Jamaica,JAM,1978,
Jamaica,JAM,1977,
Jamaica,JAM,1976,
Jamaica,JAM,1975,
Jamaica,JAM,1974,
Jamaica,JAM,1973,
Jamaica,JAM,1972,
Jamaica,JAM,1971,
Jamaica,JAM,1970,
Jamaica,JAM,1969,
Jamaica,JAM,1968,
Jamaica,JAM,1967,
Jamaica,JAM,1966,
Jamaica,JAM,1965,
Jamaica,JAM,1964,
Jamaica,JAM,1963,
Jamaica,JAM,1962,
Jamaica,JAM,1961,
Jamaica,JAM,1960,
Japan,JPN,2025,
Japan,JPN,2024,52039.1716551611
Japan,JPN,2023,50661.7663463109
Japan,JPN,2022,47192.0500603372
Japan,JPN,2021,44355.3487163354
Japan,JPN,2020,42425.6946789651
Japan,JPN,2019,42678.1511448354
Japan,JPN,2018,42141.9352987758
Japan,JPN,2017,41444.2157443912
Japan,JPN,2016,40596.9686628995
Japan,JPN,2015,40898.80697396
Japan,JPN,2014,39555.4120089198
Japan,JPN,2013,39402.0250988025
Japan,JPN,2012,37605.9742614539
Japan,JPN,2011,36214.4397740241
Japan,JPN,2010,35336.0080490032
Japan,JPN,2009,33543.4198739871
Japan,JPN,2008,35273.791152156
Japan,JPN,2007,35015.3282881632
Japan,JPN,2006,33631.8076359161
Japan,JPN,2005,32169.867493646
Japan,JPN,2004,30831.5079104998
Japan,JPN,2003,29391.7042370729
Japan,JPN,2002,28623.5884479367
Japan,JPN,2001,27942.7419601305
Japan,JPN,2000,27287.9793301608
Japan,JPN,1999,25735.9710911517
Japan,JPN,1998,25508.4207628332
Japan,JPN,1997,25619.0091028825
Japan,JPN,1996,24999.4894445723
Japan,JPN,1995,23858.1167422807
Japan,JPN,1994,22822.5811580463
Japan,JPN,1993,22167.7733252378
Japan,JPN,1992,21825.0271496197
Japan,JPN,1991,21226.9362202639
Japan,JPN,1990,19911.8140092776
Japan,JPN,1989,
Japan,JPN,1988,
Japan,JPN,1987,
Japan,JPN,1986,
Japan,JPN,1985,
Japan,JPN,1984,
Japan,JPN,1983,
Japan,JPN,1982,
Japan,JPN,1981,
Japan,JPN,1980,
Japan,JPN,1979,
Japan,JPN,1978,
Japan,JPN,1977,
Japan,JPN,1976,
Japan,JPN,1975,
Japan,JPN,1974,
Japan,JPN,1973,
Japan,JPN,1972,
Japan,JPN,1971,
Japan,JPN,1970,
Japan,JPN,1969,
Japan,JPN,1968,
Japan,JPN,1967,
Japan,JPN,1966,
Japan,JPN,1965,
Japan,JPN,1964,
Japan,JPN,1963,
Japan,JPN,1962,
Japan,JPN,1961,
Japan,JPN,1960,
Jordan,JOR,2025,
Jordan,JOR,2024,10821.4909765317
Jordan,JOR,2023,10411.8416152967
Jordan,JOR,2022,9927.2341002506
Jordan,JOR,2021,9182.496161256
Jordan,JOR,2020,9579.20081317696
Jordan,JOR,2019,9429.07279552037
Jordan,JOR,2018,9042.39781871198
Jordan,JOR,2017,9265.51536720733
Jordan,JOR,2016,8747.87860930851
Jordan,JOR,2015,8967.07995837808
Jordan,JOR,2014,9144.67793204995
Jordan,JOR,2013,9816.59855653123
Jordan,JOR,2012,9738.53746926194
Jordan,JOR,2011,9631.9289925536
Jordan,JOR,2010,9416.64386806071
Jordan,JOR,2009,9290.80855352127
Jordan,JOR,2008,8983.21332423459
Jordan,JOR,2007,8415.71166017339
Jordan,JOR,2006,8045.64056215005
Jordan,JOR,2005,7696.9450167189
Jordan,JOR,2004,7073.8458160703
Jordan,JOR,2003,6499.97887800748
Jordan,JOR,2002,6256.49643944543
Jordan,JOR,2001,5948.01217949518
Jordan,JOR,2000,5640.65728199166
Jordan,JOR,1999,5401.87923134698
Jordan,JOR,1998,5263.7700264692
Jordan,JOR,1997,5171.22029869175
Jordan,JOR,1996,5054.74838570906
Jordan,JOR,1995,5026.53580162916
Jordan,JOR,1994,4829.64831595751
Jordan,JOR,1993,4725.80677177655
Jordan,JOR,1992,4653.97242344795
Jordan,JOR,1991,4195.28748481797
Jordan,JOR,1990,4317.16151245544
Jordan,JOR,1989,
Jordan,JOR,1988,
Jordan,JOR,1987,
Jordan,JOR,1986,
Jordan,JOR,1985,
Jordan,JOR,1984,
Jordan,JOR,1983,
Jordan,JOR,1982,
Jordan,JOR,1981,
Jordan,JOR,1980,
Jordan,JOR,1979,
Jordan,JOR,1978,
Jordan,JOR,1977,
Jordan,JOR,1976,
Jordan,JOR,1975,
Jordan,JOR,1974,
Jordan,JOR,1973,
Jordan,JOR,1972,
Jordan,JOR,1971,
Jordan,JOR,1970,
Jordan,JOR,1969,
Jordan,JOR,1968,
Jordan,JOR,1967,
Jordan,JOR,1966,
Jordan,JOR,1965,
Jordan,JOR,1964,
Jordan,JOR,1963,
Jordan,JOR,1962,
Jordan,JOR,1961,
Jordan,JOR,1960,
Kazakhstan,KAZ,2025,
Kazakhstan,KAZ,2024,40890.9317694408
Kazakhstan,KAZ,2023,38515.1836009979
Kazakhstan,KAZ,2022,35895.0839871667
Kazakhstan,KAZ,2021,32945.8515725823
Kazakhstan,KAZ,2020,29039.8229624509
Kazakhstan,KAZ,2019,28689.2710838374
Kazakhstan,KAZ,2018,25096.1285862615
Kazakhstan,KAZ,2017,23973.0602295651
Kazakhstan,KAZ,2016,23023.0872293899
Kazakhstan,KAZ,2015,22484.3651382607
Kazakhstan,KAZ,2014,23958.1128890603
Kazakhstan,KAZ,2013,23754.1341952117
Kazakhstan,KAZ,2012,21367.2180595372
Kazakhstan,KAZ,2011,20159.9329426413
Kazakhstan,KAZ,2010,18641.8061477073
Kazakhstan,KAZ,2009,17389.0145838316
Kazakhstan,KAZ,2008,17278.4721681147
Kazakhstan,KAZ,2007,16581.2240531177
Kazakhstan,KAZ,2006,14965.7723195676
Kazakhstan,KAZ,2005,13226.1466963892
Kazakhstan,KAZ,2004,11777.1119570134
Kazakhstan,KAZ,2003,10532.4466973491
Kazakhstan,KAZ,2002,9504.45082486949
Kazakhstan,KAZ,2001,8568.08719492031
Kazakhstan,KAZ,2000,7418.19612076858
Kazakhstan,KAZ,1999,6625.78215190847
Kazakhstan,KAZ,1998,6283.54590535624
Kazakhstan,KAZ,1997,6177.92475026557
Kazakhstan,KAZ,1996,5836.07198360121
Kazakhstan,KAZ,1995,5595.43398949421
Kazakhstan,KAZ,1994,5860.35066863477
Kazakhstan,KAZ,1993,6477.34852532472
Kazakhstan,KAZ,1992,6945.09441100731
Kazakhstan,KAZ,1991,7192.80207972621
Kazakhstan,KAZ,1990,7874.18736356954
Kazakhstan,KAZ,1989,
Kazakhstan,KAZ,1988,
Kazakhstan,KAZ,1987,
Kazakhstan,KAZ,1986,
Kazakhstan,KAZ,1985,
Kazakhstan,KAZ,1984,
Kazakhstan,KAZ,1983,
Kazakhstan,KAZ,1982,
Kazakhstan,KAZ,1981,
Kazakhstan,KAZ,1980,
Kazakhstan,KAZ,1979,
Kazakhstan,KAZ,1978,
Kazakhstan,KAZ,1977,
Kazakhstan,KAZ,1976,
Kazakhstan,KAZ,1975,
Kazakhstan,KAZ,1974,
Kazakhstan,KAZ,1973,
Kazakhstan,KAZ,1972,
Kazakhstan,KAZ,1971,
Kazakhstan,KAZ,1970,
Kazakhstan,KAZ,1969,
Kazakhstan,KAZ,1968,
Kazakhstan,KAZ,1967,
Kazakhstan,KAZ,1966,
Kazakhstan,KAZ,1965,
Kazakhstan,KAZ,1964,
Kazakhstan,KAZ,1963,
Kazakhstan,KAZ,1962,
Kazakhstan,KAZ,1961,
Kazakhstan,KAZ,1960,
Kenya,KEN,2025,
Kenya,KEN,2024,6644.13093243895
Kenya,KEN,2023,6317.03904665091
Kenya,KEN,2022,5883.22303961921
Kenya,KEN,2021,5338.85243382781
Kenya,KEN,2020,4792.57315847182
Kenya,KEN,2019,4687.37782325306
Kenya,KEN,2018,4411.56104120886
Kenya,KEN,2017,4177.24993580267
Kenya,KEN,2016,3916.65315673095
Kenya,KEN,2015,3678.32614146019
Kenya,KEN,2014,3359.48950665093
Kenya,KEN,2013,3106.39394464885
Kenya,KEN,2012,2847.27068286846
Kenya,KEN,2011,2750.28663787693
Kenya,KEN,2010,2634.89271323826
Kenya,KEN,2009,2480.0442906801
Kenya,KEN,2008,2459.12174524213
Kenya,KEN,2007,2481.08706146996
Kenya,KEN,2006,2330.13028941165
Kenya,KEN,2005,2188.6956101775
Kenya,KEN,2004,2066.31540638632
Kenya,KEN,2003,1974.8582021244
Kenya,KEN,2002,1940.4030326056
Kenya,KEN,2001,1961.05816869463
Kenya,KEN,2000,1906.89794095999
Kenya,KEN,1999,1910.24013027617
Kenya,KEN,1998,1895.01738202937
Kenya,KEN,1997,1865.02667279175
Kenya,KEN,1996,1875.29830948115
Kenya,KEN,1995,1817.60888095695
Kenya,KEN,1994,1754.25340077393
Kenya,KEN,1993,1722.82069886192
Kenya,KEN,1992,1727.54067549476
Kenya,KEN,1991,1755.65401619964
Kenya,KEN,1990,1729.27344602951
Kenya,KEN,1989,
Kenya,KEN,1988,
Kenya,KEN,1987,
Kenya,KEN,1986,
Kenya,KEN,1985,
Kenya,KEN,1984,
Kenya,KEN,1983,
Kenya,KEN,1982,
Kenya,KEN,1981,
Kenya,KEN,1980,
Kenya,KEN,1979,
Kenya,KEN,1978,
Kenya,KEN,1977,
Kenya,KEN,1976,
Kenya,KEN,1975,
Kenya,KEN,1974,
Kenya,KEN,1973,
Kenya,KEN,1972,
Kenya,KEN,1971,
Kenya,KEN,1970,
Kenya,KEN,1969,
Kenya,KEN,1968,
Kenya,KEN,1967,
Kenya,KEN,1966,
Kenya,KEN,1965,
Kenya,KEN,1964,
Kenya,KEN,1963,
Kenya,KEN,1962,
Kenya,KEN,1961,
Kenya,KEN,1960,
Kiribati,KIR,2025,
Kiribati,KIR,2024,3702.32594703115
Kiribati,KIR,2023,3485.55808311399
Kiribati,KIR,2022,3329.34434464861
Kiribati,KIR,2021,3020.49399935695
Kiribati,KIR,2020,2710.90622817554
Kiribati,KIR,2019,2762.93796874918
Kiribati,KIR,2018,2671.76272781707
Kiribati,KIR,2017,2562.06561789397
Kiribati,KIR,2016,2462.83260410374
Kiribati,KIR,2015,2310.60312873612
Kiribati,KIR,2014,2084.13105379102
Kiribati,KIR,2013,2049.3339030677
Kiribati,KIR,2012,1896.32489937688
Kiribati,KIR,2011,1785.57208346912
Kiribati,KIR,2010,1724.46710150819
Kiribati,KIR,2009,1718.4917143995
Kiribati,KIR,2008,1735.4318976867
Kiribati,KIR,2007,1792.04651189378
Kiribati,KIR,2006,1727.77052465174
Kiribati,KIR,2005,1616.57992111619
Kiribati,KIR,2004,1578.83869125735
Kiribati,KIR,2003,1578.28790886587
Kiribati,KIR,2002,1605.07533314676
Kiribati,KIR,2001,1591.2366300314
Kiribati,KIR,2000,1637.93601427336
Kiribati,KIR,1999,1526.09195145788
Kiribati,KIR,1998,1592.95657383589
Kiribati,KIR,1997,1535.31741921636
Kiribati,KIR,1996,1519.24614686845
Kiribati,KIR,1995,1518.23275023088
Kiribati,KIR,1994,1469.16102839223
Kiribati,KIR,1993,1430.71454023172
Kiribati,KIR,1992,1420.66536071824
Kiribati,KIR,1991,1139.23270949648
Kiribati,KIR,1990,1191.53077017839
Kiribati,KIR,1989,
Kiribati,KIR,1988,
Kiribati,KIR,1987,
Kiribati,KIR,1986,
Kiribati,KIR,1985,
Kiribati,KIR,1984,
Kiribati,KIR,1983,
Kiribati,KIR,1982,
Kiribati,KIR,1981,
Kiribati,KIR,1980,
Kiribati,KIR,1979,
Kiribati,KIR,1978,
Kiribati,KIR,1977,
Kiribati,KIR,1976,
Kiribati,KIR,1975,
Kiribati,KIR,1974,
Kiribati,KIR,1973,
Kiribati,KIR,1972,
Kiribati,KIR,1971,
Kiribati,KIR,1970,
Kiribati,KIR,1969,
Kiribati,KIR,1968,
Kiribati,KIR,1967,
Kiribati,KIR,1966,
Kiribati,KIR,1965,
Kiribati,KIR,1964,
Kiribati,KIR,1963,
Kiribati,KIR,1962,
Kiribati,KIR,1961,
Kiribati,KIR,1960,
"Korea, Dem. People's Rep.",PRK,2025,
"Korea, Dem. People's Rep.",PRK,2024,
"Korea, Dem. People's Rep.",PRK,2023,
"Korea, Dem. People's Rep.",PRK,2022,
"Korea, Dem. People's Rep.",PRK,2021,
"Korea, Dem. People's Rep.",PRK,2020,
"Korea, Dem. People's Rep.",PRK,2019,
"Korea, Dem. People's Rep.",PRK,2018,
"Korea, Dem. People's Rep.",PRK,2017,
"Korea, Dem. People's Rep.",PRK,2016,
"Korea, Dem. People's Rep.",PRK,2015,
"Korea, Dem. People's Rep.",PRK,2014,
"Korea, Dem. People's Rep.",PRK,2013,
"Korea, Dem. People's Rep.",PRK,2012,
"Korea, Dem. People's Rep.",PRK,2011,
"Korea, Dem. People's Rep.",PRK,2010,
"Korea, Dem. People's Rep.",PRK,2009,
"Korea, Dem. People's Rep.",PRK,2008,
"Korea, Dem. People's Rep.",PRK,2007,
"Korea, Dem. People's Rep.",PRK,2006,
"Korea, Dem. People's Rep.",PRK,2005,
"Korea, Dem. People's Rep.",PRK,2004,
"Korea, Dem. People's Rep.",PRK,2003,
"Korea, Dem. People's Rep.",PRK,2002,
"Korea, Dem. People's Rep.",PRK,2001,
"Korea, Dem. People's Rep.",PRK,2000,
"Korea, Dem. People's Rep.",PRK,1999,
"Korea, Dem. People's Rep.",PRK,1998,
"Korea, Dem. People's Rep.",PRK,1997,
"Korea, Dem. People's Rep.",PRK,1996,
"Korea, Dem. People's Rep.",PRK,1995,
"Korea, Dem. People's Rep.",PRK,1994,
"Korea, Dem. People's Rep.",PRK,1993,
"Korea, Dem. People's Rep.",PRK,1992,
"Korea, Dem. People's Rep.",PRK,1991,
"Korea, Dem. People's Rep.",PRK,1990,
"Korea, Dem. People's Rep.",PRK,1989,
"Korea, Dem. People's Rep.",PRK,1988,
"Korea, Dem. People's Rep.",PRK,1987,
"Korea, Dem. People's Rep.",PRK,1986,
"Korea, Dem. People's Rep.",PRK,1985,
"Korea, Dem. People's Rep.",PRK,1984,
"Korea, Dem. People's Rep.",PRK,1983,
"Korea, Dem. People's Rep.",PRK,1982,
"Korea, Dem. People's Rep.",PRK,1981,
"Korea, Dem. People's Rep.",PRK,1980,
"Korea, Dem. People's Rep.",PRK,1979,
"Korea, Dem. People's Rep.",PRK,1978,
"Korea, Dem. People's Rep.",PRK,1977,
"Korea, Dem. People's Rep.",PRK,1976,
"Korea, Dem. People's Rep.",PRK,1975,
"Korea, Dem. People's Rep.",PRK,1974,
"Korea, Dem. People's Rep.",PRK,1973,
"Korea, Dem. People's Rep.",PRK,1972,
"Korea, Dem. People's Rep.",PRK,1971,
"Korea, Dem. People's Rep.",PRK,1970,
"Korea, Dem. People's Rep.",PRK,1969,
"Korea, Dem. People's Rep.",PRK,1968,
"Korea, Dem. People's Rep.",PRK,1967,
"Korea, Dem. People's Rep.",PRK,1966,
"Korea, Dem. People's Rep.",PRK,1965,
"Korea, Dem. People's Rep.",PRK,1964,
"Korea, Dem. People's Rep.",PRK,1963,
"Korea, Dem. People's Rep.",PRK,1962,
"Korea, Dem. People's Rep.",PRK,1961,
"Korea, Dem. People's Rep.",PRK,1960,
"Korea, Rep.",KOR,2025,
"Korea, Rep.",KOR,2024,61051.3492502498
"Korea, Rep.",KOR,2023,57429.8031076402
"Korea, Rep.",KOR,2022,55509.3368761174
"Korea, Rep.",KOR,2021,51718.2518656631
"Korea, Rep.",KOR,2020,47881.4921344193
"Korea, Rep.",KOR,2019,46511.2196957018
"Korea, Rep.",KOR,2018,45511.0803506331
"Korea, Rep.",KOR,2017,43155.9100867658
"Korea, Rep.",KOR,2016,41672.6278317077
"Korea, Rep.",KOR,2015,39794.1961180043
"Korea, Rep.",KOR,2014,37032.1724172561
"Korea, Rep.",KOR,2013,35844.2253782408
"Korea, Rep.",KOR,2012,35061.5531929083
"Korea, Rep.",KOR,2011,33944.2511879769
"Korea, Rep.",KOR,2010,33120.351934563
"Korea, Rep.",KOR,2009,30739.9572294348
"Korea, Rep.",KOR,2008,31211.0593469455
"Korea, Rep.",KOR,2007,30255.391009159
"Korea, Rep.",KOR,2006,27972.3847629351
"Korea, Rep.",KOR,2005,26179.3421262581
"Korea, Rep.",KOR,2004,24658.1761189212
"Korea, Rep.",KOR,2003,22919.7417096314
"Korea, Rep.",KOR,2002,22173.4881729168
"Korea, Rep.",KOR,2001,20442.2142872054
"Korea, Rep.",KOR,2000,19236.9088359303
"Korea, Rep.",KOR,1999,17421.392913922
"Korea, Rep.",KOR,1998,15500.1476038649
"Korea, Rep.",KOR,1997,16241.0643796053
"Korea, Rep.",KOR,1996,15163.5567633709
"Korea, Rep.",KOR,1995,13921.1359823272
"Korea, Rep.",KOR,1994,12551.1693533946
"Korea, Rep.",KOR,1993,11349.4009046164
"Korea, Rep.",KOR,1992,10467.6254837923
"Korea, Rep.",KOR,1991,9723.69531281792
"Korea, Rep.",KOR,1990,8567.46338825817
"Korea, Rep.",KOR,1989,
"Korea, Rep.",KOR,1988,
"Korea, Rep.",KOR,1987,
"Korea, Rep.",KOR,1986,
"Korea, Rep.",KOR,1985,
"Korea, Rep.",KOR,1984,
"Korea, Rep.",KOR,1983,
"Korea, Rep.",KOR,1982,
"Korea, Rep.",KOR,1981,
"Korea, Rep.",KOR,1980,
"Korea, Rep.",KOR,1979,
"Korea, Rep.",KOR,1978,
"Korea, Rep.",KOR,1977,
"Korea, Rep.",KOR,1976,
"Korea, Rep.",KOR,1975,
"Korea, Rep.",KOR,1974,
"Korea, Rep.",KOR,1973,
"Korea, Rep.",KOR,1972,
"Korea, Rep.",KOR,1971,
"Korea, Rep.",KOR,1970,
"Korea, Rep.",KOR,1969,
"Korea, Rep.",KOR,1968,
"Korea, Rep.",KOR,1967,
"Korea, Rep.",KOR,1966,
"Korea, Rep.",KOR,1965,
"Korea, Rep.",KOR,1964,
"Korea, Rep.",KOR,1963,
"Korea, Rep.",KOR,1962,
"Korea, Rep.",KOR,1961,
"Korea, Rep.",KOR,1960,
Kosovo,XKX,2025,
Kosovo,XKX,2024,17864.4160145118
Kosovo,XKX,2023,15804.4065754058
Kosovo,XKX,2022,13950.896732241
Kosovo,XKX,2021,12362.4210181213
Kosovo,XKX,2020,10532.5054692849
Kosovo,XKX,2019,10861.0531745974
Kosovo,XKX,2018,10018.7387080811
Kosovo,XKX,2017,9380.94007290057
Kosovo,XKX,2016,9157.04630742908
Kosovo,XKX,2015,8714.91966356132
Kosovo,XKX,2014,8200.47420451574
Kosovo,XKX,2013,8090.75939263902
Kosovo,XKX,2012,7897.56692777876
Kosovo,XKX,2011,7776.47393102774
Kosovo,XKX,2010,7179.22277933687
Kosovo,XKX,2009,6736.76108926692
Kosovo,XKX,2008,6352.6523195552
Kosovo,XKX,2007,
Kosovo,XKX,2006,
Kosovo,XKX,2005,
Kosovo,XKX,2004,
Kosovo,XKX,2003,
Kosovo,XKX,2002,
Kosovo,XKX,2001,
Kosovo,XKX,2000,
Kosovo,XKX,1999,
Kosovo,XKX,1998,
Kosovo,XKX,1997,
Kosovo,XKX,1996,
Kosovo,XKX,1995,
Kosovo,XKX,1994,
Kosovo,XKX,1993,
Kosovo,XKX,1992,
Kosovo,XKX,1991,
Kosovo,XKX,1990,
Kosovo,XKX,1989,
Kosovo,XKX,1988,
Kosovo,XKX,1987,
Kosovo,XKX,1986,
Kosovo,XKX,1985,
Kosovo,XKX,1984,
Kosovo,XKX,1983,
Kosovo,XKX,1982,
Kosovo,XKX,1981,
Kosovo,XKX,1980,
Kosovo,XKX,1979,
Kosovo,XKX,1978,
Kosovo,XKX,1977,
Kosovo,XKX,1976,
Kosovo,XKX,1975,
Kosovo,XKX,1974,
Kosovo,XKX,1973,
Kosovo,XKX,1972,
Kosovo,XKX,1971,
Kosovo,XKX,1970,
Kosovo,XKX,1969,
Kosovo,XKX,1968,
Kosovo,XKX,1967,
Kosovo,XKX,1966,
Kosovo,XKX,1965,
Kosovo,XKX,1964,
Kosovo,XKX,1963,
Kosovo,XKX,1962,
Kosovo,XKX,1961,
Kosovo,XKX,1960,
Kuwait,KWT,2025,
Kuwait,KWT,2024,52443.5969223626
Kuwait,KWT,2023,53025.4710858063
Kuwait,KWT,2022,55043.0022635849
Kuwait,KWT,2021,50651.9575337091
Kuwait,KWT,2020,41461.7235642777
Kuwait,KWT,2019,50703.0001343301
Kuwait,KWT,2018,51370.7320595252
Kuwait,KWT,2017,46565.5499504554
Kuwait,KWT,2016,41862.1739255505
Kuwait,KWT,2015,45267.3085347452
Kuwait,KWT,2014,68336.5991533112
Kuwait,KWT,2013,76812.5387330449
Kuwait,KWT,2012,82089.726133145
Kuwait,KWT,2011,79036.7857441182
Kuwait,KWT,2010,75184.0865924781
Kuwait,KWT,2009,80110.0698071973
Kuwait,KWT,2008,90337.3567922745
Kuwait,KWT,2007,91434.9043845313
Kuwait,KWT,2006,89075.2245194595
Kuwait,KWT,2005,84968.0197570073
Kuwait,KWT,2004,77226.6367623393
Kuwait,KWT,2003,69752.3841102469
Kuwait,KWT,2002,59713.1721658956
Kuwait,KWT,2001,58552.7838606833
Kuwait,KWT,2000,58702.8672675608
Kuwait,KWT,1999,56406.4685243028
Kuwait,KWT,1998,58343.7881277662
Kuwait,KWT,1997,57419.9321066958
Kuwait,KWT,1996,56912.696135714
Kuwait,KWT,1995,57163.349156996
Kuwait,KWT,1994,53945.588123854
Kuwait,KWT,1993,48481.7603763673
Kuwait,KWT,1992,36149.1834812566
Kuwait,KWT,1991,23390.4236061991
Kuwait,KWT,1990,30763.066931326
Kuwait,KWT,1989,
Kuwait,KWT,1988,
Kuwait,KWT,1987,
Kuwait,KWT,1986,
Kuwait,KWT,1985,
Kuwait,KWT,1984,
Kuwait,KWT,1983,
Kuwait,KWT,1982,
Kuwait,KWT,1981,
Kuwait,KWT,1980,
Kuwait,KWT,1979,
Kuwait,KWT,1978,
Kuwait,KWT,1977,
Kuwait,KWT,1976,
Kuwait,KWT,1975,
Kuwait,KWT,1974,
Kuwait,KWT,1973,
Kuwait,KWT,1972,
Kuwait,KWT,1971,
Kuwait,KWT,1970,
Kuwait,KWT,1969,
Kuwait,KWT,1968,
Kuwait,KWT,1967,
Kuwait,KWT,1966,
Kuwait,KWT,1965,
Kuwait,KWT,1964,
Kuwait,KWT,1963,
Kuwait,KWT,1962,
Kuwait,KWT,1961,
Kuwait,KWT,1960,
Kyrgyz Republic,KGZ,2025,
Kyrgyz Republic,KGZ,2024,8012.45464442194
Kyrgyz Republic,KGZ,2023,7298.08612561933
Kyrgyz Republic,KGZ,2022,6577.51217728389
Kyrgyz Republic,KGZ,2021,5736.47883415154
Kyrgyz Republic,KGZ,2020,5178.5619670404
Kyrgyz Republic,KGZ,2019,5304.22758314405
Kyrgyz Republic,KGZ,2018,4777.94175395575
Kyrgyz Republic,KGZ,2017,4953.71755085199
Kyrgyz Republic,KGZ,2016,4603.75964247878
Kyrgyz Republic,KGZ,2015,4153.3766990372
Kyrgyz Republic,KGZ,2014,4228.1951482992
Kyrgyz Republic,KGZ,2013,4000.96295765107
Kyrgyz Republic,KGZ,2012,3588.67988824025
Kyrgyz Republic,KGZ,2011,3278.35102220086
Kyrgyz Republic,KGZ,2010,3075.61554332455
Kyrgyz Republic,KGZ,2009,3096.93814114872
Kyrgyz Republic,KGZ,2008,3031.49407050215
Kyrgyz Republic,KGZ,2007,2769.89508451908
Kyrgyz Republic,KGZ,2006,2508.38844842805
Kyrgyz Republic,KGZ,2005,2385.59446517801
Kyrgyz Republic,KGZ,2004,2343.43044015004
Kyrgyz Republic,KGZ,2003,2158.19667404533
Kyrgyz Republic,KGZ,2002,1998.23788061971
Kyrgyz Republic,KGZ,2001,1986.16135823429
Kyrgyz Republic,KGZ,2000,1861.86559711699
Kyrgyz Republic,KGZ,1999,1747.30607418367
Kyrgyz Republic,KGZ,1998,1687.04763674764
Kyrgyz Republic,KGZ,1997,1658.88675232759
Kyrgyz Republic,KGZ,1996,1505.44883738041
Kyrgyz Republic,KGZ,1995,1401.15681749774
Kyrgyz Republic,KGZ,1994,1465.67275987187
Kyrgyz Republic,KGZ,1993,1795.02243591929
Kyrgyz Republic,KGZ,1992,2074.73448703806
Kyrgyz Republic,KGZ,1991,2381.59403589018
Kyrgyz Republic,KGZ,1990,2543.74131037288
Kyrgyz Republic,KGZ,1989,
Kyrgyz Republic,KGZ,1988,
Kyrgyz Republic,KGZ,1987,
Kyrgyz Republic,KGZ,1986,
Kyrgyz Republic,KGZ,1985,
Kyrgyz Republic,KGZ,1984,
Kyrgyz Republic,KGZ,1983,
Kyrgyz Republic,KGZ,1982,
Kyrgyz Republic,KGZ,1981,
Kyrgyz Republic,KGZ,1980,
Kyrgyz Republic,KGZ,1979,
Kyrgyz Republic,KGZ,1978,
Kyrgyz Republic,KGZ,1977,
Kyrgyz Republic,KGZ,1976,
Kyrgyz Republic,KGZ,1975,
Kyrgyz Republic,KGZ,1974,
Kyrgyz Republic,KGZ,1973,
Kyrgyz Republic,KGZ,1972,
Kyrgyz Republic,KGZ,1971,
Kyrgyz Republic,KGZ,1970,
Kyrgyz Republic,KGZ,1969,
Kyrgyz Republic,KGZ,1968,
Kyrgyz Republic,KGZ,1967,
Kyrgyz Republic,KGZ,1966,
Kyrgyz Republic,KGZ,1965,
Kyrgyz Republic,KGZ,1964,
Kyrgyz Republic,KGZ,1963,
Kyrgyz Republic,KGZ,1962,
Kyrgyz Republic,KGZ,1961,
Kyrgyz Republic,KGZ,1960,
Lao PDR,LAO,2025,
Lao PDR,LAO,2024,9775.82817381023
Lao PDR,LAO,2023,9291.78859001138
Lao PDR,LAO,2022,8766.44062611094
Lao PDR,LAO,2021,8080.43553249923
Lao PDR,LAO,2020,7913.38660650276
Lao PDR,LAO,2019,7743.21906534261
Lao PDR,LAO,2018,7486.86452700433
Lao PDR,LAO,2017,7141.90652701767
Lao PDR,LAO,2016,6743.01053953037
Lao PDR,LAO,2015,6086.0673044622
Lao PDR,LAO,2014,5798.50436730091
Lao PDR,LAO,2013,5221.59855783339
Lao PDR,LAO,2012,4780.94733000167
Lao PDR,LAO,2011,4099.78457330741
Lao PDR,LAO,2010,3772.26605172404
Lao PDR,LAO,2009,3485.06827740268
Lao PDR,LAO,2008,3270.5575102335
Lao PDR,LAO,2007,3021.44173114012
Lao PDR,LAO,2006,2776.69752328527
Lao PDR,LAO,2005,2519.46135100017
Lao PDR,LAO,2004,2315.43379527395
Lao PDR,LAO,2003,2151.15099595789
Lao PDR,LAO,2002,2019.69774849056
Lao PDR,LAO,2001,1908.06236587412
Lao PDR,LAO,2000,1793.88582607334
Lao PDR,LAO,1999,1686.07938645141
Lao PDR,LAO,1998,1576.66363503368
Lao PDR,LAO,1997,1527.65889221764
Lao PDR,LAO,1996,1434.80867182545
Lao PDR,LAO,1995,1348.79798272061
Lao PDR,LAO,1994,1265.15823265101
Lao PDR,LAO,1993,1175.61781501974
Lao PDR,LAO,1992,1114.11149900426
Lao PDR,LAO,1991,1060.88901586297
Lao PDR,LAO,1990,1012.01459420163
Lao PDR,LAO,1989,
Lao PDR,LAO,1988,
Lao PDR,LAO,1987,
Lao PDR,LAO,1986,
Lao PDR,LAO,1985,
Lao PDR,LAO,1984,
Lao PDR,LAO,1983,
Lao PDR,LAO,1982,
Lao PDR,LAO,1981,
Lao PDR,LAO,1980,
Lao PDR,LAO,1979,
Lao PDR,LAO,1978,
Lao PDR,LAO,1977,
Lao PDR,LAO,1976,
Lao PDR,LAO,1975,
Lao PDR,LAO,1974,
Lao PDR,LAO,1973,
Lao PDR,LAO,1972,
Lao PDR,LAO,1971,
Lao PDR,LAO,1970,
Lao PDR,LAO,1969,
Lao PDR,LAO,1968,
Lao PDR,LAO,1967,
Lao PDR,LAO,1966,
Lao PDR,LAO,1965,
Lao PDR,LAO,1964,
Lao PDR,LAO,1963,
Lao PDR,LAO,1962,
Lao PDR,LAO,1961,
Lao PDR,LAO,1960,
Latvia,LVA,2025,
Latvia,LVA,2024,43394.2732822314
Latvia,LVA,2023,42576.4060799457
Latvia,LVA,2022,40558.7495841122
Latvia,LVA,2021,36912.0130602161
Latvia,LVA,2020,32741.4207691987
Latvia,LVA,2019,32199.0960377091
Latvia,LVA,2018,29817.8047263182
Latvia,LVA,2017,25763.9907709703
Latvia,LVA,2016,24063.4511245109
Latvia,LVA,2015,22543.9183164105
Latvia,LVA,2014,21553.6623204436
Latvia,LVA,2013,20473.5243706913
Latvia,LVA,2012,19416.5167382125
Latvia,LVA,2011,17680.4939630507
Latvia,LVA,2010,16373.4037320495
Latvia,LVA,2009,15545.0821339945
Latvia,LVA,2008,17443.3912910988
Latvia,LVA,2007,16245.5340994603
Latvia,LVA,2006,14180.0017761877
Latvia,LVA,2005,12825.873779559
Latvia,LVA,2004,11319.1462699913
Latvia,LVA,2003,10193.2381015054
Latvia,LVA,2002,9568.79465678335
Latvia,LVA,2001,8807.75837072465
Latvia,LVA,2000,7848.90854892793
Latvia,LVA,1999,7256.33664671861
Latvia,LVA,1998,6922.34296178268
Latvia,LVA,1997,6365.70559365893
Latvia,LVA,1996,5688.34966443302
Latvia,LVA,1995,5391.04513303111
Latvia,LVA,1994,5011.63179851938
Latvia,LVA,1993,4722.00398503732
Latvia,LVA,1992,4759.77988472631
Latvia,LVA,1991,6761.93029990412
Latvia,LVA,1990,7447.94852886705
Latvia,LVA,1989,
Latvia,LVA,1988,
Latvia,LVA,1987,
Latvia,LVA,1986,
Latvia,LVA,1985,
Latvia,LVA,1984,
Latvia,LVA,1983,
Latvia,LVA,1982,
Latvia,LVA,1981,
Latvia,LVA,1980,
Latvia,LVA,1979,
Latvia,LVA,1978,
Latvia,LVA,1977,
Latvia,LVA,1976,
Latvia,LVA,1975,
Latvia,LVA,1974,
Latvia,LVA,1973,
Latvia,LVA,1972,
Latvia,LVA,1971,
Latvia,LVA,1970,
Latvia,LVA,1969,
Latvia,LVA,1968,
Latvia,LVA,1967,
Latvia,LVA,1966,
Latvia,LVA,1965,
Latvia,LVA,1964,
Latvia,LVA,1963,
Latvia,LVA,1962,
Latvia,LVA,1961,
Latvia,LVA,1960,
Lebanon,LBN,2025,
Lebanon,LBN,2024,
Lebanon,LBN,2023,12574.8329116403
Lebanon,LBN,2022,12292.8407305501
Lebanon,LBN,2021,11599.7755083765
Lebanon,LBN,2020,16259.7051312281
Lebanon,LBN,2019,21710.4648750807
Lebanon,LBN,2018,21985.4884702241
Lebanon,LBN,2017,20963.8249472533
Lebanon,LBN,2016,18940.5901000453
Lebanon,LBN,2015,17045.898285301
Lebanon,LBN,2014,16139.8649966955
Lebanon,LBN,2013,16315.6137748763
Lebanon,LBN,2012,16121.335238646
Lebanon,LBN,2011,14974.553438993
Lebanon,LBN,2010,14703.6153215084
Lebanon,LBN,2009,13586.1444830435
Lebanon,LBN,2008,12415.9400064273
Lebanon,LBN,2007,11355.6629756249
Lebanon,LBN,2006,10312.3533312551
Lebanon,LBN,2005,10019.9941540441
Lebanon,LBN,2004,9609.01282633629
Lebanon,LBN,2003,8914.48277917793
Lebanon,LBN,2002,8586.24040685397
Lebanon,LBN,2001,8289.38389027926
Lebanon,LBN,2000,7937.95653006732
Lebanon,LBN,1999,7792.66132672077
Lebanon,LBN,1998,7861.22582996991
Lebanon,LBN,1997,7631.98540644289
Lebanon,LBN,1996,7559.75652394338
Lebanon,LBN,1995,6795.67660105356
Lebanon,LBN,1994,6366.90907291803
Lebanon,LBN,1993,5870.79213765132
Lebanon,LBN,1992,5278.70833928979
Lebanon,LBN,1991,4527.25734433349
Lebanon,LBN,1990,2990.33608512844
Lebanon,LBN,1989,
Lebanon,LBN,1988,
Lebanon,LBN,1987,
Lebanon,LBN,1986,
Lebanon,LBN,1985,
Lebanon,LBN,1984,
Lebanon,LBN,1983,
Lebanon,LBN,1982,
Lebanon,LBN,1981,
Lebanon,LBN,1980,
Lebanon,LBN,1979,
Lebanon,LBN,1978,
Lebanon,LBN,1977,
Lebanon,LBN,1976,
Lebanon,LBN,1975,
Lebanon,LBN,1974,
Lebanon,LBN,1973,
Lebanon,LBN,1972,
Lebanon,LBN,1971,
Lebanon,LBN,1970,
Lebanon,LBN,1969,
Lebanon,LBN,1968,
Lebanon,LBN,1967,
Lebanon,LBN,1966,
Lebanon,LBN,1965,
Lebanon,LBN,1964,
Lebanon,LBN,1963,
Lebanon,LBN,1962,
Lebanon,LBN,1961,
Lebanon,LBN,1960,
Lesotho,LSO,2025,
Lesotho,LSO,2024,3001.16311951334
Lesotho,LSO,2023,2880.96629615692
Lesotho,LSO,2022,2761.31105002216
Lesotho,LSO,2021,2544.78249551214
Lesotho,LSO,2020,2559.09776077846
Lesotho,LSO,2019,2568.34114362719
Lesotho,LSO,2018,2632.28775223004
Lesotho,LSO,2017,2618.81820770145
Lesotho,LSO,2016,2942.18153663921
Lesotho,LSO,2015,3034.64692924848
Lesotho,LSO,2014,2771.24496867163
Lesotho,LSO,2013,2538.26310306049
Lesotho,LSO,2012,2291.4956531127
Lesotho,LSO,2011,2278.50142791066
Lesotho,LSO,2010,2152.91528289768
Lesotho,LSO,2009,2036.26308567654
Lesotho,LSO,2008,2064.42311214194
Lesotho,LSO,2007,1932.4266622594
Lesotho,LSO,2006,1813.4444072345
Lesotho,LSO,2005,1680.87364079911
Lesotho,LSO,2004,1560.74877547924
Lesotho,LSO,2003,1484.09584449257
Lesotho,LSO,2002,1385.18222067454
Lesotho,LSO,2001,1350.00529706535
Lesotho,LSO,2000,1272.924433991
Lesotho,LSO,1999,1198.69481991826
Lesotho,LSO,1998,1179.421705049
Lesotho,LSO,1997,1154.38234468055
Lesotho,LSO,1996,1103.00202176293
Lesotho,LSO,1995,1036.78808522046
Lesotho,LSO,1994,995.244143256362
Lesotho,LSO,1993,931.984257384795
Lesotho,LSO,1992,892.925255787736
Lesotho,LSO,1991,829.936659219728
Lesotho,LSO,1990,764.057315373577
Lesotho,LSO,1989,
Lesotho,LSO,1988,
Lesotho,LSO,1987,
Lesotho,LSO,1986,
Lesotho,LSO,1985,
Lesotho,LSO,1984,
Lesotho,LSO,1983,
Lesotho,LSO,1982,
Lesotho,LSO,1981,
Lesotho,LSO,1980,
Lesotho,LSO,1979,
Lesotho,LSO,1978,
Lesotho,LSO,1977,
Lesotho,LSO,1976,
Lesotho,LSO,1975,
Lesotho,LSO,1974,
Lesotho,LSO,1973,
Lesotho,LSO,1972,
Lesotho,LSO,1971,
Lesotho,LSO,1970,
Lesotho,LSO,1969,
Lesotho,LSO,1968,
Lesotho,LSO,1967,
Lesotho,LSO,1966,
Lesotho,LSO,1965,
Lesotho,LSO,1964,
Lesotho,LSO,1963,
Lesotho,LSO,1962,
Lesotho,LSO,1961,
Lesotho,LSO,1960,
Liberia,LBR,2025,
Liberia,LBR,2024,1871.04406164262
Liberia,LBR,2023,1794.53340863362
Liberia,LBR,2022,1691.57275721851
Liberia,LBR,2021,1539.20892304674
Liberia,LBR,2020,1659.52109145991
Liberia,LBR,2019,1899.52200972855
Liberia,LBR,2018,1799.72751397748
Liberia,LBR,2017,1664.94481323565
Liberia,LBR,2016,1490.33581410026
Liberia,LBR,2015,1340.43279741197
Liberia,LBR,2014,1418.77355515891
Liberia,LBR,2013,1360.12910370155
Liberia,LBR,2012,1156.95319448003
Liberia,LBR,2011,1040.76141404018
Liberia,LBR,2010,980.1181397741
Liberia,LBR,2009,939.496290246214
Liberia,LBR,2008,915.053599714179
Liberia,LBR,2007,872.584645942216
Liberia,LBR,2006,815.218917036837
Liberia,LBR,2005,774.032567790285
Liberia,LBR,2004,745.397861816656
Liberia,LBR,2003,715.818246812872
Liberia,LBR,2002,1012.9189129211
Liberia,LBR,2001,986.572798678639
Liberia,LBR,2000,965.395523330548
Liberia,LBR,1999,761.662726014097
Liberia,LBR,1998,651.926408630182
Liberia,LBR,1997,547.876794900277
Liberia,LBR,1996,282.231676514107
Liberia,LBR,1995,254.388474581395
Liberia,LBR,1994,262.596281403449
Liberia,LBR,1993,327.829904079601
Liberia,LBR,1992,496.851406412247
Liberia,LBR,1991,792.688689765655
Liberia,LBR,1990,786.525809458321
Liberia,LBR,1989,
Liberia,LBR,1988,
Liberia,LBR,1987,
Liberia,LBR,1986,
Liberia,LBR,1985,
Liberia,LBR,1984,
Liberia,LBR,1983,
Liberia,LBR,1982,
Liberia,LBR,1981,
Liberia,LBR,1980,
Liberia,LBR,1979,
Liberia,LBR,1978,
Liberia,LBR,1977,
Liberia,LBR,1976,
Liberia,LBR,1975,
Liberia,LBR,1974,
Liberia,LBR,1973,
Liberia,LBR,1972,
Liberia,LBR,1971,
Liberia,LBR,1970,
Liberia,LBR,1969,
Liberia,LBR,1968,
Liberia,LBR,1967,
Liberia,LBR,1966,
Liberia,LBR,1965,
Liberia,LBR,1964,
Liberia,LBR,1963,
Liberia,LBR,1962,
Liberia,LBR,1961,
Liberia,LBR,1960,
Libya,LBY,2025,
Libya,LBY,2024,14303.8087736988
Libya,LBY,2023,13847.0792190045
Libya,LBY,2022,12266.3896804716
Libya,LBY,2021,12641.5097714075
Libya,LBY,2020,10954.799045265
Libya,LBY,2019,16194.1082061146
Libya,LBY,2018,18879.3151301984
Libya,LBY,2017,18026.0187834008
Libya,LBY,2016,16961.0177111717
Libya,LBY,2015,17903.2565395803
Libya,LBY,2014,17509.5285087845
Libya,LBY,2013,21151.0051911633
Libya,LBY,2012,26826.0729756733
Libya,LBY,2011,15698.0519072612
Libya,LBY,2010,30234.0918728805
Libya,LBY,2009,29027.1468071228
Libya,LBY,2008,30812.2837288703
Libya,LBY,2007,30928.9422810828
Libya,LBY,2006,28935.6615820305
Libya,LBY,2005,26902.8985878895
Libya,LBY,2004,23813.4011504496
Libya,LBY,2003,22662.7242140997
Libya,LBY,2002,20060.6396913983
Libya,LBY,2001,20331.6315181003
Libya,LBY,2000,20616.9848683599
Libya,LBY,1999,19769.0244316913
Libya,LBY,1998,19639.1947320261
Libya,LBY,1997,20438.6399174729
Libya,LBY,1996,19392.4869635413
Libya,LBY,1995,18952.000871347
Libya,LBY,1994,19318.2067774416
Libya,LBY,1993,18904.2242119449
Libya,LBY,1992,19571.9131139547
Libya,LBY,1991,20084.625905163
Libya,LBY,1990,17172.6033096082
Libya,LBY,1989,
Libya,LBY,1988,
Libya,LBY,1987,
Libya,LBY,1986,
Libya,LBY,1985,
Libya,LBY,1984,
Libya,LBY,1983,
Libya,LBY,1982,
Libya,LBY,1981,
Libya,LBY,1980,
Libya,LBY,1979,
Libya,LBY,1978,
Libya,LBY,1977,
Libya,LBY,1976,
Libya,LBY,1975,
Libya,LBY,1974,
Libya,LBY,1973,
Libya,LBY,1972,
Libya,LBY,1971,
Libya,LBY,1970,
Libya,LBY,1969,
Libya,LBY,1968,
Libya,LBY,1967,
Libya,LBY,1966,
Libya,LBY,1965,
Libya,LBY,1964,
Libya,LBY,1963,
Libya,LBY,1962,
Libya,LBY,1961,
Libya,LBY,1960,
Liechtenstein,LIE,2025,
Liechtenstein,LIE,2024,
Liechtenstein,LIE,2023,
Liechtenstein,LIE,2022,
Liechtenstein,LIE,2021,
Liechtenstein,LIE,2020,
Liechtenstein,LIE,2019,
Liechtenstein,LIE,2018,
Liechtenstein,LIE,2017,
Liechtenstein,LIE,2016,
Liechtenstein,LIE,2015,
Liechtenstein,LIE,2014,
Liechtenstein,LIE,2013,
Liechtenstein,LIE,2012,
Liechtenstein,LIE,2011,
Liechtenstein,LIE,2010,
Liechtenstein,LIE,2009,
Liechtenstein,LIE,2008,
Liechtenstein,LIE,2007,
Liechtenstein,LIE,2006,
Liechtenstein,LIE,2005,
Liechtenstein,LIE,2004,
Liechtenstein,LIE,2003,
Liechtenstein,LIE,2002,
Liechtenstein,LIE,2001,
Liechtenstein,LIE,2000,
Liechtenstein,LIE,1999,
Liechtenstein,LIE,1998,
Liechtenstein,LIE,1997,
Liechtenstein,LIE,1996,
Liechtenstein,LIE,1995,
Liechtenstein,LIE,1994,
Liechtenstein,LIE,1993,
Liechtenstein,LIE,1992,
Liechtenstein,LIE,1991,
Liechtenstein,LIE,1990,
Liechtenstein,LIE,1989,
Liechtenstein,LIE,1988,
Liechtenstein,LIE,1987,
Liechtenstein,LIE,1986,
Liechtenstein,LIE,1985,
Liechtenstein,LIE,1984,
Liechtenstein,LIE,1983,
Liechtenstein,LIE,1982,
Liechtenstein,LIE,1981,
Liechtenstein,LIE,1980,
Liechtenstein,LIE,1979,
Liechtenstein,LIE,1978,
Liechtenstein,LIE,1977,
Liechtenstein,LIE,1976,
Liechtenstein,LIE,1975,
Liechtenstein,LIE,1974,
Liechtenstein,LIE,1973,
Liechtenstein,LIE,1972,
Liechtenstein,LIE,1971,
Liechtenstein,LIE,1970,
Liechtenstein,LIE,1969,
Liechtenstein,LIE,1968,
Liechtenstein,LIE,1967,
Liechtenstein,LIE,1966,
Liechtenstein,LIE,1965,
Liechtenstein,LIE,1964,
Liechtenstein,LIE,1963,
Liechtenstein,LIE,1962,
Liechtenstein,LIE,1961,
Liechtenstein,LIE,1960,
Lithuania,LTU,2025,
Lithuania,LTU,2024,55285.8991934304
Lithuania,LTU,2023,52348.2468215268
Lithuania,LTU,2022,50936.0049547442
Lithuania,LTU,2021,45873.5273239486
Lithuania,LTU,2020,41262.7276941725
Lithuania,LTU,2019,40563.8304884555
Lithuania,LTU,2018,36491.9385223689
Lithuania,LTU,2017,31305.0436934372
Lithuania,LTU,2016,28698.9887868061
Lithuania,LTU,2015,26948.5919371645
Lithuania,LTU,2014,26274.7488764946
Lithuania,LTU,2013,24889.8726227818
Lithuania,LTU,2012,23275.2517553588
Lithuania,LTU,2011,21557.6567458052
Lithuania,LTU,2010,18718.9043711358
Lithuania,LTU,2009,17054.6365568486
Lithuania,LTU,2008,19410.0077598903
Lithuania,LTU,2007,17968.6445835063
Lithuania,LTU,2006,15522.3579257294
Lithuania,LTU,2005,13951.3261880977
Lithuania,LTU,2004,12605.0201901971
Lithuania,LTU,2003,11659.8787391334
Lithuania,LTU,2002,10295.5066962899
Lithuania,LTU,2001,9399.33656166607
Lithuania,LTU,2000,8474.59300330083
Lithuania,LTU,1999,7918.40020475407
Lithuania,LTU,1998,7846.29533614972
Lithuania,LTU,1997,7166.81061906926
Lithuania,LTU,1996,6479.19459061105
Lithuania,LTU,1995,6022.50226031185
Lithuania,LTU,1994,5667.1383471467
Lithuania,LTU,1993,6106.66924125432
Lithuania,LTU,1992,7087.06656284193
Lithuania,LTU,1991,8790.38677273066
Lithuania,LTU,1990,9029.81585997399
Lithuania,LTU,1989,
Lithuania,LTU,1988,
Lithuania,LTU,1987,
Lithuania,LTU,1986,
Lithuania,LTU,1985,
Lithuania,LTU,1984,
Lithuania,LTU,1983,
Lithuania,LTU,1982,
Lithuania,LTU,1981,
Lithuania,LTU,1980,
Lithuania,LTU,1979,
Lithuania,LTU,1978,
Lithuania,LTU,1977,
Lithuania,LTU,1976,
Lithuania,LTU,1975,
Lithuania,LTU,1974,
Lithuania,LTU,1973,
Lithuania,LTU,1972,
Lithuania,LTU,1971,
Lithuania,LTU,1970,
Lithuania,LTU,1969,
Lithuania,LTU,1968,
Lithuania,LTU,1967,
Lithuania,LTU,1966,
Lithuania,LTU,1965,
Lithuania,LTU,1964,
Lithuania,LTU,1963,
Lithuania,LTU,1962,
Lithuania,LTU,1961,
Lithuania,LTU,1960,
Luxembourg,LUX,2025,
Luxembourg,LUX,2024,155941.288210791
Luxembourg,LUX,2023,150508.218886888
Luxembourg,LUX,2022,146919.145398494
Luxembourg,LUX,2021,136772.443753292
Luxembourg,LUX,2020,122066.739147202
Luxembourg,LUX,2019,121371.73990307
Luxembourg,LUX,2018,116638.414163882
Luxembourg,LUX,2017,114985.842235989
Luxembourg,LUX,2016,113365.176082265
Luxembourg,LUX,2015,107859.685999308
Luxembourg,LUX,2014,105296.284588232
Luxembourg,LUX,2013,100925.011992241
Luxembourg,LUX,2012,96636.426643956
Luxembourg,LUX,2011,94475.0302265023
Luxembourg,LUX,2010,90336.0184704033
Luxembourg,LUX,2009,86918.5909104052
Luxembourg,LUX,2008,90970.7211980147
Luxembourg,LUX,2007,85126.1393867018
Luxembourg,LUX,2006,78861.1661045613
Luxembourg,LUX,2005,68787.8547494266
Luxembourg,LUX,2004,64685.7286866435
Luxembourg,LUX,2003,60192.1759452336
Luxembourg,LUX,2002,58575.6792717544
Luxembourg,LUX,2001,56135.8315678957
Luxembourg,LUX,2000,55136.0609983789
Luxembourg,LUX,1999,49844.6769627976
Luxembourg,LUX,1998,44270.0688210975
Luxembourg,LUX,1997,42487.6883828393
Luxembourg,LUX,1996,39722.2499406223
Luxembourg,LUX,1995,38345.0967648472
Luxembourg,LUX,1994,37551.1282645827
Luxembourg,LUX,1993,35898.5418756947
Luxembourg,LUX,1992,34108.4951917121
Luxembourg,LUX,1991,33190.5117274445
Luxembourg,LUX,1990,29948.9365501492
Luxembourg,LUX,1989,
Luxembourg,LUX,1988,
Luxembourg,LUX,1987,
Luxembourg,LUX,1986,
Luxembourg,LUX,1985,
Luxembourg,LUX,1984,
Luxembourg,LUX,1983,
Luxembourg,LUX,1982,
Luxembourg,LUX,1981,
Luxembourg,LUX,1980,
Luxembourg,LUX,1979,
Luxembourg,LUX,1978,
Luxembourg,LUX,1977,
Luxembourg,LUX,1976,
Luxembourg,LUX,1975,
Luxembourg,LUX,1974,
Luxembourg,LUX,1973,
Luxembourg,LUX,1972,
Luxembourg,LUX,1971,
Luxembourg,LUX,1970,
Luxembourg,LUX,1969,
Luxembourg,LUX,1968,
Luxembourg,LUX,1967,
Luxembourg,LUX,1966,
Luxembourg,LUX,1965,
Luxembourg,LUX,1964,
Luxembourg,LUX,1963,
Luxembourg,LUX,1962,
Luxembourg,LUX,1961,
Luxembourg,LUX,1960,
"Macao SAR, China",MAC,2025,
"Macao SAR, China",MAC,2024,126959.917138906
"Macao SAR, China",MAC,2023,116328.540600134
"Macao SAR, China",MAC,2022,64193.5294048618
"Macao SAR, China",MAC,2021,73374.4486829589
"Macao SAR, China",MAC,2020,57077.5325705099
"Macao SAR, China",MAC,2019,126029.622371097
"Macao SAR, China",MAC,2018,129457.998600118
"Macao SAR, China",MAC,2017,120774.963080752
"Macao SAR, China",MAC,2016,107653.177281832
"Macao SAR, China",MAC,2015,108656.763904919
"Macao SAR, China",MAC,2014,145187.080794416
"Macao SAR, China",MAC,2013,149859.180455113
"Macao SAR, China",MAC,2012,133111.616642617
"Macao SAR, China",MAC,2011,121085.679344582
"Macao SAR, China",MAC,2010,99835.0846406553
"Macao SAR, China",MAC,2009,79138.8048016974
"Macao SAR, China",MAC,2008,76827.0193066502
"Macao SAR, China",MAC,2007,75672.6406168549
"Macao SAR, China",MAC,2006,67194.5117540953
"Macao SAR, China",MAC,2005,60569.4566444726
"Macao SAR, China",MAC,2004,56585.3001832163
"Macao SAR, China",MAC,2003,44601.8182261997
"Macao SAR, China",MAC,2002,39641.4818326412
"Macao SAR, China",MAC,2001,36214.8513340462
"Macao SAR, China",MAC,2000,34686.9487205344
"Macao SAR, China",MAC,1999,32315.3675280996
"Macao SAR, China",MAC,1998,33028.2747017338
"Macao SAR, China",MAC,1997,34635.783768436
"Macao SAR, China",MAC,1996,34324.8496998146
"Macao SAR, China",MAC,1995,34329.5335162915
"Macao SAR, China",MAC,1994,33577.0316859064
"Macao SAR, China",MAC,1993,32584.8965473791
"Macao SAR, China",MAC,1992,31329.807770525
"Macao SAR, China",MAC,1991,28516.2349701718
"Macao SAR, China",MAC,1990,27936.3742290616
"Macao SAR, China",MAC,1989,
"Macao SAR, China",MAC,1988,
"Macao SAR, China",MAC,1987,
"Macao SAR, China",MAC,1986,
"Macao SAR, China",MAC,1985,
"Macao SAR, China",MAC,1984,
"Macao SAR, China",MAC,1983,
"Macao SAR, China",MAC,1982,
"Macao SAR, China",MAC,1981,
"Macao SAR, China",MAC,1980,
"Macao SAR, China",MAC,1979,
"Macao SAR, China",MAC,1978,
"Macao SAR, China",MAC,1977,
"Macao SAR, China",MAC,1976,
"Macao SAR, China",MAC,1975,
"Macao SAR, China",MAC,1974,
"Macao SAR, China",MAC,1973,
"Macao SAR, China",MAC,1972,
"Macao SAR, China",MAC,1971,
"Macao SAR, China",MAC,1970,
"Macao SAR, China",MAC,1969,
"Macao SAR, China",MAC,1968,
"Macao SAR, China",MAC,1967,
"Macao SAR, China",MAC,1966,
"Macao SAR, China",MAC,1965,
"Macao SAR, China",MAC,1964,
"Macao SAR, China",MAC,1963,
"Macao SAR, China",MAC,1962,
"Macao SAR, China",MAC,1961,
"Macao SAR, China",MAC,1960,
Madagascar,MDG,2025,
Madagascar,MDG,2024,1883.5374311384
Madagascar,MDG,2023,1808.44779038579
Madagascar,MDG,2022,1716.97884873797
Madagascar,MDG,2021,1577.43246056529
Madagascar,MDG,2020,1490.32312837866
Madagascar,MDG,2019,1612.29772715626
Madagascar,MDG,2018,1546.59563549795
Madagascar,MDG,2017,1546.88001890817
Madagascar,MDG,2016,1561.51962374608
Madagascar,MDG,2015,1496.61172412841
Madagascar,MDG,2014,1498.83976908219
Madagascar,MDG,2013,1473.40398077255
Madagascar,MDG,2012,1463.61756926447
Madagascar,MDG,2011,1475.17055178114
Madagascar,MDG,2010,1463.87646786391
Madagascar,MDG,2009,1479.82980025947
Madagascar,MDG,2008,1577.33838928618
Madagascar,MDG,2007,1493.37545004972
Madagascar,MDG,2006,1416.40465948998
Madagascar,MDG,2005,1342.51929937145
Madagascar,MDG,2004,1279.54611058565
Madagascar,MDG,2003,1218.83563168796
Madagascar,MDG,2002,1121.08749552772
Madagascar,MDG,2001,1298.56378873164
Madagascar,MDG,2000,1235.78733941908
Madagascar,MDG,1999,1194.1502466887
Madagascar,MDG,1998,1161.75088846904
Madagascar,MDG,1997,1142.30166097791
Madagascar,MDG,1996,1118.76916210987
Madagascar,MDG,1995,1110.65249225111
Madagascar,MDG,1994,1104.26113402505
Madagascar,MDG,1993,1115.76728424914
Madagascar,MDG,1992,1100.5789685005
Madagascar,MDG,1991,1095.98699618488
Madagascar,MDG,1990,1165.82092420717
Madagascar,MDG,1989,
Madagascar,MDG,1988,
Madagascar,MDG,1987,
Madagascar,MDG,1986,
Madagascar,MDG,1985,
Madagascar,MDG,1984,
Madagascar,MDG,1983,
Madagascar,MDG,1982,
Madagascar,MDG,1981,
Madagascar,MDG,1980,
Madagascar,MDG,1979,
Madagascar,MDG,1978,
Madagascar,MDG,1977,
Madagascar,MDG,1976,
Madagascar,MDG,1975,
Madagascar,MDG,1974,
Madagascar,MDG,1973,
Madagascar,MDG,1972,
Madagascar,MDG,1971,
Madagascar,MDG,1970,
Madagascar,MDG,1969,
Madagascar,MDG,1968,
Madagascar,MDG,1967,
Madagascar,MDG,1966,
Madagascar,MDG,1965,
Madagascar,MDG,1964,
Madagascar,MDG,1963,
Madagascar,MDG,1962,
Madagascar,MDG,1961,
Madagascar,MDG,1960,
Malawi,MWI,2025,
Malawi,MWI,2024,1857.61756950305
Malawi,MWI,2023,1830.46461287442
Malawi,MWI,2022,1778.30582146001
Malawi,MWI,2021,1687.59358179651
Malawi,MWI,2020,1513.45990803344
Malawi,MWI,2019,1450.01008064784
Malawi,MWI,2018,1363.79445595088
Malawi,MWI,2017,1380.23263621737
Malawi,MWI,2016,1409.95802703533
Malawi,MWI,2015,1403.08451209235
Malawi,MWI,2014,1505.55190404024
Malawi,MWI,2013,1558.11224745203
Malawi,MWI,2012,1464.04323957796
Malawi,MWI,2011,1516.2111831915
Malawi,MWI,2010,1457.60568309596
Malawi,MWI,2009,1387.78991561758
Malawi,MWI,2008,1311.44999791984
Malawi,MWI,2007,1230.56385441329
Malawi,MWI,2006,1124.4382691229
Malawi,MWI,2005,1070.93590957736
Malawi,MWI,2004,1032.80213909276
Malawi,MWI,2003,979.038977932038
Malawi,MWI,2002,931.283507531356
Malawi,MWI,2001,924.056368279235
Malawi,MWI,2000,974.310137499677
Malawi,MWI,1999,960.710822989416
Malawi,MWI,1998,941.051496433226
Malawi,MWI,1997,915.279224971424
Malawi,MWI,1996,884.456346986538
Malawi,MWI,1995,825.454125717284
Malawi,MWI,1994,691.626134376847
Malawi,MWI,1993,745.682183261137
Malawi,MWI,1992,673.815977208792
Malawi,MWI,1991,731.940474913492
Malawi,MWI,1990,671.503430308209
Malawi,MWI,1989,
Malawi,MWI,1988,
Malawi,MWI,1987,
Malawi,MWI,1986,
Malawi,MWI,1985,
Malawi,MWI,1984,
Malawi,MWI,1983,
Malawi,MWI,1982,
Malawi,MWI,1981,
Malawi,MWI,1980,
Malawi,MWI,1979,
Malawi,MWI,1978,
Malawi,MWI,1977,
Malawi,MWI,1976,
Malawi,MWI,1975,
Malawi,MWI,1974,
Malawi,MWI,1973,
Malawi,MWI,1972,
Malawi,MWI,1971,
Malawi,MWI,1970,
Malawi,MWI,1969,
Malawi,MWI,1968,
Malawi,MWI,1967,
Malawi,MWI,1966,
Malawi,MWI,1965,
Malawi,MWI,1964,
Malawi,MWI,1963,
Malawi,MWI,1962,
Malawi,MWI,1961,
Malawi,MWI,1960,
Malaysia,MYS,2025,
Malaysia,MYS,2024,38779.2830442253
Malaysia,MYS,2023,36466.8914938333
Malaysia,MYS,2022,34419.8684975666
Malaysia,MYS,2021,29822.8491831618
Malaysia,MYS,2020,27474.7361378236
Malaysia,MYS,2019,28933.928297233
Malaysia,MYS,2018,27793.5674222948
Malaysia,MYS,2017,26415.5960203287
Malaysia,MYS,2016,25285.8213541391
Malaysia,MYS,2015,24526.3942716012
Malaysia,MYS,2014,24306.5212338415
Malaysia,MYS,2013,23160.8924510627
Malaysia,MYS,2012,22638.5406944009
Malaysia,MYS,2011,21324.3594996498
Malaysia,MYS,2010,20193.4092945433
Malaysia,MYS,2009,18922.6459508418
Malaysia,MYS,2008,19479.8799590564
Malaysia,MYS,2007,18616.8070767617
Malaysia,MYS,2006,17426.361167892
Malaysia,MYS,2005,16371.4260817974
Malaysia,MYS,2004,15415.8063402619
Malaysia,MYS,2003,14387.2484914999
Malaysia,MYS,2002,13656.0458904379
Malaysia,MYS,2001,13071.5814138975
Malaysia,MYS,2000,13027.2733386657
Malaysia,MYS,1999,11979.6797141047
Malaysia,MYS,1998,11398.0987122146
Malaysia,MYS,1997,12469.3590063034
Malaysia,MYS,1996,11709.2669994867
Malaysia,MYS,1995,10720.2534691883
Malaysia,MYS,1994,9806.47179132745
Malaysia,MYS,1993,9018.06249369187
Malaysia,MYS,1992,8223.80295937781
Malaysia,MYS,1991,7582.56943094941
Malaysia,MYS,1990,6886.63312520377
Malaysia,MYS,1989,
Malaysia,MYS,1988,
Malaysia,MYS,1987,
Malaysia,MYS,1986,
Malaysia,MYS,1985,
Malaysia,MYS,1984,
Malaysia,MYS,1983,
Malaysia,MYS,1982,
Malaysia,MYS,1981,
Malaysia,MYS,1980,
Malaysia,MYS,1979,
Malaysia,MYS,1978,
Malaysia,MYS,1977,
Malaysia,MYS,1976,
Malaysia,MYS,1975,
Malaysia,MYS,1974,
Malaysia,MYS,1973,
Malaysia,MYS,1972,
Malaysia,MYS,1971,
Malaysia,MYS,1970,
Malaysia,MYS,1969,
Malaysia,MYS,1968,
Malaysia,MYS,1967,
Malaysia,MYS,1966,
Malaysia,MYS,1965,
Malaysia,MYS,1964,
Malaysia,MYS,1963,
Malaysia,MYS,1962,
Malaysia,MYS,1961,
Malaysia,MYS,1960,
Maldives,MDV,2025,
Maldives,MDV,2024,26182.7831570917
Maldives,MDV,2023,24786.2032123451
Maldives,MDV,2022,22880.5123151419
Maldives,MDV,2021,19052.6224904311
Maldives,MDV,2020,13425.3674459601
Maldives,MDV,2019,23077.2112236652
Maldives,MDV,2018,21899.4292993843
Maldives,MDV,2017,19767.8893613468
Maldives,MDV,2016,18769.5060607629
Maldives,MDV,2015,17875.0989419262
Maldives,MDV,2014,16722.523852619
Maldives,MDV,2013,15264.0907069581
Maldives,MDV,2012,13988.5973865429
Maldives,MDV,2011,13726.3262093446
Maldives,MDV,2010,12797.3279262916
Maldives,MDV,2009,12265.7930464259
Maldives,MDV,2008,13778.8197554554
Maldives,MDV,2007,12851.7923161425
Maldives,MDV,2006,12075.1455749491
Maldives,MDV,2005,9704.44334454041
Maldives,MDV,2004,10769.7743281923
Maldives,MDV,2003,10065.4858052111
Maldives,MDV,2002,8822.51726087564
Maldives,MDV,2001,8235.80267716404
Maldives,MDV,2000,8526.28986369241
Maldives,MDV,1999,8161.99616728852
Maldives,MDV,1998,7710.31811190209
Maldives,MDV,1997,7225.92898343576
Maldives,MDV,1996,6686.99408933799
Maldives,MDV,1995,6223.48278539183
Maldives,MDV,1994,5520.41823677456
Maldives,MDV,1993,5137.91071387169
Maldives,MDV,1992,4881.12710135415
Maldives,MDV,1991,4604.02956747671
Maldives,MDV,1990,4527.59399067184
Maldives,MDV,1989,
Maldives,MDV,1988,
Maldives,MDV,1987,
Maldives,MDV,1986,
Maldives,MDV,1985,
Maldives,MDV,1984,
Maldives,MDV,1983,
Maldives,MDV,1982,
Maldives,MDV,1981,
Maldives,MDV,1980,
Maldives,MDV,1979,
Maldives,MDV,1978,
Maldives,MDV,1977,
Maldives,MDV,1976,
Maldives,MDV,1975,
Maldives,MDV,1974,
Maldives,MDV,1973,
Maldives,MDV,1972,
Maldives,MDV,1971,
Maldives,MDV,1970,
Maldives,MDV,1969,
Maldives,MDV,1968,
Maldives,MDV,1967,
Maldives,MDV,1966,
Maldives,MDV,1965,
Maldives,MDV,1964,
Maldives,MDV,1963,
Maldives,MDV,1962,
Maldives,MDV,1961,
Maldives,MDV,1960,
Mali,MLI,2025,
Mali,MLI,2024,3314.77332231959
Mali,MLI,2023,3174.62960276396
Mali,MLI,2022,3014.4210732688
Mali,MLI,2021,2796.22793795433
Mali,MLI,2020,2723.70094784441
Mali,MLI,2019,2819.86582297259
Mali,MLI,2018,2684.41122026575
Mali,MLI,2017,2606.69607954141
Mali,MLI,2016,2531.80496963482
Mali,MLI,2015,2330.24293947692
Mali,MLI,2014,2184.87660281666
Mali,MLI,2013,2059.28407641881
Mali,MLI,2012,1990.14805241092
Mali,MLI,2011,2046.22567064388
Mali,MLI,2010,2011.67894612475
Mali,MLI,2009,1944.69828229092
Mali,MLI,2008,1893.49514528434
Mali,MLI,2007,1852.36282555464
Mali,MLI,2006,1831.5492454407
Mali,MLI,2005,1770.67795435907
Mali,MLI,2004,1730.0922516304
Mali,MLI,2003,1714.89753907761
Mali,MLI,2002,1581.11108691343
Mali,MLI,2001,1558.71870195563
Mali,MLI,2000,1356.51736440853
Mali,MLI,1999,1375.80601929103
Mali,MLI,1998,1332.16384195168
Mali,MLI,1997,1266.86064233118
Mali,MLI,1996,1223.5824930292
Mali,MLI,1995,1154.28545566091
Mali,MLI,1994,1146.98873720697
Mali,MLI,1993,1086.68093104408
Mali,MLI,1992,1038.7147712292
Mali,MLI,1991,1091.47043925797
Mali,MLI,1990,955.941595858803
Mali,MLI,1989,
Mali,MLI,1988,
Mali,MLI,1987,
Mali,MLI,1986,
Mali,MLI,1985,
Mali,MLI,1984,
Mali,MLI,1983,
Mali,MLI,1982,
Mali,MLI,1981,
Mali,MLI,1980,
Mali,MLI,1979,
Mali,MLI,1978,
Mali,MLI,1977,
Mali,MLI,1976,
Mali,MLI,1975,
Mali,MLI,1974,
Mali,MLI,1973,
Mali,MLI,1972,
Mali,MLI,1971,
Mali,MLI,1970,
Mali,MLI,1969,
Mali,MLI,1968,
Mali,MLI,1967,
Mali,MLI,1966,
Mali,MLI,1965,
Mali,MLI,1964,
Mali,MLI,1963,
Mali,MLI,1962,
Mali,MLI,1961,
Mali,MLI,1960,
Malta,MLT,2025,
Malta,MLT,2024,69863.7461313457
Malta,MLT,2023,67057.2184329891
Malta,MLT,2022,60588.8890591794
Malta,MLT,2021,56852.3218512267
Malta,MLT,2020,49971.8784010216
Malta,MLT,2019,51392.8152819605
Malta,MLT,2018,48178.2920560941
Malta,MLT,2017,45763.7330585065
Malta,MLT,2016,40999.9620259653
Malta,MLT,2015,38368.7020383117
Malta,MLT,2014,35205.7012669646
Malta,MLT,2013,33138.0373455038
Malta,MLT,2012,30716.282743184
Malta,MLT,2011,29425.9062422677
Malta,MLT,2010,28909.1940252237
Malta,MLT,2009,26781.9076062395
Malta,MLT,2008,26653.8602570483
Malta,MLT,2007,25011.6552092205
Malta,MLT,2006,23219.014785723
Malta,MLT,2005,22227.3785442795
Malta,MLT,2004,21565.7733219687
Malta,MLT,2003,20812.7786386776
Malta,MLT,2002,19531.963974957
Malta,MLT,2001,18435.0626373623
Malta,MLT,2000,18214.4790221275
Malta,MLT,1999,16898.3439169805
Malta,MLT,1998,16218.9983787072
Malta,MLT,1997,15465.1950344365
Malta,MLT,1996,14661.0318356942
Malta,MLT,1995,13949.5169851409
Malta,MLT,1994,12938.0353095249
Malta,MLT,1993,12102.6550373663
Malta,MLT,1992,11428.9895069623
Malta,MLT,1991,10784.3324942579
Malta,MLT,1990,10085.5199708431
Malta,MLT,1989,
Malta,MLT,1988,
Malta,MLT,1987,
Malta,MLT,1986,
Malta,MLT,1985,
Malta,MLT,1984,
Malta,MLT,1983,
Malta,MLT,1982,
Malta,MLT,1981,
Malta,MLT,1980,
Malta,MLT,1979,
Malta,MLT,1978,
Malta,MLT,1977,
Malta,MLT,1976,
Malta,MLT,1975,
Malta,MLT,1974,
Malta,MLT,1973,
Malta,MLT,1972,
Malta,MLT,1971,
Malta,MLT,1970,
Malta,MLT,1969,
Malta,MLT,1968,
Malta,MLT,1967,
Malta,MLT,1966,
Malta,MLT,1965,
Malta,MLT,1964,
Malta,MLT,1963,
Malta,MLT,1962,
Malta,MLT,1961,
Malta,MLT,1960,
Marshall Islands,MHL,2025,
Marshall Islands,MHL,2024,8194.63854758403
Marshall Islands,MHL,2023,7548.73253747944
Marshall Islands,MHL,2022,7431.42757895496
Marshall Islands,MHL,2021,6767.95785510528
Marshall Islands,MHL,2020,6136.97119702131
Marshall Islands,MHL,2019,6045.06240789858
Marshall Islands,MHL,2018,5232.2052487185
Marshall Islands,MHL,2017,4719.31304926001
Marshall Islands,MHL,2016,4366.25764216189
Marshall Islands,MHL,2015,4125.1616927563
Marshall Islands,MHL,2014,3931.34410649415
Marshall Islands,MHL,2013,3845.00357492163
Marshall Islands,MHL,2012,3589.66880383744
Marshall Islands,MHL,2011,3536.56004235245
Marshall Islands,MHL,2010,3473.40469896159
Marshall Islands,MHL,2009,3253.15085940372
Marshall Islands,MHL,2008,3118.23467102442
Marshall Islands,MHL,2007,3309.39754112765
Marshall Islands,MHL,2006,3110.05225553568
Marshall Islands,MHL,2005,3016.70324372574
Marshall Islands,MHL,2004,2879.90589671206
Marshall Islands,MHL,2003,2824.27883367143
Marshall Islands,MHL,2002,2825.24479927053
Marshall Islands,MHL,2001,2700.27054583067
Marshall Islands,MHL,2000,2489.96943780806
Marshall Islands,MHL,1999,2400.34549125336
Marshall Islands,MHL,1998,2422.27194751224
Marshall Islands,MHL,1997,2434.03060134121
Marshall Islands,MHL,1996,2583.00435395366
Marshall Islands,MHL,1995,2857.74831698981
Marshall Islands,MHL,1994,2616.64851957438
Marshall Islands,MHL,1993,2451.52727452454
Marshall Islands,MHL,1992,2293.41097487542
Marshall Islands,MHL,1991,2130.52433241296
Marshall Islands,MHL,1990,2102.34522649022
Marshall Islands,MHL,1989,
Marshall Islands,MHL,1988,
Marshall Islands,MHL,1987,
Marshall Islands,MHL,1986,
Marshall Islands,MHL,1985,
Marshall Islands,MHL,1984,
Marshall Islands,MHL,1983,
Marshall Islands,MHL,1982,
Marshall Islands,MHL,1981,
Marshall Islands,MHL,1980,
Marshall Islands,MHL,1979,
Marshall Islands,MHL,1978,
Marshall Islands,MHL,1977,
Marshall Islands,MHL,1976,
Marshall Islands,MHL,1975,
Marshall Islands,MHL,1974,
Marshall Islands,MHL,1973,
Marshall Islands,MHL,1972,
Marshall Islands,MHL,1971,
Marshall Islands,MHL,1970,
Marshall Islands,MHL,1969,
Marshall Islands,MHL,1968,
Marshall Islands,MHL,1967,
Marshall Islands,MHL,1966,
Marshall Islands,MHL,1965,
Marshall Islands,MHL,1964,
Marshall Islands,MHL,1963,
Marshall Islands,MHL,1962,
Marshall Islands,MHL,1961,
Marshall Islands,MHL,1960,
Mauritania,MRT,2025,
Mauritania,MRT,2024,7368.75275290214
Mauritania,MRT,2023,6965.90953574715
Mauritania,MRT,2022,6484.82792132631
Mauritania,MRT,2021,5836.56580821897
Mauritania,MRT,2020,5740.73959690129
Mauritania,MRT,2019,5610.13236713892
Mauritania,MRT,2018,5429.23223059784
Mauritania,MRT,2017,5353.06608810407
Mauritania,MRT,2016,4682.70259690033
Mauritania,MRT,2015,3977.61171275863
Mauritania,MRT,2014,3865.1425867687
Mauritania,MRT,2013,3831.04711012348
Mauritania,MRT,2012,3464.97661099269
Mauritania,MRT,2011,3270.86251341888
Mauritania,MRT,2010,3177.84436561165
Mauritania,MRT,2009,3158.74414286708
Mauritania,MRT,2008,3235.99782161036
Mauritania,MRT,2007,3278.27661394002
Mauritania,MRT,2006,3341.70718355001
Mauritania,MRT,2005,2809.03508145691
Mauritania,MRT,2004,2570.29404911997
Mauritania,MRT,2003,2446.69817773871
Mauritania,MRT,2002,2295.80500995331
Mauritania,MRT,2001,2279.72711478483
Mauritania,MRT,2000,2303.66639707769
Mauritania,MRT,1999,2410.67448386886
Mauritania,MRT,1998,2354.93828978346
Mauritania,MRT,1997,2325.349106123
Mauritania,MRT,1996,2435.94646682425
Mauritania,MRT,1995,2305.75519494391
Mauritania,MRT,1994,2113.65838277241
Mauritania,MRT,1993,2208.57261146681
Mauritania,MRT,1992,2121.85768738424
Mauritania,MRT,1991,2115.85368221029
Mauritania,MRT,1990,2070.29062836393
Mauritania,MRT,1989,
Mauritania,MRT,1988,
Mauritania,MRT,1987,
Mauritania,MRT,1986,
Mauritania,MRT,1985,
Mauritania,MRT,1984,
Mauritania,MRT,1983,
Mauritania,MRT,1982,
Mauritania,MRT,1981,
Mauritania,MRT,1980,
Mauritania,MRT,1979,
Mauritania,MRT,1978,
Mauritania,MRT,1977,
Mauritania,MRT,1976,
Mauritania,MRT,1975,
Mauritania,MRT,1974,
Mauritania,MRT,1973,
Mauritania,MRT,1972,
Mauritania,MRT,1971,
Mauritania,MRT,1970,
Mauritania,MRT,1969,
Mauritania,MRT,1968,
Mauritania,MRT,1967,
Mauritania,MRT,1966,
Mauritania,MRT,1965,
Mauritania,MRT,1964,
Mauritania,MRT,1963,
Mauritania,MRT,1962,
Mauritania,MRT,1961,
Mauritania,MRT,1960,
Mauritius,MUS,2025,
Mauritius,MUS,2024,31839.7597535524
Mauritius,MUS,2023,29560.7137230079
Mauritius,MUS,2022,26874.4899927593
Mauritius,MUS,2021,23010.2013826905
Mauritius,MUS,2020,21621.5971225158
Mauritius,MUS,2019,24374.7818286566
Mauritius,MUS,2018,23415.5237589118
Mauritius,MUS,2017,22897.9700922102
Mauritius,MUS,2016,21951.8307433111
Mauritius,MUS,2015,20269.523509561
Mauritius,MUS,2014,19294.4682829555
Mauritius,MUS,2013,18435.2031858652
Mauritius,MUS,2012,17259.4018011357
Mauritius,MUS,2011,16883.565820961
Mauritius,MUS,2010,15919.6622762525
Mauritius,MUS,2009,15104.8081548746
Mauritius,MUS,2008,14569.1531207728
Mauritius,MUS,2007,13612.2512989533
Mauritius,MUS,2006,12592.5218946608
Mauritius,MUS,2005,11703.4765244451
Mauritius,MUS,2004,11215.7002784358
Mauritius,MUS,2003,10534.5572530361
Mauritius,MUS,2002,9823.53996405315
Mauritius,MUS,2001,9585.8047303181
Mauritius,MUS,2000,9143.0073732792
Mauritius,MUS,1999,8344.31058439287
Mauritius,MUS,1998,8121.10590527723
Mauritius,MUS,1997,7651.1596593108
Mauritius,MUS,1996,7206.36377883048
Mauritius,MUS,1995,6771.19101323899
Mauritius,MUS,1994,6414.38186623117
Mauritius,MUS,1993,6115.87061947519
Mauritius,MUS,1992,5753.13222121756
Mauritius,MUS,1991,5350.9551672451
Mauritius,MUS,1990,5009.879721086
Mauritius,MUS,1989,
Mauritius,MUS,1988,
Mauritius,MUS,1987,
Mauritius,MUS,1986,
Mauritius,MUS,1985,
Mauritius,MUS,1984,
Mauritius,MUS,1983,
Mauritius,MUS,1982,
Mauritius,MUS,1981,
Mauritius,MUS,1980,
Mauritius,MUS,1979,
Mauritius,MUS,1978,
Mauritius,MUS,1977,
Mauritius,MUS,1976,
Mauritius,MUS,1975,
Mauritius,MUS,1974,
Mauritius,MUS,1973,
Mauritius,MUS,1972,
Mauritius,MUS,1971,
Mauritius,MUS,1970,
Mauritius,MUS,1969,
Mauritius,MUS,1968,
Mauritius,MUS,1967,
Mauritius,MUS,1966,
Mauritius,MUS,1965,
Mauritius,MUS,1964,
Mauritius,MUS,1963,
Mauritius,MUS,1962,
Mauritius,MUS,1961,
Mauritius,MUS,1960,
Mexico,MEX,2025,
Mexico,MEX,2024,26185.3564713253
Mexico,MEX,2023,25243.1644887582
Mexico,MEX,2022,23135.4931601276
Mexico,MEX,2021,20782.5877417545
Mexico,MEX,2020,19354.1248706244
Mexico,MEX,2019,20964.2774847072
Mexico,MEX,2018,20921.4775277572
Mexico,MEX,2017,20488.7150800441
Mexico,MEX,2016,20104.5839787472
Mexico,MEX,2015,19071.4444196466
Mexico,MEX,2014,18820.7991098584
Mexico,MEX,2013,18170.264789912
Mexico,MEX,2012,18004.7935607542
Mexico,MEX,2011,17266.8129106549
Mexico,MEX,2010,15909.1464963628
Mexico,MEX,2009,15190.8744519178
Mexico,MEX,2008,15680.5761896881
Mexico,MEX,2007,15031.5804109164
Mexico,MEX,2006,14540.4500497636
Mexico,MEX,2005,13260.2388186669
Mexico,MEX,2004,12658.1646665687
Mexico,MEX,2003,12065.9368553721
Mexico,MEX,2002,11761.8865901666
Mexico,MEX,2001,11738.8928661183
Mexico,MEX,2000,11704.6853532773
Mexico,MEX,1999,11030.5214325384
Mexico,MEX,1998,10755.5944103753
Mexico,MEX,1997,10182.087598628
Mexico,MEX,1996,9495.71013610154
Mexico,MEX,1995,8932.73040130287
Mexico,MEX,1994,9465.90235452203
Mexico,MEX,1993,9040.50553246324
Mexico,MEX,1992,9469.67304688292
Mexico,MEX,1991,9078.60557528728
Mexico,MEX,1990,8577.86239058382
Mexico,MEX,1989,
Mexico,MEX,1988,
Mexico,MEX,1987,
Mexico,MEX,1986,
Mexico,MEX,1985,
Mexico,MEX,1984,
Mexico,MEX,1983,
Mexico,MEX,1982,
Mexico,MEX,1981,
Mexico,MEX,1980,
Mexico,MEX,1979,
Mexico,MEX,1978,
Mexico,MEX,1977,
Mexico,MEX,1976,
Mexico,MEX,1975,
Mexico,MEX,1974,
Mexico,MEX,1973,
Mexico,MEX,1972,
Mexico,MEX,1971,
Mexico,MEX,1970,
Mexico,MEX,1969,
Mexico,MEX,1968,
Mexico,MEX,1967,
Mexico,MEX,1966,
Mexico,MEX,1965,
Mexico,MEX,1964,
Mexico,MEX,1963,
Mexico,MEX,1962,
Mexico,MEX,1961,
Mexico,MEX,1960,
"Micronesia, Fed. Sts.",FSM,2025,
"Micronesia, Fed. Sts.",FSM,2024,4346.84249671875
"Micronesia, Fed. Sts.",FSM,2023,4233.74492558769
"Micronesia, Fed. Sts.",FSM,2022,4086.9798010394
"Micronesia, Fed. Sts.",FSM,2021,3946.41608109166
"Micronesia, Fed. Sts.",FSM,2020,3683.98981483674
"Micronesia, Fed. Sts.",FSM,2019,3718.79208432919
"Micronesia, Fed. Sts.",FSM,2018,3526.87287847214
"Micronesia, Fed. Sts.",FSM,2017,3461.36460828084
"Micronesia, Fed. Sts.",FSM,2016,3340.44639346428
"Micronesia, Fed. Sts.",FSM,2015,3288.92160669275
"Micronesia, Fed. Sts.",FSM,2014,3129.54694054301
"Micronesia, Fed. Sts.",FSM,2013,3165.65685742796
"Micronesia, Fed. Sts.",FSM,2012,3238.40486117851
"Micronesia, Fed. Sts.",FSM,2011,3239.75928315705
"Micronesia, Fed. Sts.",FSM,2010,3063.03751923564
"Micronesia, Fed. Sts.",FSM,2009,2953.54461702783
"Micronesia, Fed. Sts.",FSM,2008,2877.45097129853
"Micronesia, Fed. Sts.",FSM,2007,2873.02977076321
"Micronesia, Fed. Sts.",FSM,2006,2824.4825395176
"Micronesia, Fed. Sts.",FSM,2005,2728.61800192302
"Micronesia, Fed. Sts.",FSM,2004,2573.97301569908
"Micronesia, Fed. Sts.",FSM,2003,2580.87251667428
"Micronesia, Fed. Sts.",FSM,2002,2483.45825184843
"Micronesia, Fed. Sts.",FSM,2001,2436.46317318124
"Micronesia, Fed. Sts.",FSM,2000,2346.91905346727
"Micronesia, Fed. Sts.",FSM,1999,2200.6438260117
"Micronesia, Fed. Sts.",FSM,1998,2151.5538122462
"Micronesia, Fed. Sts.",FSM,1997,2074.64975549384
"Micronesia, Fed. Sts.",FSM,1996,2181.63311380877
"Micronesia, Fed. Sts.",FSM,1995,2226.06928989402
"Micronesia, Fed. Sts.",FSM,1994,2059.01316809045
"Micronesia, Fed. Sts.",FSM,1993,2064.8330995228
"Micronesia, Fed. Sts.",FSM,1992,1905.40503028699
"Micronesia, Fed. Sts.",FSM,1991,1826.9305977981
"Micronesia, Fed. Sts.",FSM,1990,1675.41465339438
"Micronesia, Fed. Sts.",FSM,1989,
"Micronesia, Fed. Sts.",FSM,1988,
"Micronesia, Fed. Sts.",FSM,1987,
"Micronesia, Fed. Sts.",FSM,1986,
"Micronesia, Fed. Sts.",FSM,1985,
"Micronesia, Fed. Sts.",FSM,1984,
"Micronesia, Fed. Sts.",FSM,1983,
"Micronesia, Fed. Sts.",FSM,1982,
"Micronesia, Fed. Sts.",FSM,1981,
"Micronesia, Fed. Sts.",FSM,1980,
"Micronesia, Fed. Sts.",FSM,1979,
"Micronesia, Fed. Sts.",FSM,1978,
"Micronesia, Fed. Sts.",FSM,1977,
"Micronesia, Fed. Sts.",FSM,1976,
"Micronesia, Fed. Sts.",FSM,1975,
"Micronesia, Fed. Sts.",FSM,1974,
"Micronesia, Fed. Sts.",FSM,1973,
"Micronesia, Fed. Sts.",FSM,1972,
"Micronesia, Fed. Sts.",FSM,1971,
"Micronesia, Fed. Sts.",FSM,1970,
"Micronesia, Fed. Sts.",FSM,1969,
"Micronesia, Fed. Sts.",FSM,1968,
"Micronesia, Fed. Sts.",FSM,1967,
"Micronesia, Fed. Sts.",FSM,1966,
"Micronesia, Fed. Sts.",FSM,1965,
"Micronesia, Fed. Sts.",FSM,1964,
"Micronesia, Fed. Sts.",FSM,1963,
"Micronesia, Fed. Sts.",FSM,1962,
"Micronesia, Fed. Sts.",FSM,1961,
"Micronesia, Fed. Sts.",FSM,1960,
Moldova,MDA,2025,
Moldova,MDA,2024,18614.9880691203
Moldova,MDA,2023,17746.9405538684
Moldova,MDA,2022,16452.9621192
Moldova,MDA,2021,15682.0703284653
Moldova,MDA,2020,13527.4413130967
Moldova,MDA,2019,13413.2232935126
Moldova,MDA,2018,11868.1955463223
Moldova,MDA,2017,11252.1135465283
Moldova,MDA,2016,10325.8404896126
Moldova,MDA,2015,9197.61838204272
Moldova,MDA,2014,8643.06431435343
Moldova,MDA,2013,8232.5238047368
Moldova,MDA,2012,7254.66249032313
Moldova,MDA,2011,6832.94156502961
Moldova,MDA,2010,6323.06287905206
Moldova,MDA,2009,5827.17888882857
Moldova,MDA,2008,6153.35152147981
Moldova,MDA,2007,5589.5685077365
Moldova,MDA,2006,5271.38970435336
Moldova,MDA,2005,4865.93456430334
Moldova,MDA,2004,4378.17475782467
Moldova,MDA,2003,3959.95150996029
Moldova,MDA,2002,3632.61091825467
Moldova,MDA,2001,3310.52882645877
Moldova,MDA,2000,3044.67050577354
Moldova,MDA,1999,2909.85035000128
Moldova,MDA,1998,2964.60151650533
Moldova,MDA,1997,3135.60702546224
Moldova,MDA,1996,3021.30988325621
Moldova,MDA,1995,3145.94580519356
Moldova,MDA,1994,3110.82300818682
Moldova,MDA,1993,4394.14185932458
Moldova,MDA,1992,4337.2468015914
Moldova,MDA,1991,5979.90789131835
Moldova,MDA,1990,6894.51372339552
Moldova,MDA,1989,
Moldova,MDA,1988,
Moldova,MDA,1987,
Moldova,MDA,1986,
Moldova,MDA,1985,
Moldova,MDA,1984,
Moldova,MDA,1983,
Moldova,MDA,1982,
Moldova,MDA,1981,
Moldova,MDA,1980,
Moldova,MDA,1979,
Moldova,MDA,1978,
Moldova,MDA,1977,
Moldova,MDA,1976,
Moldova,MDA,1975,
Moldova,MDA,1974,
Moldova,MDA,1973,
Moldova,MDA,1972,
Moldova,MDA,1971,
Moldova,MDA,1970,
Moldova,MDA,1969,
Moldova,MDA,1968,
Moldova,MDA,1967,
Moldova,MDA,1966,
Moldova,MDA,1965,
Moldova,MDA,1964,
Moldova,MDA,1963,
Moldova,MDA,1962,
Moldova,MDA,1961,
Moldova,MDA,1960,
Monaco,MCO,2025,
Monaco,MCO,2024,
Monaco,MCO,2023,
Monaco,MCO,2022,
Monaco,MCO,2021,
Monaco,MCO,2020,
Monaco,MCO,2019,
Monaco,MCO,2018,
Monaco,MCO,2017,
Monaco,MCO,2016,
Monaco,MCO,2015,
Monaco,MCO,2014,
Monaco,MCO,2013,
Monaco,MCO,2012,
Monaco,MCO,2011,
Monaco,MCO,2010,
Monaco,MCO,2009,
Monaco,MCO,2008,
Monaco,MCO,2007,
Monaco,MCO,2006,
Monaco,MCO,2005,
Monaco,MCO,2004,
Monaco,MCO,2003,
Monaco,MCO,2002,
Monaco,MCO,2001,
Monaco,MCO,2000,
Monaco,MCO,1999,
Monaco,MCO,1998,
Monaco,MCO,1997,
Monaco,MCO,1996,
Monaco,MCO,1995,
Monaco,MCO,1994,
Monaco,MCO,1993,
Monaco,MCO,1992,
Monaco,MCO,1991,
Monaco,MCO,1990,
Monaco,MCO,1989,
Monaco,MCO,1988,
Monaco,MCO,1987,
Monaco,MCO,1986,
Monaco,MCO,1985,
Monaco,MCO,1984,
Monaco,MCO,1983,
Monaco,MCO,1982,
Monaco,MCO,1981,
Monaco,MCO,1980,
Monaco,MCO,1979,
Monaco,MCO,1978,
Monaco,MCO,1977,
Monaco,MCO,1976,
Monaco,MCO,1975,
Monaco,MCO,1974,
Monaco,MCO,1973,
Monaco,MCO,1972,
Monaco,MCO,1971,
Monaco,MCO,1970,
Monaco,MCO,1969,
Monaco,MCO,1968,
Monaco,MCO,1967,
Monaco,MCO,1966,
Monaco,MCO,1965,
Monaco,MCO,1964,
Monaco,MCO,1963,
Monaco,MCO,1962,
Monaco,MCO,1961,
Monaco,MCO,1960,
Mongolia,MNG,2025,
Mongolia,MNG,2024,19144.7261368498
Mongolia,MNG,2023,18004.8512058355
Mongolia,MNG,2022,16401.9894751531
Mongolia,MNG,2021,14792.2509086422
Mongolia,MNG,2020,13693.179806943
Mongolia,MNG,2019,13604.978943194
Mongolia,MNG,2018,12317.4824277695
Mongolia,MNG,2017,11096.0375604239
Mongolia,MNG,2016,10511.3831063141
Mongolia,MNG,2015,10458.3027240524
Mongolia,MNG,2014,10900.2305197857
Mongolia,MNG,2013,10442.3850504493
Mongolia,MNG,2012,10151.7217998165
Mongolia,MNG,2011,8861.82052869304
Mongolia,MNG,2010,7531.62557442648
Mongolia,MNG,2009,7119.39424211884
Mongolia,MNG,2008,7296.58073671622
Mongolia,MNG,2007,6678.05474357637
Mongolia,MNG,2006,5977.19688729951
Mongolia,MNG,2005,5406.14341980278
Mongolia,MNG,2004,4941.82663694262
Mongolia,MNG,2003,4399.36537925014
Mongolia,MNG,2002,4083.38422166067
Mongolia,MNG,2001,3888.85528581332
Mongolia,MNG,2000,3739.69666851051
Mongolia,MNG,1999,3663.72711233942
Mongolia,MNG,1998,3554.76886731218
Mongolia,MNG,1997,3449.2343597122
Mongolia,MNG,1996,3310.16087041222
Mongolia,MNG,1995,3228.97369769259
Mongolia,MNG,1994,3021.36094265206
Mongolia,MNG,1993,2928.8379941034
Mongolia,MNG,1992,2951.02362006574
Mongolia,MNG,1991,3183.18477854027
Mongolia,MNG,1990,3479.28734517544
Mongolia,MNG,1989,
Mongolia,MNG,1988,
Mongolia,MNG,1987,
Mongolia,MNG,1986,
Mongolia,MNG,1985,
Mongolia,MNG,1984,
Mongolia,MNG,1983,
Mongolia,MNG,1982,
Mongolia,MNG,1981,
Mongolia,MNG,1980,
Mongolia,MNG,1979,
Mongolia,MNG,1978,
Mongolia,MNG,1977,
Mongolia,MNG,1976,
Mongolia,MNG,1975,
Mongolia,MNG,1974,
Mongolia,MNG,1973,
Mongolia,MNG,1972,
Mongolia,MNG,1971,
Mongolia,MNG,1970,
Mongolia,MNG,1969,
Mongolia,MNG,1968,
Mongolia,MNG,1967,
Mongolia,MNG,1966,
Mongolia,MNG,1965,
Mongolia,MNG,1964,
Mongolia,MNG,1963,
Mongolia,MNG,1962,
Mongolia,MNG,1961,
Mongolia,MNG,1960,
Montenegro,MNE,2025,
Montenegro,MNE,2024,34062.7577672706
Montenegro,MNE,2023,31862.7715778041
Montenegro,MNE,2022,28049.6156106324
Montenegro,MNE,2021,23690.0773513056
Montenegro,MNE,2020,20624.7838079303
Montenegro,MNE,2019,23705.5248672453
Montenegro,MNE,2018,21083.5882908272
Montenegro,MNE,2017,19356.6825946889
Montenegro,MNE,2016,18030.0907942324
Montenegro,MNE,2015,16091.712641843
Montenegro,MNE,2014,15276.0334064191
Montenegro,MNE,2013,14692.0574366306
Montenegro,MNE,2012,13792.5731748207
Montenegro,MNE,2011,14347.4457105412
Montenegro,MNE,2010,13612.2915551291
Montenegro,MNE,2009,12976.2464365042
Montenegro,MNE,2008,13801.9149911395
Montenegro,MNE,2007,12452.2628850091
Montenegro,MNE,2006,10440.2734993601
Montenegro,MNE,2005,8313.64054358567
Montenegro,MNE,2004,7841.44380565018
Montenegro,MNE,2003,7340.35009918017
Montenegro,MNE,2002,7100.28306700488
Montenegro,MNE,2001,6771.5482104101
Montenegro,MNE,2000,6003.8529990953
Montenegro,MNE,1999,5684.4660024806
Montenegro,MNE,1998,6169.78618426714
Montenegro,MNE,1997,5798.49192328645
Montenegro,MNE,1996,
Montenegro,MNE,1995,
Montenegro,MNE,1994,
Montenegro,MNE,1993,
Montenegro,MNE,1992,
Montenegro,MNE,1991,
Montenegro,MNE,1990,
Montenegro,MNE,1989,
Montenegro,MNE,1988,
Montenegro,MNE,1987,
Montenegro,MNE,1986,
Montenegro,MNE,1985,
Montenegro,MNE,1984,
Montenegro,MNE,1983,
Montenegro,MNE,1982,
Montenegro,MNE,1981,
Montenegro,MNE,1980,
Montenegro,MNE,1979,
Montenegro,MNE,1978,
Montenegro,MNE,1977,
Montenegro,MNE,1976,
Montenegro,MNE,1975,
Montenegro,MNE,1974,
Montenegro,MNE,1973,
Montenegro,MNE,1972,
Montenegro,MNE,1971,
Montenegro,MNE,1970,
Montenegro,MNE,1969,
Montenegro,MNE,1968,
Montenegro,MNE,1967,
Montenegro,MNE,1966,
Montenegro,MNE,1965,
Montenegro,MNE,1964,
Montenegro,MNE,1963,
Montenegro,MNE,1962,
Montenegro,MNE,1961,
Montenegro,MNE,1960,
Morocco,MAR,2025,
Morocco,MAR,2024,10415.1240234375
Morocco,MAR,2023,9894.650390625
Morocco,MAR,2022,9310.0322265625
Morocco,MAR,2021,8623.265625
Morocco,MAR,2020,7704.84912109375
Morocco,MAR,2019,8046.22900390625
Morocco,MAR,2018,7801.0986328125
Morocco,MAR,2017,8115.12060546875
Morocco,MAR,2016,7853.17626953125
Morocco,MAR,2015,7799.09228515625
Morocco,MAR,2014,7237.27734375
Morocco,MAR,2013,7542.0986328125
Morocco,MAR,2012,7307.6123046875
Morocco,MAR,2011,7274.1474609375
Morocco,MAR,2010,6848.66748046875
Morocco,MAR,2009,6628.57666015625
Morocco,MAR,2008,6437.0634765625
Morocco,MAR,2007,6057.935546875
Morocco,MAR,2006,5780.6181640625
Morocco,MAR,2005,5274.74169921875
Morocco,MAR,2004,5024.6943359375
Morocco,MAR,2003,4741.0615234375
Morocco,MAR,2002,4436.4287109375
Morocco,MAR,2001,4268.86962890625
Morocco,MAR,2000,3930.22314453125
Morocco,MAR,1999,3800.6298828125
Morocco,MAR,1998,3740.35913085938
Morocco,MAR,1997,3502.00805664063
Morocco,MAR,1996,3551.25610351563
Morocco,MAR,1995,3152.42724609375
Morocco,MAR,1994,3314.78149414063
Morocco,MAR,1993,2979.28686523438
Morocco,MAR,1992,2979.068359375
Morocco,MAR,1991,3025.00708007813
Morocco,MAR,1990,2776.82250976563
Morocco,MAR,1989,
Morocco,MAR,1988,
Morocco,MAR,1987,
Morocco,MAR,1986,
Morocco,MAR,1985,
Morocco,MAR,1984,
Morocco,MAR,1983,
Morocco,MAR,1982,
Morocco,MAR,1981,
Morocco,MAR,1980,
Morocco,MAR,1979,
Morocco,MAR,1978,
Morocco,MAR,1977,
Morocco,MAR,1976,
Morocco,MAR,1975,
Morocco,MAR,1974,
Morocco,MAR,1973,
Morocco,MAR,1972,
Morocco,MAR,1971,
Morocco,MAR,1970,
Morocco,MAR,1969,
Morocco,MAR,1968,
Morocco,MAR,1967,
Morocco,MAR,1966,
Morocco,MAR,1965,
Morocco,MAR,1964,
Morocco,MAR,1963,
Morocco,MAR,1962,
Morocco,MAR,1961,
Morocco,MAR,1960,
Mozambique,MOZ,2025,
Mozambique,MOZ,2024,1705.37919520416
Mozambique,MOZ,2023,1678.39118243681
Mozambique,MOZ,2022,1581.9441944262
Mozambique,MOZ,2021,1457.23540930922
Mozambique,MOZ,2020,1411.62040229911
Mozambique,MOZ,2019,1388.79707034446
Mozambique,MOZ,2018,1325.58695568953
Mozambique,MOZ,2017,1282.74965991801
Mozambique,MOZ,2016,1379.10740028691
Mozambique,MOZ,2015,1317.88785956822
Mozambique,MOZ,2014,1165.82826607505
Mozambique,MOZ,2013,1113.7525275929
Mozambique,MOZ,2012,1075.87786085361
Mozambique,MOZ,2011,1063.65543296311
Mozambique,MOZ,2010,1000.2411486648
Mozambique,MOZ,2009,951.485453763858
Mozambique,MOZ,2008,916.155850233958
Mozambique,MOZ,2007,861.987682743539
Mozambique,MOZ,2006,798.387667642541
Mozambique,MOZ,2005,721.411761943486
Mozambique,MOZ,2004,673.345717268781
Mozambique,MOZ,2003,619.987510681772
Mozambique,MOZ,2002,580.040921427185
Mozambique,MOZ,2001,532.627310160456
Mozambique,MOZ,2000,471.967329761791
Mozambique,MOZ,1999,468.208668538029
Mozambique,MOZ,1998,422.267281574087
Mozambique,MOZ,1997,387.059044305483
Mozambique,MOZ,1996,349.731938684798
Mozambique,MOZ,1995,320.59989030495
Mozambique,MOZ,1994,326.441684464905
Mozambique,MOZ,1993,321.278518962215
Mozambique,MOZ,1992,291.989332751553
Mozambique,MOZ,1991,314.930038758303
Mozambique,MOZ,1990,296.038508723005
Mozambique,MOZ,1989,
Mozambique,MOZ,1988,
Mozambique,MOZ,1987,
Mozambique,MOZ,1986,
Mozambique,MOZ,1985,
Mozambique,MOZ,1984,
Mozambique,MOZ,1983,
Mozambique,MOZ,1982,
Mozambique,MOZ,1981,
Mozambique,MOZ,1980,
Mozambique,MOZ,1979,
Mozambique,MOZ,1978,
Mozambique,MOZ,1977,
Mozambique,MOZ,1976,
Mozambique,MOZ,1975,
Mozambique,MOZ,1974,
Mozambique,MOZ,1973,
Mozambique,MOZ,1972,
Mozambique,MOZ,1971,
Mozambique,MOZ,1970,
Mozambique,MOZ,1969,
Mozambique,MOZ,1968,
Mozambique,MOZ,1967,
Mozambique,MOZ,1966,
Mozambique,MOZ,1965,
Mozambique,MOZ,1964,
Mozambique,MOZ,1963,
Mozambique,MOZ,1962,
Mozambique,MOZ,1961,
Mozambique,MOZ,1960,
Myanmar,MMR,2025,
Myanmar,MMR,2024,5997.46516323715
Myanmar,MMR,2023,5953.35735165913
Myanmar,MMR,2022,5731.93787872459
Myanmar,MMR,2021,5178.44718217164
Myanmar,MMR,2020,5740.99045843992
Myanmar,MMR,2019,6101.37245765709
Myanmar,MMR,2018,5581.2769545815
Myanmar,MMR,2017,4706.43248949598
Myanmar,MMR,2016,4459.53981427471
Myanmar,MMR,2015,4458.69054442659
Myanmar,MMR,2014,4376.38833281274
Myanmar,MMR,2013,4143.63012731959
Myanmar,MMR,2012,3845.15284153671
Myanmar,MMR,2011,3579.40482970626
Myanmar,MMR,2010,3348.12889497049
Myanmar,MMR,2009,3039.7998233771
Myanmar,MMR,2008,2748.07921338491
Myanmar,MMR,2007,2458.85746440138
Myanmar,MMR,2006,2152.86730947026
Myanmar,MMR,2005,1860.45413157633
Myanmar,MMR,2004,1600.84105608585
Myanmar,MMR,2003,1384.52851825947
Myanmar,MMR,2002,1203.8263073429
Myanmar,MMR,2001,1068.82590521952
Myanmar,MMR,2000,948.748285178047
Myanmar,MMR,1999,824.781054002538
Myanmar,MMR,1998,741.817471588137
Myanmar,MMR,1997,701.627990142461
Myanmar,MMR,1996,661.21806056089
Myanmar,MMR,1995,617.896101429996
Myanmar,MMR,1994,573.2919239637
Myanmar,MMR,1993,529.208215546106
Myanmar,MMR,1992,494.084437474581
Myanmar,MMR,1991,446.583180495898
Myanmar,MMR,1990,441.103287551543
Myanmar,MMR,1989,
Myanmar,MMR,1988,
Myanmar,MMR,1987,
Myanmar,MMR,1986,
Myanmar,MMR,1985,
Myanmar,MMR,1984,
Myanmar,MMR,1983,
Myanmar,MMR,1982,
Myanmar,MMR,1981,
Myanmar,MMR,1980,
Myanmar,MMR,1979,
Myanmar,MMR,1978,
Myanmar,MMR,1977,
Myanmar,MMR,1976,
Myanmar,MMR,1975,
Myanmar,MMR,1974,
Myanmar,MMR,1973,
Myanmar,MMR,1972,
Myanmar,MMR,1971,
Myanmar,MMR,1970,
Myanmar,MMR,1969,
Myanmar,MMR,1968,
Myanmar,MMR,1967,
Myanmar,MMR,1966,
Myanmar,MMR,1965,
Myanmar,MMR,1964,
Myanmar,MMR,1963,
Myanmar,MMR,1962,
Myanmar,MMR,1961,
Myanmar,MMR,1960,
Namibia,NAM,2025,
Namibia,NAM,2024,11686.6020661881
Namibia,NAM,2023,11251.2370313819
Namibia,NAM,2022,10662.7017064119
Namibia,NAM,2021,9709.09930646771
Namibia,NAM,2020,9354.13136713077
Namibia,NAM,2019,9609.48555672874
Namibia,NAM,2018,9853.73533646074
Namibia,NAM,2017,9887.9393548255
Namibia,NAM,2016,10200.1392609733
Namibia,NAM,2015,10465.8920558516
Namibia,NAM,2014,10365.3090596781
Namibia,NAM,2013,9699.2083777865
Namibia,NAM,2012,9363.76632318029
Namibia,NAM,2011,9002.23004537057
Namibia,NAM,2010,8538.19995395948
Namibia,NAM,2009,8079.38392286218
Namibia,NAM,2008,8124.81517886749
Namibia,NAM,2007,7874.93144508288
Namibia,NAM,2006,7373.75822211888
Namibia,NAM,2005,6766.5998120605
Namibia,NAM,2004,6479.76368965829
Namibia,NAM,2003,5692.63373752872
Namibia,NAM,2002,5433.26902723843
Namibia,NAM,2001,5196.15009836199
Namibia,NAM,2000,5128.61433644621
Namibia,NAM,1999,4961.12432656781
Namibia,NAM,1998,4851.59229388401
Namibia,NAM,1997,4764.34078064408
Namibia,NAM,1996,4611.75800032302
Namibia,NAM,1995,4509.12972910763
Namibia,NAM,1994,4376.06545249126
Namibia,NAM,1993,4344.62452101233
Namibia,NAM,1992,4451.93564355367
Namibia,NAM,1991,4191.70793418645
Namibia,NAM,1990,3875.47043210363
Namibia,NAM,1989,
Namibia,NAM,1988,
Namibia,NAM,1987,
Namibia,NAM,1986,
Namibia,NAM,1985,
Namibia,NAM,1984,
Namibia,NAM,1983,
Namibia,NAM,1982,
Namibia,NAM,1981,
Namibia,NAM,1980,
Namibia,NAM,1979,
Namibia,NAM,1978,
Namibia,NAM,1977,
Namibia,NAM,1976,
Namibia,NAM,1975,
Namibia,NAM,1974,
Namibia,NAM,1973,
Namibia,NAM,1972,
Namibia,NAM,1971,
Namibia,NAM,1970,
Namibia,NAM,1969,
Namibia,NAM,1968,
Namibia,NAM,1967,
Namibia,NAM,1966,
Namibia,NAM,1965,
Namibia,NAM,1964,
Namibia,NAM,1963,
Namibia,NAM,1962,
Namibia,NAM,1961,
Namibia,NAM,1960,
Nauru,NRU,2025,
Nauru,NRU,2024,14173.0081043154
Nauru,NRU,2023,13731.5704745016
Nauru,NRU,2022,13245.1094562619
Nauru,NRU,2021,12112.2358384228
Nauru,NRU,2020,10810.9461002401
Nauru,NRU,2019,10554.5218534787
Nauru,NRU,2018,9657.26073566654
Nauru,NRU,2017,9650.31890049941
Nauru,NRU,2016,10281.267399011
Nauru,NRU,2015,9955.33548663175
Nauru,NRU,2014,9725.9521482902
Nauru,NRU,2013,8428.7325679025
Nauru,NRU,2012,8153.2726237438
Nauru,NRU,2011,6544.10299768768
Nauru,NRU,2010,5620.40413037023
Nauru,NRU,2009,5567.8891646028
Nauru,NRU,2008,5863.37099288988
Nauru,NRU,2007,4788.51763173528
Nauru,NRU,2006,5974.81684403378
Nauru,NRU,2005,5336.45554924709
Nauru,NRU,2004,5168.562529217
Nauru,NRU,2003,5260.70566106421
Nauru,NRU,2002,5132.474854085
Nauru,NRU,2001,5587.10059513323
Nauru,NRU,2000,5838.38474480524
Nauru,NRU,1999,6117.86808932458
Nauru,NRU,1998,6449.61992824266
Nauru,NRU,1997,7230.94833386006
Nauru,NRU,1996,7818.14774938695
Nauru,NRU,1995,8726.05055383464
Nauru,NRU,1994,9307.97400425324
Nauru,NRU,1993,9512.73458321851
Nauru,NRU,1992,11167.4838030978
Nauru,NRU,1991,13265.1734522982
Nauru,NRU,1990,16215.1640239499
Nauru,NRU,1989,
Nauru,NRU,1988,
Nauru,NRU,1987,
Nauru,NRU,1986,
Nauru,NRU,1985,
Nauru,NRU,1984,
Nauru,NRU,1983,
Nauru,NRU,1982,
Nauru,NRU,1981,
Nauru,NRU,1980,
Nauru,NRU,1979,
Nauru,NRU,1978,
Nauru,NRU,1977,
Nauru,NRU,1976,
Nauru,NRU,1975,
Nauru,NRU,1974,
Nauru,NRU,1973,
Nauru,NRU,1972,
Nauru,NRU,1971,
Nauru,NRU,1970,
Nauru,NRU,1969,
Nauru,NRU,1968,
Nauru,NRU,1967,
Nauru,NRU,1966,
Nauru,NRU,1965,
Nauru,NRU,1964,
Nauru,NRU,1963,
Nauru,NRU,1962,
Nauru,NRU,1961,
Nauru,NRU,1960,
Nepal,NPL,2025,
Nepal,NPL,2024,5736.62134332704
Nepal,NPL,2023,5395.20820077513
Nepal,NPL,2022,5102.99231132947
Nepal,NPL,2021,4546.22970006289
Nepal,NPL,2020,4235.57462326905
Nepal,NPL,2019,4260.67373190851
Nepal,NPL,2018,3956.12461094443
Nepal,NPL,2017,3604.70825949747
Nepal,NPL,2016,2976.12513681451
Nepal,NPL,2015,2957.30559145504
Nepal,NPL,2014,2901.19752086169
Nepal,NPL,2013,2658.02196886933
Nepal,NPL,2012,2465.83469449131
Nepal,NPL,2011,2247.99742932205
Nepal,NPL,2010,2139.22749384013
Nepal,NPL,2009,2028.95740753622
Nepal,NPL,2008,1942.152996933
Nepal,NPL,2007,1809.3237124739
Nepal,NPL,2006,1717.78611779434
Nepal,NPL,2005,1627.83915596503
Nepal,NPL,2004,1542.44947639149
Nepal,NPL,2003,1453.18365785704
Nepal,NPL,2002,1390.43706974998
Nepal,NPL,2001,1388.47045455809
Nepal,NPL,2000,1316.82940913774
Nepal,NPL,1999,1233.66141098607
Nepal,NPL,1998,1186.92485601989
Nepal,NPL,1997,1161.98176079989
Nepal,NPL,1996,1110.22192688671
Nepal,NPL,1995,1058.20747644508
Nepal,NPL,1994,1026.08370072663
Nepal,NPL,1993,951.910370753097
Nepal,NPL,1992,920.181508623286
Nepal,NPL,1991,888.91482121127
Nepal,NPL,1990,829.554109110962
Nepal,NPL,1989,
Nepal,NPL,1988,
Nepal,NPL,1987,
Nepal,NPL,1986,
Nepal,NPL,1985,
Nepal,NPL,1984,
Nepal,NPL,1983,
Nepal,NPL,1982,
Nepal,NPL,1981,
Nepal,NPL,1980,
Nepal,NPL,1979,
Nepal,NPL,1978,
Nepal,NPL,1977,
Nepal,NPL,1976,
Nepal,NPL,1975,
Nepal,NPL,1974,
Nepal,NPL,1973,
Nepal,NPL,1972,
Nepal,NPL,1971,
Nepal,NPL,1970,
Nepal,NPL,1969,
Nepal,NPL,1968,
Nepal,NPL,1967,
Nepal,NPL,1966,
Nepal,NPL,1965,
Nepal,NPL,1964,
Nepal,NPL,1963,
Nepal,NPL,1962,
Nepal,NPL,1961,
Nepal,NPL,1960,
Netherlands,NLD,2025,
Netherlands,NLD,2024,86173.6290841738
Netherlands,NLD,2023,81728.6904629268
Netherlands,NLD,2022,78630.3599072098
Netherlands,NLD,2021,68573.5648786446
Netherlands,NLD,2020,62596.6302027524
Netherlands,NLD,2019,62345.2538465433
Netherlands,NLD,2018,58819.2609142584
Netherlands,NLD,2017,56037.567993606
Netherlands,NLD,2016,53162.2791598028
Netherlands,NLD,2015,50956.6930942185
Netherlands,NLD,2014,49751.3092860822
Netherlands,NLD,2013,49622.0519614799
Netherlands,NLD,2012,47653.3401651371
Netherlands,NLD,2011,47004.1370739062
Netherlands,NLD,2010,45301.269581608
Netherlands,NLD,2009,44959.169463743
Netherlands,NLD,2008,46714.3454301392
Netherlands,NLD,2007,44203.4002135804
Netherlands,NLD,2006,41208.0462204734
Netherlands,NLD,2005,37778.4864360065
Netherlands,NLD,2004,35960.7138360683
Netherlands,NLD,2003,34286.3833524783
Netherlands,NLD,2002,34568.4593268108
Netherlands,NLD,2001,33259.4535966288
Netherlands,NLD,2000,31894.6590915933
Netherlands,NLD,1999,29316.2634775738
Netherlands,NLD,1998,27748.824897953
Netherlands,NLD,1997,26061.6297339405
Netherlands,NLD,1996,24564.1192126848
Netherlands,NLD,1995,23480.2458181734
Netherlands,NLD,1994,22413.5258774144
Netherlands,NLD,1993,21442.7269213863
Netherlands,NLD,1992,20830.7613437333
Netherlands,NLD,1991,20176.9779276602
Netherlands,NLD,1990,19202.9869557536
Netherlands,NLD,1989,
Netherlands,NLD,1988,
Netherlands,NLD,1987,
Netherlands,NLD,1986,
Netherlands,NLD,1985,
Netherlands,NLD,1984,
Netherlands,NLD,1983,
Netherlands,NLD,1982,
Netherlands,NLD,1981,
Netherlands,NLD,1980,
Netherlands,NLD,1979,
Netherlands,NLD,1978,
Netherlands,NLD,1977,
Netherlands,NLD,1976,
Netherlands,NLD,1975,
Netherlands,NLD,1974,
Netherlands,NLD,1973,
Netherlands,NLD,1972,
Netherlands,NLD,1971,
Netherlands,NLD,1970,
Netherlands,NLD,1969,
Netherlands,NLD,1968,
Netherlands,NLD,1967,
Netherlands,NLD,1966,
Netherlands,NLD,1965,
Netherlands,NLD,1964,
Netherlands,NLD,1963,
Netherlands,NLD,1962,
Netherlands,NLD,1961,
Netherlands,NLD,1960,
New Caledonia,NCL,2025,
New Caledonia,NCL,2024,
New Caledonia,NCL,2023,
New Caledonia,NCL,2022,
New Caledonia,NCL,2021,
New Caledonia,NCL,2020,
New Caledonia,NCL,2019,
New Caledonia,NCL,2018,
New Caledonia,NCL,2017,
New Caledonia,NCL,2016,
New Caledonia,NCL,2015,
New Caledonia,NCL,2014,
New Caledonia,NCL,2013,
New Caledonia,NCL,2012,
New Caledonia,NCL,2011,
New Caledonia,NCL,2010,
New Caledonia,NCL,2009,
New Caledonia,NCL,2008,
New Caledonia,NCL,2007,
New Caledonia,NCL,2006,
New Caledonia,NCL,2005,
New Caledonia,NCL,2004,
New Caledonia,NCL,2003,
New Caledonia,NCL,2002,
New Caledonia,NCL,2001,
New Caledonia,NCL,2000,
New Caledonia,NCL,1999,
New Caledonia,NCL,1998,
New Caledonia,NCL,1997,
New Caledonia,NCL,1996,
New Caledonia,NCL,1995,
New Caledonia,NCL,1994,
New Caledonia,NCL,1993,
New Caledonia,NCL,1992,
New Caledonia,NCL,1991,
New Caledonia,NCL,1990,
New Caledonia,NCL,1989,
New Caledonia,NCL,1988,
New Caledonia,NCL,1987,
New Caledonia,NCL,1986,
New Caledonia,NCL,1985,
New Caledonia,NCL,1984,
New Caledonia,NCL,1983,
New Caledonia,NCL,1982,
New Caledonia,NCL,1981,
New Caledonia,NCL,1980,
New Caledonia,NCL,1979,
New Caledonia,NCL,1978,
New Caledonia,NCL,1977,
New Caledonia,NCL,1976,
New Caledonia,NCL,1975,
New Caledonia,NCL,1974,
New Caledonia,NCL,1973,
New Caledonia,NCL,1972,
New Caledonia,NCL,1971,
New Caledonia,NCL,1970,
New Caledonia,NCL,1969,
New Caledonia,NCL,1968,
New Caledonia,NCL,1967,
New Caledonia,NCL,1966,
New Caledonia,NCL,1965,
New Caledonia,NCL,1964,
New Caledonia,NCL,1963,
New Caledonia,NCL,1962,
New Caledonia,NCL,1961,
New Caledonia,NCL,1960,
New Zealand,NZL,2025,
New Zealand,NZL,2024,55551.143658637
New Zealand,NZL,2023,54697.382252318
New Zealand,NZL,2022,54033.9130125651
New Zealand,NZL,2021,48248.7176729892
New Zealand,NZL,2020,45513.3123768343
New Zealand,NZL,2019,45278.4587226734
New Zealand,NZL,2018,42527.2784103301
New Zealand,NZL,2017,42243.5084459397
New Zealand,NZL,2016,39988.9250855472
New Zealand,NZL,2015,37513.2963872442
New Zealand,NZL,2014,37331.3155732447
New Zealand,NZL,2013,36262.704728265
New Zealand,NZL,2012,33054.8936751088
New Zealand,NZL,2011,32738.9884445601
New Zealand,NZL,2010,31305.3299504124
New Zealand,NZL,2009,30746.1551656083
New Zealand,NZL,2008,29895.6451662949
New Zealand,NZL,2007,29331.2143367859
New Zealand,NZL,2006,27732.3439124039
New Zealand,NZL,2005,25677.4190803252
New Zealand,NZL,2004,25123.9162365879
New Zealand,NZL,2003,23996.4486751857
New Zealand,NZL,2002,23306.2795376277
New Zealand,NZL,2001,22511.0906735294
New Zealand,NZL,2000,21500.1531078077
New Zealand,NZL,1999,20579.365916514
New Zealand,NZL,1998,19322.5966035456
New Zealand,NZL,1997,19099.8868484126
New Zealand,NZL,1996,18392.1664137785
New Zealand,NZL,1995,17863.8893982023
New Zealand,NZL,1994,17107.8871971177
New Zealand,NZL,1993,15900.1007418351
New Zealand,NZL,1992,14876.8506144376
New Zealand,NZL,1991,14500.9507347911
New Zealand,NZL,1990,14812.1421730541
New Zealand,NZL,1989,
New Zealand,NZL,1988,
New Zealand,NZL,1987,
New Zealand,NZL,1986,
New Zealand,NZL,1985,
New Zealand,NZL,1984,
New Zealand,NZL,1983,
New Zealand,NZL,1982,
New Zealand,NZL,1981,
New Zealand,NZL,1980,
New Zealand,NZL,1979,
New Zealand,NZL,1978,
New Zealand,NZL,1977,
New Zealand,NZL,1976,
New Zealand,NZL,1975,
New Zealand,NZL,1974,
New Zealand,NZL,1973,
New Zealand,NZL,1972,
New Zealand,NZL,1971,
New Zealand,NZL,1970,
New Zealand,NZL,1969,
New Zealand,NZL,1968,
New Zealand,NZL,1967,
New Zealand,NZL,1966,
New Zealand,NZL,1965,
New Zealand,NZL,1964,
New Zealand,NZL,1963,
New Zealand,NZL,1962,
New Zealand,NZL,1961,
New Zealand,NZL,1960,
Nicaragua,NIC,2025,
Nicaragua,NIC,2024,8708.79983051626
Nicaragua,NIC,2023,8319.97944140996
Nicaragua,NIC,2022,7796.69362034144
Nicaragua,NIC,2021,7119.16923360042
Nicaragua,NIC,2020,6274.09456741388
Nicaragua,NIC,2019,5981.10876431466
Nicaragua,NIC,2018,5935.16693631386
Nicaragua,NIC,2017,6225.34702574846
Nicaragua,NIC,2016,5882.36645219746
Nicaragua,NIC,2015,5448.89226010317
Nicaragua,NIC,2014,5067.74639018687
Nicaragua,NIC,2013,4710.57243158513
Nicaragua,NIC,2012,4507.94302866696
Nicaragua,NIC,2011,4324.71007244238
Nicaragua,NIC,2010,4042.22071276517
Nicaragua,NIC,2009,3879.66988190397
Nicaragua,NIC,2008,4044.37612184283
Nicaragua,NIC,2007,3891.49984972345
Nicaragua,NIC,2006,3657.96749691494
Nicaragua,NIC,2005,3455.99273667007
Nicaragua,NIC,2004,3255.48515859924
Nicaragua,NIC,2003,3046.1086825849
Nicaragua,NIC,2002,2948.22979847883
Nicaragua,NIC,2001,2916.55168323761
Nicaragua,NIC,2000,2806.25937937345
Nicaragua,NIC,1999,2672.49228436112
Nicaragua,NIC,1998,2497.44940017119
Nicaragua,NIC,1997,2417.98618298174
Nicaragua,NIC,1996,2324.78174247433
Nicaragua,NIC,1995,2187.03441961012
Nicaragua,NIC,1994,2064.16920957975
Nicaragua,NIC,1993,1997.71247648842
Nicaragua,NIC,1992,2002.63909596783
Nicaragua,NIC,1991,1995.07739244574
Nicaragua,NIC,1990,1978.56634185883
Nicaragua,NIC,1989,
Nicaragua,NIC,1988,
Nicaragua,NIC,1987,
Nicaragua,NIC,1986,
Nicaragua,NIC,1985,
Nicaragua,NIC,1984,
Nicaragua,NIC,1983,
Nicaragua,NIC,1982,
Nicaragua,NIC,1981,
Nicaragua,NIC,1980,
Nicaragua,NIC,1979,
Nicaragua,NIC,1978,
Nicaragua,NIC,1977,
Nicaragua,NIC,1976,
Nicaragua,NIC,1975,
Nicaragua,NIC,1974,
Nicaragua,NIC,1973,
Nicaragua,NIC,1972,
Nicaragua,NIC,1971,
Nicaragua,NIC,1970,
Nicaragua,NIC,1969,
Nicaragua,NIC,1968,
Nicaragua,NIC,1967,
Nicaragua,NIC,1966,
Nicaragua,NIC,1965,
Nicaragua,NIC,1964,
Nicaragua,NIC,1963,
Nicaragua,NIC,1962,
Nicaragua,NIC,1961,
Nicaragua,NIC,1960,
Niger,NER,2025,
Niger,NER,2024,2049.93305251019
Niger,NER,2023,1875.15306770628
Niger,NER,2022,1839.96909675903
Niger,NER,2021,1585.59922021188
Niger,NER,2020,1496.83350023022
Niger,NER,2019,1419.16805070193
Niger,NER,2018,1275.99643935327
Niger,NER,2017,1208.14609955266
Niger,NER,2016,1188.55709229837
Niger,NER,2015,1172.19178758955
Niger,NER,2014,1161.32515723793
Niger,NER,2013,1137.76904129571
Niger,NER,2012,1161.78908289767
Niger,NER,2011,1064.41917390361
Niger,NER,2010,1057.51100257385
Niger,NER,2009,998.792501504778
Niger,NER,2008,1010.43184621169
Niger,NER,2007,954.892280110555
Niger,NER,2006,935.175329354286
Niger,NER,2005,888.304262543839
Niger,NER,2004,832.125196599523
Niger,NER,2003,836.978440593236
Niger,NER,2002,832.469364409205
Niger,NER,2001,809.387186909375
Niger,NER,2000,764.28188514316
Niger,NER,1999,783.183877091627
Niger,NER,1998,801.046939699916
Niger,NER,1997,745.105523925628
Niger,NER,1996,745.81084401481
Niger,NER,1995,756.545588583376
Niger,NER,1994,747.575677676837
Niger,NER,1993,742.107180797027
Niger,NER,1992,745.804310107439
Niger,NER,1991,737.528921327671
Niger,NER,1990,739.108850974286
Niger,NER,1989,
Niger,NER,1988,
Niger,NER,1987,
Niger,NER,1986,
Niger,NER,1985,
Niger,NER,1984,
Niger,NER,1983,
Niger,NER,1982,
Niger,NER,1981,
Niger,NER,1980,
Niger,NER,1979,
Niger,NER,1978,
Niger,NER,1977,
Niger,NER,1976,
Niger,NER,1975,
Niger,NER,1974,
Niger,NER,1973,
Niger,NER,1972,
Niger,NER,1971,
Niger,NER,1970,
Niger,NER,1969,
Niger,NER,1968,
Niger,NER,1967,
Niger,NER,1966,
Niger,NER,1965,
Niger,NER,1964,
Niger,NER,1963,
Niger,NER,1962,
Niger,NER,1961,
Niger,NER,1960,
Nigeria,NGA,2025,
Nigeria,NGA,2024,9086.87550609627
Nigeria,NGA,2023,8705.43426693539
Nigeria,NGA,2022,8304.9581050353
Nigeria,NGA,2021,7588.47885596359
Nigeria,NGA,2020,7414.7749554048
Nigeria,NGA,2019,7551.39380367192
Nigeria,NGA,2018,7158.17107571781
Nigeria,NGA,2017,7036.67414372387
Nigeria,NGA,2016,7072.49693372311
Nigeria,NGA,2015,7307.83788188925
Nigeria,NGA,2014,7396.12835532947
Nigeria,NGA,2013,7004.13119554477
Nigeria,NGA,2012,6670.83826243627
Nigeria,NGA,2011,6585.36193271035
Nigeria,NGA,2010,6301.18372544791
Nigeria,NGA,2009,5927.46111768635
Nigeria,NGA,2008,5607.00840150758
Nigeria,NGA,2007,5297.97029503285
Nigeria,NGA,2006,4975.26979314967
Nigeria,NGA,2005,4678.09163245173
Nigeria,NGA,2004,4381.13682825117
Nigeria,NGA,2003,4014.86695354936
Nigeria,NGA,2002,3770.1793488182
Nigeria,NGA,2001,3308.50611479543
Nigeria,NGA,2000,3138.99138910401
Nigeria,NGA,1999,3002.07703732431
Nigeria,NGA,1998,3021.60341151961
Nigeria,NGA,1997,2989.96114463265
Nigeria,NGA,1996,2930.71333145872
Nigeria,NGA,1995,2835.28912250855
Nigeria,NGA,1994,2853.33080416608
Nigeria,NGA,1993,2921.47704517002
Nigeria,NGA,1992,2991.35134943498
Nigeria,NGA,1991,2869.60336970152
Nigeria,NGA,1990,2839.84330955838
Nigeria,NGA,1989,
Nigeria,NGA,1988,
Nigeria,NGA,1987,
Nigeria,NGA,1986,
Nigeria,NGA,1985,
Nigeria,NGA,1984,
Nigeria,NGA,1983,
Nigeria,NGA,1982,
Nigeria,NGA,1981,
Nigeria,NGA,1980,
Nigeria,NGA,1979,
Nigeria,NGA,1978,
Nigeria,NGA,1977,
Nigeria,NGA,1976,
Nigeria,NGA,1975,
Nigeria,NGA,1974,
Nigeria,NGA,1973,
Nigeria,NGA,1972,
Nigeria,NGA,1971,
Nigeria,NGA,1970,
Nigeria,NGA,1969,
Nigeria,NGA,1968,
Nigeria,NGA,1967,
Nigeria,NGA,1966,
Nigeria,NGA,1965,
Nigeria,NGA,1964,
Nigeria,NGA,1963,
Nigeria,NGA,1962,
Nigeria,NGA,1961,
Nigeria,NGA,1960,
North Macedonia,MKD,2025,
North Macedonia,MKD,2024,26995.4292563497
North Macedonia,MKD,2023,25354.103505762
North Macedonia,MKD,2022,24212.2818885331
North Macedonia,MKD,2021,22144.2842571431
North Macedonia,MKD,2020,19962.1482468276
North Macedonia,MKD,2019,20222.5954834227
North Macedonia,MKD,2018,18460.4624451227
North Macedonia,MKD,2017,17161.049071447
North Macedonia,MKD,2016,16457.5652245258
North Macedonia,MKD,2015,15034.1677602787
North Macedonia,MKD,2014,14485.1215168988
North Macedonia,MKD,2013,13662.7566550362
North Macedonia,MKD,2012,12725.9772893634
North Macedonia,MKD,2011,12420.8114553395
North Macedonia,MKD,2010,11992.1816944788
North Macedonia,MKD,2009,11532.1364033642
North Macedonia,MKD,2008,10924.3276713102
North Macedonia,MKD,2007,9638.6478016189
North Macedonia,MKD,2006,8888.46168232106
North Macedonia,MKD,2005,7972.29770978201
North Macedonia,MKD,2004,7229.41434974388
North Macedonia,MKD,2003,6608.20753127326
North Macedonia,MKD,2002,6395.17250234276
North Macedonia,MKD,2001,6051.02977709083
North Macedonia,MKD,2000,6153.89675266027
North Macedonia,MKD,1999,5724.4525998324
North Macedonia,MKD,1998,5448.43347740445
North Macedonia,MKD,1997,5226.94269787877
North Macedonia,MKD,1996,5025.91900446603
North Macedonia,MKD,1995,4911.96975621984
North Macedonia,MKD,1994,4879.65867443582
North Macedonia,MKD,1993,4828.76732659643
North Macedonia,MKD,1992,5033.3429870876
North Macedonia,MKD,1991,5206.85675644764
North Macedonia,MKD,1990,5347.74787111093
North Macedonia,MKD,1989,
North Macedonia,MKD,1988,
North Macedonia,MKD,1987,
North Macedonia,MKD,1986,
North Macedonia,MKD,1985,
North Macedonia,MKD,1984,
North Macedonia,MKD,1983,
North Macedonia,MKD,1982,
North Macedonia,MKD,1981,
North Macedonia,MKD,1980,
North Macedonia,MKD,1979,
North Macedonia,MKD,1978,
North Macedonia,MKD,1977,
North Macedonia,MKD,1976,
North Macedonia,MKD,1975,
North Macedonia,MKD,1974,
North Macedonia,MKD,1973,
North Macedonia,MKD,1972,
North Macedonia,MKD,1971,
North Macedonia,MKD,1970,
North Macedonia,MKD,1969,
North Macedonia,MKD,1968,
North Macedonia,MKD,1967,
North Macedonia,MKD,1966,
North Macedonia,MKD,1965,
North Macedonia,MKD,1964,
North Macedonia,MKD,1963,
North Macedonia,MKD,1962,
North Macedonia,MKD,1961,
North Macedonia,MKD,1960,
Northern Mariana Islands,MNP,2025,
Northern Mariana Islands,MNP,2024,
Northern Mariana Islands,MNP,2023,
Northern Mariana Islands,MNP,2022,
Northern Mariana Islands,MNP,2021,
Northern Mariana Islands,MNP,2020,
Northern Mariana Islands,MNP,2019,
Northern Mariana Islands,MNP,2018,
Northern Mariana Islands,MNP,2017,
Northern Mariana Islands,MNP,2016,
Northern Mariana Islands,MNP,2015,
Northern Mariana Islands,MNP,2014,
Northern Mariana Islands,MNP,2013,
Northern Mariana Islands,MNP,2012,
Northern Mariana Islands,MNP,2011,
Northern Mariana Islands,MNP,2010,
Northern Mariana Islands,MNP,2009,
Northern Mariana Islands,MNP,2008,
Northern Mariana Islands,MNP,2007,
Northern Mariana Islands,MNP,2006,
Northern Mariana Islands,MNP,2005,
Northern Mariana Islands,MNP,2004,
Northern Mariana Islands,MNP,2003,
Northern Mariana Islands,MNP,2002,
Northern Mariana Islands,MNP,2001,
Northern Mariana Islands,MNP,2000,
Northern Mariana Islands,MNP,1999,
Northern Mariana Islands,MNP,1998,
Northern Mariana Islands,MNP,1997,
Northern Mariana Islands,MNP,1996,
Northern Mariana Islands,MNP,1995,
Northern Mariana Islands,MNP,1994,
Northern Mariana Islands,MNP,1993,
Northern Mariana Islands,MNP,1992,
Northern Mariana Islands,MNP,1991,
Northern Mariana Islands,MNP,1990,
Northern Mariana Islands,MNP,1989,
Northern Mariana Islands,MNP,1988,
Northern Mariana Islands,MNP,1987,
Northern Mariana Islands,MNP,1986,
Northern Mariana Islands,MNP,1985,
Northern Mariana Islands,MNP,1984,
Northern Mariana Islands,MNP,1983,
Northern Mariana Islands,MNP,1982,
Northern Mariana Islands,MNP,1981,
Northern Mariana Islands,MNP,1980,
Northern Mariana Islands,MNP,1979,
Northern Mariana Islands,MNP,1978,
Northern Mariana Islands,MNP,1977,
Northern Mariana Islands,MNP,1976,
Northern Mariana Islands,MNP,1975,
Northern Mariana Islands,MNP,1974,
Northern Mariana Islands,MNP,1973,
Northern Mariana Islands,MNP,1972,
Northern Mariana Islands,MNP,1971,
Northern Mariana Islands,MNP,1970,
Northern Mariana Islands,MNP,1969,
Northern Mariana Islands,MNP,1968,
Northern Mariana Islands,MNP,1967,
Northern Mariana Islands,MNP,1966,
Northern Mariana Islands,MNP,1965,
Northern Mariana Islands,MNP,1964,
Northern Mariana Islands,MNP,1963,
Northern Mariana Islands,MNP,1962,
Northern Mariana Islands,MNP,1961,
Northern Mariana Islands,MNP,1960,
Norway,NOR,2025,
Norway,NOR,2024,102037.526800237
Norway,NOR,2023,103637.516843678
Norway,NOR,2022,125489.548935602
Norway,NOR,2021,88984.1386736515
Norway,NOR,2020,67110.6045705502
Norway,NOR,2019,70939.605518036
Norway,NOR,2018,70253.8463693386
Norway,NOR,2017,64589.5559196863
Norway,NOR,2016,59280.1992028829
Norway,NOR,2015,60737.8868132779
Norway,NOR,2014,66332.4614374198
Norway,NOR,2013,67377.9262258772
Norway,NOR,2012,65774.3520746224
Norway,NOR,2011,62460.0908157002
Norway,NOR,2010,58213.1333665855
Norway,NOR,2009,55647.6147943451
Norway,NOR,2008,62072.7539854909
Norway,NOR,2007,56179.2578866296
Norway,NOR,2006,54357.5748137787
Norway,NOR,2005,47966.8640112608
Norway,NOR,2004,42667.2192035819
Norway,NOR,2003,38679.7805951741
Norway,NOR,2002,38056.2404278106
Norway,NOR,2001,37829.4559680622
Norway,NOR,2000,36994.405804639
Norway,NOR,1999,30573.7342242442
Norway,NOR,1998,28200.2971651847
Norway,NOR,1997,28610.0662473737
Norway,NOR,1996,26826.3013103549
Norway,NOR,1995,24360.372829443
Norway,NOR,1994,23027.353929175
Norway,NOR,1993,21583.5818620466
Norway,NOR,1992,20622.9397320368
Norway,NOR,1991,19580.2709399476
Norway,NOR,1990,18460.8142549402
Norway,NOR,1989,
Norway,NOR,1988,
Norway,NOR,1987,
Norway,NOR,1986,
Norway,NOR,1985,
Norway,NOR,1984,
Norway,NOR,1983,
Norway,NOR,1982,
Norway,NOR,1981,
Norway,NOR,1980,
Norway,NOR,1979,
Norway,NOR,1978,
Norway,NOR,1977,
Norway,NOR,1976,
Norway,NOR,1975,
Norway,NOR,1974,
Norway,NOR,1973,
Norway,NOR,1972,
Norway,NOR,1971,
Norway,NOR,1970,
Norway,NOR,1969,
Norway,NOR,1968,
Norway,NOR,1967,
Norway,NOR,1966,
Norway,NOR,1965,
Norway,NOR,1964,
Norway,NOR,1963,
Norway,NOR,1962,
Norway,NOR,1961,
Norway,NOR,1960,
Oman,OMN,2025,
Oman,OMN,2024,41740.1658530012
Oman,OMN,2023,41945.0255640883
Oman,OMN,2022,42616.3348955868
Oman,OMN,2021,38719.4587682049
Oman,OMN,2020,35163.3281781415
Oman,OMN,2019,37250.6110788359
Oman,OMN,2018,37780.3308327271
Oman,OMN,2017,33619.4988982607
Oman,OMN,2016,33333.8635893722
Oman,OMN,2015,36058.1666084788
Oman,OMN,2014,44235.8336329334
Oman,OMN,2013,47013.4730934385
Oman,OMN,2012,49989.4425093994
Oman,OMN,2011,52393.3135820293
Oman,OMN,2010,55667.4687778644
Oman,OMN,2009,55127.4677721764
Oman,OMN,2008,52841.1889523143
Oman,OMN,2007,48626.9220419854
Oman,OMN,2006,46091.1822351846
Oman,OMN,2005,43672.5203183067
Oman,OMN,2004,42141.6368965156
Oman,OMN,2003,40934.6957158245
Oman,OMN,2002,41511.028525808
Oman,OMN,2001,41679.0150905058
Oman,OMN,2000,39443.2607398257
Oman,OMN,1999,36791.5766837778
Oman,OMN,1998,36665.641851936
Oman,OMN,1997,36808.9347923976
Oman,OMN,1996,34660.6248125636
Oman,OMN,1995,33598.3331467029
Oman,OMN,1994,31924.7750987709
Oman,OMN,1993,30986.5262560408
Oman,OMN,1992,29772.9044255702
Oman,OMN,1991,28108.6614417885
Oman,OMN,1990,26904.0022109974
Oman,OMN,1989,
Oman,OMN,1988,
Oman,OMN,1987,
Oman,OMN,1986,
Oman,OMN,1985,
Oman,OMN,1984,
Oman,OMN,1983,
Oman,OMN,1982,
Oman,OMN,1981,
Oman,OMN,1980,
Oman,OMN,1979,
Oman,OMN,1978,
Oman,OMN,1977,
Oman,OMN,1976,
Oman,OMN,1975,
Oman,OMN,1974,
Oman,OMN,1973,
Oman,OMN,1972,
Oman,OMN,1971,
Oman,OMN,1970,
Oman,OMN,1969,
Oman,OMN,1968,
Oman,OMN,1967,
Oman,OMN,1966,
Oman,OMN,1965,
Oman,OMN,1964,
Oman,OMN,1963,
Oman,OMN,1962,
Oman,OMN,1961,
Oman,OMN,1960,
Pakistan,PAK,2025,
Pakistan,PAK,2024,6252.11543199559
Pakistan,PAK,2023,6013.989636386
Pakistan,PAK,2022,5920.27430654107
Pakistan,PAK,2021,5367.27364714762
Pakistan,PAK,2020,5048.0213062963
Pakistan,PAK,2019,5037.53401559745
Pakistan,PAK,2018,4979.3734961655
Pakistan,PAK,2017,4789.53646557553
Pakistan,PAK,2016,4630.7315068374
Pakistan,PAK,2015,4480.26313460985
Pakistan,PAK,2014,4312.99070040776
Pakistan,PAK,2013,4173.93858568758
Pakistan,PAK,2012,4046.59848766311
Pakistan,PAK,2011,3879.5977693449
Pakistan,PAK,2010,3785.70113530595
Pakistan,PAK,2009,3777.09098629051
Pakistan,PAK,2008,3721.33293561622
Pakistan,PAK,2007,3672.18527458861
Pakistan,PAK,2006,3514.81365241137
Pakistan,PAK,2005,3292.60223269538
Pakistan,PAK,2004,3048.35709122876
Pakistan,PAK,2003,2821.73137023045
Pakistan,PAK,2002,2687.82993619927
Pakistan,PAK,2001,2643.76627507187
Pakistan,PAK,2000,2565.19958815141
Pakistan,PAK,1999,2474.81647717057
Pakistan,PAK,1998,2419.07785436237
Pakistan,PAK,1997,2398.01357457396
Pakistan,PAK,1996,2400.63451660045
Pakistan,PAK,1995,2314.90798546521
Pakistan,PAK,1994,2223.51428373889
Pakistan,PAK,1993,2160.18966656162
Pakistan,PAK,1992,2132.01941729421
Pakistan,PAK,1991,1991.57964045638
Pakistan,PAK,1990,1895.26266967807
Pakistan,PAK,1989,
Pakistan,PAK,1988,
Pakistan,PAK,1987,
Pakistan,PAK,1986,
Pakistan,PAK,1985,
Pakistan,PAK,1984,
Pakistan,PAK,1983,
Pakistan,PAK,1982,
Pakistan,PAK,1981,
Pakistan,PAK,1980,
Pakistan,PAK,1979,
Pakistan,PAK,1978,
Pakistan,PAK,1977,
Pakistan,PAK,1976,
Pakistan,PAK,1975,
Pakistan,PAK,1974,
Pakistan,PAK,1973,
Pakistan,PAK,1972,
Pakistan,PAK,1971,
Pakistan,PAK,1970,
Pakistan,PAK,1969,
Pakistan,PAK,1968,
Pakistan,PAK,1967,
Pakistan,PAK,1966,
Pakistan,PAK,1965,
Pakistan,PAK,1964,
Pakistan,PAK,1963,
Pakistan,PAK,1962,
Pakistan,PAK,1961,
Pakistan,PAK,1960,
Palau,PLW,2025,
Palau,PLW,2024,
Palau,PLW,2023,18230.2698627414
Palau,PLW,2022,17184.5415251955
Palau,PLW,2021,15780.5501158866
Palau,PLW,2020,17389.7246153166
Palau,PLW,2019,18421.9034582421
Palau,PLW,2018,18172.3045821299
Palau,PLW,2017,17991.1080155154
Palau,PLW,2016,18234.6118770397
Palau,PLW,2015,17853.5103927061
Palau,PLW,2014,16442.0389291227
Palau,PLW,2013,15424.7596503485
Palau,PLW,2012,15461.371967653
Palau,PLW,2011,14673.0560248903
Palau,PLW,2010,13443.3986844956
Palau,PLW,2009,13414.3544901082
Palau,PLW,2008,14039.4056180714
Palau,PLW,2007,14308.2328121476
Palau,PLW,2006,13544.7651275481
Palau,PLW,2005,12960.1678150853
Palau,PLW,2004,12213.1978548368
Palau,PLW,2003,11588.3696214973
Palau,PLW,2002,11703.9384988605
Palau,PLW,2001,11091.7936315765
Palau,PLW,2000,10196.9054222148
Palau,PLW,1999,10387.6549688559
Palau,PLW,1998,11047.7493575307
Palau,PLW,1997,10956.8149587926
Palau,PLW,1996,10799.6766532872
Palau,PLW,1995,9862.87312401236
Palau,PLW,1994,8931.60290818179
Palau,PLW,1993,8348.0578464482
Palau,PLW,1992,9521.21565591787
Palau,PLW,1991,10184.4600714015
Palau,PLW,1990,9609.14740460213
Palau,PLW,1989,
Palau,PLW,1988,
Palau,PLW,1987,
Palau,PLW,1986,
Palau,PLW,1985,
Palau,PLW,1984,
Palau,PLW,1983,
Palau,PLW,1982,
Palau,PLW,1981,
Palau,PLW,1980,
Palau,PLW,1979,
Palau,PLW,1978,
Palau,PLW,1977,
Palau,PLW,1976,
Palau,PLW,1975,
Palau,PLW,1974,
Palau,PLW,1973,
Palau,PLW,1972,
Palau,PLW,1971,
Palau,PLW,1970,
Palau,PLW,1969,
Palau,PLW,1968,
Palau,PLW,1967,
Palau,PLW,1966,
Palau,PLW,1965,
Palau,PLW,1964,
Palau,PLW,1963,
Palau,PLW,1962,
Palau,PLW,1961,
Palau,PLW,1960,
Panama,PAN,2025,
Panama,PAN,2024,41369.422541499
Panama,PAN,2023,39813.3857939972
Panama,PAN,2022,36333.1269184359
Panama,PAN,2021,30932.7627809145
Panama,PAN,2020,27017.0033790906
Panama,PAN,2019,33239.7332276186
Panama,PAN,2018,32463.5403500842
Panama,PAN,2017,33533.32602165
Panama,PAN,2016,30276.7088496195
Panama,PAN,2015,27245.2788402631
Panama,PAN,2014,24376.0808599604
Panama,PAN,2013,21923.6750843341
Panama,PAN,2012,19473.251491839
Panama,PAN,2011,17473.7651165489
Panama,PAN,2010,15572.5786985323
Panama,PAN,2009,14765.7380188572
Panama,PAN,2008,14705.3714314955
Panama,PAN,2007,13332.8660935017
Panama,PAN,2006,11684.5550230964
Panama,PAN,2005,10511.0220241591
Panama,PAN,2004,9591.60288710752
Panama,PAN,2003,8800.56663131567
Panama,PAN,2002,8370.30337531917
Panama,PAN,2001,8197.15760528353
Panama,PAN,2000,8097.29578007965
Panama,PAN,1999,7748.83596835302
Panama,PAN,1998,7407.54984065164
Panama,PAN,1997,6894.69104322054
Panama,PAN,1996,6420.51255270846
Panama,PAN,1995,6181.71544862477
Panama,PAN,1994,6073.15352896882
Panama,PAN,1993,5901.78222699077
Panama,PAN,1992,5581.62221351175
Panama,PAN,1991,5150.31408307998
Panama,PAN,1990,4650.67095359123
Panama,PAN,1989,
Panama,PAN,1988,
Panama,PAN,1987,
Panama,PAN,1986,
Panama,PAN,1985,
Panama,PAN,1984,
Panama,PAN,1983,
Panama,PAN,1982,
Panama,PAN,1981,
Panama,PAN,1980,
Panama,PAN,1979,
Panama,PAN,1978,
Panama,PAN,1977,
Panama,PAN,1976,
Panama,PAN,1975,
Panama,PAN,1974,
Panama,PAN,1973,
Panama,PAN,1972,
Panama,PAN,1971,
Panama,PAN,1970,
Panama,PAN,1969,
Panama,PAN,1968,
Panama,PAN,1967,
Panama,PAN,1966,
Panama,PAN,1965,
Panama,PAN,1964,
Panama,PAN,1963,
Panama,PAN,1962,
Panama,PAN,1961,
Panama,PAN,1960,
Papua New Guinea,PNG,2025,
Papua New Guinea,PNG,2024,4874.6899553589
Papua New Guinea,PNG,2023,4667.83567092991
Papua New Guinea,PNG,2022,4419.61926962803
Papua New Guinea,PNG,2021,3976.90380116956
Papua New Guinea,PNG,2020,3899.57719236851
Papua New Guinea,PNG,2019,4059.82860207487
Papua New Guinea,PNG,2018,3909.91572975538
Papua New Guinea,PNG,2017,3923.17197680467
Papua New Guinea,PNG,2016,3812.71035100798
Papua New Guinea,PNG,2015,3669.73871592695
Papua New Guinea,PNG,2014,3499.5484675555
Papua New Guinea,PNG,2013,3109.89537238113
Papua New Guinea,PNG,2012,3025.85599590795
Papua New Guinea,PNG,2011,2918.54391777544
Papua New Guinea,PNG,2010,2911.8920318969
Papua New Guinea,PNG,2009,2692.43509261969
Papua New Guinea,PNG,2008,2583.48094331882
Papua New Guinea,PNG,2007,2622.37468728077
Papua New Guinea,PNG,2006,2443.80225242341
Papua New Guinea,PNG,2005,2321.90916249433
Papua New Guinea,PNG,2004,2186.54008155669
Papua New Guinea,PNG,2003,2141.94088709085
Papua New Guinea,PNG,2002,2125.38720131644
Papua New Guinea,PNG,2001,2167.75888613606
Papua New Guinea,PNG,2000,2195.95783293206
Papua New Guinea,PNG,1999,2279.54654320546
Papua New Guinea,PNG,1998,2284.93358065647
Papua New Guinea,PNG,1997,2432.0716141077
Papua New Guinea,PNG,1996,2578.19220294201
Papua New Guinea,PNG,1995,2435.65041198929
Papua New Guinea,PNG,1994,2557.71863778594
Papua New Guinea,PNG,1993,2450.95587592972
Papua New Guinea,PNG,1992,2100.4619011706
Papua New Guinea,PNG,1991,1868.81827090641
Papua New Guinea,PNG,1990,1703.23570839678
Papua New Guinea,PNG,1989,
Papua New Guinea,PNG,1988,
Papua New Guinea,PNG,1987,
Papua New Guinea,PNG,1986,
Papua New Guinea,PNG,1985,
Papua New Guinea,PNG,1984,
Papua New Guinea,PNG,1983,
Papua New Guinea,PNG,1982,
Papua New Guinea,PNG,1981,
Papua New Guinea,PNG,1980,
Papua New Guinea,PNG,1979,
Papua New Guinea,PNG,1978,
Papua New Guinea,PNG,1977,
Papua New Guinea,PNG,1976,
Papua New Guinea,PNG,1975,
Papua New Guinea,PNG,1974,
Papua New Guinea,PNG,1973,
Papua New Guinea,PNG,1972,
Papua New Guinea,PNG,1971,
Papua New Guinea,PNG,1970,
Papua New Guinea,PNG,1969,
Papua New Guinea,PNG,1968,
Papua New Guinea,PNG,1967,
Papua New Guinea,PNG,1966,
Papua New Guinea,PNG,1965,
Papua New Guinea,PNG,1964,
Papua New Guinea,PNG,1963,
Papua New Guinea,PNG,1962,
Papua New Guinea,PNG,1961,
Papua New Guinea,PNG,1960,
Paraguay,PRY,2025,
Paraguay,PRY,2024,18523.6810153
Paraguay,PRY,2023,17564.4912369374
Paraguay,PRY,2022,16347.0434974776
Paraguay,PRY,2021,15406.1670646576
Paraguay,PRY,2020,14308.8787738305
Paraguay,PRY,2019,14149.598522753
Paraguay,PRY,2018,14139.0931267568
Paraguay,PRY,2017,13977.3427788671
Paraguay,PRY,2016,13329.1373366354
Paraguay,PRY,2015,12679.0574753234
Paraguay,PRY,2014,12607.0721636671
Paraguay,PRY,2013,12137.0081947562
Paraguay,PRY,2012,10954.3251570137
Paraguay,PRY,2011,11441.7636772255
Paraguay,PRY,2010,10893.3149199478
Paraguay,PRY,2009,9801.649331069
Paraguay,PRY,2008,9867.39695343742
Paraguay,PRY,2007,9178.94421589024
Paraguay,PRY,2006,8560.73925135464
Paraguay,PRY,2005,8006.7097816731
Paraguay,PRY,2004,7685.65814789972
Paraguay,PRY,2003,7275.93316008991
Paraguay,PRY,2002,6924.18334927644
Paraguay,PRY,2001,6916.4933075016
Paraguay,PRY,2000,6937.1767197553
Paraguay,PRY,1999,7079.86649181909
Paraguay,PRY,1998,7226.70095729429
Paraguay,PRY,1997,7298.84231822102
Paraguay,PRY,1996,7040.01916398806
Paraguay,PRY,1995,6966.44773316211
Paraguay,PRY,1994,6542.40817690668
Paraguay,PRY,1993,6233.76114024551
Paraguay,PRY,1992,5951.80079852257
Paraguay,PRY,1991,5872.94032929974
Paraguay,PRY,1990,5636.78807012911
Paraguay,PRY,1989,
Paraguay,PRY,1988,
Paraguay,PRY,1987,
Paraguay,PRY,1986,
Paraguay,PRY,1985,
Paraguay,PRY,1984,
Paraguay,PRY,1983,
Paraguay,PRY,1982,
Paraguay,PRY,1981,
Paraguay,PRY,1980,
Paraguay,PRY,1979,
Paraguay,PRY,1978,
Paraguay,PRY,1977,
Paraguay,PRY,1976,
Paraguay,PRY,1975,
Paraguay,PRY,1974,
Paraguay,PRY,1973,
Paraguay,PRY,1972,
Paraguay,PRY,1971,
Paraguay,PRY,1970,
Paraguay,PRY,1969,
Paraguay,PRY,1968,
Paraguay,PRY,1967,
Paraguay,PRY,1966,
Paraguay,PRY,1965,
Paraguay,PRY,1964,
Paraguay,PRY,1963,
Paraguay,PRY,1962,
Paraguay,PRY,1961,
Paraguay,PRY,1960,
Peru,PER,2025,
Peru,PER,2024,17802.4182498972
Peru,PER,2023,17011.2278028825
Peru,PER,2022,16669.1561486769
Peru,PER,2021,15280.5512106486
Peru,PER,2020,12563.3038060893
Peru,PER,2019,13563.5372933551
Peru,PER,2018,13078.2323503405
Peru,PER,2017,12591.8562879234
Peru,PER,2016,12066.5460683317
Peru,PER,2015,11600.3873992867
Peru,PER,2014,11517.7371710247
Peru,PER,2013,11290.5547403874
Peru,PER,2012,10757.1522234351
Peru,PER,2011,10462.5770434663
Peru,PER,2010,9713.35863309362
Peru,PER,2009,8916.59577535359
Peru,PER,2008,8820.13901056849
Peru,PER,2007,7982.05008377224
Peru,PER,2006,7213.59606031591
Peru,PER,2005,6559.54330021754
Peru,PER,2004,6037.52025106396
Peru,PER,2003,5656.85816117967
Peru,PER,2002,5382.56641273977
Peru,PER,2001,5086.42247806779
Peru,PER,2000,5011.94540719164
Peru,PER,1999,4847.39826745144
Peru,PER,1998,4791.40570145125
Peru,PER,1997,4844.09819877521
Peru,PER,1996,4555.76959498506
Peru,PER,1995,4434.67245180979
Peru,PER,1994,4123.04187570327
Peru,PER,1993,3666.23318870324
Peru,PER,1992,3472.23065872636
Peru,PER,1991,3483.53898085083
Peru,PER,1990,3366.65696139394
Peru,PER,1989,
Peru,PER,1988,
Peru,PER,1987,
Peru,PER,1986,
Peru,PER,1985,
Peru,PER,1984,
Peru,PER,1983,
Peru,PER,1982,
Peru,PER,1981,
Peru,PER,1980,
Peru,PER,1979,
Peru,PER,1978,
Peru,PER,1977,
Peru,PER,1976,
Peru,PER,1975,
Peru,PER,1974,
Peru,PER,1973,
Peru,PER,1972,
Peru,PER,1971,
Peru,PER,1970,
Peru,PER,1969,
Peru,PER,1968,
Peru,PER,1967,
Peru,PER,1966,
Peru,PER,1965,
Peru,PER,1964,
Peru,PER,1963,
Peru,PER,1962,
Peru,PER,1961,
Peru,PER,1960,
Philippines,PHL,2025,
Philippines,PHL,2024,11794.1375488492
Philippines,PHL,2023,10985.8292627505
Philippines,PHL,2022,10131.346369794
Philippines,PHL,2021,8857.78995115514
Philippines,PHL,2020,8238.36802037457
Philippines,PHL,2019,8924.10116402887
Philippines,PHL,2018,8357.74357934219
Philippines,PHL,2017,7773.79853599024
Philippines,PHL,2016,7382.66758431792
Philippines,PHL,2015,6894.26702217935
Philippines,PHL,2014,6688.73961232553
Philippines,PHL,2013,6372.83382112545
Philippines,PHL,2012,6094.26837338658
Philippines,PHL,2011,5705.43591174904
Philippines,PHL,2010,5489.23543457601
Philippines,PHL,2009,5157.2782508844
Philippines,PHL,2008,5144.3357818823
Philippines,PHL,2007,4923.19718572577
Philippines,PHL,2006,4578.70630898161
Philippines,PHL,2005,4289.05223691996
Philippines,PHL,2004,4037.17193792289
Philippines,PHL,2003,3761.49624595071
Philippines,PHL,2002,3580.38245474744
Philippines,PHL,2001,3468.898883231
Philippines,PHL,2000,3365.55833537799
Philippines,PHL,1999,3228.75117001587
Philippines,PHL,1998,3160.36474781936
Philippines,PHL,1997,3221.39171044711
Philippines,PHL,1996,3082.30965991598
Philippines,PHL,1995,2925.96101443511
Philippines,PHL,1994,2799.77988249047
Philippines,PHL,1993,2684.2765938335
Philippines,PHL,1992,2628.58754484657
Philippines,PHL,1991,2620.70437681573
Philippines,PHL,1990,2607.96574501631
Philippines,PHL,1989,
Philippines,PHL,1988,
Philippines,PHL,1987,
Philippines,PHL,1986,
Philippines,PHL,1985,
Philippines,PHL,1984,
Philippines,PHL,1983,
Philippines,PHL,1982,
Philippines,PHL,1981,
Philippines,PHL,1980,
Philippines,PHL,1979,
Philippines,PHL,1978,
Philippines,PHL,1977,
Philippines,PHL,1976,
Philippines,PHL,1975,
Philippines,PHL,1974,
Philippines,PHL,1973,
Philippines,PHL,1972,
Philippines,PHL,1971,
Philippines,PHL,1970,
Philippines,PHL,1969,
Philippines,PHL,1968,
Philippines,PHL,1967,
Philippines,PHL,1966,
Philippines,PHL,1965,
Philippines,PHL,1964,
Philippines,PHL,1963,
Philippines,PHL,1962,
Philippines,PHL,1961,
Philippines,PHL,1960,
Poland,POL,2025,
Poland,POL,2024,51262.5105756884
Poland,POL,2023,48473.0940286419
Poland,POL,2022,46777.5524519162
Poland,POL,2021,41059.5847829682
Poland,POL,2020,37089.3004256812
Poland,POL,2019,35882.3655065553
Poland,POL,2018,32345.1066076225
Poland,POL,2017,30170.2818974087
Poland,POL,2016,28359.6927346266
Poland,POL,2015,26988.1069013509
Poland,POL,2014,25459.7392273761
Poland,POL,2013,24433.8914344877
Poland,POL,2012,23728.1456821435
Poland,POL,2011,22808.5055268899
Poland,POL,2010,20990.9122325468
Poland,POL,2009,19300.1669900632
Poland,POL,2008,18372.37645483
Poland,POL,2007,16833.2346946924
Poland,POL,2006,15204.8809890545
Poland,POL,2005,13935.5573148214
Poland,POL,2004,13413.0543202274
Poland,POL,2003,12328.9011615853
Poland,POL,2002,11841.2684087721
Poland,POL,2001,11175.2853656421
Poland,POL,2000,10721.2034293332
Poland,POL,1999,10080.6880381935
Poland,POL,1998,9520.71471060278
Poland,POL,1997,8967.11658173764
Poland,POL,1996,8310.2991272644
Poland,POL,1995,7714.57972313137
Poland,POL,1994,7039.91945095081
Poland,POL,1993,6560.09237529942
Poland,POL,1992,6193.00768846748
Poland,POL,1991,5924.62138760787
Poland,POL,1990,6185.10006944695
Poland,POL,1989,
Poland,POL,1988,
Poland,POL,1987,
Poland,POL,1986,
Poland,POL,1985,
Poland,POL,1984,
Poland,POL,1983,
Poland,POL,1982,
Poland,POL,1981,
Poland,POL,1980,
Poland,POL,1979,
Poland,POL,1978,
Poland,POL,1977,
Poland,POL,1976,
Poland,POL,1975,
Poland,POL,1974,
Poland,POL,1973,
Poland,POL,1972,
Poland,POL,1971,
Poland,POL,1970,
Poland,POL,1969,
Poland,POL,1968,
Poland,POL,1967,
Poland,POL,1966,
Poland,POL,1965,
Poland,POL,1964,
Poland,POL,1963,
Poland,POL,1962,
Poland,POL,1961,
Poland,POL,1960,
Portugal,PRT,2025,
Portugal,PRT,2024,51679.8883807527
Portugal,PRT,2023,49352.8388613032
Portugal,PRT,2022,45250.0148759865
Portugal,PRT,2021,38657.6677223425
Portugal,PRT,2020,35966.712796561
Portugal,PRT,2019,37865.5603564295
Portugal,PRT,2018,34896.7993382974
Portugal,PRT,2017,32970.8395386562
Portugal,PRT,2016,31589.2695609552
Portugal,PRT,2015,29608.0071513956
Portugal,PRT,2014,28764.5254955042
Portugal,PRT,2013,27966.0874254705
Portugal,PRT,2012,26476.2182777269
Portugal,PRT,2011,26803.2336904645
Portugal,PRT,2010,27292.0819531528
Portugal,PRT,2009,26471.9079607159
Portugal,PRT,2008,26665.8372952939
Portugal,PRT,2007,25738.0214895961
Portugal,PRT,2006,24677.2834629922
Portugal,PRT,2005,22725.2774946084
Portugal,PRT,2004,21475.5711021267
Portugal,PRT,2003,20849.5943833375
Portugal,PRT,2002,20356.647299736
Portugal,PRT,2001,19528.5826120827
Portugal,PRT,2000,18883.1145969452
Portugal,PRT,1999,17718.1515724418
Portugal,PRT,1998,16688.0352409852
Portugal,PRT,1997,15789.4850482915
Portugal,PRT,1996,14922.0003851427
Portugal,PRT,1995,14406.3254746951
Portugal,PRT,1994,13577.9092201084
Portugal,PRT,1993,13202.4801547967
Portugal,PRT,1992,13181.922768958
Portugal,PRT,1991,12739.4101586145
Portugal,PRT,1990,11779.7566017591
Portugal,PRT,1989,
Portugal,PRT,1988,
Portugal,PRT,1987,
Portugal,PRT,1986,
Portugal,PRT,1985,
Portugal,PRT,1984,
Portugal,PRT,1983,
Portugal,PRT,1982,
Portugal,PRT,1981,
Portugal,PRT,1980,
Portugal,PRT,1979,
Portugal,PRT,1978,
Portugal,PRT,1977,
Portugal,PRT,1976,
Portugal,PRT,1975,
Portugal,PRT,1974,
Portugal,PRT,1973,
Portugal,PRT,1972,
Portugal,PRT,1971,
Portugal,PRT,1970,
Portugal,PRT,1969,
Portugal,PRT,1968,
Portugal,PRT,1967,
Portugal,PRT,1966,
Portugal,PRT,1965,
Portugal,PRT,1964,
Portugal,PRT,1963,
Portugal,PRT,1962,
Portugal,PRT,1961,
Portugal,PRT,1960,
Puerto Rico (US),PRI,2025,
Puerto Rico (US),PRI,2024,50247.8492461676
Puerto Rico (US),PRI,2023,47543.3937761528
Puerto Rico (US),PRI,2022,45327.510192422
Puerto Rico (US),PRI,2021,40559.474811812
Puerto Rico (US),PRI,2020,36858.6085217908
Puerto Rico (US),PRI,2019,36217.7204390287
Puerto Rico (US),PRI,2018,33706.5915157959
Puerto Rico (US),PRI,2017,31866.6160571769
Puerto Rico (US),PRI,2016,32245.8484276651
Puerto Rico (US),PRI,2015,32323.5456459985
Puerto Rico (US),PRI,2014,32391.0670311533
Puerto Rico (US),PRI,2013,32279.4000290919
Puerto Rico (US),PRI,2012,32077.6178539123
Puerto Rico (US),PRI,2011,31697.218864709
Puerto Rico (US),PRI,2010,30908.7986630853
Puerto Rico (US),PRI,2009,30533.6808994165
Puerto Rico (US),PRI,2008,30782.4539565628
Puerto Rico (US),PRI,2007,30587.9990445374
Puerto Rico (US),PRI,2006,29955.5812641396
Puerto Rico (US),PRI,2005,29350.3060557285
Puerto Rico (US),PRI,2004,28993.0735148502
Puerto Rico (US),PRI,2003,25967.7814815982
Puerto Rico (US),PRI,2002,25467.3607199539
Puerto Rico (US),PRI,2001,24881.9773781802
Puerto Rico (US),PRI,2000,22938.0302267173
Puerto Rico (US),PRI,1999,21779.4500722768
Puerto Rico (US),PRI,1998,20479.5637981595
Puerto Rico (US),PRI,1997,19301.2035371661
Puerto Rico (US),PRI,1996,18260.0498912373
Puerto Rico (US),PRI,1995,17723.9828261536
Puerto Rico (US),PRI,1994,16758.7501345882
Puerto Rico (US),PRI,1993,15896.1173821691
Puerto Rico (US),PRI,1992,14964.3544071263
Puerto Rico (US),PRI,1991,14082.9254643533
Puerto Rico (US),PRI,1990,13409.9369281487
Puerto Rico (US),PRI,1989,
Puerto Rico (US),PRI,1988,
Puerto Rico (US),PRI,1987,
Puerto Rico (US),PRI,1986,
Puerto Rico (US),PRI,1985,
Puerto Rico (US),PRI,1984,
Puerto Rico (US),PRI,1983,
Puerto Rico (US),PRI,1982,
Puerto Rico (US),PRI,1981,
Puerto Rico (US),PRI,1980,
Puerto Rico (US),PRI,1979,
Puerto Rico (US),PRI,1978,
Puerto Rico (US),PRI,1977,
Puerto Rico (US),PRI,1976,
Puerto Rico (US),PRI,1975,
Puerto Rico (US),PRI,1974,
Puerto Rico (US),PRI,1973,
Puerto Rico (US),PRI,1972,
Puerto Rico (US),PRI,1971,
Puerto Rico (US),PRI,1970,
Puerto Rico (US),PRI,1969,
Puerto Rico (US),PRI,1968,
Puerto Rico (US),PRI,1967,
Puerto Rico (US),PRI,1966,
Puerto Rico (US),PRI,1965,
Puerto Rico (US),PRI,1964,
Puerto Rico (US),PRI,1963,
Puerto Rico (US),PRI,1962,
Puerto Rico (US),PRI,1961,
Puerto Rico (US),PRI,1960,
Qatar,QAT,2025,
Qatar,QAT,2024,126046.354855612
Qatar,QAT,2023,129367.869670927
Qatar,QAT,2022,122920.54329029
Qatar,QAT,2021,116832.656941972
Qatar,QAT,2020,82149.4569875883
Qatar,QAT,2019,107502.567853627
Qatar,QAT,2018,110032.839882747
Qatar,QAT,2017,99358.3733880435
Qatar,QAT,2016,89934.66888248
Qatar,QAT,2015,102545.863291279
Qatar,QAT,2014,148389.2001335
Qatar,QAT,2013,169203.349850341
Qatar,QAT,2012,180939.439450305
Qatar,QAT,2011,174619.917706815
Qatar,QAT,2010,151646.145163851
Qatar,QAT,2009,125897.62504715
Qatar,QAT,2008,126015.024327928
Qatar,QAT,2007,124055.682467084
Qatar,QAT,2006,127180.710199783
Qatar,QAT,2005,115250.402334132
Qatar,QAT,2004,110957.828211099
Qatar,QAT,2003,94120.3668317771
Qatar,QAT,2002,93176.5306735223
Qatar,QAT,2001,89804.935426346
Qatar,QAT,2000,88848.7013764883
Qatar,QAT,1999,84690.0926150306
Qatar,QAT,1998,84486.2410415228
Qatar,QAT,1997,79219.0302278524
Qatar,QAT,1996,62331.3683216993
Qatar,QAT,1995,60321.111625211
Qatar,QAT,1994,59415.3629597172
Qatar,QAT,1993,59124.9748422086
Qatar,QAT,1992,60387.0297282278
Qatar,QAT,1991,54758.719287342
Qatar,QAT,1990,55658.8836192928
Qatar,QAT,1989,
Qatar,QAT,1988,
Qatar,QAT,1987,
Qatar,QAT,1986,
Qatar,QAT,1985,
Qatar,QAT,1984,
Qatar,QAT,1983,
Qatar,QAT,1982,
Qatar,QAT,1981,
Qatar,QAT,1980,
Qatar,QAT,1979,
Qatar,QAT,1978,
Qatar,QAT,1977,
Qatar,QAT,1976,
Qatar,QAT,1975,
Qatar,QAT,1974,
Qatar,QAT,1973,
Qatar,QAT,1972,
Qatar,QAT,1971,
Qatar,QAT,1970,
Qatar,QAT,1969,
Qatar,QAT,1968,
Qatar,QAT,1967,
Qatar,QAT,1966,
Qatar,QAT,1965,
Qatar,QAT,1964,
Qatar,QAT,1963,
Qatar,QAT,1962,
Qatar,QAT,1961,
Qatar,QAT,1960,
Romania,ROU,2025,
Romania,ROU,2024,49076.5399383138
Romania,ROU,2023,45981.6027785222
Romania,ROU,2022,41979.2586767087
Romania,ROU,2021,37534.1559176911
Romania,ROU,2020,34193.8374521868
Romania,ROU,2019,33425.326172666
Romania,ROU,2018,29382.7567479407
Romania,ROU,2017,26943.3085419885
Romania,ROU,2016,23905.1743665679
Romania,ROU,2015,21624.5618152909
Romania,ROU,2014,20632.9924390362
Romania,ROU,2013,19678.1108930755
Romania,ROU,2012,19807.5984490026
Romania,ROU,2011,18803.8678810861
Romania,ROU,2010,17354.6748476713
Romania,ROU,2009,16640.7951853094
Romania,ROU,2008,16782.0334884689
Romania,ROU,2007,13702.7537733519
Romania,ROU,2006,11554.0792439124
Romania,ROU,2005,9602.1244037474
Romania,ROU,2004,8989.31783804604
Romania,ROU,2003,7559.41625051161
Romania,ROU,2002,7162.29382627668
Romania,ROU,2001,6519.8885795129
Romania,ROU,2000,5850.08487880703
Romania,ROU,1999,5596.44901897392
Romania,ROU,1998,5544.665819254
Romania,ROU,1997,5564.34872301523
Romania,ROU,1996,5745.67337845764
Romania,ROU,1995,5429.01253037942
Romania,ROU,1994,4995.38530173463
Romania,ROU,1993,4699.08321713952
Romania,ROU,1992,4515.00815996324
Romania,ROU,1991,4795.10505753797
Romania,ROU,1990,5280.24356977722
Romania,ROU,1989,
Romania,ROU,1988,
Romania,ROU,1987,
Romania,ROU,1986,
Romania,ROU,1985,
Romania,ROU,1984,
Romania,ROU,1983,
Romania,ROU,1982,
Romania,ROU,1981,
Romania,ROU,1980,
Romania,ROU,1979,
Romania,ROU,1978,
Romania,ROU,1977,
Romania,ROU,1976,
Romania,ROU,1975,
Romania,ROU,1974,
Romania,ROU,1973,
Romania,ROU,1972,
Romania,ROU,1971,
Romania,ROU,1970,
Romania,ROU,1969,
Romania,ROU,1968,
Romania,ROU,1967,
Romania,ROU,1966,
Romania,ROU,1965,
Romania,ROU,1964,
Romania,ROU,1963,
Romania,ROU,1962,
Romania,ROU,1961,
Romania,ROU,1960,
Russian Federation,RUS,2025,
Russian Federation,RUS,2024,47404.96484375
Russian Federation,RUS,2023,44268.73046875
Russian Federation,RUS,2022,40938.98828125
Russian Federation,RUS,2021,38638.4296875
Russian Federation,RUS,2020,31490.8046875
Russian Federation,RUS,2019,30963.853515625
Russian Federation,RUS,2018,28628.5625
Russian Federation,RUS,2017,25777.904296875
Russian Federation,RUS,2016,24012.40234375
Russian Federation,RUS,2015,23994.013671875
Russian Federation,RUS,2014,25688.2265625
Russian Federation,RUS,2013,26019.7265625
Russian Federation,RUS,2012,24273.517578125
Russian Federation,RUS,2011,22789.54296875
Russian Federation,RUS,2010,20490.126953125
Russian Federation,RUS,2009,19389.94140625
Russian Federation,RUS,2008,20163.609375
Russian Federation,RUS,2007,16648.2421875
Russian Federation,RUS,2006,14912.234375
Russian Federation,RUS,2005,11822.3466796875
Russian Federation,RUS,2004,10226.7666015625
Russian Federation,RUS,2003,9254.537109375
Russian Federation,RUS,2002,8037.474609375
Russian Federation,RUS,2001,7361.36376953125
Russian Federation,RUS,2000,6825.3916015625
Russian Federation,RUS,1999,5914.326171875
Russian Federation,RUS,1998,5465.05615234375
Russian Federation,RUS,1997,5699.94775390625
Russian Federation,RUS,1996,5517.85888671875
Russian Federation,RUS,1995,5613.28076171875
Russian Federation,RUS,1994,5734.421875
Russian Federation,RUS,1993,6419.53662109375
Russian Federation,RUS,1992,6862.41455078125
Russian Federation,RUS,1991,7857.85498046875
Russian Federation,RUS,1990,8027.7890625
Russian Federation,RUS,1989,
Russian Federation,RUS,1988,
Russian Federation,RUS,1987,
Russian Federation,RUS,1986,
Russian Federation,RUS,1985,
Russian Federation,RUS,1984,
Russian Federation,RUS,1983,
Russian Federation,RUS,1982,
Russian Federation,RUS,1981,
Russian Federation,RUS,1980,
Russian Federation,RUS,1979,
Russian Federation,RUS,1978,
Russian Federation,RUS,1977,
Russian Federation,RUS,1976,
Russian Federation,RUS,1975,
Russian Federation,RUS,1974,
Russian Federation,RUS,1973,
Russian Federation,RUS,1972,
Russian Federation,RUS,1971,
Russian Federation,RUS,1970,
Russian Federation,RUS,1969,
Russian Federation,RUS,1968,
Russian Federation,RUS,1967,
Russian Federation,RUS,1966,
Russian Federation,RUS,1965,
Russian Federation,RUS,1964,
Russian Federation,RUS,1963,
Russian Federation,RUS,1962,
Russian Federation,RUS,1961,
Russian Federation,RUS,1960,
Rwanda,RWA,2025,
Rwanda,RWA,2024,3710.86040434596
Rwanda,RWA,2023,3399.45174603143
Rwanda,RWA,2022,3098.67700634994
Rwanda,RWA,2021,2733.43566762447
Rwanda,RWA,2020,2284.89889795328
Rwanda,RWA,2019,2336.03967302732
Rwanda,RWA,2018,2125.49522712839
Rwanda,RWA,2017,1967.94286602499
Rwanda,RWA,2016,1866.38968530286
Rwanda,RWA,2015,1780.74171636863
Rwanda,RWA,2014,1677.56869684182
Rwanda,RWA,2013,1512.24171253848
Rwanda,RWA,2012,1454.52507891388
Rwanda,RWA,2011,1412.90752155318
Rwanda,RWA,2010,1314.13559494324
Rwanda,RWA,2009,1240.54972631385
Rwanda,RWA,2008,1190.7575798332
Rwanda,RWA,2007,1078.93885246368
Rwanda,RWA,2006,1002.28949388428
Rwanda,RWA,2005,914.227366408104
Rwanda,RWA,2004,832.279719304053
Rwanda,RWA,2003,774.508237332335
Rwanda,RWA,2002,759.662612911492
Rwanda,RWA,2001,669.875436350145
Rwanda,RWA,2000,609.265855545553
Rwanda,RWA,1999,554.205772733852
Rwanda,RWA,1998,527.974251936254
Rwanda,RWA,1997,499.807342995321
Rwanda,RWA,1996,498.881978283008
Rwanda,RWA,1995,513.763197950097
Rwanda,RWA,1994,310.867617372581
Rwanda,RWA,1993,520.649889040716
Rwanda,RWA,1992,574.931216137726
Rwanda,RWA,1991,541.965769220086
Rwanda,RWA,1990,548.816313263473
Rwanda,RWA,1989,
Rwanda,RWA,1988,
Rwanda,RWA,1987,
Rwanda,RWA,1986,
Rwanda,RWA,1985,
Rwanda,RWA,1984,
Rwanda,RWA,1983,
Rwanda,RWA,1982,
Rwanda,RWA,1981,
Rwanda,RWA,1980,
Rwanda,RWA,1979,
Rwanda,RWA,1978,
Rwanda,RWA,1977,
Rwanda,RWA,1976,
Rwanda,RWA,1975,
Rwanda,RWA,1974,
Rwanda,RWA,1973,
Rwanda,RWA,1972,
Rwanda,RWA,1971,
Rwanda,RWA,1970,
Rwanda,RWA,1969,
Rwanda,RWA,1968,
Rwanda,RWA,1967,
Rwanda,RWA,1966,
Rwanda,RWA,1965,
Rwanda,RWA,1964,
Rwanda,RWA,1963,
Rwanda,RWA,1962,
Rwanda,RWA,1961,
Rwanda,RWA,1960,
Samoa,WSM,2025,
Samoa,WSM,2024,8736.81606772538
Samoa,WSM,2023,8194.80725640734
Samoa,WSM,2022,6909.17129928336
Samoa,WSM,2021,6350.11428353253
Samoa,WSM,2020,6450.75201183405
Samoa,WSM,2019,6638.18454759102
Samoa,WSM,2018,6318.26977293454
Samoa,WSM,2017,6280.21500477143
Samoa,WSM,2016,6141.45089044263
Samoa,WSM,2015,5681.77812768843
Samoa,WSM,2014,5468.10058532556
Samoa,WSM,2013,5386.90063081914
Samoa,WSM,2012,5338.73979322922
Samoa,WSM,2011,5494.24063118213
Samoa,WSM,2010,5229.04191199124
Samoa,WSM,2009,4906.48254274628
Samoa,WSM,2008,4939.22558356596
Samoa,WSM,2007,4713.02123375726
Samoa,WSM,2006,4591.90702524785
Samoa,WSM,2005,4378.5944315772
Samoa,WSM,2004,3996.7446356324
Samoa,WSM,2003,3792.19847660915
Samoa,WSM,2002,3552.91066710799
Samoa,WSM,2001,3334.97791645842
Samoa,WSM,2000,3061.84986676721
Samoa,WSM,1999,2871.21447647112
Samoa,WSM,1998,2791.81766166344
Samoa,WSM,1997,2722.15811933947
Samoa,WSM,1996,2681.19318054196
Samoa,WSM,1995,2477.7372979723
Samoa,WSM,1994,2293.57795458879
Samoa,WSM,1993,2322.78312313642
Samoa,WSM,1992,2198.10088602232
Samoa,WSM,1991,2165.67611273944
Samoa,WSM,1990,2148.2835223622
Samoa,WSM,1989,
Samoa,WSM,1988,
Samoa,WSM,1987,
Samoa,WSM,1986,
Samoa,WSM,1985,
Samoa,WSM,1984,
Samoa,WSM,1983,
Samoa,WSM,1982,
Samoa,WSM,1981,
Samoa,WSM,1980,
Samoa,WSM,1979,
Samoa,WSM,1978,
Samoa,WSM,1977,
Samoa,WSM,1976,
Samoa,WSM,1975,
Samoa,WSM,1974,
Samoa,WSM,1973,
Samoa,WSM,1972,
Samoa,WSM,1971,
Samoa,WSM,1970,
Samoa,WSM,1969,
Samoa,WSM,1968,
Samoa,WSM,1967,
Samoa,WSM,1966,
Samoa,WSM,1965,
Samoa,WSM,1964,
Samoa,WSM,1963,
Samoa,WSM,1962,
Samoa,WSM,1961,
Samoa,WSM,1960,
San Marino,SMR,2025,
San Marino,SMR,2024,
San Marino,SMR,2023,78745.4313299335
San Marino,SMR,2022,75941.4899090162
San Marino,SMR,2021,64745.1316780701
San Marino,SMR,2020,55206.5812324405
San Marino,SMR,2019,57444.1193582109
San Marino,SMR,2018,54460.9058332865
San Marino,SMR,2017,52463.4196397748
San Marino,SMR,2016,53033.0563376235
San Marino,SMR,2015,52247.2078276415
San Marino,SMR,2014,52909.2224071252
San Marino,SMR,2013,50770.3673195862
San Marino,SMR,2012,51274.2154785964
San Marino,SMR,2011,56239.9592730018
San Marino,SMR,2010,58926.1403701298
San Marino,SMR,2009,61969.8285368182
San Marino,SMR,2008,71723.6242187251
San Marino,SMR,2007,71744.0519986492
San Marino,SMR,2006,67434.1560064444
San Marino,SMR,2005,63738.5738721939
San Marino,SMR,2004,61113.9018661653
San Marino,SMR,2003,60223.9128467427
San Marino,SMR,2002,57583.9069425178
San Marino,SMR,2001,57251.795597303
San Marino,SMR,2000,53713.4483344714
San Marino,SMR,1999,52063.9463025736
San Marino,SMR,1998,47679.1466235324
San Marino,SMR,1997,44426.4754371403
San Marino,SMR,1996,
San Marino,SMR,1995,
San Marino,SMR,1994,
San Marino,SMR,1993,
San Marino,SMR,1992,
San Marino,SMR,1991,
San Marino,SMR,1990,
San Marino,SMR,1989,
San Marino,SMR,1988,
San Marino,SMR,1987,
San Marino,SMR,1986,
San Marino,SMR,1985,
San Marino,SMR,1984,
San Marino,SMR,1983,
San Marino,SMR,1982,
San Marino,SMR,1981,
San Marino,SMR,1980,
San Marino,SMR,1979,
San Marino,SMR,1978,
San Marino,SMR,1977,
San Marino,SMR,1976,
San Marino,SMR,1975,
San Marino,SMR,1974,
San Marino,SMR,1973,
San Marino,SMR,1972,
San Marino,SMR,1971,
San Marino,SMR,1970,
San Marino,SMR,1969,
San Marino,SMR,1968,
San Marino,SMR,1967,
San Marino,SMR,1966,
San Marino,SMR,1965,
San Marino,SMR,1964,
San Marino,SMR,1963,
San Marino,SMR,1962,
San Marino,SMR,1961,
San Marino,SMR,1960,
Sao Tome and Principe,STP,2025,
Sao Tome and Principe,STP,2024,6241.85614464638
Sao Tome and Principe,STP,2023,6149.98146081932
Sao Tome and Principe,STP,2022,6033.6811722183
Sao Tome and Principe,STP,2021,5732.69456061536
Sao Tome and Principe,STP,2020,5144.53560286014
Sao Tome and Principe,STP,2019,4655.48496449805
Sao Tome and Principe,STP,2018,3941.03280858409
Sao Tome and Principe,STP,2017,3436.31010124694
Sao Tome and Principe,STP,2016,3319.54261733278
Sao Tome and Principe,STP,2015,3171.50905832741
Sao Tome and Principe,STP,2014,3233.3568807314
Sao Tome and Principe,STP,2013,2945.73664283744
Sao Tome and Principe,STP,2012,2652.87879478958
Sao Tome and Principe,STP,2011,2914.21285695222
Sao Tome and Principe,STP,2010,2858.56899092769
Sao Tome and Principe,STP,2009,2845.73589383231
Sao Tome and Principe,STP,2008,2801.83579340874
Sao Tome and Principe,STP,2007,2650.1038762996
Sao Tome and Principe,STP,2006,2550.59553998213
Sao Tome and Principe,STP,2005,2329.01423017277
Sao Tome and Principe,STP,2004,2170.94121914898
Sao Tome and Principe,STP,2003,2093.50493378321
Sao Tome and Principe,STP,2002,1944.99838482036
Sao Tome and Principe,STP,2001,1897.87411122439
Sao Tome and Principe,STP,2000,1830.36629942706
Sao Tome and Principe,STP,1999,1801.54861390926
Sao Tome and Principe,STP,1998,1753.90494504665
Sao Tome and Principe,STP,1997,1714.38768207392
Sao Tome and Principe,STP,1996,1692.57951381916
Sao Tome and Principe,STP,1995,1662.67844056238
Sao Tome and Principe,STP,1994,1622.61932710044
Sao Tome and Principe,STP,1993,1581.48569256943
Sao Tome and Principe,STP,1992,1556.1723028846
Sao Tome and Principe,STP,1991,1539.92825538325
Sao Tome and Principe,STP,1990,1504.39524002616
Sao Tome and Principe,STP,1989,
Sao Tome and Principe,STP,1988,
Sao Tome and Principe,STP,1987,
Sao Tome and Principe,STP,1986,
Sao Tome and Principe,STP,1985,
Sao Tome and Principe,STP,1984,
Sao Tome and Principe,STP,1983,
Sao Tome and Principe,STP,1982,
Sao Tome and Principe,STP,1981,
Sao Tome and Principe,STP,1980,
Sao Tome and Principe,STP,1979,
Sao Tome and Principe,STP,1978,
Sao Tome and Principe,STP,1977,
Sao Tome and Principe,STP,1976,
Sao Tome and Principe,STP,1975,
Sao Tome and Principe,STP,1974,
Sao Tome and Principe,STP,1973,
Sao Tome and Principe,STP,1972,
Sao Tome and Principe,STP,1971,
Sao Tome and Principe,STP,1970,
Sao Tome and Principe,STP,1969,
Sao Tome and Principe,STP,1968,
Sao Tome and Principe,STP,1967,
Sao Tome and Principe,STP,1966,
Sao Tome and Principe,STP,1965,
Sao Tome and Principe,STP,1964,
Sao Tome and Principe,STP,1963,
Sao Tome and Principe,STP,1962,
Sao Tome and Principe,STP,1961,
Sao Tome and Principe,STP,1960,
Saudi Arabia,SAU,2025,
Saudi Arabia,SAU,2024,71375.3727890285
Saudi Arabia,SAU,2023,71564.800028565
Saudi Arabia,SAU,2022,71968.074955888
Saudi Arabia,SAU,2021,62690.4966645929
Saudi Arabia,SAU,2020,47518.4877485153
Saudi Arabia,SAU,2019,59560.2537904546
Saudi Arabia,SAU,2018,59377.8025368768
Saudi Arabia,SAU,2017,53120.4572456269
Saudi Arabia,SAU,2016,49937.0668103808
Saudi Arabia,SAU,2015,53930.8273872622
Saudi Arabia,SAU,2014,62578.0708415156
Saudi Arabia,SAU,2013,62202.8859202572
Saudi Arabia,SAU,2012,65033.6161818077
Saudi Arabia,SAU,2011,64125.2177225838
Saudi Arabia,SAU,2010,58828.726534911
Saudi Arabia,SAU,2009,54787.3552114775
Saudi Arabia,SAU,2008,57236.0519568285
Saudi Arabia,SAU,2007,55029.87121382
Saudi Arabia,SAU,2006,54638.7588925129
Saudi Arabia,SAU,2005,53548.1964925537
Saudi Arabia,SAU,2004,51225.3258202551
Saudi Arabia,SAU,2003,48078.1186117167
Saudi Arabia,SAU,2002,45466.0257673051
Saudi Arabia,SAU,2001,47380.8031555036
Saudi Arabia,SAU,2000,48643.6072177646
Saudi Arabia,SAU,1999,47494.6653507246
Saudi Arabia,SAU,1998,48867.2501424353
Saudi Arabia,SAU,1997,48795.6726126007
Saudi Arabia,SAU,1996,48569.163315144
Saudi Arabia,SAU,1995,48052.4091110742
Saudi Arabia,SAU,1994,48903.5791696777
Saudi Arabia,SAU,1993,49503.2320715366
Saudi Arabia,SAU,1992,50355.4065012705
Saudi Arabia,SAU,1991,49295.4748145037
Saudi Arabia,SAU,1990,46214.2180684602
Saudi Arabia,SAU,1989,
Saudi Arabia,SAU,1988,
Saudi Arabia,SAU,1987,
Saudi Arabia,SAU,1986,
Saudi Arabia,SAU,1985,
Saudi Arabia,SAU,1984,
Saudi Arabia,SAU,1983,
Saudi Arabia,SAU,1982,
Saudi Arabia,SAU,1981,
Saudi Arabia,SAU,1980,
Saudi Arabia,SAU,1979,
Saudi Arabia,SAU,1978,
Saudi Arabia,SAU,1977,
Saudi Arabia,SAU,1976,
Saudi Arabia,SAU,1975,
Saudi Arabia,SAU,1974,
Saudi Arabia,SAU,1973,
Saudi Arabia,SAU,1972,
Saudi Arabia,SAU,1971,
Saudi Arabia,SAU,1970,
Saudi Arabia,SAU,1969,
Saudi Arabia,SAU,1968,
Saudi Arabia,SAU,1967,
Saudi Arabia,SAU,1966,
Saudi Arabia,SAU,1965,
Saudi Arabia,SAU,1964,
Saudi Arabia,SAU,1963,
Saudi Arabia,SAU,1962,
Saudi Arabia,SAU,1961,
Saudi Arabia,SAU,1960,
Senegal,SEN,2025,
Senegal,SEN,2024,5070.6486207418
Senegal,SEN,2023,4777.61451861578
Senegal,SEN,2022,4530.22059496055
Senegal,SEN,2021,4173.67741399619
Senegal,SEN,2020,3752.91947490817
Senegal,SEN,2019,3647.95137357242
Senegal,SEN,2018,3380.21596529445
Senegal,SEN,2017,3234.36158194088
Senegal,SEN,2016,3101.12348494108
Senegal,SEN,2015,2994.28032714875
Senegal,SEN,2014,2853.80456250635
Senegal,SEN,2013,2768.76818711984
Senegal,SEN,2012,2764.26130708482
Senegal,SEN,2011,2684.94989722318
Senegal,SEN,2010,2662.50486626479
Senegal,SEN,2009,2605.72280250701
Senegal,SEN,2008,2580.71949180217
Senegal,SEN,2007,2499.31582882192
Senegal,SEN,2006,2422.09761798858
Senegal,SEN,2005,2350.20037042455
Senegal,SEN,2004,2236.29400949837
Senegal,SEN,2003,2130.50797474486
Senegal,SEN,2002,2026.77782446969
Senegal,SEN,2001,2043.85289540933
Senegal,SEN,2000,1963.27509878739
Senegal,SEN,1999,1893.0328371207
Senegal,SEN,1998,1798.39199954837
Senegal,SEN,1997,1719.04799845104
Senegal,SEN,1996,1679.11494146933
Senegal,SEN,1995,1656.26724973061
Senegal,SEN,1994,1578.09460534737
Senegal,SEN,1993,1587.77652666416
Senegal,SEN,1992,1572.89009404313
Senegal,SEN,1991,1560.85968440626
Senegal,SEN,1990,1513.07729101075
Senegal,SEN,1989,
Senegal,SEN,1988,
Senegal,SEN,1987,
Senegal,SEN,1986,
Senegal,SEN,1985,
Senegal,SEN,1984,
Senegal,SEN,1983,
Senegal,SEN,1982,
Senegal,SEN,1981,
Senegal,SEN,1980,
Senegal,SEN,1979,
Senegal,SEN,1978,
Senegal,SEN,1977,
Senegal,SEN,1976,
Senegal,SEN,1975,
Senegal,SEN,1974,
Senegal,SEN,1973,
Senegal,SEN,1972,
Senegal,SEN,1971,
Senegal,SEN,1970,
Senegal,SEN,1969,
Senegal,SEN,1968,
Senegal,SEN,1967,
Senegal,SEN,1966,
Senegal,SEN,1965,
Senegal,SEN,1964,
Senegal,SEN,1963,
Senegal,SEN,1962,
Senegal,SEN,1961,
Senegal,SEN,1960,
Serbia,SRB,2025,
Serbia,SRB,2024,32832.1763221005
Serbia,SRB,2023,29776.8951752159
Serbia,SRB,2022,26142.8279237665
Serbia,SRB,2021,23406.4036315634
Serbia,SRB,2020,21013.0512590365
Serbia,SRB,2019,20587.382536041
Serbia,SRB,2018,18469.022619005
Serbia,SRB,2017,17285.4272257972
Serbia,SRB,2016,16455.4261201487
Serbia,SRB,2015,15546.298142138
Serbia,SRB,2014,15296.1484591287
Serbia,SRB,2013,15246.9321985267
Serbia,SRB,2012,14506.2378578624
Serbia,SRB,2011,14298.2677444467
Serbia,SRB,2010,13320.0282376797
Serbia,SRB,2009,13037.9762942071
Serbia,SRB,2008,13122.5030713165
Serbia,SRB,2007,11685.3884085742
Serbia,SRB,2006,10463.3370106839
Serbia,SRB,2005,9397.60313235976
Serbia,SRB,2004,8715.11016924349
Serbia,SRB,2003,8022.94191295514
Serbia,SRB,2002,7562.70244892744
Serbia,SRB,2001,6802.74846643134
Serbia,SRB,2000,6415.70511863535
Serbia,SRB,1999,5896.54135308381
Serbia,SRB,1998,6460.31581585098
Serbia,SRB,1997,6039.93603973488
Serbia,SRB,1996,5433.71976899811
Serbia,SRB,1995,5022.16286332482
Serbia,SRB,1994,
Serbia,SRB,1993,
Serbia,SRB,1992,
Serbia,SRB,1991,
Serbia,SRB,1990,
Serbia,SRB,1989,
Serbia,SRB,1988,
Serbia,SRB,1987,
Serbia,SRB,1986,
Serbia,SRB,1985,
Serbia,SRB,1984,
Serbia,SRB,1983,
Serbia,SRB,1982,
Serbia,SRB,1981,
Serbia,SRB,1980,
Serbia,SRB,1979,
Serbia,SRB,1978,
Serbia,SRB,1977,
Serbia,SRB,1976,
Serbia,SRB,1975,
Serbia,SRB,1974,
Serbia,SRB,1973,
Serbia,SRB,1972,
Serbia,SRB,1971,
Serbia,SRB,1970,
Serbia,SRB,1969,
Serbia,SRB,1968,
Serbia,SRB,1967,
Serbia,SRB,1966,
Serbia,SRB,1965,
Serbia,SRB,1964,
Serbia,SRB,1963,
Serbia,SRB,1962,
Serbia,SRB,1961,
Serbia,SRB,1960,
Seychelles,SYC,2025,
Seychelles,SYC,2024,33238.5800343754
Seychelles,SYC,2023,31780.7838341965
Seychelles,SYC,2022,29972.8758315937
Seychelles,SYC,2021,29979.8272686091
Seychelles,SYC,2020,31055.9442055039
Seychelles,SYC,2019,34219.061370118
Seychelles,SYC,2018,32091.2988657346
Seychelles,SYC,2017,30674.6487335442
Seychelles,SYC,2016,28811.3970334958
Seychelles,SYC,2015,25435.2289894362
Seychelles,SYC,2014,24984.526915426
Seychelles,SYC,2013,22487.2497747
Seychelles,SYC,2012,22263.822159947
Seychelles,SYC,2011,21780.7075576057
Seychelles,SYC,2010,18981.6586503443
Seychelles,SYC,2009,18453.4410730348
Seychelles,SYC,2008,18880.5748562445
Seychelles,SYC,2007,19473.4206754148
Seychelles,SYC,2006,17503.1964981748
Seychelles,SYC,2005,15846.0514029555
Seychelles,SYC,2004,14160.4071686004
Seychelles,SYC,2003,14141.7230046746
Seychelles,SYC,2002,14569.6256457696
Seychelles,SYC,2001,14614.8329926864
Seychelles,SYC,2000,14637.9590709133
Seychelles,SYC,1999,13852.8794973376
Seychelles,SYC,1998,13674.5481055404
Seychelles,SYC,1997,13457.5768218122
Seychelles,SYC,1996,11930.7988905999
Seychelles,SYC,1995,10808.8100201682
Seychelles,SYC,1994,10691.7724799326
Seychelles,SYC,1993,11019.5660238991
Seychelles,SYC,1992,10242.988676183
Seychelles,SYC,1991,9387.46491301342
Seychelles,SYC,1990,8954.94515086132
Seychelles,SYC,1989,
Seychelles,SYC,1988,
Seychelles,SYC,1987,
Seychelles,SYC,1986,
Seychelles,SYC,1985,
Seychelles,SYC,1984,
Seychelles,SYC,1983,
Seychelles,SYC,1982,
Seychelles,SYC,1981,
Seychelles,SYC,1980,
Seychelles,SYC,1979,
Seychelles,SYC,1978,
Seychelles,SYC,1977,
Seychelles,SYC,1976,
Seychelles,SYC,1975,
Seychelles,SYC,1974,
Seychelles,SYC,1973,
Seychelles,SYC,1972,
Seychelles,SYC,1971,
Seychelles,SYC,1970,
Seychelles,SYC,1969,
Seychelles,SYC,1968,
Seychelles,SYC,1967,
Seychelles,SYC,1966,
Seychelles,SYC,1965,
Seychelles,SYC,1964,
Seychelles,SYC,1963,
Seychelles,SYC,1962,
Seychelles,SYC,1961,
Seychelles,SYC,1960,
Sierra Leone,SLE,2025,
Sierra Leone,SLE,2024,3522.30588009119
Sierra Leone,SLE,2023,3368.31727188063
Sierra Leone,SLE,2022,3143.96451050507
Sierra Leone,SLE,2021,2849.38865926436
Sierra Leone,SLE,2020,2719.07286815807
Sierra Leone,SLE,2019,2704.05835866756
Sierra Leone,SLE,2018,2640.47566787646
Sierra Leone,SLE,2017,2501.4531554482
Sierra Leone,SLE,2016,2634.9252433025
Sierra Leone,SLE,2015,2560.04985807593
Sierra Leone,SLE,2014,2762.04553745948
Sierra Leone,SLE,2013,2700.73807805259
Sierra Leone,SLE,2012,2317.1913997528
Sierra Leone,SLE,2011,2042.70009101399
Sierra Leone,SLE,2010,1900.38515206703
Sierra Leone,SLE,2009,1814.0708691735
Sierra Leone,SLE,2008,1824.24498367556
Sierra Leone,SLE,2007,1769.77972125467
Sierra Leone,SLE,2006,1697.69680421278
Sierra Leone,SLE,2005,1614.50361925174
Sierra Leone,SLE,2004,1541.00571321438
Sierra Leone,SLE,2003,1457.80167857458
Sierra Leone,SLE,2002,1359.91725651246
Sierra Leone,SLE,2001,1121.24260099529
Sierra Leone,SLE,2000,1242.07432044948
Sierra Leone,SLE,1999,1166.6423031556
Sierra Leone,SLE,1998,1179.67308828891
Sierra Leone,SLE,1997,1157.43929308216
Sierra Leone,SLE,1996,1224.55526220614
Sierra Leone,SLE,1995,1187.47720187909
Sierra Leone,SLE,1994,1266.06583859706
Sierra Leone,SLE,1993,1269.07526559771
Sierra Leone,SLE,1992,1220.17057183004
Sierra Leone,SLE,1991,1445.33665212681
Sierra Leone,SLE,1990,1382.02162141179
Sierra Leone,SLE,1989,
Sierra Leone,SLE,1988,
Sierra Leone,SLE,1987,
Sierra Leone,SLE,1986,
Sierra Leone,SLE,1985,
Sierra Leone,SLE,1984,
Sierra Leone,SLE,1983,
Sierra Leone,SLE,1982,
Sierra Leone,SLE,1981,
Sierra Leone,SLE,1980,
Sierra Leone,SLE,1979,
Sierra Leone,SLE,1978,
Sierra Leone,SLE,1977,
Sierra Leone,SLE,1976,
Sierra Leone,SLE,1975,
Sierra Leone,SLE,1974,
Sierra Leone,SLE,1973,
Sierra Leone,SLE,1972,
Sierra Leone,SLE,1971,
Sierra Leone,SLE,1970,
Sierra Leone,SLE,1969,
Sierra Leone,SLE,1968,
Sierra Leone,SLE,1967,
Sierra Leone,SLE,1966,
Sierra Leone,SLE,1965,
Sierra Leone,SLE,1964,
Sierra Leone,SLE,1963,
Sierra Leone,SLE,1962,
Sierra Leone,SLE,1961,
Sierra Leone,SLE,1960,
Singapore,SGP,2025,
Singapore,SGP,2024,150689.301625826
Singapore,SGP,2023,143786.136293013
Singapore,SGP,2022,143094.949896959
Singapore,SGP,2021,132617.354020876
Singapore,SGP,2020,101518.31798444
Singapore,SGP,2019,105335.291974111
Singapore,SGP,2018,103963.36329269
Singapore,SGP,2017,95744.1821600957
Singapore,SGP,2016,89901.8159165036
Singapore,SGP,2015,87156.187383315
Singapore,SGP,2014,84555.2446100826
Singapore,SGP,2013,83088.3185411658
Singapore,SGP,2012,82107.7270892092
Singapore,SGP,2011,80052.3914982651
Singapore,SGP,2010,75400.5557984177
Singapore,SGP,2009,66212.962556152
Singapore,SGP,2008,67735.3480852019
Singapore,SGP,2007,68804.9832153264
Singapore,SGP,2006,64060.5686042424
Singapore,SGP,2005,58821.6934650901
Singapore,SGP,2004,54383.8062332219
Singapore,SGP,2003,48778.2983301244
Singapore,SGP,2002,45083.2529904573
Singapore,SGP,2001,43109.0641940157
Singapore,SGP,2000,43781.2691496809
Singapore,SGP,1999,39948.7801331011
Singapore,SGP,1998,37559.6121638987
Singapore,SGP,1997,39286.4321601725
Singapore,SGP,1996,36872.7035848938
Singapore,SGP,1995,35090.0687488309
Singapore,SGP,1994,33057.5376985057
Singapore,SGP,1993,30062.1391659164
Singapore,SGP,1992,27021.840881851
Singapore,SGP,1991,25530.3666982244
Singapore,SGP,1990,23815.1597264713
Singapore,SGP,1989,
Singapore,SGP,1988,
Singapore,SGP,1987,
Singapore,SGP,1986,
Singapore,SGP,1985,
Singapore,SGP,1984,
Singapore,SGP,1983,
Singapore,SGP,1982,
Singapore,SGP,1981,
Singapore,SGP,1980,
Singapore,SGP,1979,
Singapore,SGP,1978,
Singapore,SGP,1977,
Singapore,SGP,1976,
Singapore,SGP,1975,
Singapore,SGP,1974,
Singapore,SGP,1973,
Singapore,SGP,1972,
Singapore,SGP,1971,
Singapore,SGP,1970,
Singapore,SGP,1969,
Singapore,SGP,1968,
Singapore,SGP,1967,
Singapore,SGP,1966,
Singapore,SGP,1965,
Singapore,SGP,1964,
Singapore,SGP,1963,
Singapore,SGP,1962,
Singapore,SGP,1961,
Singapore,SGP,1960,
Sint Maarten (Dutch part),SXM,2025,
Sint Maarten (Dutch part),SXM,2024,53768.6573945662
Sint Maarten (Dutch part),SXM,2023,51686.6520818084
Sint Maarten (Dutch part),SXM,2022,48760.6820580997
Sint Maarten (Dutch part),SXM,2021,40507.0672411717
Sint Maarten (Dutch part),SXM,2020,38901.4867603712
Sint Maarten (Dutch part),SXM,2019,45715.6970519376
Sint Maarten (Dutch part),SXM,2018,41653.2008964784
Sint Maarten (Dutch part),SXM,2017,44479.2967076826
Sint Maarten (Dutch part),SXM,2016,44845.106868735
Sint Maarten (Dutch part),SXM,2015,44587.5911500766
Sint Maarten (Dutch part),SXM,2014,43514.2365385271
Sint Maarten (Dutch part),SXM,2013,36178.1870158544
Sint Maarten (Dutch part),SXM,2012,35520.5138693527
Sint Maarten (Dutch part),SXM,2011,39730.5467349267
Sint Maarten (Dutch part),SXM,2010,37736.4056799196
Sint Maarten (Dutch part),SXM,2009,36454.0882416339
Sint Maarten (Dutch part),SXM,2008,
Sint Maarten (Dutch part),SXM,2007,
Sint Maarten (Dutch part),SXM,2006,
Sint Maarten (Dutch part),SXM,2005,
Sint Maarten (Dutch part),SXM,2004,
Sint Maarten (Dutch part),SXM,2003,
Sint Maarten (Dutch part),SXM,2002,
Sint Maarten (Dutch part),SXM,2001,
Sint Maarten (Dutch part),SXM,2000,
Sint Maarten (Dutch part),SXM,1999,
Sint Maarten (Dutch part),SXM,1998,
Sint Maarten (Dutch part),SXM,1997,
Sint Maarten (Dutch part),SXM,1996,
Sint Maarten (Dutch part),SXM,1995,
Sint Maarten (Dutch part),SXM,1994,
Sint Maarten (Dutch part),SXM,1993,
Sint Maarten (Dutch part),SXM,1992,
Sint Maarten (Dutch part),SXM,1991,
Sint Maarten (Dutch part),SXM,1990,
Sint Maarten (Dutch part),SXM,1989,
Sint Maarten (Dutch part),SXM,1988,
Sint Maarten (Dutch part),SXM,1987,
Sint Maarten (Dutch part),SXM,1986,
Sint Maarten (Dutch part),SXM,1985,
Sint Maarten (Dutch part),SXM,1984,
Sint Maarten (Dutch part),SXM,1983,
Sint Maarten (Dutch part),SXM,1982,
Sint Maarten (Dutch part),SXM,1981,
Sint Maarten (Dutch part),SXM,1980,
Sint Maarten (Dutch part),SXM,1979,
Sint Maarten (Dutch part),SXM,1978,
Sint Maarten (Dutch part),SXM,1977,
Sint Maarten (Dutch part),SXM,1976,
Sint Maarten (Dutch part),SXM,1975,
Sint Maarten (Dutch part),SXM,1974,
Sint Maarten (Dutch part),SXM,1973,
Sint Maarten (Dutch part),SXM,1972,
Sint Maarten (Dutch part),SXM,1971,
Sint Maarten (Dutch part),SXM,1970,
Sint Maarten (Dutch part),SXM,1969,
Sint Maarten (Dutch part),SXM,1968,
Sint Maarten (Dutch part),SXM,1967,
Sint Maarten (Dutch part),SXM,1966,
Sint Maarten (Dutch part),SXM,1965,
Sint Maarten (Dutch part),SXM,1964,
Sint Maarten (Dutch part),SXM,1963,
Sint Maarten (Dutch part),SXM,1962,
Sint Maarten (Dutch part),SXM,1961,
Sint Maarten (Dutch part),SXM,1960,
Slovak Republic,SVK,2025,
Slovak Republic,SVK,2024,48132.356430543
Slovak Republic,SVK,2023,45973.9406902991
Slovak Republic,SVK,2022,41562.1497793913
Slovak Republic,SVK,2021,38346.0935768177
Slovak Republic,SVK,2020,35327.9439165588
Slovak Republic,SVK,2019,33985.6758419661
Slovak Republic,SVK,2018,31509.8187291635
Slovak Republic,SVK,2017,30245.7825869756
Slovak Republic,SVK,2016,29867.9803390081
Slovak Republic,SVK,2015,30147.9903672541
Slovak Republic,SVK,2014,29108.072180194
Slovak Republic,SVK,2013,28075.4326236719
Slovak Republic,SVK,2012,27022.7747321382
Slovak Republic,SVK,2011,26201.6502820886
Slovak Republic,SVK,2010,25381.7112298749
Slovak Republic,SVK,2009,23077.3712084636
Slovak Republic,SVK,2008,23714.1353570991
Slovak Republic,SVK,2007,21232.2703380662
Slovak Republic,SVK,2006,18905.7195772335
Slovak Republic,SVK,2005,16570.2574196157
Slovak Republic,SVK,2004,15165.8836134619
Slovak Republic,SVK,2003,14088.2610150529
Slovak Republic,SVK,2002,13291.7864712556
Slovak Republic,SVK,2001,12367.3391520167
Slovak Republic,SVK,2000,11369.9916167703
Slovak Republic,SVK,1999,10725.6433995967
Slovak Republic,SVK,1998,10666.4184104343
Slovak Republic,SVK,1997,10137.0863206191
Slovak Republic,SVK,1996,9499.57196646303
Slovak Republic,SVK,1995,8811.8255351151
Slovak Republic,SVK,1994,8178.26517734919
Slovak Republic,SVK,1993,7569.20959759304
Slovak Republic,SVK,1992,7270.41049308264
Slovak Republic,SVK,1991,7623.1148839375
Slovak Republic,SVK,1990,8638.40798828537
Slovak Republic,SVK,1989,
Slovak Republic,SVK,1988,
Slovak Republic,SVK,1987,
Slovak Republic,SVK,1986,
Slovak Republic,SVK,1985,
Slovak Republic,SVK,1984,
Slovak Republic,SVK,1983,
Slovak Republic,SVK,1982,
Slovak Republic,SVK,1981,
Slovak Republic,SVK,1980,
Slovak Republic,SVK,1979,
Slovak Republic,SVK,1978,
Slovak Republic,SVK,1977,
Slovak Republic,SVK,1976,
Slovak Republic,SVK,1975,
Slovak Republic,SVK,1974,
Slovak Republic,SVK,1973,
Slovak Republic,SVK,1972,
Slovak Republic,SVK,1971,
Slovak Republic,SVK,1970,
Slovak Republic,SVK,1969,
Slovak Republic,SVK,1968,
Slovak Republic,SVK,1967,
Slovak Republic,SVK,1966,
Slovak Republic,SVK,1965,
Slovak Republic,SVK,1964,
Slovak Republic,SVK,1963,
Slovak Republic,SVK,1962,
Slovak Republic,SVK,1961,
Slovak Republic,SVK,1960,
Slovenia,SVN,2025,
Slovenia,SVN,2024,57186.3713538174
Slovenia,SVN,2023,56064.0974596742
Slovenia,SVN,2022,52347.109726538
Slovenia,SVN,2021,45914.0572392406
Slovenia,SVN,2020,41767.2579899957
Slovenia,SVN,2019,42373.2506369279
Slovenia,SVN,2018,38620.2045436305
Slovenia,SVN,2017,36180.0384547624
Slovenia,SVN,2016,33575.1775435757
Slovenia,SVN,2015,31336.2043858881
Slovenia,SVN,2014,30571.9753019832
Slovenia,SVN,2013,29634.0657611471
Slovenia,SVN,2012,28786.7105517686
Slovenia,SVN,2011,28715.6339954963
Slovenia,SVN,2010,27579.428605763
Slovenia,SVN,2009,27228.6387025436
Slovenia,SVN,2008,29460.9414243515
Slovenia,SVN,2007,27468.038850682
Slovenia,SVN,2006,25571.066947369
Slovenia,SVN,2005,23682.3710849153
Slovenia,SVN,2004,22587.7819716494
Slovenia,SVN,2003,20915.5593835145
Slovenia,SVN,2002,20004.2990959715
Slovenia,SVN,2001,18763.4715912597
Slovenia,SVN,2000,17891.5856596003
Slovenia,SVN,1999,17006.7426541486
Slovenia,SVN,1998,15993.5042949089
Slovenia,SVN,1997,15256.885308508
Slovenia,SVN,1996,14284.3392747406
Slovenia,SVN,1995,13637.1913018308
Slovenia,SVN,1994,13975.1338460117
Slovenia,SVN,1993,12975.8571019429
Slovenia,SVN,1992,12295.6366722699
Slovenia,SVN,1991,12697.9185657738
Slovenia,SVN,1990,13491.1485293483
Slovenia,SVN,1989,
Slovenia,SVN,1988,
Slovenia,SVN,1987,
Slovenia,SVN,1986,
Slovenia,SVN,1985,
Slovenia,SVN,1984,
Slovenia,SVN,1983,
Slovenia,SVN,1982,
Slovenia,SVN,1981,
Slovenia,SVN,1980,
Slovenia,SVN,1979,
Slovenia,SVN,1978,
Slovenia,SVN,1977,
Slovenia,SVN,1976,
Slovenia,SVN,1975,
Slovenia,SVN,1974,
Slovenia,SVN,1973,
Slovenia,SVN,1972,
Slovenia,SVN,1971,
Slovenia,SVN,1970,
Slovenia,SVN,1969,
Slovenia,SVN,1968,
Slovenia,SVN,1967,
Slovenia,SVN,1966,
Slovenia,SVN,1965,
Slovenia,SVN,1964,
Slovenia,SVN,1963,
Slovenia,SVN,1962,
Slovenia,SVN,1961,
Slovenia,SVN,1960,
Solomon Islands,SLB,2025,
Solomon Islands,SLB,2024,2674.89311339831
Solomon Islands,SLB,2023,2596.56364252803
Solomon Islands,SLB,2022,2496.22734577831
Solomon Islands,SLB,2021,2449.87009821452
Solomon Islands,SLB,2020,2405.31509364704
Solomon Islands,SLB,2019,2512.01387973448
Solomon Islands,SLB,2018,2493.97675737551
Solomon Islands,SLB,2017,2454.04671914243
Solomon Islands,SLB,2016,2421.18991118943
Solomon Islands,SLB,2015,2353.78235283681
Solomon Islands,SLB,2014,2377.38397015815
Solomon Islands,SLB,2013,2394.46788083646
Solomon Islands,SLB,2012,2320.45346146884
Solomon Islands,SLB,2011,2306.28127950629
Solomon Islands,SLB,2010,2182.21603858837
Solomon Islands,SLB,2009,2021.46315086869
Solomon Islands,SLB,2008,1989.0135920954
Solomon Islands,SLB,2007,1868.75507214578
Solomon Islands,SLB,2006,1786.13962900073
Solomon Islands,SLB,2005,1693.19193514828
Solomon Islands,SLB,2004,1556.46974913837
Solomon Islands,SLB,2003,1433.09520209123
Solomon Islands,SLB,2002,1343.73916356867
Solomon Islands,SLB,2001,1387.19586861271
Solomon Islands,SLB,2000,1502.88776967226
Solomon Islands,SLB,1999,1754.05629590819
Solomon Islands,SLB,1998,1785.42290366061
Solomon Islands,SLB,1997,1792.67717756448
Solomon Islands,SLB,1996,1830.03601161624
Solomon Islands,SLB,1995,1820.49794059371
Solomon Islands,SLB,1994,1667.63699999103
Solomon Islands,SLB,1993,1555.53743917346
Solomon Islands,SLB,1992,1505.19058765065
Solomon Islands,SLB,1991,1345.81068941342
Solomon Islands,SLB,1990,1266.27744003373
Solomon Islands,SLB,1989,
Solomon Islands,SLB,1988,
Solomon Islands,SLB,1987,
Solomon Islands,SLB,1986,
Solomon Islands,SLB,1985,
Solomon Islands,SLB,1984,
Solomon Islands,SLB,1983,
Solomon Islands,SLB,1982,
Solomon Islands,SLB,1981,
Solomon Islands,SLB,1980,
Solomon Islands,SLB,1979,
Solomon Islands,SLB,1978,
Solomon Islands,SLB,1977,
Solomon Islands,SLB,1976,
Solomon Islands,SLB,1975,
Solomon Islands,SLB,1974,
Solomon Islands,SLB,1973,
Solomon Islands,SLB,1972,
Solomon Islands,SLB,1971,
Solomon Islands,SLB,1970,
Solomon Islands,SLB,1969,
Solomon Islands,SLB,1968,
Solomon Islands,SLB,1967,
Solomon Islands,SLB,1966,
Solomon Islands,SLB,1965,
Solomon Islands,SLB,1964,
Solomon Islands,SLB,1963,
Solomon Islands,SLB,1962,
Solomon Islands,SLB,1961,
Solomon Islands,SLB,1960,
"Somalia, Fed. Rep.",SOM,2025,
"Somalia, Fed. Rep.",SOM,2024,1601.96466602339
"Somalia, Fed. Rep.",SOM,2023,1555.61016798776
"Somalia, Fed. Rep.",SOM,2022,1486.47247333834
"Somalia, Fed. Rep.",SOM,2021,1392.31782053371
"Somalia, Fed. Rep.",SOM,2020,1454.26711848855
"Somalia, Fed. Rep.",SOM,2019,1548.27250940098
"Somalia, Fed. Rep.",SOM,2018,1551.52773977473
"Somalia, Fed. Rep.",SOM,2017,1596.81409178022
"Somalia, Fed. Rep.",SOM,2016,1468.50438474605
"Somalia, Fed. Rep.",SOM,2015,1341.38999678728
"Somalia, Fed. Rep.",SOM,2014,1127.71922200338
"Somalia, Fed. Rep.",SOM,2013,944.404567280324
"Somalia, Fed. Rep.",SOM,2012,1002.9322657147
"Somalia, Fed. Rep.",SOM,2011,881.383113050941
"Somalia, Fed. Rep.",SOM,2010,815.131435994874
"Somalia, Fed. Rep.",SOM,2009,773.780862192893
"Somalia, Fed. Rep.",SOM,2008,739.209469335104
"Somalia, Fed. Rep.",SOM,2007,700.174057965187
"Somalia, Fed. Rep.",SOM,2006,659.137580504181
"Somalia, Fed. Rep.",SOM,2005,619.158298420655
"Somalia, Fed. Rep.",SOM,2004,580.284955539129
"Somalia, Fed. Rep.",SOM,2003,547.374154777771
"Somalia, Fed. Rep.",SOM,2002,517.475206104742
"Somalia, Fed. Rep.",SOM,2001,491.527329981834
"Somalia, Fed. Rep.",SOM,2000,467.060922117041
"Somalia, Fed. Rep.",SOM,1999,443.803186913125
"Somalia, Fed. Rep.",SOM,1998,424.600856356657
"Somalia, Fed. Rep.",SOM,1997,410.59458601146
"Somalia, Fed. Rep.",SOM,1996,413.185281183686
"Somalia, Fed. Rep.",SOM,1995,389.431736680549
"Somalia, Fed. Rep.",SOM,1994,380.275356905766
"Somalia, Fed. Rep.",SOM,1993,476.63865709296
"Somalia, Fed. Rep.",SOM,1992,460.576960727956
"Somalia, Fed. Rep.",SOM,1991,469.07179582945
"Somalia, Fed. Rep.",SOM,1990,
"Somalia, Fed. Rep.",SOM,1989,
"Somalia, Fed. Rep.",SOM,1988,
"Somalia, Fed. Rep.",SOM,1987,
"Somalia, Fed. Rep.",SOM,1986,
"Somalia, Fed. Rep.",SOM,1985,
"Somalia, Fed. Rep.",SOM,1984,
"Somalia, Fed. Rep.",SOM,1983,
"Somalia, Fed. Rep.",SOM,1982,
"Somalia, Fed. Rep.",SOM,1981,
"Somalia, Fed. Rep.",SOM,1980,
"Somalia, Fed. Rep.",SOM,1979,
"Somalia, Fed. Rep.",SOM,1978,
"Somalia, Fed. Rep.",SOM,1977,
"Somalia, Fed. Rep.",SOM,1976,
"Somalia, Fed. Rep.",SOM,1975,
"Somalia, Fed. Rep.",SOM,1974,
"Somalia, Fed. Rep.",SOM,1973,
"Somalia, Fed. Rep.",SOM,1972,
"Somalia, Fed. Rep.",SOM,1971,
"Somalia, Fed. Rep.",SOM,1970,
"Somalia, Fed. Rep.",SOM,1969,
"Somalia, Fed. Rep.",SOM,1968,
"Somalia, Fed. Rep.",SOM,1967,
"Somalia, Fed. Rep.",SOM,1966,
"Somalia, Fed. Rep.",SOM,1965,
"Somalia, Fed. Rep.",SOM,1964,
"Somalia, Fed. Rep.",SOM,1963,
"Somalia, Fed. Rep.",SOM,1962,
"Somalia, Fed. Rep.",SOM,1961,
"Somalia, Fed. Rep.",SOM,1960,
South Africa,ZAF,2025,
South Africa,ZAF,2024,15456.1989933658
South Africa,ZAF,2023,15199.7329823776
South Africa,ZAF,2022,14749.0478045301
South Africa,ZAF,2021,13681.9548144813
South Africa,ZAF,2020,12671.0862436851
South Africa,ZAF,2019,13361.4851289112
South Africa,ZAF,2018,13347.3634826038
South Africa,ZAF,2017,13738.4385854596
South Africa,ZAF,2016,13519.3235102376
South Africa,ZAF,2015,13397.5234813346
South Africa,ZAF,2014,13358.9417186608
South Africa,ZAF,2013,13369.4382039605
South Africa,ZAF,2012,12986.7976675307
South Africa,ZAF,2011,13143.1933361097
South Africa,ZAF,2010,12637.2912226018
South Africa,ZAF,2009,12261.4115911303
South Africa,ZAF,2008,12525.2630299811
South Africa,ZAF,2007,12046.6051072501
South Africa,ZAF,2006,11250.179555872
South Africa,ZAF,2005,10440.6275147132
South Africa,ZAF,2004,9713.65348468834
South Africa,ZAF,2003,9138.82823855017
South Africa,ZAF,2002,8792.35588574265
South Africa,ZAF,2001,8428.31681707531
South Africa,ZAF,2000,8095.29428867929
South Africa,ZAF,1999,7666.71616260078
South Africa,ZAF,1998,7463.44455141236
South Africa,ZAF,1997,7433.35785896959
South Africa,ZAF,1996,7208.00603160939
South Africa,ZAF,1995,6875.18838645266
South Africa,ZAF,1994,6611.28864473247
South Africa,ZAF,1993,6374.77912485754
South Africa,ZAF,1992,6275.01326539452
South Africa,ZAF,1991,6382.80679300176
South Africa,ZAF,1990,6381.67336411338
South Africa,ZAF,1989,
South Africa,ZAF,1988,
South Africa,ZAF,1987,
South Africa,ZAF,1986,
South Africa,ZAF,1985,
South Africa,ZAF,1984,
South Africa,ZAF,1983,
South Africa,ZAF,1982,
South Africa,ZAF,1981,
South Africa,ZAF,1980,
South Africa,ZAF,1979,
South Africa,ZAF,1978,
South Africa,ZAF,1977,
South Africa,ZAF,1976,
South Africa,ZAF,1975,
South Africa,ZAF,1974,
South Africa,ZAF,1973,
South Africa,ZAF,1972,
South Africa,ZAF,1971,
South Africa,ZAF,1970,
South Africa,ZAF,1969,
South Africa,ZAF,1968,
South Africa,ZAF,1967,
South Africa,ZAF,1966,
South Africa,ZAF,1965,
South Africa,ZAF,1964,
South Africa,ZAF,1963,
South Africa,ZAF,1962,
South Africa,ZAF,1961,
South Africa,ZAF,1960,
South Sudan,SSD,2025,
South Sudan,SSD,2024,
South Sudan,SSD,2023,
South Sudan,SSD,2022,
South Sudan,SSD,2021,
South Sudan,SSD,2020,
South Sudan,SSD,2019,
South Sudan,SSD,2018,
South Sudan,SSD,2017,
South Sudan,SSD,2016,
South Sudan,SSD,2015,1154.88686304107
South Sudan,SSD,2014,1372.75618491146
South Sudan,SSD,2013,1916.8535588619
South Sudan,SSD,2012,1417.38566439045
South Sudan,SSD,2011,2718.04847850752
South Sudan,SSD,2010,2948.0500149385
South Sudan,SSD,2009,2911.0429729878
South Sudan,SSD,2008,2887.37415932878
South Sudan,SSD,2007,
South Sudan,SSD,2006,
South Sudan,SSD,2005,
South Sudan,SSD,2004,
South Sudan,SSD,2003,
South Sudan,SSD,2002,
South Sudan,SSD,2001,
South Sudan,SSD,2000,
South Sudan,SSD,1999,
South Sudan,SSD,1998,
South Sudan,SSD,1997,
South Sudan,SSD,1996,
South Sudan,SSD,1995,
South Sudan,SSD,1994,
South Sudan,SSD,1993,
South Sudan,SSD,1992,
South Sudan,SSD,1991,
South Sudan,SSD,1990,
South Sudan,SSD,1989,
South Sudan,SSD,1988,
South Sudan,SSD,1987,
South Sudan,SSD,1986,
South Sudan,SSD,1985,
South Sudan,SSD,1984,
South Sudan,SSD,1983,
South Sudan,SSD,1982,
South Sudan,SSD,1981,
South Sudan,SSD,1980,
South Sudan,SSD,1979,
South Sudan,SSD,1978,
South Sudan,SSD,1977,
South Sudan,SSD,1976,
South Sudan,SSD,1975,
South Sudan,SSD,1974,
South Sudan,SSD,1973,
South Sudan,SSD,1972,
South Sudan,SSD,1971,
South Sudan,SSD,1970,
South Sudan,SSD,1969,
South Sudan,SSD,1968,
South Sudan,SSD,1967,
South Sudan,SSD,1966,
South Sudan,SSD,1965,
South Sudan,SSD,1964,
South Sudan,SSD,1963,
South Sudan,SSD,1962,
South Sudan,SSD,1961,
South Sudan,SSD,1960,
Spain,ESP,2025,
Spain,ESP,2024,57965.2948138837
Spain,ESP,2023,55682.2402603093
Spain,ESP,2022,51398.9310403407
Spain,ESP,2021,44251.6658222621
Spain,ESP,2020,39327.8479269599
Spain,ESP,2019,44042.757577336
Spain,ESP,2018,41015.1565755187
Spain,ESP,2017,39825.2498116292
Spain,ESP,2016,37612.7188681342
Spain,ESP,2015,35228.6333036223
Spain,ESP,2014,33760.9555646369
Spain,ESP,2013,32613.6891811474
Spain,ESP,2012,31869.7839822219
Spain,ESP,2011,32015.5752000401
Spain,ESP,2010,31804.6746571689
Spain,ESP,2009,32218.2880170155
Spain,ESP,2008,33349.942580613
Spain,ESP,2007,32536.1882684038
Spain,ESP,2006,30748.7396326091
Spain,ESP,2005,27629.7077024966
Spain,ESP,2004,26159.7864720491
Spain,ESP,2003,25057.3469945838
Spain,ESP,2002,24377.8417076394
Spain,ESP,2001,22952.3641099695
Spain,ESP,2000,21582.2067955558
Spain,ESP,1999,19938.1786773173
Spain,ESP,1998,19082.8420038702
Spain,ESP,1997,17903.398842181
Spain,ESP,1996,16971.2538144573
Spain,ESP,1995,16275.8548504628
Spain,ESP,1994,15582.4470419042
Spain,ESP,1993,14972.676286411
Spain,ESP,1992,14855.2574563932
Spain,ESP,1991,14461.2007315581
Spain,ESP,1990,13675.6055336815
Spain,ESP,1989,
Spain,ESP,1988,
Spain,ESP,1987,
Spain,ESP,1986,
Spain,ESP,1985,
Spain,ESP,1984,
Spain,ESP,1983,
Spain,ESP,1982,
Spain,ESP,1981,
Spain,ESP,1980,
Spain,ESP,1979,
Spain,ESP,1978,
Spain,ESP,1977,
Spain,ESP,1976,
Spain,ESP,1975,
Spain,ESP,1974,
Spain,ESP,1973,
Spain,ESP,1972,
Spain,ESP,1971,
Spain,ESP,1970,
Spain,ESP,1969,
Spain,ESP,1968,
Spain,ESP,1967,
Spain,ESP,1966,
Spain,ESP,1965,
Spain,ESP,1964,
Spain,ESP,1963,
Spain,ESP,1962,
Spain,ESP,1961,
Spain,ESP,1960,
Sri Lanka,LKA,2025,
Sri Lanka,LKA,2024,15632.5924849848
Sri Lanka,LKA,2023,14455.6544414734
Sri Lanka,LKA,2022,14193.6546217446
Sri Lanka,LKA,2021,14316.1352225683
Sri Lanka,LKA,2020,12940.9043295749
Sri Lanka,LKA,2019,14112.952504221
Sri Lanka,LKA,2018,14178.0225361887
Sri Lanka,LKA,2017,13610.4723136618
Sri Lanka,LKA,2016,13078.5605089072
Sri Lanka,LKA,2015,12227.1714849513
Sri Lanka,LKA,2014,11720.5978110374
Sri Lanka,LKA,2013,11252.6311491911
Sri Lanka,LKA,2012,10249.1670637714
Sri Lanka,LKA,2011,9075.545495895
Sri Lanka,LKA,2010,8233.62663813947
Sri Lanka,LKA,2009,7575.57988724931
Sri Lanka,LKA,2008,7316.58626510951
Sri Lanka,LKA,2007,6820.39310023368
Sri Lanka,LKA,2006,6260.67990154804
Sri Lanka,LKA,2005,5678.74647778512
Sri Lanka,LKA,2004,5215.88024437154
Sri Lanka,LKA,2003,4849.86023450517
Sri Lanka,LKA,2002,4522.32769640072
Sri Lanka,LKA,2001,4328.19141112598
Sri Lanka,LKA,2000,4367.80358983464
Sri Lanka,LKA,1999,4103.38045093204
Sri Lanka,LKA,1998,3952.04104435997
Sri Lanka,LKA,1997,3803.88359600775
Sri Lanka,LKA,1996,3581.65276595779
Sri Lanka,LKA,1995,3454.27501157563
Sri Lanka,LKA,1994,3260.46892514367
Sri Lanka,LKA,1993,3067.38292688832
Sri Lanka,LKA,1992,2850.9500750307
Sri Lanka,LKA,1991,2712.72280210884
Sri Lanka,LKA,1990,2527.442952533
Sri Lanka,LKA,1989,
Sri Lanka,LKA,1988,
Sri Lanka,LKA,1987,
Sri Lanka,LKA,1986,
Sri Lanka,LKA,1985,
Sri Lanka,LKA,1984,
Sri Lanka,LKA,1983,
Sri Lanka,LKA,1982,
Sri Lanka,LKA,1981,
Sri Lanka,LKA,1980,
Sri Lanka,LKA,1979,
Sri Lanka,LKA,1978,
Sri Lanka,LKA,1977,
Sri Lanka,LKA,1976,
Sri Lanka,LKA,1975,
Sri Lanka,LKA,1974,
Sri Lanka,LKA,1973,
Sri Lanka,LKA,1972,
Sri Lanka,LKA,1971,
Sri Lanka,LKA,1970,
Sri Lanka,LKA,1969,
Sri Lanka,LKA,1968,
Sri Lanka,LKA,1967,
Sri Lanka,LKA,1966,
Sri Lanka,LKA,1965,
Sri Lanka,LKA,1964,
Sri Lanka,LKA,1963,
Sri Lanka,LKA,1962,
Sri Lanka,LKA,1961,
Sri Lanka,LKA,1960,
St. Kitts and Nevis,KNA,2025,
St. Kitts and Nevis,KNA,2024,34846.6035342828
St. Kitts and Nevis,KNA,2023,33979.6303615734
St. Kitts and Nevis,KNA,2022,31870.8813784505
St. Kitts and Nevis,KNA,2021,26896.6177065978
St. Kitts and Nevis,KNA,2020,27326.036057423
St. Kitts and Nevis,KNA,2019,32482.094417215
St. Kitts and Nevis,KNA,2018,30794.8986482634
St. Kitts and Nevis,KNA,2017,29578.6311625727
St. Kitts and Nevis,KNA,2016,28214.709934443
St. Kitts and Nevis,KNA,2015,26877.4665031101
St. Kitts and Nevis,KNA,2014,26755.5969780771
St. Kitts and Nevis,KNA,2013,24624.4362309063
St. Kitts and Nevis,KNA,2012,23457.8938878076
St. Kitts and Nevis,KNA,2011,24550.1651914562
St. Kitts and Nevis,KNA,2010,23691.4477936151
St. Kitts and Nevis,KNA,2009,23384.7350983217
St. Kitts and Nevis,KNA,2008,24102.1993843646
St. Kitts and Nevis,KNA,2007,21301.2400258064
St. Kitts and Nevis,KNA,2006,20676.1880812828
St. Kitts and Nevis,KNA,2005,19500.3236562848
St. Kitts and Nevis,KNA,2004,17275.8639872488
St. Kitts and Nevis,KNA,2003,16225.6744091063
St. Kitts and Nevis,KNA,2002,16619.1655126465
St. Kitts and Nevis,KNA,2001,16235.424658459
St. Kitts and Nevis,KNA,2000,15256.4305904132
St. Kitts and Nevis,KNA,1999,13753.6577200269
St. Kitts and Nevis,KNA,1998,13318.7626889548
St. Kitts and Nevis,KNA,1997,13408.8766507036
St. Kitts and Nevis,KNA,1996,12498.0941233961
St. Kitts and Nevis,KNA,1995,11746.8243229748
St. Kitts and Nevis,KNA,1994,11061.6024326999
St. Kitts and Nevis,KNA,1993,10418.2382252274
St. Kitts and Nevis,KNA,1992,9652.19976243311
St. Kitts and Nevis,KNA,1991,9130.82775930218
St. Kitts and Nevis,KNA,1990,8983.49069432821
St. Kitts and Nevis,KNA,1989,
St. Kitts and Nevis,KNA,1988,
St. Kitts and Nevis,KNA,1987,
St. Kitts and Nevis,KNA,1986,
St. Kitts and Nevis,KNA,1985,
St. Kitts and Nevis,KNA,1984,
St. Kitts and Nevis,KNA,1983,
St. Kitts and Nevis,KNA,1982,
St. Kitts and Nevis,KNA,1981,
St. Kitts and Nevis,KNA,1980,
St. Kitts and Nevis,KNA,1979,
St. Kitts and Nevis,KNA,1978,
St. Kitts and Nevis,KNA,1977,
St. Kitts and Nevis,KNA,1976,
St. Kitts and Nevis,KNA,1975,
St. Kitts and Nevis,KNA,1974,
St. Kitts and Nevis,KNA,1973,
St. Kitts and Nevis,KNA,1972,
St. Kitts and Nevis,KNA,1971,
St. Kitts and Nevis,KNA,1970,
St. Kitts and Nevis,KNA,1969,
St. Kitts and Nevis,KNA,1968,
St. Kitts and Nevis,KNA,1967,
St. Kitts and Nevis,KNA,1966,
St. Kitts and Nevis,KNA,1965,
St. Kitts and Nevis,KNA,1964,
St. Kitts and Nevis,KNA,1963,
St. Kitts and Nevis,KNA,1962,
St. Kitts and Nevis,KNA,1961,
St. Kitts and Nevis,KNA,1960,
St. Lucia,LCA,2025,
St. Lucia,LCA,2024,27567.3280779839
St. Lucia,LCA,2023,25974.5092925263
St. Lucia,LCA,2022,24599.3733001067
St. Lucia,LCA,2021,19101.1652956675
St. Lucia,LCA,2020,14912.159584235
St. Lucia,LCA,2019,18709.9110670935
St. Lucia,LCA,2018,17433.3010328737
St. Lucia,LCA,2017,16130.9721097011
St. Lucia,LCA,2016,15306.7258058706
St. Lucia,LCA,2015,14353.2224845845
St. Lucia,LCA,2014,14403.0832732506
St. Lucia,LCA,2013,14009.9844560139
St. Lucia,LCA,2012,13443.4262512467
St. Lucia,LCA,2011,13471.2666355799
St. Lucia,LCA,2010,12717.7865966902
St. Lucia,LCA,2009,12600.2078976135
St. Lucia,LCA,2008,12968.5457267147
St. Lucia,LCA,2007,12199.2581150973
St. Lucia,LCA,2006,11758.3194729541
St. Lucia,LCA,2005,10818.3104254683
St. Lucia,LCA,2004,10610.2966894155
St. Lucia,LCA,2003,9707.06818918422
St. Lucia,LCA,2002,9205.18416345914
St. Lucia,LCA,2001,9105.82558991748
St. Lucia,LCA,2000,9313.73279695482
St. Lucia,LCA,1999,9214.18051244277
St. Lucia,LCA,1998,8965.13400095429
St. Lucia,LCA,1997,8456.38163882394
St. Lucia,LCA,1996,8489.82689868823
St. Lucia,LCA,1995,8222.22323122578
St. Lucia,LCA,1994,8040.75602227592
St. Lucia,LCA,1993,7865.45914834098
St. Lucia,LCA,1992,7752.54864547217
St. Lucia,LCA,1991,7126.93091156597
St. Lucia,LCA,1990,6950.84435927785
St. Lucia,LCA,1989,
St. Lucia,LCA,1988,
St. Lucia,LCA,1987,
St. Lucia,LCA,1986,
St. Lucia,LCA,1985,
St. Lucia,LCA,1984,
St. Lucia,LCA,1983,
St. Lucia,LCA,1982,
St. Lucia,LCA,1981,
St. Lucia,LCA,1980,
St. Lucia,LCA,1979,
St. Lucia,LCA,1978,
St. Lucia,LCA,1977,
St. Lucia,LCA,1976,
St. Lucia,LCA,1975,
St. Lucia,LCA,1974,
St. Lucia,LCA,1973,
St. Lucia,LCA,1972,
St. Lucia,LCA,1971,
St. Lucia,LCA,1970,
St. Lucia,LCA,1969,
St. Lucia,LCA,1968,
St. Lucia,LCA,1967,
St. Lucia,LCA,1966,
St. Lucia,LCA,1965,
St. Lucia,LCA,1964,
St. Lucia,LCA,1963,
St. Lucia,LCA,1962,
St. Lucia,LCA,1961,
St. Lucia,LCA,1960,
St. Martin (French part),MAF,2025,
St. Martin (French part),MAF,2024,
St. Martin (French part),MAF,2023,
St. Martin (French part),MAF,2022,
St. Martin (French part),MAF,2021,
St. Martin (French part),MAF,2020,
St. Martin (French part),MAF,2019,
St. Martin (French part),MAF,2018,
St. Martin (French part),MAF,2017,
St. Martin (French part),MAF,2016,
St. Martin (French part),MAF,2015,
St. Martin (French part),MAF,2014,
St. Martin (French part),MAF,2013,
St. Martin (French part),MAF,2012,
St. Martin (French part),MAF,2011,
St. Martin (French part),MAF,2010,
St. Martin (French part),MAF,2009,
St. Martin (French part),MAF,2008,
St. Martin (French part),MAF,2007,
St. Martin (French part),MAF,2006,
St. Martin (French part),MAF,2005,
St. Martin (French part),MAF,2004,
St. Martin (French part),MAF,2003,
St. Martin (French part),MAF,2002,
St. Martin (French part),MAF,2001,
St. Martin (French part),MAF,2000,
St. Martin (French part),MAF,1999,
St. Martin (French part),MAF,1998,
St. Martin (French part),MAF,1997,
St. Martin (French part),MAF,1996,
St. Martin (French part),MAF,1995,
St. Martin (French part),MAF,1994,
St. Martin (French part),MAF,1993,
St. Martin (French part),MAF,1992,
St. Martin (French part),MAF,1991,
St. Martin (French part),MAF,1990,
St. Martin (French part),MAF,1989,
St. Martin (French part),MAF,1988,
St. Martin (French part),MAF,1987,
St. Martin (French part),MAF,1986,
St. Martin (French part),MAF,1985,
St. Martin (French part),MAF,1984,
St. Martin (French part),MAF,1983,
St. Martin (French part),MAF,1982,
St. Martin (French part),MAF,1981,
St. Martin (French part),MAF,1980,
St. Martin (French part),MAF,1979,
St. Martin (French part),MAF,1978,
St. Martin (French part),MAF,1977,
St. Martin (French part),MAF,1976,
St. Martin (French part),MAF,1975,
St. Martin (French part),MAF,1974,
St. Martin (French part),MAF,1973,
St. Martin (French part),MAF,1972,
St. Martin (French part),MAF,1971,
St. Martin (French part),MAF,1970,
St. Martin (French part),MAF,1969,
St. Martin (French part),MAF,1968,
St. Martin (French part),MAF,1967,
St. Martin (French part),MAF,1966,
St. Martin (French part),MAF,1965,
St. Martin (French part),MAF,1964,
St. Martin (French part),MAF,1963,
St. Martin (French part),MAF,1962,
St. Martin (French part),MAF,1961,
St. Martin (French part),MAF,1960,
St. Vincent and the Grenadines,VCT,2025,
St. Vincent and the Grenadines,VCT,2024,21272.0800673662
St. Vincent and the Grenadines,VCT,2023,19819.869034679
St. Vincent and the Grenadines,VCT,2022,18035.273292812
St. Vincent and the Grenadines,VCT,2021,16200.8994597845
St. Vincent and the Grenadines,VCT,2020,15336.5987771764
St. Vincent and the Grenadines,VCT,2019,15339.5560281064
St. Vincent and the Grenadines,VCT,2018,14689.8500710886
St. Vincent and the Grenadines,VCT,2017,13575.4319769513
St. Vincent and the Grenadines,VCT,2016,13493.4773120997
St. Vincent and the Grenadines,VCT,2015,12378.842727428
St. Vincent and the Grenadines,VCT,2014,12135.5830510291
St. Vincent and the Grenadines,VCT,2013,11624.8625142076
St. Vincent and the Grenadines,VCT,2012,10988.5026140095
St. Vincent and the Grenadines,VCT,2011,10773.6144742571
St. Vincent and the Grenadines,VCT,2010,10561.308030596
St. Vincent and the Grenadines,VCT,2009,10868.5350934105
St. Vincent and the Grenadines,VCT,2008,10901.5648744568
St. Vincent and the Grenadines,VCT,2007,10604.3480236579
St. Vincent and the Grenadines,VCT,2006,9949.48938765633
St. Vincent and the Grenadines,VCT,2005,8985.69686082526
St. Vincent and the Grenadines,VCT,2004,8471.96246265832
St. Vincent and the Grenadines,VCT,2003,7902.6273088372
St. Vincent and the Grenadines,VCT,2002,7250.39274413097
St. Vincent and the Grenadines,VCT,2001,6768.19370783579
St. Vincent and the Grenadines,VCT,2000,6502.90023634218
St. Vincent and the Grenadines,VCT,1999,6266.19508149861
St. Vincent and the Grenadines,VCT,1998,6025.60122814873
St. Vincent and the Grenadines,VCT,1997,5726.46457982692
St. Vincent and the Grenadines,VCT,1996,5439.80998829488
St. Vincent and the Grenadines,VCT,1995,5277.44386688237
St. Vincent and the Grenadines,VCT,1994,4802.01428164884
St. Vincent and the Grenadines,VCT,1993,4768.75336930764
St. Vincent and the Grenadines,VCT,1992,4477.37198332759
St. Vincent and the Grenadines,VCT,1991,4125.67491354115
St. Vincent and the Grenadines,VCT,1990,3960.37679290999
St. Vincent and the Grenadines,VCT,1989,
St. Vincent and the Grenadines,VCT,1988,
St. Vincent and the Grenadines,VCT,1987,
St. Vincent and the Grenadines,VCT,1986,
St. Vincent and the Grenadines,VCT,1985,
St. Vincent and the Grenadines,VCT,1984,
St. Vincent and the Grenadines,VCT,1983,
St. Vincent and the Grenadines,VCT,1982,
St. Vincent and the Grenadines,VCT,1981,
St. Vincent and the Grenadines,VCT,1980,
St. Vincent and the Grenadines,VCT,1979,
St. Vincent and the Grenadines,VCT,1978,
St. Vincent and the Grenadines,VCT,1977,
St. Vincent and the Grenadines,VCT,1976,
St. Vincent and the Grenadines,VCT,1975,
St. Vincent and the Grenadines,VCT,1974,
St. Vincent and the Grenadines,VCT,1973,
St. Vincent and the Grenadines,VCT,1972,
St. Vincent and the Grenadines,VCT,1971,
St. Vincent and the Grenadines,VCT,1970,
St. Vincent and the Grenadines,VCT,1969,
St. Vincent and the Grenadines,VCT,1968,
St. Vincent and the Grenadines,VCT,1967,
St. Vincent and the Grenadines,VCT,1966,
St. Vincent and the Grenadines,VCT,1965,
St. Vincent and the Grenadines,VCT,1964,
St. Vincent and the Grenadines,VCT,1963,
St. Vincent and the Grenadines,VCT,1962,
St. Vincent and the Grenadines,VCT,1961,
St. Vincent and the Grenadines,VCT,1960,
Sudan,SDN,2025,
Sudan,SDN,2024,2115.81616210938
Sudan,SDN,2023,2420.65795898438
Sudan,SDN,2022,3355.37817382813
Sudan,SDN,2021,3248.9755859375
Sudan,SDN,2020,3348.57836914063
Sudan,SDN,2019,3914.2255859375
Sudan,SDN,2018,4199.25048828125
Sudan,SDN,2017,4252.42138671875
Sudan,SDN,2016,4470.35498046875
Sudan,SDN,2015,4217.01025390625
Sudan,SDN,2014,4260.57177734375
Sudan,SDN,2013,3724.9599609375
Sudan,SDN,2012,3710.376953125
Sudan,SDN,2011,4112.21875
Sudan,SDN,2010,3805.62744140625
Sudan,SDN,2009,3731.61474609375
Sudan,SDN,2008,3937.52685546875
Sudan,SDN,2007,3836.48901367188
Sudan,SDN,2006,3637.32666015625
Sudan,SDN,2005,3407.35180664063
Sudan,SDN,2004,3215.236328125
Sudan,SDN,2003,3058.10375976563
Sudan,SDN,2002,2898.138671875
Sudan,SDN,2001,2769.4228515625
Sudan,SDN,2000,2616.46459960938
Sudan,SDN,1999,2475.06665039063
Sudan,SDN,1998,2427.79565429688
Sudan,SDN,1997,2358.26098632813
Sudan,SDN,1996,2005.60961914063
Sudan,SDN,1995,1902.43005371094
Sudan,SDN,1994,1805.20349121094
Sudan,SDN,1993,1793.81896972656
Sudan,SDN,1992,1709.70544433594
Sudan,SDN,1991,1598.86901855469
Sudan,SDN,1990,1467.99328613281
Sudan,SDN,1989,
Sudan,SDN,1988,
Sudan,SDN,1987,
Sudan,SDN,1986,
Sudan,SDN,1985,
Sudan,SDN,1984,
Sudan,SDN,1983,
Sudan,SDN,1982,
Sudan,SDN,1981,
Sudan,SDN,1980,
Sudan,SDN,1979,
Sudan,SDN,1978,
Sudan,SDN,1977,
Sudan,SDN,1976,
Sudan,SDN,1975,
Sudan,SDN,1974,
Sudan,SDN,1973,
Sudan,SDN,1972,
Sudan,SDN,1971,
Sudan,SDN,1970,
Sudan,SDN,1969,
Sudan,SDN,1968,
Sudan,SDN,1967,
Sudan,SDN,1966,
Sudan,SDN,1965,
Sudan,SDN,1964,
Sudan,SDN,1963,
Sudan,SDN,1962,
Sudan,SDN,1961,
Sudan,SDN,1960,
Suriname,SUR,2025,
Suriname,SUR,2024,21800.5265989822
Suriname,SUR,2023,21110.1980204563
Suriname,SUR,2022,20078.836554595
Suriname,SUR,2021,18458.234999681
Suriname,SUR,2020,16946.8942361914
Suriname,SUR,2019,19771.5473885151
Suriname,SUR,2018,17855.4787141437
Suriname,SUR,2017,17567.6802396432
Suriname,SUR,2016,14475.3069644921
Suriname,SUR,2015,16543.5743051372
Suriname,SUR,2014,16597.5853539637
Suriname,SUR,2013,16172.6961959961
Suriname,SUR,2012,15184.9254680409
Suriname,SUR,2011,13926.2226223035
Suriname,SUR,2010,13039.4491198099
Suriname,SUR,2009,12392.9333583436
Suriname,SUR,2008,12097.3491165234
Suriname,SUR,2007,11530.1565508683
Suriname,SUR,2006,10802.5481845432
Suriname,SUR,2005,10013.9196135296
Suriname,SUR,2004,9388.81890796976
Suriname,SUR,2003,8551.63742854977
Suriname,SUR,2002,8045.7598267146
Suriname,SUR,2001,7865.10262346231
Suriname,SUR,2000,7535.45294158294
Suriname,SUR,1999,7367.33191473265
Suriname,SUR,1998,7520.86178300278
Suriname,SUR,1997,7421.59415416974
Suriname,SUR,1996,7047.63707587903
Suriname,SUR,1995,6999.53387531282
Suriname,SUR,1994,6973.15946908371
Suriname,SUR,1993,6650.48184572562
Suriname,SUR,1992,6992.41260604233
Suriname,SUR,1991,6851.64461553957
Suriname,SUR,1990,6492.70049565011
Suriname,SUR,1989,
Suriname,SUR,1988,
Suriname,SUR,1987,
Suriname,SUR,1986,
Suriname,SUR,1985,
Suriname,SUR,1984,
Suriname,SUR,1983,
Suriname,SUR,1982,
Suriname,SUR,1981,
Suriname,SUR,1980,
Suriname,SUR,1979,
Suriname,SUR,1978,
Suriname,SUR,1977,
Suriname,SUR,1976,
Suriname,SUR,1975,
Suriname,SUR,1974,
Suriname,SUR,1973,
Suriname,SUR,1972,
Suriname,SUR,1971,
Suriname,SUR,1970,
Suriname,SUR,1969,
Suriname,SUR,1968,
Suriname,SUR,1967,
Suriname,SUR,1966,
Suriname,SUR,1965,
Suriname,SUR,1964,
Suriname,SUR,1963,
Suriname,SUR,1962,
Suriname,SUR,1961,
Suriname,SUR,1960,
Sweden,SWE,2025,
Sweden,SWE,2024,71844.9129880579
Sweden,SWE,2023,69226.3272756663
Sweden,SWE,2022,67075.6762724717
Sweden,SWE,2021,62731.700616293
Sweden,SWE,2020,57489.2657196219
Sweden,SWE,2019,57046.4463076951
Sweden,SWE,2018,53122.438677218
Sweden,SWE,2017,51474.1199115161
Sweden,SWE,2016,50289.7687144136
Sweden,SWE,2015,48772.0696057277
Sweden,SWE,2014,46841.4019746739
Sweden,SWE,2013,46098.2321368832
Sweden,SWE,2012,45206.9864434727
Sweden,SWE,2011,44332.5217389078
Sweden,SWE,2010,41951.4533673936
Sweden,SWE,2009,40094.0288624173
Sweden,SWE,2008,41906.6990173542
Sweden,SWE,2007,40812.8056059315
Sweden,SWE,2006,37671.6747821444
Sweden,SWE,2005,34198.3864576781
Sweden,SWE,2004,33804.8571053135
Sweden,SWE,2003,31787.5295342593
Sweden,SWE,2002,30987.2674908129
Sweden,SWE,2001,29946.0301894984
Sweden,SWE,2000,29636.237888475
Sweden,SWE,1999,27496.4398421297
Sweden,SWE,1998,25897.0663797729
Sweden,SWE,1997,24816.8383227579
Sweden,SWE,1996,23951.7671407904
Sweden,SWE,1995,23084.0881881111
Sweden,SWE,1994,21835.0182217095
Sweden,SWE,1993,20699.7731215743
Sweden,SWE,1992,20767.2424716796
Sweden,SWE,1991,20663.3780146647
Sweden,SWE,1990,20357.4416922786
Sweden,SWE,1989,
Sweden,SWE,1988,
Sweden,SWE,1987,
Sweden,SWE,1986,
Sweden,SWE,1985,
Sweden,SWE,1984,
Sweden,SWE,1983,
Sweden,SWE,1982,
Sweden,SWE,1981,
Sweden,SWE,1980,
Sweden,SWE,1979,
Sweden,SWE,1978,
Sweden,SWE,1977,
Sweden,SWE,1976,
Sweden,SWE,1975,
Sweden,SWE,1974,
Sweden,SWE,1973,
Sweden,SWE,1972,
Sweden,SWE,1971,
Sweden,SWE,1970,
Sweden,SWE,1969,
Sweden,SWE,1968,
Sweden,SWE,1967,
Sweden,SWE,1966,
Sweden,SWE,1965,
Sweden,SWE,1964,
Sweden,SWE,1963,
Sweden,SWE,1962,
Sweden,SWE,1961,
Sweden,SWE,1960,
Switzerland,CHE,2025,
Switzerland,CHE,2024,96497.6947971323
Switzerland,CHE,2023,95141.5960943632
Switzerland,CHE,2022,94421.4576550424
Switzerland,CHE,2021,81001.4111206118
Switzerland,CHE,2020,72997.8239503282
Switzerland,CHE,2019,73732.2353322093
Switzerland,CHE,2018,70688.8187491194
Switzerland,CHE,2017,68193.5055940262
Switzerland,CHE,2016,67350.7518747757
Switzerland,CHE,2015,65265.04573356
Switzerland,CHE,2014,63417.0438110319
Switzerland,CHE,2013,61656.4661708516
Switzerland,CHE,2012,59440.9158607666
Switzerland,CHE,2011,57493.5810559211
Switzerland,CHE,2010,54426.2828092789
Switzerland,CHE,2009,52998.98846352
Switzerland,CHE,2008,53808.7841127066
Switzerland,CHE,2007,50927.630857566
Switzerland,CHE,2006,46265.6820679271
Switzerland,CHE,2005,41524.8488732932
Switzerland,CHE,2004,40171.1805746279
Switzerland,CHE,2003,38732.3849513213
Switzerland,CHE,2002,38704.9584597242
Switzerland,CHE,2001,37818.9074517374
Switzerland,CHE,2000,36703.066164663
Switzerland,CHE,1999,34742.6318631555
Switzerland,CHE,1998,33859.8949288119
Switzerland,CHE,1997,32735.6803853588
Switzerland,CHE,1996,31509.4795447819
Switzerland,CHE,1995,30841.7771374956
Switzerland,CHE,1994,30265.4119215667
Switzerland,CHE,1993,29495.3343216155
Switzerland,CHE,1992,29112.6597043376
Switzerland,CHE,1991,28792.1665129704
Switzerland,CHE,1990,28461.2377658811
Switzerland,CHE,1989,
Switzerland,CHE,1988,
Switzerland,CHE,1987,
Switzerland,CHE,1986,
Switzerland,CHE,1985,
Switzerland,CHE,1984,
Switzerland,CHE,1983,
Switzerland,CHE,1982,
Switzerland,CHE,1981,
Switzerland,CHE,1980,
Switzerland,CHE,1979,
Switzerland,CHE,1978,
Switzerland,CHE,1977,
Switzerland,CHE,1976,
Switzerland,CHE,1975,
Switzerland,CHE,1974,
Switzerland,CHE,1973,
Switzerland,CHE,1972,
Switzerland,CHE,1971,
Switzerland,CHE,1970,
Switzerland,CHE,1969,
Switzerland,CHE,1968,
Switzerland,CHE,1967,
Switzerland,CHE,1966,
Switzerland,CHE,1965,
Switzerland,CHE,1964,
Switzerland,CHE,1963,
Switzerland,CHE,1962,
Switzerland,CHE,1961,
Switzerland,CHE,1960,
Syrian Arab Republic,SYR,2025,
Syrian Arab Republic,SYR,2024,
Syrian Arab Republic,SYR,2023,
Syrian Arab Republic,SYR,2022,4772.4616766716
Syrian Arab Republic,SYR,2021,4592.83860100874
Syrian Arab Republic,SYR,2020,3737.65751831376
Syrian Arab Republic,SYR,2019,3502.17511543737
Syrian Arab Republic,SYR,2018,3455.89227013449
Syrian Arab Republic,SYR,2017,3265.07029374996
Syrian Arab Republic,SYR,2016,
Syrian Arab Republic,SYR,2015,
Syrian Arab Republic,SYR,2014,
Syrian Arab Republic,SYR,2013,
Syrian Arab Republic,SYR,2012,
Syrian Arab Republic,SYR,2011,
Syrian Arab Republic,SYR,2010,
Syrian Arab Republic,SYR,2009,
Syrian Arab Republic,SYR,2008,
Syrian Arab Republic,SYR,2007,
Syrian Arab Republic,SYR,2006,
Syrian Arab Republic,SYR,2005,
Syrian Arab Republic,SYR,2004,
Syrian Arab Republic,SYR,2003,
Syrian Arab Republic,SYR,2002,
Syrian Arab Republic,SYR,2001,
Syrian Arab Republic,SYR,2000,
Syrian Arab Republic,SYR,1999,
Syrian Arab Republic,SYR,1998,
Syrian Arab Republic,SYR,1997,
Syrian Arab Republic,SYR,1996,
Syrian Arab Republic,SYR,1995,
Syrian Arab Republic,SYR,1994,
Syrian Arab Republic,SYR,1993,
Syrian Arab Republic,SYR,1992,
Syrian Arab Republic,SYR,1991,
Syrian Arab Republic,SYR,1990,
Syrian Arab Republic,SYR,1989,
Syrian Arab Republic,SYR,1988,
Syrian Arab Republic,SYR,1987,
Syrian Arab Republic,SYR,1986,
Syrian Arab Republic,SYR,1985,
Syrian Arab Republic,SYR,1984,
Syrian Arab Republic,SYR,1983,
Syrian Arab Republic,SYR,1982,
Syrian Arab Republic,SYR,1981,
Syrian Arab Republic,SYR,1980,
Syrian Arab Republic,SYR,1979,
Syrian Arab Republic,SYR,1978,
Syrian Arab Republic,SYR,1977,
Syrian Arab Republic,SYR,1976,
Syrian Arab Republic,SYR,1975,
Syrian Arab Republic,SYR,1974,
Syrian Arab Republic,SYR,1973,
Syrian Arab Republic,SYR,1972,
Syrian Arab Republic,SYR,1971,
Syrian Arab Republic,SYR,1970,
Syrian Arab Republic,SYR,1969,
Syrian Arab Republic,SYR,1968,
Syrian Arab Republic,SYR,1967,
Syrian Arab Republic,SYR,1966,
Syrian Arab Republic,SYR,1965,
Syrian Arab Republic,SYR,1964,
Syrian Arab Republic,SYR,1963,
Syrian Arab Republic,SYR,1962,
Syrian Arab Republic,SYR,1961,
Syrian Arab Republic,SYR,1960,
Tajikistan,TJK,2025,
Tajikistan,TJK,2024,5405.98011619139
Tajikistan,TJK,2023,4963.58295264504
Tajikistan,TJK,2022,4514.17512398164
Tajikistan,TJK,2021,3985.91247611219
Tajikistan,TJK,2020,3653.95976759112
Tajikistan,TJK,2019,3459.97365083434
Tajikistan,TJK,2018,3069.10385079592
Tajikistan,TJK,2017,3017.00314887354
Tajikistan,TJK,2016,2913.85679547445
Tajikistan,TJK,2015,2975.47097476092
Tajikistan,TJK,2014,3151.72452793203
Tajikistan,TJK,2013,2918.56048007357
Tajikistan,TJK,2012,2679.0692960897
Tajikistan,TJK,2011,2455.97278263399
Tajikistan,TJK,2010,2291.07823631732
Tajikistan,TJK,2009,2171.36091638488
Tajikistan,TJK,2008,2120.01845704928
Tajikistan,TJK,2007,1966.22189890915
Tajikistan,TJK,2006,1810.29125697328
Tajikistan,TJK,2005,1672.73374996313
Tajikistan,TJK,2004,1550.072020439
Tajikistan,TJK,2003,1395.64684232567
Tajikistan,TJK,2002,1256.95258174881
Tajikistan,TJK,2001,1138.74372892552
Tajikistan,TJK,2000,1036.12988868059
Tajikistan,TJK,1999,946.825049327464
Tajikistan,TJK,1998,904.966780638461
Tajikistan,TJK,1997,854.823520854135
Tajikistan,TJK,1996,836.429096851095
Tajikistan,TJK,1995,1005.61413217031
Tajikistan,TJK,1994,1148.38303208101
Tajikistan,TJK,1993,1453.73414941001
Tajikistan,TJK,1992,1721.38203935758
Tajikistan,TJK,1991,2416.74694594762
Tajikistan,TJK,1990,2582.74111119792
Tajikistan,TJK,1989,
Tajikistan,TJK,1988,
Tajikistan,TJK,1987,
Tajikistan,TJK,1986,
Tajikistan,TJK,1985,
Tajikistan,TJK,1984,
Tajikistan,TJK,1983,
Tajikistan,TJK,1982,
Tajikistan,TJK,1981,
Tajikistan,TJK,1980,
Tajikistan,TJK,1979,
Tajikistan,TJK,1978,
Tajikistan,TJK,1977,
Tajikistan,TJK,1976,
Tajikistan,TJK,1975,
Tajikistan,TJK,1974,
Tajikistan,TJK,1973,
Tajikistan,TJK,1972,
Tajikistan,TJK,1971,
Tajikistan,TJK,1970,
Tajikistan,TJK,1969,
Tajikistan,TJK,1968,
Tajikistan,TJK,1967,
Tajikistan,TJK,1966,
Tajikistan,TJK,1965,
Tajikistan,TJK,1964,
Tajikistan,TJK,1963,
Tajikistan,TJK,1962,
Tajikistan,TJK,1961,
Tajikistan,TJK,1960,
Tanzania,TZA,2025,
Tanzania,TZA,2024,4220.79638671875
Tanzania,TZA,2023,4018.5166015625
Tanzania,TZA,2022,3799.8623046875
Tanzania,TZA,2021,3493.0830078125
Tanzania,TZA,2020,3290.60986328125
Tanzania,TZA,2019,2981.87451171875
Tanzania,TZA,2018,2727.88012695313
Tanzania,TZA,2017,2472.4931640625
Tanzania,TZA,2016,2434.69995117188
Tanzania,TZA,2015,2317.27978515625
Tanzania,TZA,2014,2221.1796875
Tanzania,TZA,2013,2176.21655273438
Tanzania,TZA,2012,2083.48486328125
Tanzania,TZA,2011,2211.466796875
Tanzania,TZA,2010,2069.40185546875
Tanzania,TZA,2009,1972.16784667969
Tanzania,TZA,2008,1908.37353515625
Tanzania,TZA,2007,1820.00134277344
Tanzania,TZA,2006,1706.54846191406
Tanzania,TZA,2005,1598.03747558594
Tanzania,TZA,2004,1482.162109375
Tanzania,TZA,2003,1379.45776367188
Tanzania,TZA,2002,1302.05554199219
Tanzania,TZA,2001,1228.52233886719
Tanzania,TZA,2000,1163.64367675781
Tanzania,TZA,1999,1119.95593261719
Tanzania,TZA,1998,1081.615234375
Tanzania,TZA,1997,1058.78796386719
Tanzania,TZA,1996,1025.87158203125
Tanzania,TZA,1995,981.404174804688
Tanzania,TZA,1994,957.721008300781
Tanzania,TZA,1993,959.321350097656
Tanzania,TZA,1992,955.3916015625
Tanzania,TZA,1991,952.097473144531
Tanzania,TZA,1990,925.357360839844
Tanzania,TZA,1989,
Tanzania,TZA,1988,
Tanzania,TZA,1987,
Tanzania,TZA,1986,
Tanzania,TZA,1985,
Tanzania,TZA,1984,
Tanzania,TZA,1983,
Tanzania,TZA,1982,
Tanzania,TZA,1981,
Tanzania,TZA,1980,
Tanzania,TZA,1979,
Tanzania,TZA,1978,
Tanzania,TZA,1977,
Tanzania,TZA,1976,
Tanzania,TZA,1975,
Tanzania,TZA,1974,
Tanzania,TZA,1973,
Tanzania,TZA,1972,
Tanzania,TZA,1971,
Tanzania,TZA,1970,
Tanzania,TZA,1969,
Tanzania,TZA,1968,
Tanzania,TZA,1967,
Tanzania,TZA,1966,
Tanzania,TZA,1965,
Tanzania,TZA,1964,
Tanzania,TZA,1963,
Tanzania,TZA,1962,
Tanzania,TZA,1961,
Tanzania,TZA,1960,
Thailand,THA,2025,
Thailand,THA,2024,24712.0658575135
Thailand,THA,2023,23519.2120979823
Thailand,THA,2022,22243.0747727026
Thailand,THA,2021,20242.7700035656
Thailand,THA,2020,19163.7415152349
Thailand,THA,2019,19963.3918407099
Thailand,THA,2018,18876.2208766741
Thailand,THA,2017,17573.339815536
Thailand,THA,2016,16671.2506902144
Thailand,THA,2015,15791.1714762207
Thailand,THA,2014,15365.3175402829
Thailand,THA,2013,15215.9492506383
Thailand,THA,2012,14616.6497925392
Thailand,THA,2011,13227.454108915
Thailand,THA,2010,12932.2633444457
Thailand,THA,2009,11964.0529467715
Thailand,THA,2008,12062.1598751814
Thailand,THA,2007,11723.0995588653
Thailand,THA,2006,10912.4427926329
Thailand,THA,2005,10169.0453611636
Thailand,THA,2004,9545.33813809417
Thailand,THA,2003,8824.06945008499
Thailand,THA,2002,8148.43702909083
Thailand,THA,2001,7632.01609417121
Thailand,THA,2000,7289.10499432356
Thailand,THA,1999,6901.27189271926
Thailand,THA,1998,6589.55842688859
Thailand,THA,1997,7147.61289943859
Thailand,THA,1996,7322.41464672146
Thailand,THA,1995,6900.73895701844
Thailand,THA,1994,6341.24133280717
Thailand,THA,1993,5834.31650516081
Thailand,THA,1992,5346.68009441013
Thailand,THA,1991,4914.08122630336
Thailand,THA,1990,4450.52121164215
Thailand,THA,1989,
Thailand,THA,1988,
Thailand,THA,1987,
Thailand,THA,1986,
Thailand,THA,1985,
Thailand,THA,1984,
Thailand,THA,1983,
Thailand,THA,1982,
Thailand,THA,1981,
Thailand,THA,1980,
Thailand,THA,1979,
Thailand,THA,1978,
Thailand,THA,1977,
Thailand,THA,1976,
Thailand,THA,1975,
Thailand,THA,1974,
Thailand,THA,1973,
Thailand,THA,1972,
Thailand,THA,1971,
Thailand,THA,1970,
Thailand,THA,1969,
Thailand,THA,1968,
Thailand,THA,1967,
Thailand,THA,1966,
Thailand,THA,1965,
Thailand,THA,1964,
Thailand,THA,1963,
Thailand,THA,1962,
Thailand,THA,1961,
Thailand,THA,1960,
Timor-Leste,TLS,2025,
Timor-Leste,TLS,2024,4422.77882172399
Timor-Leste,TLS,2023,4806.82181559299
Timor-Leste,TLS,2022,5729.81171382517
Timor-Leste,TLS,2021,6825.04588630745
Timor-Leste,TLS,2020,6132.08299806495
Timor-Leste,TLS,2019,4556.61425715784
Timor-Leste,TLS,2018,3561.2877375981
Timor-Leste,TLS,2017,3463.11739023437
Timor-Leste,TLS,2016,3390.76224054133
Timor-Leste,TLS,2015,3107.57184587966
Timor-Leste,TLS,2014,2859.86058251703
Timor-Leste,TLS,2013,2566.03074458421
Timor-Leste,TLS,2012,2386.13598109278
Timor-Leste,TLS,2011,2065.9605552203
Timor-Leste,TLS,2010,1955.32940794731
Timor-Leste,TLS,2009,1810.18601908925
Timor-Leste,TLS,2008,1675.04570455243
Timor-Leste,TLS,2007,1515.70892647364
Timor-Leste,TLS,2006,1377.11354073037
Timor-Leste,TLS,2005,1434.82207202052
Timor-Leste,TLS,2004,1378.85404331124
Timor-Leste,TLS,2003,1355.18642736145
Timor-Leste,TLS,2002,1416.88558318293
Timor-Leste,TLS,2001,1618.59278862518
Timor-Leste,TLS,2000,1483.17006741499
Timor-Leste,TLS,1999,818.973988347879
Timor-Leste,TLS,1998,1107.95283826848
Timor-Leste,TLS,1997,1148.89471368769
Timor-Leste,TLS,1996,1116.28711838839
Timor-Leste,TLS,1995,1043.40799716729
Timor-Leste,TLS,1994,984.806857346181
Timor-Leste,TLS,1993,925.369857658538
Timor-Leste,TLS,1992,842.937860583937
Timor-Leste,TLS,1991,766.286888440502
Timor-Leste,TLS,1990,685.279397562367
Timor-Leste,TLS,1989,
Timor-Leste,TLS,1988,
Timor-Leste,TLS,1987,
Timor-Leste,TLS,1986,
Timor-Leste,TLS,1985,
Timor-Leste,TLS,1984,
Timor-Leste,TLS,1983,
Timor-Leste,TLS,1982,
Timor-Leste,TLS,1981,
Timor-Leste,TLS,1980,
Timor-Leste,TLS,1979,
Timor-Leste,TLS,1978,
Timor-Leste,TLS,1977,
Timor-Leste,TLS,1976,
Timor-Leste,TLS,1975,
Timor-Leste,TLS,1974,
Timor-Leste,TLS,1973,
Timor-Leste,TLS,1972,
Timor-Leste,TLS,1971,
Timor-Leste,TLS,1970,
Timor-Leste,TLS,1969,
Timor-Leste,TLS,1968,
Timor-Leste,TLS,1967,
Timor-Leste,TLS,1966,
Timor-Leste,TLS,1965,
Timor-Leste,TLS,1964,
Timor-Leste,TLS,1963,
Timor-Leste,TLS,1962,
Timor-Leste,TLS,1961,
Timor-Leste,TLS,1960,
Togo,TGO,2025,
Togo,TGO,2024,3365.45809007306
Togo,TGO,2023,3154.43329348299
Togo,TGO,2022,2935.01367320787
Togo,TGO,2021,2638.81095267963
Togo,TGO,2020,2384.06645451827
Togo,TGO,2019,2214.69915550677
Togo,TGO,2018,2067.0664295966
Togo,TGO,2017,1985.52622129406
Togo,TGO,2016,1932.92614273869
Togo,TGO,2015,1879.66835517243
Togo,TGO,2014,1803.14811022135
Togo,TGO,2013,1715.36073848665
Togo,TGO,2012,1645.31290397424
Togo,TGO,2011,1615.98146436985
Togo,TGO,2010,1537.05369658593
Togo,TGO,2009,1474.18338993482
Togo,TGO,2008,1429.30636492931
Togo,TGO,2007,1387.20061733991
Togo,TGO,2006,1407.06825596295
Togo,TGO,2005,1367.51066289847
Togo,TGO,2004,1427.00228439547
Togo,TGO,2003,1439.85178331415
Togo,TGO,2002,1357.0098170239
Togo,TGO,2001,1320.13616908956
Togo,TGO,2000,1314.73739642693
Togo,TGO,1999,1331.98719334349
Togo,TGO,1998,1318.33692291974
Togo,TGO,1997,1372.74831188195
Togo,TGO,1996,1217.77626455164
Togo,TGO,1995,1140.39964749633
Togo,TGO,1994,1081.80169503645
Togo,TGO,1993,924.562840995028
Togo,TGO,1992,1057.16074093266
Togo,TGO,1991,1107.33545509982
Togo,TGO,1990,1110.16918289987
Togo,TGO,1989,
Togo,TGO,1988,
Togo,TGO,1987,
Togo,TGO,1986,
Togo,TGO,1985,
Togo,TGO,1984,
Togo,TGO,1983,
Togo,TGO,1982,
Togo,TGO,1981,
Togo,TGO,1980,
Togo,TGO,1979,
Togo,TGO,1978,
Togo,TGO,1977,
Togo,TGO,1976,
Togo,TGO,1975,
Togo,TGO,1974,
Togo,TGO,1973,
Togo,TGO,1972,
Togo,TGO,1971,
Togo,TGO,1970,
Togo,TGO,1969,
Togo,TGO,1968,
Togo,TGO,1967,
Togo,TGO,1966,
Togo,TGO,1965,
Togo,TGO,1964,
Togo,TGO,1963,
Togo,TGO,1962,
Togo,TGO,1961,
Togo,TGO,1960,
Tonga,TON,2025,
Tonga,TON,2024,
Tonga,TON,2023,7802.66986206107
Tonga,TON,2022,7296.17082139288
Tonga,TON,2021,6929.17669288438
Tonga,TON,2020,6675.6030498711
Tonga,TON,2019,6473.32058675406
Tonga,TON,2018,6392.60067749647
Tonga,TON,2017,6229.07024223894
Tonga,TON,2016,5920.1576147281
Tonga,TON,2015,5471.79679402302
Tonga,TON,2014,5335.91576294869
Tonga,TON,2013,5119.6947531684
Tonga,TON,2012,4996.44460870387
Tonga,TON,2011,4855.42923652355
Tonga,TON,2010,4465.46050009263
Tonga,TON,2009,4383.81130248019
Tonga,TON,2008,4600.34882862684
Tonga,TON,2007,4315.94450579455
Tonga,TON,2006,4327.44661888542
Tonga,TON,2005,4314.54719822881
Tonga,TON,2004,4235.12041303239
Tonga,TON,2003,4231.45362875342
Tonga,TON,2002,4170.93724886821
Tonga,TON,2001,3955.22854483513
Tonga,TON,2000,3833.92767581697
Tonga,TON,1999,3635.69960249725
Tonga,TON,1998,3527.02647163628
Tonga,TON,1997,3433.8409108419
Tonga,TON,1996,3409.53731725311
Tonga,TON,1995,3346.79952151991
Tonga,TON,1994,3087.69302045637
Tonga,TON,1993,2882.29906727973
Tonga,TON,1992,2716.3041965147
Tonga,TON,1991,2652.4756315494
Tonga,TON,1990,2415.75673319334
Tonga,TON,1989,
Tonga,TON,1988,
Tonga,TON,1987,
Tonga,TON,1986,
Tonga,TON,1985,
Tonga,TON,1984,
Tonga,TON,1983,
Tonga,TON,1982,
Tonga,TON,1981,
Tonga,TON,1980,
Tonga,TON,1979,
Tonga,TON,1978,
Tonga,TON,1977,
Tonga,TON,1976,
Tonga,TON,1975,
Tonga,TON,1974,
Tonga,TON,1973,
Tonga,TON,1972,
Tonga,TON,1971,
Tonga,TON,1970,
Tonga,TON,1969,
Tonga,TON,1968,
Tonga,TON,1967,
Tonga,TON,1966,
Tonga,TON,1965,
Tonga,TON,1964,
Tonga,TON,1963,
Tonga,TON,1962,
Tonga,TON,1961,
Tonga,TON,1960,
Trinidad and Tobago,TTO,2025,
Trinidad and Tobago,TTO,2024,36328.5130065685
Trinidad and Tobago,TTO,2023,34623.3691500959
Trinidad and Tobago,TTO,2022,32978.8585763159
Trinidad and Tobago,TTO,2021,30482.1201798631
Trinidad and Tobago,TTO,2020,26731.3556410029
Trinidad and Tobago,TTO,2019,29315.8054064667
Trinidad and Tobago,TTO,2018,28673.2413951653
Trinidad and Tobago,TTO,2017,28484.2557157494
Trinidad and Tobago,TTO,2016,28231.6820670092
Trinidad and Tobago,TTO,2015,29825.4628753017
Trinidad and Tobago,TTO,2014,32026.5300957073
Trinidad and Tobago,TTO,2013,31746.2052441651
Trinidad and Tobago,TTO,2012,31883.2297483766
Trinidad and Tobago,TTO,2011,31077.796969852
Trinidad and Tobago,TTO,2010,30778.3127370297
Trinidad and Tobago,TTO,2009,29601.6194466575
Trinidad and Tobago,TTO,2008,30807.284851992
Trinidad and Tobago,TTO,2007,29354.5290108253
Trinidad and Tobago,TTO,2006,27393.3505461307
Trinidad and Tobago,TTO,2005,23536.0268722394
Trinidad and Tobago,TTO,2004,20673.7458449273
Trinidad and Tobago,TTO,2003,18742.6419219735
Trinidad and Tobago,TTO,2002,16141.2357287614
Trinidad and Tobago,TTO,2001,14797.1038365267
Trinidad and Tobago,TTO,2000,13953.1361523366
Trinidad and Tobago,TTO,1999,12812.41551087
Trinidad and Tobago,TTO,1998,11735.1401681215
Trinidad and Tobago,TTO,1997,10768.804525503
Trinidad and Tobago,TTO,1996,9882.72571803915
Trinidad and Tobago,TTO,1995,9099.03430064495
Trinidad and Tobago,TTO,1994,8630.58892418057
Trinidad and Tobago,TTO,1993,8209.29037754708
Trinidad and Tobago,TTO,1992,8129.04428822627
Trinidad and Tobago,TTO,1991,7273.63667730944
Trinidad and Tobago,TTO,1990,6877.62134826884
Trinidad and Tobago,TTO,1989,
Trinidad and Tobago,TTO,1988,
Trinidad and Tobago,TTO,1987,
Trinidad and Tobago,TTO,1986,
Trinidad and Tobago,TTO,1985,
Trinidad and Tobago,TTO,1984,
Trinidad and Tobago,TTO,1983,
Trinidad and Tobago,TTO,1982,
Trinidad and Tobago,TTO,1981,
Trinidad and Tobago,TTO,1980,
Trinidad and Tobago,TTO,1979,
Trinidad and Tobago,TTO,1978,
Trinidad and Tobago,TTO,1977,
Trinidad and Tobago,TTO,1976,
Trinidad and Tobago,TTO,1975,
Trinidad and Tobago,TTO,1974,
Trinidad and Tobago,TTO,1973,
Trinidad and Tobago,TTO,1972,
Trinidad and Tobago,TTO,1971,
Trinidad and Tobago,TTO,1970,
Trinidad and Tobago,TTO,1969,
Trinidad and Tobago,TTO,1968,
Trinidad and Tobago,TTO,1967,
Trinidad and Tobago,TTO,1966,
Trinidad and Tobago,TTO,1965,
Trinidad and Tobago,TTO,1964,
Trinidad and Tobago,TTO,1963,
Trinidad and Tobago,TTO,1962,
Trinidad and Tobago,TTO,1961,
Trinidad and Tobago,TTO,1960,
Tunisia,TUN,2025,
Tunisia,TUN,2024,14521.0080937638
Tunisia,TUN,2023,14040.5961148142
Tunisia,TUN,2022,13618.5389918651
Tunisia,TUN,2021,12444.3264026887
Tunisia,TUN,2020,11918.066205483
Tunisia,TUN,2019,12494.7905733455
Tunisia,TUN,2018,11841.4061980603
Tunisia,TUN,2017,11288.7800135085
Tunisia,TUN,2016,10993.6638464522
Tunisia,TUN,2015,10782.5438382441
Tunisia,TUN,2014,10946.8935757638
Tunisia,TUN,2013,10671.569727457
Tunisia,TUN,2012,10614.531301194
Tunisia,TUN,2011,10435.9956675373
Tunisia,TUN,2010,10555.0887033221
Tunisia,TUN,2009,10237.08899945
Tunisia,TUN,2008,9975.02232125899
Tunisia,TUN,2007,9479.35063936328
Tunisia,TUN,2006,8728.65712549855
Tunisia,TUN,2005,8116.9548993789
Tunisia,TUN,2004,7671.84535965305
Tunisia,TUN,2003,7098.4235616264
Tunisia,TUN,2002,6715.11078442505
Tunisia,TUN,2001,6593.38196542465
Tunisia,TUN,2000,6278.98680881057
Tunisia,TUN,1999,5929.90090218076
Tunisia,TUN,1998,5579.3872567308
Tunisia,TUN,1997,5332.77991050535
Tunisia,TUN,1996,5039.71098016721
Tunisia,TUN,1995,4686.17039756849
Tunisia,TUN,1994,4555.48683891088
Tunisia,TUN,1993,4401.1996005297
Tunisia,TUN,1992,4292.1528834068
Tunisia,TUN,1991,3975.39801598137
Tunisia,TUN,1990,3779.68467395707
Tunisia,TUN,1989,
Tunisia,TUN,1988,
Tunisia,TUN,1987,
Tunisia,TUN,1986,
Tunisia,TUN,1985,
Tunisia,TUN,1984,
Tunisia,TUN,1983,
Tunisia,TUN,1982,
Tunisia,TUN,1981,
Tunisia,TUN,1980,
Tunisia,TUN,1979,
Tunisia,TUN,1978,
Tunisia,TUN,1977,
Tunisia,TUN,1976,
Tunisia,TUN,1975,
Tunisia,TUN,1974,
Tunisia,TUN,1973,
Tunisia,TUN,1972,
Tunisia,TUN,1971,
Tunisia,TUN,1970,
Tunisia,TUN,1969,
Tunisia,TUN,1968,
Tunisia,TUN,1967,
Tunisia,TUN,1966,
Tunisia,TUN,1965,
Tunisia,TUN,1964,
Tunisia,TUN,1963,
Tunisia,TUN,1962,
Tunisia,TUN,1961,
Tunisia,TUN,1960,
Turkiye,TUR,2025,
Turkiye,TUR,2024,45639.0192735944
Turkiye,TUR,2023,42786.2004948664
Turkiye,TUR,2022,39564.1103267333
Turkiye,TUR,2021,32105.5474400506
Turkiye,TUR,2020,29209.3308866883
Turkiye,TUR,2019,29016.4555653445
Turkiye,TUR,2018,28640.3401839802
Turkiye,TUR,2017,28353.5406410966
Turkiye,TUR,2016,26730.7599731835
Turkiye,TUR,2015,25890.0548901058
Turkiye,TUR,2014,24192.537613837
Turkiye,TUR,2013,22475.2909778388
Turkiye,TUR,2012,20739.2725488506
Turkiye,TUR,2011,19717.2438317111
Turkiye,TUR,2010,17466.2641738935
Turkiye,TUR,2009,15559.7425332501
Turkiye,TUR,2008,16141.6888074925
Turkiye,TUR,2007,14951.141675678
Turkiye,TUR,2006,13555.3359748623
Turkiye,TUR,2005,11803.3604424476
Turkiye,TUR,2004,10759.3363431927
Turkiye,TUR,2003,9474.02925535051
Turkiye,TUR,2002,9154.45153457514
Turkiye,TUR,2001,9014.05844261591
Turkiye,TUR,2000,9325.80817565573
Turkiye,TUR,1999,8470.46812817135
Turkiye,TUR,1998,8762.74865987963
Turkiye,TUR,1997,11513.7286845538
Turkiye,TUR,1996,10624.481898266
Turkiye,TUR,1995,9962.11145158939
Turkiye,TUR,1994,9252.97652375252
Turkiye,TUR,1993,9751.25450923278
Turkiye,TUR,1992,8968.66987670575
Turkiye,TUR,1991,8417.91970645407
Turkiye,TUR,1990,8207.98833508191
Turkiye,TUR,1989,
Turkiye,TUR,1988,
Turkiye,TUR,1987,
Turkiye,TUR,1986,
Turkiye,TUR,1985,
Turkiye,TUR,1984,
Turkiye,TUR,1983,
Turkiye,TUR,1982,
Turkiye,TUR,1981,
Turkiye,TUR,1980,
Turkiye,TUR,1979,
Turkiye,TUR,1978,
Turkiye,TUR,1977,
Turkiye,TUR,1976,
Turkiye,TUR,1975,
Turkiye,TUR,1974,
Turkiye,TUR,1973,
Turkiye,TUR,1972,
Turkiye,TUR,1971,
Turkiye,TUR,1970,
Turkiye,TUR,1969,
Turkiye,TUR,1968,
Turkiye,TUR,1967,
Turkiye,TUR,1966,
Turkiye,TUR,1965,
Turkiye,TUR,1964,
Turkiye,TUR,1963,
Turkiye,TUR,1962,
Turkiye,TUR,1961,
Turkiye,TUR,1960,
Turkmenistan,TKM,2025,
Turkmenistan,TKM,2024,21213.0862501953
Turkmenistan,TKM,2023,19828.9248461199
Turkmenistan,TKM,2022,18340.1112805299
Turkmenistan,TKM,2021,16434.1399060353
Turkmenistan,TKM,2020,15090.9394971778
Turkmenistan,TKM,2019,15477.7237643978
Turkmenistan,TKM,2018,14368.4621432532
Turkmenistan,TKM,2017,13278.4030353381
Turkmenistan,TKM,2016,12919.371222426
Turkmenistan,TKM,2015,12714.8137240363
Turkmenistan,TKM,2014,12476.5344358387
Turkmenistan,TKM,2013,11722.8086272577
Turkmenistan,TKM,2012,11035.451277853
Turkmenistan,TKM,2011,10282.7266190528
Turkmenistan,TKM,2010,8971.61628736812
Turkmenistan,TKM,2009,8285.01893015361
Turkmenistan,TKM,2008,7915.54792420973
Turkmenistan,TKM,2007,6901.0175688569
Turkmenistan,TKM,2006,6163.85018154343
Turkmenistan,TKM,2005,5489.34542179295
Turkmenistan,TKM,2004,4798.15317447398
Turkmenistan,TKM,2003,4536.19781505202
Turkmenistan,TKM,2002,4392.82381539457
Turkmenistan,TKM,2001,4401.30380449396
Turkmenistan,TKM,2000,4208.66515457033
Turkmenistan,TKM,1999,3980.65459569523
Turkmenistan,TKM,1998,3431.57601757848
Turkmenistan,TKM,1997,3222.37901251135
Turkmenistan,TKM,1996,3636.47981794861
Turkmenistan,TKM,1995,3404.84898017059
Turkmenistan,TKM,1994,3658.74295311534
Turkmenistan,TKM,1993,4422.12556745425
Turkmenistan,TKM,1992,4350.53369794857
Turkmenistan,TKM,1991,5117.42736907035
Turkmenistan,TKM,1990,5320.5370235096
Turkmenistan,TKM,1989,
Turkmenistan,TKM,1988,
Turkmenistan,TKM,1987,
Turkmenistan,TKM,1986,
Turkmenistan,TKM,1985,
Turkmenistan,TKM,1984,
Turkmenistan,TKM,1983,
Turkmenistan,TKM,1982,
Turkmenistan,TKM,1981,
Turkmenistan,TKM,1980,
Turkmenistan,TKM,1979,
Turkmenistan,TKM,1978,
Turkmenistan,TKM,1977,
Turkmenistan,TKM,1976,
Turkmenistan,TKM,1975,
Turkmenistan,TKM,1974,
Turkmenistan,TKM,1973,
Turkmenistan,TKM,1972,
Turkmenistan,TKM,1971,
Turkmenistan,TKM,1970,
Turkmenistan,TKM,1969,
Turkmenistan,TKM,1968,
Turkmenistan,TKM,1967,
Turkmenistan,TKM,1966,
Turkmenistan,TKM,1965,
Turkmenistan,TKM,1964,
Turkmenistan,TKM,1963,
Turkmenistan,TKM,1962,
Turkmenistan,TKM,1961,
Turkmenistan,TKM,1960,
Turks and Caicos Islands,TCA,2025,
Turks and Caicos Islands,TCA,2024,37954.3876543471
Turks and Caicos Islands,TCA,2023,35336.7403511449
Turks and Caicos Islands,TCA,2022,30220.8240138134
Turks and Caicos Islands,TCA,2021,25056.4880515569
Turks and Caicos Islands,TCA,2020,19530.0254075613
Turks and Caicos Islands,TCA,2019,31173.3797811743
Turks and Caicos Islands,TCA,2018,31151.4748574464
Turks and Caicos Islands,TCA,2017,30097.3550560987
Turks and Caicos Islands,TCA,2016,29780.5785774422
Turks and Caicos Islands,TCA,2015,27484.6414432499
Turks and Caicos Islands,TCA,2014,25546.2927320872
Turks and Caicos Islands,TCA,2013,23931.6892982133
Turks and Caicos Islands,TCA,2012,23610.474221961
Turks and Caicos Islands,TCA,2011,26572.5269470054
Turks and Caicos Islands,TCA,2010,25811.8877130918
Turks and Caicos Islands,TCA,2009,26269.9773569727
Turks and Caicos Islands,TCA,2008,33827.5100141307
Turks and Caicos Islands,TCA,2007,32002.5459345285
Turks and Caicos Islands,TCA,2006,
Turks and Caicos Islands,TCA,2005,
Turks and Caicos Islands,TCA,2004,
Turks and Caicos Islands,TCA,2003,
Turks and Caicos Islands,TCA,2002,
Turks and Caicos Islands,TCA,2001,
Turks and Caicos Islands,TCA,2000,
Turks and Caicos Islands,TCA,1999,
Turks and Caicos Islands,TCA,1998,
Turks and Caicos Islands,TCA,1997,
Turks and Caicos Islands,TCA,1996,
Turks and Caicos Islands,TCA,1995,
Turks and Caicos Islands,TCA,1994,
Turks and Caicos Islands,TCA,1993,
Turks and Caicos Islands,TCA,1992,
Turks and Caicos Islands,TCA,1991,
Turks and Caicos Islands,TCA,1990,
Turks and Caicos Islands,TCA,1989,
Turks and Caicos Islands,TCA,1988,
Turks and Caicos Islands,TCA,1987,
Turks and Caicos Islands,TCA,1986,
Turks and Caicos Islands,TCA,1985,
Turks and Caicos Islands,TCA,1984,
Turks and Caicos Islands,TCA,1983,
Turks and Caicos Islands,TCA,1982,
Turks and Caicos Islands,TCA,1981,
Turks and Caicos Islands,TCA,1980,
Turks and Caicos Islands,TCA,1979,
Turks and Caicos Islands,TCA,1978,
Turks and Caicos Islands,TCA,1977,
Turks and Caicos Islands,TCA,1976,
Turks and Caicos Islands,TCA,1975,
Turks and Caicos Islands,TCA,1974,
Turks and Caicos Islands,TCA,1973,
Turks and Caicos Islands,TCA,1972,
Turks and Caicos Islands,TCA,1971,
Turks and Caicos Islands,TCA,1970,
Turks and Caicos Islands,TCA,1969,
Turks and Caicos Islands,TCA,1968,
Turks and Caicos Islands,TCA,1967,
Turks and Caicos Islands,TCA,1966,
Turks and Caicos Islands,TCA,1965,
Turks and Caicos Islands,TCA,1964,
Turks and Caicos Islands,TCA,1963,
Turks and Caicos Islands,TCA,1962,
Turks and Caicos Islands,TCA,1961,
Turks and Caicos Islands,TCA,1960,
Tuvalu,TUV,2025,
Tuvalu,TUV,2024,
Tuvalu,TUV,2023,6151.01047041608
Tuvalu,TUV,2022,5661.14384766376
Tuvalu,TUV,2021,5352.97862537897
Tuvalu,TUV,2020,5122.19827984698
Tuvalu,TUV,2019,5209.70002131965
Tuvalu,TUV,2018,4431.73186603207
Tuvalu,TUV,2017,4226.71874686288
Tuvalu,TUV,2016,4030.86241535456
Tuvalu,TUV,2015,3775.7556591637
Tuvalu,TUV,2014,3418.8526428885
Tuvalu,TUV,2013,3277.2133431185
Tuvalu,TUV,2012,3170.40106063439
Tuvalu,TUV,2011,3175.92841210274
Tuvalu,TUV,2010,2945.12892457303
Tuvalu,TUV,2009,3081.93890586604
Tuvalu,TUV,2008,3291.09772372222
Tuvalu,TUV,2007,3034.34916256495
Tuvalu,TUV,2006,2787.10956568152
Tuvalu,TUV,2005,2727.66493096898
Tuvalu,TUV,2004,2764.91389633307
Tuvalu,TUV,2003,2770.10016154552
Tuvalu,TUV,2002,2915.30037644437
Tuvalu,TUV,2001,2595.91651072877
Tuvalu,TUV,2000,2597.25208316056
Tuvalu,TUV,1999,2543.44319571215
Tuvalu,TUV,1998,2559.92854339132
Tuvalu,TUV,1997,2203.62515093441
Tuvalu,TUV,1996,1981.50259169479
Tuvalu,TUV,1995,2083.05739166287
Tuvalu,TUV,1994,2164.79193111933
Tuvalu,TUV,1993,1938.95775398652
Tuvalu,TUV,1992,1836.98880679192
Tuvalu,TUV,1991,1768.85837312869
Tuvalu,TUV,1990,1675.79503770339
Tuvalu,TUV,1989,
Tuvalu,TUV,1988,
Tuvalu,TUV,1987,
Tuvalu,TUV,1986,
Tuvalu,TUV,1985,
Tuvalu,TUV,1984,
Tuvalu,TUV,1983,
Tuvalu,TUV,1982,
Tuvalu,TUV,1981,
Tuvalu,TUV,1980,
Tuvalu,TUV,1979,
Tuvalu,TUV,1978,
Tuvalu,TUV,1977,
Tuvalu,TUV,1976,
Tuvalu,TUV,1975,
Tuvalu,TUV,1974,
Tuvalu,TUV,1973,
Tuvalu,TUV,1972,
Tuvalu,TUV,1971,
Tuvalu,TUV,1970,
Tuvalu,TUV,1969,
Tuvalu,TUV,1968,
Tuvalu,TUV,1967,
Tuvalu,TUV,1966,
Tuvalu,TUV,1965,
Tuvalu,TUV,1964,
Tuvalu,TUV,1963,
Tuvalu,TUV,1962,
Tuvalu,TUV,1961,
Tuvalu,TUV,1960,
Uganda,UGA,2025,
Uganda,UGA,2024,3273.2671741364
Uganda,UGA,2023,3097.63702430619
Uganda,UGA,2022,2919.17775407108
Uganda,UGA,2021,2684.92035939744
Uganda,UGA,2020,2532.21950102069
Uganda,UGA,2019,2441.37445233821
Uganda,UGA,2018,2312.05752813495
Uganda,UGA,2017,2157.95747503369
Uganda,UGA,2016,2165.29759404413
Uganda,UGA,2015,2189.96485919003
Uganda,UGA,2014,2134.00916281741
Uganda,UGA,2013,2044.88182485845
Uganda,UGA,2012,2031.94669538814
Uganda,UGA,2011,2267.72270357093
Uganda,UGA,2010,2091.55963145331
Uganda,UGA,2009,2014.60879442098
Uganda,UGA,2008,1930.70869517816
Uganda,UGA,2007,1794.53518881483
Uganda,UGA,2006,1659.72529096776
Uganda,UGA,2005,1496.50947836066
Uganda,UGA,2004,1405.24288438896
Uganda,UGA,2003,1320.23991630988
Uganda,UGA,2002,1254.98203506699
Uganda,UGA,2001,1172.6831745569
Uganda,UGA,2000,1124.20958232447
Uganda,UGA,1999,1099.86476367009
Uganda,UGA,1998,1036.73431787156
Uganda,UGA,1997,1006.77500926624
Uganda,UGA,1996,969.380449356499
Uganda,UGA,1995,896.672380939996
Uganda,UGA,1994,809.319481696294
Uganda,UGA,1993,770.127662001229
Uganda,UGA,1992,718.876631284048
Uganda,UGA,1991,703.177573275327
Uganda,UGA,1990,665.877554591671
Uganda,UGA,1989,
Uganda,UGA,1988,
Uganda,UGA,1987,
Uganda,UGA,1986,
Uganda,UGA,1985,
Uganda,UGA,1984,
Uganda,UGA,1983,
Uganda,UGA,1982,
Uganda,UGA,1981,
Uganda,UGA,1980,
Uganda,UGA,1979,
Uganda,UGA,1978,
Uganda,UGA,1977,
Uganda,UGA,1976,
Uganda,UGA,1975,
Uganda,UGA,1974,
Uganda,UGA,1973,
Uganda,UGA,1972,
Uganda,UGA,1971,
Uganda,UGA,1970,
Uganda,UGA,1969,
Uganda,UGA,1968,
Uganda,UGA,1967,
Uganda,UGA,1966,
Uganda,UGA,1965,
Uganda,UGA,1964,
Uganda,UGA,1963,
Uganda,UGA,1962,
Uganda,UGA,1961,
Uganda,UGA,1960,
Ukraine,UKR,2025,
Ukraine,UKR,2024,18550.462890625
Ukraine,UKR,2023,17665.34375
Ukraine,UKR,2022,14770.0712890625
Ukraine,UKR,2021,17846.408203125
Ukraine,UKR,2020,15541.02734375
Ukraine,UKR,2019,14217.486328125
Ukraine,UKR,2018,12554.8486328125
Ukraine,UKR,2017,11536.0810546875
Ukraine,UKR,2016,10864.6572265625
Ukraine,UKR,2015,9921.833984375
Ukraine,UKR,2014,10493.7451171875
Ukraine,UKR,2013,10903.8251953125
Ukraine,UKR,2012,9552.314453125
Ukraine,UKR,2011,9126.6083984375
Ukraine,UKR,2010,8453.2998046875
Ukraine,UKR,2009,7994.61572265625
Ukraine,UKR,2008,9323.72265625
Ukraine,UKR,2007,8900.4443359375
Ukraine,UKR,2006,7971.1962890625
Ukraine,UKR,2005,7142.10693359375
Ukraine,UKR,2004,6663.46728515625
Ukraine,UKR,2003,5764.01123046875
Ukraine,UKR,2002,5122.84130859375
Ukraine,UKR,2001,4746.85791015625
Ukraine,UKR,2000,4228.1162109375
Ukraine,UKR,1999,3871.32641601563
Ukraine,UKR,1998,3794.33911132813
Ukraine,UKR,1997,3794.17846679688
Ukraine,UKR,1996,3812.24560546875
Ukraine,UKR,1995,4124.29541015625
Ukraine,UKR,1994,4564.64453125
Ukraine,UKR,1993,5766.296875
Ukraine,UKR,1992,6568.3330078125
Ukraine,UKR,1991,7148.48291015625
Ukraine,UKR,1990,7590.544921875
Ukraine,UKR,1989,
Ukraine,UKR,1988,
Ukraine,UKR,1987,
Ukraine,UKR,1986,
Ukraine,UKR,1985,
Ukraine,UKR,1984,
Ukraine,UKR,1983,
Ukraine,UKR,1982,
Ukraine,UKR,1981,
Ukraine,UKR,1980,
Ukraine,UKR,1979,
Ukraine,UKR,1978,
Ukraine,UKR,1977,
Ukraine,UKR,1976,
Ukraine,UKR,1975,
Ukraine,UKR,1974,
Ukraine,UKR,1973,
Ukraine,UKR,1972,
Ukraine,UKR,1971,
Ukraine,UKR,1970,
Ukraine,UKR,1969,
Ukraine,UKR,1968,
Ukraine,UKR,1967,
Ukraine,UKR,1966,
Ukraine,UKR,1965,
Ukraine,UKR,1964,
Ukraine,UKR,1963,
Ukraine,UKR,1962,
Ukraine,UKR,1961,
Ukraine,UKR,1960,
United Arab Emirates,ARE,2025,
United Arab Emirates,ARE,2024,79228.738801276
United Arab Emirates,ARE,2023,77955.2951760879
United Arab Emirates,ARE,2022,75071.6586300351
United Arab Emirates,ARE,2021,68580.1485423483
United Arab Emirates,ARE,2020,66790.6822664754
United Arab Emirates,ARE,2019,79816.3010904406
United Arab Emirates,ARE,2018,77446.2269929923
United Arab Emirates,ARE,2017,70281.8889504211
United Arab Emirates,ARE,2016,69986.9835675887
United Arab Emirates,ARE,2015,73986.0636395945
United Arab Emirates,ARE,2014,87477.7341963514
United Arab Emirates,ARE,2013,87526.3254797061
United Arab Emirates,ARE,2012,89198.0119017025
United Arab Emirates,ARE,2011,89665.4018921986
United Arab Emirates,ARE,2010,85120.1974687752
United Arab Emirates,ARE,2009,84780.3209706517
United Arab Emirates,ARE,2008,94628.2666607538
United Arab Emirates,ARE,2007,100813.188228929
United Arab Emirates,ARE,2006,106814.053640356
United Arab Emirates,ARE,2005,101301.412339163
United Arab Emirates,ARE,2004,98661.4370562637
United Arab Emirates,ARE,2003,92635.9226901803
United Arab Emirates,ARE,2002,88466.5816176093
United Arab Emirates,ARE,2001,90370.2541183751
United Arab Emirates,ARE,2000,92899.3674985796
United Arab Emirates,ARE,1999,87657.9495166478
United Arab Emirates,ARE,1998,90229.3083926554
United Arab Emirates,ARE,1997,96008.8725990105
United Arab Emirates,ARE,1996,94619.5987985934
United Arab Emirates,ARE,1995,93702.3667511098
United Arab Emirates,ARE,1994,89958.9595580333
United Arab Emirates,ARE,1993,86330.1994246338
United Arab Emirates,ARE,1992,87509.0434921899
United Arab Emirates,ARE,1991,87250.1807691177
United Arab Emirates,ARE,1990,88455.0784304645
United Arab Emirates,ARE,1989,
United Arab Emirates,ARE,1988,
United Arab Emirates,ARE,1987,
United Arab Emirates,ARE,1986,
United Arab Emirates,ARE,1985,
United Arab Emirates,ARE,1984,
United Arab Emirates,ARE,1983,
United Arab Emirates,ARE,1982,
United Arab Emirates,ARE,1981,
United Arab Emirates,ARE,1980,
United Arab Emirates,ARE,1979,
United Arab Emirates,ARE,1978,
United Arab Emirates,ARE,1977,
United Arab Emirates,ARE,1976,
United Arab Emirates,ARE,1975,
United Arab Emirates,ARE,1974,
United Arab Emirates,ARE,1973,
United Arab Emirates,ARE,1972,
United Arab Emirates,ARE,1971,
United Arab Emirates,ARE,1970,
United Arab Emirates,ARE,1969,
United Arab Emirates,ARE,1968,
United Arab Emirates,ARE,1967,
United Arab Emirates,ARE,1966,
United Arab Emirates,ARE,1965,
United Arab Emirates,ARE,1964,
United Arab Emirates,ARE,1963,
United Arab Emirates,ARE,1962,
United Arab Emirates,ARE,1961,
United Arab Emirates,ARE,1960,
United Kingdom,GBR,2025,
United Kingdom,GBR,2024,62009.4907765366
United Kingdom,GBR,2023,59911.3467663209
United Kingdom,GBR,2022,59021.5721805914
United Kingdom,GBR,2021,51004.4271714238
United Kingdom,GBR,2020,48230.0477027461
United Kingdom,GBR,2019,50064.9605582187
United Kingdom,GBR,2018,47212.2045190522
United Kingdom,GBR,2017,46113.0211677324
United Kingdom,GBR,2016,44085.2025586772
United Kingdom,GBR,2015,42515.278865824
United Kingdom,GBR,2014,41266.8197795309
United Kingdom,GBR,2013,39947.5369562562
United Kingdom,GBR,2012,38336.5961844419
United Kingdom,GBR,2011,37224.3787645256
United Kingdom,GBR,2010,36483.5682802621
United Kingdom,GBR,2009,35041.5416305812
United Kingdom,GBR,2008,36744.7913584035
United Kingdom,GBR,2007,35522.0090884345
United Kingdom,GBR,2006,34727.4366712141
United Kingdom,GBR,2005,32726.1331883772
United Kingdom,GBR,2004,32051.1847283895
United Kingdom,GBR,2003,30313.6906668382
United Kingdom,GBR,2002,29089.0536770407
United Kingdom,GBR,2001,27912.5562179151
United Kingdom,GBR,2000,26535.5018554582
United Kingdom,GBR,1999,24493.5013657365
United Kingdom,GBR,1998,23689.2365924637
United Kingdom,GBR,1997,23070.5935983172
United Kingdom,GBR,1996,21946.6006464923
United Kingdom,GBR,1995,20594.6104075749
United Kingdom,GBR,1994,19605.4199882348
United Kingdom,GBR,1993,18336.2218082539
United Kingdom,GBR,1992,17349.0817823144
United Kingdom,GBR,1991,16791.0632044568
United Kingdom,GBR,1990,16505.4176376936
United Kingdom,GBR,1989,
United Kingdom,GBR,1988,
United Kingdom,GBR,1987,
United Kingdom,GBR,1986,
United Kingdom,GBR,1985,
United Kingdom,GBR,1984,
United Kingdom,GBR,1983,
United Kingdom,GBR,1982,
United Kingdom,GBR,1981,
United Kingdom,GBR,1980,
United Kingdom,GBR,1979,
United Kingdom,GBR,1978,
United Kingdom,GBR,1977,
United Kingdom,GBR,1976,
United Kingdom,GBR,1975,
United Kingdom,GBR,1974,
United Kingdom,GBR,1973,
United Kingdom,GBR,1972,
United Kingdom,GBR,1971,
United Kingdom,GBR,1970,
United Kingdom,GBR,1969,
United Kingdom,GBR,1968,
United Kingdom,GBR,1967,
United Kingdom,GBR,1966,
United Kingdom,GBR,1965,
United Kingdom,GBR,1964,
United Kingdom,GBR,1963,
United Kingdom,GBR,1962,
United Kingdom,GBR,1961,
United Kingdom,GBR,1960,
United States,USA,2025,
United States,USA,2024,85809.9003846359
United States,USA,2023,82304.6204272866
United States,USA,2022,77860.9112908848
United States,USA,2021,71307.4017277218
United States,USA,2020,64401.5074354209
United States,USA,2019,65227.9565911035
United States,USA,2018,62875.6661382728
United States,USA,2017,60047.7190728307
United States,USA,2016,57976.628204291
United States,USA,2015,56849.4697923159
United States,USA,2014,55153.3940182967
United States,USA,2013,53297.3862901595
United States,USA,2012,51708.3940614082
United States,USA,2011,50024.8812320773
United States,USA,2010,48642.6312088213
United States,USA,2009,47194.9500893872
United States,USA,2008,48570.0594269601
United States,USA,2007,48050.227412195
United States,USA,2006,46301.9876485519
United States,USA,2005,44123.3996470026
United States,USA,2004,41724.6411982614
United States,USA,2003,39490.3023903176
United States,USA,2002,37997.7424300242
United States,USA,2001,37133.6203973517
United States,USA,2000,36329.9702595751
United States,USA,1999,34515.3813073394
United States,USA,1998,32853.6725949234
United States,USA,1997,31459.1299691554
United States,USA,1996,29967.7127181748
United States,USA,1995,28690.8757013347
United States,USA,1994,27694.853416234
United States,USA,1993,26387.2937338171
United States,USA,1992,25418.9907763319
United States,USA,1991,24342.2589048189
United States,USA,1990,23888.6000088133
United States,USA,1989,
United States,USA,1988,
United States,USA,1987,
United States,USA,1986,
United States,USA,1985,
United States,USA,1984,
United States,USA,1983,
United States,USA,1982,
United States,USA,1981,
United States,USA,1980,
United States,USA,1979,
United States,USA,1978,
United States,USA,1977,
United States,USA,1976,
United States,USA,1975,
United States,USA,1974,
United States,USA,1973,
United States,USA,1972,
United States,USA,1971,
United States,USA,1970,
United States,USA,1969,
United States,USA,1968,
United States,USA,1967,
United States,USA,1966,
United States,USA,1965,
United States,USA,1964,
United States,USA,1963,
United States,USA,1962,
United States,USA,1961,
United States,USA,1960,
Uruguay,URY,2025,
Uruguay,URY,2024,36417.874162496
Uruguay,URY,2023,34470.9322201143
Uruguay,URY,2022,33000.918699951
Uruguay,URY,2021,29431.8850087471
Uruguay,URY,2020,25725.258216942
Uruguay,URY,2019,25782.6890198871
Uruguay,URY,2018,24386.4948473952
Uruguay,URY,2017,23606.6278007958
Uruguay,URY,2016,22840.5507069805
Uruguay,URY,2015,22168.6114189676
Uruguay,URY,2014,21867.8112276315
Uruguay,URY,2013,20661.3793411187
Uruguay,URY,2012,19495.4223660846
Uruguay,URY,2011,19135.3636964186
Uruguay,URY,2010,17872.5369682924
Uruguay,URY,2009,16421.7696322847
Uruguay,URY,2008,15694.235411976
Uruguay,URY,2007,14397.224966515
Uruguay,URY,2006,13179.3881134044
Uruguay,URY,2005,12295.700311589
Uruguay,URY,2004,11103.1125898913
Uruguay,URY,2003,10303.2337504047
Uruguay,URY,2002,10030.1287840488
Uruguay,URY,2001,10719.3945690687
Uruguay,URY,2000,10929.3002607587
Uruguay,URY,1999,10938.3557822107
Uruguay,URY,1998,11002.1262084323
Uruguay,URY,1997,10460.9197100461
Uruguay,URY,1996,9524.08700354576
Uruguay,URY,1995,8905.61798676268
Uruguay,URY,1994,8897.17805950823
Uruguay,URY,1993,8162.35592929046
Uruguay,URY,1992,7808.12228090143
Uruguay,URY,1991,7112.4376510207
Uruguay,URY,1990,6683.05781079032
Uruguay,URY,1989,
Uruguay,URY,1988,
Uruguay,URY,1987,
Uruguay,URY,1986,
Uruguay,URY,1985,
Uruguay,URY,1984,
Uruguay,URY,1983,
Uruguay,URY,1982,
Uruguay,URY,1981,
Uruguay,URY,1980,
Uruguay,URY,1979,
Uruguay,URY,1978,
Uruguay,URY,1977,
Uruguay,URY,1976,
Uruguay,URY,1975,
Uruguay,URY,1974,
Uruguay,URY,1973,
Uruguay,URY,1972,
Uruguay,URY,1971,
Uruguay,URY,1970,
Uruguay,URY,1969,
Uruguay,URY,1968,
Uruguay,URY,1967,
Uruguay,URY,1966,
Uruguay,URY,1965,
Uruguay,URY,1964,
Uruguay,URY,1963,
Uruguay,URY,1962,
Uruguay,URY,1961,
Uruguay,URY,1960,
Uzbekistan,UZB,2025,
Uzbekistan,UZB,2024,11878.5528706848
Uzbekistan,UZB,2023,11106.9715934767
Uzbekistan,UZB,2022,10292.5309427485
Uzbekistan,UZB,2021,9247.64382703929
Uzbekistan,UZB,2020,8451.72505108114
Uzbekistan,UZB,2019,8544.08026729718
Uzbekistan,UZB,2018,8128.75520303523
Uzbekistan,UZB,2017,7818.01112977426
Uzbekistan,UZB,2016,6919.29475621804
Uzbekistan,UZB,2015,6799.57332842183
Uzbekistan,UZB,2014,6609.76717277708
Uzbekistan,UZB,2013,6412.7238692872
Uzbekistan,UZB,2012,6168.13764755172
Uzbekistan,UZB,2011,5949.484123529
Uzbekistan,UZB,2010,5504.8563793137
Uzbekistan,UZB,2009,5135.46444647583
Uzbekistan,UZB,2008,4800.05914327553
Uzbekistan,UZB,2007,4386.1293366958
Uzbekistan,UZB,2006,3955.97682075928
Uzbekistan,UZB,2005,3617.85486831461
Uzbekistan,UZB,2004,3321.19654400978
Uzbekistan,UZB,2003,3047.24856835492
Uzbekistan,UZB,2002,2902.03983617689
Uzbekistan,UZB,2001,2782.34871050012
Uzbekistan,UZB,2000,2644.26354163536
Uzbekistan,UZB,1999,2521.83951097527
Uzbekistan,UZB,1998,2417.82621506529
Uzbekistan,UZB,1997,2328.65799847332
Uzbekistan,UZB,1996,2213.95263919712
Uzbekistan,UZB,1995,2178.32748301497
Uzbekistan,UZB,1994,2196.51110760559
Uzbekistan,UZB,1993,2317.59835107992
Uzbekistan,UZB,1992,2371.46757191982
Uzbekistan,UZB,1991,2676.11010110152
Uzbekistan,UZB,1990,2664.66487565785
Uzbekistan,UZB,1989,
Uzbekistan,UZB,1988,
Uzbekistan,UZB,1987,
Uzbekistan,UZB,1986,
Uzbekistan,UZB,1985,
Uzbekistan,UZB,1984,
Uzbekistan,UZB,1983,
Uzbekistan,UZB,1982,
Uzbekistan,UZB,1981,
Uzbekistan,UZB,1980,
Uzbekistan,UZB,1979,
Uzbekistan,UZB,1978,
Uzbekistan,UZB,1977,
Uzbekistan,UZB,1976,
Uzbekistan,UZB,1975,
Uzbekistan,UZB,1974,
Uzbekistan,UZB,1973,
Uzbekistan,UZB,1972,
Uzbekistan,UZB,1971,
Uzbekistan,UZB,1970,
Uzbekistan,UZB,1969,
Uzbekistan,UZB,1968,
Uzbekistan,UZB,1967,
Uzbekistan,UZB,1966,
Uzbekistan,UZB,1965,
Uzbekistan,UZB,1964,
Uzbekistan,UZB,1963,
Uzbekistan,UZB,1962,
Uzbekistan,UZB,1961,
Uzbekistan,UZB,1960,
Vanuatu,VUT,2025,
Vanuatu,VUT,2024,3605.60736691735
Vanuatu,VUT,2023,3567.81882030223
Vanuatu,VUT,2022,3452.60742693882
Vanuatu,VUT,2021,3135.83664945678
Vanuatu,VUT,2020,3117.64425292038
Vanuatu,VUT,2019,3314.66721352425
Vanuatu,VUT,2018,3232.94825800672
Vanuatu,VUT,2017,3145.92734989467
Vanuatu,VUT,2016,3029.80923948413
Vanuatu,VUT,2015,2965.84143257378
Vanuatu,VUT,2014,2890.13103819703
Vanuatu,VUT,2013,2832.00606140469
Vanuatu,VUT,2012,2834.1263087371
Vanuatu,VUT,2011,2815.68693384029
Vanuatu,VUT,2010,2733.45922588718
Vanuatu,VUT,2009,2730.28795991124
Vanuatu,VUT,2008,2701.28836081834
Vanuatu,VUT,2007,2573.40104367128
Vanuatu,VUT,2006,2495.85683636109
Vanuatu,VUT,2005,2287.00660433246
Vanuatu,VUT,2004,2157.44517059131
Vanuatu,VUT,2003,2070.35775556982
Vanuatu,VUT,2002,1995.32372274512
Vanuatu,VUT,2001,2124.95074884916
Vanuatu,VUT,2000,2206.10240356774
Vanuatu,VUT,1999,2083.92831221407
Vanuatu,VUT,1998,2090.83944219603
Vanuatu,VUT,1997,2086.69967842095
Vanuatu,VUT,1996,1997.88187072613
Vanuatu,VUT,1995,1960.63408671095
Vanuatu,VUT,1994,1945.78899406965
Vanuatu,VUT,1993,1788.68071647432
Vanuatu,VUT,1992,1777.47880505749
Vanuatu,VUT,1991,1736.65334942246
Vanuatu,VUT,1990,1669.60951641276
Vanuatu,VUT,1989,
Vanuatu,VUT,1988,
Vanuatu,VUT,1987,
Vanuatu,VUT,1986,
Vanuatu,VUT,1985,
Vanuatu,VUT,1984,
Vanuatu,VUT,1983,
Vanuatu,VUT,1982,
Vanuatu,VUT,1981,
Vanuatu,VUT,1980,
Vanuatu,VUT,1979,
Vanuatu,VUT,1978,
Vanuatu,VUT,1977,
Vanuatu,VUT,1976,
Vanuatu,VUT,1975,
Vanuatu,VUT,1974,
Vanuatu,VUT,1973,
Vanuatu,VUT,1972,
Vanuatu,VUT,1971,
Vanuatu,VUT,1970,
Vanuatu,VUT,1969,
Vanuatu,VUT,1968,
Vanuatu,VUT,1967,
Vanuatu,VUT,1966,
Vanuatu,VUT,1965,
Vanuatu,VUT,1964,
Vanuatu,VUT,1963,
Vanuatu,VUT,1962,
Vanuatu,VUT,1961,
Vanuatu,VUT,1960,
"Venezuela, RB",VEN,2025,
"Venezuela, RB",VEN,2024,
"Venezuela, RB",VEN,2023,
"Venezuela, RB",VEN,2022,
"Venezuela, RB",VEN,2021,
"Venezuela, RB",VEN,2020,
"Venezuela, RB",VEN,2019,
"Venezuela, RB",VEN,2018,
"Venezuela, RB",VEN,2017,
"Venezuela, RB",VEN,2016,
"Venezuela, RB",VEN,2015,
"Venezuela, RB",VEN,2014,
"Venezuela, RB",VEN,2013,
"Venezuela, RB",VEN,2012,
"Venezuela, RB",VEN,2011,21241.4350725543
"Venezuela, RB",VEN,2010,20235.7105360063
"Venezuela, RB",VEN,2009,20562.3667824659
"Venezuela, RB",VEN,2008,21401.8429058296
"Venezuela, RB",VEN,2007,20236.2995307261
"Venezuela, RB",VEN,2006,18399.2533134456
"Venezuela, RB",VEN,2005,16511.2592917269
"Venezuela, RB",VEN,2004,14757.1084670299
"Venezuela, RB",VEN,2003,12359.2921584807
"Venezuela, RB",VEN,2002,13375.0548428985
"Venezuela, RB",VEN,2001,14713.666786878
"Venezuela, RB",VEN,2000,14174.4400214785
"Venezuela, RB",VEN,1999,13623.1842673737
"Venezuela, RB",VEN,1998,14567.6568561642
"Venezuela, RB",VEN,1997,14655.1472138776
"Venezuela, RB",VEN,1996,13824.4687092075
"Venezuela, RB",VEN,1995,13889.8709841398
"Venezuela, RB",VEN,1994,13369.7680990955
"Venezuela, RB",VEN,1993,13702.0472642805
"Venezuela, RB",VEN,1992,13652.2074112791
"Venezuela, RB",VEN,1991,12880.3764371674
"Venezuela, RB",VEN,1990,11627.9442509151
"Venezuela, RB",VEN,1989,
"Venezuela, RB",VEN,1988,
"Venezuela, RB",VEN,1987,
"Venezuela, RB",VEN,1986,
"Venezuela, RB",VEN,1985,
"Venezuela, RB",VEN,1984,
"Venezuela, RB",VEN,1983,
"Venezuela, RB",VEN,1982,
"Venezuela, RB",VEN,1981,
"Venezuela, RB",VEN,1980,
"Venezuela, RB",VEN,1979,
"Venezuela, RB",VEN,1978,
"Venezuela, RB",VEN,1977,
"Venezuela, RB",VEN,1976,
"Venezuela, RB",VEN,1975,
"Venezuela, RB",VEN,1974,
"Venezuela, RB",VEN,1973,
"Venezuela, RB",VEN,1972,
"Venezuela, RB",VEN,1971,
"Venezuela, RB",VEN,1970,
"Venezuela, RB",VEN,1969,
"Venezuela, RB",VEN,1968,
"Venezuela, RB",VEN,1967,
"Venezuela, RB",VEN,1966,
"Venezuela, RB",VEN,1965,
"Venezuela, RB",VEN,1964,
"Venezuela, RB",VEN,1963,
"Venezuela, RB",VEN,1962,
"Venezuela, RB",VEN,1961,
"Venezuela, RB",VEN,1960,
Viet Nam,VNM,2025,
Viet Nam,VNM,2024,16385.5065565458
Viet Nam,VNM,2023,15033.8768594355
Viet Nam,VNM,2022,13905.1536875216
Viet Nam,VNM,2021,12048.9019935536
Viet Nam,VNM,2020,11609.3177276423
Viet Nam,VNM,2019,11029.2732083963
Viet Nam,VNM,2018,10009.9714756006
Viet Nam,VNM,2017,9169.73192052855
Viet Nam,VNM,2016,8374.50684516118
Viet Nam,VNM,2015,7671.5819778084
Viet Nam,VNM,2014,7296.8794808738
Viet Nam,VNM,2013,6758.40433634749
Viet Nam,VNM,2012,6376.79765706172
Viet Nam,VNM,2011,5786.12348870721
Viet Nam,VNM,2010,5389.21956993674
Viet Nam,VNM,2009,5060.73212267196
Viet Nam,VNM,2008,4844.06704751546
Viet Nam,VNM,2007,4580.79431138427
Viet Nam,VNM,2006,4237.40088094732
Viet Nam,VNM,2005,3893.66509422594
Viet Nam,VNM,2004,3543.09915520461
Viet Nam,VNM,2003,3239.77125909915
Viet Nam,VNM,2002,3001.87038766922
Viet Nam,VNM,2001,2808.83181908363
Viet Nam,VNM,2000,2614.11840366563
Viet Nam,VNM,1999,2420.93500045669
Viet Nam,VNM,1998,2308.28163601792
Viet Nam,VNM,1997,2189.41027728134
Viet Nam,VNM,1996,2019.18249095772
Viet Nam,VNM,1995,1841.35026852777
Viet Nam,VNM,1994,1674.23712200714
Viet Nam,VNM,1993,1533.5557317551
Viet Nam,VNM,1992,1413.07495323177
Viet Nam,VNM,1991,1297.66060488636
Viet Nam,VNM,1990,1209.68644469775
Viet Nam,VNM,1989,
Viet Nam,VNM,1988,
Viet Nam,VNM,1987,
Viet Nam,VNM,1986,
Viet Nam,VNM,1985,
Viet Nam,VNM,1984,
Viet Nam,VNM,1983,
Viet Nam,VNM,1982,
Viet Nam,VNM,1981,
Viet Nam,VNM,1980,
Viet Nam,VNM,1979,
Viet Nam,VNM,1978,
Viet Nam,VNM,1977,
Viet Nam,VNM,1976,
Viet Nam,VNM,1975,
Viet Nam,VNM,1974,
Viet Nam,VNM,1973,
Viet Nam,VNM,1972,
Viet Nam,VNM,1971,
Viet Nam,VNM,1970,
Viet Nam,VNM,1969,
Viet Nam,VNM,1968,
Viet Nam,VNM,1967,
Viet Nam,VNM,1966,
Viet Nam,VNM,1965,
Viet Nam,VNM,1964,
Viet Nam,VNM,1963,
Viet Nam,VNM,1962,
Viet Nam,VNM,1961,
Viet Nam,VNM,1960,
Virgin Islands (U.S.),VIR,2025,
Virgin Islands (U.S.),VIR,2024,
Virgin Islands (U.S.),VIR,2023,
Virgin Islands (U.S.),VIR,2022,49793.0324395716
Virgin Islands (U.S.),VIR,2021,46893.5496988741
Virgin Islands (U.S.),VIR,2020,41749.0800364553
Virgin Islands (U.S.),VIR,2019,40021.7775798024
Virgin Islands (U.S.),VIR,2018,36746.4868901838
Virgin Islands (U.S.),VIR,2017,33893.5501815475
Virgin Islands (U.S.),VIR,2016,33470.5904765526
Virgin Islands (U.S.),VIR,2015,32573.7166812174
Virgin Islands (U.S.),VIR,2014,32360.9003833552
Virgin Islands (U.S.),VIR,2013,32333.9108031447
Virgin Islands (U.S.),VIR,2012,33878.983108434
Virgin Islands (U.S.),VIR,2011,39006.0820134517
Virgin Islands (U.S.),VIR,2010,41607.5668567026
Virgin Islands (U.S.),VIR,2009,40846.5620058047
Virgin Islands (U.S.),VIR,2008,43465.2346944723
Virgin Islands (U.S.),VIR,2007,42153.5396586495
Virgin Islands (U.S.),VIR,2006,39447.4212008188
Virgin Islands (U.S.),VIR,2005,36942.8365046874
Virgin Islands (U.S.),VIR,2004,34609.1947981106
Virgin Islands (U.S.),VIR,2003,32618.9563705938
Virgin Islands (U.S.),VIR,2002,32113.4399904542
Virgin Islands (U.S.),VIR,2001,
Virgin Islands (U.S.),VIR,2000,
Virgin Islands (U.S.),VIR,1999,
Virgin Islands (U.S.),VIR,1998,
Virgin Islands (U.S.),VIR,1997,
Virgin Islands (U.S.),VIR,1996,
Virgin Islands (U.S.),VIR,1995,
Virgin Islands (U.S.),VIR,1994,
Virgin Islands (U.S.),VIR,1993,
Virgin Islands (U.S.),VIR,1992,
Virgin Islands (U.S.),VIR,1991,
Virgin Islands (U.S.),VIR,1990,
Virgin Islands (U.S.),VIR,1989,
Virgin Islands (U.S.),VIR,1988,
Virgin Islands (U.S.),VIR,1987,
Virgin Islands (U.S.),VIR,1986,
Virgin Islands (U.S.),VIR,1985,
Virgin Islands (U.S.),VIR,1984,
Virgin Islands (U.S.),VIR,1983,
Virgin Islands (U.S.),VIR,1982,
Virgin Islands (U.S.),VIR,1981,
Virgin Islands (U.S.),VIR,1980,
Virgin Islands (U.S.),VIR,1979,
Virgin Islands (U.S.),VIR,1978,
Virgin Islands (U.S.),VIR,1977,
Virgin Islands (U.S.),VIR,1976,
Virgin Islands (U.S.),VIR,1975,
Virgin Islands (U.S.),VIR,1974,
Virgin Islands (U.S.),VIR,1973,
Virgin Islands (U.S.),VIR,1972,
Virgin Islands (U.S.),VIR,1971,
Virgin Islands (U.S.),VIR,1970,
Virgin Islands (U.S.),VIR,1969,
Virgin Islands (U.S.),VIR,1968,
Virgin Islands (U.S.),VIR,1967,
Virgin Islands (U.S.),VIR,1966,
Virgin Islands (U.S.),VIR,1965,
Virgin Islands (U.S.),VIR,1964,
Virgin Islands (U.S.),VIR,1963,
Virgin Islands (U.S.),VIR,1962,
Virgin Islands (U.S.),VIR,1961,
Virgin Islands (U.S.),VIR,1960,
West Bank and Gaza,PSE,2025,
West Bank and Gaza,PSE,2024,4371.11135857265
West Bank and Gaza,PSE,2023,5950.02006184393
West Bank and Gaza,PSE,2022,6163.24897837613
West Bank and Gaza,PSE,2021,5663.12160743584
West Bank and Gaza,PSE,2020,5956.28620064819
West Bank and Gaza,PSE,2019,6508.44835080318
West Bank and Gaza,PSE,2018,6215.81647317396
West Bank and Gaza,PSE,2017,6106.64574037122
West Bank and Gaza,PSE,2016,6062.23274844577
West Bank and Gaza,PSE,2015,5769.98236633203
West Bank and Gaza,PSE,2014,5381.63690987475
West Bank and Gaza,PSE,2013,5287.84746119629
West Bank and Gaza,PSE,2012,5214.64865399127
West Bank and Gaza,PSE,2011,4494.7313227255
West Bank and Gaza,PSE,2010,4120.86066344952
West Bank and Gaza,PSE,2009,3950.27978346055
West Bank and Gaza,PSE,2008,3713.1321585765
West Bank and Gaza,PSE,2007,3485.61271825977
West Bank and Gaza,PSE,2006,3354.42846587081
West Bank and Gaza,PSE,2005,3371.90248033402
West Bank and Gaza,PSE,2004,3013.73941946893
West Bank and Gaza,PSE,2003,2469.37980394625
West Bank and Gaza,PSE,2002,2178.86306478836
West Bank and Gaza,PSE,2001,2515.15452938217
West Bank and Gaza,PSE,2000,2782.51388482361
West Bank and Gaza,PSE,1999,3052.45655769746
West Bank and Gaza,PSE,1998,2851.63309846585
West Bank and Gaza,PSE,1997,2530.23916066771
West Bank and Gaza,PSE,1996,2268.51946981962
West Bank and Gaza,PSE,1995,2301.80107461461
West Bank and Gaza,PSE,1994,2201.10824211336
West Bank and Gaza,PSE,1993,
West Bank and Gaza,PSE,1992,
West Bank and Gaza,PSE,1991,
West Bank and Gaza,PSE,1990,
West Bank and Gaza,PSE,1989,
West Bank and Gaza,PSE,1988,
West Bank and Gaza,PSE,1987,
West Bank and Gaza,PSE,1986,
West Bank and Gaza,PSE,1985,
West Bank and Gaza,PSE,1984,
West Bank and Gaza,PSE,1983,
West Bank and Gaza,PSE,1982,
West Bank and Gaza,PSE,1981,
West Bank and Gaza,PSE,1980,
West Bank and Gaza,PSE,1979,
West Bank and Gaza,PSE,1978,
West Bank and Gaza,PSE,1977,
West Bank and Gaza,PSE,1976,
West Bank and Gaza,PSE,1975,
West Bank and Gaza,PSE,1974,
West Bank and Gaza,PSE,1973,
West Bank and Gaza,PSE,1972,
West Bank and Gaza,PSE,1971,
West Bank and Gaza,PSE,1970,
West Bank and Gaza,PSE,1969,
West Bank and Gaza,PSE,1968,
West Bank and Gaza,PSE,1967,
West Bank and Gaza,PSE,1966,
West Bank and Gaza,PSE,1965,
West Bank and Gaza,PSE,1964,
West Bank and Gaza,PSE,1963,
West Bank and Gaza,PSE,1962,
West Bank and Gaza,PSE,1961,
West Bank and Gaza,PSE,1960,
"Yemen, Rep.",YEM,2025,
"Yemen, Rep.",YEM,2024,
"Yemen, Rep.",YEM,2023,
"Yemen, Rep.",YEM,2022,
"Yemen, Rep.",YEM,2021,
"Yemen, Rep.",YEM,2020,
"Yemen, Rep.",YEM,2019,
"Yemen, Rep.",YEM,2018,
"Yemen, Rep.",YEM,2017,
"Yemen, Rep.",YEM,2016,
"Yemen, Rep.",YEM,2015,
"Yemen, Rep.",YEM,2014,
"Yemen, Rep.",YEM,2013,3164.32154223615
"Yemen, Rep.",YEM,2012,3004.92091434025
"Yemen, Rep.",YEM,2011,3113.38292725279
"Yemen, Rep.",YEM,2010,3603.03505664196
"Yemen, Rep.",YEM,2009,3410.61029534486
"Yemen, Rep.",YEM,2008,3369.54629170399
"Yemen, Rep.",YEM,2007,3293.63344207387
"Yemen, Rep.",YEM,2006,3205.30827063904
"Yemen, Rep.",YEM,2005,3113.44691089689
"Yemen, Rep.",YEM,2004,2948.84642049672
"Yemen, Rep.",YEM,2003,2844.12977507524
"Yemen, Rep.",YEM,2002,2768.48728890232
"Yemen, Rep.",YEM,2001,2701.87263707734
"Yemen, Rep.",YEM,2000,2623.64018991703
"Yemen, Rep.",YEM,1999,2491.67257123887
"Yemen, Rep.",YEM,1998,2442.39799799666
"Yemen, Rep.",YEM,1997,2351.32028909614
"Yemen, Rep.",YEM,1996,2267.70062252837
"Yemen, Rep.",YEM,1995,2201.15021978522
"Yemen, Rep.",YEM,1994,2114.93134320398
"Yemen, Rep.",YEM,1993,2013.25067562286
"Yemen, Rep.",YEM,1992,1963.42389136729
"Yemen, Rep.",YEM,1991,1842.82905725505
"Yemen, Rep.",YEM,1990,1742.4937136509
"Yemen, Rep.",YEM,1989,
"Yemen, Rep.",YEM,1988,
"Yemen, Rep.",YEM,1987,
"Yemen, Rep.",YEM,1986,
"Yemen, Rep.",YEM,1985,
"Yemen, Rep.",YEM,1984,
"Yemen, Rep.",YEM,1983,
"Yemen, Rep.",YEM,1982,
"Yemen, Rep.",YEM,1981,
"Yemen, Rep.",YEM,1980,
"Yemen, Rep.",YEM,1979,
"Yemen, Rep.",YEM,1978,
"Yemen, Rep.",YEM,1977,
"Yemen, Rep.",YEM,1976,
"Yemen, Rep.",YEM,1975,
"Yemen, Rep.",YEM,1974,
"Yemen, Rep.",YEM,1973,
"Yemen, Rep.",YEM,1972,
"Yemen, Rep.",YEM,1971,
"Yemen, Rep.",YEM,1970,
"Yemen, Rep.",YEM,1969,
"Yemen, Rep.",YEM,1968,
"Yemen, Rep.",YEM,1967,
"Yemen, Rep.",YEM,1966,
"Yemen, Rep.",YEM,1965,
"Yemen, Rep.",YEM,1964,
"Yemen, Rep.",YEM,1963,
"Yemen, Rep.",YEM,1962,
"Yemen, Rep.",YEM,1961,
"Yemen, Rep.",YEM,1960,
Zambia,ZMB,2025,
Zambia,ZMB,2024,4214.89277804799
Zambia,ZMB,2023,4076.99508686641
Zambia,ZMB,2022,3840.72450511139
Zambia,ZMB,2021,3503.03491418372
Zambia,ZMB,2020,3157.30009311643
Zambia,ZMB,2019,3361.39750299612
Zambia,ZMB,2018,3442.27307196302
Zambia,ZMB,2017,3391.62768492775
Zambia,ZMB,2016,3313.35121570029
Zambia,ZMB,2015,3337.47306887696
Zambia,ZMB,2014,3441.31497643775
Zambia,ZMB,2013,3477.28178777683
Zambia,ZMB,2012,3323.63312219856
Zambia,ZMB,2011,3228.48714255039
Zambia,ZMB,2010,3097.66400499243
Zambia,ZMB,2009,2872.46418366268
Zambia,ZMB,2008,2708.00819669101
Zambia,ZMB,2007,2554.68937629218
Zambia,ZMB,2006,2377.99239778211
Zambia,ZMB,2005,2212.81202553596
Zambia,ZMB,2004,2067.9372845653
Zambia,ZMB,2003,1942.21520871647
Zambia,ZMB,2002,1837.06585172035
Zambia,ZMB,2001,1785.06711385476
Zambia,ZMB,2000,1708.51552615927
Zambia,ZMB,1999,1653.83649536649
Zambia,ZMB,1998,1600.62825155996
Zambia,ZMB,1997,1631.17313845153
Zambia,ZMB,1996,1584.58166347442
Zambia,ZMB,1995,1501.39106250692
Zambia,ZMB,1994,1464.05611720688
Zambia,ZMB,1993,1606.66943649345
Zambia,ZMB,1992,1505.02647935462
Zambia,ZMB,1991,1534.00129938977
Zambia,ZMB,1990,1521.62416937243
Zambia,ZMB,1989,
Zambia,ZMB,1988,
Zambia,ZMB,1987,
Zambia,ZMB,1986,
Zambia,ZMB,1985,
Zambia,ZMB,1984,
Zambia,ZMB,1983,
Zambia,ZMB,1982,
Zambia,ZMB,1981,
Zambia,ZMB,1980,
Zambia,ZMB,1979,
Zambia,ZMB,1978,
Zambia,ZMB,1977,
Zambia,ZMB,1976,
Zambia,ZMB,1975,
Zambia,ZMB,1974,
Zambia,ZMB,1973,
Zambia,ZMB,1972,
Zambia,ZMB,1971,
Zambia,ZMB,1970,
Zambia,ZMB,1969,
Zambia,ZMB,1968,
Zambia,ZMB,1967,
Zambia,ZMB,1966,
Zambia,ZMB,1965,
Zambia,ZMB,1964,
Zambia,ZMB,1963,
Zambia,ZMB,1962,
Zambia,ZMB,1961,
Zambia,ZMB,1960,
Zimbabwe,ZWE,2025,
Zimbabwe,ZWE,2024,5928.0806252756
Zimbabwe,ZWE,2023,5791.19212877988
Zimbabwe,ZWE,2022,5395.8562980064
Zimbabwe,ZWE,2021,4827.0886936086
Zimbabwe,ZWE,2020,4178.58557943828
Zimbabwe,ZWE,2019,4165.55567835558
Zimbabwe,ZWE,2018,3992.890718675
Zimbabwe,ZWE,2017,10756.4454416985
Zimbabwe,ZWE,2016,4275.4493505094
Zimbabwe,ZWE,2015,4045.89864738798
Zimbabwe,ZWE,2014,3903.42797706084
Zimbabwe,ZWE,2013,3783.94633704647
Zimbabwe,ZWE,2012,3472.48572001016
Zimbabwe,ZWE,2011,3047.31708873749
Zimbabwe,ZWE,2010,2661.36483256213
Zimbabwe,ZWE,2009,2232.8525728967
Zimbabwe,ZWE,2008,1986.90882459937
Zimbabwe,ZWE,2007,2396.37835055325
Zimbabwe,ZWE,2006,2453.75642369722
Zimbabwe,ZWE,2005,2495.92081736268
Zimbabwe,ZWE,2004,2591.02005431794
Zimbabwe,ZWE,2003,2707.98957173272
Zimbabwe,ZWE,2002,3237.57082661378
Zimbabwe,ZWE,2001,3533.08605903604
Zimbabwe,ZWE,2000,3429.12057152309
Zimbabwe,ZWE,1999,3490.85723088472
Zimbabwe,ZWE,1998,3527.15454598776
Zimbabwe,ZWE,1997,3457.06927971344
Zimbabwe,ZWE,1996,3372.4697143022
Zimbabwe,ZWE,1995,3051.16830439046
Zimbabwe,ZWE,1994,3011.63318948501
Zimbabwe,ZWE,1993,2702.57555861021
Zimbabwe,ZWE,1992,2650.99889602854
Zimbabwe,ZWE,1991,2930.32330543328
Zimbabwe,ZWE,1990,2756.77305553483
Zimbabwe,ZWE,1989,
Zimbabwe,ZWE,1988,
Zimbabwe,ZWE,1987,
Zimbabwe,ZWE,1986,
Zimbabwe,ZWE,1985,
Zimbabwe,ZWE,1984,
Zimbabwe,ZWE,1983,
Zimbabwe,ZWE,1982,
Zimbabwe,ZWE,1981,
Zimbabwe,ZWE,1980,
Zimbabwe,ZWE,1979,
Zimbabwe,ZWE,1978,
Zimbabwe,ZWE,1977,
Zimbabwe,ZWE,1976,
Zimbabwe,ZWE,1975,
Zimbabwe,ZWE,1974,
Zimbabwe,ZWE,1973,
Zimbabwe,ZWE,1972,
Zimbabwe,ZWE,1971,
Zimbabwe,ZWE,1970,
Zimbabwe,ZWE,1969,
Zimbabwe,ZWE,1968,
Zimbabwe,ZWE,1967,
Zimbabwe,ZWE,1966,
Zimbabwe,ZWE,1965,
Zimbabwe,ZWE,1964,
Zimbabwe,ZWE,1963,
Zimbabwe,ZWE,1962,
Zimbabwe,ZWE,1961,
Zimbabwe,ZWE,1960,
