country,country_code,year,inflation
Afghanistan,AFG,2025,
Afghanistan,AFG,2024,-6.60118564073725
Afghanistan,AFG,2023,-4.64470870797774
Afghanistan,AFG,2022,13.7121023720064
Afghanistan,AFG,2021,5.13320340824962
Afghanistan,AFG,2020,5.60188791482224
Afghanistan,AFG,2019,2.30237251516833
Afghanistan,AFG,2018,0.626149149168846
Afghanistan,AFG,2017,4.97595150553832
Afghanistan,AFG,2016,4.38389195513914
Afghanistan,AFG,2015,-0.661709164713741
Afghanistan,AFG,2014,4.67399603536344
Afghanistan,AFG,2013,7.38577178397855
Afghanistan,AFG,2012,6.44121280934117
Afghanistan,AFG,2011,11.8041858089129
Afghanistan,AFG,2010,2.17853752389418
Afghanistan,AFG,2009,-6.81116108898995
Afghanistan,AFG,2008,26.4186641547443
Afghanistan,AFG,2007,8.68057078513405
Afghanistan,AFG,2006,6.78459655001655
Afghanistan,AFG,2005,12.6862687216715
Afghanistan,AFG,2004,
Afghanistan,AFG,2003,
Afghanistan,AFG,2002,
Afghanistan,AFG,2001,
Afghanistan,AFG,2000,
Afghanistan,AFG,1999,
Afghanistan,AFG,1998,
Afghanistan,AFG,1997,
Afghanistan,AFG,1996,
Afghanistan,AFG,1995,
Afghanistan,AFG,1994,
Afghanistan,AFG,1993,
Afghanistan,AFG,1992,
Afghanistan,AFG,1991,
Afghanistan,AFG,1990,
Afghanistan,AFG,1989,
Afghanistan,AFG,1988,
Afghanistan,AFG,1987,
Afghanistan,AFG,1986,
Afghanistan,AFG,1985,
Afghanistan,AFG,1984,
Afghanistan,AFG,1983,
Afghanistan,AFG,1982,
Afghanistan,AFG,1981,
Afghanistan,AFG,1980,
Afghanistan,AFG,1979,
Afghanistan,AFG,1978,
Afghanistan,AFG,1977,
Afghanistan,AFG,1976,
Afghanistan,AFG,1975,
Afghanistan,AFG,1974,
Afghanistan,AFG,1973,
Afghanistan,AFG,1972,
Afghanistan,AFG,1971,
Afghanistan,AFG,1970,
Afghanistan,AFG,1969,
Afghanistan,AFG,1968,
Afghanistan,AFG,1967,
Afghanistan,AFG,1966,
Afghanistan,AFG,1965,
Afghanistan,AFG,1964,
Afghanistan,AFG,1963,
Afghanistan,AFG,1962,
Afghanistan,AFG,1961,
Afghanistan,AFG,1960,
Albania,ALB,2025,
Albania,ALB,2024,2.21587375089991
Albania,ALB,2023,4.75834555150038
Albania,ALB,2022,6.72520271530059
Albania,ALB,2021,2.04147163139544
Albania,ALB,2020,1.6208866171702
Albania,ALB,2019,1.41109078954242
Albania,ALB,2018,2.02805963071134
Albania,ALB,2017,1.98666133171194
Albania,ALB,2016,1.27543168367423
Albania,ALB,2015,1.89617402592356
Albania,ALB,2014,1.62586504402613
Albania,ALB,2013,1.93762080205223
Albania,ALB,2012,2.03159268395296
Albania,ALB,2011,3.42807130141501
Albania,ALB,2010,3.62710091517479
Albania,ALB,2009,2.26692209450826
Albania,ALB,2008,3.32087090389274
Albania,ALB,2007,2.93268248162317
Albania,ALB,2006,2.37072831904284
Albania,ALB,2005,2.36658195679795
Albania,ALB,2004,2.28001916938098
Albania,ALB,2003,0.484002611818502
Albania,ALB,2002,7.7705258343155
Albania,ALB,2001,3.10758827031435
Albania,ALB,2000,0.0500181363468103
Albania,ALB,1999,0.389437653561628
Albania,ALB,1998,20.6428588670596
Albania,ALB,1997,33.1802743753956
Albania,ALB,1996,12.7254778087102
Albania,ALB,1995,7.79321853789214
Albania,ALB,1994,22.5650526933695
Albania,ALB,1993,85.0047512387156
Albania,ALB,1992,226.005421253525
Albania,ALB,1991,
Albania,ALB,1990,
Albania,ALB,1989,
Albania,ALB,1988,
Albania,ALB,1987,
Albania,ALB,1986,
Albania,ALB,1985,
Albania,ALB,1984,
Albania,ALB,1983,
Albania,ALB,1982,
Albania,ALB,1981,
Albania,ALB,1980,
Albania,ALB,1979,
Albania,ALB,1978,
Albania,ALB,1977,
Albania,ALB,1976,
Albania,ALB,1975,
Albania,ALB,1974,
Albania,ALB,1973,
Albania,ALB,1972,
Albania,ALB,1971,
Albania,ALB,1970,
Albania,ALB,1969,
Albania,ALB,1968,
Albania,ALB,1967,
Albania,ALB,1966,
Albania,ALB,1965,
Albania,ALB,1964,
Albania,ALB,1963,
Albania,ALB,1962,
Albania,ALB,1961,
Albania,ALB,1960,
Algeria,DZA,2025,
Algeria,DZA,2024,4.04611455313434
Algeria,DZA,2023,9.32217375928322
Algeria,DZA,2022,9.26551551551552
Algeria,DZA,2021,7.22606307415477
Algeria,DZA,2020,2.41513094083413
Algeria,DZA,2019,1.95176821052891
Algeria,DZA,2018,4.26999020467083
Algeria,DZA,2017,5.59111590961663
Algeria,DZA,2016,6.39769480268756
Algeria,DZA,2015,4.78444700693889
Algeria,DZA,2014,2.91692692067458
Algeria,DZA,2013,3.25423910998847
Algeria,DZA,2012,8.89145091062317
Algeria,DZA,2011,4.5242115050527
Algeria,DZA,2010,3.91106195534028
Algeria,DZA,2009,5.73706036145627
Algeria,DZA,2008,4.85859062814938
Algeria,DZA,2007,3.67899574741699
Algeria,DZA,2006,2.31149918514423
Algeria,DZA,2005,1.38244656662118
Algeria,DZA,2004,3.96180030257187
Algeria,DZA,2003,4.268953958395
Algeria,DZA,2002,1.4183019234505
Algeria,DZA,2001,4.22598834854673
Algeria,DZA,2000,0.339163189071768
Algeria,DZA,1999,2.64551113392798
Algeria,DZA,1998,4.95016163793114
Algeria,DZA,1997,5.73352275357186
Algeria,DZA,1996,18.6790758601749
Algeria,DZA,1995,29.7796264864998
Algeria,DZA,1994,29.0476561173071
Algeria,DZA,1993,20.5403261235826
Algeria,DZA,1992,31.6696619117149
Algeria,DZA,1991,25.8863869348513
Algeria,DZA,1990,16.6525343885432
Algeria,DZA,1989,9.30436125843165
Algeria,DZA,1988,5.91154496373488
Algeria,DZA,1987,7.44126091287247
Algeria,DZA,1986,12.3716091651298
Algeria,DZA,1985,10.4822870444467
Algeria,DZA,1984,8.116397955171
Algeria,DZA,1983,5.9671639303272
Algeria,DZA,1982,6.54250963007673
Algeria,DZA,1981,14.6548426360634
Algeria,DZA,1980,9.51782449754963
Algeria,DZA,1979,11.3486005086091
Algeria,DZA,1978,17.5239234455032
Algeria,DZA,1977,11.989283322105
Algeria,DZA,1976,9.43073540174557
Algeria,DZA,1975,8.23031665265143
Algeria,DZA,1974,4.69961240341694
Algeria,DZA,1973,6.17283950622715
Algeria,DZA,1972,3.65630712983235
Algeria,DZA,1971,2.62664165105634
Algeria,DZA,1970,6.59999999900017
Algeria,DZA,1969,
Algeria,DZA,1968,
Algeria,DZA,1967,
Algeria,DZA,1966,
Algeria,DZA,1965,
Algeria,DZA,1964,
Algeria,DZA,1963,
Algeria,DZA,1962,
Algeria,DZA,1961,
Algeria,DZA,1960,
American Samoa,ASM,2025,
American Samoa,ASM,2024,
American Samoa,ASM,2023,
American Samoa,ASM,2022,
American Samoa,ASM,2021,
American Samoa,ASM,2020,
American Samoa,ASM,2019,
American Samoa,ASM,2018,
American Samoa,ASM,2017,
American Samoa,ASM,2016,
American Samoa,ASM,2015,
American Samoa,ASM,2014,
American Samoa,ASM,2013,
American Samoa,ASM,2012,
American Samoa,ASM,2011,
American Samoa,ASM,2010,
American Samoa,ASM,2009,
American Samoa,ASM,2008,
American Samoa,ASM,2007,
American Samoa,ASM,2006,
American Samoa,ASM,2005,
American Samoa,ASM,2004,
American Samoa,ASM,2003,
American Samoa,ASM,2002,
American Samoa,ASM,2001,
American Samoa,ASM,2000,
American Samoa,ASM,1999,
American Samoa,ASM,1998,
American Samoa,ASM,1997,
American Samoa,ASM,1996,
American Samoa,ASM,1995,
American Samoa,ASM,1994,
American Samoa,ASM,1993,
American Samoa,ASM,1992,
American Samoa,ASM,1991,
American Samoa,ASM,1990,
American Samoa,ASM,1989,
American Samoa,ASM,1988,
American Samoa,ASM,1987,
American Samoa,ASM,1986,
American Samoa,ASM,1985,
American Samoa,ASM,1984,
American Samoa,ASM,1983,
American Samoa,ASM,1982,
American Samoa,ASM,1981,
American Samoa,ASM,1980,
American Samoa,ASM,1979,
American Samoa,ASM,1978,
American Samoa,ASM,1977,
American Samoa,ASM,1976,
American Samoa,ASM,1975,
American Samoa,ASM,1974,
American Samoa,ASM,1973,
American Samoa,ASM,1972,
American Samoa,ASM,1971,
American Samoa,ASM,1970,
American Samoa,ASM,1969,
American Samoa,ASM,1968,
American Samoa,ASM,1967,
American Samoa,ASM,1966,
American Samoa,ASM,1965,
American Samoa,ASM,1964,
American Samoa,ASM,1963,
American Samoa,ASM,1962,
American Samoa,ASM,1961,
American Samoa,ASM,1960,
Andorra,AND,2025,
Andorra,AND,2024,
Andorra,AND,2023,
Andorra,AND,2022,
Andorra,AND,2021,
Andorra,AND,2020,
Andorra,AND,2019,
Andorra,AND,2018,
Andorra,AND,2017,
Andorra,AND,2016,
Andorra,AND,2015,
Andorra,AND,2014,
Andorra,AND,2013,
Andorra,AND,2012,
Andorra,AND,2011,
Andorra,AND,2010,
Andorra,AND,2009,
Andorra,AND,2008,
Andorra,AND,2007,
Andorra,AND,2006,
Andorra,AND,2005,
Andorra,AND,2004,
Andorra,AND,2003,
Andorra,AND,2002,
Andorra,AND,2001,
Andorra,AND,2000,
Andorra,AND,1999,
Andorra,AND,1998,
Andorra,AND,1997,
Andorra,AND,1996,
Andorra,AND,1995,
Andorra,AND,1994,
Andorra,AND,1993,
Andorra,AND,1992,
Andorra,AND,1991,
Andorra,AND,1990,
Andorra,AND,1989,
Andorra,AND,1988,
Andorra,AND,1987,
Andorra,AND,1986,
Andorra,AND,1985,
Andorra,AND,1984,
Andorra,AND,1983,
Andorra,AND,1982,
Andorra,AND,1981,
Andorra,AND,1980,
Andorra,AND,1979,
Andorra,AND,1978,
Andorra,AND,1977,
Andorra,AND,1976,
Andorra,AND,1975,
Andorra,AND,1974,
Andorra,AND,1973,
Andorra,AND,1972,
Andorra,AND,1971,
Andorra,AND,1970,
Andorra,AND,1969,
Andorra,AND,1968,
Andorra,AND,1967,
Andorra,AND,1966,
Andorra,AND,1965,
Andorra,AND,1964,
Andorra,AND,1963,
Andorra,AND,1962,
Andorra,AND,1961,
Andorra,AND,1960,
Angola,AGO,2025,
Angola,AGO,2024,28.2404948915772
Angola,AGO,2023,13.6441017767714
Angola,AGO,2022,21.3552901320822
Angola,AGO,2021,25.754294884189
Angola,AGO,2020,22.2715392470509
Angola,AGO,2019,17.080954143438
Angola,AGO,2018,19.628937970152
Angola,AGO,2017,29.8444799015679
Angola,AGO,2016,30.6944150806719
Angola,AGO,2015,9.35597215533783
Angola,AGO,2014,7.2803873036112
Angola,AGO,2013,8.77781429332623
Angola,AGO,2012,10.2779049218839
Angola,AGO,2011,13.4824679218511
Angola,AGO,2010,14.4696564932576
Angola,AGO,2009,13.7302839288408
Angola,AGO,2008,12.4758291326397
Angola,AGO,2007,12.2514974459486
Angola,AGO,2006,13.3052101780031
Angola,AGO,2005,22.9535138513939
Angola,AGO,2004,43.5421067519686
Angola,AGO,2003,98.2241436573304
Angola,AGO,2002,108.897436089429
Angola,AGO,2001,152.561022469298
Angola,AGO,2000,324.99687160132
Angola,AGO,1999,248.195902412868
Angola,AGO,1998,107.284821528298
Angola,AGO,1997,219.176721172974
Angola,AGO,1996,4145.10598220637
Angola,AGO,1995,2666.45059288537
Angola,AGO,1994,949.792531120331
Angola,AGO,1993,1378.52760736196
Angola,AGO,1992,299.509803921568
Angola,AGO,1991,83.7837837837837
Angola,AGO,1990,
Angola,AGO,1989,
Angola,AGO,1988,
Angola,AGO,1987,
Angola,AGO,1986,
Angola,AGO,1985,
Angola,AGO,1984,
Angola,AGO,1983,
Angola,AGO,1982,
Angola,AGO,1981,
Angola,AGO,1980,
Angola,AGO,1979,
Angola,AGO,1978,
Angola,AGO,1977,
Angola,AGO,1976,
Angola,AGO,1975,
Angola,AGO,1974,
Angola,AGO,1973,
Angola,AGO,1972,
Angola,AGO,1971,
Angola,AGO,1970,
Angola,AGO,1969,
Angola,AGO,1968,
Angola,AGO,1967,
Angola,AGO,1966,
Angola,AGO,1965,
Angola,AGO,1964,
Angola,AGO,1963,
Angola,AGO,1962,
Angola,AGO,1961,
Angola,AGO,1960,
Antigua and Barbuda,ATG,2025,
Antigua and Barbuda,ATG,2024,6.19886698842115
Antigua and Barbuda,ATG,2023,5.06713865364212
Antigua and Barbuda,ATG,2022,7.53107834634288
Antigua and Barbuda,ATG,2021,2.06299638545334
Antigua and Barbuda,ATG,2020,0.625989707046719
Antigua and Barbuda,ATG,2019,1.43135598182983
Antigua and Barbuda,ATG,2018,1.20715793367007
Antigua and Barbuda,ATG,2017,2.43248789041362
Antigua and Barbuda,ATG,2016,-0.489437796230498
Antigua and Barbuda,ATG,2015,0.968993458825638
Antigua and Barbuda,ATG,2014,1.08944157435355
Antigua and Barbuda,ATG,2013,1.05949782356169
Antigua and Barbuda,ATG,2012,3.37688044338874
Antigua and Barbuda,ATG,2011,3.4567496723461
Antigua and Barbuda,ATG,2010,3.37002540220147
Antigua and Barbuda,ATG,2009,-0.550159995508913
Antigua and Barbuda,ATG,2008,5.33380639820233
Antigua and Barbuda,ATG,2007,1.4160525940974
Antigua and Barbuda,ATG,2006,1.7877853741912
Antigua and Barbuda,ATG,2005,2.09875196709308
Antigua and Barbuda,ATG,2004,2.03007757853236
Antigua and Barbuda,ATG,2003,1.99353055152453
Antigua and Barbuda,ATG,2002,2.4076580129349
Antigua and Barbuda,ATG,2001,1.40279663573988
Antigua and Barbuda,ATG,2000,0.77177979690018
Antigua and Barbuda,ATG,1999,1.12128789571146
Antigua and Barbuda,ATG,1998,
Antigua and Barbuda,ATG,1997,
Antigua and Barbuda,ATG,1996,
Antigua and Barbuda,ATG,1995,
Antigua and Barbuda,ATG,1994,
Antigua and Barbuda,ATG,1993,
Antigua and Barbuda,ATG,1992,
Antigua and Barbuda,ATG,1991,
Antigua and Barbuda,ATG,1990,
Antigua and Barbuda,ATG,1989,
Antigua and Barbuda,ATG,1988,
Antigua and Barbuda,ATG,1987,
Antigua and Barbuda,ATG,1986,
Antigua and Barbuda,ATG,1985,
Antigua and Barbuda,ATG,1984,
Antigua and Barbuda,ATG,1983,
Antigua and Barbuda,ATG,1982,
Antigua and Barbuda,ATG,1981,
Antigua and Barbuda,ATG,1980,
Antigua and Barbuda,ATG,1979,
Antigua and Barbuda,ATG,1978,
Antigua and Barbuda,ATG,1977,
Antigua and Barbuda,ATG,1976,
Antigua and Barbuda,ATG,1975,
Antigua and Barbuda,ATG,1974,
Antigua and Barbuda,ATG,1973,
Antigua and Barbuda,ATG,1972,
Antigua and Barbuda,ATG,1971,
Antigua and Barbuda,ATG,1970,
Antigua and Barbuda,ATG,1969,
Antigua and Barbuda,ATG,1968,
Antigua and Barbuda,ATG,1967,
Antigua and Barbuda,ATG,1966,
Antigua and Barbuda,ATG,1965,
Antigua and Barbuda,ATG,1964,
Antigua and Barbuda,ATG,1963,
Antigua and Barbuda,ATG,1962,
Antigua and Barbuda,ATG,1961,
Antigua and Barbuda,ATG,1960,
Argentina,ARG,2025,
Argentina,ARG,2024,219.883929014578
Argentina,ARG,2023,133.488935594175
Argentina,ARG,2022,72.430757531824
Argentina,ARG,2021,48.4093786255199
Argentina,ARG,2020,42.0150947376509
Argentina,ARG,2019,53.5483043492339
Argentina,ARG,2018,34.2772237131003
Argentina,ARG,2017,
Argentina,ARG,2016,
Argentina,ARG,2015,
Argentina,ARG,2014,
Argentina,ARG,2013,
Argentina,ARG,2012,
Argentina,ARG,2011,
Argentina,ARG,2010,
Argentina,ARG,2009,
Argentina,ARG,2008,
Argentina,ARG,2007,
Argentina,ARG,2006,
Argentina,ARG,2005,
Argentina,ARG,2004,
Argentina,ARG,2003,
Argentina,ARG,2002,
Argentina,ARG,2001,
Argentina,ARG,2000,
Argentina,ARG,1999,
Argentina,ARG,1998,
Argentina,ARG,1997,
Argentina,ARG,1996,
Argentina,ARG,1995,
Argentina,ARG,1994,
Argentina,ARG,1993,
Argentina,ARG,1992,
Argentina,ARG,1991,
Argentina,ARG,1990,
Argentina,ARG,1989,
Argentina,ARG,1988,
Argentina,ARG,1987,
Argentina,ARG,1986,
Argentina,ARG,1985,
Argentina,ARG,1984,
Argentina,ARG,1983,
Argentina,ARG,1982,
Argentina,ARG,1981,
Argentina,ARG,1980,
Argentina,ARG,1979,
Argentina,ARG,1978,
Argentina,ARG,1977,
Argentina,ARG,1976,
Argentina,ARG,1975,
Argentina,ARG,1974,
Argentina,ARG,1973,
Argentina,ARG,1972,
Argentina,ARG,1971,
Argentina,ARG,1970,
Argentina,ARG,1969,
Argentina,ARG,1968,
Argentina,ARG,1967,
Argentina,ARG,1966,
Argentina,ARG,1965,
Argentina,ARG,1964,
Argentina,ARG,1963,
Argentina,ARG,1962,
Argentina,ARG,1961,
Argentina,ARG,1960,
Armenia,ARM,2025,
Armenia,ARM,2024,0.269511978259125
Armenia,ARM,2023,1.98041877615553
Armenia,ARM,2022,8.64091108973854
Armenia,ARM,2021,7.1848362944337
Armenia,ARM,2020,1.21143577838464
Armenia,ARM,2019,1.44344660770698
Armenia,ARM,2018,2.52023382001637
Armenia,ARM,2017,0.969553268816137
Armenia,ARM,2016,-1.40360755900899
Armenia,ARM,2015,3.73169119261693
Armenia,ARM,2014,2.98130868933672
Armenia,ARM,2013,5.7896677854465
Armenia,ARM,2012,2.55802007757907
Armenia,ARM,2011,7.65000807859294
Armenia,ARM,2010,8.17636138473951
Armenia,ARM,2009,3.40676682683801
Armenia,ARM,2008,8.94995335353387
Armenia,ARM,2007,4.40736089644516
Armenia,ARM,2006,2.89235662459003
Armenia,ARM,2005,0.638928002410097
Armenia,ARM,2004,6.96126135875795
Armenia,ARM,2003,4.7215533660534
Armenia,ARM,2002,1.06004929341666
Armenia,ARM,2001,3.1459046468502
Armenia,ARM,2000,-0.790883768934757
Armenia,ARM,1999,0.648245760470385
Armenia,ARM,1998,8.67248632385157
Armenia,ARM,1997,13.960764121791
Armenia,ARM,1996,18.681185640036
Armenia,ARM,1995,175.951325534583
Armenia,ARM,1994,3373.75944336293
Armenia,ARM,1993,
Armenia,ARM,1992,
Armenia,ARM,1991,
Armenia,ARM,1990,
Armenia,ARM,1989,
Armenia,ARM,1988,
Armenia,ARM,1987,
Armenia,ARM,1986,
Armenia,ARM,1985,
Armenia,ARM,1984,
Armenia,ARM,1983,
Armenia,ARM,1982,
Armenia,ARM,1981,
Armenia,ARM,1980,
Armenia,ARM,1979,
Armenia,ARM,1978,
Armenia,ARM,1977,
Armenia,ARM,1976,
Armenia,ARM,1975,
Armenia,ARM,1974,
Armenia,ARM,1973,
Armenia,ARM,1972,
Armenia,ARM,1971,
Armenia,ARM,1970,
Armenia,ARM,1969,
Armenia,ARM,1968,
Armenia,ARM,1967,
Armenia,ARM,1966,
Armenia,ARM,1965,
Armenia,ARM,1964,
Armenia,ARM,1963,
Armenia,ARM,1962,
Armenia,ARM,1961,
Armenia,ARM,1960,
Aruba,ABW,2025,
Aruba,ABW,2024,
Aruba,ABW,2023,
Aruba,ABW,2022,
Aruba,ABW,2021,
Aruba,ABW,2020,
Aruba,ABW,2019,4.25746204335427
Aruba,ABW,2018,3.6260414135296
Aruba,ABW,2017,-1.02828178762012
Aruba,ABW,2016,-0.93119598707956
Aruba,ABW,2015,0.474763597342641
Aruba,ABW,2014,0.421440918881214
Aruba,ABW,2013,-2.37206524252261
Aruba,ABW,2012,0.627471992893372
Aruba,ABW,2011,4.31629742195203
Aruba,ABW,2010,2.07814071860786
Aruba,ABW,2009,-2.13542872046937
Aruba,ABW,2008,8.95598705177784
Aruba,ABW,2007,5.39256784475516
Aruba,ABW,2006,3.60802438784541
Aruba,ABW,2005,3.39778677828805
Aruba,ABW,2004,2.52912946932762
Aruba,ABW,2003,3.65636507938418
Aruba,ABW,2002,3.31524678585423
Aruba,ABW,2001,2.88360430316263
Aruba,ABW,2000,4.04402131190512
Aruba,ABW,1999,2.28037198258753
Aruba,ABW,1998,1.8694885361554
Aruba,ABW,1997,2.99994809778412
Aruba,ABW,1996,3.22528797213979
Aruba,ABW,1995,3.36139107320898
Aruba,ABW,1994,6.31107971270439
Aruba,ABW,1993,5.2155599603571
Aruba,ABW,1992,3.87337536996479
Aruba,ABW,1991,5.55555555555579
Aruba,ABW,1990,5.83668775158165
Aruba,ABW,1989,3.99162804604575
Aruba,ABW,1988,3.12186849610722
Aruba,ABW,1987,3.64304545817705
Aruba,ABW,1986,1.07396640826828
Aruba,ABW,1985,4.03225805628627
Aruba,ABW,1984,
Aruba,ABW,1983,
Aruba,ABW,1982,
Aruba,ABW,1981,
Aruba,ABW,1980,
Aruba,ABW,1979,
Aruba,ABW,1978,
Aruba,ABW,1977,
Aruba,ABW,1976,
Aruba,ABW,1975,
Aruba,ABW,1974,
Aruba,ABW,1973,
Aruba,ABW,1972,
Aruba,ABW,1971,
Aruba,ABW,1970,
Aruba,ABW,1969,
Aruba,ABW,1968,
Aruba,ABW,1967,
Aruba,ABW,1966,
Aruba,ABW,1965,
Aruba,ABW,1964,
Aruba,ABW,1963,
Aruba,ABW,1962,
Aruba,ABW,1961,
Aruba,ABW,1960,
Australia,AUS,2025,
Australia,AUS,2024,3.16656665428797
Australia,AUS,2023,5.59701792296707
Australia,AUS,2022,6.59409658717841
Australia,AUS,2021,2.86391284709318
Australia,AUS,2020,0.846900734607273
Australia,AUS,2019,1.610770929127
Australia,AUS,2018,1.91140002818579
Australia,AUS,2017,1.94864309065653
Australia,AUS,2016,1.27699365720306
Australia,AUS,2015,1.50836803138463
Australia,AUS,2014,2.48792932080492
Australia,AUS,2013,2.44988248109259
Australia,AUS,2012,1.76278299052228
Australia,AUS,2011,3.30384784681081
Australia,AUS,2010,2.9183370211222
Australia,AUS,2009,1.77112025681656
Australia,AUS,2008,4.35029726664093
Australia,AUS,2007,2.32761442623159
Australia,AUS,2006,3.55528696972984
Australia,AUS,2005,2.69182949622197
Australia,AUS,2004,2.34325687131265
Australia,AUS,2003,2.73259754838937
Australia,AUS,2002,2.98157117047457
Australia,AUS,2001,4.40712998561533
Australia,AUS,2000,4.45743705920869
Australia,AUS,1999,1.48313946657267
Australia,AUS,1998,0.860129922016289
Australia,AUS,1997,0.224895027032537
Australia,AUS,1996,2.61537902431631
Australia,AUS,1995,4.62776445368168
Australia,AUS,1994,1.96963507094102
Australia,AUS,1993,1.75365751770527
Australia,AUS,1992,1.01222824105977
Australia,AUS,1991,3.17666872277308
Australia,AUS,1990,7.33302368375269
Australia,AUS,1989,7.53389852824955
Australia,AUS,1988,7.2159571679871
Australia,AUS,1987,8.53300355802082
Australia,AUS,1986,9.05035323321654
Australia,AUS,1985,6.73468599874501
Australia,AUS,1984,3.96040844503847
Australia,AUS,1983,10.0389003957519
Australia,AUS,1982,11.3518321308515
Australia,AUS,1981,9.48766136649872
Australia,AUS,1980,10.1358489396034
Australia,AUS,1979,9.12202056872265
Australia,AUS,1978,8.00490439376775
Australia,AUS,1977,12.3098267517375
Australia,AUS,1976,13.3229029796495
Australia,AUS,1975,15.1624202011615
Australia,AUS,1974,15.4166772694776
Australia,AUS,1973,9.09090432931634
Australia,AUS,1972,6.02410407984535
Australia,AUS,1971,6.13810838730341
Australia,AUS,1970,3.43915186655203
Australia,AUS,1969,3.27868697620866
Australia,AUS,1968,2.52100718278494
Australia,AUS,1967,3.47825912694824
Australia,AUS,1966,3.2934114693033
Australia,AUS,1965,3.40558476676981
Australia,AUS,1964,2.86622669884314
Australia,AUS,1963,0.641025285901932
Australia,AUS,1962,-0.319488641462281
Australia,AUS,1961,2.28758040719309
Australia,AUS,1960,3.7288215039735
Austria,AUT,2025,
Austria,AUT,2024,2.93791574279375
Austria,AUT,2023,7.81413417002831
Austria,AUT,2022,8.54686993188457
Austria,AUT,2021,2.7666666666667
Austria,AUT,2020,1.38191063351853
Austria,AUT,2019,1.53089564152643
Austria,AUT,2018,1.99837981429548
Austria,AUT,2017,2.08126911385586
Austria,AUT,2016,0.891591752655362
Austria,AUT,2015,0.896563335260319
Austria,AUT,2014,1.60581182954473
Austria,AUT,2013,2.00015616900597
Austria,AUT,2012,2.48567562177014
Austria,AUT,2011,3.2865791487538
Austria,AUT,2010,1.81353438995061
Austria,AUT,2009,0.506308827696504
Austria,AUT,2008,3.21595033239879
Austria,AUT,2007,2.16855528800756
Austria,AUT,2006,1.44154851119016
Austria,AUT,2005,2.29913785639285
Austria,AUT,2004,2.06120618032869
Austria,AUT,2003,1.35555370896445
Austria,AUT,2002,1.81035787764128
Austria,AUT,2001,2.65000077279529
Austria,AUT,2000,2.3448628535728
Austria,AUT,1999,0.56899376588553
Austria,AUT,1998,0.922467196680849
Austria,AUT,1997,1.30597857227691
Austria,AUT,1996,1.86097115760436
Austria,AUT,1995,2.24336631500898
Austria,AUT,1994,2.9534093676108
Austria,AUT,1993,3.6317852494318
Austria,AUT,1992,4.02084780038554
Austria,AUT,1991,3.33742703474791
Austria,AUT,1990,3.26187231878573
Austria,AUT,1989,2.56834829029371
Austria,AUT,1988,1.91571684671249
Austria,AUT,1987,1.40195271783983
Austria,AUT,1986,1.70544456731966
Austria,AUT,1985,3.18951681805194
Austria,AUT,1984,5.66318573909344
Austria,AUT,1983,3.33916453409535
Austria,AUT,1982,5.43603082512851
Austria,AUT,1981,6.80304177599254
Austria,AUT,1980,6.32832536226103
Austria,AUT,1979,3.70740096353414
Austria,AUT,1978,3.57431857551213
Austria,AUT,1977,5.49461568127671
Austria,AUT,1976,7.31868545106923
Austria,AUT,1975,8.44525863917963
Austria,AUT,1974,9.52178819742244
Austria,AUT,1973,7.53107803827119
Austria,AUT,1972,6.35514612686787
Austria,AUT,1971,4.70425813828695
Austria,AUT,1970,4.37282441582134
Austria,AUT,1969,3.08040419539536
Austria,AUT,1968,2.76486447339763
Austria,AUT,1967,3.97467292898837
Austria,AUT,1966,2.05482059257981
Austria,AUT,1965,4.93091637676273
Austria,AUT,1964,3.86856354936629
Austria,AUT,1963,2.70876699499822
Austria,AUT,1962,4.38179863851182
Austria,AUT,1961,3.54223986727562
Austria,AUT,1960,1.94574935198645
Azerbaijan,AZE,2025,
Azerbaijan,AZE,2024,2.21217188919901
Azerbaijan,AZE,2023,8.7854304984908
Azerbaijan,AZE,2022,13.8522590144267
Azerbaijan,AZE,2021,6.65029912708778
Azerbaijan,AZE,2020,2.75980947008127
Azerbaijan,AZE,2019,2.61057182799215
Azerbaijan,AZE,2018,2.26854690373999
Azerbaijan,AZE,2017,12.9359184187334
Azerbaijan,AZE,2016,12.4433748584372
Azerbaijan,AZE,2015,4.02768573742725
Azerbaijan,AZE,2014,1.37344181533176
Azerbaijan,AZE,2013,2.41571745279419
Azerbaijan,AZE,2012,1.06621339720302
Azerbaijan,AZE,2011,7.8583333333334
Azerbaijan,AZE,2010,5.72687224669605
Azerbaijan,AZE,2009,1.45704835970321
Azerbaijan,AZE,2008,20.8490871772712
Azerbaijan,AZE,2007,16.6997549618244
Azerbaijan,AZE,2006,8.32892482863209
Azerbaijan,AZE,2005,9.67950731917056
Azerbaijan,AZE,2004,6.70893042797784
Azerbaijan,AZE,2003,2.23386492967049
Azerbaijan,AZE,2002,2.7711647199827
Azerbaijan,AZE,2001,1.54719590152279
Azerbaijan,AZE,2000,1.80500303704356
Azerbaijan,AZE,1999,-8.52517000536063
Azerbaijan,AZE,1998,-0.772697886033166
Azerbaijan,AZE,1997,3.67434809684729
Azerbaijan,AZE,1996,19.7948028061898
Azerbaijan,AZE,1995,411.759641777267
Azerbaijan,AZE,1994,1662.21594875899
Azerbaijan,AZE,1993,1128.00002429404
Azerbaijan,AZE,1992,-10.63009715762
Azerbaijan,AZE,1991,
Azerbaijan,AZE,1990,
Azerbaijan,AZE,1989,
Azerbaijan,AZE,1988,
Azerbaijan,AZE,1987,
Azerbaijan,AZE,1986,
Azerbaijan,AZE,1985,
Azerbaijan,AZE,1984,
Azerbaijan,AZE,1983,
Azerbaijan,AZE,1982,
Azerbaijan,AZE,1981,
Azerbaijan,AZE,1980,
Azerbaijan,AZE,1979,
Azerbaijan,AZE,1978,
Azerbaijan,AZE,1977,
Azerbaijan,AZE,1976,
Azerbaijan,AZE,1975,
Azerbaijan,AZE,1974,
Azerbaijan,AZE,1973,
Azerbaijan,AZE,1972,
Azerbaijan,AZE,1971,
Azerbaijan,AZE,1970,
Azerbaijan,AZE,1969,
Azerbaijan,AZE,1968,
Azerbaijan,AZE,1967,
Azerbaijan,AZE,1966,
Azerbaijan,AZE,1965,
Azerbaijan,AZE,1964,
Azerbaijan,AZE,1963,
Azerbaijan,AZE,1962,
Azerbaijan,AZE,1961,
Azerbaijan,AZE,1960,
"Bahamas, The",BHS,2025,
"Bahamas, The",BHS,2024,0.409162489083286
"Bahamas, The",BHS,2023,3.05291578969742
"Bahamas, The",BHS,2022,5.60540633583043
"Bahamas, The",BHS,2021,2.90491262928478
"Bahamas, The",BHS,2020,0.0385210980054557
"Bahamas, The",BHS,2019,2.49123527368045
"Bahamas, The",BHS,2018,2.26586346678735
"Bahamas, The",BHS,2017,1.51820700736147
"Bahamas, The",BHS,2016,-0.346376929989396
"Bahamas, The",BHS,2015,1.86148302863371
"Bahamas, The",BHS,2014,1.51375643050831
"Bahamas, The",BHS,2013,0.722414784530551
"Bahamas, The",BHS,2012,1.97336755976254
"Bahamas, The",BHS,2011,3.1987814166032
"Bahamas, The",BHS,2010,1.34402738392835
"Bahamas, The",BHS,2009,2.06273473452681
"Bahamas, The",BHS,2008,4.48955995375059
"Bahamas, The",BHS,2007,2.49257794939396
"Bahamas, The",BHS,2006,2.38982627439254
"Bahamas, The",BHS,2005,1.59160618079802
"Bahamas, The",BHS,2004,0.981914036757662
"Bahamas, The",BHS,2003,3.02504526252236
"Bahamas, The",BHS,2002,2.17357792508093
"Bahamas, The",BHS,2001,2.0449897750512
"Bahamas, The",BHS,2000,1.60632941740578
"Bahamas, The",BHS,1999,1.2542482602363
"Bahamas, The",BHS,1998,1.3366133661337
"Bahamas, The",BHS,1997,0.544150383378687
"Bahamas, The",BHS,1996,1.37913741223666
"Bahamas, The",BHS,1995,2.06699495410041
"Bahamas, The",BHS,1994,1.39933423745548
"Bahamas, The",BHS,1993,2.7228976697059
"Bahamas, The",BHS,1992,5.73819886173447
"Bahamas, The",BHS,1991,7.11468120203627
"Bahamas, The",BHS,1990,4.66931912018676
"Bahamas, The",BHS,1989,5.38765822784806
"Bahamas, The",BHS,1988,4.40241182786763
"Bahamas, The",BHS,1987,5.75646401118135
"Bahamas, The",BHS,1986,5.43378154356233
"Bahamas, The",BHS,1985,4.60500963391135
"Bahamas, The",BHS,1984,3.96634615384615
"Bahamas, The",BHS,1983,3.99999999999994
"Bahamas, The",BHS,1982,6.01262101667497
"Bahamas, The",BHS,1981,11.1144984973891
"Bahamas, The",BHS,1980,12.0978372310682
"Bahamas, The",BHS,1979,9.09139326792413
"Bahamas, The",BHS,1978,6.10907035899873
"Bahamas, The",BHS,1977,3.1898763705574
"Bahamas, The",BHS,1976,4.2558365758381
"Bahamas, The",BHS,1975,10.359634997305
"Bahamas, The",BHS,1974,13.0718458387012
"Bahamas, The",BHS,1973,5.48175416169897
"Bahamas, The",BHS,1972,6.83081131902369
"Bahamas, The",BHS,1971,4.61497182668251
"Bahamas, The",BHS,1970,6.15209342130048
"Bahamas, The",BHS,1969,8.93577412289434
"Bahamas, The",BHS,1968,4.54103146287562
"Bahamas, The",BHS,1967,5.43775649904797
"Bahamas, The",BHS,1966,
"Bahamas, The",BHS,1965,
"Bahamas, The",BHS,1964,
"Bahamas, The",BHS,1963,
"Bahamas, The",BHS,1962,
"Bahamas, The",BHS,1961,
"Bahamas, The",BHS,1960,
Bahrain,BHR,2025,
Bahrain,BHR,2024,0.919635459817651
Bahrain,BHR,2023,0.0746206782192255
Bahrain,BHR,2022,3.62574104304482
Bahrain,BHR,2021,-0.60631938514085
Bahrain,BHR,2020,-2.31770629331378
Bahrain,BHR,2019,1.00582004702136
Bahrain,BHR,2018,2.08766938046978
Bahrain,BHR,2017,1.38671830576406
Bahrain,BHR,2016,2.78679347602044
Bahrain,BHR,2015,1.84862742374976
Bahrain,BHR,2014,2.64755321246188
Bahrain,BHR,2013,3.30001156888442
Bahrain,BHR,2012,2.75739669962979
Bahrain,BHR,2011,-0.40004069748808
Bahrain,BHR,2010,1.96188468334623
Bahrain,BHR,2009,2.79551283550411
Bahrain,BHR,2008,3.52600316363721
Bahrain,BHR,2007,3.25666666666703
Bahrain,BHR,2006,2.00746965452849
Bahrain,BHR,2005,2.58620689655172
Bahrain,BHR,2004,2.35294117647061
Bahrain,BHR,2003,1.59362549800786
Bahrain,BHR,2002,-0.495540138751154
Bahrain,BHR,2001,-1.20757180156659
Bahrain,BHR,2000,-0.704852953090789
Bahrain,BHR,1999,-1.28758797184909
Bahrain,BHR,1998,-0.366533864541774
Bahrain,BHR,1997,2.43155133955926
Bahrain,BHR,1996,-0.452227382530347
Bahrain,BHR,1995,2.70403475064704
Bahrain,BHR,1994,0.816910897759778
Bahrain,BHR,1993,2.53886010362695
Bahrain,BHR,1992,-0.172413793103312
Bahrain,BHR,1991,0.764419735927608
Bahrain,BHR,1990,0.929335437489092
Bahrain,BHR,1989,1.48589732182571
Bahrain,BHR,1988,0.303435966086577
Bahrain,BHR,1987,-1.7450017537706
Bahrain,BHR,1986,-2.2960932141956
Bahrain,BHR,1985,-2.6359693029697
Bahrain,BHR,1984,0.322399250235326
Bahrain,BHR,1983,2.97239915075072
Bahrain,BHR,1982,8.88571308471458
Bahrain,BHR,1981,11.3445968083975
Bahrain,BHR,1980,3.86952505941502
Bahrain,BHR,1979,2.20599195116766
Bahrain,BHR,1978,15.7855375941986
Bahrain,BHR,1977,17.7311208942372
Bahrain,BHR,1976,22.4957665759639
Bahrain,BHR,1975,16.1597821153706
Bahrain,BHR,1974,24.3929983061798
Bahrain,BHR,1973,14.3318269849978
Bahrain,BHR,1972,5.08819538648814
Bahrain,BHR,1971,5.78947368498404
Bahrain,BHR,1970,1.62898127839351
Bahrain,BHR,1969,-0.194127638923919
Bahrain,BHR,1968,3.25732899024461
Bahrain,BHR,1967,4.2580982230929
Bahrain,BHR,1966,2.1344717185224
Bahrain,BHR,1965,
Bahrain,BHR,1964,
Bahrain,BHR,1963,
Bahrain,BHR,1962,
Bahrain,BHR,1961,
Bahrain,BHR,1960,
Bangladesh,BGD,2025,
Bangladesh,BGD,2024,10.4657482763412
Bangladesh,BGD,2023,9.8835030377921
Bangladesh,BGD,2022,7.69695437176898
Bangladesh,BGD,2021,5.54565430773473
Bangladesh,BGD,2020,5.69107474746211
Bangladesh,BGD,2019,5.59199639930629
Bangladesh,BGD,2018,5.54362139486476
Bangladesh,BGD,2017,5.70207015717238
Bangladesh,BGD,2016,5.51352572692995
Bangladesh,BGD,2015,6.19428022984983
Bangladesh,BGD,2014,6.99163889220848
Bangladesh,BGD,2013,7.53040640913172
Bangladesh,BGD,2012,6.21750422069283
Bangladesh,BGD,2011,11.3951651552399
Bangladesh,BGD,2010,8.12667639169917
Bangladesh,BGD,2009,5.42347236174679
Bangladesh,BGD,2008,8.90194489465153
Bangladesh,BGD,2007,9.10698496905382
Bangladesh,BGD,2006,6.76526117054757
Bangladesh,BGD,2005,7.04661816222038
Bangladesh,BGD,2004,7.58753638504689
Bangladesh,BGD,2003,5.66870773441476
Bangladesh,BGD,2002,3.33256493271912
Bangladesh,BGD,2001,2.0071737421384
Bangladesh,BGD,2000,2.20825620937535
Bangladesh,BGD,1999,6.10669589841958
Bangladesh,BGD,1998,8.40223795613228
Bangladesh,BGD,1997,5.30560105668801
Bangladesh,BGD,1996,2.37712902953223
Bangladesh,BGD,1995,10.2978117947206
Bangladesh,BGD,1994,5.31374007936497
Bangladesh,BGD,1993,3.01481859989798
Bangladesh,BGD,1992,3.63407691798491
Bangladesh,BGD,1991,6.35736412278234
Bangladesh,BGD,1990,6.12671846981457
Bangladesh,BGD,1989,6.04547975596243
Bangladesh,BGD,1988,7.41276595744666
Bangladesh,BGD,1987,9.87469609126632
Bangladesh,BGD,1986,
Bangladesh,BGD,1985,
Bangladesh,BGD,1984,
Bangladesh,BGD,1983,
Bangladesh,BGD,1982,
Bangladesh,BGD,1981,
Bangladesh,BGD,1980,
Bangladesh,BGD,1979,
Bangladesh,BGD,1978,
Bangladesh,BGD,1977,
Bangladesh,BGD,1976,
Bangladesh,BGD,1975,
Bangladesh,BGD,1974,
Bangladesh,BGD,1973,
Bangladesh,BGD,1972,
Bangladesh,BGD,1971,
Bangladesh,BGD,1970,
Bangladesh,BGD,1969,
Bangladesh,BGD,1968,
Bangladesh,BGD,1967,
Bangladesh,BGD,1966,
Bangladesh,BGD,1965,
Bangladesh,BGD,1964,
Bangladesh,BGD,1963,
Bangladesh,BGD,1962,
Bangladesh,BGD,1961,
Bangladesh,BGD,1960,
Barbados,BRB,2025,
Barbados,BRB,2024,1.44643664306159
Barbados,BRB,2023,3.18718905472631
Barbados,BRB,2022,
Barbados,BRB,2021,
Barbados,BRB,2020,
Barbados,BRB,2019,1.67662473276987
Barbados,BRB,2018,3.1060057242059
Barbados,BRB,2017,4.66018463955995
Barbados,BRB,2016,1.28192813061895
Barbados,BRB,2015,-1.11278992510958
Barbados,BRB,2014,1.76950322089728
Barbados,BRB,2013,1.81410436049096
Barbados,BRB,2012,4.53334753888774
Barbados,BRB,2011,9.4322024017722
Barbados,BRB,2010,5.82421853311866
Barbados,BRB,2009,3.64386189258337
Barbados,BRB,2008,8.10810810810779
Barbados,BRB,2007,4.03422982885069
Barbados,BRB,2006,7.3076626282894
Barbados,BRB,2005,6.08218729535043
Barbados,BRB,2004,1.39442231075691
Barbados,BRB,2003,1.61943319838053
Barbados,BRB,2002,0.125249458056019
Barbados,BRB,2001,2.57783490431287
Barbados,BRB,2000,2.43581303489138
Barbados,BRB,1999,1.56006240249605
Barbados,BRB,1998,-1.26888660701213
Barbados,BRB,1997,7.71053878969883
Barbados,BRB,1996,2.38615222842324
Barbados,BRB,1995,1.87886279357232
Barbados,BRB,1994,0.0772043884602322
Barbados,BRB,1993,1.11343933604482
Barbados,BRB,1992,6.09389302994638
Barbados,BRB,1991,6.25752663270023
Barbados,BRB,1990,3.07457271078018
Barbados,BRB,1989,6.19011406844118
Barbados,BRB,1988,4.85885917814047
Barbados,BRB,1987,3.31173110743254
Barbados,BRB,1986,1.33006845161915
Barbados,BRB,1985,3.91510525082796
Barbados,BRB,1984,4.68579731185596
Barbados,BRB,1983,5.23029878288841
Barbados,BRB,1982,10.3324664370561
Barbados,BRB,1981,14.5675632146886
Barbados,BRB,1980,14.4305197203942
Barbados,BRB,1979,13.1698355431799
Barbados,BRB,1978,9.48238259101763
Barbados,BRB,1977,8.35236969934997
Barbados,BRB,1976,4.9867681111318
Barbados,BRB,1975,20.2944687625289
Barbados,BRB,1974,38.9229280878111
Barbados,BRB,1973,16.8550818260213
Barbados,BRB,1972,11.8766562275327
Barbados,BRB,1971,7.46925566353863
Barbados,BRB,1970,7.2842163736852
Barbados,BRB,1969,5.83523186605492
Barbados,BRB,1968,7.4887431868762
Barbados,BRB,1967,3.63487515335755
Barbados,BRB,1966,
Barbados,BRB,1965,
Barbados,BRB,1964,
Barbados,BRB,1963,
Barbados,BRB,1962,
Barbados,BRB,1961,
Barbados,BRB,1960,
Belarus,BLR,2025,
Belarus,BLR,2024,5.78531910427998
Belarus,BLR,2023,5.00059903091312
Belarus,BLR,2022,15.2096752740809
Belarus,BLR,2021,9.46028389623105
Belarus,BLR,2020,5.5481435745651
Belarus,BLR,2019,5.59815595039853
Belarus,BLR,2018,4.87230220550689
Belarus,BLR,2017,6.03183725177785
Belarus,BLR,2016,11.8365807653496
Belarus,BLR,2015,13.5344897649734
Belarus,BLR,2014,18.1195543526734
Belarus,BLR,2013,18.3122610377873
Belarus,BLR,2012,59.2197360232518
Belarus,BLR,2011,53.2286983118174
Belarus,BLR,2010,7.735748043125
Belarus,BLR,2009,12.9456563410401
Belarus,BLR,2008,14.8378764828254
Belarus,BLR,2007,8.42675273505309
Belarus,BLR,2006,6.99712903535584
Belarus,BLR,2005,10.3388794457932
Belarus,BLR,2004,18.1082424937646
Belarus,BLR,2003,28.3978399133473
Belarus,BLR,2002,42.5375481348794
Belarus,BLR,2001,61.1349331618476
Belarus,BLR,2000,168.620235850933
Belarus,BLR,1999,293.678750889772
Belarus,BLR,1998,72.8697170535354
Belarus,BLR,1997,63.9373663357478
Belarus,BLR,1996,52.7120767531954
Belarus,BLR,1995,709.346032118606
Belarus,BLR,1994,2221.01656992039
Belarus,BLR,1993,1190.22923349187
Belarus,BLR,1992,
Belarus,BLR,1991,
Belarus,BLR,1990,
Belarus,BLR,1989,
Belarus,BLR,1988,
Belarus,BLR,1987,
Belarus,BLR,1986,
Belarus,BLR,1985,
Belarus,BLR,1984,
Belarus,BLR,1983,
Belarus,BLR,1982,
Belarus,BLR,1981,
Belarus,BLR,1980,
Belarus,BLR,1979,
Belarus,BLR,1978,
Belarus,BLR,1977,
Belarus,BLR,1976,
Belarus,BLR,1975,
Belarus,BLR,1974,
Belarus,BLR,1973,
Belarus,BLR,1972,
Belarus,BLR,1971,
Belarus,BLR,1970,
Belarus,BLR,1969,
Belarus,BLR,1968,
Belarus,BLR,1967,
Belarus,BLR,1966,
Belarus,BLR,1965,
Belarus,BLR,1964,
Belarus,BLR,1963,
Belarus,BLR,1962,
Belarus,BLR,1961,
Belarus,BLR,1960,
Belgium,BEL,2025,
Belgium,BEL,2024,3.14349136500041
Belgium,BEL,2023,4.04901077613941
Belgium,BEL,2022,9.597511728725
Belgium,BEL,2021,2.44024851144084
Belgium,BEL,2020,0.740791812220343
Belgium,BEL,2019,1.43681956996438
Belgium,BEL,2018,2.05316499865177
Belgium,BEL,2017,2.12597086002616
Belgium,BEL,2016,1.97385264653162
Belgium,BEL,2015,0.561429152790157
Belgium,BEL,2014,0.340002833356921
Belgium,BEL,2013,1.11309594027539
Belgium,BEL,2012,2.83966343445899
Belgium,BEL,2011,3.5320821072274
Belgium,BEL,2010,2.18929920422458
Belgium,BEL,2009,-0.0531456741254176
Belgium,BEL,2008,4.48944420508404
Belgium,BEL,2007,1.82305630026809
Belgium,BEL,2006,1.79120770070453
Belgium,BEL,2005,2.78143263670029
Belgium,BEL,2004,2.09728311239315
Belgium,BEL,2003,1.58896399970371
Belgium,BEL,2002,1.6452143617536
Belgium,BEL,2001,2.46925823086082
Belgium,BEL,2000,2.544517761909
Belgium,BEL,1999,1.12084823417847
Belgium,BEL,1998,0.94925028835061
Belgium,BEL,1997,1.62816049512954
Belgium,BEL,1996,2.07702107350675
Belgium,BEL,1995,1.46796699090271
Belgium,BEL,1994,2.377540844764
Belgium,BEL,1993,2.75442643473462
Belgium,BEL,1992,2.42795567164615
Belgium,BEL,1991,3.21531069260809
Belgium,BEL,1990,3.44831217961807
Belgium,BEL,1989,3.10705065111093
Belgium,BEL,1988,1.16093493415331
Belgium,BEL,1987,1.55338261314945
Belgium,BEL,1986,1.2943681910248
Belgium,BEL,1985,4.8687339949694
Belgium,BEL,1984,6.34177491009127
Belgium,BEL,1983,7.66160983743882
Belgium,BEL,1982,8.72654906555471
Belgium,BEL,1981,7.62748656814271
Belgium,BEL,1980,6.64868829655352
Belgium,BEL,1979,4.46908394900486
Belgium,BEL,1978,4.47059331592944
Belgium,BEL,1977,7.09600059132598
Belgium,BEL,1976,9.06860981054961
Belgium,BEL,1975,12.7681985920515
Belgium,BEL,1974,12.6778877513451
Belgium,BEL,1973,6.95528008719914
Belgium,BEL,1972,5.44843128438075
Belgium,BEL,1971,4.34362854612101
Belgium,BEL,1970,3.90847238471904
Belgium,BEL,1969,3.75399229053284
Belgium,BEL,1968,2.70144982931354
Belgium,BEL,1967,2.73030268590901
Belgium,BEL,1966,4.17434761853
Belgium,BEL,1965,4.06520137474655
Belgium,BEL,1964,4.16876058564364
Belgium,BEL,1963,2.14800341332196
Belgium,BEL,1962,1.40460703543514
Belgium,BEL,1961,0.992676260767274
Belgium,BEL,1960,0.299467254769694
Belize,BLZ,2025,
Belize,BLZ,2024,3.28955985952768
Belize,BLZ,2023,4.38984017487674
Belize,BLZ,2022,6.27689319447543
Belize,BLZ,2021,3.2356365923707
Belize,BLZ,2020,0.121434644614893
Belize,BLZ,2019,0.187069385181424
Belize,BLZ,2018,0.269982622646335
Belize,BLZ,2017,1.14765339305816
Belize,BLZ,2016,0.663427167917601
Belize,BLZ,2015,-0.861584009427747
Belize,BLZ,2014,1.20139964481057
Belize,BLZ,2013,0.50974776898322
Belize,BLZ,2012,1.30058074547858
Belize,BLZ,2011,1.602056156402
Belize,BLZ,2010,0.917977378808887
Belize,BLZ,2009,-1.10431044864355
Belize,BLZ,2008,6.39443100250033
Belize,BLZ,2007,2.3180827464202
Belize,BLZ,2006,-7.11376771265013
Belize,BLZ,2005,-1.10431044411909
Belize,BLZ,2004,6.39443099742398
Belize,BLZ,2003,2.31808274663101
Belize,BLZ,2002,4.24026660688645
Belize,BLZ,2001,3.65141786561502
Belize,BLZ,2000,3.06743966930585
Belize,BLZ,1999,2.62139524582746
Belize,BLZ,1998,2.1952625003759
Belize,BLZ,1997,1.14903756760539
Belize,BLZ,1996,5.96502097537242
Belize,BLZ,1995,2.88961584372151
Belize,BLZ,1994,2.56934304644295
Belize,BLZ,1993,1.47259694693679
Belize,BLZ,1992,2.39670073025188
Belize,BLZ,1991,0.761951500806879
Belize,BLZ,1990,3.05907172995785
Belize,BLZ,1989,2.12765957446807
Belize,BLZ,1988,3.13888888888894
Belize,BLZ,1987,2.01190138849529
Belize,BLZ,1986,0.799771493858952
Belize,BLZ,1985,6.23716611805549
Belize,BLZ,1984,3.38289962863707
Belize,BLZ,1983,4.99609679980487
Belize,BLZ,1982,6.83903252716288
Belize,BLZ,1981,11.2244897960225
Belize,BLZ,1980,
Belize,BLZ,1979,
Belize,BLZ,1978,
Belize,BLZ,1977,
Belize,BLZ,1976,
Belize,BLZ,1975,
Belize,BLZ,1974,
Belize,BLZ,1973,
Belize,BLZ,1972,
Belize,BLZ,1971,
Belize,BLZ,1970,
Belize,BLZ,1969,
Belize,BLZ,1968,
Belize,BLZ,1967,
Belize,BLZ,1966,
Belize,BLZ,1965,
Belize,BLZ,1964,
Belize,BLZ,1963,
Belize,BLZ,1962,
Belize,BLZ,1961,
Belize,BLZ,1960,
Benin,BEN,2025,
Benin,BEN,2024,1.16093089640415
Benin,BEN,2023,2.73870078406074
Benin,BEN,2022,1.35077863583527
Benin,BEN,2021,1.73353962694035
Benin,BEN,2020,3.02272119663759
Benin,BEN,2019,0.732849371241066
Benin,BEN,2018,0.919170717886053
Benin,BEN,2017,0.0432648555103608
Benin,BEN,2016,-0.793310145785624
Benin,BEN,2015,0.218785923536245
Benin,BEN,2014,-0.54875755094818
Benin,BEN,2013,0.428888888888883
Benin,BEN,2012,6.74468253340712
Benin,BEN,2011,2.7042390774728
Benin,BEN,2010,2.20783532536523
Benin,BEN,2009,0.896072355749069
Benin,BEN,2008,7.94729876067854
Benin,BEN,2007,1.29806813334152
Benin,BEN,2006,3.78217696540374
Benin,BEN,2005,5.36452085832342
Benin,BEN,2004,0.873890830868499
Benin,BEN,2003,1.48724246145441
Benin,BEN,2002,2.48916235491541
Benin,BEN,2001,3.98429547767893
Benin,BEN,2000,4.16540442290282
Benin,BEN,1999,0.326722893396866
Benin,BEN,1998,5.75331458417064
Benin,BEN,1997,3.46629590564776
Benin,BEN,1996,4.91423972637201
Benin,BEN,1995,14.4625482180894
Benin,BEN,1994,38.5308661668537
Benin,BEN,1993,0.440599214931793
Benin,BEN,1992,
Benin,BEN,1991,
Benin,BEN,1990,
Benin,BEN,1989,
Benin,BEN,1988,
Benin,BEN,1987,
Benin,BEN,1986,
Benin,BEN,1985,
Benin,BEN,1984,
Benin,BEN,1983,
Benin,BEN,1982,
Benin,BEN,1981,
Benin,BEN,1980,
Benin,BEN,1979,
Benin,BEN,1978,
Benin,BEN,1977,
Benin,BEN,1976,
Benin,BEN,1975,
Benin,BEN,1974,
Benin,BEN,1973,
Benin,BEN,1972,
Benin,BEN,1971,
Benin,BEN,1970,
Benin,BEN,1969,
Benin,BEN,1968,
Benin,BEN,1967,
Benin,BEN,1966,
Benin,BEN,1965,
Benin,BEN,1964,
Benin,BEN,1963,
Benin,BEN,1962,
Benin,BEN,1961,
Benin,BEN,1960,
Bermuda,BMU,2025,
Bermuda,BMU,2024,
Bermuda,BMU,2023,
Bermuda,BMU,2022,
Bermuda,BMU,2021,
Bermuda,BMU,2020,
Bermuda,BMU,2019,
Bermuda,BMU,2018,
Bermuda,BMU,2017,
Bermuda,BMU,2016,
Bermuda,BMU,2015,
Bermuda,BMU,2014,
Bermuda,BMU,2013,
Bermuda,BMU,2012,
Bermuda,BMU,2011,
Bermuda,BMU,2010,
Bermuda,BMU,2009,
Bermuda,BMU,2008,
Bermuda,BMU,2007,
Bermuda,BMU,2006,
Bermuda,BMU,2005,
Bermuda,BMU,2004,
Bermuda,BMU,2003,
Bermuda,BMU,2002,
Bermuda,BMU,2001,
Bermuda,BMU,2000,
Bermuda,BMU,1999,
Bermuda,BMU,1998,
Bermuda,BMU,1997,
Bermuda,BMU,1996,
Bermuda,BMU,1995,
Bermuda,BMU,1994,
Bermuda,BMU,1993,
Bermuda,BMU,1992,
Bermuda,BMU,1991,
Bermuda,BMU,1990,
Bermuda,BMU,1989,
Bermuda,BMU,1988,
Bermuda,BMU,1987,
Bermuda,BMU,1986,
Bermuda,BMU,1985,
Bermuda,BMU,1984,
Bermuda,BMU,1983,
Bermuda,BMU,1982,
Bermuda,BMU,1981,
Bermuda,BMU,1980,
Bermuda,BMU,1979,
Bermuda,BMU,1978,
Bermuda,BMU,1977,
Bermuda,BMU,1976,
Bermuda,BMU,1975,
Bermuda,BMU,1974,
Bermuda,BMU,1973,
Bermuda,BMU,1972,
Bermuda,BMU,1971,
Bermuda,BMU,1970,
Bermuda,BMU,1969,
Bermuda,BMU,1968,
Bermuda,BMU,1967,
Bermuda,BMU,1966,
Bermuda,BMU,1965,
Bermuda,BMU,1964,
Bermuda,BMU,1963,
Bermuda,BMU,1962,
Bermuda,BMU,1961,
Bermuda,BMU,1960,
Bhutan,BTN,2025,
Bhutan,BTN,2024,2.76131569624097
Bhutan,BTN,2023,4.22934419929251
Bhutan,BTN,2022,5.6391667139637
Bhutan,BTN,2021,7.3468144053353
Bhutan,BTN,2020,5.62936522632507
Bhutan,BTN,2019,2.72643037388832
Bhutan,BTN,2018,2.72396386183713
Bhutan,BTN,2017,4.95508366985129
Bhutan,BTN,2016,3.21988689395717
Bhutan,BTN,2015,4.54814395082205
Bhutan,BTN,2014,8.27106093949327
Bhutan,BTN,2013,8.77638345268212
Bhutan,BTN,2012,10.919656944683
Bhutan,BTN,2011,8.848985699468
Bhutan,BTN,2010,7.03638316073018
Bhutan,BTN,2009,4.36112219119804
Bhutan,BTN,2008,8.32716049382712
Bhutan,BTN,2007,5.15611138758462
Bhutan,BTN,2006,5.0004543802254
Bhutan,BTN,2005,5.3126310463775
Bhutan,BTN,2004,4.10593698272957
Bhutan,BTN,2003,2.57230861693339
Bhutan,BTN,2002,2.45535714285714
Bhutan,BTN,2001,3.41478946111594
Bhutan,BTN,2000,4.01212081070342
Bhutan,BTN,1999,6.77699393553632
Bhutan,BTN,1998,10.5855899892463
Bhutan,BTN,1997,6.50548718269086
Bhutan,BTN,1996,8.79001381935162
Bhutan,BTN,1995,9.48754836789369
Bhutan,BTN,1994,7.0099535500995
Bhutan,BTN,1993,11.1980165874679
Bhutan,BTN,1992,15.9752173615389
Bhutan,BTN,1991,12.2751729438892
Bhutan,BTN,1990,10.0118383223406
Bhutan,BTN,1989,8.7798371889804
Bhutan,BTN,1988,10.0967137576586
Bhutan,BTN,1987,6.33177192699079
Bhutan,BTN,1986,9.96447602131438
Bhutan,BTN,1985,1.88201230546507
Bhutan,BTN,1984,7.03770661157024
Bhutan,BTN,1983,18.0577787941154
Bhutan,BTN,1982,9.84677216779703
Bhutan,BTN,1981,9.97237569060773
Bhutan,BTN,1980,
Bhutan,BTN,1979,
Bhutan,BTN,1978,
Bhutan,BTN,1977,
Bhutan,BTN,1976,
Bhutan,BTN,1975,
Bhutan,BTN,1974,
Bhutan,BTN,1973,
Bhutan,BTN,1972,
Bhutan,BTN,1971,
Bhutan,BTN,1970,
Bhutan,BTN,1969,
Bhutan,BTN,1968,
Bhutan,BTN,1967,
Bhutan,BTN,1966,
Bhutan,BTN,1965,
Bhutan,BTN,1964,
Bhutan,BTN,1963,
Bhutan,BTN,1962,
Bhutan,BTN,1961,
Bhutan,BTN,1960,
Bolivia,BOL,2025,
Bolivia,BOL,2024,5.09976568317427
Bolivia,BOL,2023,2.57688800489192
Bolivia,BOL,2022,1.74632872945968
Bolivia,BOL,2021,0.737383721452274
Bolivia,BOL,2020,0.940742153381849
Bolivia,BOL,2019,1.83954504969025
Bolivia,BOL,2018,2.27205987230154
Bolivia,BOL,2017,2.8227580554717
Bolivia,BOL,2016,3.62321431764138
Bolivia,BOL,2015,4.05961041135644
Bolivia,BOL,2014,5.76660074579143
Bolivia,BOL,2013,5.73640023719606
Bolivia,BOL,2012,4.51560291399375
Bolivia,BOL,2011,9.88446419823883
Bolivia,BOL,2010,2.5032760584424
Bolivia,BOL,2009,3.34645420142013
Bolivia,BOL,2008,14.0068107702519
Bolivia,BOL,2007,8.70560923578869
Bolivia,BOL,2006,4.28239604802561
Bolivia,BOL,2005,5.39323106890663
Bolivia,BOL,2004,4.43738080101724
Bolivia,BOL,2003,3.33727499671533
Bolivia,BOL,2002,0.928258851611069
Bolivia,BOL,2001,1.58965377879567
Bolivia,BOL,2000,4.60822998872598
Bolivia,BOL,1999,2.15951626835597
Bolivia,BOL,1998,7.67322895675083
Bolivia,BOL,1997,4.70844436028192
Bolivia,BOL,1996,12.4254866180049
Bolivia,BOL,1995,10.1932067630745
Bolivia,BOL,1994,7.87404421467434
Bolivia,BOL,1993,8.52787695688002
Bolivia,BOL,1992,12.0603236018289
Bolivia,BOL,1991,21.447069817114
Bolivia,BOL,1990,17.1187746048239
Bolivia,BOL,1989,15.1734681125731
Bolivia,BOL,1988,16.002091054939
Bolivia,BOL,1987,14.5786984489191
Bolivia,BOL,1986,276.335967563201
Bolivia,BOL,1985,11749.6396321438
Bolivia,BOL,1984,1281.34994174485
Bolivia,BOL,1983,275.586283560361
Bolivia,BOL,1982,123.535718565329
Bolivia,BOL,1981,32.1336011133424
Bolivia,BOL,1980,47.2416501018426
Bolivia,BOL,1979,19.7197167787998
Bolivia,BOL,1978,10.3556722757191
Bolivia,BOL,1977,8.10725552050414
Bolivia,BOL,1976,4.49401164707216
Bolivia,BOL,1975,7.97674602546865
Bolivia,BOL,1974,62.8360756029238
Bolivia,BOL,1973,31.4860287891617
Bolivia,BOL,1972,6.51154401154369
Bolivia,BOL,1971,3.67461430575032
Bolivia,BOL,1970,3.95550921099769
Bolivia,BOL,1969,2.20974847251324
Bolivia,BOL,1968,5.47062350162298
Bolivia,BOL,1967,11.1999999990001
Bolivia,BOL,1966,6.95187165775404
Bolivia,BOL,1965,2.86028602860271
Bolivia,BOL,1964,10.181818181818
Bolivia,BOL,1963,-0.706357214552388
Bolivia,BOL,1962,5.87933142225296
Bolivia,BOL,1961,7.56149307183899
Bolivia,BOL,1960,11.5331525756195
Bosnia and Herzegovina,BIH,2025,
Bosnia and Herzegovina,BIH,2024,1.69212733599723
Bosnia and Herzegovina,BIH,2023,6.1059011284828
Bosnia and Herzegovina,BIH,2022,14.0208440826771
Bosnia and Herzegovina,BIH,2021,1.98163900587622
Bosnia and Herzegovina,BIH,2020,-1.05129600763489
Bosnia and Herzegovina,BIH,2019,0.56278215406123
Bosnia and Herzegovina,BIH,2018,1.41710814018033
Bosnia and Herzegovina,BIH,2017,0.810133321953038
Bosnia and Herzegovina,BIH,2016,-1.58410000000001
Bosnia and Herzegovina,BIH,2015,-1.03602303425474
Bosnia and Herzegovina,BIH,2014,-0.897194054194333
Bosnia and Herzegovina,BIH,2013,-0.0930456838317588
Bosnia and Herzegovina,BIH,2012,2.05267452001717
Bosnia and Herzegovina,BIH,2011,3.67125
Bosnia and Herzegovina,BIH,2010,1.99621236745886
Bosnia and Herzegovina,BIH,2009,-0.381464282453056
Bosnia and Herzegovina,BIH,2008,7.42704310332952
Bosnia and Herzegovina,BIH,2007,1.50077710611541
Bosnia and Herzegovina,BIH,2006,6.12556615620284
Bosnia and Herzegovina,BIH,2005,
Bosnia and Herzegovina,BIH,2004,
Bosnia and Herzegovina,BIH,2003,
Bosnia and Herzegovina,BIH,2002,
Bosnia and Herzegovina,BIH,2001,
Bosnia and Herzegovina,BIH,2000,
Bosnia and Herzegovina,BIH,1999,
Bosnia and Herzegovina,BIH,1998,
Bosnia and Herzegovina,BIH,1997,
Bosnia and Herzegovina,BIH,1996,
Bosnia and Herzegovina,BIH,1995,
Bosnia and Herzegovina,BIH,1994,
Bosnia and Herzegovina,BIH,1993,
Bosnia and Herzegovina,BIH,1992,
Bosnia and Herzegovina,BIH,1991,
Bosnia and Herzegovina,BIH,1990,
Bosnia and Herzegovina,BIH,1989,
Bosnia and Herzegovina,BIH,1988,
Bosnia and Herzegovina,BIH,1987,
Bosnia and Herzegovina,BIH,1986,
Bosnia and Herzegovina,BIH,1985,
Bosnia and Herzegovina,BIH,1984,
Bosnia and Herzegovina,BIH,1983,
Bosnia and Herzegovina,BIH,1982,
Bosnia and Herzegovina,BIH,1981,
Bosnia and Herzegovina,BIH,1980,
Bosnia and Herzegovina,BIH,1979,
Bosnia and Herzegovina,BIH,1978,
Bosnia and Herzegovina,BIH,1977,
Bosnia and Herzegovina,BIH,1976,
Bosnia and Herzegovina,BIH,1975,
Bosnia and Herzegovina,BIH,1974,
Bosnia and Herzegovina,BIH,1973,
Bosnia and Herzegovina,BIH,1972,
Bosnia and Herzegovina,BIH,1971,
Bosnia and Herzegovina,BIH,1970,
Bosnia and Herzegovina,BIH,1969,
Bosnia and Herzegovina,BIH,1968,
Bosnia and Herzegovina,BIH,1967,
Bosnia and Herzegovina,BIH,1966,
Bosnia and Herzegovina,BIH,1965,
Bosnia and Herzegovina,BIH,1964,
Bosnia and Herzegovina,BIH,1963,
Bosnia and Herzegovina,BIH,1962,
Bosnia and Herzegovina,BIH,1961,
Bosnia and Herzegovina,BIH,1960,
Botswana,BWA,2025,
Botswana,BWA,2024,2.81835131676251
Botswana,BWA,2023,5.06761549343829
Botswana,BWA,2022,11.665567478802
Botswana,BWA,2021,7.24097765588442
Botswana,BWA,2020,1.8903591682421
Botswana,BWA,2019,2.7728644286332
Botswana,BWA,2018,3.23801558947715
Botswana,BWA,2017,3.30828076768219
Botswana,BWA,2016,2.81495791361943
Botswana,BWA,2015,3.06203169580557
Botswana,BWA,2014,4.40225309243427
Botswana,BWA,2013,5.88460707056816
Botswana,BWA,2012,7.53690261091916
Botswana,BWA,2011,8.45987233408583
Botswana,BWA,2010,6.94887658743103
Botswana,BWA,2009,8.02729703109581
Botswana,BWA,2008,12.7021883920075
Botswana,BWA,2007,7.08099847172692
Botswana,BWA,2006,11.5552187914379
Botswana,BWA,2005,8.61022528546439
Botswana,BWA,2004,6.94570363654674
Botswana,BWA,2003,9.18990265632739
Botswana,BWA,2002,8.03279662527485
Botswana,BWA,2001,6.55903767014861
Botswana,BWA,2000,8.6014851485149
Botswana,BWA,1999,7.74929619202848
Botswana,BWA,1998,6.66139865665752
Botswana,BWA,1997,8.71993127147746
Botswana,BWA,1996,10.0828580652107
Botswana,BWA,1995,10.512546081579
Botswana,BWA,1994,10.5429209938218
Botswana,BWA,1993,14.3308033365887
Botswana,BWA,1992,16.1676123963339
Botswana,BWA,1991,11.7650160839534
Botswana,BWA,1990,11.3963461199555
Botswana,BWA,1989,11.5750147473285
Botswana,BWA,1988,8.35167956821219
Botswana,BWA,1987,9.80193387398674
Botswana,BWA,1986,10.0017155606022
Botswana,BWA,1985,8.0945757997594
Botswana,BWA,1984,8.57746904251905
Botswana,BWA,1983,10.4771438105237
Botswana,BWA,1982,11.1372064274689
Botswana,BWA,1981,16.4280267725711
Botswana,BWA,1980,13.6324251470894
Botswana,BWA,1979,11.7362306367885
Botswana,BWA,1978,9.04398827010361
Botswana,BWA,1977,13.1687242801078
Botswana,BWA,1976,11.7324236136419
Botswana,BWA,1975,11.9747550240953
Botswana,BWA,1974,
Botswana,BWA,1973,
Botswana,BWA,1972,
Botswana,BWA,1971,
Botswana,BWA,1970,
Botswana,BWA,1969,
Botswana,BWA,1968,
Botswana,BWA,1967,
Botswana,BWA,1966,
Botswana,BWA,1965,
Botswana,BWA,1964,
Botswana,BWA,1963,
Botswana,BWA,1962,
Botswana,BWA,1961,
Botswana,BWA,1960,
Brazil,BRA,2025,
Brazil,BRA,2024,4.36746407652336
Brazil,BRA,2023,4.59356282283203
Brazil,BRA,2022,9.28010608956872
Brazil,BRA,2021,8.30165975585673
Brazil,BRA,2020,3.21176803803376
Brazil,BRA,2019,3.73297621216893
Brazil,BRA,2018,3.66485028376728
Brazil,BRA,2017,3.44637335032669
Brazil,BRA,2016,8.73914352329393
Brazil,BRA,2015,9.02990102416136
Brazil,BRA,2014,6.32904015516138
Brazil,BRA,2013,6.204310666401
Brazil,BRA,2012,5.40349914036997
Brazil,BRA,2011,6.6364496221309
Brazil,BRA,2010,5.03872690108074
Brazil,BRA,2009,4.88803479876798
Brazil,BRA,2008,5.67859390284168
Brazil,BRA,2007,3.64127299102652
Brazil,BRA,2006,4.18356812896909
Brazil,BRA,2005,6.86953720898964
Brazil,BRA,2004,6.59718509985963
Brazil,BRA,2003,14.7149197228147
Brazil,BRA,2002,8.45016437708331
Brazil,BRA,2001,6.84035902487523
Brazil,BRA,2000,7.04414105947265
Brazil,BRA,1999,4.85844749902666
Brazil,BRA,1998,3.19507629280051
Brazil,BRA,1997,6.92671251629154
Brazil,BRA,1996,15.7576656002606
Brazil,BRA,1995,66.0070335542481
Brazil,BRA,1994,2075.88839757325
Brazil,BRA,1993,1927.38079016026
Brazil,BRA,1992,951.962053052817
Brazil,BRA,1991,432.786661926461
Brazil,BRA,1990,2947.73277248299
Brazil,BRA,1989,1430.7237251472
Brazil,BRA,1988,629.114509120897
Brazil,BRA,1987,228.336162575512
Brazil,BRA,1986,147.142826237604
Brazil,BRA,1985,225.989665211895
Brazil,BRA,1984,192.12173313205
Brazil,BRA,1983,135.027682230472
Brazil,BRA,1982,100.543359194849
Brazil,BRA,1981,101.725072957927
Brazil,BRA,1980,
Brazil,BRA,1979,
Brazil,BRA,1978,
Brazil,BRA,1977,
Brazil,BRA,1976,
Brazil,BRA,1975,
Brazil,BRA,1974,
Brazil,BRA,1973,
Brazil,BRA,1972,
Brazil,BRA,1971,
Brazil,BRA,1970,
Brazil,BRA,1969,
Brazil,BRA,1968,
Brazil,BRA,1967,
Brazil,BRA,1966,
Brazil,BRA,1965,
Brazil,BRA,1964,
Brazil,BRA,1963,
Brazil,BRA,1962,
Brazil,BRA,1961,
Brazil,BRA,1960,
British Virgin Islands,VGB,2025,
British Virgin Islands,VGB,2024,
British Virgin Islands,VGB,2023,
British Virgin Islands,VGB,2022,
British Virgin Islands,VGB,2021,
British Virgin Islands,VGB,2020,
British Virgin Islands,VGB,2019,
British Virgin Islands,VGB,2018,
British Virgin Islands,VGB,2017,
British Virgin Islands,VGB,2016,
British Virgin Islands,VGB,2015,
British Virgin Islands,VGB,2014,
British Virgin Islands,VGB,2013,
British Virgin Islands,VGB,2012,
British Virgin Islands,VGB,2011,
British Virgin Islands,VGB,2010,
British Virgin Islands,VGB,2009,
British Virgin Islands,VGB,2008,
British Virgin Islands,VGB,2007,
British Virgin Islands,VGB,2006,
British Virgin Islands,VGB,2005,
British Virgin Islands,VGB,2004,
British Virgin Islands,VGB,2003,
British Virgin Islands,VGB,2002,
British Virgin Islands,VGB,2001,
British Virgin Islands,VGB,2000,
British Virgin Islands,VGB,1999,
British Virgin Islands,VGB,1998,
British Virgin Islands,VGB,1997,
British Virgin Islands,VGB,1996,
British Virgin Islands,VGB,1995,
British Virgin Islands,VGB,1994,
British Virgin Islands,VGB,1993,
British Virgin Islands,VGB,1992,
British Virgin Islands,VGB,1991,
British Virgin Islands,VGB,1990,
British Virgin Islands,VGB,1989,
British Virgin Islands,VGB,1988,
British Virgin Islands,VGB,1987,
British Virgin Islands,VGB,1986,
British Virgin Islands,VGB,1985,
British Virgin Islands,VGB,1984,
British Virgin Islands,VGB,1983,
British Virgin Islands,VGB,1982,
British Virgin Islands,VGB,1981,
British Virgin Islands,VGB,1980,
British Virgin Islands,VGB,1979,
British Virgin Islands,VGB,1978,
British Virgin Islands,VGB,1977,
British Virgin Islands,VGB,1976,
British Virgin Islands,VGB,1975,
British Virgin Islands,VGB,1974,
British Virgin Islands,VGB,1973,
British Virgin Islands,VGB,1972,
British Virgin Islands,VGB,1971,
British Virgin Islands,VGB,1970,
British Virgin Islands,VGB,1969,
British Virgin Islands,VGB,1968,
British Virgin Islands,VGB,1967,
British Virgin Islands,VGB,1966,
British Virgin Islands,VGB,1965,
British Virgin Islands,VGB,1964,
British Virgin Islands,VGB,1963,
British Virgin Islands,VGB,1962,
British Virgin Islands,VGB,1961,
British Virgin Islands,VGB,1960,
Brunei Darussalam,BRN,2025,
Brunei Darussalam,BRN,2024,-0.38867416503646
Brunei Darussalam,BRN,2023,0.35706431153689
Brunei Darussalam,BRN,2022,3.68225030604215
Brunei Darussalam,BRN,2021,1.73341388450593
Brunei Darussalam,BRN,2020,1.94031996607183
Brunei Darussalam,BRN,2019,-0.390522069165529
Brunei Darussalam,BRN,2018,1.02505179290212
Brunei Darussalam,BRN,2017,-1.2605056462896
Brunei Darussalam,BRN,2016,-0.278693265753083
Brunei Darussalam,BRN,2015,-0.488347420743522
Brunei Darussalam,BRN,2014,-0.207108731719822
Brunei Darussalam,BRN,2013,0.389205053123632
Brunei Darussalam,BRN,2012,0.111766261400306
Brunei Darussalam,BRN,2011,0.13791156316954
Brunei Darussalam,BRN,2010,0.35686913201756
Brunei Darussalam,BRN,2009,1.03571774271613
Brunei Darussalam,BRN,2008,2.08498023715415
Brunei Darussalam,BRN,2007,0.967774119525101
Brunei Darussalam,BRN,2006,0.15988807834512
Brunei Darussalam,BRN,2005,1.24443711883965
Brunei Darussalam,BRN,2004,0.814223994682612
Brunei Darussalam,BRN,2003,0.299999999999967
Brunei Darussalam,BRN,2002,-2.3149724245932
Brunei Darussalam,BRN,2001,0.595890410958989
Brunei Darussalam,BRN,2000,1.55815247634945
Brunei Darussalam,BRN,1999,-0.415627597672453
Brunei Darussalam,BRN,1998,-0.441379310344899
Brunei Darussalam,BRN,1997,1.71156004489335
Brunei Darussalam,BRN,1996,1.99613650998077
Brunei Darussalam,BRN,1995,5.96664139499612
Brunei Darussalam,BRN,1994,2.46251844946789
Brunei Darussalam,BRN,1993,4.25170068027212
Brunei Darussalam,BRN,1992,1.27952755905514
Brunei Darussalam,BRN,1991,1.6
Brunei Darussalam,BRN,1990,2.13866293163795
Brunei Darussalam,BRN,1989,1.30430037109822
Brunei Darussalam,BRN,1988,1.19284294234596
Brunei Darussalam,BRN,1987,1.24685490634579
Brunei Darussalam,BRN,1986,1.78124288641064
Brunei Darussalam,BRN,1985,2.35321528424927
Brunei Darussalam,BRN,1984,3.07396733909727
Brunei Darussalam,BRN,1983,1.16618075801749
Brunei Darussalam,BRN,1982,6.35658914728687
Brunei Darussalam,BRN,1981,9.13705583756338
Brunei Darussalam,BRN,1980,
Brunei Darussalam,BRN,1979,
Brunei Darussalam,BRN,1978,
Brunei Darussalam,BRN,1977,
Brunei Darussalam,BRN,1976,
Brunei Darussalam,BRN,1975,
Brunei Darussalam,BRN,1974,
Brunei Darussalam,BRN,1973,
Brunei Darussalam,BRN,1972,
Brunei Darussalam,BRN,1971,
Brunei Darussalam,BRN,1970,
Brunei Darussalam,BRN,1969,
Brunei Darussalam,BRN,1968,
Brunei Darussalam,BRN,1967,
Brunei Darussalam,BRN,1966,
Brunei Darussalam,BRN,1965,
Brunei Darussalam,BRN,1964,
Brunei Darussalam,BRN,1963,
Brunei Darussalam,BRN,1962,
Brunei Darussalam,BRN,1961,
Brunei Darussalam,BRN,1960,
Bulgaria,BGR,2025,
Bulgaria,BGR,2024,2.44651943006078
Bulgaria,BGR,2023,9.44284140088564
Bulgaria,BGR,2022,15.3252589264367
Bulgaria,BGR,2021,3.29774435299506
Bulgaria,BGR,2020,1.67244096855756
Bulgaria,BGR,2019,3.10372944796771
Bulgaria,BGR,2018,2.81454473824838
Bulgaria,BGR,2017,2.06159619443141
Bulgaria,BGR,2016,-0.798649886453617
Bulgaria,BGR,2015,-0.104633261008479
Bulgaria,BGR,2014,-1.41818380264839
Bulgaria,BGR,2013,0.890093540913096
Bulgaria,BGR,2012,2.95456829831012
Bulgaria,BGR,2011,4.21990346601872
Bulgaria,BGR,2010,2.43899060504117
Bulgaria,BGR,2009,2.75320223914819
Bulgaria,BGR,2008,12.348719599402
Bulgaria,BGR,2007,8.40253419005893
Bulgaria,BGR,2006,7.26159462769946
Bulgaria,BGR,2005,5.0388380711191
Bulgaria,BGR,2004,6.14713074246266
Bulgaria,BGR,2003,2.34864169582757
Bulgaria,BGR,2002,5.81014365721825
Bulgaria,BGR,2001,7.3609392723184
Bulgaria,BGR,2000,10.3162621289989
Bulgaria,BGR,1999,2.57304281890212
Bulgaria,BGR,1998,18.672204442064
Bulgaria,BGR,1997,1058.37355921973
Bulgaria,BGR,1996,121.60754244925
Bulgaria,BGR,1995,62.0548336837992
Bulgaria,BGR,1994,96.0573382686505
Bulgaria,BGR,1993,72.8787913866333
Bulgaria,BGR,1992,91.2979327269303
Bulgaria,BGR,1991,338.449111470111
Bulgaria,BGR,1990,23.8000000000002
Bulgaria,BGR,1989,6.38888888888882
Bulgaria,BGR,1988,2.36966824644544
Bulgaria,BGR,1987,2.72638753651417
Bulgaria,BGR,1986,2.69999999999986
Bulgaria,BGR,1985,
Bulgaria,BGR,1984,
Bulgaria,BGR,1983,
Bulgaria,BGR,1982,
Bulgaria,BGR,1981,
Bulgaria,BGR,1980,
Bulgaria,BGR,1979,
Bulgaria,BGR,1978,
Bulgaria,BGR,1977,
Bulgaria,BGR,1976,
Bulgaria,BGR,1975,
Bulgaria,BGR,1974,
Bulgaria,BGR,1973,
Bulgaria,BGR,1972,
Bulgaria,BGR,1971,
Bulgaria,BGR,1970,
Bulgaria,BGR,1969,
Bulgaria,BGR,1968,
Bulgaria,BGR,1967,
Bulgaria,BGR,1966,
Bulgaria,BGR,1965,
Bulgaria,BGR,1964,
Bulgaria,BGR,1963,
Bulgaria,BGR,1962,
Bulgaria,BGR,1961,
Bulgaria,BGR,1960,
Burkina Faso,BFA,2025,
Burkina Faso,BFA,2024,4.19081721344523
Burkina Faso,BFA,2023,0.742910428668917
Burkina Faso,BFA,2022,14.2902354303358
Burkina Faso,BFA,2021,3.65326761825508
Burkina Faso,BFA,2020,1.88470066518847
Burkina Faso,BFA,2019,-3.23338933983321
Burkina Faso,BFA,2018,1.95594302672532
Burkina Faso,BFA,2017,1.48299897161325
Burkina Faso,BFA,2016,0.441041448058809
Burkina Faso,BFA,2015,0.724838981070516
Burkina Faso,BFA,2014,-0.258089517535291
Burkina Faso,BFA,2013,0.533738507090536
Burkina Faso,BFA,2012,3.8181524025238
Burkina Faso,BFA,2011,2.75976724854534
Burkina Faso,BFA,2010,-0.764230734676768
Burkina Faso,BFA,2009,2.60817666368314
Burkina Faso,BFA,2008,10.6597978997424
Burkina Faso,BFA,2007,-0.230627306273049
Burkina Faso,BFA,2006,2.33310856372219
Burkina Faso,BFA,2005,6.41504018369684
Burkina Faso,BFA,2004,-0.400228702115451
Burkina Faso,BFA,2003,2.03456574053815
Burkina Faso,BFA,2002,2.17569480664608
Burkina Faso,BFA,2001,5.00743290822373
Burkina Faso,BFA,2000,-0.304212168486802
Burkina Faso,BFA,1999,-1.07261362759533
Burkina Faso,BFA,1998,5.08433344145324
Burkina Faso,BFA,1997,2.31869062176683
Burkina Faso,BFA,1996,6.09780439121741
Burkina Faso,BFA,1995,7.45884497828324
Burkina Faso,BFA,1994,25.1778762249962
Burkina Faso,BFA,1993,0.553455723541917
Burkina Faso,BFA,1992,-1.99113580736894
Burkina Faso,BFA,1991,2.16260052713423
Burkina Faso,BFA,1990,-0.504303388918912
Burkina Faso,BFA,1989,-0.481798715203333
Burkina Faso,BFA,1988,4.25561601785941
Burkina Faso,BFA,1987,-2.68178423511595
Burkina Faso,BFA,1986,-2.61174292476783
Burkina Faso,BFA,1985,6.90605782140466
Burkina Faso,BFA,1984,4.84695768186084
Burkina Faso,BFA,1983,8.15376277420426
Burkina Faso,BFA,1982,12.0597652081336
Burkina Faso,BFA,1981,7.55570560440938
Burkina Faso,BFA,1980,12.2026364968298
Burkina Faso,BFA,1979,14.9934659503595
Burkina Faso,BFA,1978,8.26914007214046
Burkina Faso,BFA,1977,29.9861042997141
Burkina Faso,BFA,1976,-8.40071877820545
Burkina Faso,BFA,1975,18.7569466058634
Burkina Faso,BFA,1974,8.71960945428422
Burkina Faso,BFA,1973,7.60389036254297
Burkina Faso,BFA,1972,-2.92335655867951
Burkina Faso,BFA,1971,2.06121817995228
Burkina Faso,BFA,1970,1.77260331451337
Burkina Faso,BFA,1969,9.65552935762117
Burkina Faso,BFA,1968,-0.28671368777001
Burkina Faso,BFA,1967,-4.33375390856905
Burkina Faso,BFA,1966,2.36410601983339
Burkina Faso,BFA,1965,-0.730252522661333
Burkina Faso,BFA,1964,1.84512319774996
Burkina Faso,BFA,1963,5.57420282915088
Burkina Faso,BFA,1962,1.67590956140175
Burkina Faso,BFA,1961,18.5621387281078
Burkina Faso,BFA,1960,7.78816199376883
Burundi,BDI,2025,
Burundi,BDI,2024,20.2124925027847
Burundi,BDI,2023,26.9414835762453
Burundi,BDI,2022,18.8008786664944
Burundi,BDI,2021,8.4045384507634
Burundi,BDI,2020,7.3211064341552
Burundi,BDI,2019,-0.686772170797358
Burundi,BDI,2018,-2.81469807668465
Burundi,BDI,2017,16.0525353030391
Burundi,BDI,2016,5.55768961400965
Burundi,BDI,2015,5.54468891259779
Burundi,BDI,2014,4.40535234185293
Burundi,BDI,2013,7.93795807492417
Burundi,BDI,2012,18.161045306545
Burundi,BDI,2011,9.5921660597967
Burundi,BDI,2010,6.49326591473993
Burundi,BDI,2009,10.5554355299529
Burundi,BDI,2008,24.4069510353913
Burundi,BDI,2007,8.41206285772543
Burundi,BDI,2006,2.7454200021424
Burundi,BDI,2005,13.2520699188223
Burundi,BDI,2004,8.17642937482053
Burundi,BDI,2003,10.6474645658305
Burundi,BDI,2002,-1.36568005328059
Burundi,BDI,2001,9.29618771341888
Burundi,BDI,2000,24.4320242102151
Burundi,BDI,1999,3.38542427340454
Burundi,BDI,1998,12.5004107653378
Burundi,BDI,1997,31.1115898319694
Burundi,BDI,1996,26.4367816091951
Burundi,BDI,1995,19.2632536382537
Burundi,BDI,1994,14.8528149833969
Burundi,BDI,1993,9.67934658067928
Burundi,BDI,1992,1.82333333333307
Burundi,BDI,1991,8.9969387349433
Burundi,BDI,1990,7.00216956651121
Burundi,BDI,1989,11.6615998479958
Burundi,BDI,1988,4.48679769704176
Burundi,BDI,1987,7.11323763955336
Burundi,BDI,1986,1.67567567567546
Burundi,BDI,1985,3.80428683649424
Burundi,BDI,1984,14.3168697883258
Burundi,BDI,1983,8.15123135622631
Burundi,BDI,1982,5.86809635722661
Burundi,BDI,1981,12.1673943487938
Burundi,BDI,1980,2.49851950030166
Burundi,BDI,1979,36.5407569980925
Burundi,BDI,1978,23.8956206469302
Burundi,BDI,1977,6.83451404136488
Burundi,BDI,1976,6.85655157364538
Burundi,BDI,1975,15.7098745988232
Burundi,BDI,1974,15.7223072990937
Burundi,BDI,1973,6.00649350675306
Burundi,BDI,1972,3.82855766917333
Burundi,BDI,1971,3.85096274044454
Burundi,BDI,1970,-0.199650611430225
Burundi,BDI,1969,4.02388369733122
Burundi,BDI,1968,6.05726872222518
Burundi,BDI,1967,-1.08932461874253
Burundi,BDI,1966,4.43686006769088
Burundi,BDI,1965,
Burundi,BDI,1964,
Burundi,BDI,1963,
Burundi,BDI,1962,
Burundi,BDI,1961,
Burundi,BDI,1960,
Cabo Verde,CPV,2025,
Cabo Verde,CPV,2024,1.0481698336865
Cabo Verde,CPV,2023,3.72437535861454
Cabo Verde,CPV,2022,7.93092928079189
Cabo Verde,CPV,2021,1.86215256793885
Cabo Verde,CPV,2020,0.6057961856899
Cabo Verde,CPV,2019,1.10750930553819
Cabo Verde,CPV,2018,1.25615185860785
Cabo Verde,CPV,2017,0.784415251101334
Cabo Verde,CPV,2016,-1.40781637091705
Cabo Verde,CPV,2015,0.131187999024544
Cabo Verde,CPV,2014,-0.238778144990623
Cabo Verde,CPV,2013,1.50654285701407
Cabo Verde,CPV,2012,2.54039644167108
Cabo Verde,CPV,2011,4.47388342165023
Cabo Verde,CPV,2010,2.07866470906423
Cabo Verde,CPV,2009,0.991103480568084
Cabo Verde,CPV,2008,6.77443546371142
Cabo Verde,CPV,2007,4.41099704193488
Cabo Verde,CPV,2006,5.36907687065548
Cabo Verde,CPV,2005,0.41889161285517
Cabo Verde,CPV,2004,-1.8908217230618
Cabo Verde,CPV,2003,1.18817038620528
Cabo Verde,CPV,2002,1.88453410076764
Cabo Verde,CPV,2001,3.34996472317894
Cabo Verde,CPV,2000,-2.47745668519835
Cabo Verde,CPV,1999,4.35643374510452
Cabo Verde,CPV,1998,4.39423509983477
Cabo Verde,CPV,1997,8.55606258148633
Cabo Verde,CPV,1996,5.96361961777575
Cabo Verde,CPV,1995,8.35152497972927
Cabo Verde,CPV,1994,3.45205833010708
Cabo Verde,CPV,1993,5.78839590443697
Cabo Verde,CPV,1992,3.1166643268286
Cabo Verde,CPV,1991,9.5509074131036
Cabo Verde,CPV,1990,10.6535057862491
Cabo Verde,CPV,1989,4.55516014234884
Cabo Verde,CPV,1988,4.07407407407384
Cabo Verde,CPV,1987,3.84615384615408
Cabo Verde,CPV,1986,10.8742004264391
Cabo Verde,CPV,1985,5.39325842696638
Cabo Verde,CPV,1984,11.2499999999997
Cabo Verde,CPV,1983,
Cabo Verde,CPV,1982,
Cabo Verde,CPV,1981,
Cabo Verde,CPV,1980,
Cabo Verde,CPV,1979,
Cabo Verde,CPV,1978,
Cabo Verde,CPV,1977,
Cabo Verde,CPV,1976,
Cabo Verde,CPV,1975,
Cabo Verde,CPV,1974,
Cabo Verde,CPV,1973,
Cabo Verde,CPV,1972,
Cabo Verde,CPV,1971,
Cabo Verde,CPV,1970,
Cabo Verde,CPV,1969,
Cabo Verde,CPV,1968,
Cabo Verde,CPV,1967,
Cabo Verde,CPV,1966,
Cabo Verde,CPV,1965,
Cabo Verde,CPV,1964,
Cabo Verde,CPV,1963,
Cabo Verde,CPV,1962,
Cabo Verde,CPV,1961,
Cabo Verde,CPV,1960,
Cambodia,KHM,2025,
Cambodia,KHM,2024,0.808042016536654
Cambodia,KHM,2023,2.12746796594194
Cambodia,KHM,2022,5.34370264895437
Cambodia,KHM,2021,2.92073477592949
Cambodia,KHM,2020,2.9402951426397
Cambodia,KHM,2019,1.94257500833107
Cambodia,KHM,2018,2.45908515380146
Cambodia,KHM,2017,2.91263557371478
Cambodia,KHM,2016,3.01913975139128
Cambodia,KHM,2015,1.22393195511119
Cambodia,KHM,2014,3.85568861424207
Cambodia,KHM,2013,2.94162509547349
Cambodia,KHM,2012,2.93431609293951
Cambodia,KHM,2011,5.4784474961745
Cambodia,KHM,2010,3.99639528107218
Cambodia,KHM,2009,-1.24171754189637
Cambodia,KHM,2008,24.096851930605
Cambodia,KHM,2007,8.70882770568049
Cambodia,KHM,2006,5.81068550464306
Cambodia,KHM,2005,6.61525912001587
Cambodia,KHM,2004,4.31933677434786
Cambodia,KHM,2003,0.94174611779921
Cambodia,KHM,2002,0.211466568022607
Cambodia,KHM,2001,-0.600648300123686
Cambodia,KHM,2000,-0.791992529473567
Cambodia,KHM,1999,4.00820702088782
Cambodia,KHM,1998,14.8065035437763
Cambodia,KHM,1997,7.96021397777456
Cambodia,KHM,1996,7.15086140872796
Cambodia,KHM,1995,-0.798944337811878
Cambodia,KHM,1994,
Cambodia,KHM,1993,
Cambodia,KHM,1992,
Cambodia,KHM,1991,
Cambodia,KHM,1990,
Cambodia,KHM,1989,
Cambodia,KHM,1988,
Cambodia,KHM,1987,
Cambodia,KHM,1986,
Cambodia,KHM,1985,
Cambodia,KHM,1984,
Cambodia,KHM,1983,
Cambodia,KHM,1982,
Cambodia,KHM,1981,
Cambodia,KHM,1980,
Cambodia,KHM,1979,
Cambodia,KHM,1978,
Cambodia,KHM,1977,
Cambodia,KHM,1976,
Cambodia,KHM,1975,
Cambodia,KHM,1974,
Cambodia,KHM,1973,
Cambodia,KHM,1972,
Cambodia,KHM,1971,
Cambodia,KHM,1970,
Cambodia,KHM,1969,
Cambodia,KHM,1968,
Cambodia,KHM,1967,
Cambodia,KHM,1966,
Cambodia,KHM,1965,
Cambodia,KHM,1964,
Cambodia,KHM,1963,
Cambodia,KHM,1962,
Cambodia,KHM,1961,
Cambodia,KHM,1960,
Cameroon,CMR,2025,
Cameroon,CMR,2024,4.53331349711606
Cameroon,CMR,2023,7.38281384280983
Cameroon,CMR,2022,6.24767713343861
Cameroon,CMR,2021,2.27185762503637
Cameroon,CMR,2020,2.43760882182236
Cameroon,CMR,2019,2.45280214062732
Cameroon,CMR,2018,1.0688581131292
Cameroon,CMR,2017,0.64040914988195
Cameroon,CMR,2016,0.874190383288856
Cameroon,CMR,2015,2.67623531419899
Cameroon,CMR,2014,1.85489850366776
Cameroon,CMR,2013,2.0503471800174
Cameroon,CMR,2012,2.73529677529539
Cameroon,CMR,2011,2.93969946305091
Cameroon,CMR,2010,1.27538046242338
Cameroon,CMR,2009,3.04361847939999
Cameroon,CMR,2008,5.33780627627498
Cameroon,CMR,2007,0.921402245650095
Cameroon,CMR,2006,5.11757816019469
Cameroon,CMR,2005,2.01353950175986
Cameroon,CMR,2004,0.233647380067583
Cameroon,CMR,2003,0.623163557374316
Cameroon,CMR,2002,2.83442260128066
Cameroon,CMR,2001,4.41977245881145
Cameroon,CMR,2000,1.22719012976132
Cameroon,CMR,1999,1.87174500672008
Cameroon,CMR,1998,3.17075185386906
Cameroon,CMR,1997,4.78623881860375
Cameroon,CMR,1996,3.92406372749798
Cameroon,CMR,1995,9.06969071921509
Cameroon,CMR,1994,35.0944618459464
Cameroon,CMR,1993,-3.20655456915868
Cameroon,CMR,1992,-0.0160550458717418
Cameroon,CMR,1991,0.0600513305003454
Cameroon,CMR,1990,1.09938128383608
Cameroon,CMR,1989,-1.66552589550543
Cameroon,CMR,1988,1.68233260771209
Cameroon,CMR,1987,13.140499844701
Cameroon,CMR,1986,7.77002498703532
Cameroon,CMR,1985,8.50837434391594
Cameroon,CMR,1984,11.3733220902937
Cameroon,CMR,1983,16.6312264100787
Cameroon,CMR,1982,13.2570198610703
Cameroon,CMR,1981,10.7275000000004
Cameroon,CMR,1980,9.55175427642866
Cameroon,CMR,1979,6.58061081902716
Cameroon,CMR,1978,12.4630523441786
Cameroon,CMR,1977,14.6983091581553
Cameroon,CMR,1976,9.93065056369724
Cameroon,CMR,1975,13.5533294051262
Cameroon,CMR,1974,17.2329334923306
Cameroon,CMR,1973,10.3847487003839
Cameroon,CMR,1972,8.09291869579621
Cameroon,CMR,1971,4.01402961809856
Cameroon,CMR,1970,5.8580858085174
Cameroon,CMR,1969,-1.1015911872741
Cameroon,CMR,1968,
Cameroon,CMR,1967,
Cameroon,CMR,1966,
Cameroon,CMR,1965,
Cameroon,CMR,1964,
Cameroon,CMR,1963,
Cameroon,CMR,1962,
Cameroon,CMR,1961,
Cameroon,CMR,1960,
Canada,CAN,2025,
Canada,CAN,2024,2.38158383281173
Canada,CAN,2023,3.87900159788425
Canada,CAN,2022,6.80280115341612
Canada,CAN,2021,3.39519318527527
Canada,CAN,2020,0.716999632307827
Canada,CAN,2019,1.94926902411592
Canada,CAN,2018,2.26822567248103
Canada,CAN,2017,1.59688412852976
Canada,CAN,2016,1.42875954701085
Canada,CAN,2015,1.12524136094277
Canada,CAN,2014,1.90663590717861
Canada,CAN,2013,0.938291897815316
Canada,CAN,2012,1.51567823124516
Canada,CAN,2011,2.91213508872351
Canada,CAN,2010,1.77687154092627
Canada,CAN,2009,0.299466803009299
Canada,CAN,2008,2.37027067444298
Canada,CAN,2007,2.13838399266837
Canada,CAN,2006,2.00202539534161
Canada,CAN,2005,2.21355203439767
Canada,CAN,2004,1.85725871857256
Canada,CAN,2003,2.75856321360112
Canada,CAN,2002,2.25839440940855
Canada,CAN,2001,2.52512013979905
Canada,CAN,2000,2.71943995691976
Canada,CAN,1999,1.73484295105918
Canada,CAN,1998,0.995942456658019
Canada,CAN,1997,1.6212163808453
Canada,CAN,1996,1.57053112507137
Canada,CAN,1995,2.14876033057849
Canada,CAN,1994,0.165562913907291
Canada,CAN,1993,1.86507936507938
Canada,CAN,1992,1.49013290374545
Canada,CAN,1991,5.62586408593005
Canada,CAN,1990,4.78047693336304
Canada,CAN,1989,4.98362189985957
Canada,CAN,1988,4.02823414871611
Canada,CAN,1987,4.3561087122174
Canada,CAN,1986,4.1947862908562
Canada,CAN,1985,3.96203054065204
Canada,CAN,1984,4.30477830391736
Canada,CAN,1983,5.86358802977367
Canada,CAN,1982,10.7689718997139
Canada,CAN,1981,12.4716124148372
Canada,CAN,1980,10.1292205085452
Canada,CAN,1979,9.14467697907181
Canada,CAN,1978,8.97372335151214
Canada,CAN,1977,7.97644539614569
Canada,CAN,1976,7.54173862982147
Canada,CAN,1975,10.672188595094
Canada,CAN,1974,10.9971711456859
Canada,CAN,1973,7.48764728240211
Canada,CAN,1972,4.98802873104551
Canada,CAN,1971,2.70491803278684
Canada,CAN,1970,3.34603981363832
Canada,CAN,1969,4.56155890168292
Canada,CAN,1968,4.05529953917047
Canada,CAN,1967,3.57995226730311
Canada,CAN,1966,3.81565906838453
Canada,CAN,1965,2.33265720081134
Canada,CAN,1964,1.91214470284237
Canada,CAN,1963,1.62815126050427
Canada,CAN,1962,1.06157112526535
Canada,CAN,1961,1.0187667560321
Canada,CAN,1960,1.35869565217391
Cayman Islands,CYM,2025,
Cayman Islands,CYM,2024,
Cayman Islands,CYM,2023,
Cayman Islands,CYM,2022,
Cayman Islands,CYM,2021,
Cayman Islands,CYM,2020,
Cayman Islands,CYM,2019,
Cayman Islands,CYM,2018,
Cayman Islands,CYM,2017,
Cayman Islands,CYM,2016,-0.62525835861814
Cayman Islands,CYM,2015,-2.34752770165615
Cayman Islands,CYM,2014,1.27397911533387
Cayman Islands,CYM,2013,2.1606114681339
Cayman Islands,CYM,2012,1.18894845245607
Cayman Islands,CYM,2011,1.32543575779664
Cayman Islands,CYM,2010,0.276140861750108
Cayman Islands,CYM,2009,
Cayman Islands,CYM,2008,
Cayman Islands,CYM,2007,
Cayman Islands,CYM,2006,
Cayman Islands,CYM,2005,
Cayman Islands,CYM,2004,
Cayman Islands,CYM,2003,
Cayman Islands,CYM,2002,
Cayman Islands,CYM,2001,
Cayman Islands,CYM,2000,
Cayman Islands,CYM,1999,
Cayman Islands,CYM,1998,
Cayman Islands,CYM,1997,
Cayman Islands,CYM,1996,
Cayman Islands,CYM,1995,
Cayman Islands,CYM,1994,
Cayman Islands,CYM,1993,
Cayman Islands,CYM,1992,
Cayman Islands,CYM,1991,
Cayman Islands,CYM,1990,
Cayman Islands,CYM,1989,
Cayman Islands,CYM,1988,
Cayman Islands,CYM,1987,
Cayman Islands,CYM,1986,
Cayman Islands,CYM,1985,
Cayman Islands,CYM,1984,
Cayman Islands,CYM,1983,
Cayman Islands,CYM,1982,
Cayman Islands,CYM,1981,
Cayman Islands,CYM,1980,
Cayman Islands,CYM,1979,
Cayman Islands,CYM,1978,
Cayman Islands,CYM,1977,
Cayman Islands,CYM,1976,
Cayman Islands,CYM,1975,
Cayman Islands,CYM,1974,
Cayman Islands,CYM,1973,
Cayman Islands,CYM,1972,
Cayman Islands,CYM,1971,
Cayman Islands,CYM,1970,
Cayman Islands,CYM,1969,
Cayman Islands,CYM,1968,
Cayman Islands,CYM,1967,
Cayman Islands,CYM,1966,
Cayman Islands,CYM,1965,
Cayman Islands,CYM,1964,
Cayman Islands,CYM,1963,
Cayman Islands,CYM,1962,
Cayman Islands,CYM,1961,
Cayman Islands,CYM,1960,
Central African Republic,CAF,2025,
Central African Republic,CAF,2024,1.47733600718743
Central African Republic,CAF,2023,2.97913852618936
Central African Republic,CAF,2022,5.58316735183246
Central African Republic,CAF,2021,4.25936417542868
Central African Republic,CAF,2020,1.71015659523152
Central African Republic,CAF,2019,2.68537355266786
Central African Republic,CAF,2018,1.61215686991555
Central African Republic,CAF,2017,4.18072331871266
Central African Republic,CAF,2016,4.94543276106518
Central African Republic,CAF,2015,1.40297017136816
Central African Republic,CAF,2014,14.8986841797549
Central African Republic,CAF,2013,6.98879341970198
Central African Republic,CAF,2012,5.47829594346117
Central African Republic,CAF,2011,1.1944757244985
Central African Republic,CAF,2010,1.49102370047802
Central African Republic,CAF,2009,3.52126227238642
Central African Republic,CAF,2008,9.25895099417076
Central African Republic,CAF,2007,0.959917619457109
Central African Republic,CAF,2006,6.69526465773354
Central African Republic,CAF,2005,2.88352073359021
Central African Republic,CAF,2004,-2.06640601136302
Central African Republic,CAF,2003,4.13470905150995
Central African Republic,CAF,2002,2.33181703516234
Central African Republic,CAF,2001,3.83486060237361
Central African Republic,CAF,2000,3.20340091563112
Central African Republic,CAF,1999,-1.41420220082551
Central African Republic,CAF,1998,-1.8852009615791
Central African Republic,CAF,1997,1.6113134776091
Central African Republic,CAF,1996,3.72494110325801
Central African Republic,CAF,1995,19.1894039735098
Central African Republic,CAF,1994,24.5710137275604
Central African Republic,CAF,1993,-2.91535849298334
Central African Republic,CAF,1992,-1.03360811667777
Central African Republic,CAF,1991,-2.76236280675762
Central African Republic,CAF,1990,-0.0123304562272101
Central African Republic,CAF,1989,0.689055807312737
Central African Republic,CAF,1988,-3.96446882079366
Central African Republic,CAF,1987,-6.98680270599973
Central African Republic,CAF,1986,2.24515251162269
Central African Republic,CAF,1985,10.4238402303886
Central African Republic,CAF,1984,2.54220966810047
Central African Republic,CAF,1983,14.6126112868811
Central African Republic,CAF,1982,13.2960986995662
Central African Republic,CAF,1981,-0.0333333333334091
Central African Republic,CAF,1980,
Central African Republic,CAF,1979,
Central African Republic,CAF,1978,
Central African Republic,CAF,1977,
Central African Republic,CAF,1976,
Central African Republic,CAF,1975,
Central African Republic,CAF,1974,
Central African Republic,CAF,1973,
Central African Republic,CAF,1972,
Central African Republic,CAF,1971,
Central African Republic,CAF,1970,
Central African Republic,CAF,1969,
Central African Republic,CAF,1968,
Central African Republic,CAF,1967,
Central African Republic,CAF,1966,
Central African Republic,CAF,1965,
Central African Republic,CAF,1964,
Central African Republic,CAF,1963,
Central African Republic,CAF,1962,
Central African Republic,CAF,1961,
Central African Republic,CAF,1960,
Chad,TCD,2025,
Chad,TCD,2024,8.89950732263754
Chad,TCD,2023,10.8363568399843
Chad,TCD,2022,5.78802687843616
Chad,TCD,2021,-0.77284437035914
Chad,TCD,2020,4.46414437232861
Chad,TCD,2019,-0.971939175419401
Chad,TCD,2018,4.27462198610545
Chad,TCD,2017,-1.5370996298084
Chad,TCD,2016,-0.792440525236102
Chad,TCD,2015,4.37712665065654
Chad,TCD,2014,1.6819731392567
Chad,TCD,2013,0.222671564624551
Chad,TCD,2012,7.51662364663833
Chad,TCD,2011,2.0292405367826
Chad,TCD,2010,-2.07786574641866
Chad,TCD,2009,9.95242290748864
Chad,TCD,2008,10.2969758221254
Chad,TCD,2007,-8.9747396200927
Chad,TCD,2006,8.03628897951331
Chad,TCD,2005,7.89036567462993
Chad,TCD,2004,-5.35540028884816
Chad,TCD,2003,-1.75256941248655
Chad,TCD,2002,5.19181895195446
Chad,TCD,2001,12.4312865279941
Chad,TCD,2000,3.82260088086306
Chad,TCD,1999,-8.02505962727454
Chad,TCD,1998,4.2588511022514
Chad,TCD,1997,5.5722571112533
Chad,TCD,1996,11.3308789057282
Chad,TCD,1995,9.23032599768656
Chad,TCD,1994,41.7248972364414
Chad,TCD,1993,-8.427933486518
Chad,TCD,1992,-3.11303067214949
Chad,TCD,1991,3.19387473029496
Chad,TCD,1990,-0.738282265310918
Chad,TCD,1989,-3.68913460441471
Chad,TCD,1988,15.4775176514303
Chad,TCD,1987,-5.97484276729554
Chad,TCD,1986,-13.0565725758829
Chad,TCD,1985,5.15399900645816
Chad,TCD,1984,20.2508960573479
Chad,TCD,1983,
Chad,TCD,1982,
Chad,TCD,1981,
Chad,TCD,1980,
Chad,TCD,1979,
Chad,TCD,1978,
Chad,TCD,1977,
Chad,TCD,1976,
Chad,TCD,1975,
Chad,TCD,1974,
Chad,TCD,1973,
Chad,TCD,1972,
Chad,TCD,1971,
Chad,TCD,1970,
Chad,TCD,1969,
Chad,TCD,1968,
Chad,TCD,1967,
Chad,TCD,1966,
Chad,TCD,1965,
Chad,TCD,1964,
Chad,TCD,1963,
Chad,TCD,1962,
Chad,TCD,1961,
Chad,TCD,1960,
Channel Islands,CHI,2025,
Channel Islands,CHI,2024,
Channel Islands,CHI,2023,
Channel Islands,CHI,2022,
Channel Islands,CHI,2021,
Channel Islands,CHI,2020,
Channel Islands,CHI,2019,
Channel Islands,CHI,2018,
Channel Islands,CHI,2017,
Channel Islands,CHI,2016,
Channel Islands,CHI,2015,
Channel Islands,CHI,2014,
Channel Islands,CHI,2013,
Channel Islands,CHI,2012,
Channel Islands,CHI,2011,
Channel Islands,CHI,2010,
Channel Islands,CHI,2009,
Channel Islands,CHI,2008,
Channel Islands,CHI,2007,
Channel Islands,CHI,2006,
Channel Islands,CHI,2005,
Channel Islands,CHI,2004,
Channel Islands,CHI,2003,
Channel Islands,CHI,2002,
Channel Islands,CHI,2001,
Channel Islands,CHI,2000,
Channel Islands,CHI,1999,
Channel Islands,CHI,1998,
Channel Islands,CHI,1997,
Channel Islands,CHI,1996,
Channel Islands,CHI,1995,
Channel Islands,CHI,1994,
Channel Islands,CHI,1993,
Channel Islands,CHI,1992,
Channel Islands,CHI,1991,
Channel Islands,CHI,1990,
Channel Islands,CHI,1989,
Channel Islands,CHI,1988,
Channel Islands,CHI,1987,
Channel Islands,CHI,1986,
Channel Islands,CHI,1985,
Channel Islands,CHI,1984,
Channel Islands,CHI,1983,
Channel Islands,CHI,1982,
Channel Islands,CHI,1981,
Channel Islands,CHI,1980,
Channel Islands,CHI,1979,
Channel Islands,CHI,1978,
Channel Islands,CHI,1977,
Channel Islands,CHI,1976,
Channel Islands,CHI,1975,
Channel Islands,CHI,1974,
Channel Islands,CHI,1973,
Channel Islands,CHI,1972,
Channel Islands,CHI,1971,
Channel Islands,CHI,1970,
Channel Islands,CHI,1969,
Channel Islands,CHI,1968,
Channel Islands,CHI,1967,
Channel Islands,CHI,1966,
Channel Islands,CHI,1965,
Channel Islands,CHI,1964,
Channel Islands,CHI,1963,
Channel Islands,CHI,1962,
Channel Islands,CHI,1961,
Channel Islands,CHI,1960,
Chile,CHL,2025,
Chile,CHL,2024,4.29763891572524
Chile,CHL,2023,7.58168251407962
Chile,CHL,2022,11.6438667110559
Chile,CHL,2021,4.52456838259143
Chile,CHL,2020,3.04549084804326
Chile,CHL,2019,2.55754475703326
Chile,CHL,2018,2.43488981353057
Chile,CHL,2017,2.18271846868519
Chile,CHL,2016,3.78619355893118
Chile,CHL,2015,4.34877353217044
Chile,CHL,2014,4.71867527854671
Chile,CHL,2013,1.7895555398459
Chile,CHL,2012,3.00744840213047
Chile,CHL,2011,3.34121694259302
Chile,CHL,2010,1.4107110795432
Chile,CHL,2009,0.353045178360936
Chile,CHL,2008,8.71626873039607
Chile,CHL,2007,4.40779938398044
Chile,CHL,2006,3.39201733699405
Chile,CHL,2005,3.05257621387849
Chile,CHL,2004,1.05473871403516
Chile,CHL,2003,2.8101787574361
Chile,CHL,2002,2.48939816650705
Chile,CHL,2001,3.56910053001466
Chile,CHL,2000,3.84327295706565
Chile,CHL,1999,3.33687917526023
Chile,CHL,1998,5.11024954517559
Chile,CHL,1997,6.13386464357927
Chile,CHL,1996,7.35911781788767
Chile,CHL,1995,8.23263034116114
Chile,CHL,1994,11.4431196444972
Chile,CHL,1993,12.7277669490963
Chile,CHL,1992,15.4258064688927
Chile,CHL,1991,21.7844124277757
Chile,CHL,1990,26.0364811362364
Chile,CHL,1989,17.0279367308961
Chile,CHL,1988,14.6843512500819
Chile,CHL,1987,19.8808457201905
Chile,CHL,1986,19.4768379232582
Chile,CHL,1985,30.703498909615
Chile,CHL,1984,19.8602056602626
Chile,CHL,1983,27.2571946726204
Chile,CHL,1982,9.94102693041832
Chile,CHL,1981,19.6868327084319
Chile,CHL,1980,35.1383405330485
Chile,CHL,1979,33.3892190102251
Chile,CHL,1978,40.0872246313854
Chile,CHL,1977,91.9541325565104
Chile,CHL,1976,211.924302225904
Chile,CHL,1975,374.735274232634
Chile,CHL,1974,504.738541215978
Chile,CHL,1973,352.810986573029
Chile,CHL,1972,77.7957404755203
Chile,CHL,1971,20.0522312040536
Chile,CHL,1970,
Chile,CHL,1969,
Chile,CHL,1968,
Chile,CHL,1967,
Chile,CHL,1966,
Chile,CHL,1965,
Chile,CHL,1964,
Chile,CHL,1963,
Chile,CHL,1962,
Chile,CHL,1961,
Chile,CHL,1960,
China,CHN,2025,
China,CHN,2024,0.218128938439177
China,CHN,2023,0.23483682889305
China,CHN,2022,1.9735755573905
China,CHN,2021,0.981015135544881
China,CHN,2020,2.41942189457782
China,CHN,2019,2.89923416358226
China,CHN,2018,2.07479039965576
China,CHN,2017,1.59313600071435
China,CHN,2016,2.00000182191943
China,CHN,2015,1.43702380935654
China,CHN,2014,1.9216416278852
China,CHN,2013,2.62105001748114
China,CHN,2012,2.6195243264554
China,CHN,2011,5.55389892257493
China,CHN,2010,3.17532475269199
China,CHN,2009,-0.728165250932898
China,CHN,2008,5.92525137041091
China,CHN,2007,4.81676767378834
China,CHN,2006,1.64943099455859
China,CHN,2005,1.7764140766757
China,CHN,2004,3.82463743108159
China,CHN,2003,1.12760348729637
China,CHN,2002,-0.731970902350243
China,CHN,2001,0.719125609120113
China,CHN,2000,0.347811226864586
China,CHN,1999,-1.40147268276464
China,CHN,1998,-0.773186011549318
China,CHN,1997,2.78646505531881
China,CHN,1996,8.31316028893908
China,CHN,1995,16.7912251650916
China,CHN,1994,24.2569897243361
China,CHN,1993,14.6100786356602
China,CHN,1992,6.35398134024868
China,CHN,1991,3.55668565220452
China,CHN,1990,3.05229012075233
China,CHN,1989,18.2456383621647
China,CHN,1988,18.8118179448752
China,CHN,1987,7.23383553065609
China,CHN,1986,
China,CHN,1985,
China,CHN,1984,
China,CHN,1983,
China,CHN,1982,
China,CHN,1981,
China,CHN,1980,
China,CHN,1979,
China,CHN,1978,
China,CHN,1977,
China,CHN,1976,
China,CHN,1975,
China,CHN,1974,
China,CHN,1973,
China,CHN,1972,
China,CHN,1971,
China,CHN,1970,
China,CHN,1969,
China,CHN,1968,
China,CHN,1967,
China,CHN,1966,
China,CHN,1965,
China,CHN,1964,
China,CHN,1963,
China,CHN,1962,
China,CHN,1961,
China,CHN,1960,
Colombia,COL,2025,
Colombia,COL,2024,6.60908593728228
Colombia,COL,2023,11.7359044948689
Colombia,COL,2022,10.1772313546166
Colombia,COL,2021,3.49505757399448
Colombia,COL,2020,2.52663500084706
Colombia,COL,2019,3.52301932741446
Colombia,COL,2018,3.24056932930569
Colombia,COL,2017,4.3143132569501
Colombia,COL,2016,7.51346024627674
Colombia,COL,2015,4.98983115849529
Colombia,COL,2014,2.89883787761737
Colombia,COL,2013,2.01699224310383
Colombia,COL,2012,3.16930188840055
Colombia,COL,2011,3.4150334477625
Colombia,COL,2010,2.27200227892008
Colombia,COL,2009,4.20251661216481
Colombia,COL,2008,6.9968849555451
Colombia,COL,2007,5.54438485815155
Colombia,COL,2006,4.29342363628926
Colombia,COL,2005,5.05101962689695
Colombia,COL,2004,5.90402005546502
Colombia,COL,2003,7.1297886294186
Colombia,COL,2002,6.35150728778872
Colombia,COL,2001,7.96556090304834
Colombia,COL,2000,9.22534818585365
Colombia,COL,1999,10.873687085747
Colombia,COL,1998,18.6769799276671
Colombia,COL,1997,18.4700217119089
Colombia,COL,1996,20.7975755127401
Colombia,COL,1995,20.8917930194849
Colombia,COL,1994,22.8462417553044
Colombia,COL,1993,22.4424828533275
Colombia,COL,1992,27.010626623136
Colombia,COL,1991,30.3878204854435
Colombia,COL,1990,29.1520245976215
Colombia,COL,1989,25.8675480831987
Colombia,COL,1988,28.1083969771703
Colombia,COL,1987,23.302028364018
Colombia,COL,1986,18.8424631612405
Colombia,COL,1985,24.090174368125
Colombia,COL,1984,16.1616171361426
Colombia,COL,1983,19.5973170624764
Colombia,COL,1982,24.7209882528585
Colombia,COL,1981,27.4537624347993
Colombia,COL,1980,26.5526531495356
Colombia,COL,1979,24.1340757440455
Colombia,COL,1978,17.7631590853462
Colombia,COL,1977,33.8028183579819
Colombia,COL,1976,19.831224916793
Colombia,COL,1975,23.4375025650554
Colombia,COL,1974,23.8709573656696
Colombia,COL,1973,22.5296486781842
Colombia,COL,1972,12.4444589907728
Colombia,COL,1971,11.9402616979216
Colombia,COL,1970,6.9086227584824
Colombia,COL,1969,6.98166307955375
Colombia,COL,1968,7.4475387831777
Colombia,COL,1967,8.32819136425947
Colombia,COL,1966,16.7281682748597
Colombia,COL,1965,7.5906836693158
Colombia,COL,1964,17.0724352164553
Colombia,COL,1963,26.3554355250466
Colombia,COL,1962,4.6970939506247
Colombia,COL,1961,8.28319045648716
Colombia,COL,1960,5.81407628204986
Comoros,COM,2025,
Comoros,COM,2024,5.05192609588218
Comoros,COM,2023,8.37373955490995
Comoros,COM,2022,12.5320314570998
Comoros,COM,2021,-0.00441793682346988
Comoros,COM,2020,0.786641929499151
Comoros,COM,2019,3.58213544469211
Comoros,COM,2018,2.15155084413033
Comoros,COM,2017,-0.237362224154613
Comoros,COM,2016,0.797517430888487
Comoros,COM,2015,-0.117173884190069
Comoros,COM,2014,7.54755379096711
Comoros,COM,2013,-4.29487331536756
Comoros,COM,2012,6.31474450315177
Comoros,COM,2011,1.8426630075619
Comoros,COM,2010,3.35475770328919
Comoros,COM,2009,4.36234829325719
Comoros,COM,2008,1.7007817628453
Comoros,COM,2007,4.46616710098131
Comoros,COM,2006,3.37436360121204
Comoros,COM,2005,3.0133239505812
Comoros,COM,2004,4.47499289078106
Comoros,COM,2003,3.799081366719
Comoros,COM,2002,3.53304214308077
Comoros,COM,2001,5.55459394816812
Comoros,COM,2000,
Comoros,COM,1999,
Comoros,COM,1998,
Comoros,COM,1997,
Comoros,COM,1996,
Comoros,COM,1995,
Comoros,COM,1994,
Comoros,COM,1993,
Comoros,COM,1992,
Comoros,COM,1991,
Comoros,COM,1990,
Comoros,COM,1989,
Comoros,COM,1988,
Comoros,COM,1987,
Comoros,COM,1986,
Comoros,COM,1985,
Comoros,COM,1984,
Comoros,COM,1983,
Comoros,COM,1982,
Comoros,COM,1981,
Comoros,COM,1980,
Comoros,COM,1979,
Comoros,COM,1978,
Comoros,COM,1977,
Comoros,COM,1976,
Comoros,COM,1975,
Comoros,COM,1974,
Comoros,COM,1973,
Comoros,COM,1972,
Comoros,COM,1971,
Comoros,COM,1970,
Comoros,COM,1969,
Comoros,COM,1968,
Comoros,COM,1967,
Comoros,COM,1966,
Comoros,COM,1965,
Comoros,COM,1964,
Comoros,COM,1963,
Comoros,COM,1962,
Comoros,COM,1961,
Comoros,COM,1960,
"Congo, Dem. Rep.",COD,2025,
"Congo, Dem. Rep.",COD,2024,
"Congo, Dem. Rep.",COD,2023,
"Congo, Dem. Rep.",COD,2022,
"Congo, Dem. Rep.",COD,2021,
"Congo, Dem. Rep.",COD,2020,
"Congo, Dem. Rep.",COD,2019,
"Congo, Dem. Rep.",COD,2018,
"Congo, Dem. Rep.",COD,2017,
"Congo, Dem. Rep.",COD,2016,2.88585107289988
"Congo, Dem. Rep.",COD,2015,0.74419899478147
"Congo, Dem. Rep.",COD,2014,1.24303889760802
"Congo, Dem. Rep.",COD,2013,0.80822310148711
"Congo, Dem. Rep.",COD,2012,9.72182806273364
"Congo, Dem. Rep.",COD,2011,15.316515913949
"Congo, Dem. Rep.",COD,2010,7.10000000000037
"Congo, Dem. Rep.",COD,2009,2.79999999999981
"Congo, Dem. Rep.",COD,2008,17.3013845700156
"Congo, Dem. Rep.",COD,2007,16.9451006541949
"Congo, Dem. Rep.",COD,2006,13.0526949745101
"Congo, Dem. Rep.",COD,2005,21.316816722934
"Congo, Dem. Rep.",COD,2004,3.9943840081597
"Congo, Dem. Rep.",COD,2003,12.8739657187404
"Congo, Dem. Rep.",COD,2002,31.5225826025495
"Congo, Dem. Rep.",COD,2001,359.936614264585
"Congo, Dem. Rep.",COD,2000,513.906843747535
"Congo, Dem. Rep.",COD,1999,284.894975914086
"Congo, Dem. Rep.",COD,1998,29.1488069236652
"Congo, Dem. Rep.",COD,1997,198.516707416462
"Congo, Dem. Rep.",COD,1996,492.441850235414
"Congo, Dem. Rep.",COD,1995,541.908883239026
"Congo, Dem. Rep.",COD,1994,23773.1317741015
"Congo, Dem. Rep.",COD,1993,1986.90476190475
"Congo, Dem. Rep.",COD,1992,4129.16985661558
"Congo, Dem. Rep.",COD,1991,2154.4368271134
"Congo, Dem. Rep.",COD,1990,81.295404814004
"Congo, Dem. Rep.",COD,1989,104.06522942826
"Congo, Dem. Rep.",COD,1988,71.0917312661503
"Congo, Dem. Rep.",COD,1987,78.6703601108032
"Congo, Dem. Rep.",COD,1986,44.4
"Congo, Dem. Rep.",COD,1985,23.8207845213349
"Congo, Dem. Rep.",COD,1984,52.2270113573208
"Congo, Dem. Rep.",COD,1983,76.5266976662658
"Congo, Dem. Rep.",COD,1982,36.6996975740914
"Congo, Dem. Rep.",COD,1981,35.4082648744293
"Congo, Dem. Rep.",COD,1980,46.6259068303308
"Congo, Dem. Rep.",COD,1979,101.051260411497
"Congo, Dem. Rep.",COD,1978,48.7690376115202
"Congo, Dem. Rep.",COD,1977,68.9477081989997
"Congo, Dem. Rep.",COD,1976,80.385959075414
"Congo, Dem. Rep.",COD,1975,28.6579701952268
"Congo, Dem. Rep.",COD,1974,29.4692810459945
"Congo, Dem. Rep.",COD,1973,15.6427621238193
"Congo, Dem. Rep.",COD,1972,15.804215390795
"Congo, Dem. Rep.",COD,1971,5.77734982596516
"Congo, Dem. Rep.",COD,1970,8.02528404548486
"Congo, Dem. Rep.",COD,1969,6.17619573522313
"Congo, Dem. Rep.",COD,1968,53.3216727107738
"Congo, Dem. Rep.",COD,1967,36.9265248728318
"Congo, Dem. Rep.",COD,1966,15.780101249114
"Congo, Dem. Rep.",COD,1965,-2.72698027762915
"Congo, Dem. Rep.",COD,1964,35.4210649777883
"Congo, Dem. Rep.",COD,1963,
"Congo, Dem. Rep.",COD,1962,
"Congo, Dem. Rep.",COD,1961,
"Congo, Dem. Rep.",COD,1960,
"Congo, Rep.",COG,2025,
"Congo, Rep.",COG,2024,3.09143630919166
"Congo, Rep.",COG,2023,4.30174563591016
"Congo, Rep.",COG,2022,3.04344334698477
"Congo, Rep.",COG,2021,1.7156427545126
"Congo, Rep.",COG,2020,1.79537147083107
"Congo, Rep.",COG,2019,2.20607305781525
"Congo, Rep.",COG,2018,1.15277896375523
"Congo, Rep.",COG,2017,0.450063823285546
"Congo, Rep.",COG,2016,3.19056179723773
"Congo, Rep.",COG,2015,3.16909796750829
"Congo, Rep.",COG,2014,0.912139545450097
"Congo, Rep.",COG,2013,4.63161619729461
"Congo, Rep.",COG,2012,5.01018773134471
"Congo, Rep.",COG,2011,1.75958704273803
"Congo, Rep.",COG,2010,0.391525011227612
"Congo, Rep.",COG,2009,4.41500374795223
"Congo, Rep.",COG,2008,4.95875092023151
"Congo, Rep.",COG,2007,2.65464645060702
"Congo, Rep.",COG,2006,6.53784395299603
"Congo, Rep.",COG,2005,3.09449011456181
"Congo, Rep.",COG,2004,2.42976607961799
"Congo, Rep.",COG,2003,-0.631844987363156
"Congo, Rep.",COG,2002,4.37875971780872
"Congo, Rep.",COG,2001,0.0559899218140582
"Congo, Rep.",COG,2000,-0.88199151702543
"Congo, Rep.",COG,1999,4.14267137284048
"Congo, Rep.",COG,1998,
"Congo, Rep.",COG,1997,
"Congo, Rep.",COG,1996,10.0311203319502
"Congo, Rep.",COG,1995,9.41800743452227
"Congo, Rep.",COG,1994,42.4396750333452
"Congo, Rep.",COG,1993,4.92366412213743
"Congo, Rep.",COG,1992,-3.93546810070881
"Congo, Rep.",COG,1991,-1.67834968956536
"Congo, Rep.",COG,1990,2.88905374216946
"Congo, Rep.",COG,1989,-1.79698882952884
"Congo, Rep.",COG,1988,1.0304219823355
"Congo, Rep.",COG,1987,0.443568260226844
"Congo, Rep.",COG,1986,4.15811088295678
"Congo, Rep.",COG,1985,
"Congo, Rep.",COG,1984,
"Congo, Rep.",COG,1983,
"Congo, Rep.",COG,1982,
"Congo, Rep.",COG,1981,
"Congo, Rep.",COG,1980,
"Congo, Rep.",COG,1979,
"Congo, Rep.",COG,1978,
"Congo, Rep.",COG,1977,
"Congo, Rep.",COG,1976,
"Congo, Rep.",COG,1975,
"Congo, Rep.",COG,1974,
"Congo, Rep.",COG,1973,
"Congo, Rep.",COG,1972,
"Congo, Rep.",COG,1971,
"Congo, Rep.",COG,1970,
"Congo, Rep.",COG,1969,
"Congo, Rep.",COG,1968,
"Congo, Rep.",COG,1967,
"Congo, Rep.",COG,1966,
"Congo, Rep.",COG,1965,
"Congo, Rep.",COG,1964,
"Congo, Rep.",COG,1963,
"Congo, Rep.",COG,1962,
"Congo, Rep.",COG,1961,
"Congo, Rep.",COG,1960,
Costa Rica,CRI,2025,
Costa Rica,CRI,2024,-0.412853001047069
Costa Rica,CRI,2023,0.525193508693455
Costa Rica,CRI,2022,8.27477490232654
Costa Rica,CRI,2021,1.72647755109241
Costa Rica,CRI,2020,0.724911478131375
Costa Rica,CRI,2019,2.09604635327807
Costa Rica,CRI,2018,2.2211146152658
Costa Rica,CRI,2017,1.62590692991731
Costa Rica,CRI,2016,-0.0174788505908217
Costa Rica,CRI,2015,0.801982005099623
Costa Rica,CRI,2014,4.51920098516953
Costa Rica,CRI,2013,5.23133614174428
Costa Rica,CRI,2012,4.49545314354605
Costa Rica,CRI,2011,4.87799830970702
Costa Rica,CRI,2010,5.66275708420021
Costa Rica,CRI,2009,7.84270167700653
Costa Rica,CRI,2008,13.4244635507283
Costa Rica,CRI,2007,9.35724456417157
Costa Rica,CRI,2006,11.4705968149052
Costa Rica,CRI,2005,13.7982949108987
Costa Rica,CRI,2004,12.3148150178852
Costa Rica,CRI,2003,9.44758091616983
Costa Rica,CRI,2002,9.16752048509118
Costa Rica,CRI,2001,11.2556157091171
Costa Rica,CRI,2000,10.9615496593622
Costa Rica,CRI,1999,10.0452817292494
Costa Rica,CRI,1998,11.6592997742233
Costa Rica,CRI,1997,13.2480440791191
Costa Rica,CRI,1996,17.5114524814591
Costa Rica,CRI,1995,23.1864981102567
Costa Rica,CRI,1994,13.5344687273427
Costa Rica,CRI,1993,9.77860078293776
Costa Rica,CRI,1992,21.7911687900609
Costa Rica,CRI,1991,28.7092913706617
Costa Rica,CRI,1990,19.0397526635648
Costa Rica,CRI,1989,16.509808768739
Costa Rica,CRI,1988,20.8325332309202
Costa Rica,CRI,1987,16.8424201630394
Costa Rica,CRI,1986,11.8350618936099
Costa Rica,CRI,1985,15.0574196445756
Costa Rica,CRI,1984,11.9474270118863
Costa Rica,CRI,1983,32.6237081487831
Costa Rica,CRI,1982,90.1213328504165
Costa Rica,CRI,1981,37.0563415239513
Costa Rica,CRI,1980,18.1351707960709
Costa Rica,CRI,1979,9.18841043700977
Costa Rica,CRI,1978,6.00712709994901
Costa Rica,CRI,1977,4.19024045261669
Costa Rica,CRI,1976,3.48583333291706
Costa Rica,CRI,1975,17.3692020226551
Costa Rica,CRI,1974,30.0736292803636
Costa Rica,CRI,1973,15.2140342204182
Costa Rica,CRI,1972,4.60112569280858
Costa Rica,CRI,1971,3.08304841408706
Costa Rica,CRI,1970,4.65229749303154
Costa Rica,CRI,1969,2.62934083658331
Costa Rica,CRI,1968,4.09389143106836
Costa Rica,CRI,1967,1.20834031134424
Costa Rica,CRI,1966,0.182882837621526
Costa Rica,CRI,1965,-0.665000000583401
Costa Rica,CRI,1964,3.32403316018127
Costa Rica,CRI,1963,2.93161847051352
Costa Rica,CRI,1962,2.67785968742788
Costa Rica,CRI,1961,2.43079391009159
Costa Rica,CRI,1960,0.790205817960073
Cote d'Ivoire,CIV,2025,
Cote d'Ivoire,CIV,2024,3.45053028131018
Cote d'Ivoire,CIV,2023,4.36972254867474
Cote d'Ivoire,CIV,2022,5.23352856100842
Cote d'Ivoire,CIV,2021,4.15919657911797
Cote d'Ivoire,CIV,2020,2.41252617189052
Cote d'Ivoire,CIV,2019,0.79085551205366
Cote d'Ivoire,CIV,2018,0.401297817263547
Cote d'Ivoire,CIV,2017,0.685881065304603
Cote d'Ivoire,CIV,2016,0.723178457513308
Cote d'Ivoire,CIV,2015,1.25149954781467
Cote d'Ivoire,CIV,2014,0.448682076766141
Cote d'Ivoire,CIV,2013,2.58117037252935
Cote d'Ivoire,CIV,2012,1.30451119915606
Cote d'Ivoire,CIV,2011,4.9124339505245
Cote d'Ivoire,CIV,2010,1.22645612135479
Cote d'Ivoire,CIV,2009,1.01950457731137
Cote d'Ivoire,CIV,2008,6.30852769152578
Cote d'Ivoire,CIV,2007,1.89200629349597
Cote d'Ivoire,CIV,2006,2.46719148596914
Cote d'Ivoire,CIV,2005,3.88583039886481
Cote d'Ivoire,CIV,2004,1.45798835600741
Cote d'Ivoire,CIV,2003,3.29680746974208
Cote d'Ivoire,CIV,2002,3.07726485157427
Cote d'Ivoire,CIV,2001,4.36152914007256
Cote d'Ivoire,CIV,2000,2.53077516737996
Cote d'Ivoire,CIV,1999,0.70237580595596
Cote d'Ivoire,CIV,1998,4.61144759515372
Cote d'Ivoire,CIV,1997,4.02083333333305
Cote d'Ivoire,CIV,1996,2.48080669187551
Cote d'Ivoire,CIV,1995,14.2950690851944
Cote d'Ivoire,CIV,1994,26.0815719947161
Cote d'Ivoire,CIV,1993,2.16471453976754
Cote d'Ivoire,CIV,1992,4.23138382869967
Cote d'Ivoire,CIV,1991,1.68334849863479
Cote d'Ivoire,CIV,1990,-0.80587969827806
Cote d'Ivoire,CIV,1989,1.04951823790383
Cote d'Ivoire,CIV,1988,6.93068617206514
Cote d'Ivoire,CIV,1987,6.94330626536573
Cote d'Ivoire,CIV,1986,9.68295473116514
Cote d'Ivoire,CIV,1985,1.86380327150627
Cote d'Ivoire,CIV,1984,4.2847611036187
Cote d'Ivoire,CIV,1983,5.64042843342125
Cote d'Ivoire,CIV,1982,7.58312589642149
Cote d'Ivoire,CIV,1981,8.79921083308777
Cote d'Ivoire,CIV,1980,14.7009812997865
Cote d'Ivoire,CIV,1979,16.3423565736251
Cote d'Ivoire,CIV,1978,13.2429868545927
Cote d'Ivoire,CIV,1977,27.4218615091476
Cote d'Ivoire,CIV,1976,12.0766402169566
Cote d'Ivoire,CIV,1975,11.4442239670113
Cote d'Ivoire,CIV,1974,17.3593884470647
Cote d'Ivoire,CIV,1973,11.1029866698228
Cote d'Ivoire,CIV,1972,0.31031369888391
Cote d'Ivoire,CIV,1971,-0.443745436275745
Cote d'Ivoire,CIV,1970,8.20519054310719
Cote d'Ivoire,CIV,1969,4.45022854223325
Cote d'Ivoire,CIV,1968,5.35045478867879
Cote d'Ivoire,CIV,1967,2.29185195349456
Cote d'Ivoire,CIV,1966,4.19131798405668
Cote d'Ivoire,CIV,1965,2.61117612633011
Cote d'Ivoire,CIV,1964,0.618192522743667
Cote d'Ivoire,CIV,1963,0.943466310460198
Cote d'Ivoire,CIV,1962,-1.34124890120528
Cote d'Ivoire,CIV,1961,11.6164921468989
Cote d'Ivoire,CIV,1960,
Croatia,HRV,2025,
Croatia,HRV,2024,2.97200477643618
Croatia,HRV,2023,7.9412817758683
Croatia,HRV,2022,10.7805806758686
Croatia,HRV,2021,2.55450699642041
Croatia,HRV,2020,0.154811374562106
Croatia,HRV,2019,0.771820346498019
Croatia,HRV,2018,1.50012501041756
Croatia,HRV,2017,1.12937210282347
Croatia,HRV,2016,-1.12500000000002
Croatia,HRV,2015,-0.464499004644911
Croatia,HRV,2014,-0.215196159576268
Croatia,HRV,2013,2.21658206429779
Croatia,HRV,2012,3.41207349081358
Croatia,HRV,2011,2.2727272727273
Croatia,HRV,2010,1.03055505333574
Croatia,HRV,2009,2.37852845904674
Croatia,HRV,2008,6.07696838798354
Croatia,HRV,2007,2.89928275583388
Croatia,HRV,2006,3.18982591472949
Croatia,HRV,2005,3.31717824448045
Croatia,HRV,2004,2.05539679050328
Croatia,HRV,2003,1.76733780760629
Croatia,HRV,2002,1.67178437393383
Croatia,HRV,2001,3.77670246665889
Croatia,HRV,2000,4.61131554737801
Croatia,HRV,1999,4.01913875598086
Croatia,HRV,1998,6.39668660837554
Croatia,HRV,1997,4.17066155321188
Croatia,HRV,1996,4.29999999999995
Croatia,HRV,1995,3.95010395010402
Croatia,HRV,1994,107.327586206896
Croatia,HRV,1993,1500.0
Croatia,HRV,1992,625.000000000001
Croatia,HRV,1991,122.222222222221
Croatia,HRV,1990,500.000000000001
Croatia,HRV,1989,1400.0
Croatia,HRV,1988,185.714285714285
Croatia,HRV,1987,133.333263744315
Croatia,HRV,1986,50.0
Croatia,HRV,1985,
Croatia,HRV,1984,
Croatia,HRV,1983,
Croatia,HRV,1982,
Croatia,HRV,1981,
Croatia,HRV,1980,
Croatia,HRV,1979,
Croatia,HRV,1978,
Croatia,HRV,1977,
Croatia,HRV,1976,
Croatia,HRV,1975,
Croatia,HRV,1974,
Croatia,HRV,1973,
Croatia,HRV,1972,
Croatia,HRV,1971,
Croatia,HRV,1970,
Croatia,HRV,1969,
Croatia,HRV,1968,
Croatia,HRV,1967,
Croatia,HRV,1966,
Croatia,HRV,1965,
Croatia,HRV,1964,
Croatia,HRV,1963,
Croatia,HRV,1962,
Croatia,HRV,1961,
Croatia,HRV,1960,
Cuba,CUB,2025,
Cuba,CUB,2024,
Cuba,CUB,2023,
Cuba,CUB,2022,
Cuba,CUB,2021,
Cuba,CUB,2020,
Cuba,CUB,2019,
Cuba,CUB,2018,
Cuba,CUB,2017,
Cuba,CUB,2016,
Cuba,CUB,2015,
Cuba,CUB,2014,
Cuba,CUB,2013,
Cuba,CUB,2012,
Cuba,CUB,2011,
Cuba,CUB,2010,
Cuba,CUB,2009,
Cuba,CUB,2008,
Cuba,CUB,2007,
Cuba,CUB,2006,
Cuba,CUB,2005,
Cuba,CUB,2004,
Cuba,CUB,2003,
Cuba,CUB,2002,
Cuba,CUB,2001,
Cuba,CUB,2000,
Cuba,CUB,1999,
Cuba,CUB,1998,
Cuba,CUB,1997,
Cuba,CUB,1996,
Cuba,CUB,1995,
Cuba,CUB,1994,
Cuba,CUB,1993,
Cuba,CUB,1992,
Cuba,CUB,1991,
Cuba,CUB,1990,
Cuba,CUB,1989,
Cuba,CUB,1988,
Cuba,CUB,1987,
Cuba,CUB,1986,
Cuba,CUB,1985,
Cuba,CUB,1984,
Cuba,CUB,1983,
Cuba,CUB,1982,
Cuba,CUB,1981,
Cuba,CUB,1980,
Cuba,CUB,1979,
Cuba,CUB,1978,
Cuba,CUB,1977,
Cuba,CUB,1976,
Cuba,CUB,1975,
Cuba,CUB,1974,
Cuba,CUB,1973,
Cuba,CUB,1972,
Cuba,CUB,1971,
Cuba,CUB,1970,
Cuba,CUB,1969,
Cuba,CUB,1968,
Cuba,CUB,1967,
Cuba,CUB,1966,
Cuba,CUB,1965,
Cuba,CUB,1964,
Cuba,CUB,1963,
Cuba,CUB,1962,
Cuba,CUB,1961,
Cuba,CUB,1960,
Curacao,CUW,2025,
Curacao,CUW,2024,
Curacao,CUW,2023,
Curacao,CUW,2022,
Curacao,CUW,2021,
Curacao,CUW,2020,
Curacao,CUW,2019,2.62220783425058
Curacao,CUW,2018,2.58368756641813
Curacao,CUW,2017,1.58558801700344
Curacao,CUW,2016,-0.0472079848940292
Curacao,CUW,2015,-0.476542049801404
Curacao,CUW,2014,1.49873969616429
Curacao,CUW,2013,1.33232086152117
Curacao,CUW,2012,3.18398746349454
Curacao,CUW,2011,2.3325315256217
Curacao,CUW,2010,2.77944261312586
Curacao,CUW,2009,1.75331605427595
Curacao,CUW,2008,6.8763239367776
Curacao,CUW,2007,2.99572039942908
Curacao,CUW,2006,3.11499524097949
Curacao,CUW,2005,4.11711711711707
Curacao,CUW,2004,1.37912138094799
Curacao,CUW,2003,1.6337139144157
Curacao,CUW,2002,0.391389432485324
Curacao,CUW,2001,1.79282868525896
Curacao,CUW,2000,
Curacao,CUW,1999,
Curacao,CUW,1998,
Curacao,CUW,1997,
Curacao,CUW,1996,
Curacao,CUW,1995,
Curacao,CUW,1994,
Curacao,CUW,1993,
Curacao,CUW,1992,
Curacao,CUW,1991,
Curacao,CUW,1990,
Curacao,CUW,1989,
Curacao,CUW,1988,
Curacao,CUW,1987,
Curacao,CUW,1986,
Curacao,CUW,1985,
Curacao,CUW,1984,
Curacao,CUW,1983,
Curacao,CUW,1982,
Curacao,CUW,1981,
Curacao,CUW,1980,
Curacao,CUW,1979,
Curacao,CUW,1978,
Curacao,CUW,1977,
Curacao,CUW,1976,
Curacao,CUW,1975,
Curacao,CUW,1974,
Curacao,CUW,1973,
Curacao,CUW,1972,
Curacao,CUW,1971,
Curacao,CUW,1970,
Curacao,CUW,1969,
Curacao,CUW,1968,
Curacao,CUW,1967,
Curacao,CUW,1966,
Curacao,CUW,1965,
Curacao,CUW,1964,
Curacao,CUW,1963,
Curacao,CUW,1962,
Curacao,CUW,1961,
Curacao,CUW,1960,
Cyprus,CYP,2025,
Cyprus,CYP,2024,1.80023018624815
Cyprus,CYP,2023,3.54134188751663
Cyprus,CYP,2022,8.39548297993334
Cyprus,CYP,2021,2.44608867175474
Cyprus,CYP,2020,-0.638422797978958
Cyprus,CYP,2019,0.250370996758493
Cyprus,CYP,2018,1.43549119531759
Cyprus,CYP,2017,0.531766496174467
Cyprus,CYP,2016,-1.42916666666665
Cyprus,CYP,2015,-2.0969976905311
Cyprus,CYP,2014,-1.35498885446314
Cyprus,CYP,2013,-0.399357676464425
Cyprus,CYP,2012,2.38905410042316
Cyprus,CYP,2011,3.28944939564211
Cyprus,CYP,2010,2.43004084102254
Cyprus,CYP,2009,0.326276652249793
Cyprus,CYP,2008,4.66900841902485
Cyprus,CYP,2007,2.37265183669719
Cyprus,CYP,2006,2.30468732978555
Cyprus,CYP,2005,2.56016132330233
Cyprus,CYP,2004,2.28621706801674
Cyprus,CYP,2003,4.13906538686858
Cyprus,CYP,2002,2.80115505180746
Cyprus,CYP,2001,1.97304191729914
Cyprus,CYP,2000,4.1416576470206
Cyprus,CYP,1999,1.62999999999998
Cyprus,CYP,1998,2.22770732654316
Cyprus,CYP,1997,3.60534444364628
Cyprus,CYP,1996,2.97892486481265
Cyprus,CYP,1995,2.61581787956337
Cyprus,CYP,1994,4.6985893105498
Cyprus,CYP,1993,4.85416666666692
Cyprus,CYP,1992,6.51021953065818
Cyprus,CYP,1991,5.03527438848104
Cyprus,CYP,1990,4.50205462895842
Cyprus,CYP,1989,3.76548048283389
Cyprus,CYP,1988,3.42926631536285
Cyprus,CYP,1987,2.79166666666696
Cyprus,CYP,1986,1.21836925967664
Cyprus,CYP,1985,5.03445366364796
Cyprus,CYP,1984,5.99195111048443
Cyprus,CYP,1983,5.04971424100878
Cyprus,CYP,1982,6.43279726693689
Cyprus,CYP,1981,10.7446936083976
Cyprus,CYP,1980,13.5175605772583
Cyprus,CYP,1979,9.46370829519019
Cyprus,CYP,1978,7.43628329894658
Cyprus,CYP,1977,7.32646048101325
Cyprus,CYP,1976,3.85438972162729
Cyprus,CYP,1975,4.63948584046548
Cyprus,CYP,1974,16.1766666665001
Cyprus,CYP,1973,7.80888234052259
Cyprus,CYP,1972,4.83230361865648
Cyprus,CYP,1971,4.14400612825454
Cyprus,CYP,1970,2.4001882503169
Cyprus,CYP,1969,2.38515901013024
Cyprus,CYP,1968,3.76666666616697
Cyprus,CYP,1967,0.70493454280659
Cyprus,CYP,1966,0.506072874498885
Cyprus,CYP,1965,0.202839756594411
Cyprus,CYP,1964,-0.303336704752537
Cyprus,CYP,1963,1.9587628865985
Cyprus,CYP,1962,0.103199174406311
Cyprus,CYP,1961,-0.615384615384945
Cyprus,CYP,1960,0.827300930713946
Czechia,CZE,2025,
Czechia,CZE,2024,2.43531202435314
Czechia,CZE,2023,10.6612601372427
Czechia,CZE,2022,15.100165146837
Czechia,CZE,2021,3.83984491500146
Czechia,CZE,2020,3.1612952849781
Czechia,CZE,2019,2.84787595918041
Czechia,CZE,2018,2.14949494949492
Czechia,CZE,2017,2.4505339846014
Czechia,CZE,2016,0.683504209385702
Czechia,CZE,2015,0.309364548494975
Czechia,CZE,2014,0.343988589646793
Czechia,CZE,2013,1.4382978723404
Czechia,CZE,2012,3.28762306610411
Czechia,CZE,2011,1.9172191363555
Czechia,CZE,2010,1.47272727272728
Czechia,CZE,2009,1.01937735329229
Czechia,CZE,2008,6.3586638015237
Czechia,CZE,2007,2.8531243721117
Czechia,CZE,2006,2.53399258343633
Czechia,CZE,2005,1.85709789109228
Czechia,CZE,2004,2.76010781671153
Czechia,CZE,2003,0.118739205526814
Czechia,CZE,2002,1.90298097019026
Czechia,CZE,2001,4.66267556988257
Czechia,CZE,2000,3.77538829151729
Czechia,CZE,1999,2.13544844417329
Czechia,CZE,1998,10.6983655274888
Czechia,CZE,1997,8.59615666715564
Czechia,CZE,1996,8.75877472878111
Czechia,CZE,1995,8.99052361478448
Czechia,CZE,1994,10.039429835143
Czechia,CZE,1993,20.8130295438428
Czechia,CZE,1992,11.086500072223
Czechia,CZE,1991,
Czechia,CZE,1990,
Czechia,CZE,1989,
Czechia,CZE,1988,
Czechia,CZE,1987,
Czechia,CZE,1986,
Czechia,CZE,1985,
Czechia,CZE,1984,
Czechia,CZE,1983,
Czechia,CZE,1982,
Czechia,CZE,1981,
Czechia,CZE,1980,
Czechia,CZE,1979,
Czechia,CZE,1978,
Czechia,CZE,1977,
Czechia,CZE,1976,
Czechia,CZE,1975,
Czechia,CZE,1974,
Czechia,CZE,1973,
Czechia,CZE,1972,
Czechia,CZE,1971,
Czechia,CZE,1970,
Czechia,CZE,1969,
Czechia,CZE,1968,
Czechia,CZE,1967,
Czechia,CZE,1966,
Czechia,CZE,1965,
Czechia,CZE,1964,
Czechia,CZE,1963,
Czechia,CZE,1962,
Czechia,CZE,1961,
Czechia,CZE,1960,
Denmark,DNK,2025,
Denmark,DNK,2024,1.37220049768925
Denmark,DNK,2023,3.30517811237605
Denmark,DNK,2022,7.69656699889259
Denmark,DNK,2021,1.85304543989689
Denmark,DNK,2020,0.420711974110024
Denmark,DNK,2019,0.75813157251162
Denmark,DNK,2018,0.813609467455631
Denmark,DNK,2017,1.14713216957601
Denmark,DNK,2016,0.250000000000031
Denmark,DNK,2015,0.452034153691574
Denmark,DNK,2014,0.56402054044954
Denmark,DNK,2013,0.789071780078062
Denmark,DNK,2012,2.3979148566464
Denmark,DNK,2011,2.7586822605125
Denmark,DNK,2010,2.31092436974786
Denmark,DNK,2009,1.30470991024335
Denmark,DNK,2008,3.41626794258374
Denmark,DNK,2007,1.69326586220324
Denmark,DNK,2006,1.92422138464584
Denmark,DNK,2005,1.81781458291254
Denmark,DNK,2004,1.15435693124934
Denmark,DNK,2003,2.07507820646506
Denmark,DNK,2002,2.42443661219694
Denmark,DNK,2001,2.33787000255262
Denmark,DNK,2000,2.90328203236461
Denmark,DNK,1999,2.49779544404529
Denmark,DNK,1998,1.84565122007883
Denmark,DNK,1997,2.1821667790712
Denmark,DNK,1996,2.12629802275577
Denmark,DNK,1995,2.08360842382854
Denmark,DNK,1994,1.99201463809517
Denmark,DNK,1993,1.2578566795326
Denmark,DNK,1992,2.09604442933213
Denmark,DNK,1991,2.39515331724416
Denmark,DNK,1990,2.64160306382001
Denmark,DNK,1989,4.77272342435518
Denmark,DNK,1988,4.53513301015726
Denmark,DNK,1987,4.01999345683161
Denmark,DNK,1986,3.67818411863452
Denmark,DNK,1985,4.67875145183254
Denmark,DNK,1984,6.29077936023769
Denmark,DNK,1983,6.90822881158844
Denmark,DNK,1982,10.1208256779822
Denmark,DNK,1981,11.7673874344181
Denmark,DNK,1980,12.3053240760182
Denmark,DNK,1979,9.61105037907118
Denmark,DNK,1978,10.2136545710404
Denmark,DNK,1977,10.9222378100329
Denmark,DNK,1976,9.01029083562224
Denmark,DNK,1975,9.6056120753867
Denmark,DNK,1974,15.2752062218395
Denmark,DNK,1973,9.30338297973667
Denmark,DNK,1972,6.56236090256542
Denmark,DNK,1971,5.86986959071895
Denmark,DNK,1970,6.51484141652987
Denmark,DNK,1969,3.48791924395193
Denmark,DNK,1968,8.00520710366458
Denmark,DNK,1967,8.20785355844022
Denmark,DNK,1966,7.06495969658814
Denmark,DNK,1965,5.4499999992505
Denmark,DNK,1964,3.09278350515448
Denmark,DNK,1963,6.10503282302932
Denmark,DNK,1962,7.3778195481846
Denmark,DNK,1961,3.45162858557825
Denmark,DNK,1960,1.25523012552924
Djibouti,DJI,2025,
Djibouti,DJI,2024,2.1120116728497
Djibouti,DJI,2023,1.44905087029085
Djibouti,DJI,2022,5.17222088647605
Djibouti,DJI,2021,1.18086783934059
Djibouti,DJI,2020,1.77900535643955
Djibouti,DJI,2019,3.31763203299602
Djibouti,DJI,2018,0.138836400011405
Djibouti,DJI,2017,0.57728572456066
Djibouti,DJI,2016,2.40252905434889
Djibouti,DJI,2015,-0.522166521445793
Djibouti,DJI,2014,1.34186494340162
Djibouti,DJI,2013,-12.563149225034
Djibouti,DJI,2012,3.73120950756887
Djibouti,DJI,2011,5.0687139477798
Djibouti,DJI,2010,3.95007875923886
Djibouti,DJI,2009,1.67549587285962
Djibouti,DJI,2008,11.9586206896551
Djibouti,DJI,2007,4.96597654553301
Djibouti,DJI,2006,3.48340699677866
Djibouti,DJI,2005,3.10496640148299
Djibouti,DJI,2004,3.12226204699352
Djibouti,DJI,2003,1.98196734627544
Djibouti,DJI,2002,0.637619553666319
Djibouti,DJI,2001,1.74665224985434
Djibouti,DJI,2000,
Djibouti,DJI,1999,
Djibouti,DJI,1998,
Djibouti,DJI,1997,
Djibouti,DJI,1996,
Djibouti,DJI,1995,
Djibouti,DJI,1994,
Djibouti,DJI,1993,
Djibouti,DJI,1992,
Djibouti,DJI,1991,
Djibouti,DJI,1990,
Djibouti,DJI,1989,
Djibouti,DJI,1988,
Djibouti,DJI,1987,4.08911644641214
Djibouti,DJI,1986,18.147633450986
Djibouti,DJI,1985,2.12890298848072
Djibouti,DJI,1984,1.88471502578426
Djibouti,DJI,1983,0.901842896356863
Djibouti,DJI,1982,-2.41071428572344
Djibouti,DJI,1981,5.71736785374116
Djibouti,DJI,1980,12.0580235721855
Djibouti,DJI,1979,
Djibouti,DJI,1978,
Djibouti,DJI,1977,
Djibouti,DJI,1976,
Djibouti,DJI,1975,
Djibouti,DJI,1974,
Djibouti,DJI,1973,
Djibouti,DJI,1972,
Djibouti,DJI,1971,
Djibouti,DJI,1970,
Djibouti,DJI,1969,
Djibouti,DJI,1968,
Djibouti,DJI,1967,
Djibouti,DJI,1966,
Djibouti,DJI,1965,
Djibouti,DJI,1964,
Djibouti,DJI,1963,
Djibouti,DJI,1962,
Djibouti,DJI,1961,
Djibouti,DJI,1960,
Dominica,DMA,2025,
Dominica,DMA,2024,2.56921890367725
Dominica,DMA,2023,5.08677483158111
Dominica,DMA,2022,2.88490226829353
Dominica,DMA,2021,2.22891330700343
Dominica,DMA,2020,1.22026442242476
Dominica,DMA,2019,1.50462353858141
Dominica,DMA,2018,0.989191119189889
Dominica,DMA,2017,0.296252889279486
Dominica,DMA,2016,0.141816225732312
Dominica,DMA,2015,-0.843826984638329
Dominica,DMA,2014,0.799250372687492
Dominica,DMA,2013,-0.0464116468805991
Dominica,DMA,2012,1.35677147808859
Dominica,DMA,2011,1.1312313652648
Dominica,DMA,2010,2.99936630549
Dominica,DMA,2009,0.00626357107066859
Dominica,DMA,2008,6.35992183336295
Dominica,DMA,2007,3.6322212931782
Dominica,DMA,2006,2.20239132631669
Dominica,DMA,2005,1.68190079877552
Dominica,DMA,2004,2.39410982050298
Dominica,DMA,2003,1.4533680043725
Dominica,DMA,2002,0.170055330197681
Dominica,DMA,2001,1.3038940346596
Dominica,DMA,2000,0.856946805358482
Dominica,DMA,1999,1.17947787394174
Dominica,DMA,1998,0.999147457910748
Dominica,DMA,1997,2.43629715479673
Dominica,DMA,1996,1.67716450485913
Dominica,DMA,1995,1.31753745774969
Dominica,DMA,1994,0.0151367351744227
Dominica,DMA,1993,1.56902604224498
Dominica,DMA,1992,5.47182559344177
Dominica,DMA,1991,5.55706153429132
Dominica,DMA,1990,3.19092323226821
Dominica,DMA,1989,6.21852149777859
Dominica,DMA,1988,2.92459163123741
Dominica,DMA,1987,4.02458043341634
Dominica,DMA,1986,2.77423367675706
Dominica,DMA,1985,3.73997998064239
Dominica,DMA,1984,2.2179942499574
Dominica,DMA,1983,4.14795244385732
Dominica,DMA,1982,4.39459409763737
Dominica,DMA,1981,13.2666874934914
Dominica,DMA,1980,
Dominica,DMA,1979,
Dominica,DMA,1978,7.71257905832726
Dominica,DMA,1977,9.50365525201994
Dominica,DMA,1976,10.9024962662686
Dominica,DMA,1975,19.9027884369402
Dominica,DMA,1974,34.3760742523203
Dominica,DMA,1973,12.099116723085
Dominica,DMA,1972,3.68799557454747
Dominica,DMA,1971,3.63740603887183
Dominica,DMA,1970,12.3934989618913
Dominica,DMA,1969,4.21578868850822
Dominica,DMA,1968,5.36991901857967
Dominica,DMA,1967,0.952456544255429
Dominica,DMA,1966,
Dominica,DMA,1965,
Dominica,DMA,1964,
Dominica,DMA,1963,
Dominica,DMA,1962,
Dominica,DMA,1961,
Dominica,DMA,1960,
Dominican Republic,DOM,2025,
Dominican Republic,DOM,2024,3.30223338951227
Dominican Republic,DOM,2023,4.78561281021135
Dominican Republic,DOM,2022,8.81109209279587
Dominican Republic,DOM,2021,8.24300347981809
Dominican Republic,DOM,2020,3.78103179915516
Dominican Republic,DOM,2019,1.81060377042959
Dominican Republic,DOM,2018,3.56443426013507
Dominican Republic,DOM,2017,3.27955694678546
Dominican Republic,DOM,2016,1.61416607245222
Dominican Republic,DOM,2015,0.836746346724556
Dominican Republic,DOM,2014,2.99864226125218
Dominican Republic,DOM,2013,4.830950967408
Dominican Republic,DOM,2012,3.69449707884776
Dominican Republic,DOM,2011,5.79676809206533
Dominican Republic,DOM,2010,6.32993220146146
Dominican Republic,DOM,2009,1.44215131834353
Dominican Republic,DOM,2008,10.6446210953711
Dominican Republic,DOM,2007,6.14356655248047
Dominican Republic,DOM,2006,7.57280523853073
Dominican Republic,DOM,2005,4.19020260472056
Dominican Republic,DOM,2004,51.4608598338065
Dominican Republic,DOM,2003,27.4497127394394
Dominican Republic,DOM,2002,5.22336769759446
Dominican Republic,DOM,2001,8.8830684881296
Dominican Republic,DOM,2000,7.72413566181615
Dominican Republic,DOM,1999,6.47054186846928
Dominican Republic,DOM,1998,4.83166558591895
Dominican Republic,DOM,1997,8.29656754792045
Dominican Republic,DOM,1996,5.39929385038922
Dominican Republic,DOM,1995,12.5359594558962
Dominican Republic,DOM,1994,8.26076798575834
Dominican Republic,DOM,1993,5.2503388069097
Dominican Republic,DOM,1992,4.25902638893392
Dominican Republic,DOM,1991,47.0791574105359
Dominican Republic,DOM,1990,50.4624792378524
Dominican Republic,DOM,1989,40.6579161175004
Dominican Republic,DOM,1988,43.8638323515052
Dominican Republic,DOM,1987,13.5507237827822
Dominican Republic,DOM,1986,7.63897266579929
Dominican Republic,DOM,1985,45.3361755532178
Dominican Republic,DOM,1984,20.1516781053536
Dominican Republic,DOM,1983,5.62862329448987
Dominican Republic,DOM,1982,7.64624306606147
Dominican Republic,DOM,1981,7.51463890696157
Dominican Republic,DOM,1980,16.7531356897101
Dominican Republic,DOM,1979,9.17380513351445
Dominican Republic,DOM,1978,3.47785034212178
Dominican Republic,DOM,1977,12.8535275054286
Dominican Republic,DOM,1976,7.76555023925677
Dominican Republic,DOM,1975,14.5017257437615
Dominican Republic,DOM,1974,13.1407673714853
Dominican Republic,DOM,1973,15.0795349169138
Dominican Republic,DOM,1972,8.64073155607574
Dominican Republic,DOM,1971,3.58002889678131
Dominican Republic,DOM,1970,3.81666666641709
Dominican Republic,DOM,1969,0.956628066179125
Dominican Republic,DOM,1968,0.0359763993382312
Dominican Republic,DOM,1967,1.23834498871987
Dominican Republic,DOM,1966,0.262927256794539
Dominican Republic,DOM,1965,-1.8916595013061
Dominican Republic,DOM,1964,2.10711150133544
Dominican Republic,DOM,1963,8.57959961876622
Dominican Republic,DOM,1962,9.15712799177066
Dominican Republic,DOM,1961,-3.90000000099988
Dominican Republic,DOM,1960,-3.56219179976054
Ecuador,ECU,2025,
Ecuador,ECU,2024,1.54732515615369
Ecuador,ECU,2023,2.21568764237058
Ecuador,ECU,2022,3.46616972213076
Ecuador,ECU,2021,0.133251386096389
Ecuador,ECU,2020,-0.338872392562139
Ecuador,ECU,2019,0.266012515466155
Ecuador,ECU,2018,-0.224103246005552
Ecuador,ECU,2017,0.417335588666824
Ecuador,ECU,2016,1.72826463324532
Ecuador,ECU,2015,3.96664623255357
Ecuador,ECU,2014,3.58922016616663
Ecuador,ECU,2013,2.72177577710371
Ecuador,ECU,2012,5.10172180958665
Ecuador,ECU,2011,4.4745326579584
Ecuador,ECU,2010,3.55437734567842
Ecuador,ECU,2009,5.15996829181047
Ecuador,ECU,2008,8.40009593987462
Ecuador,ECU,2007,2.27618478002121
Ecuador,ECU,2006,3.29874846258215
Ecuador,ECU,2005,2.1682770118372
Ecuador,ECU,2004,2.74323198926704
Ecuador,ECU,2003,7.92936487461555
Ecuador,ECU,2002,12.4835980082094
Ecuador,ECU,2001,37.6767454518094
Ecuador,ECU,2000,96.0963756926096
Ecuador,ECU,1999,52.2420051858225
Ecuador,ECU,1998,36.0984331623885
Ecuador,ECU,1997,30.6575675722172
Ecuador,ECU,1996,24.4114592150674
Ecuador,ECU,1995,22.9341344145802
Ecuador,ECU,1994,27.3108817940495
Ecuador,ECU,1993,44.9550537592163
Ecuador,ECU,1992,54.6078215093596
Ecuador,ECU,1991,48.718080675219
Ecuador,ECU,1990,48.5191129963729
Ecuador,ECU,1989,75.6481901026385
Ecuador,ECU,1988,58.2162865413937
Ecuador,ECU,1987,29.5039972488395
Ecuador,ECU,1986,23.0302261142617
Ecuador,ECU,1985,27.9936107429224
Ecuador,ECU,1984,31.2195815120372
Ecuador,ECU,1983,48.4182220804492
Ecuador,ECU,1982,16.2844880461284
Ecuador,ECU,1981,14.0479686718867
Ecuador,ECU,1980,11.9092893836134
Ecuador,ECU,1979,10.1171908690015
Ecuador,ECU,1978,13.0981385838539
Ecuador,ECU,1977,12.94441387237
Ecuador,ECU,1976,10.1746301165654
Ecuador,ECU,1975,14.2896742946894
Ecuador,ECU,1974,22.7040816226157
Ecuador,ECU,1973,12.1281464590342
Ecuador,ECU,1972,7.52511790034726
Ecuador,ECU,1971,9.52167078004847
Ecuador,ECU,1970,5.17127612015708
Ecuador,ECU,1969,6.32668144851309
Ecuador,ECU,1968,4.31765612971036
Ecuador,ECU,1967,3.81813815731001
Ecuador,ECU,1966,5.45372692773345
Ecuador,ECU,1965,3.06907066175735
Ecuador,ECU,1964,4.03420453764311
Ecuador,ECU,1963,5.93950905922402
Ecuador,ECU,1962,2.87088531460986
Ecuador,ECU,1961,3.98562050634913
Ecuador,ECU,1960,1.67659912611284
"Egypt, Arab Rep.",EGY,2025,
"Egypt, Arab Rep.",EGY,2024,28.2705899322082
"Egypt, Arab Rep.",EGY,2023,33.8847763115546
"Egypt, Arab Rep.",EGY,2022,13.8956609775177
"Egypt, Arab Rep.",EGY,2021,5.21404940513042
"Egypt, Arab Rep.",EGY,2020,5.04493288977538
"Egypt, Arab Rep.",EGY,2019,9.15279959324803
"Egypt, Arab Rep.",EGY,2018,14.4014657807421
"Egypt, Arab Rep.",EGY,2017,29.5066083940038
"Egypt, Arab Rep.",EGY,2016,13.8136062148289
"Egypt, Arab Rep.",EGY,2015,10.370490343517
"Egypt, Arab Rep.",EGY,2014,10.0702154687481
"Egypt, Arab Rep.",EGY,2013,9.4697198106492
"Egypt, Arab Rep.",EGY,2012,7.11172943343082
"Egypt, Arab Rep.",EGY,2011,10.0649259874818
"Egypt, Arab Rep.",EGY,2010,11.2651882653185
"Egypt, Arab Rep.",EGY,2009,11.7634954386443
"Egypt, Arab Rep.",EGY,2008,18.3168316831684
"Egypt, Arab Rep.",EGY,2007,9.31896905799229
"Egypt, Arab Rep.",EGY,2006,7.64452644526434
"Egypt, Arab Rep.",EGY,2005,4.86939696871988
"Egypt, Arab Rep.",EGY,2004,11.2706193320519
"Egypt, Arab Rep.",EGY,2003,4.50777636319303
"Egypt, Arab Rep.",EGY,2002,2.73723855000334
"Egypt, Arab Rep.",EGY,2001,2.26975720475955
"Egypt, Arab Rep.",EGY,2000,2.68380535348546
"Egypt, Arab Rep.",EGY,1999,3.07949912638332
"Egypt, Arab Rep.",EGY,1998,3.87257546427489
"Egypt, Arab Rep.",EGY,1997,4.62560578826438
"Egypt, Arab Rep.",EGY,1996,7.18710369719992
"Egypt, Arab Rep.",EGY,1995,15.7422305021595
"Egypt, Arab Rep.",EGY,1994,8.15423128587096
"Egypt, Arab Rep.",EGY,1993,12.0897922868977
"Egypt, Arab Rep.",EGY,1992,13.6374241717218
"Egypt, Arab Rep.",EGY,1991,19.7485448195578
"Egypt, Arab Rep.",EGY,1990,16.7563747077691
"Egypt, Arab Rep.",EGY,1989,21.2618670886077
"Egypt, Arab Rep.",EGY,1988,17.66348615313
"Egypt, Arab Rep.",EGY,1987,19.693593314763
"Egypt, Arab Rep.",EGY,1986,23.8642898217366
"Egypt, Arab Rep.",EGY,1985,12.1067560598246
"Egypt, Arab Rep.",EGY,1984,17.0363663799607
"Egypt, Arab Rep.",EGY,1983,16.0798738833419
"Egypt, Arab Rep.",EGY,1982,14.8230088495576
"Egypt, Arab Rep.",EGY,1981,10.3172842245395
"Egypt, Arab Rep.",EGY,1980,20.8192249324218
"Egypt, Arab Rep.",EGY,1979,9.90436051231129
"Egypt, Arab Rep.",EGY,1978,11.0781003826139
"Egypt, Arab Rep.",EGY,1977,12.7321627929891
"Egypt, Arab Rep.",EGY,1976,10.3174158877413
"Egypt, Arab Rep.",EGY,1975,9.66969548151244
"Egypt, Arab Rep.",EGY,1974,10.0243177516483
"Egypt, Arab Rep.",EGY,1973,5.11218403908756
"Egypt, Arab Rep.",EGY,1972,2.10236334610112
"Egypt, Arab Rep.",EGY,1971,3.14042171394198
"Egypt, Arab Rep.",EGY,1970,3.76289859580536
"Egypt, Arab Rep.",EGY,1969,3.40982028243742
"Egypt, Arab Rep.",EGY,1968,-1.6757594245691
"Egypt, Arab Rep.",EGY,1967,0.701897484353739
"Egypt, Arab Rep.",EGY,1966,9.03644065817629
"Egypt, Arab Rep.",EGY,1965,14.839004461624
"Egypt, Arab Rep.",EGY,1964,3.66098294885467
"Egypt, Arab Rep.",EGY,1963,0.746645708135429
"Egypt, Arab Rep.",EGY,1962,-3.00307658790783
"Egypt, Arab Rep.",EGY,1961,0.693606754935329
"Egypt, Arab Rep.",EGY,1960,0.332829047091751
El Salvador,SLV,2025,
El Salvador,SLV,2024,0.853782292567288
El Salvador,SLV,2023,4.04554694222477
El Salvador,SLV,2022,7.19861615609867
El Salvador,SLV,2021,3.46692585313082
El Salvador,SLV,2020,-0.371590212324095
El Salvador,SLV,2019,0.0753241350024612
El Salvador,SLV,2018,1.09033000581892
El Salvador,SLV,2017,1.0123540331558
El Salvador,SLV,2016,0.60404908699661
El Salvador,SLV,2015,-0.731384487387957
El Salvador,SLV,2014,1.14134467538233
El Salvador,SLV,2013,0.757669184522973
El Salvador,SLV,2012,1.72973481581383
El Salvador,SLV,2011,5.1289237668161
El Salvador,SLV,2010,1.17933576873673
El Salvador,SLV,2009,1.05595029731201
El Salvador,SLV,2008,6.70792293515939
El Salvador,SLV,2007,4.57808572377153
El Salvador,SLV,2006,4.03712359429612
El Salvador,SLV,2005,4.69094870903769
El Salvador,SLV,2004,4.45194392395045
El Salvador,SLV,2003,2.1203909173333
El Salvador,SLV,2002,1.86552503610077
El Salvador,SLV,2001,3.7508205747202
El Salvador,SLV,2000,2.27128756828723
El Salvador,SLV,1999,0.514827130192979
El Salvador,SLV,1998,2.54705977554151
El Salvador,SLV,1997,4.49013627855204
El Salvador,SLV,1996,9.78892040179966
El Salvador,SLV,1995,10.0296564501018
El Salvador,SLV,1994,10.5858066526451
El Salvador,SLV,1993,18.5066883302714
El Salvador,SLV,1992,11.2144813801987
El Salvador,SLV,1991,14.4026748806266
El Salvador,SLV,1990,23.9991651130861
El Salvador,SLV,1989,17.6340799385345
El Salvador,SLV,1988,19.7611617858858
El Salvador,SLV,1987,24.8645003373125
El Salvador,SLV,1986,31.9350161472763
El Salvador,SLV,1985,22.3283750554416
El Salvador,SLV,1984,11.5071695057309
El Salvador,SLV,1983,13.3143177303524
El Salvador,SLV,1982,11.7288868654679
El Salvador,SLV,1981,14.7971516299733
El Salvador,SLV,1980,17.3669682564025
El Salvador,SLV,1979,14.0560247361062
El Salvador,SLV,1978,13.2751232921383
El Salvador,SLV,1977,11.8202775391489
El Salvador,SLV,1976,7.03468963198825
El Salvador,SLV,1975,19.0884996543863
El Salvador,SLV,1974,16.8990368422354
El Salvador,SLV,1973,6.39197420311837
El Salvador,SLV,1972,1.53521536678872
El Salvador,SLV,1971,0.445808667692475
El Salvador,SLV,1970,2.81785392208514
El Salvador,SLV,1969,-0.194990250038154
El Salvador,SLV,1968,2.53768071348792
El Salvador,SLV,1967,1.46691635472379
El Salvador,SLV,1966,-1.18735543593374
El Salvador,SLV,1965,0.456974672917124
El Salvador,SLV,1964,1.75756620405747
El Salvador,SLV,1963,1.56900416258926
El Salvador,SLV,1962,0.0961538463947943
El Salvador,SLV,1961,-2.68247036807419
El Salvador,SLV,1960,-0.0389741990030698
Equatorial Guinea,GNQ,2025,
Equatorial Guinea,GNQ,2024,2.92140227309103
Equatorial Guinea,GNQ,2023,2.85949506037322
Equatorial Guinea,GNQ,2022,4.78671704710803
Equatorial Guinea,GNQ,2021,-0.0971007664640198
Equatorial Guinea,GNQ,2020,4.76669523944228
Equatorial Guinea,GNQ,2019,1.53027528964189
Equatorial Guinea,GNQ,2018,1.06007410662171
Equatorial Guinea,GNQ,2017,0.74435474661241
Equatorial Guinea,GNQ,2016,1.41193915479015
Equatorial Guinea,GNQ,2015,1.67663085315988
Equatorial Guinea,GNQ,2014,4.30999866149107
Equatorial Guinea,GNQ,2013,2.94887694639662
Equatorial Guinea,GNQ,2012,3.65662048278806
Equatorial Guinea,GNQ,2011,4.805389221557
Equatorial Guinea,GNQ,2010,7.78916547991184
Equatorial Guinea,GNQ,2009,4.69106567747375
Equatorial Guinea,GNQ,2008,6.55176691184535
Equatorial Guinea,GNQ,2007,2.80373831775704
Equatorial Guinea,GNQ,2006,4.41589984169561
Equatorial Guinea,GNQ,2005,5.63163351357613
Equatorial Guinea,GNQ,2004,4.21968787094834
Equatorial Guinea,GNQ,2003,7.32354399351809
Equatorial Guinea,GNQ,2002,7.5924784983324
Equatorial Guinea,GNQ,2001,8.82538925854966
Equatorial Guinea,GNQ,2000,4.80228886901398
Equatorial Guinea,GNQ,1999,0.372266170311928
Equatorial Guinea,GNQ,1998,7.93571069814148
Equatorial Guinea,GNQ,1997,3.01650540694366
Equatorial Guinea,GNQ,1996,4.54072771540235
Equatorial Guinea,GNQ,1995,19.8724349483472
Equatorial Guinea,GNQ,1994,31.8410168416385
Equatorial Guinea,GNQ,1993,5.4522847373328
Equatorial Guinea,GNQ,1992,-4.27874315639129
Equatorial Guinea,GNQ,1991,-3.42528735632201
Equatorial Guinea,GNQ,1990,0.857871551124735
Equatorial Guinea,GNQ,1989,6.16615384615363
Equatorial Guinea,GNQ,1988,2.52365930599391
Equatorial Guinea,GNQ,1987,-13.1744727471927
Equatorial Guinea,GNQ,1986,-17.6404240920371
Equatorial Guinea,GNQ,1985,
Equatorial Guinea,GNQ,1984,
Equatorial Guinea,GNQ,1983,
Equatorial Guinea,GNQ,1982,
Equatorial Guinea,GNQ,1981,
Equatorial Guinea,GNQ,1980,
Equatorial Guinea,GNQ,1979,
Equatorial Guinea,GNQ,1978,
Equatorial Guinea,GNQ,1977,
Equatorial Guinea,GNQ,1976,
Equatorial Guinea,GNQ,1975,
Equatorial Guinea,GNQ,1974,
Equatorial Guinea,GNQ,1973,
Equatorial Guinea,GNQ,1972,
Equatorial Guinea,GNQ,1971,
Equatorial Guinea,GNQ,1970,
Equatorial Guinea,GNQ,1969,
Equatorial Guinea,GNQ,1968,
Equatorial Guinea,GNQ,1967,
Equatorial Guinea,GNQ,1966,
Equatorial Guinea,GNQ,1965,
Equatorial Guinea,GNQ,1964,
Equatorial Guinea,GNQ,1963,
Equatorial Guinea,GNQ,1962,
Equatorial Guinea,GNQ,1961,
Equatorial Guinea,GNQ,1960,
Eritrea,ERI,2025,
Eritrea,ERI,2024,
Eritrea,ERI,2023,
Eritrea,ERI,2022,
Eritrea,ERI,2021,
Eritrea,ERI,2020,
Eritrea,ERI,2019,
Eritrea,ERI,2018,
Eritrea,ERI,2017,
Eritrea,ERI,2016,
Eritrea,ERI,2015,
Eritrea,ERI,2014,
Eritrea,ERI,2013,
Eritrea,ERI,2012,
Eritrea,ERI,2011,
Eritrea,ERI,2010,
Eritrea,ERI,2009,
Eritrea,ERI,2008,
Eritrea,ERI,2007,
Eritrea,ERI,2006,
Eritrea,ERI,2005,
Eritrea,ERI,2004,
Eritrea,ERI,2003,
Eritrea,ERI,2002,
Eritrea,ERI,2001,
Eritrea,ERI,2000,
Eritrea,ERI,1999,
Eritrea,ERI,1998,
Eritrea,ERI,1997,
Eritrea,ERI,1996,
Eritrea,ERI,1995,
Eritrea,ERI,1994,
Eritrea,ERI,1993,
Eritrea,ERI,1992,
Eritrea,ERI,1991,
Eritrea,ERI,1990,
Eritrea,ERI,1989,
Eritrea,ERI,1988,
Eritrea,ERI,1987,
Eritrea,ERI,1986,
Eritrea,ERI,1985,
Eritrea,ERI,1984,
Eritrea,ERI,1983,
Eritrea,ERI,1982,
Eritrea,ERI,1981,
Eritrea,ERI,1980,
Eritrea,ERI,1979,
Eritrea,ERI,1978,
Eritrea,ERI,1977,
Eritrea,ERI,1976,
Eritrea,ERI,1975,
Eritrea,ERI,1974,
Eritrea,ERI,1973,
Eritrea,ERI,1972,
Eritrea,ERI,1971,
Eritrea,ERI,1970,
Eritrea,ERI,1969,
Eritrea,ERI,1968,
Eritrea,ERI,1967,
Eritrea,ERI,1966,
Eritrea,ERI,1965,
Eritrea,ERI,1964,
Eritrea,ERI,1963,
Eritrea,ERI,1962,
Eritrea,ERI,1961,
Eritrea,ERI,1960,
Estonia,EST,2025,
Estonia,EST,2024,3.5194118998392
Estonia,EST,2023,9.15922507983982
Estonia,EST,2022,19.3982634080616
Estonia,EST,2021,4.65316673847472
Estonia,EST,2020,-0.444531097679829
Estonia,EST,2019,2.27725931243522
Estonia,EST,2018,3.43632688420446
Estonia,EST,2017,3.41723549488054
Estonia,EST,2016,0.148684907627372
Estonia,EST,2015,-0.49232600654737
Estonia,EST,2014,-0.106175146521709
Estonia,EST,2013,2.78056658954987
Estonia,EST,2012,3.93339987296985
Estonia,EST,2011,4.9819013145361
Estonia,EST,2010,2.97204512015693
Estonia,EST,2009,-0.0784083112809768
Estonia,EST,2008,10.3623580313682
Estonia,EST,2007,6.60132603055637
Estonia,EST,2006,4.43762042389213
Estonia,EST,2005,4.07971423199848
Estonia,EST,2004,3.04811107523416
Estonia,EST,2003,1.33499116549955
Estonia,EST,2002,3.57191270164026
Estonia,EST,2001,5.74827981651373
Estonia,EST,2000,4.01848952508763
Estonia,EST,1999,3.29611089718909
Estonia,EST,1998,8.20833333333297
Estonia,EST,1997,10.5818789322146
Estonia,EST,1996,23.0503433495169
Estonia,EST,1995,28.7766137208513
Estonia,EST,1994,47.6546906187628
Estonia,EST,1993,89.8119490277274
Estonia,EST,1992,
Estonia,EST,1991,
Estonia,EST,1990,
Estonia,EST,1989,
Estonia,EST,1988,
Estonia,EST,1987,
Estonia,EST,1986,
Estonia,EST,1985,
Estonia,EST,1984,
Estonia,EST,1983,
Estonia,EST,1982,
Estonia,EST,1981,
Estonia,EST,1980,
Estonia,EST,1979,
Estonia,EST,1978,
Estonia,EST,1977,
Estonia,EST,1976,
Estonia,EST,1975,
Estonia,EST,1974,
Estonia,EST,1973,
Estonia,EST,1972,
Estonia,EST,1971,
Estonia,EST,1970,
Estonia,EST,1969,
Estonia,EST,1968,
Estonia,EST,1967,
Estonia,EST,1966,
Estonia,EST,1965,
Estonia,EST,1964,
Estonia,EST,1963,
Estonia,EST,1962,
Estonia,EST,1961,
Estonia,EST,1960,
Eswatini,SWZ,2025,
Eswatini,SWZ,2024,
Eswatini,SWZ,2023,
Eswatini,SWZ,2022,
Eswatini,SWZ,2021,
Eswatini,SWZ,2020,
Eswatini,SWZ,2019,2.59801620311077
Eswatini,SWZ,2018,4.81506167461513
Eswatini,SWZ,2017,6.22137528933118
Eswatini,SWZ,2016,7.8472745908568
Eswatini,SWZ,2015,4.95124493704919
Eswatini,SWZ,2014,5.68134885776447
Eswatini,SWZ,2013,5.62130623468948
Eswatini,SWZ,2012,8.93964682788212
Eswatini,SWZ,2011,6.10742714590251
Eswatini,SWZ,2010,4.50923691774369
Eswatini,SWZ,2009,7.44823423445754
Eswatini,SWZ,2008,12.6574601863915
Eswatini,SWZ,2007,8.07608827861589
Eswatini,SWZ,2006,5.30463946338728
Eswatini,SWZ,2005,4.77400404553712
Eswatini,SWZ,2004,3.44533507316614
Eswatini,SWZ,2003,7.28999999999999
Eswatini,SWZ,2002,12.0197154699232
Eswatini,SWZ,2001,5.94210982281648
Eswatini,SWZ,2000,12.2085358545844
Eswatini,SWZ,1999,6.08886063431493
Eswatini,SWZ,1998,8.10996563573863
Eswatini,SWZ,1997,7.12532722513057
Eswatini,SWZ,1996,6.42521330315218
Eswatini,SWZ,1995,12.2885912601426
Eswatini,SWZ,1994,13.7693248804359
Eswatini,SWZ,1993,12.0234238724148
Eswatini,SWZ,1992,7.55829536317337
Eswatini,SWZ,1991,8.93430656934288
Eswatini,SWZ,1990,13.0922899124981
Eswatini,SWZ,1989,7.54616477272771
Eswatini,SWZ,1988,20.3945622781115
Eswatini,SWZ,1987,13.3766233766228
Eswatini,SWZ,1986,13.7370753323486
Eswatini,SWZ,1985,20.4626334519576
Eswatini,SWZ,1984,12.9397266412726
Eswatini,SWZ,1983,11.5675243834069
Eswatini,SWZ,1982,10.8074213418412
Eswatini,SWZ,1981,20.0557966522539
Eswatini,SWZ,1980,18.6839754034956
Eswatini,SWZ,1979,16.4535169700762
Eswatini,SWZ,1978,8.51761476291623
Eswatini,SWZ,1977,20.80512182762
Eswatini,SWZ,1976,6.53091265949243
Eswatini,SWZ,1975,12.0457419321678
Eswatini,SWZ,1974,19.2877754456961
Eswatini,SWZ,1973,11.5435259696435
Eswatini,SWZ,1972,2.36633218489993
Eswatini,SWZ,1971,2.32166117555597
Eswatini,SWZ,1970,1.84953956571386
Eswatini,SWZ,1969,3.20554123770314
Eswatini,SWZ,1968,3.44942509524238
Eswatini,SWZ,1967,1.82404343794972
Eswatini,SWZ,1966,3.1775210084201
Eswatini,SWZ,1965,
Eswatini,SWZ,1964,
Eswatini,SWZ,1963,
Eswatini,SWZ,1962,
Eswatini,SWZ,1961,
Eswatini,SWZ,1960,
Ethiopia,ETH,2025,
Ethiopia,ETH,2024,21.037746057771
Ethiopia,ETH,2023,30.2188278135278
Ethiopia,ETH,2022,33.8898797100898
Ethiopia,ETH,2021,26.8395221557722
Ethiopia,ETH,2020,20.3563468559061
Ethiopia,ETH,2019,15.8096321719344
Ethiopia,ETH,2018,13.8330356586661
Ethiopia,ETH,2017,10.6871150284238
Ethiopia,ETH,2016,6.62813337230924
Ethiopia,ETH,2015,9.56889955968623
Ethiopia,ETH,2014,6.89001951597191
Ethiopia,ETH,2013,7.46402192944517
Ethiopia,ETH,2012,23.600417677317
Ethiopia,ETH,2011,33.2499598823344
Ethiopia,ETH,2010,8.14926402965082
Ethiopia,ETH,2009,8.48364404530282
Ethiopia,ETH,2008,44.3566858766951
Ethiopia,ETH,2007,17.2404008340897
Ethiopia,ETH,2006,12.2994763114824
Ethiopia,ETH,2005,9.96997123512891
Ethiopia,ETH,2004,3.32737047894847
Ethiopia,ETH,2003,13.6740452028271
Ethiopia,ETH,2002,0.6750891021708
Ethiopia,ETH,2001,-8.23784453391136
Ethiopia,ETH,2000,0.662458109266481
Ethiopia,ETH,1999,7.94144864137325
Ethiopia,ETH,1998,0.894801693964106
Ethiopia,ETH,1997,2.39520958083829
Ethiopia,ETH,1996,-8.48424868948825
Ethiopia,ETH,1995,10.0221733553238
Ethiopia,ETH,1994,7.59387600185336
Ethiopia,ETH,1993,3.54306596166032
Ethiopia,ETH,1992,10.5274440119592
Ethiopia,ETH,1991,35.7225982298715
Ethiopia,ETH,1990,5.15248124174767
Ethiopia,ETH,1989,7.81730118223048
Ethiopia,ETH,1988,7.08071532141089
Ethiopia,ETH,1987,-2.42867248283368
Ethiopia,ETH,1986,-9.80876507050661
Ethiopia,ETH,1985,19.0646851444406
Ethiopia,ETH,1984,8.41727378312052
Ethiopia,ETH,1983,-0.675378064854717
Ethiopia,ETH,1982,5.89006107723961
Ethiopia,ETH,1981,6.13596718680434
Ethiopia,ETH,1980,4.48253780600435
Ethiopia,ETH,1979,16.0322359396519
Ethiopia,ETH,1978,14.3081144649154
Ethiopia,ETH,1977,16.6571395908502
Ethiopia,ETH,1976,28.5378398237848
Ethiopia,ETH,1975,6.55010438394198
Ethiopia,ETH,1974,8.59215597391084
Ethiopia,ETH,1973,8.91358024695812
Ethiopia,ETH,1972,-6.08151197179128
Ethiopia,ETH,1971,0.536224281695193
Ethiopia,ETH,1970,10.1219512195636
Ethiopia,ETH,1969,1.42568843148626
Ethiopia,ETH,1968,0.182612665558995
Ethiopia,ETH,1967,0.808678501054678
Ethiopia,ETH,1966,-1.36186770466907
Ethiopia,ETH,1965,
Ethiopia,ETH,1964,
Ethiopia,ETH,1963,
Ethiopia,ETH,1962,
Ethiopia,ETH,1961,
Ethiopia,ETH,1960,
Faroe Islands,FRO,2025,
Faroe Islands,FRO,2024,
Faroe Islands,FRO,2023,
Faroe Islands,FRO,2022,
Faroe Islands,FRO,2021,
Faroe Islands,FRO,2020,
Faroe Islands,FRO,2019,
Faroe Islands,FRO,2018,
Faroe Islands,FRO,2017,
Faroe Islands,FRO,2016,
Faroe Islands,FRO,2015,
Faroe Islands,FRO,2014,
Faroe Islands,FRO,2013,
Faroe Islands,FRO,2012,
Faroe Islands,FRO,2011,
Faroe Islands,FRO,2010,
Faroe Islands,FRO,2009,
Faroe Islands,FRO,2008,
Faroe Islands,FRO,2007,
Faroe Islands,FRO,2006,
Faroe Islands,FRO,2005,
Faroe Islands,FRO,2004,
Faroe Islands,FRO,2003,
Faroe Islands,FRO,2002,
Faroe Islands,FRO,2001,
Faroe Islands,FRO,2000,
Faroe Islands,FRO,1999,
Faroe Islands,FRO,1998,
Faroe Islands,FRO,1997,
Faroe Islands,FRO,1996,
Faroe Islands,FRO,1995,
Faroe Islands,FRO,1994,
Faroe Islands,FRO,1993,
Faroe Islands,FRO,1992,
Faroe Islands,FRO,1991,
Faroe Islands,FRO,1990,
Faroe Islands,FRO,1989,
Faroe Islands,FRO,1988,
Faroe Islands,FRO,1987,
Faroe Islands,FRO,1986,
Faroe Islands,FRO,1985,
Faroe Islands,FRO,1984,
Faroe Islands,FRO,1983,
Faroe Islands,FRO,1982,
Faroe Islands,FRO,1981,
Faroe Islands,FRO,1980,
Faroe Islands,FRO,1979,
Faroe Islands,FRO,1978,
Faroe Islands,FRO,1977,
Faroe Islands,FRO,1976,
Faroe Islands,FRO,1975,
Faroe Islands,FRO,1974,
Faroe Islands,FRO,1973,
Faroe Islands,FRO,1972,
Faroe Islands,FRO,1971,
Faroe Islands,FRO,1970,
Faroe Islands,FRO,1969,
Faroe Islands,FRO,1968,
Faroe Islands,FRO,1967,
Faroe Islands,FRO,1966,
Faroe Islands,FRO,1965,
Faroe Islands,FRO,1964,
Faroe Islands,FRO,1963,
Faroe Islands,FRO,1962,
Faroe Islands,FRO,1961,
Faroe Islands,FRO,1960,
Fiji,FJI,2025,
Fiji,FJI,2024,3.89084237884105
Fiji,FJI,2023,2.97544080604538
Fiji,FJI,2022,6.07882431529724
Fiji,FJI,2021,1.53454853751591
Fiji,FJI,2020,-1.70014167847317
Fiji,FJI,2019,1.79388647514555
Fiji,FJI,2018,4.08147637644542
Fiji,FJI,2017,3.34757834757831
Fiji,FJI,2016,3.86322538221277
Fiji,FJI,2015,1.37488542621446
Fiji,FJI,2014,0.519306474579106
Fiji,FJI,2013,2.91354193603992
Fiji,FJI,2012,3.42337523401979
Fiji,FJI,2011,7.278117827085
Fiji,FJI,2010,3.6890122967076
Fiji,FJI,2009,3.13103559015967
Fiji,FJI,2008,7.73227857918421
Fiji,FJI,2007,4.80370641306988
Fiji,FJI,2006,2.49083638787078
Fiji,FJI,2005,2.36576453830433
Fiji,FJI,2004,2.827485193912
Fiji,FJI,2003,4.17274777763034
Fiji,FJI,2002,0.762032085561206
Fiji,FJI,2001,4.27267024465105
Fiji,FJI,2000,1.09216459977387
Fiji,FJI,1999,1.96867366000919
Fiji,FJI,1998,5.71168160413118
Fiji,FJI,1997,3.36814006437943
Fiji,FJI,1996,3.05016181229797
Fiji,FJI,1995,2.16564721441536
Fiji,FJI,1994,0.816666666667011
Fiji,FJI,1993,5.20658925195764
Fiji,FJI,1992,4.88302271568615
Fiji,FJI,1991,6.49734555984547
Fiji,FJI,1990,8.19137132040969
Fiji,FJI,1989,6.18935403382354
Fiji,FJI,1988,11.7583268783888
Fiji,FJI,1987,5.66377475855221
Fiji,FJI,1986,1.79884248433801
Fiji,FJI,1985,4.42097239621908
Fiji,FJI,1984,5.29121761072432
Fiji,FJI,1983,6.70418399801419
Fiji,FJI,1982,7.03155689389487
Fiji,FJI,1981,11.180666763762
Fiji,FJI,1980,14.4928744064522
Fiji,FJI,1979,7.80675824952113
Fiji,FJI,1978,6.10807100501505
Fiji,FJI,1977,7.00630444983923
Fiji,FJI,1976,11.4324364264689
Fiji,FJI,1975,13.0648809829824
Fiji,FJI,1974,14.4984695078881
Fiji,FJI,1973,11.0853182063401
Fiji,FJI,1972,21.978504057907
Fiji,FJI,1971,9.138193688792
Fiji,FJI,1970,4.12417856333567
Fiji,FJI,1969,
Fiji,FJI,1968,
Fiji,FJI,1967,
Fiji,FJI,1966,
Fiji,FJI,1965,
Fiji,FJI,1964,
Fiji,FJI,1963,
Fiji,FJI,1962,
Fiji,FJI,1961,
Fiji,FJI,1960,
Finland,FIN,2025,
Finland,FIN,2024,1.56568906231615
Finland,FIN,2023,6.25064322154762
Finland,FIN,2022,7.12350773301402
Finland,FIN,2021,2.19457432340007
Finland,FIN,2020,0.290554555653239
Finland,FIN,2019,1.0240939296343
Finland,FIN,2018,1.08382098409305
Finland,FIN,2017,0.754015047084346
Finland,FIN,2016,0.356684500891695
Finland,FIN,2015,-0.207928839905268
Finland,FIN,2014,1.04119621178439
Finland,FIN,2013,1.47828615688809
Finland,FIN,2012,2.80833622561573
Finland,FIN,2011,3.41680754255211
Finland,FIN,2010,1.18413523154646
Finland,FIN,2009,-9.17360384430342e-07
Finland,FIN,2008,4.06595355358379
Finland,FIN,2007,2.5106656524034
Finland,FIN,2006,1.56666380704386
Finland,FIN,2005,0.62387445002519
Finland,FIN,2004,0.187120559084418
Finland,FIN,2003,0.877440386254785
Finland,FIN,2002,1.57122012789379
Finland,FIN,2001,2.57844080098895
Finland,FIN,2000,3.04210080667795
Finland,FIN,1999,1.16223155669444
Finland,FIN,1998,1.3994737857984
Finland,FIN,1997,1.19255883425839
Finland,FIN,1996,0.629194238120965
Finland,FIN,1995,0.791239406938497
Finland,FIN,1994,1.08855677589404
Finland,FIN,1993,2.19065319556436
Finland,FIN,1992,2.91932319285011
Finland,FIN,1991,4.31021289843465
Finland,FIN,1990,6.14956531179849
Finland,FIN,1989,6.5929098018913
Finland,FIN,1988,5.0859286139488
Finland,FIN,1987,4.11302886205057
Finland,FIN,1986,2.93357920442326
Finland,FIN,1985,5.19562195429435
Finland,FIN,1984,7.06765638328172
Finland,FIN,1983,8.3662926064564
Finland,FIN,1982,9.58492764677445
Finland,FIN,1981,11.3057566509548
Finland,FIN,1980,11.5946192492107
Finland,FIN,1979,7.46696151310738
Finland,FIN,1978,7.79935074552145
Finland,FIN,1977,11.7933469184053
Finland,FIN,1976,14.3426930852257
Finland,FIN,1975,17.8113972340212
Finland,FIN,1974,16.9363999989274
Finland,FIN,1973,10.7544718831368
Finland,FIN,1972,6.66249783515327
Finland,FIN,1971,6.47576543061856
Finland,FIN,1970,2.7404204305122
Finland,FIN,1969,2.20561093521245
Finland,FIN,1968,9.19166799519512
Finland,FIN,1967,5.37778183372857
Finland,FIN,1966,3.87365401861324
Finland,FIN,1965,4.94058806755308
Finland,FIN,1964,10.2758607417486
Finland,FIN,1963,4.99638188645285
Finland,FIN,1962,4.38398278172668
Finland,FIN,1961,1.69100191533953
Finland,FIN,1960,3.41812725350792
France,FRA,2025,
France,FRA,2024,1.99904942291462
France,FRA,2023,4.8783572650844
France,FRA,2022,5.22236748369725
France,FRA,2021,1.64233141038393
France,FRA,2020,0.476498852725065
France,FRA,2019,1.10825492288293
France,FRA,2018,1.85081508315492
France,FRA,2017,1.03228275064681
France,FRA,2016,0.183334861123764
France,FRA,2015,0.0375143805125181
France,FRA,2014,0.507758822937989
France,FRA,2013,0.863715497861804
France,FRA,2012,1.95419531613509
France,FRA,2011,2.11159795175
France,FRA,2010,1.53112270420918
France,FRA,2009,0.0876204781574653
France,FRA,2008,2.81286194914785
France,FRA,2007,1.48799805953859
France,FRA,2006,1.67512449608726
France,FRA,2005,1.74586936380487
France,FRA,2004,2.14208964640238
France,FRA,2003,2.09847219146919
France,FRA,2002,1.92341228727063
France,FRA,2001,1.63478079549599
France,FRA,2000,1.67595988720928
France,FRA,1999,0.537141639134596
France,FRA,1998,0.651126867833072
France,FRA,1997,1.20394294026963
France,FRA,1996,1.98288365089738
France,FRA,1995,1.79648142095589
France,FRA,1994,1.65551532926999
France,FRA,1993,2.10446277124642
France,FRA,1992,2.36376046269355
France,FRA,1991,3.21340732409677
France,FRA,1990,3.19428338029481
France,FRA,1989,3.49830220700752
France,FRA,1988,2.70081527508114
France,FRA,1987,3.28889821400135
France,FRA,1986,2.53852591781413
France,FRA,1985,5.83109973854513
France,FRA,1984,7.67380262247318
France,FRA,1983,9.45954847235315
France,FRA,1982,11.9784719523804
France,FRA,1981,13.3144055680072
France,FRA,1980,13.5625788483016
France,FRA,1979,10.6467341716662
France,FRA,1978,9.2505584672444
France,FRA,1977,9.49455467190425
France,FRA,1976,9.62549578155532
France,FRA,1975,11.6859272493228
France,FRA,1974,13.6493174728137
France,FRA,1973,7.38060106398917
France,FRA,1972,6.06300309718186
France,FRA,1971,5.3975186559511
France,FRA,1970,5.29964124562667
France,FRA,1969,6.045962841739
France,FRA,1968,4.54320486402014
France,FRA,1967,2.79177709435142
France,FRA,1966,2.60200076636451
France,FRA,1965,2.70310455873084
France,FRA,1964,3.21119170293105
France,FRA,1963,4.99915289796849
France,FRA,1962,5.33128007065639
France,FRA,1961,2.4004610454631
France,FRA,1960,4.13993575518436
French Polynesia,PYF,2025,
French Polynesia,PYF,2024,
French Polynesia,PYF,2023,
French Polynesia,PYF,2022,
French Polynesia,PYF,2021,
French Polynesia,PYF,2020,
French Polynesia,PYF,2019,
French Polynesia,PYF,2018,
French Polynesia,PYF,2017,
French Polynesia,PYF,2016,
French Polynesia,PYF,2015,
French Polynesia,PYF,2014,
French Polynesia,PYF,2013,
French Polynesia,PYF,2012,
French Polynesia,PYF,2011,
French Polynesia,PYF,2010,
French Polynesia,PYF,2009,
French Polynesia,PYF,2008,
French Polynesia,PYF,2007,
French Polynesia,PYF,2006,
French Polynesia,PYF,2005,
French Polynesia,PYF,2004,
French Polynesia,PYF,2003,
French Polynesia,PYF,2002,
French Polynesia,PYF,2001,
French Polynesia,PYF,2000,
French Polynesia,PYF,1999,
French Polynesia,PYF,1998,
French Polynesia,PYF,1997,
French Polynesia,PYF,1996,
French Polynesia,PYF,1995,
French Polynesia,PYF,1994,
French Polynesia,PYF,1993,
French Polynesia,PYF,1992,
French Polynesia,PYF,1991,
French Polynesia,PYF,1990,
French Polynesia,PYF,1989,
French Polynesia,PYF,1988,
French Polynesia,PYF,1987,
French Polynesia,PYF,1986,
French Polynesia,PYF,1985,
French Polynesia,PYF,1984,
French Polynesia,PYF,1983,
French Polynesia,PYF,1982,
French Polynesia,PYF,1981,
French Polynesia,PYF,1980,
French Polynesia,PYF,1979,
French Polynesia,PYF,1978,
French Polynesia,PYF,1977,
French Polynesia,PYF,1976,
French Polynesia,PYF,1975,
French Polynesia,PYF,1974,
French Polynesia,PYF,1973,
French Polynesia,PYF,1972,
French Polynesia,PYF,1971,
French Polynesia,PYF,1970,
French Polynesia,PYF,1969,
French Polynesia,PYF,1968,
French Polynesia,PYF,1967,
French Polynesia,PYF,1966,
French Polynesia,PYF,1965,
French Polynesia,PYF,1964,
French Polynesia,PYF,1963,
French Polynesia,PYF,1962,
French Polynesia,PYF,1961,
French Polynesia,PYF,1960,
Gabon,GAB,2025,
Gabon,GAB,2024,1.17311998381218
Gabon,GAB,2023,3.62901534185376
Gabon,GAB,2022,4.23124798274579
Gabon,GAB,2021,1.0869074651941
Gabon,GAB,2020,1.35276110675333
Gabon,GAB,2019,2.46456756151187
Gabon,GAB,2018,4.74906652083221
Gabon,GAB,2017,2.65192583143902
Gabon,GAB,2016,2.10670712784054
Gabon,GAB,2015,-0.338795188753406
Gabon,GAB,2014,4.69045751826284
Gabon,GAB,2013,0.505441058915615
Gabon,GAB,2012,2.65241828695626
Gabon,GAB,2011,1.26331707837421
Gabon,GAB,2010,1.46154402720469
Gabon,GAB,2009,1.88570754577918
Gabon,GAB,2008,5.26430145575285
Gabon,GAB,2007,5.03031883679951
Gabon,GAB,2006,-1.4094013660098
Gabon,GAB,2005,3.70833333333304
Gabon,GAB,2004,0.40820530743925
Gabon,GAB,2003,2.23535313551536
Gabon,GAB,2002,0.0366828893971394
Gabon,GAB,2001,2.13762052701465
Gabon,GAB,2000,0.504920025834859
Gabon,GAB,1999,-1.93660397603626
Gabon,GAB,1998,1.44873854294598
Gabon,GAB,1997,3.973450075453
Gabon,GAB,1996,0.689693377281638
Gabon,GAB,1995,9.64653104079616
Gabon,GAB,1994,36.1162456962985
Gabon,GAB,1993,0.533746556474191
Gabon,GAB,1992,-9.54291330336575
Gabon,GAB,1991,-11.6861126920888
Gabon,GAB,1990,7.72532188841208
Gabon,GAB,1989,6.74083769633498
Gabon,GAB,1988,-8.77611940298511
Gabon,GAB,1987,-0.946185688941441
Gabon,GAB,1986,6.28535512256451
Gabon,GAB,1985,7.3549257759783
Gabon,GAB,1984,5.85714285714295
Gabon,GAB,1983,10.6719367588934
Gabon,GAB,1982,16.6857968797492
Gabon,GAB,1981,8.70650214893005
Gabon,GAB,1980,12.3403592565602
Gabon,GAB,1979,7.95269853751444
Gabon,GAB,1978,10.7641690976807
Gabon,GAB,1977,13.8525690862841
Gabon,GAB,1976,20.1715644639721
Gabon,GAB,1975,28.4529426372338
Gabon,GAB,1974,12.0728041856619
Gabon,GAB,1973,6.20714116814339
Gabon,GAB,1972,3.4870916434787
Gabon,GAB,1971,3.86326089701576
Gabon,GAB,1970,3.8126649076679
Gabon,GAB,1969,2.9751392473965
Gabon,GAB,1968,2.33560405929839
Gabon,GAB,1967,1.97774154682666
Gabon,GAB,1966,3.64411138096769
Gabon,GAB,1965,2.43847369595919
Gabon,GAB,1964,3.3284081190083
Gabon,GAB,1963,7.15833333249996
Gabon,GAB,1962,
Gabon,GAB,1961,
Gabon,GAB,1960,
"Gambia, The",GMB,2025,
"Gambia, The",GMB,2024,11.5610532897511
"Gambia, The",GMB,2023,16.9742129632327
"Gambia, The",GMB,2022,11.5131198380505
"Gambia, The",GMB,2021,7.37034758876618
"Gambia, The",GMB,2020,5.93127636562441
"Gambia, The",GMB,2019,7.11567625631192
"Gambia, The",GMB,2018,6.52096823946573
"Gambia, The",GMB,2017,8.03418974545911
"Gambia, The",GMB,2016,7.22879272057922
"Gambia, The",GMB,2015,6.8084549457961
"Gambia, The",GMB,2014,5.94799935696626
"Gambia, The",GMB,2013,5.69912989637382
"Gambia, The",GMB,2012,4.25432199813899
"Gambia, The",GMB,2011,4.7958826618311
"Gambia, The",GMB,2010,5.04968075857402
"Gambia, The",GMB,2009,4.56150687670983
"Gambia, The",GMB,2008,4.4436549094501
"Gambia, The",GMB,2007,5.36913473801957
"Gambia, The",GMB,2006,2.0565034236599
"Gambia, The",GMB,2005,4.83862177543157
"Gambia, The",GMB,2004,14.2067432845569
"Gambia, The",GMB,2003,17.0328665431988
"Gambia, The",GMB,2002,8.60912474386327
"Gambia, The",GMB,2001,4.49259609239754
"Gambia, The",GMB,2000,0.8449695667737
"Gambia, The",GMB,1999,3.8123720536602
"Gambia, The",GMB,1998,1.11418841174713
"Gambia, The",GMB,1997,2.78122790023229
"Gambia, The",GMB,1996,1.09948870771018
"Gambia, The",GMB,1995,6.98097441830556
"Gambia, The",GMB,1994,1.71020632305637
"Gambia, The",GMB,1993,6.46380422753847
"Gambia, The",GMB,1992,9.48654250617163
"Gambia, The",GMB,1991,8.64234325973438
"Gambia, The",GMB,1990,12.1677841130696
"Gambia, The",GMB,1989,8.27501608751592
"Gambia, The",GMB,1988,11.6905868876763
"Gambia, The",GMB,1987,23.5291669556941
"Gambia, The",GMB,1986,56.560172013504
"Gambia, The",GMB,1985,18.319884874273
"Gambia, The",GMB,1984,22.0984594145327
"Gambia, The",GMB,1983,10.6363036761385
"Gambia, The",GMB,1982,10.8558454553089
"Gambia, The",GMB,1981,5.94422700614445
"Gambia, The",GMB,1980,6.82461565247797
"Gambia, The",GMB,1979,6.12895770734282
"Gambia, The",GMB,1978,8.85534591214091
"Gambia, The",GMB,1977,12.3897308301286
"Gambia, The",GMB,1976,17.0273310832519
"Gambia, The",GMB,1975,25.9249999994999
"Gambia, The",GMB,1974,9.23631035966853
"Gambia, The",GMB,1973,6.91860844589019
"Gambia, The",GMB,1972,8.69811990079435
"Gambia, The",GMB,1971,3.05622578045008
"Gambia, The",GMB,1970,-1.98509387961995
"Gambia, The",GMB,1969,5.01204093884017
"Gambia, The",GMB,1968,4.17875343012887
"Gambia, The",GMB,1967,1.40721895381677
"Gambia, The",GMB,1966,0.23908192532822
"Gambia, The",GMB,1965,1.21803662168856
"Gambia, The",GMB,1964,-4.53565378123679
"Gambia, The",GMB,1963,4.61612825298721
"Gambia, The",GMB,1962,1.78761787610517
"Gambia, The",GMB,1961,
"Gambia, The",GMB,1960,
Georgia,GEO,2025,
Georgia,GEO,2024,1.10971758022096
Georgia,GEO,2023,2.48776056578715
Georgia,GEO,2022,11.8981654203198
Georgia,GEO,2021,9.56691433824769
Georgia,GEO,2020,5.2024648897534
Georgia,GEO,2019,4.85289821696723
Georgia,GEO,2018,2.6152447139767
Georgia,GEO,2017,6.03531725272117
Georgia,GEO,2016,2.13492713939121
Georgia,GEO,2015,4.00357820695097
Georgia,GEO,2014,3.06881210379543
Georgia,GEO,2013,-0.512058410947092
Georgia,GEO,2012,-0.943658853270964
Georgia,GEO,2011,8.5429333333333
Georgia,GEO,2010,7.11017897486099
Georgia,GEO,2009,1.7275146113791
Georgia,GEO,2008,9.99948761552747
Georgia,GEO,2007,9.24489745592404
Georgia,GEO,2006,9.16096508394497
Georgia,GEO,2005,8.24709043114158
Georgia,GEO,2004,5.65632636191132
Georgia,GEO,2003,0.837734531536568
Georgia,GEO,2002,5.58783730000794
Georgia,GEO,2001,4.64604442058634
Georgia,GEO,2000,4.06396201382596
Georgia,GEO,1999,19.1926758218895
Georgia,GEO,1998,3.56680781278783
Georgia,GEO,1997,7.08761762948726
Georgia,GEO,1996,39.3574999987146
Georgia,GEO,1995,162.717152150377
Georgia,GEO,1994,
Georgia,GEO,1993,
Georgia,GEO,1992,
Georgia,GEO,1991,
Georgia,GEO,1990,
Georgia,GEO,1989,
Georgia,GEO,1988,
Georgia,GEO,1987,
Georgia,GEO,1986,
Georgia,GEO,1985,
Georgia,GEO,1984,
Georgia,GEO,1983,
Georgia,GEO,1982,
Georgia,GEO,1981,
Georgia,GEO,1980,
Georgia,GEO,1979,
Georgia,GEO,1978,
Georgia,GEO,1977,
Georgia,GEO,1976,
Georgia,GEO,1975,
Georgia,GEO,1974,
Georgia,GEO,1973,
Georgia,GEO,1972,
Georgia,GEO,1971,
Georgia,GEO,1970,
Georgia,GEO,1969,
Georgia,GEO,1968,
Georgia,GEO,1967,
Georgia,GEO,1966,
Georgia,GEO,1965,
Georgia,GEO,1964,
Georgia,GEO,1963,
Georgia,GEO,1962,
Georgia,GEO,1961,
Georgia,GEO,1960,
Germany,DEU,2025,
Germany,DEU,2024,2.2564981433876
Germany,DEU,2023,5.94643667725823
Germany,DEU,2022,6.87257438551096
Germany,DEU,2021,3.06666666666673
Germany,DEU,2020,0.144877925813981
Germany,DEU,2019,1.44565976888253
Germany,DEU,2018,1.73216879766941
Germany,DEU,2017,1.50949485109628
Germany,DEU,2016,0.491747008445174
Germany,DEU,2015,0.514426137125456
Germany,DEU,2014,0.906794000434245
Germany,DEU,2013,1.50472330251876
Germany,DEU,2012,2.00848884782956
Germany,DEU,2011,2.07517283735874
Germany,DEU,2010,1.1038103778926
Germany,DEU,2009,0.312739007368446
Germany,DEU,2008,2.62837981637219
Germany,DEU,2007,2.2983440070095
Germany,DEU,2006,1.57742642840563
Germany,DEU,2005,1.54691114751328
Germany,DEU,2004,1.66573696655991
Germany,DEU,2003,1.03422218628562
Germany,DEU,2002,1.42080615551526
Germany,DEU,2001,1.98385731334471
Germany,DEU,2000,1.44026838719741
Germany,DEU,1999,0.585433064230783
Germany,DEU,1998,0.911183535014403
Germany,DEU,1997,1.93937198922729
Germany,DEU,1996,1.44972701963238
Germany,DEU,1995,1.70616041317076
Germany,DEU,1994,2.69305639854954
Germany,DEU,1993,4.47457650752808
Germany,DEU,1992,5.0569779673173
Germany,DEU,1991,4.04703259753466
Germany,DEU,1990,2.69646824292392
Germany,DEU,1989,2.78056955569751
Germany,DEU,1988,1.27411894006923
Germany,DEU,1987,0.249906108705029
Germany,DEU,1986,-0.129413360854742
Germany,DEU,1985,2.0662330121658
Germany,DEU,1984,2.40579339931959
Germany,DEU,1983,3.29341474302853
Germany,DEU,1982,5.24104507228422
Germany,DEU,1981,6.34424277746325
Germany,DEU,1980,5.44105754460346
Germany,DEU,1979,4.04362006473399
Germany,DEU,1978,2.71869696123338
Germany,DEU,1977,3.73416240635147
Germany,DEU,1976,4.24663102299209
Germany,DEU,1975,5.91033626324104
Germany,DEU,1974,6.98643109327497
Germany,DEU,1973,7.03202399303898
Germany,DEU,1972,5.4849331221432
Germany,DEU,1971,5.24097448273094
Germany,DEU,1970,3.45024936360894
Germany,DEU,1969,1.91267848797595
Germany,DEU,1968,1.470289313277
Germany,DEU,1967,1.79604992213174
Germany,DEU,1966,3.53306035477689
Germany,DEU,1965,3.24231923668133
Germany,DEU,1964,2.33573581177832
Germany,DEU,1963,2.9669597758771
Germany,DEU,1962,2.84327019799061
Germany,DEU,1961,2.29369500700884
Germany,DEU,1960,1.53661234295201
Ghana,GHA,2025,
Ghana,GHA,2024,22.8483281157842
Ghana,GHA,2023,38.1069656296501
Ghana,GHA,2022,31.2558951049016
Ghana,GHA,2021,9.9710886750444
Ghana,GHA,2020,9.88728956269944
Ghana,GHA,2019,7.14364003330857
Ghana,GHA,2018,7.80876516610703
Ghana,GHA,2017,12.3719215507048
Ghana,GHA,2016,17.4546347070868
Ghana,GHA,2015,17.1499695007878
Ghana,GHA,2014,15.4896160333318
Ghana,GHA,2013,11.6661923071729
Ghana,GHA,2012,11.1863409441067
Ghana,GHA,2011,8.7284593709302
Ghana,GHA,2010,10.7333898354915
Ghana,GHA,2009,19.2469482220857
Ghana,GHA,2008,16.494639613412
Ghana,GHA,2007,10.7342665456292
Ghana,GHA,2006,11.6791839392492
Ghana,GHA,2005,15.4389920155908
Ghana,GHA,2004,18.0427388232565
Ghana,GHA,2003,29.7729797160384
Ghana,GHA,2002,9.36093239560313
Ghana,GHA,2001,41.509496287803
Ghana,GHA,2000,40.240933123914
Ghana,GHA,1999,4.86539785077528
Ghana,GHA,1998,14.6241666666675
Ghana,GHA,1997,27.8852086407527
Ghana,GHA,1996,46.5610196762282
Ghana,GHA,1995,59.4615536991446
Ghana,GHA,1994,24.8702554369576
Ghana,GHA,1993,24.9598424742497
Ghana,GHA,1992,10.0561167448841
Ghana,GHA,1991,18.0314390089849
Ghana,GHA,1990,37.2590664855671
Ghana,GHA,1989,25.2236920295825
Ghana,GHA,1988,31.3592676264768
Ghana,GHA,1987,39.8150678775363
Ghana,GHA,1986,24.5654160765001
Ghana,GHA,1985,10.3054406698295
Ghana,GHA,1984,39.6653137947268
Ghana,GHA,1983,122.874514572592
Ghana,GHA,1982,22.2955664080893
Ghana,GHA,1981,116.503603996541
Ghana,GHA,1980,50.0701393436364
Ghana,GHA,1979,54.4412883345616
Ghana,GHA,1978,73.091666667343
Ghana,GHA,1977,116.450216453639
Ghana,GHA,1976,56.0810810829756
Ghana,GHA,1975,29.8245614048168
Ghana,GHA,1974,18.1347150268463
Ghana,GHA,1973,17.6829268231711
Ghana,GHA,1972,10.0671140939595
Ghana,GHA,1971,9.55882353746772
Ghana,GHA,1970,3.03030303053265
Ghana,GHA,1969,7.31707316260125
Ghana,GHA,1968,7.89473684210539
Ghana,GHA,1967,-8.42248589780283
Ghana,GHA,1966,13.2378854626539
Ghana,GHA,1965,26.4447848490173
Ghana,GHA,1964,
Ghana,GHA,1963,
Ghana,GHA,1962,
Ghana,GHA,1961,
Ghana,GHA,1960,
Gibraltar,GIB,2025,
Gibraltar,GIB,2024,
Gibraltar,GIB,2023,
Gibraltar,GIB,2022,
Gibraltar,GIB,2021,
Gibraltar,GIB,2020,
Gibraltar,GIB,2019,
Gibraltar,GIB,2018,
Gibraltar,GIB,2017,
Gibraltar,GIB,2016,
Gibraltar,GIB,2015,
Gibraltar,GIB,2014,
Gibraltar,GIB,2013,
Gibraltar,GIB,2012,
Gibraltar,GIB,2011,
Gibraltar,GIB,2010,
Gibraltar,GIB,2009,
Gibraltar,GIB,2008,
Gibraltar,GIB,2007,
Gibraltar,GIB,2006,
Gibraltar,GIB,2005,
Gibraltar,GIB,2004,
Gibraltar,GIB,2003,
Gibraltar,GIB,2002,
Gibraltar,GIB,2001,
Gibraltar,GIB,2000,
Gibraltar,GIB,1999,
Gibraltar,GIB,1998,
Gibraltar,GIB,1997,
Gibraltar,GIB,1996,
Gibraltar,GIB,1995,
Gibraltar,GIB,1994,
Gibraltar,GIB,1993,
Gibraltar,GIB,1992,
Gibraltar,GIB,1991,
Gibraltar,GIB,1990,
Gibraltar,GIB,1989,
Gibraltar,GIB,1988,
Gibraltar,GIB,1987,
Gibraltar,GIB,1986,
Gibraltar,GIB,1985,
Gibraltar,GIB,1984,
Gibraltar,GIB,1983,
Gibraltar,GIB,1982,
Gibraltar,GIB,1981,
Gibraltar,GIB,1980,
Gibraltar,GIB,1979,
Gibraltar,GIB,1978,
Gibraltar,GIB,1977,
Gibraltar,GIB,1976,
Gibraltar,GIB,1975,
Gibraltar,GIB,1974,
Gibraltar,GIB,1973,
Gibraltar,GIB,1972,
Gibraltar,GIB,1971,
Gibraltar,GIB,1970,
Gibraltar,GIB,1969,
Gibraltar,GIB,1968,
Gibraltar,GIB,1967,
Gibraltar,GIB,1966,
Gibraltar,GIB,1965,
Gibraltar,GIB,1964,
Gibraltar,GIB,1963,
Gibraltar,GIB,1962,
Gibraltar,GIB,1961,
Gibraltar,GIB,1960,
Greece,GRC,2025,
Greece,GRC,2024,2.74101875679477
Greece,GRC,2023,3.46480128513405
Greece,GRC,2022,9.64525981280642
Greece,GRC,2021,1.22382501019854
Greece,GRC,2020,-1.24798355581405
Greece,GRC,2019,0.253007522038059
Greece,GRC,2018,0.62562141345364
Greece,GRC,2017,1.12125452031425
Greece,GRC,2016,-0.825653978391033
Greece,GRC,2015,-1.73588804765275
Greece,GRC,2014,-1.31226096405525
Greece,GRC,2013,-0.921269454256899
Greece,GRC,2012,1.50152696177758
Greece,GRC,2011,3.3298532335065
Greece,GRC,2010,4.71298907760395
Greece,GRC,2009,1.21007269197809
Greece,GRC,2008,4.1527970811029
Greece,GRC,2007,2.89500321516578
Greece,GRC,2006,3.19594684144543
Greece,GRC,2005,3.5450727333508
Greece,GRC,2004,2.89884810758167
Greece,GRC,2003,3.53065027765554
Greece,GRC,2002,3.62935871878874
Greece,GRC,2001,3.37396832213865
Greece,GRC,2000,3.15118162493827
Greece,GRC,1999,2.6366330602198
Greece,GRC,1998,4.76622572397645
Greece,GRC,1997,5.53600266773482
Greece,GRC,1996,8.19455217632728
Greece,GRC,1995,8.93451415961512
Greece,GRC,1994,10.8740756809131
Greece,GRC,1993,14.4112644439349
Greece,GRC,1992,15.8770737923919
Greece,GRC,1991,19.4558456445745
Greece,GRC,1990,20.433499109463
Greece,GRC,1989,13.6555638723612
Greece,GRC,1988,13.5288583215048
Greece,GRC,1987,16.3968631635364
Greece,GRC,1986,23.0154508205012
Greece,GRC,1985,19.3146929406643
Greece,GRC,1984,18.4568132050187
Greece,GRC,1983,20.1794812892138
Greece,GRC,1982,20.9910886220017
Greece,GRC,1981,24.5060675977964
Greece,GRC,1980,24.6758939736233
Greece,GRC,1979,19.0941746808767
Greece,GRC,1978,12.5724256724442
Greece,GRC,1977,12.3697970875078
Greece,GRC,1976,13.0242794587956
Greece,GRC,1975,13.6287617821754
Greece,GRC,1974,26.5608465867349
Greece,GRC,1973,15.3846240702128
Greece,GRC,1972,4.33120123203356
Greece,GRC,1971,3.28947072230333
Greece,GRC,1970,2.8416706788411
Greece,GRC,1969,2.63891868835485
Greece,GRC,1968,0.139060583507832
Greece,GRC,1967,1.8413570275059
Greece,GRC,1966,4.90341596130601
Greece,GRC,1965,3.22087246997095
Greece,GRC,1964,0.617302978512609
Greece,GRC,1963,3.18466272791599
Greece,GRC,1962,-0.475428291049914
Greece,GRC,1961,2.10357934997025
Greece,GRC,1960,1.47784758493376
Greenland,GRL,2025,
Greenland,GRL,2024,
Greenland,GRL,2023,
Greenland,GRL,2022,
Greenland,GRL,2021,
Greenland,GRL,2020,
Greenland,GRL,2019,
Greenland,GRL,2018,
Greenland,GRL,2017,
Greenland,GRL,2016,
Greenland,GRL,2015,
Greenland,GRL,2014,
Greenland,GRL,2013,
Greenland,GRL,2012,
Greenland,GRL,2011,
Greenland,GRL,2010,
Greenland,GRL,2009,
Greenland,GRL,2008,
Greenland,GRL,2007,
Greenland,GRL,2006,
Greenland,GRL,2005,
Greenland,GRL,2004,
Greenland,GRL,2003,
Greenland,GRL,2002,
Greenland,GRL,2001,
Greenland,GRL,2000,
Greenland,GRL,1999,
Greenland,GRL,1998,
Greenland,GRL,1997,
Greenland,GRL,1996,
Greenland,GRL,1995,
Greenland,GRL,1994,
Greenland,GRL,1993,
Greenland,GRL,1992,
Greenland,GRL,1991,
Greenland,GRL,1990,
Greenland,GRL,1989,
Greenland,GRL,1988,
Greenland,GRL,1987,
Greenland,GRL,1986,
Greenland,GRL,1985,
Greenland,GRL,1984,
Greenland,GRL,1983,
Greenland,GRL,1982,
Greenland,GRL,1981,
Greenland,GRL,1980,
Greenland,GRL,1979,
Greenland,GRL,1978,
Greenland,GRL,1977,
Greenland,GRL,1976,
Greenland,GRL,1975,
Greenland,GRL,1974,
Greenland,GRL,1973,
Greenland,GRL,1972,
Greenland,GRL,1971,
Greenland,GRL,1970,
Greenland,GRL,1969,
Greenland,GRL,1968,
Greenland,GRL,1967,
Greenland,GRL,1966,
Greenland,GRL,1965,
Greenland,GRL,1964,
Greenland,GRL,1963,
Greenland,GRL,1962,
Greenland,GRL,1961,
Greenland,GRL,1960,
Grenada,GRD,2025,
Grenada,GRD,2024,1.08615365134737
Grenada,GRD,2023,2.69612269814564
Grenada,GRD,2022,2.5805392590792
Grenada,GRD,2021,1.21951193916838
Grenada,GRD,2020,-0.740732597045498
Grenada,GRD,2019,0.598149764736022
Grenada,GRD,2018,0.804102313277033
Grenada,GRD,2017,0.908458255874249
Grenada,GRD,2016,1.65038994431573
Grenada,GRD,2015,-0.515448031435329
Grenada,GRD,2014,-0.98360305555498
Grenada,GRD,2013,-0.0439997864828058
Grenada,GRD,2012,2.41077704021862
Grenada,GRD,2011,3.0334728033474
Grenada,GRD,2010,3.43650905943351
Grenada,GRD,2009,-0.308654779585642
Grenada,GRD,2008,8.0332732765034
Grenada,GRD,2007,3.85882922469653
Grenada,GRD,2006,4.25195321977967
Grenada,GRD,2005,3.475806937554
Grenada,GRD,2004,2.3129167822611
Grenada,GRD,2003,2.15492809908679
Grenada,GRD,2002,1.06721547992874
Grenada,GRD,2001,3.14099305202543
Grenada,GRD,2000,2.18181818181821
Grenada,GRD,1999,0.577427638677119
Grenada,GRD,1998,1.37769330389496
Grenada,GRD,1997,1.24452782989343
Grenada,GRD,1996,2.03235172127782
Grenada,GRD,1995,1.86882475298978
Grenada,GRD,1994,3.77065767284965
Grenada,GRD,1993,2.80859916782245
Grenada,GRD,1992,3.77833753148618
Grenada,GRD,1991,2.64460367880678
Grenada,GRD,1990,2.72423736530525
Grenada,GRD,1989,5.59294871794896
Grenada,GRD,1988,4.00000000000013
Grenada,GRD,1987,-0.872333388457509
Grenada,GRD,1986,0.557079903550532
Grenada,GRD,1985,2.50138492350979
Grenada,GRD,1984,5.65961278703288
Grenada,GRD,1983,6.09534728193344
Grenada,GRD,1982,7.81274141216489
Grenada,GRD,1981,18.7874709409026
Grenada,GRD,1980,21.821433894768
Grenada,GRD,1979,20.8828828828831
Grenada,GRD,1978,18.1353767560665
Grenada,GRD,1977,18.4568835098337
Grenada,GRD,1976,
Grenada,GRD,1975,
Grenada,GRD,1974,
Grenada,GRD,1973,
Grenada,GRD,1972,
Grenada,GRD,1971,
Grenada,GRD,1970,
Grenada,GRD,1969,
Grenada,GRD,1968,
Grenada,GRD,1967,
Grenada,GRD,1966,
Grenada,GRD,1965,
Grenada,GRD,1964,
Grenada,GRD,1963,
Grenada,GRD,1962,
Grenada,GRD,1961,
Grenada,GRD,1960,
Guam,GUM,2025,
Guam,GUM,2024,
Guam,GUM,2023,
Guam,GUM,2022,
Guam,GUM,2021,
Guam,GUM,2020,
Guam,GUM,2019,
Guam,GUM,2018,
Guam,GUM,2017,
Guam,GUM,2016,
Guam,GUM,2015,
Guam,GUM,2014,
Guam,GUM,2013,
Guam,GUM,2012,
Guam,GUM,2011,
Guam,GUM,2010,
Guam,GUM,2009,
Guam,GUM,2008,
Guam,GUM,2007,
Guam,GUM,2006,
Guam,GUM,2005,
Guam,GUM,2004,
Guam,GUM,2003,
Guam,GUM,2002,
Guam,GUM,2001,
Guam,GUM,2000,
Guam,GUM,1999,
Guam,GUM,1998,
Guam,GUM,1997,
Guam,GUM,1996,
Guam,GUM,1995,
Guam,GUM,1994,
Guam,GUM,1993,
Guam,GUM,1992,
Guam,GUM,1991,
Guam,GUM,1990,
Guam,GUM,1989,
Guam,GUM,1988,
Guam,GUM,1987,
Guam,GUM,1986,
Guam,GUM,1985,
Guam,GUM,1984,
Guam,GUM,1983,
Guam,GUM,1982,
Guam,GUM,1981,
Guam,GUM,1980,
Guam,GUM,1979,
Guam,GUM,1978,
Guam,GUM,1977,
Guam,GUM,1976,
Guam,GUM,1975,
Guam,GUM,1974,
Guam,GUM,1973,
Guam,GUM,1972,
Guam,GUM,1971,
Guam,GUM,1970,
Guam,GUM,1969,
Guam,GUM,1968,
Guam,GUM,1967,
Guam,GUM,1966,
Guam,GUM,1965,
Guam,GUM,1964,
Guam,GUM,1963,
Guam,GUM,1962,
Guam,GUM,1961,
Guam,GUM,1960,
Guatemala,GTM,2025,
Guatemala,GTM,2024,2.86992752918294
Guatemala,GTM,2023,6.20657592272126
Guatemala,GTM,2022,6.88512823344287
Guatemala,GTM,2021,4.26105127422813
Guatemala,GTM,2020,3.21444062197345
Guatemala,GTM,2019,3.69998398008605
Guatemala,GTM,2018,3.75186186704508
Guatemala,GTM,2017,4.42453655182546
Guatemala,GTM,2016,4.44844199942827
Guatemala,GTM,2015,2.3887203283955
Guatemala,GTM,2014,3.4183616966296
Guatemala,GTM,2013,4.34337131279521
Guatemala,GTM,2012,3.78180754679678
Guatemala,GTM,2011,6.214123930671
Guatemala,GTM,2010,3.8595090983316
Guatemala,GTM,2009,1.85910254733028
Guatemala,GTM,2008,11.355761126315
Guatemala,GTM,2007,6.82161753590326
Guatemala,GTM,2006,6.56085282795384
Guatemala,GTM,2005,9.1086498571922
Guatemala,GTM,2004,7.57862247309729
Guatemala,GTM,2003,5.60347675434469
Guatemala,GTM,2002,8.13263054281054
Guatemala,GTM,2001,7.28587366610138
Guatemala,GTM,2000,5.97757734737136
Guatemala,GTM,1999,5.21361058601122
Guatemala,GTM,1998,6.61346070518058
Guatemala,GTM,1997,9.23290294884935
Guatemala,GTM,1996,11.0569165321987
Guatemala,GTM,1995,8.41141312270566
Guatemala,GTM,1994,10.8553211494391
Guatemala,GTM,1993,11.8196901746257
Guatemala,GTM,1992,10.0459179984088
Guatemala,GTM,1991,33.1664219167535
Guatemala,GTM,1990,41.2218671380973
Guatemala,GTM,1989,11.3871321997958
Guatemala,GTM,1988,10.8327037689912
Guatemala,GTM,1987,12.3232132755046
Guatemala,GTM,1986,36.9311212965016
Guatemala,GTM,1985,18.6867912971238
Guatemala,GTM,1984,3.40675011837794
Guatemala,GTM,1983,4.53867815133253
Guatemala,GTM,1982,0.307385561437072
Guatemala,GTM,1981,11.4330679503505
Guatemala,GTM,1980,10.8238432335411
Guatemala,GTM,1979,11.3433858811607
Guatemala,GTM,1978,8.28797624957704
Guatemala,GTM,1977,12.3245796860999
Guatemala,GTM,1976,10.72499999925
Guatemala,GTM,1975,13.1592443798582
Guatemala,GTM,1974,16.4948966890134
Guatemala,GTM,1973,13.7960339945019
Guatemala,GTM,1972,0.529703252323012
Guatemala,GTM,1971,-0.453591880763805
Guatemala,GTM,1970,2.34433934881414
Guatemala,GTM,1969,2.09728064471577
Guatemala,GTM,1968,1.92632850230086
Guatemala,GTM,1967,0.485436893448745
Guatemala,GTM,1966,0.684261974465235
Guatemala,GTM,1965,-0.800000000003537
Guatemala,GTM,1964,-0.193563997036552
Guatemala,GTM,1963,0.151450899375914
Guatemala,GTM,1962,2.05255023209699
Guatemala,GTM,1961,-0.553335382726564
Guatemala,GTM,1960,-1.19069315346
Guinea,GIN,2025,
Guinea,GIN,2024,8.12313914948596
Guinea,GIN,2023,7.80497591927973
Guinea,GIN,2022,10.4930409984424
Guinea,GIN,2021,12.5972882566934
Guinea,GIN,2020,10.6016203387167
Guinea,GIN,2019,9.47001039253012
Guinea,GIN,2018,9.82761701259191
Guinea,GIN,2017,8.91435947913097
Guinea,GIN,2016,8.17268112275132
Guinea,GIN,2015,11.7800825029834
Guinea,GIN,2014,6.1505055670642
Guinea,GIN,2013,11.8875884481828
Guinea,GIN,2012,15.2262941038638
Guinea,GIN,2011,21.3169268542577
Guinea,GIN,2010,15.0502688559001
Guinea,GIN,2009,4.68438868976504
Guinea,GIN,2008,23.065612938798
Guinea,GIN,2007,18.1755656108597
Guinea,GIN,2006,34.6952705997072
Guinea,GIN,2005,31.3733025877534
Guinea,GIN,2004,
Guinea,GIN,2003,
Guinea,GIN,2002,
Guinea,GIN,2001,
Guinea,GIN,2000,
Guinea,GIN,1999,
Guinea,GIN,1998,
Guinea,GIN,1997,
Guinea,GIN,1996,
Guinea,GIN,1995,
Guinea,GIN,1994,
Guinea,GIN,1993,
Guinea,GIN,1992,
Guinea,GIN,1991,
Guinea,GIN,1990,
Guinea,GIN,1989,
Guinea,GIN,1988,
Guinea,GIN,1987,
Guinea,GIN,1986,
Guinea,GIN,1985,
Guinea,GIN,1984,
Guinea,GIN,1983,
Guinea,GIN,1982,
Guinea,GIN,1981,
Guinea,GIN,1980,
Guinea,GIN,1979,
Guinea,GIN,1978,
Guinea,GIN,1977,
Guinea,GIN,1976,
Guinea,GIN,1975,
Guinea,GIN,1974,
Guinea,GIN,1973,
Guinea,GIN,1972,
Guinea,GIN,1971,
Guinea,GIN,1970,
Guinea,GIN,1969,
Guinea,GIN,1968,
Guinea,GIN,1967,
Guinea,GIN,1966,
Guinea,GIN,1965,
Guinea,GIN,1964,
Guinea,GIN,1963,
Guinea,GIN,1962,
Guinea,GIN,1961,
Guinea,GIN,1960,
Guinea-Bissau,GNB,2025,
Guinea-Bissau,GNB,2024,3.76555825770114
Guinea-Bissau,GNB,2023,7.10220928557059
Guinea-Bissau,GNB,2022,9.39075933985203
Guinea-Bissau,GNB,2021,2.24248879577658
Guinea-Bissau,GNB,2020,1.14000939393222
Guinea-Bissau,GNB,2019,0.24660026814783
Guinea-Bissau,GNB,2018,0.381324702790992
Guinea-Bissau,GNB,2017,1.69111461822298
Guinea-Bissau,GNB,2016,1.50312055861088
Guinea-Bissau,GNB,2015,1.47672048910485
Guinea-Bissau,GNB,2014,-1.50924460570494
Guinea-Bissau,GNB,2013,1.20712555668405
Guinea-Bissau,GNB,2012,2.13054580274503
Guinea-Bissau,GNB,2011,5.046102263202
Guinea-Bissau,GNB,2010,2.51785140171701
Guinea-Bissau,GNB,2009,-1.65139733620775
Guinea-Bissau,GNB,2008,10.4600731354706
Guinea-Bissau,GNB,2007,4.61743772241997
Guinea-Bissau,GNB,2006,1.95473717628916
Guinea-Bissau,GNB,2005,3.32919922802856
Guinea-Bissau,GNB,2004,0.883302696930943
Guinea-Bissau,GNB,2003,-3.50258551103421
Guinea-Bissau,GNB,2002,3.30012175283752
Guinea-Bissau,GNB,2001,3.34812265527108
Guinea-Bissau,GNB,2000,8.63632094930278
Guinea-Bissau,GNB,1999,-2.08630513223527
Guinea-Bissau,GNB,1998,8.01375518965603
Guinea-Bissau,GNB,1997,49.1009235769531
Guinea-Bissau,GNB,1996,50.7340549612119
Guinea-Bissau,GNB,1995,45.3653083621856
Guinea-Bissau,GNB,1994,15.1763474313441
Guinea-Bissau,GNB,1993,48.1081660687067
Guinea-Bissau,GNB,1992,69.5836363993793
Guinea-Bissau,GNB,1991,57.5952847505664
Guinea-Bissau,GNB,1990,33.0019778318026
Guinea-Bissau,GNB,1989,80.7881406436233
Guinea-Bissau,GNB,1988,60.2817826333536
Guinea-Bissau,GNB,1987,
Guinea-Bissau,GNB,1986,
Guinea-Bissau,GNB,1985,
Guinea-Bissau,GNB,1984,
Guinea-Bissau,GNB,1983,
Guinea-Bissau,GNB,1982,
Guinea-Bissau,GNB,1981,
Guinea-Bissau,GNB,1980,
Guinea-Bissau,GNB,1979,
Guinea-Bissau,GNB,1978,
Guinea-Bissau,GNB,1977,
Guinea-Bissau,GNB,1976,
Guinea-Bissau,GNB,1975,
Guinea-Bissau,GNB,1974,
Guinea-Bissau,GNB,1973,
Guinea-Bissau,GNB,1972,
Guinea-Bissau,GNB,1971,
Guinea-Bissau,GNB,1970,
Guinea-Bissau,GNB,1969,
Guinea-Bissau,GNB,1968,
Guinea-Bissau,GNB,1967,
Guinea-Bissau,GNB,1966,
Guinea-Bissau,GNB,1965,
Guinea-Bissau,GNB,1964,
Guinea-Bissau,GNB,1963,
Guinea-Bissau,GNB,1962,
Guinea-Bissau,GNB,1961,
Guinea-Bissau,GNB,1960,
Guyana,GUY,2025,
Guyana,GUY,2024,2.90395226446373
Guyana,GUY,2023,2.82110335099641
Guyana,GUY,2022,6.11505550109935
Guyana,GUY,2021,5.03285574626702
Guyana,GUY,2020,0.99333702283873
Guyana,GUY,2019,2.08723089162013
Guyana,GUY,2018,1.28284288443528
Guyana,GUY,2017,1.90465615515584
Guyana,GUY,2016,0.836008061506207
Guyana,GUY,2015,-1.00173432776374
Guyana,GUY,2014,0.852630497539914
Guyana,GUY,2013,1.90125181860582
Guyana,GUY,2012,2.39193521312334
Guyana,GUY,2011,4.9777356370697
Guyana,GUY,2010,3.73337757704246
Guyana,GUY,2009,2.95230096381001
Guyana,GUY,2008,8.10202206969276
Guyana,GUY,2007,12.2001544446648
Guyana,GUY,2006,6.67715790410028
Guyana,GUY,2005,6.92554303890157
Guyana,GUY,2004,4.66846622369882
Guyana,GUY,2003,5.98097814066473
Guyana,GUY,2002,5.3410152137741
Guyana,GUY,2001,2.62741314203332
Guyana,GUY,2000,6.14854333024871
Guyana,GUY,1999,7.53821939851393
Guyana,GUY,1998,4.5864661654135
Guyana,GUY,1997,3.55567090578809
Guyana,GUY,1996,7.09471197276045
Guyana,GUY,1995,12.2105263157895
Guyana,GUY,1994,
Guyana,GUY,1993,
Guyana,GUY,1992,
Guyana,GUY,1991,
Guyana,GUY,1990,
Guyana,GUY,1989,
Guyana,GUY,1988,
Guyana,GUY,1987,
Guyana,GUY,1986,
Guyana,GUY,1985,
Guyana,GUY,1984,
Guyana,GUY,1983,
Guyana,GUY,1982,
Guyana,GUY,1981,
Guyana,GUY,1980,
Guyana,GUY,1979,
Guyana,GUY,1978,
Guyana,GUY,1977,
Guyana,GUY,1976,
Guyana,GUY,1975,
Guyana,GUY,1974,
Guyana,GUY,1973,
Guyana,GUY,1972,
Guyana,GUY,1971,
Guyana,GUY,1970,
Guyana,GUY,1969,
Guyana,GUY,1968,
Guyana,GUY,1967,
Guyana,GUY,1966,
Guyana,GUY,1965,
Guyana,GUY,1964,
Guyana,GUY,1963,
Guyana,GUY,1962,
Guyana,GUY,1961,
Guyana,GUY,1960,
Haiti,HTI,2025,
Haiti,HTI,2024,26.9490564091987
Haiti,HTI,2023,36.8135162780854
Haiti,HTI,2022,33.98393194707
Haiti,HTI,2021,16.8415240198785
Haiti,HTI,2020,22.7963113642528
Haiti,HTI,2019,18.7037825672506
Haiti,HTI,2018,12.4814111170435
Haiti,HTI,2017,10.6800887242584
Haiti,HTI,2016,11.5029073942666
Haiti,HTI,2015,6.73184069658997
Haiti,HTI,2014,3.43816659958601
Haiti,HTI,2013,4.76502404779142
Haiti,HTI,2012,5.01804155429246
Haiti,HTI,2011,6.33279483849042
Haiti,HTI,2010,4.82734190074673
Haiti,HTI,2009,0.393886040173341
Haiti,HTI,2008,15.2817744823772
Haiti,HTI,2007,6.55722772638066
Haiti,HTI,2006,11.3452152244299
Haiti,HTI,2005,13.973008326384
Haiti,HTI,2004,21.0318339277222
Haiti,HTI,2003,28.6995777887374
Haiti,HTI,2002,7.03287406224601
Haiti,HTI,2001,13.31672224251
Haiti,HTI,2000,9.33322197565603
Haiti,HTI,1999,3.00439421550734
Haiti,HTI,1998,5.26903547042201
Haiti,HTI,1997,20.5590073395833
Haiti,HTI,1996,20.5835962145112
Haiti,HTI,1995,27.6081851727601
Haiti,HTI,1994,39.3316195372753
Haiti,HTI,1993,29.7059715065172
Haiti,HTI,1992,19.358494654122
Haiti,HTI,1991,15.4199073669492
Haiti,HTI,1990,21.2760320067832
Haiti,HTI,1989,6.92390503711238
Haiti,HTI,1988,4.10546805875063
Haiti,HTI,1987,-11.4494646121705
Haiti,HTI,1986,3.27992663366622
Haiti,HTI,1985,10.6488390138928
Haiti,HTI,1984,6.40203239106075
Haiti,HTI,1983,10.2436633526545
Haiti,HTI,1982,7.35924227605051
Haiti,HTI,1981,10.8583333329997
Haiti,HTI,1980,17.7783052456577
Haiti,HTI,1979,13.0939242998193
Haiti,HTI,1978,-2.67359498369291
Haiti,HTI,1977,6.49190058113337
Haiti,HTI,1976,7.03815227823619
Haiti,HTI,1975,16.7735703245816
Haiti,HTI,1974,14.9506973439721
Haiti,HTI,1973,22.7389194789195
Haiti,HTI,1972,3.18969396917928
Haiti,HTI,1971,9.57958328225631
Haiti,HTI,1970,1.36849340736673
Haiti,HTI,1969,1.41318124201974
Haiti,HTI,1968,1.31621187827357
Haiti,HTI,1967,-2.93531098100653
Haiti,HTI,1966,8.301835853323
Haiti,HTI,1965,2.26394257289731
Haiti,HTI,1964,9.16214587129442
Haiti,HTI,1963,4.30682175435956
Haiti,HTI,1962,-0.554904259869525
Haiti,HTI,1961,3.77970638342675
Haiti,HTI,1960,-5.03004159593691
Honduras,HND,2025,
Honduras,HND,2024,4.60621098127107
Honduras,HND,2023,6.66325180347457
Honduras,HND,2022,9.08963911525025
Honduras,HND,2021,4.48087963413445
Honduras,HND,2020,3.46841177951184
Honduras,HND,2019,4.36587159819267
Honduras,HND,2018,4.34734937777528
Honduras,HND,2017,3.93436084442044
Honduras,HND,2016,2.72461223295289
Honduras,HND,2015,3.15783117980923
Honduras,HND,2014,6.12924930313022
Honduras,HND,2013,5.16189898581494
Honduras,HND,2012,5.19618615531848
Honduras,HND,2011,6.7622795731476
Honduras,HND,2010,4.69889064976226
Honduras,HND,2009,5.49634273772208
Honduras,HND,2008,11.4034270813932
Honduras,HND,2007,6.93621470895774
Honduras,HND,2006,5.57775207654298
Honduras,HND,2005,8.80906074819819
Honduras,HND,2004,8.1137909709338
Honduras,HND,2003,7.67416639397937
Honduras,HND,2002,7.69050972034271
Honduras,HND,2001,9.67415556865377
Honduras,HND,2000,11.0480349344976
Honduras,HND,1999,11.66374097913
Honduras,HND,1998,13.6681077485869
Honduras,HND,1997,20.1998667554962
Honduras,HND,1996,23.8378353073358
Honduras,HND,1995,29.4645292281585
Honduras,HND,1994,21.729346883819
Honduras,HND,1993,10.748646716372
Honduras,HND,1992,8.75988625255494
Honduras,HND,1991,33.9722602535864
Honduras,HND,1990,23.3225664366467
Honduras,HND,1989,9.85040925769098
Honduras,HND,1988,4.49125763640182
Honduras,HND,1987,2.48715402223898
Honduras,HND,1986,4.35272383207559
Honduras,HND,1985,3.36267523608605
Honduras,HND,1984,4.72636815920389
Honduras,HND,1983,8.2528116584826
Honduras,HND,1982,8.98262170616892
Honduras,HND,1981,9.40569126142496
Honduras,HND,1980,18.0615430355956
Honduras,HND,1979,12.1353558926061
Honduras,HND,1978,5.74832464618229
Honduras,HND,1977,8.43470771895128
Honduras,HND,1976,4.88341895790898
Honduras,HND,1975,8.3761625062971
Honduras,HND,1974,12.8495477454187
Honduras,HND,1973,5.19320162691133
Honduras,HND,1972,3.61228175799332
Honduras,HND,1971,2.22324794223759
Honduras,HND,1970,2.8808864266098
Honduras,HND,1969,1.25821445737097
Honduras,HND,1968,1.86122448972086
Honduras,HND,1967,2.09184098667308
Honduras,HND,1966,1.78423465718738
Honduras,HND,1965,3.18627450998763
Honduras,HND,1964,4.47210147080726
Honduras,HND,1963,3.08145601867274
Honduras,HND,1962,1.09215017084013
Honduras,HND,1961,1.56299237392687
Honduras,HND,1960,-1.74623815710751
"Hong Kong SAR, China",HKG,2025,
"Hong Kong SAR, China",HKG,2024,1.72972119105914
"Hong Kong SAR, China",HKG,2023,2.09660511249089
"Hong Kong SAR, China",HKG,2022,1.88136707196853
"Hong Kong SAR, China",HKG,2021,1.56875834445922
"Hong Kong SAR, China",HKG,2020,0.2509620210808
"Hong Kong SAR, China",HKG,2019,2.88320853773996
"Hong Kong SAR, China",HKG,2018,2.40613432046534
"Hong Kong SAR, China",HKG,2017,1.49387243939522
"Hong Kong SAR, China",HKG,2016,2.40930743862224
"Hong Kong SAR, China",HKG,2015,2.99084819322581
"Hong Kong SAR, China",HKG,2014,4.42364532019699
"Hong Kong SAR, China",HKG,2013,4.33799342105267
"Hong Kong SAR, China",HKG,2012,4.05390950903844
"Hong Kong SAR, China",HKG,2011,5.3052489299392
"Hong Kong SAR, China",HKG,2010,2.29289088604673
"Hong Kong SAR, China",HKG,2009,0.579441418472608
"Hong Kong SAR, China",HKG,2008,4.30315484104921
"Hong Kong SAR, China",HKG,2007,2.03502713369511
"Hong Kong SAR, China",HKG,2006,2.00025160397534
"Hong Kong SAR, China",HKG,2005,0.826446280991827
"Hong Kong SAR, China",HKG,2004,-0.274725274725253
"Hong Kong SAR, China",HKG,2003,-2.67379679144394
"Hong Kong SAR, China",HKG,2002,-2.98313878080415
"Hong Kong SAR, China",HKG,2001,-1.65816326530609
"Hong Kong SAR, China",HKG,2000,-3.68550368550369
"Hong Kong SAR, China",HKG,1999,-4.00943396226445
"Hong Kong SAR, China",HKG,1998,2.91262135922399
"Hong Kong SAR, China",HKG,1997,5.77663671373521
"Hong Kong SAR, China",HKG,1996,6.27557980900412
"Hong Kong SAR, China",HKG,1995,9.07738095238091
"Hong Kong SAR, China",HKG,1994,8.73786407766985
"Hong Kong SAR, China",HKG,1993,8.80281690140857
"Hong Kong SAR, China",HKG,1992,9.65250965250966
"Hong Kong SAR, China",HKG,1991,11.1587982832617
"Hong Kong SAR, China",HKG,1990,10.4265402843602
"Hong Kong SAR, China",HKG,1989,10.1827676240209
"Hong Kong SAR, China",HKG,1988,7.8873239436618
"Hong Kong SAR, China",HKG,1987,5.65476190476196
"Hong Kong SAR, China",HKG,1986,3.38461538461534
"Hong Kong SAR, China",HKG,1985,3.50318471337575
"Hong Kong SAR, China",HKG,1984,8.65051903114184
"Hong Kong SAR, China",HKG,1983,9.8859315589355
"Hong Kong SAR, China",HKG,1982,10.9704641350212
"Hong Kong SAR, China",HKG,1981,
"Hong Kong SAR, China",HKG,1980,
"Hong Kong SAR, China",HKG,1979,
"Hong Kong SAR, China",HKG,1978,
"Hong Kong SAR, China",HKG,1977,
"Hong Kong SAR, China",HKG,1976,
"Hong Kong SAR, China",HKG,1975,
"Hong Kong SAR, China",HKG,1974,
"Hong Kong SAR, China",HKG,1973,
"Hong Kong SAR, China",HKG,1972,
"Hong Kong SAR, China",HKG,1971,
"Hong Kong SAR, China",HKG,1970,
"Hong Kong SAR, China",HKG,1969,
"Hong Kong SAR, China",HKG,1968,
"Hong Kong SAR, China",HKG,1967,
"Hong Kong SAR, China",HKG,1966,
"Hong Kong SAR, China",HKG,1965,
"Hong Kong SAR, China",HKG,1964,
"Hong Kong SAR, China",HKG,1963,
"Hong Kong SAR, China",HKG,1962,
"Hong Kong SAR, China",HKG,1961,
"Hong Kong SAR, China",HKG,1960,
Hungary,HUN,2025,
Hungary,HUN,2024,3.70370370370369
Hungary,HUN,2023,17.1249659678737
Hungary,HUN,2022,14.6081439492433
Hungary,HUN,2021,5.11096534382855
Hungary,HUN,2020,3.32674385766738
Hungary,HUN,2019,3.33858635382008
Hungary,HUN,2018,2.85024792594646
Hungary,HUN,2017,2.34824281150154
Hungary,HUN,2016,0.394769306686392
Hungary,HUN,2015,-0.0616446800641672
Hungary,HUN,2014,-0.227566270988219
Hungary,HUN,2013,1.73319984983101
Hungary,HUN,2012,5.65214517088646
Hungary,HUN,2011,3.9299209893507
Hungary,HUN,2010,4.85555795691956
Hungary,HUN,2009,4.21171171171171
Hungary,HUN,2008,6.0425125388106
Hungary,HUN,2007,7.9587451654491
Hungary,HUN,2006,3.93032603841001
Hungary,HUN,2005,3.56151711378352
Hungary,HUN,2004,6.74434679569469
Hungary,HUN,2003,4.66101694915254
Hungary,HUN,2002,5.26544821583985
Hungary,HUN,2001,9.11680911680911
Hungary,HUN,2000,9.80361016908125
Hungary,HUN,1999,9.99774409303368
Hungary,HUN,1998,14.153789654534
Hungary,HUN,1997,18.3050744143799
Hungary,HUN,1996,23.4690301919185
Hungary,HUN,1995,28.3054683706654
Hungary,HUN,1994,18.8680749869283
Hungary,HUN,1993,22.4642346133809
Hungary,HUN,1992,23.6557207806552
Hungary,HUN,1991,34.8175429072704
Hungary,HUN,1990,28.3695996532777
Hungary,HUN,1989,17.149151997396
Hungary,HUN,1988,15.7235490703556
Hungary,HUN,1987,8.67431417733243
Hungary,HUN,1986,5.29166170071091
Hungary,HUN,1985,6.94234501879147
Hungary,HUN,1984,8.46785487646018
Hungary,HUN,1983,7.27989573279491
Hungary,HUN,1982,6.8358050825954
Hungary,HUN,1981,4.66141394394755
Hungary,HUN,1980,9.28585743921337
Hungary,HUN,1979,8.97641234700303
Hungary,HUN,1978,4.68714274853112
Hungary,HUN,1977,3.90889569564822
Hungary,HUN,1976,5.2283983330866
Hungary,HUN,1975,3.84215991793819
Hungary,HUN,1974,1.79704016823474
Hungary,HUN,1973,3.38797814176702
Hungary,HUN,1972,
Hungary,HUN,1971,
Hungary,HUN,1970,
Hungary,HUN,1969,
Hungary,HUN,1968,
Hungary,HUN,1967,
Hungary,HUN,1966,
Hungary,HUN,1965,
Hungary,HUN,1964,
Hungary,HUN,1963,
Hungary,HUN,1962,
Hungary,HUN,1961,
Hungary,HUN,1960,
Iceland,ISL,2025,
Iceland,ISL,2024,5.85683849970066
Iceland,ISL,2023,8.73630299937298
Iceland,ISL,2022,8.3087551155892
Iceland,ISL,2021,4.44423970189739
Iceland,ISL,2020,2.84792401518665
Iceland,ISL,2019,3.01397179156053
Iceland,ISL,2018,2.68291768267392
Iceland,ISL,2017,1.76041559180596
Iceland,ISL,2016,1.69692761997751
Iceland,ISL,2015,1.63305558181326
Iceland,ISL,2014,2.04461481539333
Iceland,ISL,2013,3.87227923748249
Iceland,ISL,2012,5.18589988750698
Iceland,ISL,2011,4.0010266434312
Iceland,ISL,2010,5.39673113167477
Iceland,ISL,2009,12.0031298461743
Iceland,ISL,2008,12.6943942775878
Iceland,ISL,2007,5.05155736492146
Iceland,ISL,2006,6.68707906136661
Iceland,ISL,2005,3.98704782806593
Iceland,ISL,2004,3.15819324298464
Iceland,ISL,2003,2.05566329753742
Iceland,ISL,2002,5.19702230216628
Iceland,ISL,2001,6.40508550386868
Iceland,ISL,2000,5.13647123245151
Iceland,ISL,1999,3.23183260906467
Iceland,ISL,1998,1.65924170953427
Iceland,ISL,1997,1.81543080282242
Iceland,ISL,1996,2.26041898267297
Iceland,ISL,1995,1.65123150116658
Iceland,ISL,1994,1.55265627495777
Iceland,ISL,1993,4.04285291076947
Iceland,ISL,1992,3.94771176824031
Iceland,ISL,1991,6.80877887943634
Iceland,ISL,1990,15.510721994253
Iceland,ISL,1989,20.7581950334485
Iceland,ISL,1988,25.7255090852842
Iceland,ISL,1987,18.2977682232304
Iceland,ISL,1986,22.1284011876646
Iceland,ISL,1985,31.9946290240703
Iceland,ISL,1984,30.8523970770909
Iceland,ISL,1983,83.9500461937034
Iceland,ISL,1982,50.2432263896761
Iceland,ISL,1981,51.7932416010108
Iceland,ISL,1980,58.5284260893646
Iceland,ISL,1979,44.4444558043744
Iceland,ISL,1978,43.7499982853606
Iceland,ISL,1977,30.3167412725928
Iceland,ISL,1976,32.0351102236086
Iceland,ISL,1975,49.3613382334053
Iceland,ISL,1974,42.5161819585292
Iceland,ISL,1973,21.3549309168298
Iceland,ISL,1972,9.81132391279972
Iceland,ISL,1971,6.73187452980988
Iceland,ISL,1970,13.3724751491846
Iceland,ISL,1969,21.7632949193453
Iceland,ISL,1968,15.2317984034252
Iceland,ISL,1967,3.32021867821532
Iceland,ISL,1966,10.6866430342387
Iceland,ISL,1965,7.31706942783346
Iceland,ISL,1964,19.2450543572579
Iceland,ISL,1963,12.9280230755903
Iceland,ISL,1962,11.016292445577
Iceland,ISL,1961,4.71161499679353
Iceland,ISL,1960,1.98839723902034
India,IND,2025,
India,IND,2024,4.95303550973656
India,IND,2023,5.64914318907925
India,IND,2022,6.69903414079852
India,IND,2021,5.13140747176369
India,IND,2020,6.62343677628535
India,IND,2019,3.72950573539129
India,IND,2018,3.9388264669163
India,IND,2017,3.32817337461298
India,IND,2016,4.94821634062141
India,IND,2015,4.90697344127256
India,IND,2014,6.66565671867899
India,IND,2013,10.0178784746102
India,IND,2012,9.47899691419801
India,IND,2011,8.91179336483371
India,IND,2010,11.9893899204244
India,IND,2009,10.8823529411764
India,IND,2008,8.34926704907581
India,IND,2007,6.37288135593231
India,IND,2006,5.79652337561634
India,IND,2005,4.24634362031922
India,IND,2004,3.76725173477515
India,IND,2003,3.80585899528851
India,IND,2002,4.29715203929563
India,IND,2001,3.77929312235637
India,IND,2000,4.0094359104519
India,IND,1999,4.66982038037594
India,IND,1998,13.2308389767977
India,IND,1997,7.16425211462724
India,IND,1996,8.97715233826453
India,IND,1995,10.2248861637544
India,IND,1994,10.2479355556119
India,IND,1993,6.32689048779867
India,IND,1992,11.7878170418134
India,IND,1991,13.8702461773683
India,IND,1990,8.9712325027325
India,IND,1989,7.07428002942301
India,IND,1988,9.38347186185335
India,IND,1987,8.80112581251833
India,IND,1986,8.72972072702581
India,IND,1985,5.55642423236554
India,IND,1984,8.3189071186008
India,IND,1983,11.8680812986734
India,IND,1982,7.89074279377487
India,IND,1981,13.112546897642
India,IND,1980,11.3460734795095
India,IND,1979,6.27568336762335
India,IND,1978,2.5230487569518
India,IND,1977,8.30747009171166
India,IND,1976,-7.63394763392882
India,IND,1975,5.74843029767437
India,IND,1974,28.598734077509
India,IND,1973,16.9408159791736
India,IND,1972,6.44209746158243
India,IND,1971,3.07993868406537
India,IND,1970,5.09226161997552
India,IND,1969,-0.584136610466349
India,IND,1968,3.23741242627502
India,IND,1967,13.062202477797
India,IND,1966,10.8018483489342
India,IND,1965,9.47475859170699
India,IND,1964,13.3552611508153
India,IND,1963,2.94616135685229
India,IND,1962,3.63221497106987
India,IND,1961,1.69521293914433
India,IND,1960,1.77987784677382
Indonesia,IDN,2025,
Indonesia,IDN,2024,2.18151273615189
Indonesia,IDN,2023,3.66938654859761
Indonesia,IDN,2022,4.20946463714784
Indonesia,IDN,2021,1.56007882983334
Indonesia,IDN,2020,1.91983527270793
Indonesia,IDN,2019,3.03058460941661
Indonesia,IDN,2018,3.19834755924996
Indonesia,IDN,2017,3.80879857691949
Indonesia,IDN,2016,3.52580452815451
Indonesia,IDN,2015,6.36312061196646
Indonesia,IDN,2014,6.39492882396559
Indonesia,IDN,2013,6.41249457900391
Indonesia,IDN,2012,4.2795142691943
Indonesia,IDN,2011,5.35604849112582
Indonesia,IDN,2010,5.13420639015885
Indonesia,IDN,2009,4.38641311792074
Indonesia,IDN,2008,10.2266663272483
Indonesia,IDN,2007,6.40656087966005
Indonesia,IDN,2006,13.108670985346
Indonesia,IDN,2005,10.4532001873347
Indonesia,IDN,2004,6.06406189133648
Indonesia,IDN,2003,6.75731256333564
Indonesia,IDN,2002,11.9001200338414
Indonesia,IDN,2001,11.5001160550887
Indonesia,IDN,2000,3.68862037056682
Indonesia,IDN,1999,20.4778324428892
Indonesia,IDN,1998,58.4510413515526
Indonesia,IDN,1997,6.22615154887214
Indonesia,IDN,1996,7.97328096513346
Indonesia,IDN,1995,9.42030300572996
Indonesia,IDN,1994,8.53199829189143
Indonesia,IDN,1993,9.6719108926401
Indonesia,IDN,1992,7.52351006242677
Indonesia,IDN,1991,9.41906784347004
Indonesia,IDN,1990,7.81919756505635
Indonesia,IDN,1989,6.41554079916364
Indonesia,IDN,1988,8.04535671530907
Indonesia,IDN,1987,9.27865406602839
Indonesia,IDN,1986,5.82266576732484
Indonesia,IDN,1985,4.72453518543398
Indonesia,IDN,1984,10.4550392231412
Indonesia,IDN,1983,11.7997382076652
Indonesia,IDN,1982,9.44542534921144
Indonesia,IDN,1981,12.2659075874853
Indonesia,IDN,1980,18.035422125313
Indonesia,IDN,1979,16.2327695334308
Indonesia,IDN,1978,8.11259425677378
Indonesia,IDN,1977,11.0520846464477
Indonesia,IDN,1976,19.8286499927534
Indonesia,IDN,1975,19.1656916610533
Indonesia,IDN,1974,40.491811600695
Indonesia,IDN,1973,31.0418824339182
Indonesia,IDN,1972,6.52174091852604
Indonesia,IDN,1971,4.23374587741607
Indonesia,IDN,1970,12.399468513041
Indonesia,IDN,1969,15.4798773314404
Indonesia,IDN,1968,128.843042071197
Indonesia,IDN,1967,106.0
Indonesia,IDN,1966,1136.2541122077
Indonesia,IDN,1965,306.763110307415
Indonesia,IDN,1964,108.994708994709
Indonesia,IDN,1963,145.910780669145
Indonesia,IDN,1962,131.397849462365
Indonesia,IDN,1961,13.6919315403424
Indonesia,IDN,1960,39.5904436860067
"Iran, Islamic Rep.",IRN,2025,
"Iran, Islamic Rep.",IRN,2024,32.455871402917
"Iran, Islamic Rep.",IRN,2023,44.5791857572797
"Iran, Islamic Rep.",IRN,2022,43.4884641742179
"Iran, Islamic Rep.",IRN,2021,43.3890162681514
"Iran, Islamic Rep.",IRN,2020,30.5941390387295
"Iran, Islamic Rep.",IRN,2019,39.9073455697784
"Iran, Islamic Rep.",IRN,2018,18.0141183371874
"Iran, Islamic Rep.",IRN,2017,8.04492437660278
"Iran, Islamic Rep.",IRN,2016,7.24542548952979
"Iran, Islamic Rep.",IRN,2015,12.4846815611533
"Iran, Islamic Rep.",IRN,2014,16.6065532357449
"Iran, Islamic Rep.",IRN,2013,36.6030355191029
"Iran, Islamic Rep.",IRN,2012,27.2568127242908
"Iran, Islamic Rep.",IRN,2011,26.2933856738608
"Iran, Islamic Rep.",IRN,2010,10.0893629287979
"Iran, Islamic Rep.",IRN,2009,13.5515548281506
"Iran, Islamic Rep.",IRN,2008,25.4105090311987
"Iran, Islamic Rep.",IRN,2007,17.3410404624277
"Iran, Islamic Rep.",IRN,2006,10.0158982511924
"Iran, Islamic Rep.",IRN,2005,13.433118008508
"Iran, Islamic Rep.",IRN,2004,14.7615086970672
"Iran, Islamic Rep.",IRN,2003,16.4680116244792
"Iran, Islamic Rep.",IRN,2002,14.3359337378404
"Iran, Islamic Rep.",IRN,2001,11.2742471332117
"Iran, Islamic Rep.",IRN,2000,14.4767513188567
"Iran, Islamic Rep.",IRN,1999,20.0707078146866
"Iran, Islamic Rep.",IRN,1998,17.8661342130398
"Iran, Islamic Rep.",IRN,1997,17.3492257538708
"Iran, Islamic Rep.",IRN,1996,28.9373440168137
"Iran, Islamic Rep.",IRN,1995,49.6559858462746
"Iran, Islamic Rep.",IRN,1994,31.4470284237728
"Iran, Islamic Rep.",IRN,1993,21.2026307547761
"Iran, Islamic Rep.",IRN,1992,25.8077226162332
"Iran, Islamic Rep.",IRN,1991,17.1285679434012
"Iran, Islamic Rep.",IRN,1990,7.62767493763934
"Iran, Islamic Rep.",IRN,1989,22.3496530454896
"Iran, Islamic Rep.",IRN,1988,28.6706349206345
"Iran, Islamic Rep.",IRN,1987,28.5714285714292
"Iran, Islamic Rep.",IRN,1986,18.4290030211474
"Iran, Islamic Rep.",IRN,1985,4.38934095741541
"Iran, Islamic Rep.",IRN,1984,12.5402194538868
"Iran, Islamic Rep.",IRN,1983,19.7401891778611
"Iran, Islamic Rep.",IRN,1982,18.6897259269564
"Iran, Islamic Rep.",IRN,1981,24.2035897624486
"Iran, Islamic Rep.",IRN,1980,20.6439144373798
"Iran, Islamic Rep.",IRN,1979,10.4872367273486
"Iran, Islamic Rep.",IRN,1978,11.7219692041212
"Iran, Islamic Rep.",IRN,1977,27.2877846793093
"Iran, Islamic Rep.",IRN,1976,11.2561425062111
"Iran, Islamic Rep.",IRN,1975,12.8791818338341
"Iran, Islamic Rep.",IRN,1974,14.2489355382567
"Iran, Islamic Rep.",IRN,1973,9.81948673318762
"Iran, Islamic Rep.",IRN,1972,6.39824135128871
"Iran, Islamic Rep.",IRN,1971,4.19529837265423
"Iran, Islamic Rep.",IRN,1970,1.66687093970068
"Iran, Islamic Rep.",IRN,1969,3.59319451551281
"Iran, Islamic Rep.",IRN,1968,0.690360521996233
"Iran, Islamic Rep.",IRN,1967,1.59761007964354
"Iran, Islamic Rep.",IRN,1966,-0.388148532154432
"Iran, Islamic Rep.",IRN,1965,2.15437483520967
"Iran, Islamic Rep.",IRN,1964,3.81448957223043
"Iran, Islamic Rep.",IRN,1963,0.371849607221666
"Iran, Islamic Rep.",IRN,1962,0.721320571656337
"Iran, Islamic Rep.",IRN,1961,3.16256439585745
"Iran, Islamic Rep.",IRN,1960,9.82241081297867
Iraq,IRQ,2025,
Iraq,IRQ,2024,-12.2969837587007
Iraq,IRQ,2023,4.35835351089586
Iraq,IRQ,2022,4.99476596381044
Iraq,IRQ,2021,6.04186489058044
Iraq,IRQ,2020,0.574162679425795
Iraq,IRQ,2019,-0.198965380023928
Iraq,IRQ,2018,0.367441488936849
Iraq,IRQ,2017,0.18405889884769
Iraq,IRQ,2016,0.556521397155511
Iraq,IRQ,2015,1.39333028780309
Iraq,IRQ,2014,2.23597407904679
Iraq,IRQ,2013,1.87949800749469
Iraq,IRQ,2012,6.08909641595043
Iraq,IRQ,2011,5.801455370853
Iraq,IRQ,2010,2.8777472527476
Iraq,IRQ,2009,6.8736154721255
Iraq,IRQ,2008,12.6628528269228
Iraq,IRQ,2007,-10.0674925768978
Iraq,IRQ,2006,53.230962911428
Iraq,IRQ,2005,36.9594809201871
Iraq,IRQ,2004,26.9619068193272
Iraq,IRQ,2003,33.6162105992383
Iraq,IRQ,2002,19.316694601979
Iraq,IRQ,2001,16.3740814963262
Iraq,IRQ,2000,4.97896213183735
Iraq,IRQ,1999,12.5777623393436
Iraq,IRQ,1998,14.7687735575528
Iraq,IRQ,1997,23.0631996788727
Iraq,IRQ,1996,-16.1173257510572
Iraq,IRQ,1995,387.310847766638
Iraq,IRQ,1994,448.499999999999
Iraq,IRQ,1993,207.692307692309
Iraq,IRQ,1992,83.615819209039
Iraq,IRQ,1991,180.952380952381
Iraq,IRQ,1990,
Iraq,IRQ,1989,
Iraq,IRQ,1988,
Iraq,IRQ,1987,
Iraq,IRQ,1986,
Iraq,IRQ,1985,
Iraq,IRQ,1984,
Iraq,IRQ,1983,
Iraq,IRQ,1982,
Iraq,IRQ,1981,
Iraq,IRQ,1980,
Iraq,IRQ,1979,
Iraq,IRQ,1978,4.61194286682018
Iraq,IRQ,1977,9.16776253995512
Iraq,IRQ,1976,12.8232301828134
Iraq,IRQ,1975,9.51717734405536
Iraq,IRQ,1974,7.69999999976926
Iraq,IRQ,1973,4.89098408992571
Iraq,IRQ,1972,5.18595041325518
Iraq,IRQ,1971,3.59589041076037
Iraq,IRQ,1970,4.35559526470564
Iraq,IRQ,1969,5.73925366136733
Iraq,IRQ,1968,2.19647598286799
Iraq,IRQ,1967,3.29094988781672
Iraq,IRQ,1966,1.98321891712164
Iraq,IRQ,1965,-0.45558086585781
Iraq,IRQ,1964,-0.0901365196717478
Iraq,IRQ,1963,3.95495742929742
Iraq,IRQ,1962,1.29236216541521
Iraq,IRQ,1961,0.916260431846688
Iraq,IRQ,1960,3.47823790409599
Ireland,IRL,2025,
Ireland,IRL,2024,2.11344999577317
Ireland,IRL,2023,6.29942487419125
Ireland,IRL,2022,7.82945736434105
Ireland,IRL,2021,2.34034113447044
Ireland,IRL,2020,-0.326183651280033
Ireland,IRL,2019,0.937842961189274
Ireland,IRL,2018,0.471130713712916
Ireland,IRL,2017,0.362173038229378
Ireland,IRL,2016,0.0201247735963237
Ireland,IRL,2015,-0.330959783371788
Ireland,IRL,2014,0.190916398713745
Ireland,IRL,2013,0.515099484900573
Ireland,IRL,2012,1.69474116680366
Ireland,IRL,2011,2.5489783020855
Ireland,IRL,2010,-0.918388645376774
Ireland,IRL,2009,-4.44754686876746
Ireland,IRL,2008,4.03568834941391
Ireland,IRL,2007,4.88574537540802
Ireland,IRL,2006,3.93576114001354
Ireland,IRL,2005,2.45654692931639
Ireland,IRL,2004,2.17854605730523
Ireland,IRL,2003,3.49221909079765
Ireland,IRL,2002,4.62820512820515
Ireland,IRL,2001,4.85280279607477
Ireland,IRL,2000,5.57763269940387
Ireland,IRL,1999,1.62988605221407
Ireland,IRL,1998,2.40768094534715
Ireland,IRL,1997,1.5418020226137
Ireland,IRL,1996,1.75574469607419
Ireland,IRL,1995,2.52486446780802
Ireland,IRL,1994,2.30920192610951
Ireland,IRL,1993,1.46941522411422
Ireland,IRL,1992,3.06999853835904
Ireland,IRL,1991,3.21081037142378
Ireland,IRL,1990,3.31732886680118
Ireland,IRL,1989,4.08905388153544
Ireland,IRL,1988,2.13456989107103
Ireland,IRL,1987,3.15941034835014
Ireland,IRL,1986,3.82704166542659
Ireland,IRL,1985,5.39548620170352
Ireland,IRL,1984,8.65111053796386
Ireland,IRL,1983,10.4476255348594
Ireland,IRL,1982,17.1471262037092
Ireland,IRL,1981,20.3735110701934
Ireland,IRL,1980,18.1544622557972
Ireland,IRL,1979,13.2954688248281
Ireland,IRL,1978,7.71111214621869
Ireland,IRL,1977,13.4722552937948
Ireland,IRL,1976,17.9856958613386
Ireland,IRL,1975,20.8758503401952
Ireland,IRL,1974,16.9761273212048
Ireland,IRL,1973,11.4148503873296
Ireland,IRL,1972,8.60581745301066
Ireland,IRL,1971,8.96174863417669
Ireland,IRL,1970,8.20719016091027
Ireland,IRL,1969,7.41869918597554
Ireland,IRL,1968,4.6808510638299
Ireland,IRL,1967,3.1833150395518
Ireland,IRL,1966,3.05429864140273
Ireland,IRL,1965,4.98812351543946
Ireland,IRL,1964,6.71728971926295
Ireland,IRL,1963,2.45362058668928
Ireland,IRL,1962,4.26372712149085
Ireland,IRL,1961,2.7569993586355
Ireland,IRL,1960,0.450837269431776
Isle of Man,IMN,2025,
Isle of Man,IMN,2024,
Isle of Man,IMN,2023,
Isle of Man,IMN,2022,
Isle of Man,IMN,2021,
Isle of Man,IMN,2020,
Isle of Man,IMN,2019,
Isle of Man,IMN,2018,
Isle of Man,IMN,2017,
Isle of Man,IMN,2016,
Isle of Man,IMN,2015,
Isle of Man,IMN,2014,
Isle of Man,IMN,2013,
Isle of Man,IMN,2012,
Isle of Man,IMN,2011,
Isle of Man,IMN,2010,
Isle of Man,IMN,2009,
Isle of Man,IMN,2008,
Isle of Man,IMN,2007,
Isle of Man,IMN,2006,
Isle of Man,IMN,2005,
Isle of Man,IMN,2004,
Isle of Man,IMN,2003,
Isle of Man,IMN,2002,
Isle of Man,IMN,2001,
Isle of Man,IMN,2000,
Isle of Man,IMN,1999,
Isle of Man,IMN,1998,
Isle of Man,IMN,1997,
Isle of Man,IMN,1996,
Isle of Man,IMN,1995,
Isle of Man,IMN,1994,
Isle of Man,IMN,1993,
Isle of Man,IMN,1992,
Isle of Man,IMN,1991,
Isle of Man,IMN,1990,
Isle of Man,IMN,1989,
Isle of Man,IMN,1988,
Isle of Man,IMN,1987,
Isle of Man,IMN,1986,
Isle of Man,IMN,1985,
Isle of Man,IMN,1984,
Isle of Man,IMN,1983,
Isle of Man,IMN,1982,
Isle of Man,IMN,1981,
Isle of Man,IMN,1980,
Isle of Man,IMN,1979,
Isle of Man,IMN,1978,
Isle of Man,IMN,1977,
Isle of Man,IMN,1976,
Isle of Man,IMN,1975,
Isle of Man,IMN,1974,
Isle of Man,IMN,1973,
Isle of Man,IMN,1972,
Isle of Man,IMN,1971,
Isle of Man,IMN,1970,
Isle of Man,IMN,1969,
Isle of Man,IMN,1968,
Isle of Man,IMN,1967,
Isle of Man,IMN,1966,
Isle of Man,IMN,1965,
Isle of Man,IMN,1964,
Isle of Man,IMN,1963,
Isle of Man,IMN,1962,
Isle of Man,IMN,1961,
Isle of Man,IMN,1960,
Israel,ISR,2025,
Israel,ISR,2024,3.07480889805025
Israel,ISR,2023,4.22522603168918
Israel,ISR,2022,4.41162725488371
Israel,ISR,2021,1.47965474722561
Israel,ISR,2020,-0.575254620897756
Israel,ISR,2019,0.817645940292794
Israel,ISR,2018,0.805060379528526
Israel,ISR,2017,0.249807840123008
Israel,ISR,2016,-0.535168195718695
Israel,ISR,2015,-0.617342577642765
Israel,ISR,2014,0.467557251908503
Israel,ISR,2013,1.58976347421476
Israel,ISR,2012,1.67553715750052
Israel,ISR,2011,3.48837209302323
Israel,ISR,2010,2.70270270270273
Israel,ISR,2009,3.3676231727125
Israel,ISR,2008,4.52744765138651
Israel,ISR,2007,0.466226972936065
Israel,ISR,2006,2.05407914587443
Israel,ISR,2005,1.34070328119492
Israel,ISR,2004,-0.421595034547416
Israel,ISR,2003,0.70763061681807
Israel,ISR,2002,5.80234589468429
Israel,ISR,2001,1.12302839116721
Israel,ISR,2000,1.03263640999489
Israel,ISR,1999,5.18975459299983
Israel,ISR,1998,5.48875371339656
Israel,ISR,1997,8.95499383477184
Israel,ISR,1996,11.4585122831129
Israel,ISR,1995,9.93389990557126
Israel,ISR,1994,12.253550985796
Israel,ISR,1993,10.8838740009403
Israel,ISR,1992,12.0653319283457
Israel,ISR,1991,19.1088798242862
Israel,ISR,1990,17.2553348050036
Israel,ISR,1989,20.3187250996016
Israel,ISR,1988,16.3833075734158
Israel,ISR,1987,19.079754601227
Israel,ISR,1986,47.6449275362319
Israel,ISR,1985,307.161914643941
Israel,ISR,1984,373.215631362847
Israel,ISR,1983,145.951502714297
Israel,ISR,1982,120.364409812253
Israel,ISR,1981,116.799989401855
Israel,ISR,1980,131.025012286006
Israel,ISR,1979,78.3100111243614
Israel,ISR,1978,50.5509459579113
Israel,ISR,1977,34.6167156932756
Israel,ISR,1976,31.3108664045145
Israel,ISR,1975,39.3067319555898
Israel,ISR,1974,39.6799724579547
Israel,ISR,1973,20.0323778110705
Israel,ISR,1972,12.8814630846459
Israel,ISR,1971,11.9725718864026
Israel,ISR,1970,6.1107420359874
Israel,ISR,1969,2.45805425617799
Israel,ISR,1968,2.07922185813625
Israel,ISR,1967,1.70609316005932
Israel,ISR,1966,7.9303675444845
Israel,ISR,1965,7.708333264205
Israel,ISR,1964,5.17275042328815
Israel,ISR,1963,6.58113736464057
Israel,ISR,1962,9.40819406826555
Israel,ISR,1961,6.78982340440244
Israel,ISR,1960,2.22811242067084
Italy,ITA,2025,
Italy,ITA,2024,0.982373023061417
Italy,ITA,2023,5.62219442195901
Italy,ITA,2022,8.20128991161718
Italy,ITA,2021,1.87378325762481
Italy,ITA,2020,-0.13770757391651
Italy,ITA,2019,0.611246943765304
Italy,ITA,2018,1.13748763600391
Italy,ITA,2017,1.22653316645812
Italy,ITA,2016,-0.09401665691575
Italy,ITA,2015,0.0387903996579733
Italy,ITA,2014,0.241047429826756
Italy,ITA,2013,1.21999342274306
Italy,ITA,2012,3.04136333226775
Italy,ITA,2011,2.78063272879323
Italy,ITA,2010,1.52551602118248
Italy,ITA,2009,0.774768131387381
Italy,ITA,2008,3.34783258401022
Italy,ITA,2007,1.82974112202403
Italy,ITA,2006,2.09084391012754
Italy,ITA,2005,1.9852929852798
Italy,ITA,2004,2.20673661423657
Italy,ITA,2003,2.6725555277285
Italy,ITA,2002,2.46532319171165
Italy,ITA,2001,2.78516542713554
Italy,ITA,2000,2.53768532095002
Italy,ITA,1999,1.66345995007714
Italy,ITA,1998,1.95508557719381
Italy,ITA,1997,2.04310779750136
Italy,ITA,1996,4.0069766898104
Italy,ITA,1995,5.23542258044301
Italy,ITA,1994,4.05184218065716
Italy,ITA,1993,4.62673468331298
Italy,ITA,1992,5.2705899859293
Italy,ITA,1991,6.24999929790291
Italy,ITA,1990,6.456609061464
Italy,ITA,1989,6.25983137956977
Italy,ITA,1988,5.05824747667119
Italy,ITA,1987,4.74728490389789
Italy,ITA,1986,5.82354691862017
Italy,ITA,1985,9.20599144253118
Italy,ITA,1984,10.7944960076811
Italy,ITA,1983,14.646576674877
Italy,ITA,1982,16.4804146202214
Italy,ITA,1981,17.9692987519672
Italy,ITA,1980,21.0641682770745
Italy,ITA,1979,14.7985735661484
Italy,ITA,1978,12.0940138425074
Italy,ITA,1977,17.13004878665
Italy,ITA,1976,16.6141664725788
Italy,ITA,1975,16.9505025668306
Italy,ITA,1974,19.1597695854699
Italy,ITA,1973,10.7986174547602
Italy,ITA,1972,5.74950393730007
Italy,ITA,1971,4.79166438333786
Italy,ITA,1970,4.96831987329335
Italy,ITA,1969,2.65725273386972
Italy,ITA,1968,1.27731335390797
Italy,ITA,1967,3.73333832073822
Italy,ITA,1966,2.34658893413318
Italy,ITA,1965,4.51926830743458
Italy,ITA,1964,5.91232253218587
Italy,ITA,1963,7.45471822539103
Italy,ITA,1962,4.69114360740471
Italy,ITA,1961,2.05069731278698
Italy,ITA,1960,2.3501614137705
Jamaica,JAM,2025,
Jamaica,JAM,2024,5.41194447981659
Jamaica,JAM,2023,6.47413734662063
Jamaica,JAM,2022,10.3495688391272
Jamaica,JAM,2021,5.86278242801063
Jamaica,JAM,2020,5.2267777929352
Jamaica,JAM,2019,3.90510000865872
Jamaica,JAM,2018,3.73663882152163
Jamaica,JAM,2017,4.37839864991561
Jamaica,JAM,2016,2.35102197485846
Jamaica,JAM,2015,3.69154228855725
Jamaica,JAM,2014,8.27407886231419
Jamaica,JAM,2013,9.34150076569673
Jamaica,JAM,2012,6.87397708674309
Jamaica,JAM,2011,7.555856465809
Jamaica,JAM,2010,12.6105519975603
Jamaica,JAM,2009,9.59224598930482
Jamaica,JAM,2008,22.0228384991843
Jamaica,JAM,2007,9.24482067275562
Jamaica,JAM,2006,8.56106408706157
Jamaica,JAM,2005,15.0528658875905
Jamaica,JAM,2004,13.5545023696682
Jamaica,JAM,2003,10.0869565217391
Jamaica,JAM,2002,7.07635009310985
Jamaica,JAM,2001,6.8019093078759
Jamaica,JAM,2000,8.17108356120225
Jamaica,JAM,1999,5.95423949113006
Jamaica,JAM,1998,8.63189613012144
Jamaica,JAM,1997,9.65755261268595
Jamaica,JAM,1996,26.4066566074043
Jamaica,JAM,1995,19.9087488364168
Jamaica,JAM,1994,35.0633942484772
Jamaica,JAM,1993,22.0699494185292
Jamaica,JAM,1992,77.2965929559651
Jamaica,JAM,1991,51.0710977304313
Jamaica,JAM,1990,21.9601751165083
Jamaica,JAM,1989,14.3295390328572
Jamaica,JAM,1988,8.26676574400908
Jamaica,JAM,1987,6.65244804962684
Jamaica,JAM,1986,15.1053754209796
Jamaica,JAM,1985,25.6731012391772
Jamaica,JAM,1984,27.8147693237453
Jamaica,JAM,1983,11.5821110844253
Jamaica,JAM,1982,6.54540796720066
Jamaica,JAM,1981,12.7397181145091
Jamaica,JAM,1980,27.3081589882307
Jamaica,JAM,1979,29.0792596109786
Jamaica,JAM,1978,34.8998015240508
Jamaica,JAM,1977,11.1910016370359
Jamaica,JAM,1976,9.79365327534651
Jamaica,JAM,1975,17.3761467885801
Jamaica,JAM,1974,27.1581894550216
Jamaica,JAM,1973,17.6825919824838
Jamaica,JAM,1972,5.42770299630751
Jamaica,JAM,1971,5.33617929585868
Jamaica,JAM,1970,14.7280041962567
Jamaica,JAM,1969,6.30345853477095
Jamaica,JAM,1968,5.92869805002995
Jamaica,JAM,1967,3.02353896103856
Jamaica,JAM,1966,1.90239867659225
Jamaica,JAM,1965,2.63157894736852
Jamaica,JAM,1964,2.01342281879186
Jamaica,JAM,1963,1.76250275391075
Jamaica,JAM,1962,1.40750670241315
Jamaica,JAM,1961,6.69845053635209
Jamaica,JAM,1960,3.27424913835588
Japan,JPN,2025,
Japan,JPN,2024,2.73853681635241
Japan,JPN,2023,3.26813365933163
Japan,JPN,2022,2.49770278172255
Japan,JPN,2021,-0.233352779398264
Japan,JPN,2020,-0.024995834027731
Japan,JPN,2019,0.46877615938395
Japan,JPN,2018,0.989094598021848
Japan,JPN,2017,0.484199796126385
Japan,JPN,2016,-0.127258844489754
Japan,JPN,2015,0.795279630579839
Japan,JPN,2014,2.75922671353253
Japan,JPN,2013,0.335037912184741
Japan,JPN,2012,-0.0440645104432602
Japan,JPN,2011,-0.27245561610124
Japan,JPN,2010,-0.728243207517779
Japan,JPN,2009,-1.35283672951719
Japan,JPN,2008,1.3800788616492
Japan,JPN,2007,0.060039454498669
Japan,JPN,2006,0.249355116079085
Japan,JPN,2005,-0.282946068764391
Japan,JPN,2004,-0.00857338820310272
Japan,JPN,2003,-0.256541816316025
Japan,JPN,2002,-0.923494026942321
Japan,JPN,2001,-0.740055504162738
Japan,JPN,2000,-0.676578683595175
Japan,JPN,1999,-0.341296928327554
Japan,JPN,1998,0.661974191385911
Japan,JPN,1997,1.74780458692133
Japan,JPN,1996,0.136600358575909
Japan,JPN,1995,-0.127899045020446
Japan,JPN,1994,0.695458057869004
Japan,JPN,1993,1.24304589707924
Japan,JPN,1992,1.7602830605927
Japan,JPN,1991,3.25143848753308
Japan,JPN,1990,3.0785162869516
Japan,JPN,1989,2.27228962064317
Japan,JPN,1988,0.678557580457558
Japan,JPN,1987,0.126176841696583
Japan,JPN,1986,0.595586799453249
Japan,JPN,1985,2.0322773460849
Japan,JPN,1984,2.26161369193155
Japan,JPN,1983,1.89971971348485
Japan,JPN,1982,2.7410409556314
Japan,JPN,1981,4.91216291820523
Japan,JPN,1980,7.77858176555718
Japan,JPN,1979,3.70185092546269
Japan,JPN,1978,4.20956601068681
Japan,JPN,1977,8.16182689596842
Japan,JPN,1976,9.37403638606234
Japan,JPN,1975,11.7312661498708
Japan,JPN,1974,23.2222458076842
Japan,JPN,1973,11.6086235489221
Japan,JPN,1972,4.84351713859905
Japan,JPN,1971,6.39534883720926
Japan,JPN,1970,6.92417383485781
Japan,JPN,1969,5.24982091102027
Japan,JPN,1968,5.33943295739344
Japan,JPN,1967,3.98984808881518
Japan,JPN,1966,5.04083205887676
Japan,JPN,1965,6.65599094260621
Japan,JPN,1964,3.80038945305753
Japan,JPN,1963,6.7069055639799
Japan,JPN,1962,6.8354403481973
Japan,JPN,1961,5.36846178480055
Japan,JPN,1960,3.5745115253591
Jordan,JOR,2025,
Jordan,JOR,2024,1.55659611283953
Jordan,JOR,2023,2.08486986327134
Jordan,JOR,2022,4.22915568897117
Jordan,JOR,2021,1.34609377243118
Jordan,JOR,2020,0.333294350628378
Jordan,JOR,2019,0.761514047265601
Jordan,JOR,2018,4.46231108475481
Jordan,JOR,2017,3.32389447576097
Jordan,JOR,2016,-0.778430463054142
Jordan,JOR,2015,-0.876851359704049
Jordan,JOR,2014,2.89947905006057
Jordan,JOR,2013,4.82462314269537
Jordan,JOR,2012,4.5152295667099
Jordan,JOR,2011,4.1624416292779
Jordan,JOR,2010,4.84551875852116
Jordan,JOR,2009,-0.739069743144777
Jordan,JOR,2008,13.9712310012729
Jordan,JOR,2007,4.74390639021648
Jordan,JOR,2006,6.25172466656443
Jordan,JOR,2005,3.49368534619531
Jordan,JOR,2004,3.36186821476601
Jordan,JOR,2003,1.62999999999998
Jordan,JOR,2002,1.83299389002049
Jordan,JOR,2001,1.77220437351017
Jordan,JOR,2000,0.66688092559796
Jordan,JOR,1999,0.606256567779427
Jordan,JOR,1998,3.09166666666703
Jordan,JOR,1997,3.0378842030025
Jordan,JOR,1996,6.50121802679586
Jordan,JOR,1995,2.35312451301273
Jordan,JOR,1994,3.51669624132886
Jordan,JOR,1993,3.31666666666706
Jordan,JOR,1992,3.9958356055719
Jordan,JOR,1991,8.15549597855212
Jordan,JOR,1990,16.1921375615233
Jordan,JOR,1989,25.7127192982454
Jordan,JOR,1988,6.61322645290578
Jordan,JOR,1987,-0.199999999999908
Jordan,JOR,1986,
Jordan,JOR,1985,2.98507462714756
Jordan,JOR,1984,3.84747273837611
Jordan,JOR,1983,5.02016709831461
Jordan,JOR,1982,7.42804085422491
Jordan,JOR,1981,7.69999999999975
Jordan,JOR,1980,11.1111111111113
Jordan,JOR,1979,14.2464917630784
Jordan,JOR,1978,6.92152129952408
Jordan,JOR,1977,14.5665171893876
Jordan,JOR,1976,11.4999999999997
Jordan,JOR,1975,11.9798234553088
Jordan,JOR,1974,19.4277108435204
Jordan,JOR,1973,11.1297071121337
Jordan,JOR,1972,7.6576576576576
Jordan,JOR,1971,4.81586402365268
Jordan,JOR,1970,5.89999999899992
Jordan,JOR,1969,
Jordan,JOR,1968,
Jordan,JOR,1967,
Jordan,JOR,1966,
Jordan,JOR,1965,
Jordan,JOR,1964,
Jordan,JOR,1963,
Jordan,JOR,1962,
Jordan,JOR,1961,
Jordan,JOR,1960,
Kazakhstan,KAZ,2025,
Kazakhstan,KAZ,2024,8.69082156104494
Kazakhstan,KAZ,2023,14.5275597825952
Kazakhstan,KAZ,2022,15.0278644440851
Kazakhstan,KAZ,2021,8.04147134028401
Kazakhstan,KAZ,2020,6.71815454861458
Kazakhstan,KAZ,2019,5.33356098916669
Kazakhstan,KAZ,2018,6.16366247577762
Kazakhstan,KAZ,2017,7.44266321306792
Kazakhstan,KAZ,2016,14.3610942386248
Kazakhstan,KAZ,2015,6.67828585615236
Kazakhstan,KAZ,2014,6.84944977003358
Kazakhstan,KAZ,2013,5.94283871648418
Kazakhstan,KAZ,2012,5.19568369035073
Kazakhstan,KAZ,2011,8.4529046617679
Kazakhstan,KAZ,2010,7.40046356341396
Kazakhstan,KAZ,2009,7.31607858288578
Kazakhstan,KAZ,2008,17.139899777207
Kazakhstan,KAZ,2007,10.8468362075557
Kazakhstan,KAZ,2006,8.72169386091726
Kazakhstan,KAZ,2005,7.57999929125766
Kazakhstan,KAZ,2004,6.88205438981899
Kazakhstan,KAZ,2003,6.4382181011894
Kazakhstan,KAZ,2002,5.83692452105643
Kazakhstan,KAZ,2001,8.35413777161344
Kazakhstan,KAZ,2000,13.1808905865731
Kazakhstan,KAZ,1999,8.29602765342564
Kazakhstan,KAZ,1998,7.14632665452334
Kazakhstan,KAZ,1997,17.4080410607357
Kazakhstan,KAZ,1996,39.1825423654111
Kazakhstan,KAZ,1995,176.15529894237
Kazakhstan,KAZ,1994,1877.37239517572
Kazakhstan,KAZ,1993,
Kazakhstan,KAZ,1992,
Kazakhstan,KAZ,1991,
Kazakhstan,KAZ,1990,
Kazakhstan,KAZ,1989,
Kazakhstan,KAZ,1988,
Kazakhstan,KAZ,1987,
Kazakhstan,KAZ,1986,
Kazakhstan,KAZ,1985,
Kazakhstan,KAZ,1984,
Kazakhstan,KAZ,1983,
Kazakhstan,KAZ,1982,
Kazakhstan,KAZ,1981,
Kazakhstan,KAZ,1980,
Kazakhstan,KAZ,1979,
Kazakhstan,KAZ,1978,
Kazakhstan,KAZ,1977,
Kazakhstan,KAZ,1976,
Kazakhstan,KAZ,1975,
Kazakhstan,KAZ,1974,
Kazakhstan,KAZ,1973,
Kazakhstan,KAZ,1972,
Kazakhstan,KAZ,1971,
Kazakhstan,KAZ,1970,
Kazakhstan,KAZ,1969,
Kazakhstan,KAZ,1968,
Kazakhstan,KAZ,1967,
Kazakhstan,KAZ,1966,
Kazakhstan,KAZ,1965,
Kazakhstan,KAZ,1964,
Kazakhstan,KAZ,1963,
Kazakhstan,KAZ,1962,
Kazakhstan,KAZ,1961,
Kazakhstan,KAZ,1960,
Kenya,KEN,2025,
Kenya,KEN,2024,4.48978854243448
Kenya,KEN,2023,7.67139634029402
Kenya,KEN,2022,7.65986268272224
Kenya,KEN,2021,6.10793603659176
Kenya,KEN,2020,5.40516207933392
Kenya,KEN,2019,5.23963795764792
Kenya,KEN,2018,4.6898064677633
Kenya,KEN,2017,8.00564967709945
Kenya,KEN,2016,6.29724953814625
Kenya,KEN,2015,6.58215429284779
Kenya,KEN,2014,6.87815499275949
Kenya,KEN,2013,5.71749357037733
Kenya,KEN,2012,9.37777003547598
Kenya,KEN,2011,14.0224913014704
Kenya,KEN,2010,3.96138889115385
Kenya,KEN,2009,9.23412592394652
Kenya,KEN,2008,26.2398166445063
Kenya,KEN,2007,9.75888023027529
Kenya,KEN,2006,14.4537342081708
Kenya,KEN,2005,10.3127783574683
Kenya,KEN,2004,11.6240355442426
Kenya,KEN,2003,9.81569062979654
Kenya,KEN,2002,1.96130821739162
Kenya,KEN,2001,5.73859814341467
Kenya,KEN,2000,9.98002515350979
Kenya,KEN,1999,5.74200109520484
Kenya,KEN,1998,6.72243650753928
Kenya,KEN,1997,11.3618450505783
Kenya,KEN,1996,8.86408741577522
Kenya,KEN,1995,1.55432816055009
Kenya,KEN,1994,28.8143894306731
Kenya,KEN,1993,45.9788813036218
Kenya,KEN,1992,27.3323644475784
Kenya,KEN,1991,20.0844955754632
Kenya,KEN,1990,17.78181442992
Kenya,KEN,1989,13.7893172763883
Kenya,KEN,1988,12.2649630481582
Kenya,KEN,1987,8.63767318980084
Kenya,KEN,1986,2.53427598892888
Kenya,KEN,1985,13.0065664218827
Kenya,KEN,1984,10.284098213138
Kenya,KEN,1983,11.3977827368523
Kenya,KEN,1982,20.6667146662827
Kenya,KEN,1981,11.6030534351142
Kenya,KEN,1980,13.8581814562484
Kenya,KEN,1979,7.97935261848786
Kenya,KEN,1978,16.9317824582842
Kenya,KEN,1977,14.8209644818935
Kenya,KEN,1976,11.4490304932756
Kenya,KEN,1975,19.1201840136051
Kenya,KEN,1974,17.8099480331818
Kenya,KEN,1973,9.28119422332106
Kenya,KEN,1972,5.83164474311005
Kenya,KEN,1971,3.78020612544907
Kenya,KEN,1970,2.18852703907439
Kenya,KEN,1969,-0.17150100656233
Kenya,KEN,1968,0.366711570051019
Kenya,KEN,1967,1.75919579598299
Kenya,KEN,1966,5.01439539323414
Kenya,KEN,1965,3.57852882806742
Kenya,KEN,1964,-0.0993048669314341
Kenya,KEN,1963,0.697674418604589
Kenya,KEN,1962,3.11750599520378
Kenya,KEN,1961,2.45700245700254
Kenya,KEN,1960,1.24378109452731
Kiribati,KIR,2025,
Kiribati,KIR,2024,2.45545072159028
Kiribati,KIR,2023,9.28307374517721
Kiribati,KIR,2022,5.34595440908904
Kiribati,KIR,2021,2.05361676773907
Kiribati,KIR,2020,2.5532455441463
Kiribati,KIR,2019,-1.81307995302947
Kiribati,KIR,2018,0.564030491493476
Kiribati,KIR,2017,0.355520888546828
Kiribati,KIR,2016,1.91731090233378
Kiribati,KIR,2015,0.572015743634256
Kiribati,KIR,2014,2.10398520925043
Kiribati,KIR,2013,-1.488059084681
Kiribati,KIR,2012,-3.04586292775571
Kiribati,KIR,2011,1.4974097987597
Kiribati,KIR,2010,-3.89955040651649
Kiribati,KIR,2009,9.81643884508657
Kiribati,KIR,2008,13.6653995252441
Kiribati,KIR,2007,3.59252131266417
Kiribati,KIR,2006,
Kiribati,KIR,2005,
Kiribati,KIR,2004,
Kiribati,KIR,2003,
Kiribati,KIR,2002,
Kiribati,KIR,2001,
Kiribati,KIR,2000,
Kiribati,KIR,1999,
Kiribati,KIR,1998,
Kiribati,KIR,1997,
Kiribati,KIR,1996,
Kiribati,KIR,1995,
Kiribati,KIR,1994,
Kiribati,KIR,1993,
Kiribati,KIR,1992,
Kiribati,KIR,1991,
Kiribati,KIR,1990,
Kiribati,KIR,1989,
Kiribati,KIR,1988,
Kiribati,KIR,1987,
Kiribati,KIR,1986,
Kiribati,KIR,1985,
Kiribati,KIR,1984,
Kiribati,KIR,1983,
Kiribati,KIR,1982,
Kiribati,KIR,1981,
Kiribati,KIR,1980,
Kiribati,KIR,1979,
Kiribati,KIR,1978,
Kiribati,KIR,1977,
Kiribati,KIR,1976,
Kiribati,KIR,1975,
Kiribati,KIR,1974,
Kiribati,KIR,1973,
Kiribati,KIR,1972,
Kiribati,KIR,1971,
Kiribati,KIR,1970,
Kiribati,KIR,1969,
Kiribati,KIR,1968,
Kiribati,KIR,1967,
Kiribati,KIR,1966,
Kiribati,KIR,1965,
Kiribati,KIR,1964,
Kiribati,KIR,1963,
Kiribati,KIR,1962,
Kiribati,KIR,1961,
Kiribati,KIR,1960,
"Korea, Dem. People's Rep.",PRK,2025,
"Korea, Dem. People's Rep.",PRK,2024,
"Korea, Dem. People's Rep.",PRK,2023,
"Korea, Dem. People's Rep.",PRK,2022,
"Korea, Dem. People's Rep.",PRK,2021,
"Korea, Dem. People's Rep.",PRK,2020,
"Korea, Dem. People's Rep.",PRK,2019,
"Korea, Dem. People's Rep.",PRK,2018,
"Korea, Dem. People's Rep.",PRK,2017,
"Korea, Dem. People's Rep.",PRK,2016,
"Korea, Dem. People's Rep.",PRK,2015,
"Korea, Dem. People's Rep.",PRK,2014,
"Korea, Dem. People's Rep.",PRK,2013,
"Korea, Dem. People's Rep.",PRK,2012,
"Korea, Dem. People's Rep.",PRK,2011,
"Korea, Dem. People's Rep.",PRK,2010,
"Korea, Dem. People's Rep.",PRK,2009,
"Korea, Dem. People's Rep.",PRK,2008,
"Korea, Dem. People's Rep.",PRK,2007,
"Korea, Dem. People's Rep.",PRK,2006,
"Korea, Dem. People's Rep.",PRK,2005,
"Korea, Dem. People's Rep.",PRK,2004,
"Korea, Dem. People's Rep.",PRK,2003,
"Korea, Dem. People's Rep.",PRK,2002,
"Korea, Dem. People's Rep.",PRK,2001,
"Korea, Dem. People's Rep.",PRK,2000,
"Korea, Dem. People's Rep.",PRK,1999,
"Korea, Dem. People's Rep.",PRK,1998,
"Korea, Dem. People's Rep.",PRK,1997,
"Korea, Dem. People's Rep.",PRK,1996,
"Korea, Dem. People's Rep.",PRK,1995,
"Korea, Dem. People's Rep.",PRK,1994,
"Korea, Dem. People's Rep.",PRK,1993,
"Korea, Dem. People's Rep.",PRK,1992,
"Korea, Dem. People's Rep.",PRK,1991,
"Korea, Dem. People's Rep.",PRK,1990,
"Korea, Dem. People's Rep.",PRK,1989,
"Korea, Dem. People's Rep.",PRK,1988,
"Korea, Dem. People's Rep.",PRK,1987,
"Korea, Dem. People's Rep.",PRK,1986,
"Korea, Dem. People's Rep.",PRK,1985,
"Korea, Dem. People's Rep.",PRK,1984,
"Korea, Dem. People's Rep.",PRK,1983,
"Korea, Dem. People's Rep.",PRK,1982,
"Korea, Dem. People's Rep.",PRK,1981,
"Korea, Dem. People's Rep.",PRK,1980,
"Korea, Dem. People's Rep.",PRK,1979,
"Korea, Dem. People's Rep.",PRK,1978,
"Korea, Dem. People's Rep.",PRK,1977,
"Korea, Dem. People's Rep.",PRK,1976,
"Korea, Dem. People's Rep.",PRK,1975,
"Korea, Dem. People's Rep.",PRK,1974,
"Korea, Dem. People's Rep.",PRK,1973,
"Korea, Dem. People's Rep.",PRK,1972,
"Korea, Dem. People's Rep.",PRK,1971,
"Korea, Dem. People's Rep.",PRK,1970,
"Korea, Dem. People's Rep.",PRK,1969,
"Korea, Dem. People's Rep.",PRK,1968,
"Korea, Dem. People's Rep.",PRK,1967,
"Korea, Dem. People's Rep.",PRK,1966,
"Korea, Dem. People's Rep.",PRK,1965,
"Korea, Dem. People's Rep.",PRK,1964,
"Korea, Dem. People's Rep.",PRK,1963,
"Korea, Dem. People's Rep.",PRK,1962,
"Korea, Dem. People's Rep.",PRK,1961,
"Korea, Dem. People's Rep.",PRK,1960,
"Korea, Rep.",KOR,2025,
"Korea, Rep.",KOR,2024,2.32174328643542
"Korea, Rep.",KOR,2023,3.5974562502901
"Korea, Rep.",KOR,2022,5.08951365062842
"Korea, Rep.",KOR,2021,2.49833333333339
"Korea, Rep.",KOR,2020,0.537288023411737
"Korea, Rep.",KOR,2019,0.383000303608136
"Korea, Rep.",KOR,2018,1.47583935002645
"Korea, Rep.",KOR,2017,1.94433230786366
"Korea, Rep.",KOR,2016,0.971685739912168
"Korea, Rep.",KOR,2015,0.70633177245575
"Korea, Rep.",KOR,2014,1.27477446401322
"Korea, Rep.",KOR,2013,1.30134754547413
"Korea, Rep.",KOR,2012,2.18707104433314
"Korea, Rep.",KOR,2011,4.0259650043609
"Korea, Rep.",KOR,2010,2.93928652655686
"Korea, Rep.",KOR,2009,2.7564965449393
"Korea, Rep.",KOR,2008,4.67389655533408
"Korea, Rep.",KOR,2007,2.53457382137932
"Korea, Rep.",KOR,2006,2.24234028518921
"Korea, Rep.",KOR,2005,2.75379162735039
"Korea, Rep.",KOR,2004,3.59066298882578
"Korea, Rep.",KOR,2003,3.51487451459939
"Korea, Rep.",KOR,2002,2.76226210296599
"Korea, Rep.",KOR,2001,4.06657587897792
"Korea, Rep.",KOR,2000,2.25916580080157
"Korea, Rep.",KOR,1999,0.81295725444637
"Korea, Rep.",KOR,1998,7.51358008079307
"Korea, Rep.",KOR,1997,4.4389318457463
"Korea, Rep.",KOR,1996,4.92454354292754
"Korea, Rep.",KOR,1995,4.48074108557248
"Korea, Rep.",KOR,1994,6.26585950039679
"Korea, Rep.",KOR,1993,4.80099660215354
"Korea, Rep.",KOR,1992,6.21328146355184
"Korea, Rep.",KOR,1991,9.33279048161495
"Korea, Rep.",KOR,1990,8.57327225728677
"Korea, Rep.",KOR,1989,5.70016544561401
"Korea, Rep.",KOR,1988,7.14609773721605
"Korea, Rep.",KOR,1987,3.04966077087423
"Korea, Rep.",KOR,1986,2.74998096063358
"Korea, Rep.",KOR,1985,2.45910879215274
"Korea, Rep.",KOR,1984,2.27395640001863
"Korea, Rep.",KOR,1983,3.42061419498921
"Korea, Rep.",KOR,1982,7.1908466400687
"Korea, Rep.",KOR,1981,21.351640254
"Korea, Rep.",KOR,1980,28.6976086362017
"Korea, Rep.",KOR,1979,18.3234963421791
"Korea, Rep.",KOR,1978,14.4602850195024
"Korea, Rep.",KOR,1977,10.0966653313387
"Korea, Rep.",KOR,1976,15.3273205213194
"Korea, Rep.",KOR,1975,25.2492564056733
"Korea, Rep.",KOR,1974,24.3041995402397
"Korea, Rep.",KOR,1973,3.22102904692326
"Korea, Rep.",KOR,1972,11.6889866806845
"Korea, Rep.",KOR,1971,13.5117023313079
"Korea, Rep.",KOR,1970,15.9503423646945
"Korea, Rep.",KOR,1969,12.3895647111187
"Korea, Rep.",KOR,1968,10.7718213969351
"Korea, Rep.",KOR,1967,10.8824400571964
"Korea, Rep.",KOR,1966,11.261384877581
"Korea, Rep.",KOR,1965,13.5481947104654
"Korea, Rep.",KOR,1964,29.4628314500798
"Korea, Rep.",KOR,1963,20.6916473186476
"Korea, Rep.",KOR,1962,6.61831097492391
"Korea, Rep.",KOR,1961,8.19565288254092
"Korea, Rep.",KOR,1960,7.96556575482592
Kosovo,XKX,2025,
Kosovo,XKX,2024,1.61944994559476
Kosovo,XKX,2023,4.94432438791283
Kosovo,XKX,2022,11.5805104542012
Kosovo,XKX,2021,3.35369139207997
Kosovo,XKX,2020,0.198227922994854
Kosovo,XKX,2019,2.67599202639893
Kosovo,XKX,2018,1.05379773654991
Kosovo,XKX,2017,1.48823430592319
Kosovo,XKX,2016,0.273169431045468
Kosovo,XKX,2015,-0.536929392740659
Kosovo,XKX,2014,0.428957808324092
Kosovo,XKX,2013,1.76732428354892
Kosovo,XKX,2012,2.47673782156533
Kosovo,XKX,2011,7.3364177131527
Kosovo,XKX,2010,3.48050763735842
Kosovo,XKX,2009,-2.41026401661229
Kosovo,XKX,2008,9.35041764658178
Kosovo,XKX,2007,4.35849695328369
Kosovo,XKX,2006,0.621646938601728
Kosovo,XKX,2005,-1.38518913159299
Kosovo,XKX,2004,-1.06472696605525
Kosovo,XKX,2003,-1.08481262327414
Kosovo,XKX,2002,
Kosovo,XKX,2001,
Kosovo,XKX,2000,
Kosovo,XKX,1999,
Kosovo,XKX,1998,
Kosovo,XKX,1997,
Kosovo,XKX,1996,
Kosovo,XKX,1995,
Kosovo,XKX,1994,
Kosovo,XKX,1993,
Kosovo,XKX,1992,
Kosovo,XKX,1991,
Kosovo,XKX,1990,
Kosovo,XKX,1989,
Kosovo,XKX,1988,
Kosovo,XKX,1987,
Kosovo,XKX,1986,
Kosovo,XKX,1985,
Kosovo,XKX,1984,
Kosovo,XKX,1983,
Kosovo,XKX,1982,
Kosovo,XKX,1981,
Kosovo,XKX,1980,
Kosovo,XKX,1979,
Kosovo,XKX,1978,
Kosovo,XKX,1977,
Kosovo,XKX,1976,
Kosovo,XKX,1975,
Kosovo,XKX,1974,
Kosovo,XKX,1973,
Kosovo,XKX,1972,
Kosovo,XKX,1971,
Kosovo,XKX,1970,
Kosovo,XKX,1969,
Kosovo,XKX,1968,
Kosovo,XKX,1967,
Kosovo,XKX,1966,
Kosovo,XKX,1965,
Kosovo,XKX,1964,
Kosovo,XKX,1963,
Kosovo,XKX,1962,
Kosovo,XKX,1961,
Kosovo,XKX,1960,
Kuwait,KWT,2025,
Kuwait,KWT,2024,2.89855072463762
Kuwait,KWT,2023,3.64216403030709
Kuwait,KWT,2022,3.98064961990313
Kuwait,KWT,2021,3.42362947609188
Kuwait,KWT,2020,2.101729548274
Kuwait,KWT,2019,1.09184802655856
Kuwait,KWT,2018,0.543133148199567
Kuwait,KWT,2017,2.17183298510006
Kuwait,KWT,2016,3.19839776658374
Kuwait,KWT,2015,3.27170166092133
Kuwait,KWT,2014,2.90892672858625
Kuwait,KWT,2013,2.68229684085039
Kuwait,KWT,2012,3.25514600287211
Kuwait,KWT,2011,4.8394034987095
Kuwait,KWT,2010,4.49640287769787
Kuwait,KWT,2009,4.60959548447787
Kuwait,KWT,2008,10.5827097865144
Kuwait,KWT,2007,5.48494983277596
Kuwait,KWT,2006,3.05701339166722
Kuwait,KWT,2005,4.14297583631023
Kuwait,KWT,2004,1.24856443679889
Kuwait,KWT,2003,0.961350293542112
Kuwait,KWT,2002,0.888450148074907
Kuwait,KWT,2001,1.29999999999999
Kuwait,KWT,2000,1.81294613887089
Kuwait,KWT,1999,2.99081035923166
Kuwait,KWT,1998,0.129658287674027
Kuwait,KWT,1997,0.682191434707604
Kuwait,KWT,1996,3.55398569684287
Kuwait,KWT,1995,2.68672756582484
Kuwait,KWT,1994,2.53443526170792
Kuwait,KWT,1993,0.382541365165916
Kuwait,KWT,1992,-0.54547121378821
Kuwait,KWT,1991,9.05818836232758
Kuwait,KWT,1990,9.83363531543402
Kuwait,KWT,1989,3.34203359055792
Kuwait,KWT,1988,1.46813288041913
Kuwait,KWT,1987,0.654844691701656
Kuwait,KWT,1986,0.953606740192038
Kuwait,KWT,1985,1.49032181427877
Kuwait,KWT,1984,1.17746005046669
Kuwait,KWT,1983,4.71816809275156
Kuwait,KWT,1982,7.77679842690853
Kuwait,KWT,1981,7.37478159583807
Kuwait,KWT,1980,6.92822668563188
Kuwait,KWT,1979,7.04999999925009
Kuwait,KWT,1978,8.6897451227484
Kuwait,KWT,1977,9.88951925933102
Kuwait,KWT,1976,5.23504273532376
Kuwait,KWT,1975,8.39237057218445
Kuwait,KWT,1974,12.9926108375187
Kuwait,KWT,1973,8.26666666600006
Kuwait,KWT,1972,
Kuwait,KWT,1971,
Kuwait,KWT,1970,
Kuwait,KWT,1969,
Kuwait,KWT,1968,
Kuwait,KWT,1967,
Kuwait,KWT,1966,
Kuwait,KWT,1965,
Kuwait,KWT,1964,
Kuwait,KWT,1963,
Kuwait,KWT,1962,
Kuwait,KWT,1961,
Kuwait,KWT,1960,
Kyrgyz Republic,KGZ,2025,
Kyrgyz Republic,KGZ,2024,4.99760701207323
Kyrgyz Republic,KGZ,2023,10.7532770416742
Kyrgyz Republic,KGZ,2022,13.9229093174176
Kyrgyz Republic,KGZ,2021,11.9050398185147
Kyrgyz Republic,KGZ,2020,6.32542296338078
Kyrgyz Republic,KGZ,2019,1.13362257718804
Kyrgyz Republic,KGZ,2018,1.54266145238436
Kyrgyz Republic,KGZ,2017,3.1753098637994
Kyrgyz Republic,KGZ,2016,0.388838296895799
Kyrgyz Republic,KGZ,2015,6.50331838993384
Kyrgyz Republic,KGZ,2014,7.5342472977589
Kyrgyz Republic,KGZ,2013,6.61375202358082
Kyrgyz Republic,KGZ,2012,2.76844236540957
Kyrgyz Republic,KGZ,2011,16.6363262731495
Kyrgyz Republic,KGZ,2010,7.96772225579684
Kyrgyz Republic,KGZ,2009,6.83656248105368
Kyrgyz Republic,KGZ,2008,24.5201024234102
Kyrgyz Republic,KGZ,2007,10.2301032660484
Kyrgyz Republic,KGZ,2006,5.55212333162542
Kyrgyz Republic,KGZ,2005,4.3386739184431
Kyrgyz Republic,KGZ,2004,4.11065084723381
Kyrgyz Republic,KGZ,2003,2.97461295184355
Kyrgyz Republic,KGZ,2002,2.13420986310243
Kyrgyz Republic,KGZ,2001,6.9196798942304
Kyrgyz Republic,KGZ,2000,18.7007342838023
Kyrgyz Republic,KGZ,1999,37.0309258369344
Kyrgyz Republic,KGZ,1998,10.4573825846721
Kyrgyz Republic,KGZ,1997,23.4354278497005
Kyrgyz Republic,KGZ,1996,31.9473377218567
Kyrgyz Republic,KGZ,1995,
Kyrgyz Republic,KGZ,1994,
Kyrgyz Republic,KGZ,1993,
Kyrgyz Republic,KGZ,1992,
Kyrgyz Republic,KGZ,1991,
Kyrgyz Republic,KGZ,1990,
Kyrgyz Republic,KGZ,1989,
Kyrgyz Republic,KGZ,1988,
Kyrgyz Republic,KGZ,1987,
Kyrgyz Republic,KGZ,1986,
Kyrgyz Republic,KGZ,1985,
Kyrgyz Republic,KGZ,1984,
Kyrgyz Republic,KGZ,1983,
Kyrgyz Republic,KGZ,1982,
Kyrgyz Republic,KGZ,1981,
Kyrgyz Republic,KGZ,1980,
Kyrgyz Republic,KGZ,1979,
Kyrgyz Republic,KGZ,1978,
Kyrgyz Republic,KGZ,1977,
Kyrgyz Republic,KGZ,1976,
Kyrgyz Republic,KGZ,1975,
Kyrgyz Republic,KGZ,1974,
Kyrgyz Republic,KGZ,1973,
Kyrgyz Republic,KGZ,1972,
Kyrgyz Republic,KGZ,1971,
Kyrgyz Republic,KGZ,1970,
Kyrgyz Republic,KGZ,1969,
Kyrgyz Republic,KGZ,1968,
Kyrgyz Republic,KGZ,1967,
Kyrgyz Republic,KGZ,1966,
Kyrgyz Republic,KGZ,1965,
Kyrgyz Republic,KGZ,1964,
Kyrgyz Republic,KGZ,1963,
Kyrgyz Republic,KGZ,1962,
Kyrgyz Republic,KGZ,1961,
Kyrgyz Republic,KGZ,1960,
Lao PDR,LAO,2025,
Lao PDR,LAO,2024,23.1305695942588
Lao PDR,LAO,2023,31.2301341732646
Lao PDR,LAO,2022,22.9562225132056
Lao PDR,LAO,2021,3.75562036658877
Lao PDR,LAO,2020,5.10407262959919
Lao PDR,LAO,2019,3.32255881256925
Lao PDR,LAO,2018,2.04039266890201
Lao PDR,LAO,2017,0.825478607568026
Lao PDR,LAO,2016,1.59691227583204
Lao PDR,LAO,2015,1.27735427102992
Lao PDR,LAO,2014,4.12924306873771
Lao PDR,LAO,2013,6.37142717782947
Lao PDR,LAO,2012,4.2551267783209
Lao PDR,LAO,2011,7.5689885610998
Lao PDR,LAO,2010,5.98254521550082
Lao PDR,LAO,2009,0.141187674980385
Lao PDR,LAO,2008,7.62880887577516
Lao PDR,LAO,2007,4.66197269469701
Lao PDR,LAO,2006,6.54559439052787
Lao PDR,LAO,2005,7.16541759946639
Lao PDR,LAO,2004,10.4622667314208
Lao PDR,LAO,2003,15.4893529233525
Lao PDR,LAO,2002,10.6313446323333
Lao PDR,LAO,2001,7.81180794783471
Lao PDR,LAO,2000,25.0846414281315
Lao PDR,LAO,1999,125.27212839928
Lao PDR,LAO,1998,90.9807345622878
Lao PDR,LAO,1997,27.5088624491449
Lao PDR,LAO,1996,13.0244156963462
Lao PDR,LAO,1995,19.5939189878584
Lao PDR,LAO,1994,6.7844807862023
Lao PDR,LAO,1993,6.26722241519029
Lao PDR,LAO,1992,9.86452966991032
Lao PDR,LAO,1991,13.4415584415586
Lao PDR,LAO,1990,35.642982971227
Lao PDR,LAO,1989,61.3325965106187
Lao PDR,LAO,1988,
Lao PDR,LAO,1987,
Lao PDR,LAO,1986,
Lao PDR,LAO,1985,
Lao PDR,LAO,1984,
Lao PDR,LAO,1983,
Lao PDR,LAO,1982,
Lao PDR,LAO,1981,
Lao PDR,LAO,1980,
Lao PDR,LAO,1979,
Lao PDR,LAO,1978,
Lao PDR,LAO,1977,
Lao PDR,LAO,1976,
Lao PDR,LAO,1975,
Lao PDR,LAO,1974,
Lao PDR,LAO,1973,
Lao PDR,LAO,1972,
Lao PDR,LAO,1971,
Lao PDR,LAO,1970,
Lao PDR,LAO,1969,
Lao PDR,LAO,1968,
Lao PDR,LAO,1967,
Lao PDR,LAO,1966,
Lao PDR,LAO,1965,
Lao PDR,LAO,1964,
Lao PDR,LAO,1963,
Lao PDR,LAO,1962,
Lao PDR,LAO,1961,
Lao PDR,LAO,1960,
Latvia,LVA,2025,
Latvia,LVA,2024,1.26579885828729
Latvia,LVA,2023,8.9380462331663
Latvia,LVA,2022,17.3102830198815
Latvia,LVA,2021,3.27582937431165
Latvia,LVA,2020,0.219064904841985
Latvia,LVA,2019,2.81140920075624
Latvia,LVA,2018,2.53445424186598
Latvia,LVA,2017,2.93036312374665
Latvia,LVA,2016,0.140633334505327
Latvia,LVA,2015,0.174242243625186
Latvia,LVA,2014,0.620490636732421
Latvia,LVA,2013,-0.029454778257828
Latvia,LVA,2012,2.25778924374585
Latvia,LVA,2011,4.37073559939223
Latvia,LVA,2010,-1.08463595015155
Latvia,LVA,2009,3.53410672858934
Latvia,LVA,2008,15.4023191064986
Latvia,LVA,2007,10.0929775849169
Latvia,LVA,2006,6.53619908765872
Latvia,LVA,2005,6.74845027893124
Latvia,LVA,2004,6.19238547197429
Latvia,LVA,2003,2.94264752948478
Latvia,LVA,2002,1.93887573855886
Latvia,LVA,2001,2.48704003555464
Latvia,LVA,2000,2.65425477796048
Latvia,LVA,1999,2.36481836111805
Latvia,LVA,1998,4.64421422660783
Latvia,LVA,1997,8.44738342092961
Latvia,LVA,1996,17.6104698431033
Latvia,LVA,1995,24.9759355316749
Latvia,LVA,1994,35.9247053929643
Latvia,LVA,1993,108.989540624323
Latvia,LVA,1992,951.696194870801
Latvia,LVA,1991,
Latvia,LVA,1990,
Latvia,LVA,1989,
Latvia,LVA,1988,
Latvia,LVA,1987,
Latvia,LVA,1986,
Latvia,LVA,1985,
Latvia,LVA,1984,
Latvia,LVA,1983,
Latvia,LVA,1982,
Latvia,LVA,1981,
Latvia,LVA,1980,
Latvia,LVA,1979,
Latvia,LVA,1978,
Latvia,LVA,1977,
Latvia,LVA,1976,
Latvia,LVA,1975,
Latvia,LVA,1974,
Latvia,LVA,1973,
Latvia,LVA,1972,
Latvia,LVA,1971,
Latvia,LVA,1970,
Latvia,LVA,1969,
Latvia,LVA,1968,
Latvia,LVA,1967,
Latvia,LVA,1966,
Latvia,LVA,1965,
Latvia,LVA,1964,
Latvia,LVA,1963,
Latvia,LVA,1962,
Latvia,LVA,1961,
Latvia,LVA,1960,
Lebanon,LBN,2025,
Lebanon,LBN,2024,45.2430422716718
Lebanon,LBN,2023,221.341644023365
Lebanon,LBN,2022,171.205491336641
Lebanon,LBN,2021,154.756096023393
Lebanon,LBN,2020,84.8643330472041
Lebanon,LBN,2019,3.00538949390383
Lebanon,LBN,2018,6.07698907889607
Lebanon,LBN,2017,4.32135218303191
Lebanon,LBN,2016,-0.783359624361508
Lebanon,LBN,2015,-3.74914524799629
Lebanon,LBN,2014,1.8546042134091
Lebanon,LBN,2013,4.82101956297399
Lebanon,LBN,2012,6.58147447683677
Lebanon,LBN,2011,4.97148571692384
Lebanon,LBN,2010,3.98347941855833
Lebanon,LBN,2009,1.19509671165543
Lebanon,LBN,2008,
Lebanon,LBN,2007,
Lebanon,LBN,2006,
Lebanon,LBN,2005,
Lebanon,LBN,2004,
Lebanon,LBN,2003,
Lebanon,LBN,2002,
Lebanon,LBN,2001,
Lebanon,LBN,2000,
Lebanon,LBN,1999,
Lebanon,LBN,1998,
Lebanon,LBN,1997,
Lebanon,LBN,1996,
Lebanon,LBN,1995,
Lebanon,LBN,1994,
Lebanon,LBN,1993,
Lebanon,LBN,1992,
Lebanon,LBN,1991,
Lebanon,LBN,1990,
Lebanon,LBN,1989,
Lebanon,LBN,1988,
Lebanon,LBN,1987,
Lebanon,LBN,1986,
Lebanon,LBN,1985,
Lebanon,LBN,1984,
Lebanon,LBN,1983,
Lebanon,LBN,1982,
Lebanon,LBN,1981,
Lebanon,LBN,1980,
Lebanon,LBN,1979,
Lebanon,LBN,1978,
Lebanon,LBN,1977,
Lebanon,LBN,1976,
Lebanon,LBN,1975,
Lebanon,LBN,1974,
Lebanon,LBN,1973,
Lebanon,LBN,1972,
Lebanon,LBN,1971,
Lebanon,LBN,1970,
Lebanon,LBN,1969,
Lebanon,LBN,1968,
Lebanon,LBN,1967,
Lebanon,LBN,1966,
Lebanon,LBN,1965,
Lebanon,LBN,1964,
Lebanon,LBN,1963,
Lebanon,LBN,1962,
Lebanon,LBN,1961,
Lebanon,LBN,1960,
Lesotho,LSO,2025,
Lesotho,LSO,2024,6.10544624245032
Lesotho,LSO,2023,6.34221743124953
Lesotho,LSO,2022,8.27180389943028
Lesotho,LSO,2021,6.04774591950676
Lesotho,LSO,2020,4.97809676252309
Lesotho,LSO,2019,5.18708359197982
Lesotho,LSO,2018,4.7518030162474
Lesotho,LSO,2017,4.447699373763
Lesotho,LSO,2016,6.59650490696543
Lesotho,LSO,2015,3.21844513655931
Lesotho,LSO,2014,5.37028961008587
Lesotho,LSO,2013,4.86511899496385
Lesotho,LSO,2012,6.05143662139967
Lesotho,LSO,2011,5.0366305210156
Lesotho,LSO,2010,-2.40524254598706
Lesotho,LSO,2009,-16.8596910540644
Lesotho,LSO,2008,10.7156661309681
Lesotho,LSO,2007,8.01243669043409
Lesotho,LSO,2006,6.07271879734293
Lesotho,LSO,2005,3.43788423057443
Lesotho,LSO,2004,5.02342068616285
Lesotho,LSO,2003,6.62916357146762
Lesotho,LSO,2002,33.812578338126
Lesotho,LSO,2001,-9.61615353858472
Lesotho,LSO,2000,6.13197538722696
Lesotho,LSO,1999,
Lesotho,LSO,1998,
Lesotho,LSO,1997,
Lesotho,LSO,1996,9.33031458531928
Lesotho,LSO,1995,9.27083333333323
Lesotho,LSO,1994,8.21473862195302
Lesotho,LSO,1993,13.1356607683724
Lesotho,LSO,1992,17.2085201793721
Lesotho,LSO,1991,17.6781002638523
Lesotho,LSO,1990,11.6347569955818
Lesotho,LSO,1989,14.7282455646297
Lesotho,LSO,1988,11.4563716258632
Lesotho,LSO,1987,11.750263065591
Lesotho,LSO,1986,18.0049668874172
Lesotho,LSO,1985,13.3208255159471
Lesotho,LSO,1984,10.9838625715774
Lesotho,LSO,1983,17.4923547400614
Lesotho,LSO,1982,12.1399176954734
Lesotho,LSO,1981,12.413261372398
Lesotho,LSO,1980,16.2748416182533
Lesotho,LSO,1979,16.0035523977478
Lesotho,LSO,1978,13.4835790118489
Lesotho,LSO,1977,16.6883116885552
Lesotho,LSO,1976,11.4125519984136
Lesotho,LSO,1975,14.2119396819426
Lesotho,LSO,1974,13.4228345165924
Lesotho,LSO,1973,
Lesotho,LSO,1972,
Lesotho,LSO,1971,
Lesotho,LSO,1970,
Lesotho,LSO,1969,
Lesotho,LSO,1968,
Lesotho,LSO,1967,
Lesotho,LSO,1966,
Lesotho,LSO,1965,
Lesotho,LSO,1964,
Lesotho,LSO,1963,
Lesotho,LSO,1962,
Lesotho,LSO,1961,
Lesotho,LSO,1960,
Liberia,LBR,2025,
Liberia,LBR,2024,8.21497439118964
Liberia,LBR,2023,10.0944535665552
Liberia,LBR,2022,7.59298486560313
Liberia,LBR,2021,7.81559385858648
Liberia,LBR,2020,16.9557241496255
Liberia,LBR,2019,26.9662760197878
Liberia,LBR,2018,23.5635148953742
Liberia,LBR,2017,12.4196323907138
Liberia,LBR,2016,8.83424868336488
Liberia,LBR,2015,7.74869687621322
Liberia,LBR,2014,9.86111285574904
Liberia,LBR,2013,7.577306817414
Liberia,LBR,2012,6.83178703418548
Liberia,LBR,2011,8.488167518494
Liberia,LBR,2010,7.28992796890218
Liberia,LBR,2009,7.42764305914919
Liberia,LBR,2008,17.489448642993
Liberia,LBR,2007,11.3918966807102
Liberia,LBR,2006,7.34144608278558
Liberia,LBR,2005,10.8343588481414
Liberia,LBR,2004,7.82908704883235
Liberia,LBR,2003,10.3302881236823
Liberia,LBR,2002,14.1596470116325
Liberia,LBR,2001,
Liberia,LBR,2000,
Liberia,LBR,1999,
Liberia,LBR,1998,
Liberia,LBR,1997,
Liberia,LBR,1996,
Liberia,LBR,1995,
Liberia,LBR,1994,
Liberia,LBR,1993,
Liberia,LBR,1992,
Liberia,LBR,1991,
Liberia,LBR,1990,
Liberia,LBR,1989,
Liberia,LBR,1988,
Liberia,LBR,1987,
Liberia,LBR,1986,
Liberia,LBR,1985,
Liberia,LBR,1984,
Liberia,LBR,1983,
Liberia,LBR,1982,
Liberia,LBR,1981,
Liberia,LBR,1980,
Liberia,LBR,1979,
Liberia,LBR,1978,
Liberia,LBR,1977,
Liberia,LBR,1976,
Liberia,LBR,1975,
Liberia,LBR,1974,
Liberia,LBR,1973,
Liberia,LBR,1972,
Liberia,LBR,1971,
Liberia,LBR,1970,
Liberia,LBR,1969,
Liberia,LBR,1968,
Liberia,LBR,1967,
Liberia,LBR,1966,
Liberia,LBR,1965,
Liberia,LBR,1964,
Liberia,LBR,1963,
Liberia,LBR,1962,
Liberia,LBR,1961,
Liberia,LBR,1960,
Libya,LBY,2025,
Libya,LBY,2024,2.12615766885025
Libya,LBY,2023,2.37317531435169
Libya,LBY,2022,4.51030149235703
Libya,LBY,2021,2.86833027751019
Libya,LBY,2020,1.44703656998741
Libya,LBY,2019,-2.16217883470595
Libya,LBY,2018,13.1702038536721
Libya,LBY,2017,25.8036184788338
Libya,LBY,2016,25.8538742124461
Libya,LBY,2015,10.4022933588151
Libya,LBY,2014,2.43294141599225
Libya,LBY,2013,2.60581802719517
Libya,LBY,2012,6.05980392156864
Libya,LBY,2011,15.5184815317561
Libya,LBY,2010,2.79989500109268
Libya,LBY,2009,2.45990025609948
Libya,LBY,2008,10.3607288954998
Libya,LBY,2007,6.25098782993553
Libya,LBY,2006,1.45926876202724
Libya,LBY,2005,2.65020576131657
Libya,LBY,2004,-2.197567740559
Libya,LBY,2003,-2.19115191986644
Libya,LBY,2002,-9.79764705882357
Libya,LBY,2001,-8.81393752145546
Libya,LBY,2000,-2.90000000000024
Libya,LBY,1999,2.64862252295818
Libya,LBY,1998,3.70927318295739
Libya,LBY,1997,3.55029585798821
Libya,LBY,1996,4.02807775377963
Libya,LBY,1995,7.23798494499129
Libya,LBY,1994,5.11259890444314
Libya,LBY,1993,11.0735532720389
Libya,LBY,1992,9.35975158953135
Libya,LBY,1991,11.8960953011251
Libya,LBY,1990,8.45146240803882
Libya,LBY,1989,1.51183970856093
Libya,LBY,1988,6.08695652173909
Libya,LBY,1987,4.35571687840289
Libya,LBY,1986,3.29098104561558
Libya,LBY,1985,9.13844055467156
Libya,LBY,1984,12.4776272053182
Libya,LBY,1983,10.6052036199096
Libya,LBY,1982,10.2588088556284
Libya,LBY,1981,11.1997226074894
Libya,LBY,1980,9.73428879471392
Libya,LBY,1979,-6.03902875017094
Libya,LBY,1978,29.3797941641698
Libya,LBY,1977,6.28021302750907
Libya,LBY,1976,5.47921527968846
Libya,LBY,1975,9.11920030145642
Libya,LBY,1974,7.45845156082894
Libya,LBY,1973,7.970895563186
Libya,LBY,1972,-0.251023192089008
Libya,LBY,1971,-3.10384940810851
Libya,LBY,1970,-5.29637142204704
Libya,LBY,1969,9.78597055547384
Libya,LBY,1968,0.391231447309205
Libya,LBY,1967,7.29610874230891
Libya,LBY,1966,12.2429137683409
Libya,LBY,1965,11.4249999996678
Libya,LBY,1964,
Libya,LBY,1963,
Libya,LBY,1962,
Libya,LBY,1961,
Libya,LBY,1960,
Liechtenstein,LIE,2025,
Liechtenstein,LIE,2024,
Liechtenstein,LIE,2023,
Liechtenstein,LIE,2022,
Liechtenstein,LIE,2021,
Liechtenstein,LIE,2020,
Liechtenstein,LIE,2019,
Liechtenstein,LIE,2018,
Liechtenstein,LIE,2017,
Liechtenstein,LIE,2016,
Liechtenstein,LIE,2015,
Liechtenstein,LIE,2014,
Liechtenstein,LIE,2013,
Liechtenstein,LIE,2012,
Liechtenstein,LIE,2011,
Liechtenstein,LIE,2010,
Liechtenstein,LIE,2009,
Liechtenstein,LIE,2008,
Liechtenstein,LIE,2007,
Liechtenstein,LIE,2006,
Liechtenstein,LIE,2005,
Liechtenstein,LIE,2004,
Liechtenstein,LIE,2003,
Liechtenstein,LIE,2002,
Liechtenstein,LIE,2001,
Liechtenstein,LIE,2000,
Liechtenstein,LIE,1999,
Liechtenstein,LIE,1998,
Liechtenstein,LIE,1997,
Liechtenstein,LIE,1996,
Liechtenstein,LIE,1995,
Liechtenstein,LIE,1994,
Liechtenstein,LIE,1993,
Liechtenstein,LIE,1992,
Liechtenstein,LIE,1991,
Liechtenstein,LIE,1990,
Liechtenstein,LIE,1989,
Liechtenstein,LIE,1988,
Liechtenstein,LIE,1987,
Liechtenstein,LIE,1986,
Liechtenstein,LIE,1985,
Liechtenstein,LIE,1984,
Liechtenstein,LIE,1983,
Liechtenstein,LIE,1982,
Liechtenstein,LIE,1981,
Liechtenstein,LIE,1980,
Liechtenstein,LIE,1979,
Liechtenstein,LIE,1978,
Liechtenstein,LIE,1977,
Liechtenstein,LIE,1976,
Liechtenstein,LIE,1975,
Liechtenstein,LIE,1974,
Liechtenstein,LIE,1973,
Liechtenstein,LIE,1972,
Liechtenstein,LIE,1971,
Liechtenstein,LIE,1970,
Liechtenstein,LIE,1969,
Liechtenstein,LIE,1968,
Liechtenstein,LIE,1967,
Liechtenstein,LIE,1966,
Liechtenstein,LIE,1965,
Liechtenstein,LIE,1964,
Liechtenstein,LIE,1963,
Liechtenstein,LIE,1962,
Liechtenstein,LIE,1961,
Liechtenstein,LIE,1960,
Lithuania,LTU,2025,
Lithuania,LTU,2024,0.715735835228723
Lithuania,LTU,2023,9.11731962390475
Lithuania,LTU,2022,19.7050461518394
Lithuania,LTU,2021,4.68354420903453
Lithuania,LTU,2020,1.19989444983569
Lithuania,LTU,2019,2.33450937988027
Lithuania,LTU,2018,2.69792779208394
Lithuania,LTU,2017,3.72288862303707
Lithuania,LTU,2016,0.905525075460342
Lithuania,LTU,2015,-0.884097405500596
Lithuania,LTU,2014,0.103758009433708
Lithuania,LTU,2013,1.04747937065344
Lithuania,LTU,2012,3.08998277055417
Lithuania,LTU,2011,4.13027562645085
Lithuania,LTU,2010,1.31921362055463
Lithuania,LTU,2009,4.45304456518535
Lithuania,LTU,2008,10.9258856241655
Lithuania,LTU,2007,5.73717382799842
Lithuania,LTU,2006,3.73912004060664
Lithuania,LTU,2005,2.65848484065262
Lithuania,LTU,2004,1.16410252104671
Lithuania,LTU,2003,-1.13430854990247
Lithuania,LTU,2002,0.281506610345575
Lithuania,LTU,2001,1.36712030817819
Lithuania,LTU,2000,0.981615478857598
Lithuania,LTU,1999,0.727550626557424
Lithuania,LTU,1998,5.06755385841968
Lithuania,LTU,1997,8.88104848465892
Lithuania,LTU,1996,24.62519538645
Lithuania,LTU,1995,39.6476290328289
Lithuania,LTU,1994,72.2546816164428
Lithuania,LTU,1993,410.451858561316
Lithuania,LTU,1992,1020.62056524354
Lithuania,LTU,1991,
Lithuania,LTU,1990,
Lithuania,LTU,1989,
Lithuania,LTU,1988,
Lithuania,LTU,1987,
Lithuania,LTU,1986,
Lithuania,LTU,1985,
Lithuania,LTU,1984,
Lithuania,LTU,1983,
Lithuania,LTU,1982,
Lithuania,LTU,1981,
Lithuania,LTU,1980,
Lithuania,LTU,1979,
Lithuania,LTU,1978,
Lithuania,LTU,1977,
Lithuania,LTU,1976,
Lithuania,LTU,1975,
Lithuania,LTU,1974,
Lithuania,LTU,1973,
Lithuania,LTU,1972,
Lithuania,LTU,1971,
Lithuania,LTU,1970,
Lithuania,LTU,1969,
Lithuania,LTU,1968,
Lithuania,LTU,1967,
Lithuania,LTU,1966,
Lithuania,LTU,1965,
Lithuania,LTU,1964,
Lithuania,LTU,1963,
Lithuania,LTU,1962,
Lithuania,LTU,1961,
Lithuania,LTU,1960,
Luxembourg,LUX,2025,
Luxembourg,LUX,2024,2.05113269954859
Luxembourg,LUX,2023,3.74140361983136
Luxembourg,LUX,2022,6.33600807777919
Luxembourg,LUX,2021,2.52692009066166
Luxembourg,LUX,2020,0.819957302127036
Luxembourg,LUX,2019,1.74332075653848
Luxembourg,LUX,2018,1.5281952430738
Luxembourg,LUX,2017,1.73079959118887
Luxembourg,LUX,2016,0.290833333333317
Luxembourg,LUX,2015,0.474743161437779
Luxembourg,LUX,2014,0.628543985440717
Luxembourg,LUX,2013,1.73403963519162
Luxembourg,LUX,2012,2.66284165508021
Luxembourg,LUX,2011,3.41068341068342
Luxembourg,LUX,2010,2.2736791162154
Luxembourg,LUX,2009,0.368041997888887
Luxembourg,LUX,2008,3.40187963025571
Luxembourg,LUX,2007,2.31245861786127
Luxembourg,LUX,2006,2.66631494577069
Luxembourg,LUX,2005,2.48769665164088
Luxembourg,LUX,2004,2.22567916428889
Luxembourg,LUX,2003,2.04984030563518
Luxembourg,LUX,2002,2.07408613571643
Luxembourg,LUX,2001,2.66382110579103
Luxembourg,LUX,2000,3.15076707022592
Luxembourg,LUX,1999,1.02519676474932
Luxembourg,LUX,1998,0.958570110494674
Luxembourg,LUX,1997,1.36751261207943
Luxembourg,LUX,1996,1.18385968843571
Luxembourg,LUX,1995,1.86769424969105
Luxembourg,LUX,1994,2.1947646868907
Luxembourg,LUX,1993,3.58809818535164
Luxembourg,LUX,1992,3.15417375961789
Luxembourg,LUX,1991,3.11835659874851
Luxembourg,LUX,1990,3.25376659083639
Luxembourg,LUX,1989,3.37095887290443
Luxembourg,LUX,1988,1.43659056634904
Luxembourg,LUX,1987,-0.0566629093891044
Luxembourg,LUX,1986,0.294563408545436
Luxembourg,LUX,1985,4.09358778530093
Luxembourg,LUX,1984,6.43585780786993
Luxembourg,LUX,1983,8.66927159808522
Luxembourg,LUX,1982,9.35705099427382
Luxembourg,LUX,1981,8.07294375934595
Luxembourg,LUX,1980,6.29990006244593
Luxembourg,LUX,1979,4.54652779042165
Luxembourg,LUX,1978,3.09466077424648
Luxembourg,LUX,1977,6.70549411450666
Luxembourg,LUX,1976,9.79734643716296
Luxembourg,LUX,1975,10.7176711339197
Luxembourg,LUX,1974,9.54065541660593
Luxembourg,LUX,1973,6.06809835910203
Luxembourg,LUX,1972,5.22568050555548
Luxembourg,LUX,1971,4.67221498041397
Luxembourg,LUX,1970,4.63935344389948
Luxembourg,LUX,1969,2.29443437047165
Luxembourg,LUX,1968,2.62542908963153
Luxembourg,LUX,1967,2.16615698739849
Luxembourg,LUX,1966,3.33167977254562
Luxembourg,LUX,1965,3.33367932929353
Luxembourg,LUX,1964,3.09638151245736
Luxembourg,LUX,1963,2.87632246212668
Luxembourg,LUX,1962,0.895946647339897
Luxembourg,LUX,1961,0.48243359063082
Luxembourg,LUX,1960,0.449620296389857
"Macao SAR, China",MAC,2025,
"Macao SAR, China",MAC,2024,0.672498598854365
"Macao SAR, China",MAC,2023,0.476384495788075
"Macao SAR, China",MAC,2022,1.04502802369954
"Macao SAR, China",MAC,2021,0.0264543647055504
"Macao SAR, China",MAC,2020,0.811410511491512
"Macao SAR, China",MAC,2019,2.75193081051975
"Macao SAR, China",MAC,2018,3.00446293166953
"Macao SAR, China",MAC,2017,1.22812404052809
"Macao SAR, China",MAC,2016,2.36895749705898
"Macao SAR, China",MAC,2015,4.56056338028173
"Macao SAR, China",MAC,2014,6.04823452094076
"Macao SAR, China",MAC,2013,5.50057779178484
"Macao SAR, China",MAC,2012,6.10738928336549
"Macao SAR, China",MAC,2011,5.80624616691043
"Macao SAR, China",MAC,2010,2.80947242060843
"Macao SAR, China",MAC,2009,1.16906695453767
"Macao SAR, China",MAC,2008,8.61101858637
"Macao SAR, China",MAC,2007,5.57149689143952
"Macao SAR, China",MAC,2006,5.14997337750692
"Macao SAR, China",MAC,2005,4.39589284335674
"Macao SAR, China",MAC,2004,0.980728452039451
"Macao SAR, China",MAC,2003,-1.56245203671305
"Macao SAR, China",MAC,2002,-2.63751699816198
"Macao SAR, China",MAC,2001,-1.98465008641646
"Macao SAR, China",MAC,2000,-1.60971883961897
"Macao SAR, China",MAC,1999,-3.20416248186587
"Macao SAR, China",MAC,1998,0.172630384568516
"Macao SAR, China",MAC,1997,3.49093715138855
"Macao SAR, China",MAC,1996,4.82248676783487
"Macao SAR, China",MAC,1995,8.55866604308447
"Macao SAR, China",MAC,1994,6.25206890210272
"Macao SAR, China",MAC,1993,6.70588552770043
"Macao SAR, China",MAC,1992,7.71392168356611
"Macao SAR, China",MAC,1991,9.5688776593484
"Macao SAR, China",MAC,1990,7.96969384363221
"Macao SAR, China",MAC,1989,8.77094554159181
"Macao SAR, China",MAC,1988,
"Macao SAR, China",MAC,1987,
"Macao SAR, China",MAC,1986,
"Macao SAR, China",MAC,1985,
"Macao SAR, China",MAC,1984,
"Macao SAR, China",MAC,1983,
"Macao SAR, China",MAC,1982,
"Macao SAR, China",MAC,1981,
"Macao SAR, China",MAC,1980,
"Macao SAR, China",MAC,1979,
"Macao SAR, China",MAC,1978,
"Macao SAR, China",MAC,1977,
"Macao SAR, China",MAC,1976,
"Macao SAR, China",MAC,1975,
"Macao SAR, China",MAC,1974,
"Macao SAR, China",MAC,1973,
"Macao SAR, China",MAC,1972,
"Macao SAR, China",MAC,1971,
"Macao SAR, China",MAC,1970,
"Macao SAR, China",MAC,1969,
"Macao SAR, China",MAC,1968,
"Macao SAR, China",MAC,1967,
"Macao SAR, China",MAC,1966,
"Macao SAR, China",MAC,1965,
"Macao SAR, China",MAC,1964,
"Macao SAR, China",MAC,1963,
"Macao SAR, China",MAC,1962,
"Macao SAR, China",MAC,1961,
"Macao SAR, China",MAC,1960,
Madagascar,MDG,2025,
Madagascar,MDG,2024,7.61335784313723
Madagascar,MDG,2023,9.87432675044888
Madagascar,MDG,2022,8.16059031991844
Madagascar,MDG,2021,5.81225118787715
Madagascar,MDG,2020,4.20179312190557
Madagascar,MDG,2019,5.61051441492365
Madagascar,MDG,2018,8.59422958870476
Madagascar,MDG,2017,8.60905075422949
Madagascar,MDG,2016,6.03575858154679
Madagascar,MDG,2015,7.40419174202129
Madagascar,MDG,2014,6.08040811088302
Madagascar,MDG,2013,5.8264294445198
Madagascar,MDG,2012,5.71384434191053
Madagascar,MDG,2011,9.48254048582992
Madagascar,MDG,2010,9.24732173644116
Madagascar,MDG,2009,8.95421802392949
Madagascar,MDG,2008,9.29650839381057
Madagascar,MDG,2007,10.2879663187671
Madagascar,MDG,2006,10.7656371554865
Madagascar,MDG,2005,18.3638246468932
Madagascar,MDG,2004,13.9558018033211
Madagascar,MDG,2003,-1.70400479616298
Madagascar,MDG,2002,16.4985255315846
Madagascar,MDG,2001,7.91694484529586
Madagascar,MDG,2000,11.859684500028
Madagascar,MDG,1999,9.92953399348781
Madagascar,MDG,1998,6.2080160866332
Madagascar,MDG,1997,4.48638261737399
Madagascar,MDG,1996,19.7563545439776
Madagascar,MDG,1995,49.0802100590784
Madagascar,MDG,1994,38.9417908989239
Madagascar,MDG,1993,10.008361204014
Madagascar,MDG,1992,14.5123786075771
Madagascar,MDG,1991,8.59264760490192
Madagascar,MDG,1990,11.7844838321357
Madagascar,MDG,1989,9.01299594555501
Madagascar,MDG,1988,26.8537971413812
Madagascar,MDG,1987,14.9931351322502
Madagascar,MDG,1986,14.4973321039129
Madagascar,MDG,1985,10.5564839573619
Madagascar,MDG,1984,9.85662095433889
Madagascar,MDG,1983,19.328338591095
Madagascar,MDG,1982,31.7897046510535
Madagascar,MDG,1981,30.5381774327711
Madagascar,MDG,1980,18.2178658946756
Madagascar,MDG,1979,14.0555922555516
Madagascar,MDG,1978,6.52844692261797
Madagascar,MDG,1977,3.10895289128426
Madagascar,MDG,1976,4.98681511862571
Madagascar,MDG,1975,8.19121283215929
Madagascar,MDG,1974,22.100944418778
Madagascar,MDG,1973,6.1201018646478
Madagascar,MDG,1972,5.6225596527748
Madagascar,MDG,1971,5.38588149243495
Madagascar,MDG,1970,2.87864534318793
Madagascar,MDG,1969,3.82887282683659
Madagascar,MDG,1968,0.956513164485543
Madagascar,MDG,1967,0.815190376680787
Madagascar,MDG,1966,3.21157397897554
Madagascar,MDG,1965,4.20186036589442
Madagascar,MDG,1964,
Madagascar,MDG,1963,
Madagascar,MDG,1962,
Madagascar,MDG,1961,
Madagascar,MDG,1960,
Malawi,MWI,2025,
Malawi,MWI,2024,32.1796504225025
Malawi,MWI,2023,28.7897428247298
Malawi,MWI,2022,20.953969729969
Malawi,MWI,2021,9.33014410835212
Malawi,MWI,2020,8.62551469650552
Malawi,MWI,2019,9.3708360560567
Malawi,MWI,2018,12.420178108921
Malawi,MWI,2017,11.5433939188771
Malawi,MWI,2016,21.7111132136499
Malawi,MWI,2015,21.8673475542553
Malawi,MWI,2014,23.7920649469687
Malawi,MWI,2013,27.2833333333334
Malawi,MWI,2012,21.2712650013779
Malawi,MWI,2011,7.6228226284852
Malawi,MWI,2010,7.41159092883827
Malawi,MWI,2009,8.42204427696655
Malawi,MWI,2008,8.71260186609043
Malawi,MWI,2007,7.9522099086403
Malawi,MWI,2006,13.9742943548388
Malawi,MWI,2005,15.4103446604296
Malawi,MWI,2004,11.4298060822124
Malawi,MWI,2003,9.57679786919214
Malawi,MWI,2002,14.7446346101603
Malawi,MWI,2001,22.7
Malawi,MWI,2000,29.5814884631684
Malawi,MWI,1999,44.8041642861674
Malawi,MWI,1998,29.7486512828264
Malawi,MWI,1997,9.13735243003495
Malawi,MWI,1996,37.6020450235016
Malawi,MWI,1995,83.3257747543458
Malawi,MWI,1994,34.6496361508324
Malawi,MWI,1993,22.7727102336625
Malawi,MWI,1992,23.7513530230399
Malawi,MWI,1991,12.6153153828849
Malawi,MWI,1990,11.8235380454151
Malawi,MWI,1989,12.4463620502664
Malawi,MWI,1988,33.9121649354339
Malawi,MWI,1987,25.1550954282911
Malawi,MWI,1986,14.0468679587644
Malawi,MWI,1985,10.5189759937166
Malawi,MWI,1984,20.0263032042325
Malawi,MWI,1983,13.5025105170179
Malawi,MWI,1982,9.82116244432078
Malawi,MWI,1981,11.8146975500212
Malawi,MWI,1980,
Malawi,MWI,1979,
Malawi,MWI,1978,
Malawi,MWI,1977,
Malawi,MWI,1976,
Malawi,MWI,1975,
Malawi,MWI,1974,
Malawi,MWI,1973,
Malawi,MWI,1972,
Malawi,MWI,1971,
Malawi,MWI,1970,
Malawi,MWI,1969,
Malawi,MWI,1968,
Malawi,MWI,1967,
Malawi,MWI,1966,
Malawi,MWI,1965,
Malawi,MWI,1964,
Malawi,MWI,1963,
Malawi,MWI,1962,
Malawi,MWI,1961,
Malawi,MWI,1960,
Malaysia,MYS,2025,
Malaysia,MYS,2024,1.834100204499
Malaysia,MYS,2023,2.48886560125754
Malaysia,MYS,2022,3.37869862549928
Malaysia,MYS,2021,2.47710241465447
Malaysia,MYS,2020,-1.1387021539305
Malaysia,MYS,2019,0.662891865764326
Malaysia,MYS,2018,0.884709160571235
Malaysia,MYS,2017,3.87120115774237
Malaysia,MYS,2016,2.09056659525742
Malaysia,MYS,2015,2.10438980238359
Malaysia,MYS,2014,3.14299050879095
Malaysia,MYS,2013,2.10501231233612
Malaysia,MYS,2012,1.66357102479206
Malaysia,MYS,2011,3.1744709215131
Malaysia,MYS,2010,1.62285235577035
Malaysia,MYS,2009,0.583308405623702
Malaysia,MYS,2008,5.44078221100769
Malaysia,MYS,2007,2.02735317779569
Malaysia,MYS,2006,3.60923564224389
Malaysia,MYS,2005,2.97507092684449
Malaysia,MYS,2004,1.42127115937402
Malaysia,MYS,2003,1.08967632577286
Malaysia,MYS,2002,1.80787246281536
Malaysia,MYS,2001,1.41678473206098
Malaysia,MYS,2000,1.53474023697699
Malaysia,MYS,1999,2.74456130240604
Malaysia,MYS,1998,5.27034200348766
Malaysia,MYS,1997,2.66251459711946
Malaysia,MYS,1996,3.48855945858916
Malaysia,MYS,1995,3.45057509584895
Malaysia,MYS,1994,3.72497055359284
Malaysia,MYS,1993,3.53658536585389
Malaysia,MYS,1992,4.76722829992821
Malaysia,MYS,1991,4.358333333333
Malaysia,MYS,1990,2.61780104712051
Malaysia,MYS,1989,2.81320089714805
Malaysia,MYS,1988,2.55651945320742
Malaysia,MYS,1987,0.290007909438412
Malaysia,MYS,1986,0.737002855391939
Malaysia,MYS,1985,0.346458791259884
Malaysia,MYS,1984,3.89727260149768
Malaysia,MYS,1983,3.70423546319373
Malaysia,MYS,1982,5.8189000297783
Malaysia,MYS,1981,9.70000000000015
Malaysia,MYS,1980,6.6749195345051
Malaysia,MYS,1979,3.65446799796414
Malaysia,MYS,1978,4.86006458554252
Malaysia,MYS,1977,4.78822401445964
Malaysia,MYS,1976,2.63371150730571
Malaysia,MYS,1975,4.48772226915906
Malaysia,MYS,1974,17.3289809824411
Malaysia,MYS,1973,10.5601757413101
Malaysia,MYS,1972,3.23155422354874
Malaysia,MYS,1971,1.61303596395808
Malaysia,MYS,1970,1.84393596556387
Malaysia,MYS,1969,-0.40901502529407
Malaysia,MYS,1968,-0.158346528794567
Malaysia,MYS,1967,4.57556214033291
Malaysia,MYS,1966,0.967969025261369
Malaysia,MYS,1965,-0.10548523224379
Malaysia,MYS,1964,-0.402731571003658
Malaysia,MYS,1963,3.10525365608344
Malaysia,MYS,1962,0.10844026784809
Malaysia,MYS,1961,-0.180407721631565
Malaysia,MYS,1960,0.063182597888167
Maldives,MDV,2025,
Maldives,MDV,2024,1.39979779674928
Maldives,MDV,2023,2.92746542425035
Maldives,MDV,2022,2.33314337624567
Maldives,MDV,2021,0.543149688737013
Maldives,MDV,2020,-1.36977425569811
Maldives,MDV,2019,0.220029731065383
Maldives,MDV,2018,-0.133373386117595
Maldives,MDV,2017,2.81747338234509
Maldives,MDV,2016,0.502509413611612
Maldives,MDV,2015,0.953206658777607
Maldives,MDV,2014,2.12000175718134
Maldives,MDV,2013,3.8056300091943
Maldives,MDV,2012,10.884695658563
Maldives,MDV,2011,11.2734146055937
Maldives,MDV,2010,6.14988536750173
Maldives,MDV,2009,4.53017659132801
Maldives,MDV,2008,12.0414583505108
Maldives,MDV,2007,6.79477353930168
Maldives,MDV,2006,2.73842131602099
Maldives,MDV,2005,1.30027500930997
Maldives,MDV,2004,-1.68541212459466
Maldives,MDV,2003,-1.26065113450354
Maldives,MDV,2002,4.1786723990479
Maldives,MDV,2001,0.67257737006247
Maldives,MDV,2000,-1.17475681175946
Maldives,MDV,1999,2.95370836069129
Maldives,MDV,1998,-1.40425233816792
Maldives,MDV,1997,7.57283467072592
Maldives,MDV,1996,6.24124591476026
Maldives,MDV,1995,5.48886133171504
Maldives,MDV,1994,3.38610098291493
Maldives,MDV,1993,20.1273593149248
Maldives,MDV,1992,16.8559977535548
Maldives,MDV,1991,14.7136770282735
Maldives,MDV,1990,3.64991197717477
Maldives,MDV,1989,7.16585889470777
Maldives,MDV,1988,6.45636026801941
Maldives,MDV,1987,9.7040723294332
Maldives,MDV,1986,9.72219327678563
Maldives,MDV,1985,
Maldives,MDV,1984,
Maldives,MDV,1983,
Maldives,MDV,1982,
Maldives,MDV,1981,
Maldives,MDV,1980,
Maldives,MDV,1979,
Maldives,MDV,1978,
Maldives,MDV,1977,
Maldives,MDV,1976,
Maldives,MDV,1975,
Maldives,MDV,1974,
Maldives,MDV,1973,
Maldives,MDV,1972,
Maldives,MDV,1971,
Maldives,MDV,1970,
Maldives,MDV,1969,
Maldives,MDV,1968,
Maldives,MDV,1967,
Maldives,MDV,1966,
Maldives,MDV,1965,
Maldives,MDV,1964,
Maldives,MDV,1963,
Maldives,MDV,1962,
Maldives,MDV,1961,
Maldives,MDV,1960,
Mali,MLI,2025,
Mali,MLI,2024,3.2063986409966
Mali,MLI,2023,2.05880228274223
Mali,MLI,2022,9.62147608489064
Mali,MLI,2021,3.92560283104277
Mali,MLI,2020,0.438088940320669
Mali,MLI,2019,-1.65826694846365
Mali,MLI,2018,0.299546507387843
Mali,MLI,2017,1.75985742927165
Mali,MLI,2016,-1.79964707083386
Mali,MLI,2015,1.45069057605961
Mali,MLI,2014,0.883814547137841
Mali,MLI,2013,-0.606736356351563
Mali,MLI,2012,5.32312847064058
Mali,MLI,2011,2.95564395229392
Mali,MLI,2010,1.10892690670186
Mali,MLI,2009,2.46375188572299
Mali,MLI,2008,9.17098813667678
Mali,MLI,2007,1.41200201714577
Mali,MLI,2006,1.54352596927582
Mali,MLI,2005,6.39788293897883
Mali,MLI,2004,-3.09978128063957
Mali,MLI,2003,-1.34672619047621
Mali,MLI,2002,5.03282275711194
Mali,MLI,2001,5.18701191944068
Mali,MLI,2000,-0.677661659046769
Mali,MLI,1999,-1.20190368637502
Mali,MLI,1998,4.03658945954986
Mali,MLI,1997,-0.362999795946695
Mali,MLI,1996,6.80545996788233
Mali,MLI,1995,13.4417696811974
Mali,MLI,1994,23.1767911524285
Mali,MLI,1993,-0.263767884261804
Mali,MLI,1992,-6.24250599520425
Mali,MLI,1991,1.80042722001858
Mali,MLI,1990,0.606339703737523
Mali,MLI,1989,-0.0766929979288841
Mali,MLI,1988,
Mali,MLI,1987,
Mali,MLI,1986,
Mali,MLI,1985,
Mali,MLI,1984,
Mali,MLI,1983,
Mali,MLI,1982,
Mali,MLI,1981,
Mali,MLI,1980,
Mali,MLI,1979,
Mali,MLI,1978,
Mali,MLI,1977,
Mali,MLI,1976,
Mali,MLI,1975,
Mali,MLI,1974,
Mali,MLI,1973,
Mali,MLI,1972,
Mali,MLI,1971,
Mali,MLI,1970,
Mali,MLI,1969,
Mali,MLI,1968,
Mali,MLI,1967,
Mali,MLI,1966,
Mali,MLI,1965,
Mali,MLI,1964,
Mali,MLI,1963,
Mali,MLI,1962,
Mali,MLI,1961,
Mali,MLI,1960,
Malta,MLT,2025,
Malta,MLT,2024,1.65079469283109
Malta,MLT,2023,5.09396758978883
Malta,MLT,2022,6.15375621933037
Malta,MLT,2021,1.49789217934724
Malta,MLT,2020,0.638544956776712
Malta,MLT,2019,1.6420600176894
Malta,MLT,2018,1.15782362451517
Malta,MLT,2017,1.36435448150708
Malta,MLT,2016,0.642702771527304
Malta,MLT,2015,1.10054826378929
Malta,MLT,2014,0.310306472181665
Malta,MLT,2013,1.1802843636655
Malta,MLT,2012,2.37582057760386
Malta,MLT,2011,2.9629852819288
Malta,MLT,2010,1.51563513618532
Malta,MLT,2009,2.08432746082343
Malta,MLT,2008,4.25862171897073
Malta,MLT,2007,1.24921923797629
Malta,MLT,2006,2.77378006481472
Malta,MLT,2005,3.00796652450313
Malta,MLT,2004,2.79082848067754
Malta,MLT,2003,1.30383777442602
Malta,MLT,2002,2.18849048060549
Malta,MLT,2001,2.92949244324104
Malta,MLT,2000,2.36959287531806
Malta,MLT,1999,2.13476888806386
Malta,MLT,1998,2.38525135417661
Malta,MLT,1997,3.11207791953272
Malta,MLT,1996,2.05400000000009
Malta,MLT,1995,4.42664550286654
Malta,MLT,1994,4.12992181638259
Malta,MLT,1993,4.14481954180488
Malta,MLT,1992,1.63321209889045
Malta,MLT,1991,2.54219284786975
Malta,MLT,1990,2.9834058606356
Malta,MLT,1989,0.847691359226212
Malta,MLT,1988,0.938344387128515
Malta,MLT,1987,0.431725669422442
Malta,MLT,1986,2.02788871414761
Malta,MLT,1985,-0.235207459677474
Malta,MLT,1984,-0.442500000750075
Malta,MLT,1983,-0.880997560317507
Malta,MLT,1982,5.81823397218665
Malta,MLT,1981,11.5097558377123
Malta,MLT,1980,15.747254103486
Malta,MLT,1979,7.14710743797893
Malta,MLT,1978,4.70751124951487
Malta,MLT,1977,10.0403748002364
Malta,MLT,1976,0.551512830258583
Malta,MLT,1975,8.79166666616691
Malta,MLT,1974,7.25561627204007
Malta,MLT,1973,7.68928991786149
Malta,MLT,1972,3.37276106781155
Malta,MLT,1971,2.32381215838809
Malta,MLT,1970,3.71565884809263
Malta,MLT,1969,2.33428760186217
Malta,MLT,1968,2.03730057682276
Malta,MLT,1967,0.693868315713048
Malta,MLT,1966,0.52312357869953
Malta,MLT,1965,1.60221845610132
Malta,MLT,1964,2.18024399859687
Malta,MLT,1963,1.87635313921265
Malta,MLT,1962,0.168674698957635
Malta,MLT,1961,2.51132153100695
Malta,MLT,1960,3.38461538461553
Marshall Islands,MHL,2025,
Marshall Islands,MHL,2024,
Marshall Islands,MHL,2023,
Marshall Islands,MHL,2022,
Marshall Islands,MHL,2021,
Marshall Islands,MHL,2020,
Marshall Islands,MHL,2019,
Marshall Islands,MHL,2018,
Marshall Islands,MHL,2017,
Marshall Islands,MHL,2016,
Marshall Islands,MHL,2015,
Marshall Islands,MHL,2014,
Marshall Islands,MHL,2013,
Marshall Islands,MHL,2012,
Marshall Islands,MHL,2011,
Marshall Islands,MHL,2010,
Marshall Islands,MHL,2009,
Marshall Islands,MHL,2008,
Marshall Islands,MHL,2007,
Marshall Islands,MHL,2006,
Marshall Islands,MHL,2005,
Marshall Islands,MHL,2004,
Marshall Islands,MHL,2003,
Marshall Islands,MHL,2002,
Marshall Islands,MHL,2001,
Marshall Islands,MHL,2000,
Marshall Islands,MHL,1999,
Marshall Islands,MHL,1998,
Marshall Islands,MHL,1997,
Marshall Islands,MHL,1996,
Marshall Islands,MHL,1995,
Marshall Islands,MHL,1994,
Marshall Islands,MHL,1993,
Marshall Islands,MHL,1992,
Marshall Islands,MHL,1991,
Marshall Islands,MHL,1990,
Marshall Islands,MHL,1989,
Marshall Islands,MHL,1988,
Marshall Islands,MHL,1987,
Marshall Islands,MHL,1986,
Marshall Islands,MHL,1985,
Marshall Islands,MHL,1984,
Marshall Islands,MHL,1983,
Marshall Islands,MHL,1982,
Marshall Islands,MHL,1981,
Marshall Islands,MHL,1980,
Marshall Islands,MHL,1979,
Marshall Islands,MHL,1978,
Marshall Islands,MHL,1977,
Marshall Islands,MHL,1976,
Marshall Islands,MHL,1975,
Marshall Islands,MHL,1974,
Marshall Islands,MHL,1973,
Marshall Islands,MHL,1972,
Marshall Islands,MHL,1971,
Marshall Islands,MHL,1970,
Marshall Islands,MHL,1969,
Marshall Islands,MHL,1968,
Marshall Islands,MHL,1967,
Marshall Islands,MHL,1966,
Marshall Islands,MHL,1965,
Marshall Islands,MHL,1964,
Marshall Islands,MHL,1963,
Marshall Islands,MHL,1962,
Marshall Islands,MHL,1961,
Marshall Islands,MHL,1960,
Mauritania,MRT,2025,
Mauritania,MRT,2024,2.49164347481972
Mauritania,MRT,2023,4.95305034506872
Mauritania,MRT,2022,9.52526628622843
Mauritania,MRT,2021,3.56516484650185
Mauritania,MRT,2020,2.3856948845632
Mauritania,MRT,2019,2.30009262117937
Mauritania,MRT,2018,3.06735996058356
Mauritania,MRT,2017,2.25427651934813
Mauritania,MRT,2016,1.47171045650004
Mauritania,MRT,2015,3.25472688117631
Mauritania,MRT,2014,3.53436856147324
Mauritania,MRT,2013,4.12910173783393
Mauritania,MRT,2012,4.90242727217997
Mauritania,MRT,2011,5.68631959575954
Mauritania,MRT,2010,6.28354087427704
Mauritania,MRT,2009,2.22092032381779
Mauritania,MRT,2008,7.34663541249786
Mauritania,MRT,2007,7.25410841304887
Mauritania,MRT,2006,6.2410332814282
Mauritania,MRT,2005,12.1256487185541
Mauritania,MRT,2004,10.3676233473073
Mauritania,MRT,2003,5.15190150769578
Mauritania,MRT,2002,3.8957052575849
Mauritania,MRT,2001,4.7148963468961
Mauritania,MRT,2000,3.25406745833358
Mauritania,MRT,1999,4.07417613596754
Mauritania,MRT,1998,8.03166665498858
Mauritania,MRT,1997,4.62534695318394
Mauritania,MRT,1996,4.68130623916413
Mauritania,MRT,1995,6.54379068524171
Mauritania,MRT,1994,4.12825861295442
Mauritania,MRT,1993,9.37034415971461
Mauritania,MRT,1992,10.141817562151
Mauritania,MRT,1991,5.62866666666699
Mauritania,MRT,1990,6.60022564874018
Mauritania,MRT,1989,12.9326820981099
Mauritania,MRT,1988,1.31965861005482
Mauritania,MRT,1987,8.15234253800871
Mauritania,MRT,1986,7.4333333333332
Mauritania,MRT,1985,
Mauritania,MRT,1984,
Mauritania,MRT,1983,
Mauritania,MRT,1982,
Mauritania,MRT,1981,
Mauritania,MRT,1980,
Mauritania,MRT,1979,
Mauritania,MRT,1978,
Mauritania,MRT,1977,
Mauritania,MRT,1976,
Mauritania,MRT,1975,
Mauritania,MRT,1974,
Mauritania,MRT,1973,
Mauritania,MRT,1972,
Mauritania,MRT,1971,
Mauritania,MRT,1970,
Mauritania,MRT,1969,
Mauritania,MRT,1968,
Mauritania,MRT,1967,
Mauritania,MRT,1966,
Mauritania,MRT,1965,
Mauritania,MRT,1964,
Mauritania,MRT,1963,
Mauritania,MRT,1962,
Mauritania,MRT,1961,
Mauritania,MRT,1960,
Mauritius,MUS,2025,
Mauritius,MUS,2024,3.6045220384796
Mauritius,MUS,2023,7.05298238454736
Mauritius,MUS,2022,10.7737512242899
Mauritius,MUS,2021,4.02852888157376
Mauritius,MUS,2020,2.5808007718283
Mauritius,MUS,2019,0.405655190309553
Mauritius,MUS,2018,3.2160538314457
Mauritius,MUS,2017,3.66699702675925
Mauritius,MUS,2016,0.977675134718965
Mauritius,MUS,2015,1.28654970760232
Mauritius,MUS,2014,3.21769191994684
Mauritius,MUS,2013,3.54329573934839
Mauritius,MUS,2012,3.85216033315983
Mauritius,MUS,2011,6.52249254869341
Mauritius,MUS,2010,2.93236301369857
Mauritius,MUS,2009,2.51609128145113
Mauritius,MUS,2008,9.73228317146887
Mauritius,MUS,2007,8.82729272393294
Mauritius,MUS,2006,8.91350105650142
Mauritius,MUS,2005,4.93717004981795
Mauritius,MUS,2004,4.71037060105883
Mauritius,MUS,2003,3.92105357558188
Mauritius,MUS,2002,6.41933372221149
Mauritius,MUS,2001,5.38934426229508
Mauritius,MUS,2000,4.19928825622807
Mauritius,MUS,1999,6.90914624866773
Mauritius,MUS,1998,6.81079323797193
Mauritius,MUS,1997,6.83334334996102
Mauritius,MUS,1996,6.55097336065573
Mauritius,MUS,1995,6.02933188484532
Mauritius,MUS,1994,7.32347154412294
Mauritius,MUS,1993,10.5178384472896
Mauritius,MUS,1992,4.64351929883709
Mauritius,MUS,1991,7.00101377541879
Mauritius,MUS,1990,13.4880887926371
Mauritius,MUS,1989,12.670042091136
Mauritius,MUS,1988,9.15931413351054
Mauritius,MUS,1987,0.518741633199852
Mauritius,MUS,1986,1.63265306122486
Mauritius,MUS,1985,6.69870394658498
Mauritius,MUS,1984,7.38916256169471
Mauritius,MUS,1983,5.58949801843939
Mauritius,MUS,1982,11.4156931283651
Mauritius,MUS,1981,14.4615910742106
Mauritius,MUS,1980,41.9995143865699
Mauritius,MUS,1979,14.4663702058303
Mauritius,MUS,1978,8.54513915082285
Mauritius,MUS,1977,9.172498970748
Mauritius,MUS,1976,12.9557291671836
Mauritius,MUS,1975,14.738323271755
Mauritius,MUS,1974,29.115630311092
Mauritius,MUS,1973,13.4507978726776
Mauritius,MUS,1972,5.39593552933404
Mauritius,MUS,1971,0.316344463692538
Mauritius,MUS,1970,1.5418659432567
Mauritius,MUS,1969,2.31522056676472
Mauritius,MUS,1968,6.97710758672967
Mauritius,MUS,1967,1.87853219781646
Mauritius,MUS,1966,2.50489556095841
Mauritius,MUS,1965,1.78556598298231
Mauritius,MUS,1964,1.89557417280998
Mauritius,MUS,1963,
Mauritius,MUS,1962,
Mauritius,MUS,1961,
Mauritius,MUS,1960,
Mexico,MEX,2025,
Mexico,MEX,2024,4.72225588452932
Mexico,MEX,2023,5.52796087314389
Mexico,MEX,2022,7.8962761916855
Mexico,MEX,2021,5.68920847683753
Mexico,MEX,2020,3.39683415570006
Mexico,MEX,2019,3.63596142127046
Mexico,MEX,2018,4.89935015356551
Mexico,MEX,2017,6.04145724018986
Mexico,MEX,2016,2.8217078474766
Mexico,MEX,2015,2.72064064964023
Mexico,MEX,2014,4.01861608078679
Mexico,MEX,2013,3.80639069747204
Mexico,MEX,2012,4.11150981070289
Mexico,MEX,2011,3.40737824605742
Mexico,MEX,2010,4.15672722680174
Mexico,MEX,2009,5.29735584228856
Mexico,MEX,2008,5.12498274575896
Mexico,MEX,2007,3.96684905458235
Mexico,MEX,2006,3.62946762439132
Mexico,MEX,2005,3.98805714597437
Mexico,MEX,2004,4.68840884843143
Mexico,MEX,2003,4.54690012118718
Mexico,MEX,2002,5.03072733151295
Mexico,MEX,2001,6.36773806235037
Mexico,MEX,2000,9.49156149435403
Mexico,MEX,1999,16.5856169707538
Mexico,MEX,1998,15.9283950119353
Mexico,MEX,1997,20.6256287259247
Mexico,MEX,1996,34.3783832235168
Mexico,MEX,1995,34.9992712889592
Mexico,MEX,1994,6.96581237191123
Mexico,MEX,1993,9.75146045357553
Mexico,MEX,1992,15.5078962533573
Mexico,MEX,1991,22.662359455061
Mexico,MEX,1990,26.6516725646771
Mexico,MEX,1989,20.0078767139978
Mexico,MEX,1988,114.162258549066
Mexico,MEX,1987,131.82738392309
Mexico,MEX,1986,86.2333169923538
Mexico,MEX,1985,57.7484484008702
Mexico,MEX,1984,65.4488071277602
Mexico,MEX,1983,101.874938435992
Mexico,MEX,1982,58.9134198531048
Mexico,MEX,1981,27.9337625982399
Mexico,MEX,1980,26.3516513562834
Mexico,MEX,1979,18.1912462987643
Mexico,MEX,1978,17.4572925678265
Mexico,MEX,1977,29.0641247103461
Mexico,MEX,1976,15.824722489347
Mexico,MEX,1975,14.9445346409267
Mexico,MEX,1974,23.7840154425787
Mexico,MEX,1973,12.0819394612938
Mexico,MEX,1972,4.94369236377875
Mexico,MEX,1971,5.46902899376838
Mexico,MEX,1970,5.00341205483431
Mexico,MEX,1969,3.36700336711678
Mexico,MEX,1968,2.33395093467026
Mexico,MEX,1967,3.01694847502148
Mexico,MEX,1966,4.21578837738435
Mexico,MEX,1965,3.56803865742936
Mexico,MEX,1964,2.33790317234362
Mexico,MEX,1963,0.594055008461965
Mexico,MEX,1962,1.19898417815082
Mexico,MEX,1961,1.6087596908193
Mexico,MEX,1960,4.92751886903116
"Micronesia, Fed. Sts.",FSM,2025,
"Micronesia, Fed. Sts.",FSM,2024,
"Micronesia, Fed. Sts.",FSM,2023,
"Micronesia, Fed. Sts.",FSM,2022,5.40874375479067
"Micronesia, Fed. Sts.",FSM,2021,3.19128406597466
"Micronesia, Fed. Sts.",FSM,2020,0.554594630853174
"Micronesia, Fed. Sts.",FSM,2019,1.92385170787923
"Micronesia, Fed. Sts.",FSM,2018,1.49840023593737
"Micronesia, Fed. Sts.",FSM,2017,0.58225373525489
"Micronesia, Fed. Sts.",FSM,2016,-1.03746806405349
"Micronesia, Fed. Sts.",FSM,2015,-0.2981158373807
"Micronesia, Fed. Sts.",FSM,2014,0.650284891767944
"Micronesia, Fed. Sts.",FSM,2013,1.75232737350762
"Micronesia, Fed. Sts.",FSM,2012,5.01850353045616
"Micronesia, Fed. Sts.",FSM,2011,5.08259403890371
"Micronesia, Fed. Sts.",FSM,2010,3.31370963136217
"Micronesia, Fed. Sts.",FSM,2009,6.39360257735201
"Micronesia, Fed. Sts.",FSM,2008,8.42372566246186
"Micronesia, Fed. Sts.",FSM,2007,3.30634278002699
"Micronesia, Fed. Sts.",FSM,2006,4.63737008585635
"Micronesia, Fed. Sts.",FSM,2005,4.25769978210942
"Micronesia, Fed. Sts.",FSM,2004,2.27669698247304
"Micronesia, Fed. Sts.",FSM,2003,0.126643348208903
"Micronesia, Fed. Sts.",FSM,2002,-0.111442426432945
"Micronesia, Fed. Sts.",FSM,2001,0.502497351294027
"Micronesia, Fed. Sts.",FSM,2000,2.15851810619419
"Micronesia, Fed. Sts.",FSM,1999,
"Micronesia, Fed. Sts.",FSM,1998,
"Micronesia, Fed. Sts.",FSM,1997,
"Micronesia, Fed. Sts.",FSM,1996,
"Micronesia, Fed. Sts.",FSM,1995,
"Micronesia, Fed. Sts.",FSM,1994,
"Micronesia, Fed. Sts.",FSM,1993,
"Micronesia, Fed. Sts.",FSM,1992,
"Micronesia, Fed. Sts.",FSM,1991,
"Micronesia, Fed. Sts.",FSM,1990,
"Micronesia, Fed. Sts.",FSM,1989,
"Micronesia, Fed. Sts.",FSM,1988,
"Micronesia, Fed. Sts.",FSM,1987,
"Micronesia, Fed. Sts.",FSM,1986,
"Micronesia, Fed. Sts.",FSM,1985,
"Micronesia, Fed. Sts.",FSM,1984,
"Micronesia, Fed. Sts.",FSM,1983,
"Micronesia, Fed. Sts.",FSM,1982,
"Micronesia, Fed. Sts.",FSM,1981,
"Micronesia, Fed. Sts.",FSM,1980,
"Micronesia, Fed. Sts.",FSM,1979,
"Micronesia, Fed. Sts.",FSM,1978,
"Micronesia, Fed. Sts.",FSM,1977,
"Micronesia, Fed. Sts.",FSM,1976,
"Micronesia, Fed. Sts.",FSM,1975,
"Micronesia, Fed. Sts.",FSM,1974,
"Micronesia, Fed. Sts.",FSM,1973,
"Micronesia, Fed. Sts.",FSM,1972,
"Micronesia, Fed. Sts.",FSM,1971,
"Micronesia, Fed. Sts.",FSM,1970,
"Micronesia, Fed. Sts.",FSM,1969,
"Micronesia, Fed. Sts.",FSM,1968,
"Micronesia, Fed. Sts.",FSM,1967,
"Micronesia, Fed. Sts.",FSM,1966,
"Micronesia, Fed. Sts.",FSM,1965,
"Micronesia, Fed. Sts.",FSM,1964,
"Micronesia, Fed. Sts.",FSM,1963,
"Micronesia, Fed. Sts.",FSM,1962,
"Micronesia, Fed. Sts.",FSM,1961,
"Micronesia, Fed. Sts.",FSM,1960,
Moldova,MDA,2025,
Moldova,MDA,2024,4.67773516007052
Moldova,MDA,2023,13.4170104381299
Moldova,MDA,2022,28.7372976766235
Moldova,MDA,2021,5.10641129002835
Moldova,MDA,2020,3.76597122245351
Moldova,MDA,2019,4.83778351428728
Moldova,MDA,2018,3.04505397337071
Moldova,MDA,2017,6.57022997455611
Moldova,MDA,2016,6.35930898037931
Moldova,MDA,2015,9.67624033101859
Moldova,MDA,2014,5.08878554625869
Moldova,MDA,2013,4.59787897363127
Moldova,MDA,2012,4.54633427355302
Moldova,MDA,2011,7.6872510335619
Moldova,MDA,2010,7.48385086350851
Moldova,MDA,2009,-0.0627185967108899
Moldova,MDA,2008,12.783047261882
Moldova,MDA,2007,12.3671668414302
Moldova,MDA,2006,12.7777557830351
Moldova,MDA,2005,11.9591837222127
Moldova,MDA,2004,12.5242768428228
Moldova,MDA,2003,11.7460792058234
Moldova,MDA,2002,5.30124390261587
Moldova,MDA,2001,9.7646628575763
Moldova,MDA,2000,31.2993015817784
Moldova,MDA,1999,39.2559806891745
Moldova,MDA,1998,7.69576517517208
Moldova,MDA,1997,11.7728324494467
Moldova,MDA,1996,23.5056772963368
Moldova,MDA,1995,29.8656104095718
Moldova,MDA,1994,486.42562379589
Moldova,MDA,1993,1613.60398876194
Moldova,MDA,1992,1026.82626424702
Moldova,MDA,1991,
Moldova,MDA,1990,
Moldova,MDA,1989,
Moldova,MDA,1988,
Moldova,MDA,1987,
Moldova,MDA,1986,
Moldova,MDA,1985,
Moldova,MDA,1984,
Moldova,MDA,1983,
Moldova,MDA,1982,
Moldova,MDA,1981,
Moldova,MDA,1980,
Moldova,MDA,1979,
Moldova,MDA,1978,
Moldova,MDA,1977,
Moldova,MDA,1976,
Moldova,MDA,1975,
Moldova,MDA,1974,
Moldova,MDA,1973,
Moldova,MDA,1972,
Moldova,MDA,1971,
Moldova,MDA,1970,
Moldova,MDA,1969,
Moldova,MDA,1968,
Moldova,MDA,1967,
Moldova,MDA,1966,
Moldova,MDA,1965,
Moldova,MDA,1964,
Moldova,MDA,1963,
Moldova,MDA,1962,
Moldova,MDA,1961,
Moldova,MDA,1960,
Monaco,MCO,2025,
Monaco,MCO,2024,
Monaco,MCO,2023,
Monaco,MCO,2022,
Monaco,MCO,2021,
Monaco,MCO,2020,
Monaco,MCO,2019,
Monaco,MCO,2018,
Monaco,MCO,2017,
Monaco,MCO,2016,
Monaco,MCO,2015,
Monaco,MCO,2014,
Monaco,MCO,2013,
Monaco,MCO,2012,
Monaco,MCO,2011,
Monaco,MCO,2010,
Monaco,MCO,2009,
Monaco,MCO,2008,
Monaco,MCO,2007,
Monaco,MCO,2006,
Monaco,MCO,2005,
Monaco,MCO,2004,
Monaco,MCO,2003,
Monaco,MCO,2002,
Monaco,MCO,2001,
Monaco,MCO,2000,
Monaco,MCO,1999,
Monaco,MCO,1998,
Monaco,MCO,1997,
Monaco,MCO,1996,
Monaco,MCO,1995,
Monaco,MCO,1994,
Monaco,MCO,1993,
Monaco,MCO,1992,
Monaco,MCO,1991,
Monaco,MCO,1990,
Monaco,MCO,1989,
Monaco,MCO,1988,
Monaco,MCO,1987,
Monaco,MCO,1986,
Monaco,MCO,1985,
Monaco,MCO,1984,
Monaco,MCO,1983,
Monaco,MCO,1982,
Monaco,MCO,1981,
Monaco,MCO,1980,
Monaco,MCO,1979,
Monaco,MCO,1978,
Monaco,MCO,1977,
Monaco,MCO,1976,
Monaco,MCO,1975,
Monaco,MCO,1974,
Monaco,MCO,1973,
Monaco,MCO,1972,
Monaco,MCO,1971,
Monaco,MCO,1970,
Monaco,MCO,1969,
Monaco,MCO,1968,
Monaco,MCO,1967,
Monaco,MCO,1966,
Monaco,MCO,1965,
Monaco,MCO,1964,
Monaco,MCO,1963,
Monaco,MCO,1962,
Monaco,MCO,1961,
Monaco,MCO,1960,
Mongolia,MNG,2025,
Mongolia,MNG,2024,6.1977990165842
Mongolia,MNG,2023,10.347583131434
Mongolia,MNG,2022,15.1509728200805
Mongolia,MNG,2021,7.35894657888155
Mongolia,MNG,2020,3.7237230614026
Mongolia,MNG,2019,7.30106953550729
Mongolia,MNG,2018,6.82424790145522
Mongolia,MNG,2017,4.30143105302342
Mongolia,MNG,2016,0.733272227314397
Mongolia,MNG,2015,5.73568281938327
Mongolia,MNG,2014,12.2539808129759
Mongolia,MNG,2013,10.4906567588241
Mongolia,MNG,2012,14.3303348325838
Mongolia,MNG,2011,8.41121495327101
Mongolia,MNG,2010,10.0462065881651
Mongolia,MNG,2009,7.6195059351941
Mongolia,MNG,2008,27.9556650246306
Mongolia,MNG,2007,9.63096309630964
Mongolia,MNG,2006,5.09516661663157
Mongolia,MNG,2005,12.7165674066053
Mongolia,MNG,2004,8.24115449417619
Mongolia,MNG,2003,5.12899499422419
Mongolia,MNG,2002,0.91707468718427
Mongolia,MNG,2001,6.27736020484006
Mongolia,MNG,2000,11.5955387593327
Mongolia,MNG,1999,7.56494150307377
Mongolia,MNG,1998,9.35704217716548
Mongolia,MNG,1997,36.5561148948773
Mongolia,MNG,1996,46.8899521531102
Mongolia,MNG,1995,0.0435161009571923
Mongolia,MNG,1994,87.580009329808
Mongolia,MNG,1993,268.150488882784
Mongolia,MNG,1992,
Mongolia,MNG,1991,
Mongolia,MNG,1990,
Mongolia,MNG,1989,
Mongolia,MNG,1988,
Mongolia,MNG,1987,
Mongolia,MNG,1986,
Mongolia,MNG,1985,
Mongolia,MNG,1984,
Mongolia,MNG,1983,
Mongolia,MNG,1982,
Mongolia,MNG,1981,
Mongolia,MNG,1980,
Mongolia,MNG,1979,
Mongolia,MNG,1978,
Mongolia,MNG,1977,
Mongolia,MNG,1976,
Mongolia,MNG,1975,
Mongolia,MNG,1974,
Mongolia,MNG,1973,
Mongolia,MNG,1972,
Mongolia,MNG,1971,
Mongolia,MNG,1970,
Mongolia,MNG,1969,
Mongolia,MNG,1968,
Mongolia,MNG,1967,
Mongolia,MNG,1966,
Mongolia,MNG,1965,
Mongolia,MNG,1964,
Mongolia,MNG,1963,
Mongolia,MNG,1962,
Mongolia,MNG,1961,
Mongolia,MNG,1960,
Montenegro,MNE,2025,
Montenegro,MNE,2024,3.33675009282281
Montenegro,MNE,2023,8.58476910455403
Montenegro,MNE,2022,13.0403036347004
Montenegro,MNE,2021,2.41080198403165
Montenegro,MNE,2020,-0.255655699848551
Montenegro,MNE,2019,0.361563704540767
Montenegro,MNE,2018,2.611223782638
Montenegro,MNE,2017,2.3802359905313
Montenegro,MNE,2016,-0.271385023385176
Montenegro,MNE,2015,1.54869158222486
Montenegro,MNE,2014,-0.710514051710227
Montenegro,MNE,2013,2.20589268141178
Montenegro,MNE,2012,4.14524724981119
Montenegro,MNE,2011,3.4501431124869
Montenegro,MNE,2010,0.654946570148479
Montenegro,MNE,2009,3.46672373207793
Montenegro,MNE,2008,8.75872769588798
Montenegro,MNE,2007,4.34712215656112
Montenegro,MNE,2006,2.92451258123648
Montenegro,MNE,2005,
Montenegro,MNE,2004,
Montenegro,MNE,2003,
Montenegro,MNE,2002,
Montenegro,MNE,2001,
Montenegro,MNE,2000,
Montenegro,MNE,1999,
Montenegro,MNE,1998,
Montenegro,MNE,1997,
Montenegro,MNE,1996,
Montenegro,MNE,1995,
Montenegro,MNE,1994,
Montenegro,MNE,1993,
Montenegro,MNE,1992,
Montenegro,MNE,1991,
Montenegro,MNE,1990,
Montenegro,MNE,1989,
Montenegro,MNE,1988,
Montenegro,MNE,1987,
Montenegro,MNE,1986,
Montenegro,MNE,1985,
Montenegro,MNE,1984,
Montenegro,MNE,1983,
Montenegro,MNE,1982,
Montenegro,MNE,1981,
Montenegro,MNE,1980,
Montenegro,MNE,1979,
Montenegro,MNE,1978,
Montenegro,MNE,1977,
Montenegro,MNE,1976,
Montenegro,MNE,1975,
Montenegro,MNE,1974,
Montenegro,MNE,1973,
Montenegro,MNE,1972,
Montenegro,MNE,1971,
Montenegro,MNE,1970,
Montenegro,MNE,1969,
Montenegro,MNE,1968,
Montenegro,MNE,1967,
Montenegro,MNE,1966,
Montenegro,MNE,1965,
Montenegro,MNE,1964,
Montenegro,MNE,1963,
Montenegro,MNE,1962,
Montenegro,MNE,1961,
Montenegro,MNE,1960,
Morocco,MAR,2025,
Morocco,MAR,2024,0.985256592004507
Morocco,MAR,2023,6.09114152504141
Morocco,MAR,2022,6.65704202759067
Morocco,MAR,2021,1.40195883962006
Morocco,MAR,2020,0.705968661338261
Morocco,MAR,2019,0.303386036590383
Morocco,MAR,2018,1.80391671141896
Morocco,MAR,2017,0.754663249323619
Morocco,MAR,2016,1.63531114327064
Morocco,MAR,2015,1.5579071134626
Morocco,MAR,2014,0.442310053557048
Morocco,MAR,2013,1.88065466724086
Morocco,MAR,2012,1.28712240079219
Morocco,MAR,2011,0.9069249096918
Morocco,MAR,2010,0.993557401226392
Morocco,MAR,2009,0.971862998667636
Morocco,MAR,2008,3.71484311494064
Morocco,MAR,2007,2.04208512673344
Morocco,MAR,2006,3.28476166954811
Morocco,MAR,2005,0.982641660015951
Morocco,MAR,2004,1.49344403381774
Morocco,MAR,2003,1.16773367477592
Morocco,MAR,2002,2.79561966936936
Morocco,MAR,2001,0.619801875297975
Morocco,MAR,2000,1.89463456763464
Morocco,MAR,1999,0.684782608695643
Morocco,MAR,1998,2.75311330764477
Morocco,MAR,1997,1.03819895051614
Morocco,MAR,1996,2.98680922773017
Morocco,MAR,1995,6.12358164775523
Morocco,MAR,1994,5.14167152953361
Morocco,MAR,1993,5.18311396030801
Morocco,MAR,1992,5.7402466286874
Morocco,MAR,1991,7.98616600790512
Morocco,MAR,1990,6.78259401511006
Morocco,MAR,1989,3.2599694922639
Morocco,MAR,1988,2.36905505487641
Morocco,MAR,1987,2.69873997713767
Morocco,MAR,1986,8.73355918706675
Morocco,MAR,1985,7.7286389008592
Morocco,MAR,1984,12.4475693291853
Morocco,MAR,1983,6.20793538870313
Morocco,MAR,1982,10.5278072972983
Morocco,MAR,1981,12.4925283921001
Morocco,MAR,1980,9.40837947437956
Morocco,MAR,1979,8.33136541815462
Morocco,MAR,1978,9.7160327495434
Morocco,MAR,1977,12.5970009920069
Morocco,MAR,1976,8.50215244349303
Morocco,MAR,1975,7.91828926702741
Morocco,MAR,1974,17.5568227452454
Morocco,MAR,1973,4.08461403612973
Morocco,MAR,1972,3.75917055722263
Morocco,MAR,1971,4.1553520683533
Morocco,MAR,1970,1.27918132376476
Morocco,MAR,1969,2.94989135439242
Morocco,MAR,1968,0.436479069044525
Morocco,MAR,1967,-0.748276993897715
Morocco,MAR,1966,-1.0135793646964
Morocco,MAR,1965,3.4828212200169
Morocco,MAR,1964,4.02154147421213
Morocco,MAR,1963,5.69971168745222
Morocco,MAR,1962,5.09672908138148
Morocco,MAR,1961,1.76312460493452
Morocco,MAR,1960,3.42429906542058
Mozambique,MOZ,2025,
Mozambique,MOZ,2024,4.07856834812022
Mozambique,MOZ,2023,7.12697482131851
Mozambique,MOZ,2022,10.2794018093421
Mozambique,MOZ,2021,6.40847652975692
Mozambique,MOZ,2020,3.48393567493204
Mozambique,MOZ,2019,2.80270307928111
Mozambique,MOZ,2018,3.91133439990729
Mozambique,MOZ,2017,15.1132073899384
Mozambique,MOZ,2016,17.4180418197597
Mozambique,MOZ,2015,3.55075967356746
Mozambique,MOZ,2014,2.55974875844295
Mozambique,MOZ,2013,4.26135250941963
Mozambique,MOZ,2012,2.60245456956618
Mozambique,MOZ,2011,11.1666056127874
Mozambique,MOZ,2010,12.4255421735156
Mozambique,MOZ,2009,3.78861330914625
Mozambique,MOZ,2008,14.5028053002268
Mozambique,MOZ,2007,8.48948675497455
Mozambique,MOZ,2006,13.2450879070999
Mozambique,MOZ,2005,6.42755278070087
Mozambique,MOZ,2004,
Mozambique,MOZ,2003,
Mozambique,MOZ,2002,
Mozambique,MOZ,2001,
Mozambique,MOZ,2000,
Mozambique,MOZ,1999,
Mozambique,MOZ,1998,
Mozambique,MOZ,1997,
Mozambique,MOZ,1996,
Mozambique,MOZ,1995,
Mozambique,MOZ,1994,
Mozambique,MOZ,1993,
Mozambique,MOZ,1992,
Mozambique,MOZ,1991,
Mozambique,MOZ,1990,
Mozambique,MOZ,1989,
Mozambique,MOZ,1988,
Mozambique,MOZ,1987,
Mozambique,MOZ,1986,
Mozambique,MOZ,1985,
Mozambique,MOZ,1984,
Mozambique,MOZ,1983,
Mozambique,MOZ,1982,
Mozambique,MOZ,1981,
Mozambique,MOZ,1980,
Mozambique,MOZ,1979,
Mozambique,MOZ,1978,
Mozambique,MOZ,1977,
Mozambique,MOZ,1976,
Mozambique,MOZ,1975,
Mozambique,MOZ,1974,
Mozambique,MOZ,1973,
Mozambique,MOZ,1972,
Mozambique,MOZ,1971,
Mozambique,MOZ,1970,
Mozambique,MOZ,1969,
Mozambique,MOZ,1968,
Mozambique,MOZ,1967,
Mozambique,MOZ,1966,
Mozambique,MOZ,1965,
Mozambique,MOZ,1964,
Mozambique,MOZ,1963,
Mozambique,MOZ,1962,
Mozambique,MOZ,1961,
Mozambique,MOZ,1960,
Myanmar,MMR,2025,
Myanmar,MMR,2024,
Myanmar,MMR,2023,
Myanmar,MMR,2022,
Myanmar,MMR,2021,
Myanmar,MMR,2020,
Myanmar,MMR,2019,8.82506696804558
Myanmar,MMR,2018,6.87232865662935
Myanmar,MMR,2017,4.5725365531752
Myanmar,MMR,2016,6.92882525816076
Myanmar,MMR,2015,9.45417189526018
Myanmar,MMR,2014,4.953299184844
Myanmar,MMR,2013,5.64303883425501
Myanmar,MMR,2012,1.46758322674679
Myanmar,MMR,2011,5.0214601462073
Myanmar,MMR,2010,7.71838195873614
Myanmar,MMR,2009,1.47234311385647
Myanmar,MMR,2008,26.7995371934022
Myanmar,MMR,2007,35.0245970717698
Myanmar,MMR,2006,19.9964873359214
Myanmar,MMR,2005,9.36861814196704
Myanmar,MMR,2004,4.53421374129692
Myanmar,MMR,2003,36.5897175323924
Myanmar,MMR,2002,57.0745112621703
Myanmar,MMR,2001,21.101305376923
Myanmar,MMR,2000,-0.109165514668565
Myanmar,MMR,1999,18.4010433741609
Myanmar,MMR,1998,51.4875497504079
Myanmar,MMR,1997,29.6972325791529
Myanmar,MMR,1996,16.2753966377374
Myanmar,MMR,1995,25.1947123972847
Myanmar,MMR,1994,24.0987860757019
Myanmar,MMR,1993,31.83160687276
Myanmar,MMR,1992,21.9132104007913
Myanmar,MMR,1991,32.2720382866416
Myanmar,MMR,1990,17.6267750314504
Myanmar,MMR,1989,27.1985264490888
Myanmar,MMR,1988,16.0428021801856
Myanmar,MMR,1987,24.7599999999999
Myanmar,MMR,1986,9.32546190007652
Myanmar,MMR,1985,6.80756655768333
Myanmar,MMR,1984,4.84631154769053
Myanmar,MMR,1983,5.65008336345438
Myanmar,MMR,1982,5.30474040537993
Myanmar,MMR,1981,0.318444733265915
Myanmar,MMR,1980,0.608153083899614
Myanmar,MMR,1979,5.67229502887827
Myanmar,MMR,1978,-6.04470612570265
Myanmar,MMR,1977,-1.15668724252864
Myanmar,MMR,1976,22.3844016992292
Myanmar,MMR,1975,31.6556629348014
Myanmar,MMR,1974,25.2116613422039
Myanmar,MMR,1973,25.1999999992502
Myanmar,MMR,1972,7.64262648008593
Myanmar,MMR,1971,2.08791208791186
Myanmar,MMR,1970,-4.00843881755277
Myanmar,MMR,1969,-4.33905146321215
Myanmar,MMR,1968,2.37603305787562
Myanmar,MMR,1967,0.833333332291585
Myanmar,MMR,1966,25.4901960784319
Myanmar,MMR,1965,17.6923076923075
Myanmar,MMR,1964,-0.459418068919959
Myanmar,MMR,1963,-2.68256333834103
Myanmar,MMR,1962,-1.61290322727254
Myanmar,MMR,1961,-0.146412882872103
Myanmar,MMR,1960,7.38993710703491
Namibia,NAM,2025,
Namibia,NAM,2024,4.23903922877036
Namibia,NAM,2023,5.87993463284275
Namibia,NAM,2022,6.08128114112413
Namibia,NAM,2021,3.61690530108814
Namibia,NAM,2020,2.20938236933469
Namibia,NAM,2019,3.72239414422695
Namibia,NAM,2018,4.29159105337875
Namibia,NAM,2017,6.14579981111164
Namibia,NAM,2016,6.72858234593338
Namibia,NAM,2015,3.39401538410559
Namibia,NAM,2014,5.35016966859602
Namibia,NAM,2013,5.60092502290401
Namibia,NAM,2012,6.72199777334886
Namibia,NAM,2011,5.005595180812
Namibia,NAM,2010,4.8749198764395
Namibia,NAM,2009,9.45172651521705
Namibia,NAM,2008,9.0946430719281
Namibia,NAM,2007,6.54788141101717
Namibia,NAM,2006,4.96116689298916
Namibia,NAM,2005,2.28194607024307
Namibia,NAM,2004,4.13663213144748
Namibia,NAM,2003,7.1361531145863
Namibia,NAM,2002,
Namibia,NAM,2001,
Namibia,NAM,2000,
Namibia,NAM,1999,
Namibia,NAM,1998,
Namibia,NAM,1997,
Namibia,NAM,1996,
Namibia,NAM,1995,
Namibia,NAM,1994,
Namibia,NAM,1993,
Namibia,NAM,1992,
Namibia,NAM,1991,
Namibia,NAM,1990,
Namibia,NAM,1989,
Namibia,NAM,1988,
Namibia,NAM,1987,
Namibia,NAM,1986,
Namibia,NAM,1985,
Namibia,NAM,1984,
Namibia,NAM,1983,
Namibia,NAM,1982,
Namibia,NAM,1981,
Namibia,NAM,1980,
Namibia,NAM,1979,
Namibia,NAM,1978,
Namibia,NAM,1977,
Namibia,NAM,1976,
Namibia,NAM,1975,
Namibia,NAM,1974,
Namibia,NAM,1973,
Namibia,NAM,1972,
Namibia,NAM,1971,
Namibia,NAM,1970,
Namibia,NAM,1969,
Namibia,NAM,1968,
Namibia,NAM,1967,
Namibia,NAM,1966,
Namibia,NAM,1965,
Namibia,NAM,1964,
Namibia,NAM,1963,
Namibia,NAM,1962,
Namibia,NAM,1961,
Namibia,NAM,1960,
Nauru,NRU,2025,
Nauru,NRU,2024,
Nauru,NRU,2023,
Nauru,NRU,2022,
Nauru,NRU,2021,
Nauru,NRU,2020,
Nauru,NRU,2019,
Nauru,NRU,2018,
Nauru,NRU,2017,
Nauru,NRU,2016,
Nauru,NRU,2015,
Nauru,NRU,2014,
Nauru,NRU,2013,
Nauru,NRU,2012,-0.124750499001971
Nauru,NRU,2011,0.3003003003003
Nauru,NRU,2010,
Nauru,NRU,2009,
Nauru,NRU,2008,
Nauru,NRU,2007,
Nauru,NRU,2006,
Nauru,NRU,2005,
Nauru,NRU,2004,
Nauru,NRU,2003,
Nauru,NRU,2002,
Nauru,NRU,2001,
Nauru,NRU,2000,
Nauru,NRU,1999,
Nauru,NRU,1998,
Nauru,NRU,1997,
Nauru,NRU,1996,
Nauru,NRU,1995,
Nauru,NRU,1994,
Nauru,NRU,1993,
Nauru,NRU,1992,
Nauru,NRU,1991,
Nauru,NRU,1990,
Nauru,NRU,1989,
Nauru,NRU,1988,
Nauru,NRU,1987,
Nauru,NRU,1986,
Nauru,NRU,1985,
Nauru,NRU,1984,
Nauru,NRU,1983,
Nauru,NRU,1982,
Nauru,NRU,1981,
Nauru,NRU,1980,
Nauru,NRU,1979,
Nauru,NRU,1978,
Nauru,NRU,1977,
Nauru,NRU,1976,
Nauru,NRU,1975,
Nauru,NRU,1974,
Nauru,NRU,1973,
Nauru,NRU,1972,
Nauru,NRU,1971,
Nauru,NRU,1970,
Nauru,NRU,1969,
Nauru,NRU,1968,
Nauru,NRU,1967,
Nauru,NRU,1966,
Nauru,NRU,1965,
Nauru,NRU,1964,
Nauru,NRU,1963,
Nauru,NRU,1962,
Nauru,NRU,1961,
Nauru,NRU,1960,
Nepal,NPL,2025,
Nepal,NPL,2024,4.6850965426577
Nepal,NPL,2023,7.11587261530826
Nepal,NPL,2022,7.6702057938028
Nepal,NPL,2021,4.12676744440695
Nepal,NPL,2020,5.05635826238499
Nepal,NPL,2019,5.56616035243723
Nepal,NPL,2018,4.40659410175714
Nepal,NPL,2017,2.77703998300211
Nepal,NPL,2016,8.7903433200464
Nepal,NPL,2015,7.86890895590891
Nepal,NPL,2014,8.36415469659563
Nepal,NPL,2013,9.04016311917645
Nepal,NPL,2012,9.45980980357125
Nepal,NPL,2011,9.2270754612596
Nepal,NPL,2010,9.32650410745395
Nepal,NPL,2009,11.0948237386987
Nepal,NPL,2008,9.9078300530648
Nepal,NPL,2007,2.26921924439074
Nepal,NPL,2006,6.92033580707589
Nepal,NPL,2005,6.83633265892877
Nepal,NPL,2004,2.8418113124898
Nepal,NPL,2003,5.70700931874738
Nepal,NPL,2002,3.02939948714892
Nepal,NPL,2001,2.6883037354563
Nepal,NPL,2000,2.47882020709136
Nepal,NPL,1999,7.45111260957546
Nepal,NPL,1998,11.2444677818614
Nepal,NPL,1997,4.00998860523181
Nepal,NPL,1996,9.22046662376986
Nepal,NPL,1995,7.62296950698163
Nepal,NPL,1994,8.34928672883384
Nepal,NPL,1993,7.50539419087105
Nepal,NPL,1992,17.1495236243439
Nepal,NPL,1991,15.5574529276949
Nepal,NPL,1990,8.23970037453206
Nepal,NPL,1989,8.84688691232552
Nepal,NPL,1988,8.98300338208989
Nepal,NPL,1987,10.750328044985
Nepal,NPL,1986,18.9989495502395
Nepal,NPL,1985,8.0526412661963
Nepal,NPL,1984,2.84578495716266
Nepal,NPL,1983,12.3772380782712
Nepal,NPL,1982,11.6985465924139
Nepal,NPL,1981,11.1448567278444
Nepal,NPL,1980,14.6845027763768
Nepal,NPL,1979,3.56545378520235
Nepal,NPL,1978,7.34609125083297
Nepal,NPL,1977,9.89885284313483
Nepal,NPL,1976,-3.11323573327195
Nepal,NPL,1975,7.58598521352968
Nepal,NPL,1974,19.8063380280849
Nepal,NPL,1973,11.42977252586
Nepal,NPL,1972,8.3890238963018
Nepal,NPL,1971,-1.99950384520826
Nepal,NPL,1970,15.2372784450359
Nepal,NPL,1969,4.0575916228156
Nepal,NPL,1968,1.1798699737004
Nepal,NPL,1967,-2.80833138334684
Nepal,NPL,1966,14.3889706868656
Nepal,NPL,1965,8.47186932846475
Nepal,NPL,1964,
Nepal,NPL,1963,
Nepal,NPL,1962,
Nepal,NPL,1961,
Nepal,NPL,1960,
Netherlands,NLD,2025,
Netherlands,NLD,2024,3.34754304219953
Netherlands,NLD,2023,3.83839354342808
Netherlands,NLD,2022,10.0012078753473
Netherlands,NLD,2021,2.67572008805385
Netherlands,NLD,2020,1.27246037789161
Netherlands,NLD,2019,2.63369910249591
Netherlands,NLD,2018,1.70349794744479
Netherlands,NLD,2017,1.38145871407216
Netherlands,NLD,2016,0.316666666666652
Netherlands,NLD,2015,0.600248147278776
Netherlands,NLD,2014,0.976035079699679
Netherlands,NLD,2013,2.50689852657875
Netherlands,NLD,2012,2.45554765291614
Netherlands,NLD,2011,2.34107017751373
Netherlands,NLD,2010,1.27530569556679
Netherlands,NLD,2009,1.18977687021548
Netherlands,NLD,2008,2.48650198289457
Netherlands,NLD,2007,1.61385859802102
Netherlands,NLD,2006,1.10150106517709
Netherlands,NLD,2005,1.6881301786962
Netherlands,NLD,2004,1.26364739183177
Netherlands,NLD,2003,2.09199838997655
Netherlands,NLD,2002,3.28753104712766
Netherlands,NLD,2001,4.15584127195612
Netherlands,NLD,2000,2.36052233801958
Netherlands,NLD,1999,2.1571791805505
Netherlands,NLD,1998,1.95913632274257
Netherlands,NLD,1997,2.10924562739483
Netherlands,NLD,1996,2.11378787066774
Netherlands,NLD,1995,1.92322457166359
Netherlands,NLD,1994,2.80152693672192
Netherlands,NLD,1993,2.58418115634715
Netherlands,NLD,1992,3.18358569499581
Netherlands,NLD,1991,3.15819751859096
Netherlands,NLD,1990,2.45408985919675
Netherlands,NLD,1989,1.08216015577775
Netherlands,NLD,1988,0.737943045747553
Netherlands,NLD,1987,-0.691203091336868
Netherlands,NLD,1986,0.0833479494867508
Netherlands,NLD,1985,2.25858401255268
Netherlands,NLD,1984,3.30163841997983
Netherlands,NLD,1983,2.74084282543433
Netherlands,NLD,1982,5.91109323984916
Netherlands,NLD,1981,6.73892955078451
Netherlands,NLD,1980,6.51345686297215
Netherlands,NLD,1979,4.19929296222732
Netherlands,NLD,1978,4.11201316875867
Netherlands,NLD,1977,6.39930319039242
Netherlands,NLD,1976,8.83064355905726
Netherlands,NLD,1975,10.2174805273043
Netherlands,NLD,1974,9.591424843251
Netherlands,NLD,1973,8.02220374966094
Netherlands,NLD,1972,7.80279143456221
Netherlands,NLD,1971,7.47769255204135
Netherlands,NLD,1970,3.66891820184056
Netherlands,NLD,1969,7.4217973638689
Netherlands,NLD,1968,3.72079177074764
Netherlands,NLD,1967,3.45532005294176
Netherlands,NLD,1966,5.7621465538999
Netherlands,NLD,1965,3.90802639393659
Netherlands,NLD,1964,5.82376646876146
Netherlands,NLD,1963,3.24365932762645
Netherlands,NLD,1962,2.43114520046464
Netherlands,NLD,1961,1.30763936682729
Netherlands,NLD,1960,2.32394366197217
New Caledonia,NCL,2025,
New Caledonia,NCL,2024,
New Caledonia,NCL,2023,
New Caledonia,NCL,2022,
New Caledonia,NCL,2021,
New Caledonia,NCL,2020,
New Caledonia,NCL,2019,
New Caledonia,NCL,2018,
New Caledonia,NCL,2017,
New Caledonia,NCL,2016,0.578317435520754
New Caledonia,NCL,2015,0.570508141048402
New Caledonia,NCL,2014,0.178851060785511
New Caledonia,NCL,2013,1.27761318992718
New Caledonia,NCL,2012,1.74967234600262
New Caledonia,NCL,2011,2.42899693753383
New Caledonia,NCL,2010,
New Caledonia,NCL,2009,
New Caledonia,NCL,2008,
New Caledonia,NCL,2007,
New Caledonia,NCL,2006,
New Caledonia,NCL,2005,
New Caledonia,NCL,2004,
New Caledonia,NCL,2003,
New Caledonia,NCL,2002,
New Caledonia,NCL,2001,
New Caledonia,NCL,2000,
New Caledonia,NCL,1999,
New Caledonia,NCL,1998,
New Caledonia,NCL,1997,
New Caledonia,NCL,1996,
New Caledonia,NCL,1995,
New Caledonia,NCL,1994,
New Caledonia,NCL,1993,
New Caledonia,NCL,1992,
New Caledonia,NCL,1991,
New Caledonia,NCL,1990,
New Caledonia,NCL,1989,
New Caledonia,NCL,1988,
New Caledonia,NCL,1987,
New Caledonia,NCL,1986,
New Caledonia,NCL,1985,
New Caledonia,NCL,1984,
New Caledonia,NCL,1983,
New Caledonia,NCL,1982,
New Caledonia,NCL,1981,
New Caledonia,NCL,1980,
New Caledonia,NCL,1979,
New Caledonia,NCL,1978,
New Caledonia,NCL,1977,
New Caledonia,NCL,1976,
New Caledonia,NCL,1975,
New Caledonia,NCL,1974,
New Caledonia,NCL,1973,
New Caledonia,NCL,1972,
New Caledonia,NCL,1971,
New Caledonia,NCL,1970,
New Caledonia,NCL,1969,
New Caledonia,NCL,1968,
New Caledonia,NCL,1967,
New Caledonia,NCL,1966,
New Caledonia,NCL,1965,
New Caledonia,NCL,1964,
New Caledonia,NCL,1963,
New Caledonia,NCL,1962,
New Caledonia,NCL,1961,
New Caledonia,NCL,1960,
New Zealand,NZL,2025,
New Zealand,NZL,2024,2.92279782301957
New Zealand,NZL,2023,5.73316283034957
New Zealand,NZL,2022,7.17222476016441
New Zealand,NZL,2021,3.94112060778728
New Zealand,NZL,2020,1.71456170007245
New Zealand,NZL,2019,1.61963190184048
New Zealand,NZL,2018,1.59829703801696
New Zealand,NZL,2017,1.85078767452536
New Zealand,NZL,2016,0.646240284454524
New Zealand,NZL,2015,0.292704628136101
New Zealand,NZL,2014,1.227507505974
New Zealand,NZL,2013,1.13442266445817
New Zealand,NZL,2012,1.05991318445632
New Zealand,NZL,2011,4.0279066739204
New Zealand,NZL,2010,2.30202385958572
New Zealand,NZL,2009,2.1156511055456
New Zealand,NZL,2008,3.9589493731206
New Zealand,NZL,2007,2.37614310290659
New Zealand,NZL,2006,3.36540196171993
New Zealand,NZL,2005,3.03702332617012
New Zealand,NZL,2004,2.29024902847571
New Zealand,NZL,2003,1.75357444759557
New Zealand,NZL,2002,2.67709257711605
New Zealand,NZL,2001,2.62581630392903
New Zealand,NZL,2000,2.6152344624632
New Zealand,NZL,1999,-0.114267129777524
New Zealand,NZL,1998,1.26524409915406
New Zealand,NZL,1997,1.18714833105632
New Zealand,NZL,1996,2.28571305402195
New Zealand,NZL,1995,3.75494413677554
New Zealand,NZL,1994,1.74537790773743
New Zealand,NZL,1993,1.28820776574386
New Zealand,NZL,1992,1.01456027171236
New Zealand,NZL,1991,2.60239285999773
New Zealand,NZL,1990,6.09844414810204
New Zealand,NZL,1989,5.7159915513563
New Zealand,NZL,1988,6.37524944411053
New Zealand,NZL,1987,15.7443007888927
New Zealand,NZL,1986,13.2133980640021
New Zealand,NZL,1985,15.4176555719917
New Zealand,NZL,1984,6.17125347924442
New Zealand,NZL,1983,7.34107586057345
New Zealand,NZL,1982,16.1636941231018
New Zealand,NZL,1981,15.3701595831853
New Zealand,NZL,1980,17.1505454240954
New Zealand,NZL,1979,13.6995950156642
New Zealand,NZL,1978,11.9566179733303
New Zealand,NZL,1977,14.3835494194622
New Zealand,NZL,1976,16.906857005945
New Zealand,NZL,1975,14.6849834723994
New Zealand,NZL,1974,11.1094020122224
New Zealand,NZL,1973,8.16666927326658
New Zealand,NZL,1972,6.93280459206854
New Zealand,NZL,1971,10.3875683188138
New Zealand,NZL,1970,6.5171810515548
New Zealand,NZL,1969,4.92524242695133
New Zealand,NZL,1968,4.31192496550194
New Zealand,NZL,1967,6.05692006267522
New Zealand,NZL,1966,2.75548077542815
New Zealand,NZL,1965,3.39748975611084
New Zealand,NZL,1964,3.4749054767661
New Zealand,NZL,1963,1.96849850441887
New Zealand,NZL,1962,2.68085396987461
New Zealand,NZL,1961,1.79770429009208
New Zealand,NZL,1960,0.697929233796477
Nicaragua,NIC,2025,
Nicaragua,NIC,2024,4.62473841057141
Nicaragua,NIC,2023,8.38765854872536
Nicaragua,NIC,2022,10.4674244465991
Nicaragua,NIC,2021,4.92841396948968
Nicaragua,NIC,2020,3.68181341625572
Nicaragua,NIC,2019,5.37628990844126
Nicaragua,NIC,2018,4.94723728039886
Nicaragua,NIC,2017,3.85067166284727
Nicaragua,NIC,2016,3.52317317628473
Nicaragua,NIC,2015,3.99737996694396
Nicaragua,NIC,2014,6.03596861798425
Nicaragua,NIC,2013,7.13546785289407
Nicaragua,NIC,2012,7.1935505333896
Nicaragua,NIC,2011,8.082387980991
Nicaragua,NIC,2010,5.45513425887423
Nicaragua,NIC,2009,3.68700160498797
Nicaragua,NIC,2008,19.8262031287429
Nicaragua,NIC,2007,11.1269347446118
Nicaragua,NIC,2006,9.1401996677772
Nicaragua,NIC,2005,9.59909986064425
Nicaragua,NIC,2004,8.47021063584077
Nicaragua,NIC,2003,5.30238773219936
Nicaragua,NIC,2002,3.75017465778466
Nicaragua,NIC,2001,5.98604186279518
Nicaragua,NIC,2000,7.06991352252517
Nicaragua,NIC,1999,
Nicaragua,NIC,1998,
Nicaragua,NIC,1997,
Nicaragua,NIC,1996,
Nicaragua,NIC,1995,
Nicaragua,NIC,1994,
Nicaragua,NIC,1993,
Nicaragua,NIC,1992,
Nicaragua,NIC,1991,
Nicaragua,NIC,1990,
Nicaragua,NIC,1989,
Nicaragua,NIC,1988,
Nicaragua,NIC,1987,
Nicaragua,NIC,1986,
Nicaragua,NIC,1985,
Nicaragua,NIC,1984,
Nicaragua,NIC,1983,
Nicaragua,NIC,1982,
Nicaragua,NIC,1981,
Nicaragua,NIC,1980,
Nicaragua,NIC,1979,
Nicaragua,NIC,1978,
Nicaragua,NIC,1977,
Nicaragua,NIC,1976,
Nicaragua,NIC,1975,
Nicaragua,NIC,1974,
Nicaragua,NIC,1973,
Nicaragua,NIC,1972,
Nicaragua,NIC,1971,
Nicaragua,NIC,1970,
Nicaragua,NIC,1969,
Nicaragua,NIC,1968,
Nicaragua,NIC,1967,
Nicaragua,NIC,1966,
Nicaragua,NIC,1965,
Nicaragua,NIC,1964,
Nicaragua,NIC,1963,
Nicaragua,NIC,1962,
Nicaragua,NIC,1961,
Nicaragua,NIC,1960,
Niger,NER,2025,
Niger,NER,2024,9.07151997725013
Niger,NER,2023,3.70097316425834
Niger,NER,2022,4.22621791916392
Niger,NER,2021,3.8378680284051
Niger,NER,2020,2.8981937602627
Niger,NER,2019,-2.48979265070855
Niger,NER,2018,2.96760366004456
Niger,NER,2017,2.79637318871284
Niger,NER,2016,1.65388922387806
Niger,NER,2015,-0.576090369833189
Niger,NER,2014,-0.930287259984466
Niger,NER,2013,2.29723114955317
Niger,NER,2012,0.455089820359289
Niger,NER,2011,2.9423851401332
Niger,NER,2010,0.804073080882659
Niger,NER,2009,0.582906590801122
Niger,NER,2008,11.3051098827019
Niger,NER,2007,0.0539592607581562
Niger,NER,2006,0.0404858299595074
Niger,NER,2005,7.7974978178644
Niger,NER,2004,0.262543757292838
Niger,NER,2003,-1.61440769175596
Niger,NER,2002,2.62886597938136
Niger,NER,2001,4.00551428352678
Niger,NER,2000,2.90014973599108
Niger,NER,1999,-2.30212503849648
Niger,NER,1998,4.5480157771872
Niger,NER,1997,2.93345253394422
Niger,NER,1996,5.28885751264882
Niger,NER,1995,10.5632886691814
Niger,NER,1994,36.0410583134241
Niger,NER,1993,-1.21503496503496
Niger,NER,1992,-4.47561790247176
Niger,NER,1991,-7.79664179104467
Niger,NER,1990,-0.775653010977504
Niger,NER,1989,-2.84352517985618
Niger,NER,1988,-1.39396304047091
Niger,NER,1987,-6.71210892901195
Niger,NER,1986,-3.20757134165687
Niger,NER,1985,-0.923399123994819
Niger,NER,1984,8.36442411829965
Niger,NER,1983,-2.48960568671488
Niger,NER,1982,11.6418357416785
Niger,NER,1981,22.9134075641635
Niger,NER,1980,10.3052757124046
Niger,NER,1979,7.2678770722336
Niger,NER,1978,10.0932002756994
Niger,NER,1977,23.251089606333
Niger,NER,1976,23.5296801569284
Niger,NER,1975,9.11580205137059
Niger,NER,1974,3.39750849373326
Niger,NER,1973,11.7850155367474
Niger,NER,1972,9.75116837202703
Niger,NER,1971,4.19161676648677
Niger,NER,1970,1.11783884490559
Niger,NER,1969,10.6456600158433
Niger,NER,1968,-2.92309891297468
Niger,NER,1967,0.430663221364437
Niger,NER,1966,10.5714285704761
Niger,NER,1965,4.37375745630592
Niger,NER,1964,1.00401606426671
Niger,NER,1963,
Niger,NER,1962,
Niger,NER,1961,
Niger,NER,1960,
Nigeria,NGA,2025,
Nigeria,NGA,2024,33.2420966545406
Nigeria,NGA,2023,24.659550203114
Nigeria,NGA,2022,18.8471877843274
Nigeria,NGA,2021,16.9528457221608
Nigeria,NGA,2020,13.2460234276597
Nigeria,NGA,2019,11.3964223378116
Nigeria,NGA,2018,12.0951065173432
Nigeria,NGA,2017,16.5022662139641
Nigeria,NGA,2016,15.6968126387972
Nigeria,NGA,2015,9.00943498007706
Nigeria,NGA,2014,8.04741087967907
Nigeria,NGA,2013,8.49551838265669
Nigeria,NGA,2012,12.2242413020584
Nigeria,NGA,2011,10.8261371880017
Nigeria,NGA,2010,13.7400521363694
Nigeria,NGA,2009,12.5378277304689
Nigeria,NGA,2008,11.5810751748252
Nigeria,NGA,2007,5.38800796858626
Nigeria,NGA,2006,8.22522152017047
Nigeria,NGA,2005,17.8634933661605
Nigeria,NGA,2004,14.9980338183251
Nigeria,NGA,2003,14.0317836131437
Nigeria,NGA,2002,12.8765792031099
Nigeria,NGA,2001,18.8736462093863
Nigeria,NGA,2000,6.93329215565161
Nigeria,NGA,1999,6.61837339479751
Nigeria,NGA,1998,9.99637812386806
Nigeria,NGA,1997,8.52987421383634
Nigeria,NGA,1996,29.2682926829271
Nigeria,NGA,1995,72.8355022972638
Nigeria,NGA,1994,57.0317089119659
Nigeria,NGA,1993,57.1652528349217
Nigeria,NGA,1992,44.588842715023
Nigeria,NGA,1991,13.0069731037428
Nigeria,NGA,1990,7.36440030557696
Nigeria,NGA,1989,50.4666881235915
Nigeria,NGA,1988,54.5112247797673
Nigeria,NGA,1987,11.2903225806451
Nigeria,NGA,1986,5.71715145436302
Nigeria,NGA,1985,7.43534482758635
Nigeria,NGA,1984,17.8205332860842
Nigeria,NGA,1983,23.2123315511559
Nigeria,NGA,1982,7.69774724714249
Nigeria,NGA,1981,20.8128229121949
Nigeria,NGA,1980,9.97226199001424
Nigeria,NGA,1979,11.7097306212118
Nigeria,NGA,1978,21.7092457416665
Nigeria,NGA,1977,15.0878340572687
Nigeria,NGA,1976,24.2999999999997
Nigeria,NGA,1975,33.9641883221776
Nigeria,NGA,1974,12.674393177433
Nigeria,NGA,1973,5.4026644539422
Nigeria,NGA,1972,3.457649752015
Nigeria,NGA,1971,15.9991148482235
Nigeria,NGA,1970,13.757079924793
Nigeria,NGA,1969,10.155979202822
Nigeria,NGA,1968,-0.476059059060833
Nigeria,NGA,1967,-3.72633676514216
Nigeria,NGA,1966,9.69034608375118
Nigeria,NGA,1965,4.10345873811619
Nigeria,NGA,1964,0.856793145737554
Nigeria,NGA,1963,-2.69465535232731
Nigeria,NGA,1962,5.26563234621733
Nigeria,NGA,1961,6.27914723477514
Nigeria,NGA,1960,5.4443273618724
North Macedonia,MKD,2025,
North Macedonia,MKD,2024,3.48974086026954
North Macedonia,MKD,2023,9.36187249769015
North Macedonia,MKD,2022,14.2047173195833
North Macedonia,MKD,2021,3.23074912132928
North Macedonia,MKD,2020,1.20007348888469
North Macedonia,MKD,2019,0.766439573459805
North Macedonia,MKD,2018,1.45831298507126
North Macedonia,MKD,2017,1.35161889677442
North Macedonia,MKD,2016,-0.239290787684501
North Macedonia,MKD,2015,-0.299920475631462
North Macedonia,MKD,2014,-0.281705032928494
North Macedonia,MKD,2013,2.78500056726109
North Macedonia,MKD,2012,3.31605566687647
North Macedonia,MKD,2011,3.9047542206974
North Macedonia,MKD,2010,1.50997522027613
North Macedonia,MKD,2009,-0.739633963061192
North Macedonia,MKD,2008,8.33189666968108
North Macedonia,MKD,2007,2.2517579830545
North Macedonia,MKD,2006,3.21362929606345
North Macedonia,MKD,2005,0.525515950714247
North Macedonia,MKD,2004,-0.448650206551934
North Macedonia,MKD,2003,0.855562122724219
North Macedonia,MKD,2002,2.31459794083216
North Macedonia,MKD,2001,5.19888525744048
North Macedonia,MKD,2000,6.60742291038536
North Macedonia,MKD,1999,-1.27928657572628
North Macedonia,MKD,1998,0.544199652523073
North Macedonia,MKD,1997,1.29436487155047
North Macedonia,MKD,1996,2.46660008582917
North Macedonia,MKD,1995,16.3735889723569
North Macedonia,MKD,1994,126.583368336245
North Macedonia,MKD,1993,
North Macedonia,MKD,1992,
North Macedonia,MKD,1991,
North Macedonia,MKD,1990,
North Macedonia,MKD,1989,
North Macedonia,MKD,1988,
North Macedonia,MKD,1987,
North Macedonia,MKD,1986,
North Macedonia,MKD,1985,
North Macedonia,MKD,1984,
North Macedonia,MKD,1983,
North Macedonia,MKD,1982,
North Macedonia,MKD,1981,
North Macedonia,MKD,1980,
North Macedonia,MKD,1979,
North Macedonia,MKD,1978,
North Macedonia,MKD,1977,
North Macedonia,MKD,1976,
North Macedonia,MKD,1975,
North Macedonia,MKD,1974,
North Macedonia,MKD,1973,
North Macedonia,MKD,1972,
North Macedonia,MKD,1971,
North Macedonia,MKD,1970,
North Macedonia,MKD,1969,
North Macedonia,MKD,1968,
North Macedonia,MKD,1967,
North Macedonia,MKD,1966,
North Macedonia,MKD,1965,
North Macedonia,MKD,1964,
North Macedonia,MKD,1963,
North Macedonia,MKD,1962,
North Macedonia,MKD,1961,
North Macedonia,MKD,1960,
Northern Mariana Islands,MNP,2025,
Northern Mariana Islands,MNP,2024,
Northern Mariana Islands,MNP,2023,
Northern Mariana Islands,MNP,2022,
Northern Mariana Islands,MNP,2021,
Northern Mariana Islands,MNP,2020,
Northern Mariana Islands,MNP,2019,
Northern Mariana Islands,MNP,2018,
Northern Mariana Islands,MNP,2017,
Northern Mariana Islands,MNP,2016,
Northern Mariana Islands,MNP,2015,
Northern Mariana Islands,MNP,2014,
Northern Mariana Islands,MNP,2013,
Northern Mariana Islands,MNP,2012,
Northern Mariana Islands,MNP,2011,
Northern Mariana Islands,MNP,2010,
Northern Mariana Islands,MNP,2009,
Northern Mariana Islands,MNP,2008,
Northern Mariana Islands,MNP,2007,
Northern Mariana Islands,MNP,2006,
Northern Mariana Islands,MNP,2005,
Northern Mariana Islands,MNP,2004,
Northern Mariana Islands,MNP,2003,
Northern Mariana Islands,MNP,2002,
Northern Mariana Islands,MNP,2001,
Northern Mariana Islands,MNP,2000,
Northern Mariana Islands,MNP,1999,
Northern Mariana Islands,MNP,1998,
Northern Mariana Islands,MNP,1997,
Northern Mariana Islands,MNP,1996,
Northern Mariana Islands,MNP,1995,
Northern Mariana Islands,MNP,1994,
Northern Mariana Islands,MNP,1993,
Northern Mariana Islands,MNP,1992,
Northern Mariana Islands,MNP,1991,
Northern Mariana Islands,MNP,1990,
Northern Mariana Islands,MNP,1989,
Northern Mariana Islands,MNP,1988,
Northern Mariana Islands,MNP,1987,
Northern Mariana Islands,MNP,1986,
Northern Mariana Islands,MNP,1985,
Northern Mariana Islands,MNP,1984,
Northern Mariana Islands,MNP,1983,
Northern Mariana Islands,MNP,1982,
Northern Mariana Islands,MNP,1981,
Northern Mariana Islands,MNP,1980,
Northern Mariana Islands,MNP,1979,
Northern Mariana Islands,MNP,1978,
Northern Mariana Islands,MNP,1977,
Northern Mariana Islands,MNP,1976,
Northern Mariana Islands,MNP,1975,
Northern Mariana Islands,MNP,1974,
Northern Mariana Islands,MNP,1973,
Northern Mariana Islands,MNP,1972,
Northern Mariana Islands,MNP,1971,
Northern Mariana Islands,MNP,1970,
Northern Mariana Islands,MNP,1969,
Northern Mariana Islands,MNP,1968,
Northern Mariana Islands,MNP,1967,
Northern Mariana Islands,MNP,1966,
Northern Mariana Islands,MNP,1965,
Northern Mariana Islands,MNP,1964,
Northern Mariana Islands,MNP,1963,
Northern Mariana Islands,MNP,1962,
Northern Mariana Islands,MNP,1961,
Northern Mariana Islands,MNP,1960,
Norway,NOR,2025,
Norway,NOR,2024,3.14530134431081
Norway,NOR,2023,5.51784987104659
Norway,NOR,2022,5.76412317852272
Norway,NOR,2021,3.48388055266669
Norway,NOR,2020,1.28658490707996
Norway,NOR,2019,2.16773003305411
Norway,NOR,2018,2.76483134528797
Norway,NOR,2017,1.87510059552545
Norway,NOR,2016,3.55000000000007
Norway,NOR,2015,2.17113665389527
Norway,NOR,2014,2.04170286707211
Norway,NOR,2013,2.12048620353112
Norway,NOR,2012,0.696864111498263
Norway,NOR,2011,1.2849515880916
Norway,NOR,2010,2.41890639481003
Norway,NOR,2009,2.19738586853568
Norway,NOR,2008,3.75393081761005
Norway,NOR,2007,0.712589073634201
Norway,NOR,2006,2.3293498075755
Norway,NOR,2005,1.53213367609249
Norway,NOR,2004,0.454498502220863
Norway,NOR,2003,2.48782553461781
Norway,NOR,2002,1.28672528415184
Norway,NOR,2001,3.00419703998233
Norway,NOR,2000,3.08550609131279
Norway,NOR,1999,2.36596736596733
Norway,NOR,1998,2.25241329996429
Norway,NOR,1997,2.56692335900252
Norway,NOR,1996,1.26253249164501
Norway,NOR,1995,2.46036778693729
Norway,NOR,1994,1.37567498071478
Norway,NOR,1993,2.28826933193061
Norway,NOR,1992,2.32808504911848
Norway,NOR,1991,3.43819599109134
Norway,NOR,1990,4.1310334831135
Norway,NOR,1989,4.5461433550538
Norway,NOR,1988,6.6763659877142
Norway,NOR,1987,8.7170474516696
Norway,NOR,1986,7.1764927481635
Norway,NOR,1985,5.71485463958583
Norway,NOR,1984,6.21827411167509
Norway,NOR,1983,8.46524432209224
Norway,NOR,1982,11.3409961685823
Norway,NOR,1981,13.6429608127721
Norway,NOR,1980,10.8786610878661
Norway,NOR,1979,4.50972761206209
Norway,NOR,1978,8.1616715433962
Norway,NOR,1977,9.10383971160297
Norway,NOR,1976,9.16147276547566
Norway,NOR,1975,11.6892234816853
Norway,NOR,1974,9.4117681321189
Norway,NOR,1973,7.41947283637503
Norway,NOR,1972,7.2584358296152
Norway,NOR,1971,6.22386323501293
Norway,NOR,1970,10.6372065264183
Norway,NOR,1969,2.96294951075211
Norway,NOR,1968,3.44829324254207
Norway,NOR,1967,4.57926975753998
Norway,NOR,1966,3.25056334305309
Norway,NOR,1965,4.18722443997995
Norway,NOR,1964,5.86701538751924
Norway,NOR,1963,2.47161052896502
Norway,NOR,1962,5.27425952920728
Norway,NOR,1961,2.15517277670924
Norway,NOR,1960,0.360492346844599
Oman,OMN,2025,
Oman,OMN,2024,0.593589236248469
Oman,OMN,2023,0.950782997762827
Oman,OMN,2022,2.5061425061425
Oman,OMN,2021,1.68221185876085
Oman,OMN,2020,-0.40640291946585
Oman,OMN,2019,0.490815362820671
Oman,OMN,2018,0.889312370970404
Oman,OMN,2017,1.58909413567799
Oman,OMN,2016,1.10920805807027
Oman,OMN,2015,0.0652901330286599
Oman,OMN,2014,1.01401483924156
Oman,OMN,2013,1.05354820265932
Oman,OMN,2012,2.94773495257209
Oman,OMN,2011,4.0421886711639
Oman,OMN,2010,3.25657959078624
Oman,OMN,2009,3.46881023754893
Oman,OMN,2008,12.3754091529912
Oman,OMN,2007,5.8304841809271
Oman,OMN,2006,3.54498591605033
Oman,OMN,2005,1.90983553531865
Oman,OMN,2004,0.624969062631367
Oman,OMN,2003,0.231328682267143
Oman,OMN,2002,-0.279578822571373
Oman,OMN,2001,-0.816666666666656
Oman,OMN,2000,
Oman,OMN,1999,
Oman,OMN,1998,
Oman,OMN,1997,
Oman,OMN,1996,
Oman,OMN,1995,
Oman,OMN,1994,
Oman,OMN,1993,
Oman,OMN,1992,
Oman,OMN,1991,
Oman,OMN,1990,
Oman,OMN,1989,
Oman,OMN,1988,
Oman,OMN,1987,
Oman,OMN,1986,
Oman,OMN,1985,
Oman,OMN,1984,
Oman,OMN,1983,
Oman,OMN,1982,
Oman,OMN,1981,
Oman,OMN,1980,
Oman,OMN,1979,
Oman,OMN,1978,
Oman,OMN,1977,
Oman,OMN,1976,
Oman,OMN,1975,
Oman,OMN,1974,
Oman,OMN,1973,
Oman,OMN,1972,
Oman,OMN,1971,
Oman,OMN,1970,
Oman,OMN,1969,
Oman,OMN,1968,
Oman,OMN,1967,
Oman,OMN,1966,
Oman,OMN,1965,
Oman,OMN,1964,
Oman,OMN,1963,
Oman,OMN,1962,
Oman,OMN,1961,
Oman,OMN,1960,
Pakistan,PAK,2025,
Pakistan,PAK,2024,12.6325318530452
Pakistan,PAK,2023,30.7681280657005
Pakistan,PAK,2022,19.8738599646655
Pakistan,PAK,2021,9.49641577285205
Pakistan,PAK,2020,9.74011619320125
Pakistan,PAK,2019,10.5780305672025
Pakistan,PAK,2018,5.07805725868917
Pakistan,PAK,2017,4.08537368032608
Pakistan,PAK,2016,3.7651191635658
Pakistan,PAK,2015,2.52932817254229
Pakistan,PAK,2014,7.18938402847028
Pakistan,PAK,2013,7.69215611899565
Pakistan,PAK,2012,9.68235186055684
Pakistan,PAK,2011,11.9160927116277
Pakistan,PAK,2010,12.9388705634889
Pakistan,PAK,2009,13.6477650639761
Pakistan,PAK,2008,20.2861210929554
Pakistan,PAK,2007,7.59868441050774
Pakistan,PAK,2006,7.92108440058789
Pakistan,PAK,2005,9.06332737030417
Pakistan,PAK,2004,7.44462469342739
Pakistan,PAK,2003,2.91413470059479
Pakistan,PAK,2002,3.29034472613153
Pakistan,PAK,2001,3.14826144590618
Pakistan,PAK,2000,4.36666451291681
Pakistan,PAK,1999,4.14263718082171
Pakistan,PAK,1998,6.22800415424543
Pakistan,PAK,1997,11.3754928865122
Pakistan,PAK,1996,10.3738085885002
Pakistan,PAK,1995,12.3435785170513
Pakistan,PAK,1994,12.3681943936948
Pakistan,PAK,1993,9.97366476029209
Pakistan,PAK,1992,9.5090414619015
Pakistan,PAK,1991,11.7912703351416
Pakistan,PAK,1990,9.05213155279776
Pakistan,PAK,1989,7.84426473740044
Pakistan,PAK,1988,8.83793701817773
Pakistan,PAK,1987,4.68121854620213
Pakistan,PAK,1986,3.50641424758205
Pakistan,PAK,1985,5.61483921793224
Pakistan,PAK,1984,6.08716673573716
Pakistan,PAK,1983,6.362033499853
Pakistan,PAK,1982,5.90352878435863
Pakistan,PAK,1981,11.8799135925283
Pakistan,PAK,1980,11.9382309107087
Pakistan,PAK,1979,8.26704697617572
Pakistan,PAK,1978,6.13869266742743
Pakistan,PAK,1977,10.1329676874055
Pakistan,PAK,1976,7.15832373118465
Pakistan,PAK,1975,20.9045094573998
Pakistan,PAK,1974,26.6630348537488
Pakistan,PAK,1973,23.0700840250844
Pakistan,PAK,1972,5.18323764549138
Pakistan,PAK,1971,4.73069148232272
Pakistan,PAK,1970,5.34984090983017
Pakistan,PAK,1969,3.18698679573686
Pakistan,PAK,1968,0.170627348438101
Pakistan,PAK,1967,6.81139963428688
Pakistan,PAK,1966,7.22762159787735
Pakistan,PAK,1965,5.56863547936375
Pakistan,PAK,1964,4.17958688145319
Pakistan,PAK,1963,1.45648844797496
Pakistan,PAK,1962,-0.5164622336985
Pakistan,PAK,1961,1.64041994750609
Pakistan,PAK,1960,6.94736842105289
Palau,PLW,2025,
Palau,PLW,2024,2.23172772921704
Palau,PLW,2023,12.8199748216534
Palau,PLW,2022,12.3526638378124
Palau,PLW,2021,2.6124818577648
Palau,PLW,2020,0.218181818181833
Palau,PLW,2019,0.26737967914444
Palau,PLW,2018,2.10970464135017
Palau,PLW,2017,1.4179881966692
Palau,PLW,2016,-1.04230533415074
Palau,PLW,2015,0.949040643697081
Palau,PLW,2014,4.19174548581256
Palau,PLW,2013,3.35481004221287
Palau,PLW,2012,3.61418047882138
Palau,PLW,2011,4.6746987951807
Palau,PLW,2010,1.44219017355169
Palau,PLW,2009,1.43813538308953
Palau,PLW,2008,11.9655746807329
Palau,PLW,2007,3.23875035826881
Palau,PLW,2006,4.42981143370254
Palau,PLW,2005,3.9514623522091
Palau,PLW,2004,4.96407576747217
Palau,PLW,2003,0.922874093605824
Palau,PLW,2002,-1.30123617436562
Palau,PLW,2001,
Palau,PLW,2000,
Palau,PLW,1999,
Palau,PLW,1998,
Palau,PLW,1997,
Palau,PLW,1996,
Palau,PLW,1995,
Palau,PLW,1994,
Palau,PLW,1993,
Palau,PLW,1992,
Palau,PLW,1991,
Palau,PLW,1990,
Palau,PLW,1989,
Palau,PLW,1988,
Palau,PLW,1987,
Palau,PLW,1986,
Palau,PLW,1985,
Palau,PLW,1984,
Palau,PLW,1983,
Palau,PLW,1982,
Palau,PLW,1981,
Palau,PLW,1980,
Palau,PLW,1979,
Palau,PLW,1978,
Palau,PLW,1977,
Palau,PLW,1976,
Palau,PLW,1975,
Palau,PLW,1974,
Palau,PLW,1973,
Palau,PLW,1972,
Palau,PLW,1971,
Palau,PLW,1970,
Palau,PLW,1969,
Palau,PLW,1968,
Palau,PLW,1967,
Palau,PLW,1966,
Palau,PLW,1965,
Palau,PLW,1964,
Palau,PLW,1963,
Palau,PLW,1962,
Palau,PLW,1961,
Palau,PLW,1960,
Panama,PAN,2025,
Panama,PAN,2024,0.693225551004538
Panama,PAN,2023,1.48641355277038
Panama,PAN,2022,2.85965128834711
Panama,PAN,2021,1.63070337301898
Panama,PAN,2020,-1.5502754080376
Panama,PAN,2019,-0.355083821021245
Panama,PAN,2018,0.761578359399944
Panama,PAN,2017,0.875585918759878
Panama,PAN,2016,0.739734025300033
Panama,PAN,2015,0.137492058461504
Panama,PAN,2014,2.62652699929151
Panama,PAN,2013,4.0271599157106
Panama,PAN,2012,5.69819959165992
Panama,PAN,2011,5.8758024367877
Panama,PAN,2010,3.491288726188
Panama,PAN,2009,2.409053040822
Panama,PAN,2008,8.75868317728784
Panama,PAN,2007,4.16863300298887
Panama,PAN,2006,2.45789346442096
Panama,PAN,2005,2.85588324760959
Panama,PAN,2004,0.474723078204336
Panama,PAN,2003,0.391666666666657
Panama,PAN,2002,1.00583090379039
Panama,PAN,2001,0.307062436028722
Panama,PAN,2000,1.49896111605777
Panama,PAN,1999,1.24718256949636
Panama,PAN,1998,0.559081293442493
Panama,PAN,1997,1.32435122100608
Panama,PAN,1996,1.25571661111548
Panama,PAN,1995,0.994206982933841
Panama,PAN,1994,1.26843190106196
Panama,PAN,1993,0.453930078840388
Panama,PAN,1992,1.82452156989957
Panama,PAN,1991,1.25626077674688
Panama,PAN,1990,0.769485354956023
Panama,PAN,1989,0.205867258317745
Panama,PAN,1988,0.35922084492817
Panama,PAN,1987,0.996423096679178
Panama,PAN,1986,-0.0663841083593552
Panama,PAN,1985,1.02661989275157
Panama,PAN,1984,1.58264332858587
Panama,PAN,1983,2.10284124368167
Panama,PAN,1982,4.25057176328124
Panama,PAN,1981,7.30232836526219
Panama,PAN,1980,13.8079019078008
Panama,PAN,1979,7.98881859610768
Panama,PAN,1978,4.20052123266097
Panama,PAN,1977,4.58553791889613
Panama,PAN,1976,3.94999999941722
Panama,PAN,1975,5.88104130650944
Panama,PAN,1974,16.2680666277125
Panama,PAN,1973,6.85643050053377
Panama,PAN,1972,5.40954883948926
Panama,PAN,1971,1.91964285715142
Panama,PAN,1970,3.08329498367029
Panama,PAN,1969,1.82755388941356
Panama,PAN,1968,1.61904761953549
Panama,PAN,1967,1.37581462709177
Panama,PAN,1966,0.193470375092593
Panama,PAN,1965,0.461613216719862
Panama,PAN,1964,2.41353570491375
Panama,PAN,1963,0.449887528120002
Panama,PAN,1962,0.788002033555912
Panama,PAN,1961,0.613810741946727
Panama,PAN,1960,0.0511770724157666
Papua New Guinea,PNG,2025,
Papua New Guinea,PNG,2024,0.602403921107917
Papua New Guinea,PNG,2023,2.29869991296791
Papua New Guinea,PNG,2022,5.25323922215241
Papua New Guinea,PNG,2021,4.48359014042398
Papua New Guinea,PNG,2020,4.87167398565555
Papua New Guinea,PNG,2019,3.92867290939597
Papua New Guinea,PNG,2018,4.37448921453162
Papua New Guinea,PNG,2017,5.42204568023834
Papua New Guinea,PNG,2016,6.6737288135593
Papua New Guinea,PNG,2015,5.99595778127107
Papua New Guinea,PNG,2014,5.22211720226841
Papua New Guinea,PNG,2013,4.9603174603175
Papua New Guinea,PNG,2012,4.53720508166972
Papua New Guinea,PNG,2011,4.44083401028971
Papua New Guinea,PNG,2010,6.01360893567856
Papua New Guinea,PNG,2009,6.91832532601224
Papua New Guinea,PNG,2008,10.7614182326827
Papua New Guinea,PNG,2007,0.91135045567524
Papua New Guinea,PNG,2006,2.3684623841683
Papua New Guinea,PNG,2005,1.78080439925826
Papua New Guinea,PNG,2004,2.15893131266946
Papua New Guinea,PNG,2003,14.7090779663557
Papua New Guinea,PNG,2002,11.7994470972606
Papua New Guinea,PNG,2001,9.29817332783968
Papua New Guinea,PNG,2000,15.5958933107535
Papua New Guinea,PNG,1999,14.9321817407701
Papua New Guinea,PNG,1998,13.5741917656809
Papua New Guinea,PNG,1997,3.96437805228409
Papua New Guinea,PNG,1996,11.6241782908448
Papua New Guinea,PNG,1995,17.280932681459
Papua New Guinea,PNG,1994,2.85272217387134
Papua New Guinea,PNG,1993,4.97411430311646
Papua New Guinea,PNG,1992,4.30961457009748
Papua New Guinea,PNG,1991,6.96568127760753
Papua New Guinea,PNG,1990,6.9533615990307
Papua New Guinea,PNG,1989,4.48044551322661
Papua New Guinea,PNG,1988,5.44508207660464
Papua New Guinea,PNG,1987,3.33747069369721
Papua New Guinea,PNG,1986,5.45375218150084
Papua New Guinea,PNG,1985,3.71040723981909
Papua New Guinea,PNG,1984,7.42060920354786
Papua New Guinea,PNG,1983,7.90209790139863
Papua New Guinea,PNG,1982,5.53505535055348
Papua New Guinea,PNG,1981,8.05422647614106
Papua New Guinea,PNG,1980,12.0643431636459
Papua New Guinea,PNG,1979,5.76559546319348
Papua New Guinea,PNG,1978,5.79999999899959
Papua New Guinea,PNG,1977,4.52858203462227
Papua New Guinea,PNG,1976,7.65664961624512
Papua New Guinea,PNG,1975,10.4909925823773
Papua New Guinea,PNG,1974,23.1672830103248
Papua New Guinea,PNG,1973,8.34315342947217
Papua New Guinea,PNG,1972,6.07499999951511
Papua New Guinea,PNG,1971,
Papua New Guinea,PNG,1970,
Papua New Guinea,PNG,1969,
Papua New Guinea,PNG,1968,
Papua New Guinea,PNG,1967,
Papua New Guinea,PNG,1966,
Papua New Guinea,PNG,1965,
Papua New Guinea,PNG,1964,
Papua New Guinea,PNG,1963,
Papua New Guinea,PNG,1962,
Papua New Guinea,PNG,1961,
Papua New Guinea,PNG,1960,
Paraguay,PRY,2025,
Paraguay,PRY,2024,3.83540271728533
Paraguay,PRY,2023,4.63202285403356
Paraguay,PRY,2022,9.76556667164402
Paraguay,PRY,2021,4.787983101236
Paraguay,PRY,2020,1.76751592356698
Paraguay,PRY,2019,2.75709727562775
Paraguay,PRY,2018,3.97561015740694
Paraguay,PRY,2017,3.60247741348943
Paraguay,PRY,2016,4.08682280577241
Paraguay,PRY,2015,3.12900274473925
Paraguay,PRY,2014,5.02882767456766
Paraguay,PRY,2013,2.68385738718582
Paraguay,PRY,2012,3.67591897974496
Paraguay,PRY,2011,8.2539682539683
Paraguay,PRY,2010,4.65116279069765
Paraguay,PRY,2009,2.59194673430567
Paraguay,PRY,2008,10.1547846489023
Paraguay,PRY,2007,8.13047417698577
Paraguay,PRY,2006,9.58934941129229
Paraguay,PRY,2005,6.80738203116377
Paraguay,PRY,2004,4.32326492967491
Paraguay,PRY,2003,14.2367970499143
Paraguay,PRY,2002,10.5102420856612
Paraguay,PRY,2001,7.26806028584825
Paraguay,PRY,2000,8.98215976750022
Paraguay,PRY,1999,6.75226586102725
Paraguay,PRY,1998,11.5532684355839
Paraguay,PRY,1997,6.94956608534118
Paraguay,PRY,1996,9.79968339016083
Paraguay,PRY,1995,13.4254143646407
Paraguay,PRY,1994,20.5661948376355
Paraguay,PRY,1993,18.2086614173228
Paraguay,PRY,1992,15.192743764172
Paraguay,PRY,1991,24.2253521126763
Paraguay,PRY,1990,37.2599561799201
Paraguay,PRY,1989,26.4221267235586
Paraguay,PRY,1988,22.5942571785268
Paraguay,PRY,1987,21.8102740350983
Paraguay,PRY,1986,31.7425972672999
Paraguay,PRY,1985,25.2107164358818
Paraguay,PRY,1984,20.3114625460255
Paraguay,PRY,1983,13.4337555631631
Paraguay,PRY,1982,5.12006543713188
Paraguay,PRY,1981,12.9746974698193
Paraguay,PRY,1980,22.4473301362177
Paraguay,PRY,1979,28.1610386024436
Paraguay,PRY,1978,10.6602475929181
Paraguay,PRY,1977,9.35985291662838
Paraguay,PRY,1976,4.47461474664498
Paraguay,PRY,1975,6.69306008366748
Paraguay,PRY,1974,25.2333177791075
Paraguay,PRY,1973,12.796894532602
Paraguay,PRY,1972,9.18037497303685
Paraguay,PRY,1971,4.95325693640987
Paraguay,PRY,1970,-0.859556021006909
Paraguay,PRY,1969,2.24684753574717
Paraguay,PRY,1968,0.708073577854366
Paraguay,PRY,1967,1.36526759221905
Paraguay,PRY,1966,2.87319422160326
Paraguay,PRY,1965,3.8592981578052
Paraguay,PRY,1964,1.36986301369865
Paraguay,PRY,1963,2.09790209790211
Paraguay,PRY,1962,1.41843971631208
Paraguay,PRY,1961,18.4873949579832
Paraguay,PRY,1960,8.18181818181802
Peru,PER,2025,
Peru,PER,2024,2.00770739412712
Peru,PER,2023,6.45561348369586
Peru,PER,2022,8.33370630096231
Peru,PER,2021,4.27166381536798
Peru,PER,2020,2.00241205759292
Peru,PER,2019,2.25212191358027
Peru,PER,2018,1.50915423024742
Peru,PER,2017,2.99490045809443
Peru,PER,2016,3.55717663556279
Peru,PER,2015,3.39809194746308
Peru,PER,2014,3.41194579807465
Peru,PER,2013,2.76789666082002
Peru,PER,2012,3.61121294940163
Peru,PER,2011,3.36931095333853
Peru,PER,2010,1.52832059732901
Peru,PER,2009,2.936231535967
Peru,PER,2008,5.78587598206755
Peru,PER,2007,1.77998644680372
Peru,PER,2006,2.00225801248819
Peru,PER,2005,1.61630193862544
Peru,PER,2004,3.66247320092233
Peru,PER,2003,2.25937753363072
Peru,PER,2002,0.193135003853722
Peru,PER,2001,1.97709878502053
Peru,PER,2000,3.75733833344474
Peru,PER,1999,3.46965996293019
Peru,PER,1998,7.24782175213469
Peru,PER,1997,8.56218948953653
Peru,PER,1996,11.5379424115177
Peru,PER,1995,11.1287029707089
Peru,PER,1994,23.7369050565046
Peru,PER,1993,48.5799864468885
Peru,PER,1992,73.5282942442641
Peru,PER,1991,409.530166622023
Peru,PER,1990,7481.66361124526
Peru,PER,1989,3398.67901005332
Peru,PER,1988,667.019328585961
Peru,PER,1987,85.8223062381846
Peru,PER,1986,77.9210255473595
Peru,PER,1985,163.399505243688
Peru,PER,1984,110.208519562543
Peru,PER,1983,111.150635209157
Peru,PER,1982,64.4481585387929
Peru,PER,1981,75.4332687576064
Peru,PER,1980,59.1450712444914
Peru,PER,1979,66.6944229664876
Peru,PER,1978,57.8487826251505
Peru,PER,1977,38.0540914196793
Peru,PER,1976,33.4832756634566
Peru,PER,1975,23.6187352963326
Peru,PER,1974,16.8916666665703
Peru,PER,1973,9.48905109503398
Peru,PER,1972,7.21972216770545
Peru,PER,1971,6.79063936495415
Peru,PER,1970,5.02523590072424
Peru,PER,1969,6.23615806078061
Peru,PER,1968,19.086618545438
Peru,PER,1967,9.78360256063414
Peru,PER,1966,8.84060374922209
Peru,PER,1965,16.3899613894424
Peru,PER,1964,9.79228486663484
Peru,PER,1963,6.07014388428593
Peru,PER,1962,6.64109326359749
Peru,PER,1961,5.91670898836375
Peru,PER,1960,8.6644591627191
Philippines,PHL,2025,
Philippines,PHL,2024,3.21260487006347
Philippines,PHL,2023,5.97802515541409
Philippines,PHL,2022,5.82115811213955
Philippines,PHL,2021,3.92718022100332
Philippines,PHL,2020,2.3931623931624
Philippines,PHL,2019,2.39206534422404
Philippines,PHL,2018,5.30934661627707
Philippines,PHL,2017,2.85318772590947
Philippines,PHL,2016,1.25369880080982
Philippines,PHL,2015,0.674192536845408
Philippines,PHL,2014,3.59782343864211
Philippines,PHL,2013,2.58268766141795
Philippines,PHL,2012,3.02696391124796
Philippines,PHL,2011,4.7184170471842
Philippines,PHL,2010,3.78983634797591
Philippines,PHL,2009,4.21903052064628
Philippines,PHL,2008,8.26044703595725
Philippines,PHL,2007,2.90000000000003
Philippines,PHL,2006,5.4852320675105
Philippines,PHL,2005,6.51685393258433
Philippines,PHL,2004,4.82921083627795
Philippines,PHL,2003,2.28915662650607
Philippines,PHL,2002,2.72277227722765
Philippines,PHL,2001,5.34550195567142
Philippines,PHL,2000,3.9771250324928
Philippines,PHL,1999,5.93904901780808
Philippines,PHL,1998,9.23493432267121
Philippines,PHL,1997,5.59025939650601
Philippines,PHL,1996,7.4761037778791
Philippines,PHL,1995,6.83199610989534
Philippines,PHL,1994,10.3864734299517
Philippines,PHL,1993,6.71631104109973
Philippines,PHL,1992,8.65100357865265
Philippines,PHL,1991,19.2614585266282
Philippines,PHL,1990,12.1773522064946
Philippines,PHL,1989,12.2429906542055
Philippines,PHL,1988,13.8600691673319
Philippines,PHL,1987,4.06976744186024
Philippines,PHL,1986,1.14813777653338
Philippines,PHL,1985,23.1031071803888
Philippines,PHL,1984,50.3389756374498
Philippines,PHL,1983,10.0293565620481
Philippines,PHL,1982,10.2217271376892
Philippines,PHL,1981,13.0825985241676
Philippines,PHL,1980,18.2005104938508
Philippines,PHL,1979,17.5333333327501
Philippines,PHL,1978,7.33452593917692
Philippines,PHL,1977,9.89875159736566
Philippines,PHL,1976,9.19922713611011
Philippines,PHL,1975,6.76140270456077
Philippines,PHL,1974,34.1635916359165
Philippines,PHL,1973,16.5800322638464
Philippines,PHL,1972,8.20403413498834
Philippines,PHL,1971,21.4033435366143
Philippines,PHL,1970,14.3814616757328
Philippines,PHL,1969,1.95551032285384
Philippines,PHL,1968,2.35880645890594
Philippines,PHL,1967,6.25395319397734
Philippines,PHL,1966,5.39999999968075
Philippines,PHL,1965,2.56410256428449
Philippines,PHL,1964,8.1830790570033
Philippines,PHL,1963,5.62554937008824
Philippines,PHL,1962,5.79665220101376
Philippines,PHL,1961,1.59563300452722
Philippines,PHL,1960,4.15482177982161
Poland,POL,2025,
Poland,POL,2024,3.79060897630197
Poland,POL,2023,11.5289127961105
Poland,POL,2022,14.4294507575758
Poland,POL,2021,5.05502704719272
Poland,POL,2020,3.37446972618589
Poland,POL,2019,2.22747880938291
Poland,POL,2018,1.81295156542689
Poland,POL,2017,2.07593553673859
Poland,POL,2016,-0.664767331433962
Poland,POL,2015,-0.874125874125862
Poland,POL,2014,0.0538213132399802
Poland,POL,2013,0.991982606332335
Poland,POL,2012,3.56037151702793
Poland,POL,2011,4.23940149625932
Poland,POL,2010,2.58069370250548
Poland,POL,2009,3.79539242483399
Poland,POL,2008,4.16497193524779
Poland,POL,2007,2.4587431238539
Poland,POL,2006,1.28469394366416
Poland,POL,2005,2.18379872390251
Poland,POL,2004,3.38264681884699
Poland,POL,2003,0.682701375787632
Poland,POL,2002,1.90528215048054
Poland,POL,2001,5.4083354556615
Poland,POL,2000,9.90017538843065
Poland,POL,1999,7.15407291179853
Poland,POL,1998,11.5978554257236
Poland,POL,1997,14.91315861496
Poland,POL,1996,19.7949669196707
Poland,POL,1995,27.951388563304
Poland,POL,1994,32.9912766093523
Poland,POL,1993,36.9641666120718
Poland,POL,1992,46.0985621037431
Poland,POL,1991,76.7694992087347
Poland,POL,1990,567.878800666191
Poland,POL,1989,244.550932984826
Poland,POL,1988,58.7208297320653
Poland,POL,1987,26.3790278536324
Poland,POL,1986,16.5499681731381
Poland,POL,1985,11.5212607368496
Poland,POL,1984,15.4009994265582
Poland,POL,1983,25.534759358289
Poland,POL,1982,103.55871886121
Poland,POL,1981,19.1271820448877
Poland,POL,1980,9.68271334792132
Poland,POL,1979,7.0257611241218
Poland,POL,1978,8.10126582278465
Poland,POL,1977,4.90278951821563
Poland,POL,1976,4.41306266552889
Poland,POL,1975,2.25631768955094
Poland,POL,1974,7.05314009565234
Poland,POL,1973,2.47524752475226
Poland,POL,1972,-0.0989119673601228
Poland,POL,1971,1.09999999900022
Poland,POL,1970,
Poland,POL,1969,
Poland,POL,1968,
Poland,POL,1967,
Poland,POL,1966,
Poland,POL,1965,
Poland,POL,1964,
Poland,POL,1963,
Poland,POL,1962,
Poland,POL,1961,
Poland,POL,1960,
Portugal,PRT,2025,
Portugal,PRT,2024,2.41613187791884
Portugal,PRT,2023,4.31128191898672
Portugal,PRT,2022,7.83269124233323
Portugal,PRT,2021,1.26565719069044
Portugal,PRT,2020,-0.0124383299575305
Portugal,PRT,2019,0.338178410046034
Portugal,PRT,2018,0.993715683468326
Portugal,PRT,2017,1.36861411643472
Portugal,PRT,2016,0.607397074641719
Portugal,PRT,2015,0.48793862390472
Portugal,PRT,2014,-0.278153367467428
Portugal,PRT,2013,0.274416666666663
Portugal,PRT,2012,2.77333854051586
Portugal,PRT,2011,3.65301100430724
Portugal,PRT,2010,1.40257289895369
Portugal,PRT,2009,-0.835530021504157
Portugal,PRT,2008,2.58850657657959
Portugal,PRT,2007,2.45396528138743
Portugal,PRT,2006,3.1076654587105
Portugal,PRT,2005,2.27716394887834
Portugal,PRT,2004,2.36536204097302
Portugal,PRT,2003,3.21899090682895
Portugal,PRT,2002,3.60034658290914
Portugal,PRT,2001,4.36990330551793
Portugal,PRT,2000,2.85303039287157
Portugal,PRT,1999,2.34009490312169
Portugal,PRT,1998,2.5727522590913
Portugal,PRT,1997,2.33686298314116
Portugal,PRT,1996,3.06897732509789
Portugal,PRT,1995,4.22281614099486
Portugal,PRT,1994,5.42044019241626
Portugal,PRT,1993,6.78377994665407
Portugal,PRT,1992,9.55926033177508
Portugal,PRT,1991,11.8494841773675
Portugal,PRT,1990,13.6305705693074
Portugal,PRT,1989,12.6863036456149
Portugal,PRT,1988,10.1016321152266
Portugal,PRT,1987,9.63483186245753
Portugal,PRT,1986,12.3313334897219
Portugal,PRT,1985,19.4614100078696
Portugal,PRT,1984,28.3846388897103
Portugal,PRT,1983,24.0027623802917
Portugal,PRT,1982,21.6792837277095
Portugal,PRT,1981,19.0404107466915
Portugal,PRT,1980,15.8674803836094
Portugal,PRT,1979,21.8992248062015
Portugal,PRT,1978,21.0387723599382
Portugal,PRT,1977,31.0167490988807
Portugal,PRT,1976,21.1419048031955
Portugal,PRT,1975,15.2716857518483
Portugal,PRT,1974,25.0827778589527
Portugal,PRT,1973,12.9746085239333
Portugal,PRT,1972,10.6633559759477
Portugal,PRT,1971,11.9468983654056
Portugal,PRT,1970,6.38014449001673
Portugal,PRT,1969,8.7827710555412
Portugal,PRT,1968,6.08136171148615
Portugal,PRT,1967,5.52647600753092
Portugal,PRT,1966,5.03926721858183
Portugal,PRT,1965,3.42492777745566
Portugal,PRT,1964,3.44489848222768
Portugal,PRT,1963,2.02158272759789
Portugal,PRT,1962,2.66206417934763
Portugal,PRT,1961,1.54899696989872
Portugal,PRT,1960,3.046592778327
Puerto Rico (US),PRI,2025,
Puerto Rico (US),PRI,2024,
Puerto Rico (US),PRI,2023,
Puerto Rico (US),PRI,2022,
Puerto Rico (US),PRI,2021,
Puerto Rico (US),PRI,2020,
Puerto Rico (US),PRI,2019,
Puerto Rico (US),PRI,2018,
Puerto Rico (US),PRI,2017,
Puerto Rico (US),PRI,2016,
Puerto Rico (US),PRI,2015,
Puerto Rico (US),PRI,2014,
Puerto Rico (US),PRI,2013,
Puerto Rico (US),PRI,2012,
Puerto Rico (US),PRI,2011,
Puerto Rico (US),PRI,2010,
Puerto Rico (US),PRI,2009,
Puerto Rico (US),PRI,2008,
Puerto Rico (US),PRI,2007,
Puerto Rico (US),PRI,2006,
Puerto Rico (US),PRI,2005,
Puerto Rico (US),PRI,2004,
Puerto Rico (US),PRI,2003,
Puerto Rico (US),PRI,2002,
Puerto Rico (US),PRI,2001,
Puerto Rico (US),PRI,2000,
Puerto Rico (US),PRI,1999,
Puerto Rico (US),PRI,1998,
Puerto Rico (US),PRI,1997,
Puerto Rico (US),PRI,1996,
Puerto Rico (US),PRI,1995,
Puerto Rico (US),PRI,1994,
Puerto Rico (US),PRI,1993,
Puerto Rico (US),PRI,1992,
Puerto Rico (US),PRI,1991,
Puerto Rico (US),PRI,1990,
Puerto Rico (US),PRI,1989,
Puerto Rico (US),PRI,1988,
Puerto Rico (US),PRI,1987,
Puerto Rico (US),PRI,1986,
Puerto Rico (US),PRI,1985,
Puerto Rico (US),PRI,1984,
Puerto Rico (US),PRI,1983,
Puerto Rico (US),PRI,1982,
Puerto Rico (US),PRI,1981,
Puerto Rico (US),PRI,1980,
Puerto Rico (US),PRI,1979,
Puerto Rico (US),PRI,1978,
Puerto Rico (US),PRI,1977,
Puerto Rico (US),PRI,1976,
Puerto Rico (US),PRI,1975,
Puerto Rico (US),PRI,1974,
Puerto Rico (US),PRI,1973,
Puerto Rico (US),PRI,1972,
Puerto Rico (US),PRI,1971,
Puerto Rico (US),PRI,1970,
Puerto Rico (US),PRI,1969,
Puerto Rico (US),PRI,1968,
Puerto Rico (US),PRI,1967,
Puerto Rico (US),PRI,1966,
Puerto Rico (US),PRI,1965,
Puerto Rico (US),PRI,1964,
Puerto Rico (US),PRI,1963,
Puerto Rico (US),PRI,1962,
Puerto Rico (US),PRI,1961,
Puerto Rico (US),PRI,1960,
Qatar,QAT,2025,
Qatar,QAT,2024,1.26734310292375
Qatar,QAT,2023,3.02764899198902
Qatar,QAT,2022,4.99527553740761
Qatar,QAT,2021,2.30446565742003
Qatar,QAT,2020,-2.5403150300476
Qatar,QAT,2019,-0.666641124861147
Qatar,QAT,2018,0.255815382724408
Qatar,QAT,2017,0.394878914083005
Qatar,QAT,2016,2.6765917009819
Qatar,QAT,2015,1.8140772393776
Qatar,QAT,2014,3.34972085659523
Qatar,QAT,2013,3.22197756829293
Qatar,QAT,2012,2.31534853431661
Qatar,QAT,2011,1.13836623529202
Qatar,QAT,2010,-2.42525675161714
Qatar,QAT,2009,-4.86327801622565
Qatar,QAT,2008,15.0501451570333
Qatar,QAT,2007,13.7581625759964
Qatar,QAT,2006,11.8358096197431
Qatar,QAT,2005,8.81439532334683
Qatar,QAT,2004,6.79933665008279
Qatar,QAT,2003,2.26456504389469
Qatar,QAT,2002,0.239999999999952
Qatar,QAT,2001,1.47133434804683
Qatar,QAT,2000,1.65033522434232
Qatar,QAT,1999,2.18170320404723
Qatar,QAT,1998,2.9513888888889
Qatar,QAT,1997,4.83448981913322
Qatar,QAT,1996,4.90453460620532
Qatar,QAT,1995,2.9565217391303
Qatar,QAT,1994,1.32158590308376
Qatar,QAT,1993,-0.8733624454148
Qatar,QAT,1992,3.06030603060311
Qatar,QAT,1991,4.41729323308255
Qatar,QAT,1990,3.0009680542111
Qatar,QAT,1989,3.30000000000015
Qatar,QAT,1988,4.60251046025085
Qatar,QAT,1987,2.6852846401719
Qatar,QAT,1986,0.757575757575709
Qatar,QAT,1985,1.91256830693925
Qatar,QAT,1984,1.10497237570068
Qatar,QAT,1983,2.74361400094617
Qatar,QAT,1982,5.69999999999979
Qatar,QAT,1981,8.5205992510162
Qatar,QAT,1980,6.79999999900022
Qatar,QAT,1979,
Qatar,QAT,1978,
Qatar,QAT,1977,
Qatar,QAT,1976,
Qatar,QAT,1975,
Qatar,QAT,1974,
Qatar,QAT,1973,
Qatar,QAT,1972,
Qatar,QAT,1971,
Qatar,QAT,1970,
Qatar,QAT,1969,
Qatar,QAT,1968,
Qatar,QAT,1967,
Qatar,QAT,1966,
Qatar,QAT,1965,
Qatar,QAT,1964,
Qatar,QAT,1963,
Qatar,QAT,1962,
Qatar,QAT,1961,
Qatar,QAT,1960,
Romania,ROU,2025,
Romania,ROU,2024,5.72140574354439
Romania,ROU,2023,10.3971874764996
Romania,ROU,2022,13.7954887432521
Romania,ROU,2021,5.05232876096582
Romania,ROU,2020,2.63107311184743
Romania,ROU,2019,3.82785432599438
Romania,ROU,2018,4.62548443137779
Romania,ROU,2017,1.3390212110439
Romania,ROU,2016,-1.54479666813897
Romania,ROU,2015,-0.594156437495203
Romania,ROU,2014,1.06830987684298
Romania,ROU,2013,3.9847123554813
Romania,ROU,2012,3.33492267693442
Romania,ROU,2011,5.7892532881588
Romania,ROU,2010,6.09141668601891
Romania,ROU,2009,5.58742004264393
Romania,ROU,2008,7.85080255714482
Romania,ROU,2007,4.83732928313989
Romania,ROU,2006,6.55851412276983
Romania,ROU,2005,9.01491283343835
Romania,ROU,2004,11.8743635936399
Romania,ROU,2003,15.2734889936255
Romania,ROU,2002,22.5398862605386
Romania,ROU,2001,34.4770123493527
Romania,ROU,2000,45.6665940440238
Romania,ROU,1999,45.8037811326363
Romania,ROU,1998,59.0965827541167
Romania,ROU,1997,154.763480436309
Romania,ROU,1996,38.8293013382852
Romania,ROU,1995,32.2424847257597
Romania,ROU,1994,136.759392815441
Romania,ROU,1993,255.166861826698
Romania,ROU,1992,211.205587610082
Romania,ROU,1991,230.622494900178
Romania,ROU,1990,
Romania,ROU,1989,
Romania,ROU,1988,
Romania,ROU,1987,
Romania,ROU,1986,
Romania,ROU,1985,
Romania,ROU,1984,
Romania,ROU,1983,
Romania,ROU,1982,
Romania,ROU,1981,
Romania,ROU,1980,
Romania,ROU,1979,
Romania,ROU,1978,
Romania,ROU,1977,
Romania,ROU,1976,
Romania,ROU,1975,
Romania,ROU,1974,
Romania,ROU,1973,
Romania,ROU,1972,
Romania,ROU,1971,
Romania,ROU,1970,
Romania,ROU,1969,
Romania,ROU,1968,
Romania,ROU,1967,
Romania,ROU,1966,
Romania,ROU,1965,
Romania,ROU,1964,
Romania,ROU,1963,
Romania,ROU,1962,
Romania,ROU,1961,
Romania,ROU,1960,
Russian Federation,RUS,2025,
Russian Federation,RUS,2024,8.43486410496723
Russian Federation,RUS,2023,5.86571931748967
Russian Federation,RUS,2022,13.7436797398232
Russian Federation,RUS,2021,6.69445891957612
Russian Federation,RUS,2020,3.38219796948068
Russian Federation,RUS,2019,4.47202631837903
Russian Federation,RUS,2018,2.87831382614981
Russian Federation,RUS,2017,3.68333072334495
Russian Federation,RUS,2016,7.04243725413707
Russian Federation,RUS,2015,15.5343959935701
Russian Federation,RUS,2014,7.82016970013845
Russian Federation,RUS,2013,6.75466833903486
Russian Federation,RUS,2012,5.07474300799149
Russian Federation,RUS,2011,8.4404648593257
Russian Federation,RUS,2010,6.84939230255025
Russian Federation,RUS,2009,11.6473295764118
Russian Federation,RUS,2008,14.1107677840442
Russian Federation,RUS,2007,9.00729868861079
Russian Federation,RUS,2006,9.66865454789265
Russian Federation,RUS,2005,12.6853039507349
Russian Federation,RUS,2004,10.8886157326216
Russian Federation,RUS,2003,13.6632930228666
Russian Federation,RUS,2002,15.7887307914463
Russian Federation,RUS,2001,21.4770072117159
Russian Federation,RUS,2000,20.7987606558704
Russian Federation,RUS,1999,85.7464940960636
Russian Federation,RUS,1998,27.6856798076742
Russian Federation,RUS,1997,14.761329268806
Russian Federation,RUS,1996,47.7520122009939
Russian Federation,RUS,1995,197.414268084251
Russian Federation,RUS,1994,307.722635553193
Russian Federation,RUS,1993,874.245720380188
Russian Federation,RUS,1992,
Russian Federation,RUS,1991,
Russian Federation,RUS,1990,
Russian Federation,RUS,1989,
Russian Federation,RUS,1988,
Russian Federation,RUS,1987,
Russian Federation,RUS,1986,
Russian Federation,RUS,1985,
Russian Federation,RUS,1984,
Russian Federation,RUS,1983,
Russian Federation,RUS,1982,
Russian Federation,RUS,1981,
Russian Federation,RUS,1980,
Russian Federation,RUS,1979,
Russian Federation,RUS,1978,
Russian Federation,RUS,1977,
Russian Federation,RUS,1976,
Russian Federation,RUS,1975,
Russian Federation,RUS,1974,
Russian Federation,RUS,1973,
Russian Federation,RUS,1972,
Russian Federation,RUS,1971,
Russian Federation,RUS,1970,
Russian Federation,RUS,1969,
Russian Federation,RUS,1968,
Russian Federation,RUS,1967,
Russian Federation,RUS,1966,
Russian Federation,RUS,1965,
Russian Federation,RUS,1964,
Russian Federation,RUS,1963,
Russian Federation,RUS,1962,
Russian Federation,RUS,1961,
Russian Federation,RUS,1960,
Rwanda,RWA,2025,
Rwanda,RWA,2024,1.77029240198635
Rwanda,RWA,2023,19.789546746467
Rwanda,RWA,2022,17.6892095588153
Rwanda,RWA,2021,-0.391346748300791
Rwanda,RWA,2020,9.85039902274207
Rwanda,RWA,2019,3.34787655037648
Rwanda,RWA,2018,-0.311210160390699
Rwanda,RWA,2017,8.27953672260832
Rwanda,RWA,2016,7.17434301982009
Rwanda,RWA,2015,2.52850284192421
Rwanda,RWA,2014,2.35449052820358
Rwanda,RWA,2013,5.92426867984854
Rwanda,RWA,2012,10.2710182318876
Rwanda,RWA,2011,3.0801706924026
Rwanda,RWA,2010,-0.246128693436934
Rwanda,RWA,2009,12.9443978401712
Rwanda,RWA,2008,15.4382138709255
Rwanda,RWA,2007,9.08072205873158
Rwanda,RWA,2006,8.88282654777923
Rwanda,RWA,2005,9.01408918092339
Rwanda,RWA,2004,12.2507102894391
Rwanda,RWA,2003,7.44970014007366
Rwanda,RWA,2002,1.99258542453993
Rwanda,RWA,2001,3.34285506749409
Rwanda,RWA,2000,3.89952980284712
Rwanda,RWA,1999,-2.40593209742259
Rwanda,RWA,1998,6.2100670945581
Rwanda,RWA,1997,12.0154225195686
Rwanda,RWA,1996,7.41137173526642
Rwanda,RWA,1995,
Rwanda,RWA,1994,
Rwanda,RWA,1993,12.3543887630448
Rwanda,RWA,1992,9.56041187600816
Rwanda,RWA,1991,19.6371658148373
Rwanda,RWA,1990,4.18576372649948
Rwanda,RWA,1989,1.01027824831114
Rwanda,RWA,1988,2.97864355658034
Rwanda,RWA,1987,4.13301490809125
Rwanda,RWA,1986,-1.11706657280676
Rwanda,RWA,1985,1.75933005651688
Rwanda,RWA,1984,5.36957038827376
Rwanda,RWA,1983,6.59300214307078
Rwanda,RWA,1982,12.5651365334134
Rwanda,RWA,1981,6.4506644718119
Rwanda,RWA,1980,7.24939299325274
Rwanda,RWA,1979,15.6733294423726
Rwanda,RWA,1978,13.2705337973878
Rwanda,RWA,1977,13.6551465066428
Rwanda,RWA,1976,7.1658615138318
Rwanda,RWA,1975,30.2260465749065
Rwanda,RWA,1974,31.0882993654484
Rwanda,RWA,1973,9.3736740756774
Rwanda,RWA,1972,3.092193808935
Rwanda,RWA,1971,0.488580074222891
Rwanda,RWA,1970,0.514885808022463
Rwanda,RWA,1969,0.484939553317571
Rwanda,RWA,1968,3.16193697269933
Rwanda,RWA,1967,1.45292730022852
Rwanda,RWA,1966,
Rwanda,RWA,1965,
Rwanda,RWA,1964,
Rwanda,RWA,1963,
Rwanda,RWA,1962,
Rwanda,RWA,1961,
Rwanda,RWA,1960,
Samoa,WSM,2025,
Samoa,WSM,2024,2.17245530514377
Samoa,WSM,2023,7.92164684826777
Samoa,WSM,2022,10.9618822286844
Samoa,WSM,2021,3.13320473174494
Samoa,WSM,2020,-1.56891247740895
Samoa,WSM,2019,0.982326569888117
Samoa,WSM,2018,4.19745888663752
Samoa,WSM,2017,1.74989677484705
Samoa,WSM,2016,1.30471869303179
Samoa,WSM,2015,0.724470134874729
Samoa,WSM,2014,-0.40681608842489
Samoa,WSM,2013,0.61008572090503
Samoa,WSM,2012,2.0490188352116
Samoa,WSM,2011,5.23541591478434
Samoa,WSM,2010,0.777007268777692
Samoa,WSM,2009,6.32495336235228
Samoa,WSM,2008,11.565906838454
Samoa,WSM,2007,5.57706393219629
Samoa,WSM,2006,3.70008680555553
Samoa,WSM,2005,1.85676392572949
Samoa,WSM,2004,16.3131507905901
Samoa,WSM,2003,0.115830115830107
Samoa,WSM,2002,8.0503144654087
Samoa,WSM,2001,3.83828463867725
Samoa,WSM,2000,0.966782350024729
Samoa,WSM,1999,0.265120132560355
Samoa,WSM,1998,2.21883468834654
Samoa,WSM,1997,6.86182355310877
Samoa,WSM,1996,5.37461972030278
Samoa,WSM,1995,-2.90352865746142
Samoa,WSM,1994,12.0803818909762
Samoa,WSM,1993,1.71509123658868
Samoa,WSM,1992,9.03113792907172
Samoa,WSM,1991,-1.81919798798399
Samoa,WSM,1990,15.2384632724695
Samoa,WSM,1989,6.46256171146444
Samoa,WSM,1988,8.50786801086301
Samoa,WSM,1987,4.56684949636828
Samoa,WSM,1986,5.73355817902005
Samoa,WSM,1985,9.09050118887493
Samoa,WSM,1984,11.8600682594715
Samoa,WSM,1983,16.4601356089933
Samoa,WSM,1982,18.2962245891187
Samoa,WSM,1981,20.5066244471294
Samoa,WSM,1980,33.0472428985001
Samoa,WSM,1979,11.1195509980497
Samoa,WSM,1978,2.05865885702086
Samoa,WSM,1977,14.6107902659428
Samoa,WSM,1976,4.90368682691046
Samoa,WSM,1975,8.78774222631875
Samoa,WSM,1974,24.9876786595613
Samoa,WSM,1973,11.7642429959867
Samoa,WSM,1972,7.50682438580534
Samoa,WSM,1971,4.76644423260296
Samoa,WSM,1970,2.74240940254606
Samoa,WSM,1969,4.13054563997966
Samoa,WSM,1968,1.71161825726125
Samoa,WSM,1967,-0.515995872032687
Samoa,WSM,1966,2.86624203821646
Samoa,WSM,1965,2.11382113821132
Samoa,WSM,1964,5.30821917808229
Samoa,WSM,1963,0.689655172413793
Samoa,WSM,1962,2.65486725663724
Samoa,WSM,1961,
Samoa,WSM,1960,
San Marino,SMR,2025,
San Marino,SMR,2024,1.24216507945569
San Marino,SMR,2023,5.93190858629403
San Marino,SMR,2022,5.32545321311365
San Marino,SMR,2021,1.61551411551421
San Marino,SMR,2020,-0.133368898372915
San Marino,SMR,2019,0.472651967352852
San Marino,SMR,2018,1.16333522293158
San Marino,SMR,2017,1.01413313194508
San Marino,SMR,2016,0.644075340346552
San Marino,SMR,2015,0.145686073241066
San Marino,SMR,2014,1.11296303373851
San Marino,SMR,2013,1.60439298078082
San Marino,SMR,2012,2.8273322422258
San Marino,SMR,2011,2.89979584300123
San Marino,SMR,2010,2.58541815582587
San Marino,SMR,2009,2.19959237046011
San Marino,SMR,2008,4.29320249287704
San Marino,SMR,2007,2.49894575725803
San Marino,SMR,2006,2.09525935611432
San Marino,SMR,2005,1.68548890528347
San Marino,SMR,2004,1.43083868527343
San Marino,SMR,2003,
San Marino,SMR,2002,
San Marino,SMR,2001,
San Marino,SMR,2000,
San Marino,SMR,1999,
San Marino,SMR,1998,
San Marino,SMR,1997,
San Marino,SMR,1996,
San Marino,SMR,1995,
San Marino,SMR,1994,
San Marino,SMR,1993,
San Marino,SMR,1992,
San Marino,SMR,1991,
San Marino,SMR,1990,
San Marino,SMR,1989,
San Marino,SMR,1988,
San Marino,SMR,1987,
San Marino,SMR,1986,
San Marino,SMR,1985,
San Marino,SMR,1984,
San Marino,SMR,1983,
San Marino,SMR,1982,
San Marino,SMR,1981,
San Marino,SMR,1980,
San Marino,SMR,1979,
San Marino,SMR,1978,
San Marino,SMR,1977,
San Marino,SMR,1976,
San Marino,SMR,1975,
San Marino,SMR,1974,
San Marino,SMR,1973,
San Marino,SMR,1972,
San Marino,SMR,1971,
San Marino,SMR,1970,
San Marino,SMR,1969,
San Marino,SMR,1968,
San Marino,SMR,1967,
San Marino,SMR,1966,
San Marino,SMR,1965,
San Marino,SMR,1964,
San Marino,SMR,1963,
San Marino,SMR,1962,
San Marino,SMR,1961,
San Marino,SMR,1960,
Sao Tome and Principe,STP,2025,
Sao Tome and Principe,STP,2024,14.3519273571008
Sao Tome and Principe,STP,2023,21.2589138473
Sao Tome and Principe,STP,2022,18.0056351122841
Sao Tome and Principe,STP,2021,8.13777038378732
Sao Tome and Principe,STP,2020,9.81932791540146
Sao Tome and Principe,STP,2019,7.72024525213248
Sao Tome and Principe,STP,2018,7.86859628873909
Sao Tome and Principe,STP,2017,5.6902961992902
Sao Tome and Principe,STP,2016,5.43051966119156
Sao Tome and Principe,STP,2015,5.24587835022454
Sao Tome and Principe,STP,2014,6.99849943966421
Sao Tome and Principe,STP,2013,8.10583270875476
Sao Tome and Principe,STP,2012,10.6379353431628
Sao Tome and Principe,STP,2011,14.3271667616801
Sao Tome and Principe,STP,2010,13.34005235378
Sao Tome and Principe,STP,2009,16.9574758025945
Sao Tome and Principe,STP,2008,31.9901039492573
Sao Tome and Principe,STP,2007,18.5485136325779
Sao Tome and Principe,STP,2006,23.0770373451381
Sao Tome and Principe,STP,2005,17.1522049354354
Sao Tome and Principe,STP,2004,13.2858860871796
Sao Tome and Principe,STP,2003,9.79241974934509
Sao Tome and Principe,STP,2002,10.128724672229
Sao Tome and Principe,STP,2001,9.22203707560889
Sao Tome and Principe,STP,2000,12.2089456308977
Sao Tome and Principe,STP,1999,12.7251770130085
Sao Tome and Principe,STP,1998,50.4931357486254
Sao Tome and Principe,STP,1997,35.81717824448
Sao Tome and Principe,STP,1996,
Sao Tome and Principe,STP,1995,
Sao Tome and Principe,STP,1994,
Sao Tome and Principe,STP,1993,
Sao Tome and Principe,STP,1992,
Sao Tome and Principe,STP,1991,
Sao Tome and Principe,STP,1990,
Sao Tome and Principe,STP,1989,
Sao Tome and Principe,STP,1988,
Sao Tome and Principe,STP,1987,
Sao Tome and Principe,STP,1986,
Sao Tome and Principe,STP,1985,
Sao Tome and Principe,STP,1984,
Sao Tome and Principe,STP,1983,
Sao Tome and Principe,STP,1982,
Sao Tome and Principe,STP,1981,
Sao Tome and Principe,STP,1980,
Sao Tome and Principe,STP,1979,
Sao Tome and Principe,STP,1978,
Sao Tome and Principe,STP,1977,
Sao Tome and Principe,STP,1976,
Sao Tome and Principe,STP,1975,
Sao Tome and Principe,STP,1974,
Sao Tome and Principe,STP,1973,
Sao Tome and Principe,STP,1972,
Sao Tome and Principe,STP,1971,
Sao Tome and Principe,STP,1970,
Sao Tome and Principe,STP,1969,
Sao Tome and Principe,STP,1968,
Sao Tome and Principe,STP,1967,
Sao Tome and Principe,STP,1966,
Sao Tome and Principe,STP,1965,
Sao Tome and Principe,STP,1964,
Sao Tome and Principe,STP,1963,
Sao Tome and Principe,STP,1962,
Sao Tome and Principe,STP,1961,
Sao Tome and Principe,STP,1960,
Saudi Arabia,SAU,2025,
Saudi Arabia,SAU,2024,1.68792112375809
Saudi Arabia,SAU,2023,2.32708518362706
Saudi Arabia,SAU,2022,2.47407371925372
Saudi Arabia,SAU,2021,3.06328988941548
Saudi Arabia,SAU,2020,3.37234961012303
Saudi Arabia,SAU,2019,-1.19298644533328
Saudi Arabia,SAU,2018,2.46594308994843
Saudi Arabia,SAU,2017,-0.834845735027162
Saudi Arabia,SAU,2016,2.05347076823965
Saudi Arabia,SAU,2015,1.22269318552328
Saudi Arabia,SAU,2014,2.24185348779063
Saudi Arabia,SAU,2013,3.51104209799866
Saudi Arabia,SAU,2012,2.86627029905053
Saudi Arabia,SAU,2011,5.8262163739404
Saudi Arabia,SAU,2010,5.33941733020905
Saudi Arabia,SAU,2009,5.0572227614833
Saudi Arabia,SAU,2008,9.87024816760266
Saudi Arabia,SAU,2007,4.16782358431579
Saudi Arabia,SAU,2006,2.20902314069647
Saudi Arabia,SAU,2005,0.479231671630955
Saudi Arabia,SAU,2004,0.5155078977673
Saudi Arabia,SAU,2003,0.612195358172966
Saudi Arabia,SAU,2002,0.247186492339686
Saudi Arabia,SAU,2001,-1.12094804896791
Saudi Arabia,SAU,2000,-1.12499838517645
Saudi Arabia,SAU,1999,-1.33375489653896
Saudi Arabia,SAU,1998,-0.37126675171199
Saudi Arabia,SAU,1997,0.0571506050626489
Saudi Arabia,SAU,1996,1.22206054877756
Saudi Arabia,SAU,1995,4.86843103056033
Saudi Arabia,SAU,1994,0.564325478533149
Saudi Arabia,SAU,1993,1.05579531442695
Saudi Arabia,SAU,1992,-0.0770060064690921
Saudi Arabia,SAU,1991,4.86111111111137
Saudi Arabia,SAU,1990,2.07715133531156
Saudi Arabia,SAU,1989,1.03264490339739
Saudi Arabia,SAU,1988,0.907563025210523
Saudi Arabia,SAU,1987,-1.54711673699019
Saudi Arabia,SAU,1986,-3.203331464723
Saudi Arabia,SAU,1985,-3.05876872913662
Saudi Arabia,SAU,1984,-1.55903706534203
Saudi Arabia,SAU,1983,0.191424196019064
Saudi Arabia,SAU,1982,1.02103960396035
Saudi Arabia,SAU,1981,2.79898218829488
Saudi Arabia,SAU,1980,4.1692665536329
Saudi Arabia,SAU,1979,1.08156690288337
Saudi Arabia,SAU,1978,-1.58360185022086
Saudi Arabia,SAU,1977,11.3990111699532
Saudi Arabia,SAU,1976,31.5586605641125
Saudi Arabia,SAU,1975,34.5761063381485
Saudi Arabia,SAU,1974,21.4370078736641
Saudi Arabia,SAU,1973,16.5137614681954
Saudi Arabia,SAU,1972,4.33117970783497
Saudi Arabia,SAU,1971,4.47499999974997
Saudi Arabia,SAU,1970,0.177777777777784
Saudi Arabia,SAU,1969,3.49586016559326
Saudi Arabia,SAU,1968,1.58878504672938
Saudi Arabia,SAU,1967,2.09923664219521
Saudi Arabia,SAU,1966,1.55038759593042
Saudi Arabia,SAU,1965,0.389105059342286
Saudi Arabia,SAU,1964,2.79999999899983
Saudi Arabia,SAU,1963,
Saudi Arabia,SAU,1962,
Saudi Arabia,SAU,1961,
Saudi Arabia,SAU,1960,
Senegal,SEN,2025,
Senegal,SEN,2024,0.804503298792438
Senegal,SEN,2023,5.93947798773215
Senegal,SEN,2022,9.69681899081073
Senegal,SEN,2021,2.18032278088147
Senegal,SEN,2020,2.54314685681662
Senegal,SEN,2019,1.76011151192939
Senegal,SEN,2018,0.460985642464188
Senegal,SEN,2017,1.31815314847789
Senegal,SEN,2016,0.837284942557434
Senegal,SEN,2015,0.135211933635165
Senegal,SEN,2014,-1.09025507446895
Senegal,SEN,2013,0.710245486695176
Senegal,SEN,2012,1.41822871177854
Senegal,SEN,2011,3.40322829786971
Senegal,SEN,2010,1.22868119673344
Senegal,SEN,2009,-2.2480214785534
Senegal,SEN,2008,7.34720236578406
Senegal,SEN,2007,5.85330428467681
Senegal,SEN,2006,2.11228583877117
Senegal,SEN,2005,1.71133325855502
Senegal,SEN,2004,0.514781781023016
Senegal,SEN,2003,-0.0519970242714495
Senegal,SEN,2002,2.33730187454299
Senegal,SEN,2001,2.97450083919566
Senegal,SEN,2000,0.731981981981597
Senegal,SEN,1999,0.827250608272497
Senegal,SEN,1998,1.15678070391341
Senegal,SEN,1997,1.75316478097236
Senegal,SEN,1996,2.75430663482407
Senegal,SEN,1995,7.8640078457011
Senegal,SEN,1994,32.2936668569552
Senegal,SEN,1993,-0.586434615120184
Senegal,SEN,1992,-0.109942967085665
Senegal,SEN,1991,-1.75355690199309
Senegal,SEN,1990,0.325098630183258
Senegal,SEN,1989,0.447309340771316
Senegal,SEN,1988,-1.82668225079295
Senegal,SEN,1987,-4.14072378633809
Senegal,SEN,1986,6.18477854456934
Senegal,SEN,1985,13.0000576159794
Senegal,SEN,1984,11.7840274796329
Senegal,SEN,1983,11.6169845681475
Senegal,SEN,1982,17.3763852168922
Senegal,SEN,1981,5.91319372031625
Senegal,SEN,1980,8.72902766072326
Senegal,SEN,1979,9.65335985257037
Senegal,SEN,1978,3.41965105587518
Senegal,SEN,1977,11.3405856371037
Senegal,SEN,1976,1.08309218710659
Senegal,SEN,1975,31.6534233153685
Senegal,SEN,1974,16.6010915093494
Senegal,SEN,1973,11.2853107346839
Senegal,SEN,1972,6.15488417411265
Senegal,SEN,1971,3.87820263197536
Senegal,SEN,1970,2.81024819857036
Senegal,SEN,1969,4.02265345225706
Senegal,SEN,1968,0.058333332832952
Senegal,SEN,1967,
Senegal,SEN,1966,
Senegal,SEN,1965,
Senegal,SEN,1964,
Senegal,SEN,1963,
Senegal,SEN,1962,
Senegal,SEN,1961,
Senegal,SEN,1960,
Serbia,SRB,2025,
Serbia,SRB,2024,4.6705297488997
Serbia,SRB,2023,12.3719043552519
Serbia,SRB,2022,11.9815117344703
Serbia,SRB,2021,4.08510285335102
Serbia,SRB,2020,1.57553290083415
Serbia,SRB,2019,1.84922984511086
Serbia,SRB,2018,1.95984076293801
Serbia,SRB,2017,3.13106248590115
Serbia,SRB,2016,1.12231397417769
Serbia,SRB,2015,1.39235822000187
Serbia,SRB,2014,2.08244793880154
Serbia,SRB,2013,7.69426362896655
Serbia,SRB,2012,7.33038589596646
Serbia,SRB,2011,11.1373976342129
Serbia,SRB,2010,6.14255360247248
Serbia,SRB,2009,8.11695092238082
Serbia,SRB,2008,12.410986775178
Serbia,SRB,2007,6.39170644391413
Serbia,SRB,2006,11.7240229980834
Serbia,SRB,2005,16.1199806482826
Serbia,SRB,2004,11.0263627183464
Serbia,SRB,2003,9.87617889729578
Serbia,SRB,2002,19.4908321579689
Serbia,SRB,2001,95.0052258100006
Serbia,SRB,2000,71.1206287946541
Serbia,SRB,1999,42.4539054642972
Serbia,SRB,1998,30.1596997992844
Serbia,SRB,1997,23.307866135801
Serbia,SRB,1996,95.6009261208171
Serbia,SRB,1995,82.6605151864663
Serbia,SRB,1994,
Serbia,SRB,1993,
Serbia,SRB,1992,
Serbia,SRB,1991,
Serbia,SRB,1990,
Serbia,SRB,1989,
Serbia,SRB,1988,
Serbia,SRB,1987,
Serbia,SRB,1986,
Serbia,SRB,1985,
Serbia,SRB,1984,
Serbia,SRB,1983,
Serbia,SRB,1982,
Serbia,SRB,1981,
Serbia,SRB,1980,
Serbia,SRB,1979,
Serbia,SRB,1978,
Serbia,SRB,1977,
Serbia,SRB,1976,
Serbia,SRB,1975,
Serbia,SRB,1974,
Serbia,SRB,1973,
Serbia,SRB,1972,
Serbia,SRB,1971,
Serbia,SRB,1970,
Serbia,SRB,1969,
Serbia,SRB,1968,
Serbia,SRB,1967,
Serbia,SRB,1966,
Serbia,SRB,1965,
Serbia,SRB,1964,
Serbia,SRB,1963,
Serbia,SRB,1962,
Serbia,SRB,1961,
Serbia,SRB,1960,
Seychelles,SYC,2025,
Seychelles,SYC,2024,0.311726050919668
Seychelles,SYC,2023,-1.03530088431952
Seychelles,SYC,2022,2.6260363285129
Seychelles,SYC,2021,9.76909936973542
Seychelles,SYC,2020,1.20266463987123
Seychelles,SYC,2019,1.80709400809982
Seychelles,SYC,2018,3.70291839111568
Seychelles,SYC,2017,2.85679575568437
Seychelles,SYC,2016,-1.01548191697626
Seychelles,SYC,2015,4.04194410725617
Seychelles,SYC,2014,1.38583454581263
Seychelles,SYC,2013,4.33893848329099
Seychelles,SYC,2012,7.11037062326403
Seychelles,SYC,2011,2.55926772230953
Seychelles,SYC,2010,-2.40463875108227
Seychelles,SYC,2009,31.7544407744178
Seychelles,SYC,2008,36.9647582875289
Seychelles,SYC,2007,5.32060027285142
Seychelles,SYC,2006,-0.353465498693756
Seychelles,SYC,2005,0.907187718073944
Seychelles,SYC,2004,3.85730391367399
Seychelles,SYC,2003,3.30255386407089
Seychelles,SYC,2002,0.174999999999924
Seychelles,SYC,2001,5.96962204168156
Seychelles,SYC,2000,6.26876876876878
Seychelles,SYC,1999,6.34730538922156
Seychelles,SYC,1998,2.57985257985242
Seychelles,SYC,1997,0.618046971569891
Seychelles,SYC,1996,-1.10024449877743
Seychelles,SYC,1995,-0.243902439024459
Seychelles,SYC,1994,1.73697270471464
Seychelles,SYC,1993,1.38364779874215
Seychelles,SYC,1992,3.24675324675323
Seychelles,SYC,1991,1.98675496688734
Seychelles,SYC,1990,3.88888888888912
Seychelles,SYC,1989,1.58013544018057
Seychelles,SYC,1988,1.8390804597701
Seychelles,SYC,1987,2.59433962264135
Seychelles,SYC,1986,0.236406619385411
Seychelles,SYC,1985,0.834326579261014
Seychelles,SYC,1984,4.09429280397012
Seychelles,SYC,1983,6.05263157894738
Seychelles,SYC,1982,-0.912646675358527
Seychelles,SYC,1981,10.5767903960918
Seychelles,SYC,1980,13.5715405108088
Seychelles,SYC,1979,12.480169222314
Seychelles,SYC,1978,11.7832512318923
Seychelles,SYC,1977,14.9591685227511
Seychelles,SYC,1976,14.8687336300478
Seychelles,SYC,1975,18.6113720103131
Seychelles,SYC,1974,24.4246673859205
Seychelles,SYC,1973,18.2397959188218
Seychelles,SYC,1972,20.940994987157
Seychelles,SYC,1971,14.5992928698164
Seychelles,SYC,1970,
Seychelles,SYC,1969,
Seychelles,SYC,1968,
Seychelles,SYC,1967,
Seychelles,SYC,1966,
Seychelles,SYC,1965,
Seychelles,SYC,1964,
Seychelles,SYC,1963,
Seychelles,SYC,1962,
Seychelles,SYC,1961,
Seychelles,SYC,1960,
Sierra Leone,SLE,2025,
Sierra Leone,SLE,2024,28.6337500014115
Sierra Leone,SLE,2023,47.6428733253179
Sierra Leone,SLE,2022,27.2082883814653
Sierra Leone,SLE,2021,11.8739588840234
Sierra Leone,SLE,2020,13.4468711101052
Sierra Leone,SLE,2019,14.8049990906021
Sierra Leone,SLE,2018,16.0295447693699
Sierra Leone,SLE,2017,18.2215094003386
Sierra Leone,SLE,2016,10.8860609413903
Sierra Leone,SLE,2015,6.68943562498681
Sierra Leone,SLE,2014,4.63931171409667
Sierra Leone,SLE,2013,5.52412877994266
Sierra Leone,SLE,2012,6.58776239392585
Sierra Leone,SLE,2011,6.79138291952621
Sierra Leone,SLE,2010,7.18566275668163
Sierra Leone,SLE,2009,7.46901898540982
Sierra Leone,SLE,2008,8.21112432289608
Sierra Leone,SLE,2007,11.6499744518106
Sierra Leone,SLE,2006,
Sierra Leone,SLE,2005,
Sierra Leone,SLE,2004,
Sierra Leone,SLE,2003,
Sierra Leone,SLE,2002,
Sierra Leone,SLE,2001,
Sierra Leone,SLE,2000,
Sierra Leone,SLE,1999,
Sierra Leone,SLE,1998,
Sierra Leone,SLE,1997,
Sierra Leone,SLE,1996,
Sierra Leone,SLE,1995,
Sierra Leone,SLE,1994,
Sierra Leone,SLE,1993,
Sierra Leone,SLE,1992,
Sierra Leone,SLE,1991,
Sierra Leone,SLE,1990,
Sierra Leone,SLE,1989,
Sierra Leone,SLE,1988,
Sierra Leone,SLE,1987,
Sierra Leone,SLE,1986,
Sierra Leone,SLE,1985,
Sierra Leone,SLE,1984,
Sierra Leone,SLE,1983,
Sierra Leone,SLE,1982,
Sierra Leone,SLE,1981,
Sierra Leone,SLE,1980,
Sierra Leone,SLE,1979,
Sierra Leone,SLE,1978,
Sierra Leone,SLE,1977,
Sierra Leone,SLE,1976,
Sierra Leone,SLE,1975,
Sierra Leone,SLE,1974,
Sierra Leone,SLE,1973,
Sierra Leone,SLE,1972,
Sierra Leone,SLE,1971,
Sierra Leone,SLE,1970,
Sierra Leone,SLE,1969,
Sierra Leone,SLE,1968,
Sierra Leone,SLE,1967,
Sierra Leone,SLE,1966,
Sierra Leone,SLE,1965,
Sierra Leone,SLE,1964,
Sierra Leone,SLE,1963,
Sierra Leone,SLE,1962,
Sierra Leone,SLE,1961,
Sierra Leone,SLE,1960,
Singapore,SGP,2025,
Singapore,SGP,2024,2.38951123595017
Singapore,SGP,2023,4.83372362825798
Singapore,SGP,2022,6.13095418919732
Singapore,SGP,2021,2.31610315765146
Singapore,SGP,2020,-0.172111865925382
Singapore,SGP,2019,0.567829988405447
Singapore,SGP,2018,0.438784215129623
Singapore,SGP,2017,0.576763191179996
Singapore,SGP,2016,-0.529809760375464
Singapore,SGP,2015,-0.521975611895763
Singapore,SGP,2014,1.03316955857629
Singapore,SGP,2013,2.36439793742726
Singapore,SGP,2012,4.58084479423094
Singapore,SGP,2011,5.25115624639373
Singapore,SGP,2010,2.82884527612958
Singapore,SGP,2009,0.589142019610516
Singapore,SGP,2008,6.63544058395309
Singapore,SGP,2007,2.10980166714574
Singapore,SGP,2006,0.965657519018511
Singapore,SGP,2005,0.425106276569107
Singapore,SGP,2004,1.66272719863072
Singapore,SGP,2003,0.507905300237551
Singapore,SGP,2002,-0.391676866585049
Singapore,SGP,2001,0.997197956155943
Singapore,SGP,2000,1.36162392448456
Singapore,SGP,1999,0.0167098337370727
Singapore,SGP,1998,-0.267502292876153
Singapore,SGP,1997,2.00358618538962
Singapore,SGP,1996,1.38318052481876
Singapore,SGP,1995,1.72053384788524
Singapore,SGP,1994,3.10013262599502
Singapore,SGP,1993,2.28929964388641
Singapore,SGP,1992,2.26307118702851
Singapore,SGP,1991,3.42570173078643
Singapore,SGP,1990,3.46075338652824
Singapore,SGP,1989,2.34545627195895
Singapore,SGP,1988,1.52318519232634
Singapore,SGP,1987,0.523306521949755
Singapore,SGP,1986,-1.38570336391441
Singapore,SGP,1985,0.480122911465343
Singapore,SGP,1984,2.60098522167485
Singapore,SGP,1983,1.19641076769694
Singapore,SGP,1982,3.916286779942
Singapore,SGP,1981,8.18202196816849
Singapore,SGP,1980,8.52694319425856
Singapore,SGP,1979,4.07646537536398
Singapore,SGP,1978,4.87254381306428
Singapore,SGP,1977,3.16395014381583
Singapore,SGP,1976,-1.84189298198423
Singapore,SGP,1975,2.53653156878947
Singapore,SGP,1974,22.3684210526316
Singapore,SGP,1973,19.6367305751764
Singapore,SGP,1972,2.08075813761874
Singapore,SGP,1971,1.76100628930819
Singapore,SGP,1970,0.4633529907327
Singapore,SGP,1969,-0.273051879856979
Singapore,SGP,1968,0.655391120507378
Singapore,SGP,1967,3.34280096132817
Singapore,SGP,1966,2.00579451749496
Singapore,SGP,1965,0.178611297164573
Singapore,SGP,1964,1.72609584374285
Singapore,SGP,1963,2.20519962859835
Singapore,SGP,1962,0.419580419580285
Singapore,SGP,1961,0.400000000000083
Singapore,SGP,1960,
Sint Maarten (Dutch part),SXM,2025,
Sint Maarten (Dutch part),SXM,2024,
Sint Maarten (Dutch part),SXM,2023,
Sint Maarten (Dutch part),SXM,2022,
Sint Maarten (Dutch part),SXM,2021,
Sint Maarten (Dutch part),SXM,2020,
Sint Maarten (Dutch part),SXM,2019,
Sint Maarten (Dutch part),SXM,2018,
Sint Maarten (Dutch part),SXM,2017,2.19201010962985
Sint Maarten (Dutch part),SXM,2016,0.111682655737579
Sint Maarten (Dutch part),SXM,2015,0.330027165141066
Sint Maarten (Dutch part),SXM,2014,1.88675466275266
Sint Maarten (Dutch part),SXM,2013,2.5286478853837
Sint Maarten (Dutch part),SXM,2012,4.01518421081576
Sint Maarten (Dutch part),SXM,2011,4.58475435650401
Sint Maarten (Dutch part),SXM,2010,1.33857621672882
Sint Maarten (Dutch part),SXM,2009,5.95763688760801
Sint Maarten (Dutch part),SXM,2008,-0.417929020080758
Sint Maarten (Dutch part),SXM,2007,4.43245754245754
Sint Maarten (Dutch part),SXM,2006,0.300601202404805
Sint Maarten (Dutch part),SXM,2005,
Sint Maarten (Dutch part),SXM,2004,
Sint Maarten (Dutch part),SXM,2003,
Sint Maarten (Dutch part),SXM,2002,
Sint Maarten (Dutch part),SXM,2001,
Sint Maarten (Dutch part),SXM,2000,
Sint Maarten (Dutch part),SXM,1999,
Sint Maarten (Dutch part),SXM,1998,
Sint Maarten (Dutch part),SXM,1997,
Sint Maarten (Dutch part),SXM,1996,
Sint Maarten (Dutch part),SXM,1995,
Sint Maarten (Dutch part),SXM,1994,
Sint Maarten (Dutch part),SXM,1993,
Sint Maarten (Dutch part),SXM,1992,
Sint Maarten (Dutch part),SXM,1991,
Sint Maarten (Dutch part),SXM,1990,
Sint Maarten (Dutch part),SXM,1989,
Sint Maarten (Dutch part),SXM,1988,
Sint Maarten (Dutch part),SXM,1987,
Sint Maarten (Dutch part),SXM,1986,
Sint Maarten (Dutch part),SXM,1985,
Sint Maarten (Dutch part),SXM,1984,
Sint Maarten (Dutch part),SXM,1983,
Sint Maarten (Dutch part),SXM,1982,
Sint Maarten (Dutch part),SXM,1981,
Sint Maarten (Dutch part),SXM,1980,
Sint Maarten (Dutch part),SXM,1979,
Sint Maarten (Dutch part),SXM,1978,
Sint Maarten (Dutch part),SXM,1977,
Sint Maarten (Dutch part),SXM,1976,
Sint Maarten (Dutch part),SXM,1975,
Sint Maarten (Dutch part),SXM,1974,
Sint Maarten (Dutch part),SXM,1973,
Sint Maarten (Dutch part),SXM,1972,
Sint Maarten (Dutch part),SXM,1971,
Sint Maarten (Dutch part),SXM,1970,
Sint Maarten (Dutch part),SXM,1969,
Sint Maarten (Dutch part),SXM,1968,
Sint Maarten (Dutch part),SXM,1967,
Sint Maarten (Dutch part),SXM,1966,
Sint Maarten (Dutch part),SXM,1965,
Sint Maarten (Dutch part),SXM,1964,
Sint Maarten (Dutch part),SXM,1963,
Sint Maarten (Dutch part),SXM,1962,
Sint Maarten (Dutch part),SXM,1961,
Sint Maarten (Dutch part),SXM,1960,
Slovak Republic,SVK,2025,
Slovak Republic,SVK,2024,2.75760909424272
Slovak Republic,SVK,2023,10.5319476645211
Slovak Republic,SVK,2022,12.7741463637611
Slovak Republic,SVK,2021,3.14960629921268
Slovak Republic,SVK,2020,1.93694126694223
Slovak Republic,SVK,2019,2.66456133425431
Slovak Republic,SVK,2018,2.51403712883812
Slovak Republic,SVK,2017,1.31194588223228
Slovak Republic,SVK,2016,-0.520010196278266
Slovak Republic,SVK,2015,-0.325219777427673
Slovak Republic,SVK,2014,-0.0761653295419871
Slovak Republic,SVK,2013,1.40047368963025
Slovak Republic,SVK,2012,3.6061026352289
Slovak Republic,SVK,2011,3.9192859914629
Slovak Republic,SVK,2010,0.957018132975143
Slovak Republic,SVK,2009,1.61510464058238
Slovak Republic,SVK,2008,4.59817976325028
Slovak Republic,SVK,2007,2.7567237163814
Slovak Republic,SVK,2006,4.48333120449611
Slovak Republic,SVK,2005,2.70908494588384
Slovak Republic,SVK,2004,7.54850088183423
Slovak Republic,SVK,2003,8.55414305406645
Slovak Republic,SVK,2002,3.12714222984608
Slovak Republic,SVK,2001,7.3296201911553
Slovak Republic,SVK,2000,12.0357805974299
Slovak Republic,SVK,1999,10.5704416075225
Slovak Republic,SVK,1998,6.66565123195824
Slovak Republic,SVK,1997,6.14198999595652
Slovak Republic,SVK,1996,5.77582786155949
Slovak Republic,SVK,1995,9.84109579837748
Slovak Republic,SVK,1994,13.4155203422246
Slovak Republic,SVK,1993,23.287027664545
Slovak Republic,SVK,1992,9.89350519771167
Slovak Republic,SVK,1991,
Slovak Republic,SVK,1990,
Slovak Republic,SVK,1989,
Slovak Republic,SVK,1988,
Slovak Republic,SVK,1987,
Slovak Republic,SVK,1986,
Slovak Republic,SVK,1985,
Slovak Republic,SVK,1984,
Slovak Republic,SVK,1983,
Slovak Republic,SVK,1982,
Slovak Republic,SVK,1981,
Slovak Republic,SVK,1980,
Slovak Republic,SVK,1979,
Slovak Republic,SVK,1978,
Slovak Republic,SVK,1977,
Slovak Republic,SVK,1976,
Slovak Republic,SVK,1975,
Slovak Republic,SVK,1974,
Slovak Republic,SVK,1973,
Slovak Republic,SVK,1972,
Slovak Republic,SVK,1971,
Slovak Republic,SVK,1970,
Slovak Republic,SVK,1969,
Slovak Republic,SVK,1968,
Slovak Republic,SVK,1967,
Slovak Republic,SVK,1966,
Slovak Republic,SVK,1965,
Slovak Republic,SVK,1964,
Slovak Republic,SVK,1963,
Slovak Republic,SVK,1962,
Slovak Republic,SVK,1961,
Slovak Republic,SVK,1960,
Slovenia,SVN,2025,
Slovenia,SVN,2024,1.96562656432512
Slovenia,SVN,2023,7.44687717385838
Slovenia,SVN,2022,8.83369886749452
Slovenia,SVN,2021,1.91706506089259
Slovenia,SVN,2020,-0.05485681576061
Slovenia,SVN,2019,1.63052260754344
Slovenia,SVN,2018,1.7386086198818
Slovenia,SVN,2017,1.42910743319306
Slovenia,SVN,2016,-0.054999541670474
Slovenia,SVN,2015,-0.525552285820877
Slovenia,SVN,2014,0.19934382657075
Slovenia,SVN,2013,1.76920085881907
Slovenia,SVN,2012,2.59741386039003
Slovenia,SVN,2011,1.8028517194191
Slovenia,SVN,2010,1.80117022137134
Slovenia,SVN,2009,0.839262246793887
Slovenia,SVN,2008,5.64742380573935
Slovenia,SVN,2007,3.65749563284099
Slovenia,SVN,2006,2.45792444195865
Slovenia,SVN,2005,2.45150132316475
Slovenia,SVN,2004,3.59297594249509
Slovenia,SVN,2003,5.54416421752901
Slovenia,SVN,2002,7.48077770703754
Slovenia,SVN,2001,8.37966587492204
Slovenia,SVN,2000,8.91174418658769
Slovenia,SVN,1999,6.15558754451559
Slovenia,SVN,1998,7.89116682856684
Slovenia,SVN,1997,8.359679907043
Slovenia,SVN,1996,9.86445061546851
Slovenia,SVN,1995,13.4637296178669
Slovenia,SVN,1994,20.9918180471498
Slovenia,SVN,1993,31.7621306305932
Slovenia,SVN,1992,209.933731186822
Slovenia,SVN,1991,114.832935589747
Slovenia,SVN,1990,552.083528914325
Slovenia,SVN,1989,1281.44349404876
Slovenia,SVN,1988,198.753712862023
Slovenia,SVN,1987,132.072721014831
Slovenia,SVN,1986,95.8865052101644
Slovenia,SVN,1985,79.4063811481874
Slovenia,SVN,1984,53.6719669102484
Slovenia,SVN,1983,40.2134918436935
Slovenia,SVN,1982,30.1125435950715
Slovenia,SVN,1981,42.6229527318244
Slovenia,SVN,1980,
Slovenia,SVN,1979,
Slovenia,SVN,1978,
Slovenia,SVN,1977,
Slovenia,SVN,1976,
Slovenia,SVN,1975,
Slovenia,SVN,1974,
Slovenia,SVN,1973,
Slovenia,SVN,1972,
Slovenia,SVN,1971,
Slovenia,SVN,1970,
Slovenia,SVN,1969,
Slovenia,SVN,1968,
Slovenia,SVN,1967,
Slovenia,SVN,1966,
Slovenia,SVN,1965,
Slovenia,SVN,1964,
Slovenia,SVN,1963,
Slovenia,SVN,1962,
Slovenia,SVN,1961,
Slovenia,SVN,1960,
Solomon Islands,SLB,2025,
Solomon Islands,SLB,2024,4.32183948388033
Solomon Islands,SLB,2023,5.88585897042164
Solomon Islands,SLB,2022,5.51812928576938
Solomon Islands,SLB,2021,-0.115437894412839
Solomon Islands,SLB,2020,2.96354992076065
Solomon Islands,SLB,2019,1.63485544012247
Solomon Islands,SLB,2018,3.46147484973729
Solomon Islands,SLB,2017,0.488686760261083
Solomon Islands,SLB,2016,0.512485626268792
Solomon Islands,SLB,2015,-0.57446928635949
Solomon Islands,SLB,2014,5.16590237925171
Solomon Islands,SLB,2013,5.3913638858756
Solomon Islands,SLB,2012,5.91200602491155
Solomon Islands,SLB,2011,7.34270706018
Solomon Islands,SLB,2010,1.05148163321038
Solomon Islands,SLB,2009,7.09271716876286
Solomon Islands,SLB,2008,17.3200651968774
Solomon Islands,SLB,2007,7.66602013484806
Solomon Islands,SLB,2006,11.2199870214146
Solomon Islands,SLB,2005,7.33066341633299
Solomon Islands,SLB,2004,6.98584202682567
Solomon Islands,SLB,2003,8.26946349334406
Solomon Islands,SLB,2002,10.9296341872692
Solomon Islands,SLB,2001,6.92583732057426
Solomon Islands,SLB,2000,7.88956186986721
Solomon Islands,SLB,1999,8.02036839296841
Solomon Islands,SLB,1998,12.3995038128069
Solomon Islands,SLB,1997,8.08400135486043
Solomon Islands,SLB,1996,11.7743563856637
Solomon Islands,SLB,1995,9.62921970116226
Solomon Islands,SLB,1994,13.2560325916638
Solomon Islands,SLB,1993,9.16866233321985
Solomon Islands,SLB,1992,10.7511603675285
Solomon Islands,SLB,1991,15.050130775937
Solomon Islands,SLB,1990,8.73759261848181
Solomon Islands,SLB,1989,14.9322478710301
Solomon Islands,SLB,1988,16.7375265724654
Solomon Islands,SLB,1987,10.9923664122135
Solomon Islands,SLB,1986,13.5718789407313
Solomon Islands,SLB,1985,9.56822107081143
Solomon Islands,SLB,1984,11.0471806674338
Solomon Islands,SLB,1983,6.23471882640582
Solomon Islands,SLB,1982,12.9834254143648
Solomon Islands,SLB,1981,16.3987138263664
Solomon Islands,SLB,1980,13.0909090909091
Solomon Islands,SLB,1979,8.05500982318267
Solomon Islands,SLB,1978,6.26304801670155
Solomon Islands,SLB,1977,8.61678004535154
Solomon Islands,SLB,1976,4.25531914893602
Solomon Islands,SLB,1975,10.0694444446641
Solomon Islands,SLB,1974,18.8531711555989
Solomon Islands,SLB,1973,3.2286995513524
Solomon Islands,SLB,1972,6.87754613015531
Solomon Islands,SLB,1971,
Solomon Islands,SLB,1970,
Solomon Islands,SLB,1969,
Solomon Islands,SLB,1968,
Solomon Islands,SLB,1967,
Solomon Islands,SLB,1966,
Solomon Islands,SLB,1965,
Solomon Islands,SLB,1964,
Solomon Islands,SLB,1963,
Solomon Islands,SLB,1962,
Solomon Islands,SLB,1961,
Solomon Islands,SLB,1960,
"Somalia, Fed. Rep.",SOM,2025,
"Somalia, Fed. Rep.",SOM,2024,
"Somalia, Fed. Rep.",SOM,2023,
"Somalia, Fed. Rep.",SOM,2022,
"Somalia, Fed. Rep.",SOM,2021,
"Somalia, Fed. Rep.",SOM,2020,
"Somalia, Fed. Rep.",SOM,2019,
"Somalia, Fed. Rep.",SOM,2018,
"Somalia, Fed. Rep.",SOM,2017,
"Somalia, Fed. Rep.",SOM,2016,
"Somalia, Fed. Rep.",SOM,2015,
"Somalia, Fed. Rep.",SOM,2014,
"Somalia, Fed. Rep.",SOM,2013,
"Somalia, Fed. Rep.",SOM,2012,
"Somalia, Fed. Rep.",SOM,2011,
"Somalia, Fed. Rep.",SOM,2010,
"Somalia, Fed. Rep.",SOM,2009,
"Somalia, Fed. Rep.",SOM,2008,
"Somalia, Fed. Rep.",SOM,2007,
"Somalia, Fed. Rep.",SOM,2006,
"Somalia, Fed. Rep.",SOM,2005,
"Somalia, Fed. Rep.",SOM,2004,
"Somalia, Fed. Rep.",SOM,2003,
"Somalia, Fed. Rep.",SOM,2002,
"Somalia, Fed. Rep.",SOM,2001,
"Somalia, Fed. Rep.",SOM,2000,
"Somalia, Fed. Rep.",SOM,1999,
"Somalia, Fed. Rep.",SOM,1998,
"Somalia, Fed. Rep.",SOM,1997,
"Somalia, Fed. Rep.",SOM,1996,
"Somalia, Fed. Rep.",SOM,1995,
"Somalia, Fed. Rep.",SOM,1994,
"Somalia, Fed. Rep.",SOM,1993,
"Somalia, Fed. Rep.",SOM,1992,
"Somalia, Fed. Rep.",SOM,1991,
"Somalia, Fed. Rep.",SOM,1990,
"Somalia, Fed. Rep.",SOM,1989,
"Somalia, Fed. Rep.",SOM,1988,
"Somalia, Fed. Rep.",SOM,1987,
"Somalia, Fed. Rep.",SOM,1986,
"Somalia, Fed. Rep.",SOM,1985,
"Somalia, Fed. Rep.",SOM,1984,
"Somalia, Fed. Rep.",SOM,1983,
"Somalia, Fed. Rep.",SOM,1982,
"Somalia, Fed. Rep.",SOM,1981,
"Somalia, Fed. Rep.",SOM,1980,
"Somalia, Fed. Rep.",SOM,1979,
"Somalia, Fed. Rep.",SOM,1978,
"Somalia, Fed. Rep.",SOM,1977,
"Somalia, Fed. Rep.",SOM,1976,
"Somalia, Fed. Rep.",SOM,1975,
"Somalia, Fed. Rep.",SOM,1974,
"Somalia, Fed. Rep.",SOM,1973,
"Somalia, Fed. Rep.",SOM,1972,
"Somalia, Fed. Rep.",SOM,1971,
"Somalia, Fed. Rep.",SOM,1970,
"Somalia, Fed. Rep.",SOM,1969,
"Somalia, Fed. Rep.",SOM,1968,
"Somalia, Fed. Rep.",SOM,1967,
"Somalia, Fed. Rep.",SOM,1966,
"Somalia, Fed. Rep.",SOM,1965,
"Somalia, Fed. Rep.",SOM,1964,
"Somalia, Fed. Rep.",SOM,1963,
"Somalia, Fed. Rep.",SOM,1962,
"Somalia, Fed. Rep.",SOM,1961,
"Somalia, Fed. Rep.",SOM,1960,
South Africa,ZAF,2025,
South Africa,ZAF,2024,4.36115246518962
South Africa,ZAF,2023,6.0752438457966
South Africa,ZAF,2022,7.03987272546482
South Africa,ZAF,2021,4.61874544887136
South Africa,ZAF,2020,3.23238831615113
South Africa,ZAF,2019,4.10285075461156
South Africa,ZAF,2018,4.50987264867388
South Africa,ZAF,2017,5.18618655524149
South Africa,ZAF,2016,6.60290842394872
South Africa,ZAF,2015,4.51869094892506
South Africa,ZAF,2014,6.13282953059149
South Africa,ZAF,2013,5.78016910069176
South Africa,ZAF,2012,5.73797139141739
South Africa,ZAF,2011,5.0008533879502
South Africa,ZAF,2010,4.06749555950263
South Africa,ZAF,2009,7.23809523809527
South Africa,ZAF,2008,9.90998456005467
South Africa,ZAF,2007,6.17781214809388
South Africa,ZAF,2006,3.2439076541923
South Africa,ZAF,2005,2.06285308223427
South Africa,ZAF,2004,-0.692039437857687
South Africa,ZAF,2003,5.67942414068799
South Africa,ZAF,2002,9.494713780996
South Africa,ZAF,2001,5.70189483049608
South Africa,ZAF,2000,5.33895913599828
South Africa,ZAF,1999,5.18148905111697
South Africa,ZAF,1998,6.88054521037351
South Africa,ZAF,1997,8.59777611252274
South Africa,ZAF,1996,7.35411972085333
South Africa,ZAF,1995,8.68042421392631
South Africa,ZAF,1994,8.938563723594
South Africa,ZAF,1993,9.71742729803028
South Africa,ZAF,1992,13.874703748615
South Africa,ZAF,1991,15.3347785733672
South Africa,ZAF,1990,14.3209918914915
South Africa,ZAF,1989,14.7308753982381
South Africa,ZAF,1988,12.779553083028
South Africa,ZAF,1987,16.1605948546791
South Africa,ZAF,1986,18.6549230388755
South Africa,ZAF,1985,16.2942252426421
South Africa,ZAF,1984,11.526481434496
South Africa,ZAF,1983,12.3032053006006
South Africa,ZAF,1982,14.6390405853128
South Africa,ZAF,1981,15.2542337674194
South Africa,ZAF,1980,13.6602404681115
South Africa,ZAF,1979,13.2936624628059
South Africa,ZAF,1978,11.1356088829565
South Africa,ZAF,1977,11.15195783193
South Africa,ZAF,1976,11.0204105892452
South Africa,ZAF,1975,13.4259248530376
South Africa,ZAF,1974,11.7241315190611
South Africa,ZAF,1973,9.43398376978394
South Africa,ZAF,1972,6.42567638879175
South Africa,ZAF,1971,5.95742085213486
South Africa,ZAF,1970,4.99192455435617
South Africa,ZAF,1969,3.23821721585667
South Africa,ZAF,1968,1.98613362103222
South Africa,ZAF,1967,3.53896580236233
South Africa,ZAF,1966,3.48923715385175
South Africa,ZAF,1965,4.06901853294584
South Africa,ZAF,1964,2.53498854234898
South Africa,ZAF,1963,1.33797064490693
South Africa,ZAF,1962,1.24627519965495
South Africa,ZAF,1961,2.10235059955978
South Africa,ZAF,1960,1.28887692687992
South Sudan,SSD,2025,
South Sudan,SSD,2024,91.4408220769046
South Sudan,SSD,2023,2.38280434813754
South Sudan,SSD,2022,-6.68732094212668
South Sudan,SSD,2021,10.5167158294358
South Sudan,SSD,2020,29.6758435538572
South Sudan,SSD,2019,87.2413641500032
South Sudan,SSD,2018,83.5015294922
South Sudan,SSD,2017,187.851630279442
South Sudan,SSD,2016,379.999585624026
South Sudan,SSD,2015,52.7663304192143
South Sudan,SSD,2014,1.6742990629552
South Sudan,SSD,2013,-0.0580909784225664
South Sudan,SSD,2012,45.5258978371706
South Sudan,SSD,2011,46.8521757193597
South Sudan,SSD,2010,1.16962180301108
South Sudan,SSD,2009,5.00627361534047
South Sudan,SSD,2008,
South Sudan,SSD,2007,
South Sudan,SSD,2006,
South Sudan,SSD,2005,
South Sudan,SSD,2004,
South Sudan,SSD,2003,
South Sudan,SSD,2002,
South Sudan,SSD,2001,
South Sudan,SSD,2000,
South Sudan,SSD,1999,
South Sudan,SSD,1998,
South Sudan,SSD,1997,
South Sudan,SSD,1996,
South Sudan,SSD,1995,
South Sudan,SSD,1994,
South Sudan,SSD,1993,
South Sudan,SSD,1992,
South Sudan,SSD,1991,
South Sudan,SSD,1990,
South Sudan,SSD,1989,
South Sudan,SSD,1988,
South Sudan,SSD,1987,
South Sudan,SSD,1986,
South Sudan,SSD,1985,
South Sudan,SSD,1984,
South Sudan,SSD,1983,
South Sudan,SSD,1982,
South Sudan,SSD,1981,
South Sudan,SSD,1980,
South Sudan,SSD,1979,
South Sudan,SSD,1978,
South Sudan,SSD,1977,
South Sudan,SSD,1976,
South Sudan,SSD,1975,
South Sudan,SSD,1974,
South Sudan,SSD,1973,
South Sudan,SSD,1972,
South Sudan,SSD,1971,
South Sudan,SSD,1970,
South Sudan,SSD,1969,
South Sudan,SSD,1968,
South Sudan,SSD,1967,
South Sudan,SSD,1966,
South Sudan,SSD,1965,
South Sudan,SSD,1964,
South Sudan,SSD,1963,
South Sudan,SSD,1962,
South Sudan,SSD,1961,
South Sudan,SSD,1960,
Spain,ESP,2025,
Spain,ESP,2024,2.77417826534772
Spain,ESP,2023,3.53236133492432
Spain,ESP,2022,8.39057634118626
Spain,ESP,2021,3.09313511976419
Spain,ESP,2020,-0.322753017299739
Spain,ESP,2019,0.699518994458738
Spain,ESP,2018,1.6749813686379
Spain,ESP,2017,1.95607633363963
Spain,ESP,2016,-0.202598000426452
Spain,ESP,2015,-0.500365709903242
Spain,ESP,2014,-0.151114837527234
Spain,ESP,2013,1.40858109183018
Spain,ESP,2012,2.44612782366808
Spain,ESP,2011,3.1961018883379
Spain,ESP,2010,1.79986457728768
Spain,ESP,2009,-0.28781308353524
Spain,ESP,2008,4.07534335957339
Spain,ESP,2007,2.78679745804945
Spain,ESP,2006,3.51557576832128
Spain,ESP,2005,3.36881409750383
Spain,ESP,2004,3.03924881090924
Spain,ESP,2003,3.03888839396655
Spain,ESP,2002,3.06565685902219
Spain,ESP,2001,3.58983413338112
Spain,ESP,2000,3.43351563418766
Spain,ESP,1999,2.31034813987067
Spain,ESP,1998,1.83432999908409
Spain,ESP,1997,1.97107395582926
Spain,ESP,1996,3.55884559338557
Spain,ESP,1995,4.67380337624704
Spain,ESP,1994,4.71841373967329
Spain,ESP,1993,4.56907173681813
Spain,ESP,1992,5.92453126228489
Spain,ESP,1991,5.93421344335924
Spain,ESP,1990,6.72181952228656
Spain,ESP,1989,6.79143584025099
Spain,ESP,1988,4.83727066490361
Spain,ESP,1987,5.24801863489593
Spain,ESP,1986,8.7949393229032
Spain,ESP,1985,8.81445506678387
Spain,ESP,1984,11.2802765604037
Spain,ESP,1983,12.1740727351699
Spain,ESP,1982,14.4150020548327
Spain,ESP,1981,14.5493457170321
Spain,ESP,1980,15.5619020957245
Spain,ESP,1979,15.6602355971771
Spain,ESP,1978,19.7736704973661
Spain,ESP,1977,24.5380632929205
Spain,ESP,1976,17.6248800527481
Spain,ESP,1975,16.9532859334982
Spain,ESP,1974,15.6803733985389
Spain,ESP,1973,11.4167076137084
Spain,ESP,1972,8.27228754941942
Spain,ESP,1971,8.23688714893602
Spain,ESP,1970,5.73114484293531
Spain,ESP,1969,2.16034713599866
Spain,ESP,1968,4.95436611736463
Spain,ESP,1967,6.39163108782115
Spain,ESP,1966,6.24036708297987
Spain,ESP,1965,13.2141378382198
Spain,ESP,1964,6.97924673989605
Spain,ESP,1963,8.74369768409153
Spain,ESP,1962,5.70647719271308
Spain,ESP,1961,0.809252873882166
Spain,ESP,1960,1.17777108409631
Sri Lanka,LKA,2025,
Sri Lanka,LKA,2024,-0.42936004906973
Sri Lanka,LKA,2023,16.5411742279832
Sri Lanka,LKA,2022,49.7211021114327
Sri Lanka,LKA,2021,7.01478071238195
Sri Lanka,LKA,2020,6.15394508391738
Sri Lanka,LKA,2019,3.52839358231811
Sri Lanka,LKA,2018,2.135037737132
Sri Lanka,LKA,2017,7.70413767850602
Sri Lanka,LKA,2016,3.9588884659307
Sri Lanka,LKA,2015,3.76836783062096
Sri Lanka,LKA,2014,3.1790022823606
Sri Lanka,LKA,2013,6.90845034828452
Sri Lanka,LKA,2012,7.54291373239437
Sri Lanka,LKA,2011,6.7167684358854
Sri Lanka,LKA,2010,6.2176488930462
Sri Lanka,LKA,2009,3.46496322106074
Sri Lanka,LKA,2008,22.5644955300126
Sri Lanka,LKA,2007,15.8421114924843
Sri Lanka,LKA,2006,10.0201836057035
Sri Lanka,LKA,2005,11.6396860971118
Sri Lanka,LKA,2004,7.57592582995856
Sri Lanka,LKA,2003,6.31463787051174
Sri Lanka,LKA,2002,9.55103167007251
Sri Lanka,LKA,2001,14.15845579912
Sri Lanka,LKA,2000,6.17627591012045
Sri Lanka,LKA,1999,4.69170563048438
Sri Lanka,LKA,1998,9.36424300683229
Sri Lanka,LKA,1997,9.57369626405162
Sri Lanka,LKA,1996,15.9358310447214
Sri Lanka,LKA,1995,7.67484873449805
Sri Lanka,LKA,1994,8.44871248698348
Sri Lanka,LKA,1993,11.7467370174946
Sri Lanka,LKA,1992,11.3834370512206
Sri Lanka,LKA,1991,12.1856307214389
Sri Lanka,LKA,1990,21.495252052759
Sri Lanka,LKA,1989,11.5675360890558
Sri Lanka,LKA,1988,13.9915489002075
Sri Lanka,LKA,1987,7.71716560559269
Sri Lanka,LKA,1986,7.97636193570627
Sri Lanka,LKA,1985,1.48118012235429
Sri Lanka,LKA,1984,16.6382537479217
Sri Lanka,LKA,1983,13.9643880065001
Sri Lanka,LKA,1982,10.8257491675687
Sri Lanka,LKA,1981,17.9689954960101
Sri Lanka,LKA,1980,26.1454101014465
Sri Lanka,LKA,1979,10.731921430873
Sri Lanka,LKA,1978,12.141597276466
Sri Lanka,LKA,1977,1.22487958802845
Sri Lanka,LKA,1976,1.3295186805823
Sri Lanka,LKA,1975,6.62599255320979
Sri Lanka,LKA,1974,12.3028867952472
Sri Lanka,LKA,1973,9.62664310171122
Sri Lanka,LKA,1972,6.34948605013613
Sri Lanka,LKA,1971,2.66538020859991
Sri Lanka,LKA,1970,5.86695607765968
Sri Lanka,LKA,1969,7.45695273372576
Sri Lanka,LKA,1968,5.86056644898579
Sri Lanka,LKA,1967,2.18923933203517
Sri Lanka,LKA,1966,-0.155601659973846
Sri Lanka,LKA,1965,0.222783306254021
Sri Lanka,LKA,1964,3.19564717604592
Sri Lanka,LKA,1963,2.27290539996214
Sri Lanka,LKA,1962,1.50357995251549
Sri Lanka,LKA,1961,1.1344436397999
Sri Lanka,LKA,1960,-1.54467680609201
St. Kitts and Nevis,KNA,2025,
St. Kitts and Nevis,KNA,2024,
St. Kitts and Nevis,KNA,2023,3.55711230848243
St. Kitts and Nevis,KNA,2022,2.66817533111249
St. Kitts and Nevis,KNA,2021,1.195688870384
St. Kitts and Nevis,KNA,2020,-1.16724501769353
St. Kitts and Nevis,KNA,2019,-0.329562063663977
St. Kitts and Nevis,KNA,2018,-1.03712214131572
St. Kitts and Nevis,KNA,2017,0.694916711613604
St. Kitts and Nevis,KNA,2016,-0.687037123294039
St. Kitts and Nevis,KNA,2015,-2.30187563045616
St. Kitts and Nevis,KNA,2014,0.247865392364942
St. Kitts and Nevis,KNA,2013,1.10698554000129
St. Kitts and Nevis,KNA,2012,0.816089281562459
St. Kitts and Nevis,KNA,2011,5.8351651957086
St. Kitts and Nevis,KNA,2010,0.850878649795844
St. Kitts and Nevis,KNA,2009,2.05793709041836
St. Kitts and Nevis,KNA,2008,5.30029675072584
St. Kitts and Nevis,KNA,2007,4.48088608614726
St. Kitts and Nevis,KNA,2006,8.48748575845879
St. Kitts and Nevis,KNA,2005,3.37781903988238
St. Kitts and Nevis,KNA,2004,2.31455462238093
St. Kitts and Nevis,KNA,2003,2.23543664374553
St. Kitts and Nevis,KNA,2002,2.04109102620208
St. Kitts and Nevis,KNA,2001,2.30344748349255
St. Kitts and Nevis,KNA,2000,2.14885532743696
St. Kitts and Nevis,KNA,1999,3.36303630363045
St. Kitts and Nevis,KNA,1998,3.44635865955273
St. Kitts and Nevis,KNA,1997,8.90518339116016
St. Kitts and Nevis,KNA,1996,2.08657385169121
St. Kitts and Nevis,KNA,1995,2.9568002509262
St. Kitts and Nevis,KNA,1994,1.44226958804943
St. Kitts and Nevis,KNA,1993,1.79486146433782
St. Kitts and Nevis,KNA,1992,2.85844672514458
St. Kitts and Nevis,KNA,1991,4.3237394435542
St. Kitts and Nevis,KNA,1990,4.01098407755617
St. Kitts and Nevis,KNA,1989,5.16996495562573
St. Kitts and Nevis,KNA,1988,0.232525033997813
St. Kitts and Nevis,KNA,1987,0.96301264865157
St. Kitts and Nevis,KNA,1986,-0.00668553372426752
St. Kitts and Nevis,KNA,1985,2.61954629955699
St. Kitts and Nevis,KNA,1984,2.71490470548818
St. Kitts and Nevis,KNA,1983,2.29153537034707
St. Kitts and Nevis,KNA,1982,5.92722298201993
St. Kitts and Nevis,KNA,1981,10.476363196689
St. Kitts and Nevis,KNA,1980,17.7366548046812
St. Kitts and Nevis,KNA,1979,
St. Kitts and Nevis,KNA,1978,
St. Kitts and Nevis,KNA,1977,
St. Kitts and Nevis,KNA,1976,
St. Kitts and Nevis,KNA,1975,
St. Kitts and Nevis,KNA,1974,
St. Kitts and Nevis,KNA,1973,
St. Kitts and Nevis,KNA,1972,
St. Kitts and Nevis,KNA,1971,
St. Kitts and Nevis,KNA,1970,
St. Kitts and Nevis,KNA,1969,
St. Kitts and Nevis,KNA,1968,
St. Kitts and Nevis,KNA,1967,
St. Kitts and Nevis,KNA,1966,
St. Kitts and Nevis,KNA,1965,
St. Kitts and Nevis,KNA,1964,
St. Kitts and Nevis,KNA,1963,
St. Kitts and Nevis,KNA,1962,
St. Kitts and Nevis,KNA,1961,
St. Kitts and Nevis,KNA,1960,
St. Lucia,LCA,2025,
St. Lucia,LCA,2024,-0.110283575834694
St. Lucia,LCA,2023,4.07060821926204
St. Lucia,LCA,2022,6.37814695133351
St. Lucia,LCA,2021,2.41070312174393
St. Lucia,LCA,2020,-1.75580833517594
St. Lucia,LCA,2019,0.539087559191757
St. Lucia,LCA,2018,1.93561893150602
St. Lucia,LCA,2017,0.104262078958441
St. Lucia,LCA,2016,-3.07821765676927
St. Lucia,LCA,2015,-0.983600952696996
St. Lucia,LCA,2014,3.51695551369241
St. Lucia,LCA,2013,1.46856511035428
St. Lucia,LCA,2012,4.17763587102515
St. Lucia,LCA,2011,2.76940794144093
St. Lucia,LCA,2010,3.25034409180129
St. Lucia,LCA,2009,-0.156936087168669
St. Lucia,LCA,2008,5.54954769383937
St. Lucia,LCA,2007,2.82310373736929
St. Lucia,LCA,2006,2.39562082529168
St. Lucia,LCA,2005,3.89827370759476
St. Lucia,LCA,2004,1.46036814425245
St. Lucia,LCA,2003,1.03425372426221
St. Lucia,LCA,2002,-0.255536626916508
St. Lucia,LCA,2001,5.30722081028547
St. Lucia,LCA,2000,3.7107860871361
St. Lucia,LCA,1999,3.50379784108942
St. Lucia,LCA,1998,3.20194341679091
St. Lucia,LCA,1997,-0.0055202870547238
St. Lucia,LCA,1996,0.924842609615973
St. Lucia,LCA,1995,5.62965921512378
St. Lucia,LCA,1994,2.81591665153968
St. Lucia,LCA,1993,0.848181596289603
St. Lucia,LCA,1992,5.13889779944828
St. Lucia,LCA,1991,6.14955053119049
St. Lucia,LCA,1990,4.26755662855972
St. Lucia,LCA,1989,4.37263766397329
St. Lucia,LCA,1988,0.829472425646376
St. Lucia,LCA,1987,7.02175303902781
St. Lucia,LCA,1986,2.19025825433132
St. Lucia,LCA,1985,1.42319898238732
St. Lucia,LCA,1984,1.20548410365588
St. Lucia,LCA,1983,1.47305853462301
St. Lucia,LCA,1982,4.61406749873088
St. Lucia,LCA,1981,15.1248443770346
St. Lucia,LCA,1980,19.4777291132912
St. Lucia,LCA,1979,9.3900427128736
St. Lucia,LCA,1978,10.8775182920991
St. Lucia,LCA,1977,8.86573190026188
St. Lucia,LCA,1976,9.66911984668741
St. Lucia,LCA,1975,17.7427876996523
St. Lucia,LCA,1974,34.2206042268792
St. Lucia,LCA,1973,13.440600697174
St. Lucia,LCA,1972,7.88057628905351
St. Lucia,LCA,1971,8.3913452492058
St. Lucia,LCA,1970,13.3987625348182
St. Lucia,LCA,1969,2.25438149968916
St. Lucia,LCA,1968,3.96945410534389
St. Lucia,LCA,1967,3.20717908718529
St. Lucia,LCA,1966,2.47900839657731
St. Lucia,LCA,1965,
St. Lucia,LCA,1964,
St. Lucia,LCA,1963,
St. Lucia,LCA,1962,
St. Lucia,LCA,1961,
St. Lucia,LCA,1960,
St. Martin (French part),MAF,2025,
St. Martin (French part),MAF,2024,
St. Martin (French part),MAF,2023,
St. Martin (French part),MAF,2022,
St. Martin (French part),MAF,2021,
St. Martin (French part),MAF,2020,
St. Martin (French part),MAF,2019,
St. Martin (French part),MAF,2018,
St. Martin (French part),MAF,2017,
St. Martin (French part),MAF,2016,
St. Martin (French part),MAF,2015,
St. Martin (French part),MAF,2014,
St. Martin (French part),MAF,2013,
St. Martin (French part),MAF,2012,
St. Martin (French part),MAF,2011,
St. Martin (French part),MAF,2010,
St. Martin (French part),MAF,2009,
St. Martin (French part),MAF,2008,
St. Martin (French part),MAF,2007,
St. Martin (French part),MAF,2006,
St. Martin (French part),MAF,2005,
St. Martin (French part),MAF,2004,
St. Martin (French part),MAF,2003,
St. Martin (French part),MAF,2002,
St. Martin (French part),MAF,2001,
St. Martin (French part),MAF,2000,
St. Martin (French part),MAF,1999,
St. Martin (French part),MAF,1998,
St. Martin (French part),MAF,1997,
St. Martin (French part),MAF,1996,
St. Martin (French part),MAF,1995,
St. Martin (French part),MAF,1994,
St. Martin (French part),MAF,1993,
St. Martin (French part),MAF,1992,
St. Martin (French part),MAF,1991,
St. Martin (French part),MAF,1990,
St. Martin (French part),MAF,1989,
St. Martin (French part),MAF,1988,
St. Martin (French part),MAF,1987,
St. Martin (French part),MAF,1986,
St. Martin (French part),MAF,1985,
St. Martin (French part),MAF,1984,
St. Martin (French part),MAF,1983,
St. Martin (French part),MAF,1982,
St. Martin (French part),MAF,1981,
St. Martin (French part),MAF,1980,
St. Martin (French part),MAF,1979,
St. Martin (French part),MAF,1978,
St. Martin (French part),MAF,1977,
St. Martin (French part),MAF,1976,
St. Martin (French part),MAF,1975,
St. Martin (French part),MAF,1974,
St. Martin (French part),MAF,1973,
St. Martin (French part),MAF,1972,
St. Martin (French part),MAF,1971,
St. Martin (French part),MAF,1970,
St. Martin (French part),MAF,1969,
St. Martin (French part),MAF,1968,
St. Martin (French part),MAF,1967,
St. Martin (French part),MAF,1966,
St. Martin (French part),MAF,1965,
St. Martin (French part),MAF,1964,
St. Martin (French part),MAF,1963,
St. Martin (French part),MAF,1962,
St. Martin (French part),MAF,1961,
St. Martin (French part),MAF,1960,
St. Vincent and the Grenadines,VCT,2025,
St. Vincent and the Grenadines,VCT,2024,3.62770736940927
St. Vincent and the Grenadines,VCT,2023,4.56457719814894
St. Vincent and the Grenadines,VCT,2022,5.66009779226552
St. Vincent and the Grenadines,VCT,2021,1.57272932500558
St. Vincent and the Grenadines,VCT,2020,-0.628131309354654
St. Vincent and the Grenadines,VCT,2019,0.91306972532459
St. Vincent and the Grenadines,VCT,2018,2.32414485367921
St. Vincent and the Grenadines,VCT,2017,2.15333648840511
St. Vincent and the Grenadines,VCT,2016,-0.149641647633284
St. Vincent and the Grenadines,VCT,2015,-1.73361194953959
St. Vincent and the Grenadines,VCT,2014,0.193858560794015
St. Vincent and the Grenadines,VCT,2013,0.805127804267928
St. Vincent and the Grenadines,VCT,2012,2.59844414147101
St. Vincent and the Grenadines,VCT,2011,3.1860311155246
St. Vincent and the Grenadines,VCT,2010,0.747109026311474
St. Vincent and the Grenadines,VCT,2009,0.421539125687215
St. Vincent and the Grenadines,VCT,2008,10.0662418245849
St. Vincent and the Grenadines,VCT,2007,7.23614701584807
St. Vincent and the Grenadines,VCT,2006,2.74067516070673
St. Vincent and the Grenadines,VCT,2005,3.7334291646702
St. Vincent and the Grenadines,VCT,2004,2.96003946719286
St. Vincent and the Grenadines,VCT,2003,0.205981708824254
St. Vincent and the Grenadines,VCT,2002,1.85550399046655
St. Vincent and the Grenadines,VCT,2001,0.9008584858665
St. Vincent and the Grenadines,VCT,2000,0.167679637488279
St. Vincent and the Grenadines,VCT,1999,1.01355044438875
St. Vincent and the Grenadines,VCT,1998,2.1424064726839
St. Vincent and the Grenadines,VCT,1997,0.443616029823348
St. Vincent and the Grenadines,VCT,1996,4.40790113846454
St. Vincent and the Grenadines,VCT,1995,1.73837289880567
St. Vincent and the Grenadines,VCT,1994,1.0089495525225
St. Vincent and the Grenadines,VCT,1993,4.29137553446651
St. Vincent and the Grenadines,VCT,1992,3.46353042727654
St. Vincent and the Grenadines,VCT,1991,5.49200387001333
St. Vincent and the Grenadines,VCT,1990,7.60609957743892
St. Vincent and the Grenadines,VCT,1989,2.83393160778396
St. Vincent and the Grenadines,VCT,1988,0.227229691346298
St. Vincent and the Grenadines,VCT,1987,3.30594679186221
St. Vincent and the Grenadines,VCT,1986,1.02766798418975
St. Vincent and the Grenadines,VCT,1985,2.13968510329097
St. Vincent and the Grenadines,VCT,1984,2.70195563584383
St. Vincent and the Grenadines,VCT,1983,5.4583879899022
St. Vincent and the Grenadines,VCT,1982,7.22825662243943
St. Vincent and the Grenadines,VCT,1981,12.7356566462516
St. Vincent and the Grenadines,VCT,1980,17.2074750037358
St. Vincent and the Grenadines,VCT,1979,15.6084783235704
St. Vincent and the Grenadines,VCT,1978,8.42952810284595
St. Vincent and the Grenadines,VCT,1977,10.1869132045143
St. Vincent and the Grenadines,VCT,1976,11.2889826175874
St. Vincent and the Grenadines,VCT,1975,6.79770679739963
St. Vincent and the Grenadines,VCT,1974,
St. Vincent and the Grenadines,VCT,1973,
St. Vincent and the Grenadines,VCT,1972,
St. Vincent and the Grenadines,VCT,1971,
St. Vincent and the Grenadines,VCT,1970,
St. Vincent and the Grenadines,VCT,1969,
St. Vincent and the Grenadines,VCT,1968,
St. Vincent and the Grenadines,VCT,1967,
St. Vincent and the Grenadines,VCT,1966,
St. Vincent and the Grenadines,VCT,1965,
St. Vincent and the Grenadines,VCT,1964,
St. Vincent and the Grenadines,VCT,1963,
St. Vincent and the Grenadines,VCT,1962,
St. Vincent and the Grenadines,VCT,1961,
St. Vincent and the Grenadines,VCT,1960,
Sudan,SDN,2025,
Sudan,SDN,2024,
Sudan,SDN,2023,
Sudan,SDN,2022,138.80846024176
Sudan,SDN,2021,359.093040778999
Sudan,SDN,2020,163.257782355458
Sudan,SDN,2019,50.9940515002965
Sudan,SDN,2018,63.2925073455888
Sudan,SDN,2017,32.3516260968437
Sudan,SDN,2016,17.750253831196
Sudan,SDN,2015,16.9095706050977
Sudan,SDN,2014,36.9066427863595
Sudan,SDN,2013,36.5223449139154
Sudan,SDN,2012,35.5590574147024
Sudan,SDN,2011,18.0966171221351
Sudan,SDN,2010,12.9776663898014
Sudan,SDN,2009,11.256758706301
Sudan,SDN,2008,14.2971224481434
Sudan,SDN,2007,14.7542770780084
Sudan,SDN,2006,7.19912990114709
Sudan,SDN,2005,8.50585075933117
Sudan,SDN,2004,9.65754628605945
Sudan,SDN,2003,6.48943208673338
Sudan,SDN,2002,22.2247241495905
Sudan,SDN,2001,1.93529572095333
Sudan,SDN,2000,7.12125897172291
Sudan,SDN,1999,17.1664454201761
Sudan,SDN,1998,24.6218785461586
Sudan,SDN,1997,47.1685369647197
Sudan,SDN,1996,132.823777374139
Sudan,SDN,1995,68.3751929485422
Sudan,SDN,1994,115.398144292738
Sudan,SDN,1993,101.380423763812
Sudan,SDN,1992,117.624468896394
Sudan,SDN,1991,123.578126902936
Sudan,SDN,1990,65.1580979966203
Sudan,SDN,1989,66.7203219315898
Sudan,SDN,1988,64.7005631001051
Sudan,SDN,1987,20.557237745391
Sudan,SDN,1986,24.453490125132
Sudan,SDN,1985,45.40750323421
Sudan,SDN,1984,34.14634146336
Sudan,SDN,1983,30.5877747791383
Sudan,SDN,1982,25.7128797492595
Sudan,SDN,1981,24.5757243336576
Sudan,SDN,1980,25.3523690119419
Sudan,SDN,1979,31.138455010753
Sudan,SDN,1978,19.2304044013514
Sudan,SDN,1977,17.0763307914922
Sudan,SDN,1976,1.67488426358217
Sudan,SDN,1975,23.9630476370738
Sudan,SDN,1974,26.1581023014198
Sudan,SDN,1973,15.2890879478773
Sudan,SDN,1972,13.5547507128621
Sudan,SDN,1971,1.30366900859353
Sudan,SDN,1970,4.02779565047173
Sudan,SDN,1969,12.606868569676
Sudan,SDN,1968,-10.0338953589389
Sudan,SDN,1967,11.0135558877735
Sudan,SDN,1966,1.71246319927017
Sudan,SDN,1965,-2.44602939056201
Sudan,SDN,1964,3.95083843356371
Sudan,SDN,1963,4.68823253646181
Sudan,SDN,1962,1.66287136567997
Sudan,SDN,1961,8.76051146191632
Sudan,SDN,1960,0.092240285829437
Suriname,SUR,2025,
Suriname,SUR,2024,16.2296159130279
Suriname,SUR,2023,51.5873159600861
Suriname,SUR,2022,52.446027276241
Suriname,SUR,2021,59.1196626251977
Suriname,SUR,2020,34.889784309078
Suriname,SUR,2019,
Suriname,SUR,2018,
Suriname,SUR,2017,21.9969430173304
Suriname,SUR,2016,55.4123879763196
Suriname,SUR,2015,6.89390359168238
Suriname,SUR,2014,3.38341272749477
Suriname,SUR,2013,1.92343604108305
Suriname,SUR,2012,5.00686319367273
Suriname,SUR,2011,17.7117796414558
Suriname,SUR,2010,6.94108221639996
Suriname,SUR,2009,-0.133636646714877
Suriname,SUR,2008,14.6671427437912
Suriname,SUR,2007,6.42627934470524
Suriname,SUR,2006,11.2813043273975
Suriname,SUR,2005,9.89800489561465
Suriname,SUR,2004,9.98632511974878
Suriname,SUR,2003,23.0022321778219
Suriname,SUR,2002,15.5273989185702
Suriname,SUR,2001,38.5862878872611
Suriname,SUR,2000,59.401686545079
Suriname,SUR,1999,98.7730914112164
Suriname,SUR,1998,18.9753691994478
Suriname,SUR,1997,7.14511160883929
Suriname,SUR,1996,-0.701887251452818
Suriname,SUR,1995,235.558815073605
Suriname,SUR,1994,368.478068706267
Suriname,SUR,1993,143.51155848349
Suriname,SUR,1992,43.6661783854171
Suriname,SUR,1991,25.9674625060223
Suriname,SUR,1990,21.7399443397526
Suriname,SUR,1989,0.769646742205996
Suriname,SUR,1988,7.31328780803817
Suriname,SUR,1987,53.3929532563242
Suriname,SUR,1986,18.6879606879605
Suriname,SUR,1985,10.8659529841192
Suriname,SUR,1984,3.68874452760907
Suriname,SUR,1983,4.41180807455269
Suriname,SUR,1982,7.27640861779861
Suriname,SUR,1981,8.79396984924597
Suriname,SUR,1980,14.1097064496918
Suriname,SUR,1979,14.8423081655328
Suriname,SUR,1978,8.82352941179666
Suriname,SUR,1977,9.73113276853737
Suriname,SUR,1976,10.0695380302795
Suriname,SUR,1975,8.44732842274659
Suriname,SUR,1974,16.8761956821095
Suriname,SUR,1973,12.9408133340937
Suriname,SUR,1972,3.23428662488595
Suriname,SUR,1971,0.215551652643419
Suriname,SUR,1970,2.58804258797295
Suriname,SUR,1969,11.2745098039219
Suriname,SUR,1968,0.163666121112876
Suriname,SUR,1967,10.6884057971016
Suriname,SUR,1966,4.74383301707783
Suriname,SUR,1965,1.93423597678913
Suriname,SUR,1964,4.23387096774197
Suriname,SUR,1963,2.05761316872425
Suriname,SUR,1962,2.1008403361344
Suriname,SUR,1961,1.70940170940175
Suriname,SUR,1960,2.85714285714286
Sweden,SWE,2025,
Sweden,SWE,2024,2.83581658224034
Sweden,SWE,2023,8.5486248974891
Sweden,SWE,2022,8.36929098869189
Sweden,SWE,2021,2.16319736447143
Sweden,SWE,2020,0.497367318853572
Sweden,SWE,2019,1.78415097403835
Sweden,SWE,2018,1.95353530127028
Sweden,SWE,2017,1.79449904665599
Sweden,SWE,2016,0.984269244577992
Sweden,SWE,2015,-0.0467847449832812
Sweden,SWE,2014,-0.179638494114635
Sweden,SWE,2013,-0.044292970148682
Sweden,SWE,2012,0.888377506923735
Sweden,SWE,2011,2.9611507382214
Sweden,SWE,2010,1.15798802715626
Sweden,SWE,2009,-0.494460544378051
Sweden,SWE,2008,3.43704910602875
Sweden,SWE,2007,2.21216883436733
Sweden,SWE,2006,1.36021468627693
Sweden,SWE,2005,0.453170852576138
Sweden,SWE,2004,0.373659828721824
Sweden,SWE,2003,1.92565534892383
Sweden,SWE,2002,2.15848213589266
Sweden,SWE,2001,2.40595834145436
Sweden,SWE,2000,0.899143734041715
Sweden,SWE,1999,0.462175756339138
Sweden,SWE,1998,-0.267132668354971
Sweden,SWE,1997,0.658410256243526
Sweden,SWE,1996,0.533131978766238
Sweden,SWE,1995,2.455148578184
Sweden,SWE,1994,2.15813800724629
Sweden,SWE,1993,4.72817304626049
Sweden,SWE,1992,2.37436725111881
Sweden,SWE,1991,9.44462732944189
Sweden,SWE,1990,10.3665533879493
Sweden,SWE,1989,6.44327587426603
Sweden,SWE,1988,5.8248986843944
Sweden,SWE,1987,4.18857151771368
Sweden,SWE,1986,4.23591011089791
Sweden,SWE,1985,7.37257458126243
Sweden,SWE,1984,8.04424238994429
Sweden,SWE,1983,8.8730215236321
Sweden,SWE,1982,8.58918509047119
Sweden,SWE,1981,12.1039385302599
Sweden,SWE,1980,13.7063223649005
Sweden,SWE,1979,7.20978617047804
Sweden,SWE,1978,9.99526541717736
Sweden,SWE,1977,11.4418051091076
Sweden,SWE,1976,10.2492246529784
Sweden,SWE,1975,9.77987398822576
Sweden,SWE,1974,9.91172530113231
Sweden,SWE,1973,6.71799739819354
Sweden,SWE,1972,6.00738969862494
Sweden,SWE,1971,7.39554113837643
Sweden,SWE,1970,7.01635885100763
Sweden,SWE,1969,2.69199458555708
Sweden,SWE,1968,1.94312582473228
Sweden,SWE,1967,4.28931922993319
Sweden,SWE,1966,6.40480825348423
Sweden,SWE,1965,5.01277129643838
Sweden,SWE,1964,3.38766231088349
Sweden,SWE,1963,2.87174034485767
Sweden,SWE,1962,4.76619721905826
Sweden,SWE,1961,2.15797310981961
Sweden,SWE,1960,4.14177915090215
Switzerland,CHE,2025,
Switzerland,CHE,2024,1.06234041976594
Switzerland,CHE,2023,2.13540088016386
Switzerland,CHE,2022,2.83502798644451
Switzerland,CHE,2021,0.581814168489855
Switzerland,CHE,2020,-0.725874933313402
Switzerland,CHE,2019,0.362886179940674
Switzerland,CHE,2018,0.936335464113572
Switzerland,CHE,2017,0.533787839825876
Switzerland,CHE,2016,-0.434618664285814
Switzerland,CHE,2015,-1.14390867228178
Switzerland,CHE,2014,-0.0132025387515945
Switzerland,CHE,2013,-0.217323155115672
Switzerland,CHE,2012,-0.692552018105163
Switzerland,CHE,2011,0.2313492076509
Switzerland,CHE,2010,0.688238707219974
Switzerland,CHE,2009,-0.480481936423304
Switzerland,CHE,2008,2.42604117060157
Switzerland,CHE,2007,0.732350603122236
Switzerland,CHE,2006,1.05950928324804
Switzerland,CHE,2005,1.17195420333702
Switzerland,CHE,2004,0.802908730955226
Switzerland,CHE,2003,0.638272930887189
Switzerland,CHE,2002,0.642711506543277
Switzerland,CHE,2001,0.989020329832545
Switzerland,CHE,2000,1.55852919679008
Switzerland,CHE,1999,0.806444380959459
Switzerland,CHE,1998,0.0179384378439321
Switzerland,CHE,1997,0.52022542273664
Switzerland,CHE,1996,0.811634064628187
Switzerland,CHE,1995,1.79982776867149
Switzerland,CHE,1994,0.852116995120664
Switzerland,CHE,1993,3.29262180313606
Switzerland,CHE,1992,4.03703020778739
Switzerland,CHE,1991,5.85959663468677
Switzerland,CHE,1990,5.40395909218937
Switzerland,CHE,1989,3.15526979710909
Switzerland,CHE,1988,1.87246859731866
Switzerland,CHE,1987,1.44032188041723
Switzerland,CHE,1986,0.750309839410827
Switzerland,CHE,1985,3.43539935298265
Switzerland,CHE,1984,2.93145669136624
Switzerland,CHE,1983,2.94979443545724
Switzerland,CHE,1982,5.65510182392342
Switzerland,CHE,1981,6.49030964005718
Switzerland,CHE,1980,4.0225008483901
Switzerland,CHE,1979,3.64764010558783
Switzerland,CHE,1978,1.02879289487429
Switzerland,CHE,1977,1.29599916278313
Switzerland,CHE,1976,1.71547632285652
Switzerland,CHE,1975,6.69659522507838
Switzerland,CHE,1974,9.76741431913026
Switzerland,CHE,1973,8.75467033024632
Switzerland,CHE,1972,6.66000704160245
Switzerland,CHE,1971,6.57322111925784
Switzerland,CHE,1970,3.61598678629523
Switzerland,CHE,1969,2.48903598959373
Switzerland,CHE,1968,2.39582226957009
Switzerland,CHE,1967,4.00519621563881
Switzerland,CHE,1966,4.77597959563684
Switzerland,CHE,1965,3.41447860846187
Switzerland,CHE,1964,3.08055687101809
Switzerland,CHE,1963,3.44021288042959
Switzerland,CHE,1962,4.3159928775438
Switzerland,CHE,1961,1.84539787448657
Switzerland,CHE,1960,1.43879470321087
Syrian Arab Republic,SYR,2025,
Syrian Arab Republic,SYR,2024,
Syrian Arab Republic,SYR,2023,
Syrian Arab Republic,SYR,2022,
Syrian Arab Republic,SYR,2021,
Syrian Arab Republic,SYR,2020,
Syrian Arab Republic,SYR,2019,13.4175653228571
Syrian Arab Republic,SYR,2018,0.940983843906769
Syrian Arab Republic,SYR,2017,18.0752696281771
Syrian Arab Republic,SYR,2016,47.7051615298923
Syrian Arab Republic,SYR,2015,38.4611429599733
Syrian Arab Republic,SYR,2014,10.9271141804297
Syrian Arab Republic,SYR,2013,40.0318378290723
Syrian Arab Republic,SYR,2012,36.7022953364139
Syrian Arab Republic,SYR,2011,4.7531638888563
Syrian Arab Republic,SYR,2010,4.3974138315007
Syrian Arab Republic,SYR,2009,2.92089711805367
Syrian Arab Republic,SYR,2008,15.7453252219709
Syrian Arab Republic,SYR,2007,3.90770950443607
Syrian Arab Republic,SYR,2006,10.0241105377571
Syrian Arab Republic,SYR,2005,7.24034939348535
Syrian Arab Republic,SYR,2004,4.43314136719839
Syrian Arab Republic,SYR,2003,5.79682944905841
Syrian Arab Republic,SYR,2002,-0.130505282417402
Syrian Arab Republic,SYR,2001,2.99999999999995
Syrian Arab Republic,SYR,2000,-3.84615384615379
Syrian Arab Republic,SYR,1999,-3.70370370370365
Syrian Arab Republic,SYR,1998,-0.797165633303916
Syrian Arab Republic,SYR,1997,1.88611136179086
Syrian Arab Republic,SYR,1996,8.2498900991551
Syrian Arab Republic,SYR,1995,7.97995780590686
Syrian Arab Republic,SYR,1994,15.3284671532846
Syrian Arab Republic,SYR,1993,13.2231404958679
Syrian Arab Republic,SYR,1992,11.0091743119265
Syrian Arab Republic,SYR,1991,9.00000000000003
Syrian Arab Republic,SYR,1990,19.3968672229543
Syrian Arab Republic,SYR,1989,11.3992172211349
Syrian Arab Republic,SYR,1988,34.562211981567
Syrian Arab Republic,SYR,1987,59.4843677088198
Syrian Arab Republic,SYR,1986,36.0634920634916
Syrian Arab Republic,SYR,1985,17.2529313232832
Syrian Arab Republic,SYR,1984,9.22951819475496
Syrian Arab Republic,SYR,1983,6.1272923408846
Syrian Arab Republic,SYR,1982,14.3033292231811
Syrian Arab Republic,SYR,1981,18.3941605839417
Syrian Arab Republic,SYR,1980,19.2964123998608
Syrian Arab Republic,SYR,1979,4.55207574654038
Syrian Arab Republic,SYR,1978,4.80916030534371
Syrian Arab Republic,SYR,1977,11.9658119658116
Syrian Arab Republic,SYR,1976,11.4285714285715
Syrian Arab Republic,SYR,1975,11.4649681528663
Syrian Arab Republic,SYR,1974,15.5282817502668
Syrian Arab Republic,SYR,1973,20.3596660244059
Syrian Arab Republic,SYR,1972,2.09836065573833
Syrian Arab Republic,SYR,1971,5.6094182825485
Syrian Arab Republic,SYR,1970,4.63768115941983
Syrian Arab Republic,SYR,1969,-1.98863636363599
Syrian Arab Republic,SYR,1968,2.84879474068662
Syrian Arab Republic,SYR,1967,6.45412130637526
Syrian Arab Republic,SYR,1966,3.79338175948378
Syrian Arab Republic,SYR,1965,-3.87897595034945
Syrian Arab Republic,SYR,1964,5.39656582175021
Syrian Arab Republic,SYR,1963,1.91666666666659
Syrian Arab Republic,SYR,1962,-3.8461538461533
Syrian Arab Republic,SYR,1961,1.95889088150075
Syrian Arab Republic,SYR,1960,5.11890951276099
Tajikistan,TJK,2025,
Tajikistan,TJK,2024,
Tajikistan,TJK,2023,
Tajikistan,TJK,2022,
Tajikistan,TJK,2021,
Tajikistan,TJK,2020,
Tajikistan,TJK,2019,
Tajikistan,TJK,2018,
Tajikistan,TJK,2017,
Tajikistan,TJK,2016,6.00458082322139
Tajikistan,TJK,2015,5.7145594964971
Tajikistan,TJK,2014,6.10442765129667
Tajikistan,TJK,2013,5.00964645344951
Tajikistan,TJK,2012,5.83116601031462
Tajikistan,TJK,2011,12.4315490430406
Tajikistan,TJK,2010,6.44531440780658
Tajikistan,TJK,2009,6.44823481066697
Tajikistan,TJK,2008,20.4705219109964
Tajikistan,TJK,2007,13.1491247062982
Tajikistan,TJK,2006,10.0108651886461
Tajikistan,TJK,2005,7.09193244083773
Tajikistan,TJK,2004,7.14196508692253
Tajikistan,TJK,2003,16.3034912049491
Tajikistan,TJK,2002,12.2499847845885
Tajikistan,TJK,2001,38.59188944886
Tajikistan,TJK,2000,
Tajikistan,TJK,1999,
Tajikistan,TJK,1998,
Tajikistan,TJK,1997,
Tajikistan,TJK,1996,
Tajikistan,TJK,1995,
Tajikistan,TJK,1994,
Tajikistan,TJK,1993,
Tajikistan,TJK,1992,
Tajikistan,TJK,1991,
Tajikistan,TJK,1990,
Tajikistan,TJK,1989,
Tajikistan,TJK,1988,
Tajikistan,TJK,1987,
Tajikistan,TJK,1986,
Tajikistan,TJK,1985,
Tajikistan,TJK,1984,
Tajikistan,TJK,1983,
Tajikistan,TJK,1982,
Tajikistan,TJK,1981,
Tajikistan,TJK,1980,
Tajikistan,TJK,1979,
Tajikistan,TJK,1978,
Tajikistan,TJK,1977,
Tajikistan,TJK,1976,
Tajikistan,TJK,1975,
Tajikistan,TJK,1974,
Tajikistan,TJK,1973,
Tajikistan,TJK,1972,
Tajikistan,TJK,1971,
Tajikistan,TJK,1970,
Tajikistan,TJK,1969,
Tajikistan,TJK,1968,
Tajikistan,TJK,1967,
Tajikistan,TJK,1966,
Tajikistan,TJK,1965,
Tajikistan,TJK,1964,
Tajikistan,TJK,1963,
Tajikistan,TJK,1962,
Tajikistan,TJK,1961,
Tajikistan,TJK,1960,
Tanzania,TZA,2025,
Tanzania,TZA,2024,3.05694676312373
Tanzania,TZA,2023,3.79923291384916
Tanzania,TZA,2022,4.35027204269101
Tanzania,TZA,2021,3.69091958802199
Tanzania,TZA,2020,3.29029062798325
Tanzania,TZA,2019,3.46428057999021
Tanzania,TZA,2018,3.49445848856181
Tanzania,TZA,2017,5.31871605228931
Tanzania,TZA,2016,5.17476629301493
Tanzania,TZA,2015,5.58816952959298
Tanzania,TZA,2014,6.13161432988012
Tanzania,TZA,2013,7.87072364573959
Tanzania,TZA,2012,16.0010938506338
Tanzania,TZA,2011,12.6909694699162
Tanzania,TZA,2010,6.20015595647403
Tanzania,TZA,2009,12.1422278742988
Tanzania,TZA,2008,10.2783937621135
Tanzania,TZA,2007,7.02551436974771
Tanzania,TZA,2006,7.25097262082546
Tanzania,TZA,2005,5.03457009267163
Tanzania,TZA,2004,4.73580143949058
Tanzania,TZA,2003,5.30356621509782
Tanzania,TZA,2002,5.31783366118203
Tanzania,TZA,2001,5.14746800222618
Tanzania,TZA,2000,5.92396109637479
Tanzania,TZA,1999,7.89043336058877
Tanzania,TZA,1998,12.7997540479609
Tanzania,TZA,1997,16.0906549283201
Tanzania,TZA,1996,20.9772596430629
Tanzania,TZA,1995,27.4277854195323
Tanzania,TZA,1994,34.0833640722984
Tanzania,TZA,1993,25.277264325323
Tanzania,TZA,1992,21.8468468468473
Tanzania,TZA,1991,28.695652173913
Tanzania,TZA,1990,35.8267716535433
Tanzania,TZA,1989,25.8498382611657
Tanzania,TZA,1988,31.1867182846932
Tanzania,TZA,1987,29.9493695378761
Tanzania,TZA,1986,32.4322015801837
Tanzania,TZA,1985,33.2821038251368
Tanzania,TZA,1984,36.1459415056028
Tanzania,TZA,1983,27.0559275305238
Tanzania,TZA,1982,28.9323346451693
Tanzania,TZA,1981,25.6500239272612
Tanzania,TZA,1980,30.197300103842
Tanzania,TZA,1979,12.9486277269529
Tanzania,TZA,1978,6.57500000000009
Tanzania,TZA,1977,11.6041381030119
Tanzania,TZA,1976,6.85935002653251
Tanzania,TZA,1975,26.0577568841573
Tanzania,TZA,1974,19.5983935742148
Tanzania,TZA,1973,10.3968078032167
Tanzania,TZA,1972,7.63540921001038
Tanzania,TZA,1971,4.77500000002375
Tanzania,TZA,1970,3.49288486418357
Tanzania,TZA,1969,16.4156626499998
Tanzania,TZA,1968,15.5988857954827
Tanzania,TZA,1967,12.1874999984368
Tanzania,TZA,1966,9.77701543927596
Tanzania,TZA,1965,
Tanzania,TZA,1964,
Tanzania,TZA,1963,
Tanzania,TZA,1962,
Tanzania,TZA,1961,
Tanzania,TZA,1960,
Thailand,THA,2025,
Thailand,THA,2024,1.36580540798037
Thailand,THA,2023,8.47805174421543
Thailand,THA,2022,-1.61068030486688
Thailand,THA,2021,1.23039541318384
Thailand,THA,2020,-0.845937147357041
Thailand,THA,2019,0.706728601314311
Thailand,THA,2018,1.06389754183024
Thailand,THA,2017,0.665631893135106
Thailand,THA,2016,0.188149704448143
Thailand,THA,2015,-0.900424963291569
Thailand,THA,2014,1.8951418189878
Thailand,THA,2013,2.18488618530687
Thailand,THA,2012,3.01489950334985
Thailand,THA,2011,3.80879058139634
Thailand,THA,2010,3.24758842443723
Thailand,THA,2009,-0.845716092316721
Thailand,THA,2008,5.46848949649845
Thailand,THA,2007,2.24154095286803
Thailand,THA,2006,4.63747436011765
Thailand,THA,2005,4.54036919634535
Thailand,THA,2004,2.7591492623108
Thailand,THA,2003,1.80434994635721
Thailand,THA,2002,0.697308976625449
Thailand,THA,2001,1.62690887314091
Thailand,THA,2000,1.59196917460972
Thailand,THA,1999,0.284726459223034
Thailand,THA,1998,7.9947287502746
Thailand,THA,1997,5.62579747129104
Thailand,THA,1996,5.80510554737349
Thailand,THA,1995,5.81818181818192
Thailand,THA,1994,5.04774897680755
Thailand,THA,1993,3.31219168428468
Thailand,THA,1992,4.13914575077056
Thailand,THA,1991,5.70985259891396
Thailand,THA,1990,5.86399474375828
Thailand,THA,1989,5.35546507986216
Thailand,THA,1988,3.86273074733655
Thailand,THA,1987,2.46646112823953
Thailand,THA,1986,1.84167596806046
Thailand,THA,1985,2.43173123433475
Thailand,THA,1984,0.864898430279321
Thailand,THA,1983,3.72653662124075
Thailand,THA,1982,5.25907990316827
Thailand,THA,1981,12.6629930710215
Thailand,THA,1980,19.703500522778
Thailand,THA,1979,9.89736596559918
Thailand,THA,1978,7.92408985303786
Thailand,THA,1977,7.60126687769031
Thailand,THA,1976,4.14930555494793
Thailand,THA,1975,5.33009708749865
Thailand,THA,1974,24.3135598335014
Thailand,THA,1973,15.5095497002706
Thailand,THA,1972,4.83776673497427
Thailand,THA,1971,0.484652665370795
Thailand,THA,1970,-0.0880410855462474
Thailand,THA,1969,2.45039085983097
Thailand,THA,1968,1.79035960223026
Thailand,THA,1967,4.30965682357132
Thailand,THA,1966,4.03520425067445
Thailand,THA,1965,0.166333998420151
Thailand,THA,1964,-0.792079207921113
Thailand,THA,1963,
Thailand,THA,1962,3.69609856262894
Thailand,THA,1961,7.38699007717708
Thailand,THA,1960,-0.765864332603765
Timor-Leste,TLS,2025,
Timor-Leste,TLS,2024,2.06284153005468
Timor-Leste,TLS,2023,8.42035103310377
Timor-Leste,TLS,2022,7.00530945399787
Timor-Leste,TLS,2021,3.69792094666786
Timor-Leste,TLS,2020,0.495499215459571
Timor-Leste,TLS,2019,0.958812739703141
Timor-Leste,TLS,2018,2.63647201015892
Timor-Leste,TLS,2017,0.557215537430361
Timor-Leste,TLS,2016,-1.33853876185163
Timor-Leste,TLS,2015,0.552796026277853
Timor-Leste,TLS,2014,0.726275016139465
Timor-Leste,TLS,2013,11.0849085109954
Timor-Leste,TLS,2012,11.8003096701544
Timor-Leste,TLS,2011,13.499840238577
Timor-Leste,TLS,2010,6.76597680236481
Timor-Leste,TLS,2009,0.669681185965433
Timor-Leste,TLS,2008,9.06423621948942
Timor-Leste,TLS,2007,10.3009020174895
Timor-Leste,TLS,2006,3.93616259929866
Timor-Leste,TLS,2005,1.11167400387198
Timor-Leste,TLS,2004,3.23751394003321
Timor-Leste,TLS,2003,7.16515891441839
Timor-Leste,TLS,2002,
Timor-Leste,TLS,2001,
Timor-Leste,TLS,2000,
Timor-Leste,TLS,1999,
Timor-Leste,TLS,1998,
Timor-Leste,TLS,1997,
Timor-Leste,TLS,1996,
Timor-Leste,TLS,1995,
Timor-Leste,TLS,1994,
Timor-Leste,TLS,1993,
Timor-Leste,TLS,1992,
Timor-Leste,TLS,1991,
Timor-Leste,TLS,1990,
Timor-Leste,TLS,1989,
Timor-Leste,TLS,1988,
Timor-Leste,TLS,1987,
Timor-Leste,TLS,1986,
Timor-Leste,TLS,1985,
Timor-Leste,TLS,1984,
Timor-Leste,TLS,1983,
Timor-Leste,TLS,1982,
Timor-Leste,TLS,1981,
Timor-Leste,TLS,1980,
Timor-Leste,TLS,1979,
Timor-Leste,TLS,1978,
Timor-Leste,TLS,1977,
Timor-Leste,TLS,1976,
Timor-Leste,TLS,1975,
Timor-Leste,TLS,1974,
Timor-Leste,TLS,1973,
Timor-Leste,TLS,1972,
Timor-Leste,TLS,1971,
Timor-Leste,TLS,1970,
Timor-Leste,TLS,1969,
Timor-Leste,TLS,1968,
Timor-Leste,TLS,1967,
Timor-Leste,TLS,1966,
Timor-Leste,TLS,1965,
Timor-Leste,TLS,1964,
Timor-Leste,TLS,1963,
Timor-Leste,TLS,1962,
Timor-Leste,TLS,1961,
Timor-Leste,TLS,1960,
Togo,TGO,2025,
Togo,TGO,2024,2.86262074089801
Togo,TGO,2023,5.48928568141131
Togo,TGO,2022,7.96757361617945
Togo,TGO,2021,4.1862150652352
Togo,TGO,2020,1.69928463299399
Togo,TGO,2019,0.674652770077525
Togo,TGO,2018,0.927755426457183
Togo,TGO,2017,-0.981889868943119
Togo,TGO,2016,1.28544847051417
Togo,TGO,2015,2.58500390801595
Togo,TGO,2014,0.19087507624975
Togo,TGO,2013,1.82539475909162
Togo,TGO,2012,2.57718174055848
Togo,TGO,2011,3.5635147290396
Togo,TGO,2010,1.44594517430864
Togo,TGO,2009,3.71360592035809
Togo,TGO,2008,8.69482814363902
Togo,TGO,2007,0.945673271705214
Togo,TGO,2006,2.22897779414027
Togo,TGO,2005,6.78292893028314
Togo,TGO,2004,0.393078681031669
Togo,TGO,2003,-0.930000884072214
Togo,TGO,2002,3.05981857535884
Togo,TGO,2001,3.91959133653146
Togo,TGO,2000,1.86260595463067
Togo,TGO,1999,-0.0532136248823534
Togo,TGO,1998,0.975338381088674
Togo,TGO,1997,8.25082508250802
Togo,TGO,1996,4.68749999999996
Togo,TGO,1995,16.4335034524163
Togo,TGO,1994,39.1627673796795
Togo,TGO,1993,-1.00688168855034
Togo,TGO,1992,1.39378663675938
Togo,TGO,1991,0.387081797870757
Togo,TGO,1990,1.01534150530809
Togo,TGO,1989,-0.839403116952551
Togo,TGO,1988,-0.150910979934777
Togo,TGO,1987,0.054008850482646
Togo,TGO,1986,4.12461526367686
Togo,TGO,1985,-1.81441438232162
Togo,TGO,1984,-3.52662871020549
Togo,TGO,1983,9.35546507986147
Togo,TGO,1982,11.1296733281827
Togo,TGO,1981,19.7165023624807
Togo,TGO,1980,12.3068572123795
Togo,TGO,1979,7.53925120772942
Togo,TGO,1978,0.442773093952961
Togo,TGO,1977,22.4570134066177
Togo,TGO,1976,11.6407308106915
Togo,TGO,1975,18.0121994976676
Togo,TGO,1974,12.8319316906201
Togo,TGO,1973,3.61531496573167
Togo,TGO,1972,7.7266076782348
Togo,TGO,1971,6.4920611363943
Togo,TGO,1970,4.48062015465095
Togo,TGO,1969,6.01577909270214
Togo,TGO,1968,0.296735906036536
Togo,TGO,1967,-2.31884058067624
Togo,TGO,1966,
Togo,TGO,1965,
Togo,TGO,1964,
Togo,TGO,1963,
Togo,TGO,1962,
Togo,TGO,1961,
Togo,TGO,1960,
Tonga,TON,2025,
Tonga,TON,2024,3.230563002681
Tonga,TON,2023,6.35112980255189
Tonga,TON,2022,10.9713652903022
Tonga,TON,2021,5.64051140636751
Tonga,TON,2020,-0.349737696727496
Tonga,TON,2019,1.17954334821808
Tonga,TON,2018,5.03209691984874
Tonga,TON,2017,7.51706283551115
Tonga,TON,2016,2.57815515245081
Tonga,TON,2015,-1.05399831971283
Tonga,TON,2014,2.51087633253706
Tonga,TON,2013,0.77562932236742
Tonga,TON,2012,1.14753853706055
Tonga,TON,2011,6.27075302995691
Tonga,TON,2010,3.53491239189831
Tonga,TON,2009,1.42685972070534
Tonga,TON,2008,10.4469875128222
Tonga,TON,2007,5.84224874901387
Tonga,TON,2006,6.14911606456575
Tonga,TON,2005,8.66569221131751
Tonga,TON,2004,10.9734053679554
Tonga,TON,2003,11.6386219580735
Tonga,TON,2002,10.3590607918507
Tonga,TON,2001,8.2902831885033
Tonga,TON,2000,6.32763551411155
Tonga,TON,1999,4.46435467675891
Tonga,TON,1998,3.27444554260464
Tonga,TON,1997,2.12473132408038
Tonga,TON,1996,2.99528023991143
Tonga,TON,1995,1.46000630350972
Tonga,TON,1994,1.01295206694856
Tonga,TON,1993,0.960904460459173
Tonga,TON,1992,7.93698012192874
Tonga,TON,1991,10.5954493994793
Tonga,TON,1990,9.70986384562655
Tonga,TON,1989,4.07364364792932
Tonga,TON,1988,9.92402339810402
Tonga,TON,1987,4.68598778792504
Tonga,TON,1986,21.6738748768894
Tonga,TON,1985,16.765
Tonga,TON,1984,0.106451612903717
Tonga,TON,1983,9.81355311787775
Tonga,TON,1982,10.8378703800655
Tonga,TON,1981,14.8992481203003
Tonga,TON,1980,22.3933889164965
Tonga,TON,1979,5.46001552795044
Tonga,TON,1978,9.58437912111287
Tonga,TON,1977,17.5379384484612
Tonga,TON,1976,7.10957583547553
Tonga,TON,1975,
Tonga,TON,1974,
Tonga,TON,1973,
Tonga,TON,1972,
Tonga,TON,1971,
Tonga,TON,1970,
Tonga,TON,1969,
Tonga,TON,1968,
Tonga,TON,1967,
Tonga,TON,1966,
Tonga,TON,1965,
Tonga,TON,1964,
Tonga,TON,1963,
Tonga,TON,1962,
Tonga,TON,1961,
Tonga,TON,1960,
Trinidad and Tobago,TTO,2025,
Trinidad and Tobago,TTO,2024,0.526884625776839
Trinidad and Tobago,TTO,2023,4.62930242419968
Trinidad and Tobago,TTO,2022,5.82838638517959
Trinidad and Tobago,TTO,2021,2.05922746915458
Trinidad and Tobago,TTO,2020,0.598986330824643
Trinidad and Tobago,TTO,2019,1.00054293027237
Trinidad and Tobago,TTO,2018,1.01856930188822
Trinidad and Tobago,TTO,2017,1.88038440183532
Trinidad and Tobago,TTO,2016,3.07066742464024
Trinidad and Tobago,TTO,2015,4.66121598098264
Trinidad and Tobago,TTO,2014,5.68441814595659
Trinidad and Tobago,TTO,2013,5.19981740465611
Trinidad and Tobago,TTO,2012,9.26028137068292
Trinidad and Tobago,TTO,2011,5.1071328926456
Trinidad and Tobago,TTO,2010,10.5492003179988
Trinidad and Tobago,TTO,2009,6.97808725251547
Trinidad and Tobago,TTO,2008,12.0303445477177
Trinidad and Tobago,TTO,2007,7.89438834757299
Trinidad and Tobago,TTO,2006,8.32960351465347
Trinidad and Tobago,TTO,2005,6.87453459583516
Trinidad and Tobago,TTO,2004,3.72154938995965
Trinidad and Tobago,TTO,2003,3.8111062439687
Trinidad and Tobago,TTO,2002,4.1500586166472
Trinidad and Tobago,TTO,2001,5.536653263223
Trinidad and Tobago,TTO,2000,3.55541319666877
Trinidad and Tobago,TTO,1999,3.43913590881996
Trinidad and Tobago,TTO,1998,5.61270907691201
Trinidad and Tobago,TTO,1997,3.62607875843081
Trinidad and Tobago,TTO,1996,3.40457442819624
Trinidad and Tobago,TTO,1995,5.18220539517274
Trinidad and Tobago,TTO,1994,8.81469401768106
Trinidad and Tobago,TTO,1993,10.835235920852
Trinidad and Tobago,TTO,1992,6.43985419198061
Trinidad and Tobago,TTO,1991,3.78310214375795
Trinidad and Tobago,TTO,1990,11.0644257703083
Trinidad and Tobago,TTO,1989,11.4321318133567
Trinidad and Tobago,TTO,1988,7.75849206743917
Trinidad and Tobago,TTO,1987,10.7518589920742
Trinidad and Tobago,TTO,1986,7.69367659323135
Trinidad and Tobago,TTO,1985,7.62257405520196
Trinidad and Tobago,TTO,1984,13.3347804066324
Trinidad and Tobago,TTO,1983,15.1749999993332
Trinidad and Tobago,TTO,1982,11.6347629431673
Trinidad and Tobago,TTO,1981,14.3318866009395
Trinidad and Tobago,TTO,1980,17.4703042795772
Trinidad and Tobago,TTO,1979,14.7221703689992
Trinidad and Tobago,TTO,1978,10.256586168874
Trinidad and Tobago,TTO,1977,11.7448635390942
Trinidad and Tobago,TTO,1976,10.6924643577729
Trinidad and Tobago,TTO,1975,16.9790604656895
Trinidad and Tobago,TTO,1974,22.0249772717617
Trinidad and Tobago,TTO,1973,14.810745481571
Trinidad and Tobago,TTO,1972,9.30106881253335
Trinidad and Tobago,TTO,1971,3.53102076328998
Trinidad and Tobago,TTO,1970,2.52390057362692
Trinidad and Tobago,TTO,1969,2.43520271601535
Trinidad and Tobago,TTO,1968,8.23205200691283
Trinidad and Tobago,TTO,1967,2.13625866015493
Trinidad and Tobago,TTO,1966,4.0943580499049
Trinidad and Tobago,TTO,1965,1.78161798448849
Trinidad and Tobago,TTO,1964,0.86379762440665
Trinidad and Tobago,TTO,1963,3.76120358491645
Trinidad and Tobago,TTO,1962,2.98335256339286
Trinidad and Tobago,TTO,1961,1.52275769788992
Trinidad and Tobago,TTO,1960,2.08000000007815
Tunisia,TUN,2025,
Tunisia,TUN,2024,7.20661657168794
Tunisia,TUN,2023,9.32899597507865
Tunisia,TUN,2022,8.30646124447623
Tunisia,TUN,2021,5.706350208307
Tunisia,TUN,2020,5.63415115897625
Tunisia,TUN,2019,6.72007532863799
Tunisia,TUN,2018,7.30759176031652
Tunisia,TUN,2017,5.30884839565844
Tunisia,TUN,2016,3.62939937384381
Tunisia,TUN,2015,4.437371273215
Tunisia,TUN,2014,4.62555099534031
Tunisia,TUN,2013,5.31623531326689
Tunisia,TUN,2012,4.6118443220664
Tunisia,TUN,2011,3.24002842009531
Tunisia,TUN,2010,3.33897963601069
Tunisia,TUN,2009,3.66490330642919
Tunisia,TUN,2008,4.34502807623045
Tunisia,TUN,2007,2.96694432477349
Tunisia,TUN,2006,3.22525337438917
Tunisia,TUN,2005,2.01778641357144
Tunisia,TUN,2004,3.63228004956625
Tunisia,TUN,2003,2.71259247474352
Tunisia,TUN,2002,2.72103284850455
Tunisia,TUN,2001,1.98333333333337
Tunisia,TUN,2000,2.96230794738605
Tunisia,TUN,1999,2.6901248581158
Tunisia,TUN,1998,3.12536579655862
Tunisia,TUN,1997,3.65202620723071
Tunisia,TUN,1996,3.72514472690715
Tunisia,TUN,1995,6.24415028747146
Tunisia,TUN,1994,4.73323063996595
Tunisia,TUN,1993,3.9749563191613
Tunisia,TUN,1992,5.82434514637906
Tunisia,TUN,1991,8.19371509544085
Tunisia,TUN,1990,6.54529307282414
Tunisia,TUN,1989,7.74088603961336
Tunisia,TUN,1988,7.19696969696955
Tunisia,TUN,1987,8.2258064516129
Tunisia,TUN,1986,6.16438356164371
Tunisia,TUN,1985,7.25436179981635
Tunisia,TUN,1984,8.9000000000001
Tunisia,TUN,1983,
Tunisia,TUN,1982,
Tunisia,TUN,1981,
Tunisia,TUN,1980,
Tunisia,TUN,1979,
Tunisia,TUN,1978,
Tunisia,TUN,1977,
Tunisia,TUN,1976,
Tunisia,TUN,1975,
Tunisia,TUN,1974,
Tunisia,TUN,1973,
Tunisia,TUN,1972,
Tunisia,TUN,1971,
Tunisia,TUN,1970,
Tunisia,TUN,1969,
Tunisia,TUN,1968,
Tunisia,TUN,1967,
Tunisia,TUN,1966,
Tunisia,TUN,1965,
Tunisia,TUN,1964,
Tunisia,TUN,1963,
Tunisia,TUN,1962,
Tunisia,TUN,1961,
Tunisia,TUN,1960,
Turkiye,TUR,2025,
Turkiye,TUR,2024,58.5064507300342
Turkiye,TUR,2023,53.8594087593315
Turkiye,TUR,2022,72.3088359891207
Turkiye,TUR,2021,19.5964926913324
Turkiye,TUR,2020,12.2789574462574
Turkiye,TUR,2019,15.1768215720022
Turkiye,TUR,2018,16.3324638988929
Turkiye,TUR,2017,11.1443110840764
Turkiye,TUR,2016,7.7751341532833
Turkiye,TUR,2015,7.67085364845885
Turkiye,TUR,2014,8.85457271364316
Turkiye,TUR,2013,7.49309030547693
Turkiye,TUR,2012,8.89156996512163
Turkiye,TUR,2011,6.471879671151
Turkiye,TUR,2010,8.56644420552976
Turkiye,TUR,2009,6.25097663090626
Turkiye,TUR,2008,10.4441283764885
Turkiye,TUR,2007,8.75618090972632
Turkiye,TUR,2006,9.59724212288446
Turkiye,TUR,2005,8.17916036802008
Turkiye,TUR,2004,8.59826168115262
Turkiye,TUR,2003,21.6024384490573
Turkiye,TUR,2002,44.964120947985
Turkiye,TUR,2001,54.4001887619074
Turkiye,TUR,2000,54.9153705812683
Turkiye,TUR,1999,64.8674876350757
Turkiye,TUR,1998,84.6413434846314
Turkiye,TUR,1997,85.6693616499779
Turkiye,TUR,1996,80.4121511388042
Turkiye,TUR,1995,89.1133172248499
Turkiye,TUR,1994,105.214986469202
Turkiye,TUR,1993,66.0938429820004
Turkiye,TUR,1992,70.0761038690374
Turkiye,TUR,1991,65.978567991895
Turkiye,TUR,1990,60.3038691346447
Turkiye,TUR,1989,63.2725524930958
Turkiye,TUR,1988,68.8096433837048
Turkiye,TUR,1987,38.8558434758409
Turkiye,TUR,1986,34.6100759738745
Turkiye,TUR,1985,44.9617301528779
Turkiye,TUR,1984,48.3923231346863
Turkiye,TUR,1983,31.3902710198445
Turkiye,TUR,1982,29.1375145022676
Turkiye,TUR,1981,37.6147825797716
Turkiye,TUR,1980,94.2608598807592
Turkiye,TUR,1979,63.5431082506343
Turkiye,TUR,1978,61.8970444383435
Turkiye,TUR,1977,25.9853378650602
Turkiye,TUR,1976,17.4556893891337
Turkiye,TUR,1975,21.2273552385835
Turkiye,TUR,1974,23.8981615766705
Turkiye,TUR,1973,13.9381652448957
Turkiye,TUR,1972,15.4164557223962
Turkiye,TUR,1971,19.0114086837675
Turkiye,TUR,1970,7.92395208301997
Turkiye,TUR,1969,4.92419394498296
Turkiye,TUR,1968,6.04623966197407
Turkiye,TUR,1967,13.9748929481675
Turkiye,TUR,1966,8.47199621539225
Turkiye,TUR,1965,4.55553368394828
Turkiye,TUR,1964,1.11963781543112
Turkiye,TUR,1963,6.36270692832311
Turkiye,TUR,1962,3.88832025146503
Turkiye,TUR,1961,3.17285699708268
Turkiye,TUR,1960,5.66473988439309
Turkmenistan,TKM,2025,
Turkmenistan,TKM,2024,
Turkmenistan,TKM,2023,
Turkmenistan,TKM,2022,
Turkmenistan,TKM,2021,
Turkmenistan,TKM,2020,
Turkmenistan,TKM,2019,
Turkmenistan,TKM,2018,
Turkmenistan,TKM,2017,
Turkmenistan,TKM,2016,
Turkmenistan,TKM,2015,
Turkmenistan,TKM,2014,
Turkmenistan,TKM,2013,
Turkmenistan,TKM,2012,
Turkmenistan,TKM,2011,
Turkmenistan,TKM,2010,
Turkmenistan,TKM,2009,
Turkmenistan,TKM,2008,
Turkmenistan,TKM,2007,
Turkmenistan,TKM,2006,
Turkmenistan,TKM,2005,
Turkmenistan,TKM,2004,
Turkmenistan,TKM,2003,
Turkmenistan,TKM,2002,
Turkmenistan,TKM,2001,
Turkmenistan,TKM,2000,
Turkmenistan,TKM,1999,
Turkmenistan,TKM,1998,
Turkmenistan,TKM,1997,
Turkmenistan,TKM,1996,
Turkmenistan,TKM,1995,
Turkmenistan,TKM,1994,
Turkmenistan,TKM,1993,
Turkmenistan,TKM,1992,
Turkmenistan,TKM,1991,
Turkmenistan,TKM,1990,
Turkmenistan,TKM,1989,
Turkmenistan,TKM,1988,
Turkmenistan,TKM,1987,
Turkmenistan,TKM,1986,
Turkmenistan,TKM,1985,
Turkmenistan,TKM,1984,
Turkmenistan,TKM,1983,
Turkmenistan,TKM,1982,
Turkmenistan,TKM,1981,
Turkmenistan,TKM,1980,
Turkmenistan,TKM,1979,
Turkmenistan,TKM,1978,
Turkmenistan,TKM,1977,
Turkmenistan,TKM,1976,
Turkmenistan,TKM,1975,
Turkmenistan,TKM,1974,
Turkmenistan,TKM,1973,
Turkmenistan,TKM,1972,
Turkmenistan,TKM,1971,
Turkmenistan,TKM,1970,
Turkmenistan,TKM,1969,
Turkmenistan,TKM,1968,
Turkmenistan,TKM,1967,
Turkmenistan,TKM,1966,
Turkmenistan,TKM,1965,
Turkmenistan,TKM,1964,
Turkmenistan,TKM,1963,
Turkmenistan,TKM,1962,
Turkmenistan,TKM,1961,
Turkmenistan,TKM,1960,
Turks and Caicos Islands,TCA,2025,
Turks and Caicos Islands,TCA,2024,
Turks and Caicos Islands,TCA,2023,
Turks and Caicos Islands,TCA,2022,
Turks and Caicos Islands,TCA,2021,
Turks and Caicos Islands,TCA,2020,
Turks and Caicos Islands,TCA,2019,
Turks and Caicos Islands,TCA,2018,
Turks and Caicos Islands,TCA,2017,
Turks and Caicos Islands,TCA,2016,
Turks and Caicos Islands,TCA,2015,
Turks and Caicos Islands,TCA,2014,
Turks and Caicos Islands,TCA,2013,
Turks and Caicos Islands,TCA,2012,
Turks and Caicos Islands,TCA,2011,
Turks and Caicos Islands,TCA,2010,
Turks and Caicos Islands,TCA,2009,
Turks and Caicos Islands,TCA,2008,
Turks and Caicos Islands,TCA,2007,
Turks and Caicos Islands,TCA,2006,
Turks and Caicos Islands,TCA,2005,
Turks and Caicos Islands,TCA,2004,
Turks and Caicos Islands,TCA,2003,
Turks and Caicos Islands,TCA,2002,
Turks and Caicos Islands,TCA,2001,
Turks and Caicos Islands,TCA,2000,
Turks and Caicos Islands,TCA,1999,
Turks and Caicos Islands,TCA,1998,
Turks and Caicos Islands,TCA,1997,
Turks and Caicos Islands,TCA,1996,
Turks and Caicos Islands,TCA,1995,
Turks and Caicos Islands,TCA,1994,
Turks and Caicos Islands,TCA,1993,
Turks and Caicos Islands,TCA,1992,
Turks and Caicos Islands,TCA,1991,
Turks and Caicos Islands,TCA,1990,
Turks and Caicos Islands,TCA,1989,
Turks and Caicos Islands,TCA,1988,
Turks and Caicos Islands,TCA,1987,
Turks and Caicos Islands,TCA,1986,
Turks and Caicos Islands,TCA,1985,
Turks and Caicos Islands,TCA,1984,
Turks and Caicos Islands,TCA,1983,
Turks and Caicos Islands,TCA,1982,
Turks and Caicos Islands,TCA,1981,
Turks and Caicos Islands,TCA,1980,
Turks and Caicos Islands,TCA,1979,
Turks and Caicos Islands,TCA,1978,
Turks and Caicos Islands,TCA,1977,
Turks and Caicos Islands,TCA,1976,
Turks and Caicos Islands,TCA,1975,
Turks and Caicos Islands,TCA,1974,
Turks and Caicos Islands,TCA,1973,
Turks and Caicos Islands,TCA,1972,
Turks and Caicos Islands,TCA,1971,
Turks and Caicos Islands,TCA,1970,
Turks and Caicos Islands,TCA,1969,
Turks and Caicos Islands,TCA,1968,
Turks and Caicos Islands,TCA,1967,
Turks and Caicos Islands,TCA,1966,
Turks and Caicos Islands,TCA,1965,
Turks and Caicos Islands,TCA,1964,
Turks and Caicos Islands,TCA,1963,
Turks and Caicos Islands,TCA,1962,
Turks and Caicos Islands,TCA,1961,
Turks and Caicos Islands,TCA,1960,
Tuvalu,TUV,2025,
Tuvalu,TUV,2024,
Tuvalu,TUV,2023,
Tuvalu,TUV,2022,
Tuvalu,TUV,2021,
Tuvalu,TUV,2020,
Tuvalu,TUV,2019,
Tuvalu,TUV,2018,
Tuvalu,TUV,2017,
Tuvalu,TUV,2016,
Tuvalu,TUV,2015,
Tuvalu,TUV,2014,
Tuvalu,TUV,2013,
Tuvalu,TUV,2012,
Tuvalu,TUV,2011,0.5005807431527
Tuvalu,TUV,2010,
Tuvalu,TUV,2009,
Tuvalu,TUV,2008,
Tuvalu,TUV,2007,
Tuvalu,TUV,2006,
Tuvalu,TUV,2005,
Tuvalu,TUV,2004,
Tuvalu,TUV,2003,
Tuvalu,TUV,2002,
Tuvalu,TUV,2001,
Tuvalu,TUV,2000,
Tuvalu,TUV,1999,
Tuvalu,TUV,1998,
Tuvalu,TUV,1997,
Tuvalu,TUV,1996,
Tuvalu,TUV,1995,
Tuvalu,TUV,1994,
Tuvalu,TUV,1993,
Tuvalu,TUV,1992,
Tuvalu,TUV,1991,
Tuvalu,TUV,1990,
Tuvalu,TUV,1989,
Tuvalu,TUV,1988,
Tuvalu,TUV,1987,
Tuvalu,TUV,1986,
Tuvalu,TUV,1985,
Tuvalu,TUV,1984,
Tuvalu,TUV,1983,
Tuvalu,TUV,1982,
Tuvalu,TUV,1981,
Tuvalu,TUV,1980,
Tuvalu,TUV,1979,
Tuvalu,TUV,1978,
Tuvalu,TUV,1977,
Tuvalu,TUV,1976,
Tuvalu,TUV,1975,
Tuvalu,TUV,1974,
Tuvalu,TUV,1973,
Tuvalu,TUV,1972,
Tuvalu,TUV,1971,
Tuvalu,TUV,1970,
Tuvalu,TUV,1969,
Tuvalu,TUV,1968,
Tuvalu,TUV,1967,
Tuvalu,TUV,1966,
Tuvalu,TUV,1965,
Tuvalu,TUV,1964,
Tuvalu,TUV,1963,
Tuvalu,TUV,1962,
Tuvalu,TUV,1961,
Tuvalu,TUV,1960,
Uganda,UGA,2025,
Uganda,UGA,2024,3.3233806708656
Uganda,UGA,2023,5.35094804280395
Uganda,UGA,2022,7.1957888597581
Uganda,UGA,2021,2.20457204757414
Uganda,UGA,2020,3.31332289544502
Uganda,UGA,2019,2.867588034469
Uganda,UGA,2018,2.61601190952274
Uganda,UGA,2017,5.20971705914209
Uganda,UGA,2016,5.70637504616212
Uganda,UGA,2015,5.58968606251725
Uganda,UGA,2014,3.07570668958641
Uganda,UGA,2013,4.90520875694557
Uganda,UGA,2012,12.6790377224659
Uganda,UGA,2011,16.5643496174515
Uganda,UGA,2010,3.97655288478168
Uganda,UGA,2009,13.0172561889185
Uganda,UGA,2008,12.0508555482886
Uganda,UGA,2007,6.1385108328505
Uganda,UGA,2006,7.31067613561864
Uganda,UGA,2005,8.44872642299532
Uganda,UGA,2004,3.72128743978228
Uganda,UGA,2003,8.68047651566884
Uganda,UGA,2002,-0.287508511765196
Uganda,UGA,2001,1.86512524084773
Uganda,UGA,2000,3.39202158512998
Uganda,UGA,1999,5.77736898687895
Uganda,UGA,1998,0.0688041719983172
Uganda,UGA,1997,8.16902144106963
Uganda,UGA,1996,7.19164660433344
Uganda,UGA,1995,6.55014018970371
Uganda,UGA,1994,10.0367598792175
Uganda,UGA,1993,
Uganda,UGA,1992,
Uganda,UGA,1991,
Uganda,UGA,1990,
Uganda,UGA,1989,
Uganda,UGA,1988,
Uganda,UGA,1987,
Uganda,UGA,1986,
Uganda,UGA,1985,
Uganda,UGA,1984,
Uganda,UGA,1983,
Uganda,UGA,1982,
Uganda,UGA,1981,
Uganda,UGA,1980,
Uganda,UGA,1979,
Uganda,UGA,1978,
Uganda,UGA,1977,
Uganda,UGA,1976,
Uganda,UGA,1975,
Uganda,UGA,1974,
Uganda,UGA,1973,
Uganda,UGA,1972,
Uganda,UGA,1971,
Uganda,UGA,1970,
Uganda,UGA,1969,
Uganda,UGA,1968,
Uganda,UGA,1967,
Uganda,UGA,1966,
Uganda,UGA,1965,
Uganda,UGA,1964,
Uganda,UGA,1963,
Uganda,UGA,1962,
Uganda,UGA,1961,
Uganda,UGA,1960,
Ukraine,UKR,2025,
Ukraine,UKR,2024,6.50198464669254
Ukraine,UKR,2023,12.8490222828559
Ukraine,UKR,2022,20.1836366617478
Ukraine,UKR,2021,9.36313917695223
Ukraine,UKR,2020,2.73249209419427
Ukraine,UKR,2019,7.88671745611133
Ukraine,UKR,2018,10.9518559353178
Ukraine,UKR,2017,14.4383227488749
Ukraine,UKR,2016,13.9127101997797
Ukraine,UKR,2015,48.6998646434424
Ukraine,UKR,2014,12.0718562874251
Ukraine,UKR,2013,-0.238948626045407
Ukraine,UKR,2012,0.568727971803862
Ukraine,UKR,2011,7.95572466274652
Ukraine,UKR,2010,9.37293105078978
Ukraine,UKR,2009,15.8811924594476
Ukraine,UKR,2008,25.226461707384
Ukraine,UKR,2007,12.8387796190181
Ukraine,UKR,2006,9.05252491133248
Ukraine,UKR,2005,13.5695764909248
Ukraine,UKR,2004,9.04806786050888
Ukraine,UKR,2003,5.17967781908315
Ukraine,UKR,2002,0.75742084639286
Ukraine,UKR,2001,11.9588085390459
Ukraine,UKR,2000,28.2030972388552
Ukraine,UKR,1999,22.6836718061345
Ukraine,UKR,1998,10.5771611482514
Ukraine,UKR,1997,15.940599414943
Ukraine,UKR,1996,80.3255014551742
Ukraine,UKR,1995,376.746174768209
Ukraine,UKR,1994,891.187748133705
Ukraine,UKR,1993,4734.91434744585
Ukraine,UKR,1992,
Ukraine,UKR,1991,
Ukraine,UKR,1990,
Ukraine,UKR,1989,
Ukraine,UKR,1988,
Ukraine,UKR,1987,
Ukraine,UKR,1986,
Ukraine,UKR,1985,
Ukraine,UKR,1984,
Ukraine,UKR,1983,
Ukraine,UKR,1982,
Ukraine,UKR,1981,
Ukraine,UKR,1980,
Ukraine,UKR,1979,
Ukraine,UKR,1978,
Ukraine,UKR,1977,
Ukraine,UKR,1976,
Ukraine,UKR,1975,
Ukraine,UKR,1974,
Ukraine,UKR,1973,
Ukraine,UKR,1972,
Ukraine,UKR,1971,
Ukraine,UKR,1970,
Ukraine,UKR,1969,
Ukraine,UKR,1968,
Ukraine,UKR,1967,
Ukraine,UKR,1966,
Ukraine,UKR,1965,
Ukraine,UKR,1964,
Ukraine,UKR,1963,
Ukraine,UKR,1962,
Ukraine,UKR,1961,
Ukraine,UKR,1960,
United Arab Emirates,ARE,2025,
United Arab Emirates,ARE,2024,1.66336510224894
United Arab Emirates,ARE,2023,1.62670837213248
United Arab Emirates,ARE,2022,5.29122604376849
United Arab Emirates,ARE,2021,0.179935336174431
United Arab Emirates,ARE,2020,-2.07940317940943
United Arab Emirates,ARE,2019,-1.93108114782172
United Arab Emirates,ARE,2018,3.06863379251996
United Arab Emirates,ARE,2017,1.96682557818842
United Arab Emirates,ARE,2016,1.61748808904197
United Arab Emirates,ARE,2015,4.06996608361593
United Arab Emirates,ARE,2014,2.34626865671642
United Arab Emirates,ARE,2013,1.1011183637571
United Arab Emirates,ARE,2012,0.662268900269008
United Arab Emirates,ARE,2011,0.87734659568512
United Arab Emirates,ARE,2010,0.877983288285867
United Arab Emirates,ARE,2009,1.5618131744907
United Arab Emirates,ARE,2008,12.2504202448139
United Arab Emirates,ARE,2007,
United Arab Emirates,ARE,2006,
United Arab Emirates,ARE,2005,
United Arab Emirates,ARE,2004,
United Arab Emirates,ARE,2003,
United Arab Emirates,ARE,2002,
United Arab Emirates,ARE,2001,
United Arab Emirates,ARE,2000,
United Arab Emirates,ARE,1999,
United Arab Emirates,ARE,1998,
United Arab Emirates,ARE,1997,
United Arab Emirates,ARE,1996,
United Arab Emirates,ARE,1995,
United Arab Emirates,ARE,1994,
United Arab Emirates,ARE,1993,
United Arab Emirates,ARE,1992,
United Arab Emirates,ARE,1991,
United Arab Emirates,ARE,1990,
United Arab Emirates,ARE,1989,
United Arab Emirates,ARE,1988,
United Arab Emirates,ARE,1987,
United Arab Emirates,ARE,1986,
United Arab Emirates,ARE,1985,
United Arab Emirates,ARE,1984,
United Arab Emirates,ARE,1983,
United Arab Emirates,ARE,1982,
United Arab Emirates,ARE,1981,
United Arab Emirates,ARE,1980,
United Arab Emirates,ARE,1979,
United Arab Emirates,ARE,1978,
United Arab Emirates,ARE,1977,
United Arab Emirates,ARE,1976,
United Arab Emirates,ARE,1975,
United Arab Emirates,ARE,1974,
United Arab Emirates,ARE,1973,
United Arab Emirates,ARE,1972,
United Arab Emirates,ARE,1971,
United Arab Emirates,ARE,1970,
United Arab Emirates,ARE,1969,
United Arab Emirates,ARE,1968,
United Arab Emirates,ARE,1967,
United Arab Emirates,ARE,1966,
United Arab Emirates,ARE,1965,
United Arab Emirates,ARE,1964,
United Arab Emirates,ARE,1963,
United Arab Emirates,ARE,1962,
United Arab Emirates,ARE,1961,
United Arab Emirates,ARE,1960,
United Kingdom,GBR,2025,
United Kingdom,GBR,2024,3.2715729463592
United Kingdom,GBR,2023,6.79396706793963
United Kingdom,GBR,2022,7.92204883147902
United Kingdom,GBR,2021,2.51837109614213
United Kingdom,GBR,2020,0.989486703772491
United Kingdom,GBR,2019,1.73810460086513
United Kingdom,GBR,2018,2.29283990345938
United Kingdom,GBR,2017,2.55775577557747
United Kingdom,GBR,2016,1.0084173681141
United Kingdom,GBR,2015,0.36804684232536
United Kingdom,GBR,2014,1.45112016293279
United Kingdom,GBR,2013,2.29166666666659
United Kingdom,GBR,2012,2.5732347965453
United Kingdom,GBR,2011,3.8561124468282
United Kingdom,GBR,2010,2.49265472467065
United Kingdom,GBR,2009,1.96173173560109
United Kingdom,GBR,2008,3.52140856342539
United Kingdom,GBR,2007,2.38656150773327
United Kingdom,GBR,2006,2.4556616643929
United Kingdom,GBR,2005,2.0891364902507
United Kingdom,GBR,2004,1.39039756680422
United Kingdom,GBR,2003,1.37650038542013
United Kingdom,GBR,2002,1.52040245947455
United Kingdom,GBR,2001,1.53234960272418
United Kingdom,GBR,2000,1.18295624210408
United Kingdom,GBR,1999,1.7529508005142
United Kingdom,GBR,1998,1.82056163731557
United Kingdom,GBR,1997,2.20114313510882
United Kingdom,GBR,1996,2.85178236397749
United Kingdom,GBR,1995,2.69749518304432
United Kingdom,GBR,1994,2.21901260504205
United Kingdom,GBR,1993,2.55857796929705
United Kingdom,GBR,1992,4.59154929577461
United Kingdom,GBR,1991,7.46178295746934
United Kingdom,GBR,1990,8.06346090938833
United Kingdom,GBR,1989,5.76024909185262
United Kingdom,GBR,1988,4.15535171583102
United Kingdom,GBR,1987,4.14892232052945
United Kingdom,GBR,1986,3.42760940369314
United Kingdom,GBR,1985,6.07139434015119
United Kingdom,GBR,1984,4.96071097821927
United Kingdom,GBR,1983,4.60930327269779
United Kingdom,GBR,1982,8.59886383332186
United Kingdom,GBR,1981,11.8766265142296
United Kingdom,GBR,1980,17.9659242656857
United Kingdom,GBR,1979,13.4212799774012
United Kingdom,GBR,1978,8.26314103860768
United Kingdom,GBR,1977,15.8402667458768
United Kingdom,GBR,1976,16.5595225588084
United Kingdom,GBR,1975,24.2072876743291
United Kingdom,GBR,1974,16.0440111889861
United Kingdom,GBR,1973,9.19603316657812
United Kingdom,GBR,1972,7.07109839479797
United Kingdom,GBR,1971,9.44483742337133
United Kingdom,GBR,1970,6.36656841727441
United Kingdom,GBR,1969,5.44666363048887
United Kingdom,GBR,1968,4.69742798827245
United Kingdom,GBR,1967,2.48211560474804
United Kingdom,GBR,1966,3.90961779211889
United Kingdom,GBR,1965,4.77377455386914
United Kingdom,GBR,1964,3.28158694697213
United Kingdom,GBR,1963,2.01854355976229
United Kingdom,GBR,1962,4.19649888238551
United Kingdom,GBR,1961,3.4474962304662
United Kingdom,GBR,1960,1.00357570390172
United States,USA,2025,
United States,USA,2024,2.94952520485207
United States,USA,2023,4.11633838374488
United States,USA,2022,8.00279982052121
United States,USA,2021,4.69785886363742
United States,USA,2020,1.23358439630629
United States,USA,2019,1.81221007526021
United States,USA,2018,2.44258329692817
United States,USA,2017,2.13011000365961
United States,USA,2016,1.26158320570536
United States,USA,2015,0.118627135552451
United States,USA,2014,1.62222297740817
United States,USA,2013,1.46483265562717
United States,USA,2012,2.06933726526067
United States,USA,2011,3.156841568622
United States,USA,2010,1.6400434423899
United States,USA,2009,-0.355546266299747
United States,USA,2008,3.839100296651
United States,USA,2007,2.85267248150138
United States,USA,2006,3.22594410070404
United States,USA,2005,3.3927468454955
United States,USA,2004,2.67723669309172
United States,USA,2003,2.27009497336115
United States,USA,2002,1.58603162650601
United States,USA,2001,2.82617111885407
United States,USA,2000,3.37685727149929
United States,USA,1999,2.18802719697358
United States,USA,1998,1.55227909874364
United States,USA,1997,2.33768993730735
United States,USA,1996,2.93120419993441
United States,USA,1995,2.80541968853662
United States,USA,1994,2.60744159215453
United States,USA,1993,2.95165696638559
United States,USA,1992,3.02881967814969
United States,USA,1991,4.23496396453849
United States,USA,1990,5.39795643990325
United States,USA,1989,4.82700303008944
United States,USA,1988,4.07774110744413
United States,USA,1987,3.6645632175169
United States,USA,1986,1.89804772234276
United States,USA,1985,3.54564415209365
United States,USA,1984,4.30053547523429
United States,USA,1983,3.21243523316065
United States,USA,1982,6.13142700027493
United States,USA,1981,10.3347153402771
United States,USA,1980,13.5492019749684
United States,USA,1979,11.2544711292795
United States,USA,1978,7.63096383885606
United States,USA,1977,6.5016839947284
United States,USA,1976,5.74481263549085
United States,USA,1975,9.14314686496535
United States,USA,1974,11.0548048048048
United States,USA,1973,6.17776006377038
United States,USA,1972,3.27227824655283
United States,USA,1971,4.29276668813051
United States,USA,1970,5.83825533848251
United States,USA,1969,5.46238620028745
United States,USA,1968,4.27179615288537
United States,USA,1967,2.77278562259309
United States,USA,1966,3.0150753768844
United States,USA,1965,1.58516926383662
United States,USA,1964,1.27891156462591
United States,USA,1963,1.23966942148753
United States,USA,1962,1.19877334820186
United States,USA,1961,1.07072414764724
United States,USA,1960,1.45797598627791
Uruguay,URY,2025,
Uruguay,URY,2024,4.84914366613156
Uruguay,URY,2023,5.86910359896119
Uruguay,URY,2022,9.10437983075437
Uruguay,URY,2021,7.74791402314762
Uruguay,URY,2020,9.75640636078194
Uruguay,URY,2019,7.88198870879619
Uruguay,URY,2018,7.60653360377047
Uruguay,URY,2017,6.2180938256186
Uruguay,URY,2016,9.6394134763508
Uruguay,URY,2015,8.66626987079328
Uruguay,URY,2014,8.87735333229828
Uruguay,URY,2013,8.57513504005397
Uruguay,URY,2012,8.09776580573602
Uruguay,URY,2011,8.0928320630299
Uruguay,URY,2010,6.69870886978132
Uruguay,URY,2009,7.06221874388574
Uruguay,URY,2008,7.87707374730888
Uruguay,URY,2007,8.11464561179313
Uruguay,URY,2006,6.39764974385131
Uruguay,URY,2005,4.6992773903564
Uruguay,URY,2004,9.15760507540997
Uruguay,URY,2003,19.3797301743995
Uruguay,URY,2002,13.9724725913515
Uruguay,URY,2001,4.3593406521727
Uruguay,URY,2000,4.76382472733251
Uruguay,URY,1999,5.65868803927908
Uruguay,URY,1998,10.8110703055616
Uruguay,URY,1997,19.8188093183779
Uruguay,URY,1996,28.3420486004309
Uruguay,URY,1995,42.2483197983755
Uruguay,URY,1994,44.7360421521933
Uruguay,URY,1993,54.1007924425194
Uruguay,URY,1992,68.4591938395374
Uruguay,URY,1991,101.971683202507
Uruguay,URY,1990,112.525905573023
Uruguay,URY,1989,80.4474367280735
Uruguay,URY,1988,62.1919564596004
Uruguay,URY,1987,63.5666624326724
Uruguay,URY,1986,76.3806364119544
Uruguay,URY,1985,72.2225644287756
Uruguay,URY,1984,55.3044235418763
Uruguay,URY,1983,49.1973796505637
Uruguay,URY,1982,18.9925012952182
Uruguay,URY,1981,34.0453358609474
Uruguay,URY,1980,63.4758304314673
Uruguay,URY,1979,66.8442861850437
Uruguay,URY,1978,44.5483436672392
Uruguay,URY,1977,58.1961750215737
Uruguay,URY,1976,50.623049560462
Uruguay,URY,1975,81.4053840067419
Uruguay,URY,1974,77.213413779201
Uruguay,URY,1973,96.9972653187058
Uruguay,URY,1972,76.4849237828812
Uruguay,URY,1971,23.9530889061731
Uruguay,URY,1970,16.3061449435998
Uruguay,URY,1969,20.9666666659998
Uruguay,URY,1968,125.336991126492
Uruguay,URY,1967,89.2752972850379
Uruguay,URY,1966,73.4626932061085
Uruguay,URY,1965,56.5565565566607
Uruguay,URY,1964,42.3694157015186
Uruguay,URY,1963,21.2546957175585
Uruguay,URY,1962,10.9074243811899
Uruguay,URY,1961,22.747263986796
Uruguay,URY,1960,38.5040374002647
Uzbekistan,UZB,2025,
Uzbekistan,UZB,2024,9.62825465956682
Uzbekistan,UZB,2023,9.95659071258018
Uzbekistan,UZB,2022,11.4466436998836
Uzbekistan,UZB,2021,10.8492397508122
Uzbekistan,UZB,2020,12.8677297362606
Uzbekistan,UZB,2019,14.5257359560687
Uzbekistan,UZB,2018,17.5241796514055
Uzbekistan,UZB,2017,13.8757425441635
Uzbekistan,UZB,2016,8.130886695236
Uzbekistan,UZB,2015,8.75188196737508
Uzbekistan,UZB,2014,9.28309356162695
Uzbekistan,UZB,2013,11.8414333622049
Uzbekistan,UZB,2012,13.2088026688373
Uzbekistan,UZB,2011,13.7797446476602
Uzbekistan,UZB,2010,
Uzbekistan,UZB,2009,
Uzbekistan,UZB,2008,
Uzbekistan,UZB,2007,
Uzbekistan,UZB,2006,
Uzbekistan,UZB,2005,
Uzbekistan,UZB,2004,
Uzbekistan,UZB,2003,
Uzbekistan,UZB,2002,
Uzbekistan,UZB,2001,
Uzbekistan,UZB,2000,
Uzbekistan,UZB,1999,
Uzbekistan,UZB,1998,
Uzbekistan,UZB,1997,
Uzbekistan,UZB,1996,
Uzbekistan,UZB,1995,
Uzbekistan,UZB,1994,
Uzbekistan,UZB,1993,
Uzbekistan,UZB,1992,
Uzbekistan,UZB,1991,
Uzbekistan,UZB,1990,
Uzbekistan,UZB,1989,
Uzbekistan,UZB,1988,
Uzbekistan,UZB,1987,
Uzbekistan,UZB,1986,
Uzbekistan,UZB,1985,
Uzbekistan,UZB,1984,
Uzbekistan,UZB,1983,
Uzbekistan,UZB,1982,
Uzbekistan,UZB,1981,
Uzbekistan,UZB,1980,
Uzbekistan,UZB,1979,
Uzbekistan,UZB,1978,
Uzbekistan,UZB,1977,
Uzbekistan,UZB,1976,
Uzbekistan,UZB,1975,
Uzbekistan,UZB,1974,
Uzbekistan,UZB,1973,
Uzbekistan,UZB,1972,
Uzbekistan,UZB,1971,
Uzbekistan,UZB,1970,
Uzbekistan,UZB,1969,
Uzbekistan,UZB,1968,
Uzbekistan,UZB,1967,
Uzbekistan,UZB,1966,
Uzbekistan,UZB,1965,
Uzbekistan,UZB,1964,
Uzbekistan,UZB,1963,
Uzbekistan,UZB,1962,
Uzbekistan,UZB,1961,
Uzbekistan,UZB,1960,
Vanuatu,VUT,2025,
Vanuatu,VUT,2024,
Vanuatu,VUT,2023,11.1825017088175
Vanuatu,VUT,2022,6.67930581887121
Vanuatu,VUT,2021,2.34328358208953
Vanuatu,VUT,2020,5.32935073101715
Vanuatu,VUT,2019,2.76252019386111
Vanuatu,VUT,2018,2.33096379566866
Vanuatu,VUT,2017,3.08452624403546
Vanuatu,VUT,2016,0.842069084035061
Vanuatu,VUT,2015,2.48326875660439
Vanuatu,VUT,2014,0.798863838097023
Vanuatu,VUT,2013,1.45893371757921
Vanuatu,VUT,2012,1.34740362877658
Vanuatu,VUT,2011,0.8737931047811
Vanuatu,VUT,2010,2.76269469477348
Vanuatu,VUT,2009,4.29706572955357
Vanuatu,VUT,2008,4.84171322160149
Vanuatu,VUT,2007,3.93548387096774
Vanuatu,VUT,2006,2.04081632653062
Vanuatu,VUT,2005,1.19920053297801
Vanuatu,VUT,2004,1.41891891891893
Vanuatu,VUT,2003,3.01624129930394
Vanuatu,VUT,2002,1.96356754199195
Vanuatu,VUT,2001,3.57755452095074
Vanuatu,VUT,2000,2.53768844221106
Vanuatu,VUT,1999,1.99897488467452
Vanuatu,VUT,1998,3.28215987294863
Vanuatu,VUT,1997,2.83070223189979
Vanuatu,VUT,1996,0.906344410876219
Vanuatu,VUT,1995,2.22970130416487
Vanuatu,VUT,1994,2.30256079190869
Vanuatu,VUT,1993,3.56585691999116
Vanuatu,VUT,1992,4.0584415584416
Vanuatu,VUT,1991,6.46913580246914
Vanuatu,VUT,1990,4.7594412829797
Vanuatu,VUT,1989,7.74804905239702
Vanuatu,VUT,1988,8.76023037284009
Vanuatu,VUT,1987,16.0393950052762
Vanuatu,VUT,1986,4.76614133197763
Vanuatu,VUT,1985,1.06615285806043
Vanuatu,VUT,1984,5.5164001084304
Vanuatu,VUT,1983,1.65334802976032
Vanuatu,VUT,1982,6.67254556143448
Vanuatu,VUT,1981,26.8456375838928
Vanuatu,VUT,1980,11.2401493156364
Vanuatu,VUT,1979,4.16936703391667
Vanuatu,VUT,1978,6.4137931034485
Vanuatu,VUT,1977,5.73650947982459
Vanuatu,VUT,1976,
Vanuatu,VUT,1975,
Vanuatu,VUT,1974,
Vanuatu,VUT,1973,
Vanuatu,VUT,1972,
Vanuatu,VUT,1971,
Vanuatu,VUT,1970,
Vanuatu,VUT,1969,
Vanuatu,VUT,1968,
Vanuatu,VUT,1967,
Vanuatu,VUT,1966,
Vanuatu,VUT,1965,
Vanuatu,VUT,1964,
Vanuatu,VUT,1963,
Vanuatu,VUT,1962,
Vanuatu,VUT,1961,
Vanuatu,VUT,1960,
"Venezuela, RB",VEN,2025,
"Venezuela, RB",VEN,2024,
"Venezuela, RB",VEN,2023,
"Venezuela, RB",VEN,2022,
"Venezuela, RB",VEN,2021,
"Venezuela, RB",VEN,2020,
"Venezuela, RB",VEN,2019,
"Venezuela, RB",VEN,2018,
"Venezuela, RB",VEN,2017,
"Venezuela, RB",VEN,2016,254.948534781816
"Venezuela, RB",VEN,2015,121.738085297503
"Venezuela, RB",VEN,2014,62.1686499794829
"Venezuela, RB",VEN,2013,40.6394275161589
"Venezuela, RB",VEN,2012,21.0689956331876
"Venezuela, RB",VEN,2011,26.0902123160959
"Venezuela, RB",VEN,2010,28.1874647092039
"Venezuela, RB",VEN,2009,27.080941446613
"Venezuela, RB",VEN,2008,
"Venezuela, RB",VEN,2007,
"Venezuela, RB",VEN,2006,
"Venezuela, RB",VEN,2005,
"Venezuela, RB",VEN,2004,
"Venezuela, RB",VEN,2003,
"Venezuela, RB",VEN,2002,
"Venezuela, RB",VEN,2001,
"Venezuela, RB",VEN,2000,
"Venezuela, RB",VEN,1999,
"Venezuela, RB",VEN,1998,
"Venezuela, RB",VEN,1997,
"Venezuela, RB",VEN,1996,
"Venezuela, RB",VEN,1995,
"Venezuela, RB",VEN,1994,
"Venezuela, RB",VEN,1993,
"Venezuela, RB",VEN,1992,
"Venezuela, RB",VEN,1991,
"Venezuela, RB",VEN,1990,
"Venezuela, RB",VEN,1989,
"Venezuela, RB",VEN,1988,
"Venezuela, RB",VEN,1987,
"Venezuela, RB",VEN,1986,
"Venezuela, RB",VEN,1985,
"Venezuela, RB",VEN,1984,
"Venezuela, RB",VEN,1983,
"Venezuela, RB",VEN,1982,
"Venezuela, RB",VEN,1981,
"Venezuela, RB",VEN,1980,
"Venezuela, RB",VEN,1979,
"Venezuela, RB",VEN,1978,
"Venezuela, RB",VEN,1977,
"Venezuela, RB",VEN,1976,
"Venezuela, RB",VEN,1975,
"Venezuela, RB",VEN,1974,
"Venezuela, RB",VEN,1973,
"Venezuela, RB",VEN,1972,
"Venezuela, RB",VEN,1971,
"Venezuela, RB",VEN,1970,
"Venezuela, RB",VEN,1969,
"Venezuela, RB",VEN,1968,
"Venezuela, RB",VEN,1967,
"Venezuela, RB",VEN,1966,
"Venezuela, RB",VEN,1965,
"Venezuela, RB",VEN,1964,
"Venezuela, RB",VEN,1963,
"Venezuela, RB",VEN,1962,
"Venezuela, RB",VEN,1961,
"Venezuela, RB",VEN,1960,
Viet Nam,VNM,2025,
Viet Nam,VNM,2024,3.62109273885843
Viet Nam,VNM,2023,3.25289282667662
Viet Nam,VNM,2022,3.15650749963129
Viet Nam,VNM,2021,1.83471554810444
Viet Nam,VNM,2020,3.22093436652514
Viet Nam,VNM,2019,2.7958236745225
Viet Nam,VNM,2018,3.53962805942641
Viet Nam,VNM,2017,3.52025688811617
Viet Nam,VNM,2016,2.66824816969082
Viet Nam,VNM,2015,0.631200905175754
Viet Nam,VNM,2014,4.08455446637617
Viet Nam,VNM,2013,6.59267475899192
Viet Nam,VNM,2012,9.09470339557192
Viet Nam,VNM,2011,18.6777322770707
Viet Nam,VNM,2010,9.20746648778413
Viet Nam,VNM,2009,6.71698269988629
Viet Nam,VNM,2008,23.1154483474477
Viet Nam,VNM,2007,8.34444889773837
Viet Nam,VNM,2006,7.41801715108463
Viet Nam,VNM,2005,8.28457243128677
Viet Nam,VNM,2004,7.75494748709601
Viet Nam,VNM,2003,3.23464817293927
Viet Nam,VNM,2002,3.83082838168467
Viet Nam,VNM,2001,-0.43154451172818
Viet Nam,VNM,2000,-1.71033727851109
Viet Nam,VNM,1999,4.11710235771736
Viet Nam,VNM,1998,7.2661980440096
Viet Nam,VNM,1997,3.20952606261374
Viet Nam,VNM,1996,5.67499999999994
Viet Nam,VNM,1995,
Viet Nam,VNM,1994,
Viet Nam,VNM,1993,
Viet Nam,VNM,1992,
Viet Nam,VNM,1991,
Viet Nam,VNM,1990,
Viet Nam,VNM,1989,
Viet Nam,VNM,1988,
Viet Nam,VNM,1987,
Viet Nam,VNM,1986,
Viet Nam,VNM,1985,
Viet Nam,VNM,1984,
Viet Nam,VNM,1983,
Viet Nam,VNM,1982,
Viet Nam,VNM,1981,
Viet Nam,VNM,1980,
Viet Nam,VNM,1979,
Viet Nam,VNM,1978,
Viet Nam,VNM,1977,
Viet Nam,VNM,1976,
Viet Nam,VNM,1975,
Viet Nam,VNM,1974,
Viet Nam,VNM,1973,
Viet Nam,VNM,1972,
Viet Nam,VNM,1971,
Viet Nam,VNM,1970,
Viet Nam,VNM,1969,
Viet Nam,VNM,1968,
Viet Nam,VNM,1967,
Viet Nam,VNM,1966,
Viet Nam,VNM,1965,
Viet Nam,VNM,1964,
Viet Nam,VNM,1963,
Viet Nam,VNM,1962,
Viet Nam,VNM,1961,
Viet Nam,VNM,1960,
Virgin Islands (U.S.),VIR,2025,
Virgin Islands (U.S.),VIR,2024,
Virgin Islands (U.S.),VIR,2023,
Virgin Islands (U.S.),VIR,2022,
Virgin Islands (U.S.),VIR,2021,
Virgin Islands (U.S.),VIR,2020,
Virgin Islands (U.S.),VIR,2019,
Virgin Islands (U.S.),VIR,2018,
Virgin Islands (U.S.),VIR,2017,
Virgin Islands (U.S.),VIR,2016,
Virgin Islands (U.S.),VIR,2015,
Virgin Islands (U.S.),VIR,2014,
Virgin Islands (U.S.),VIR,2013,
Virgin Islands (U.S.),VIR,2012,
Virgin Islands (U.S.),VIR,2011,
Virgin Islands (U.S.),VIR,2010,
Virgin Islands (U.S.),VIR,2009,
Virgin Islands (U.S.),VIR,2008,
Virgin Islands (U.S.),VIR,2007,
Virgin Islands (U.S.),VIR,2006,
Virgin Islands (U.S.),VIR,2005,
Virgin Islands (U.S.),VIR,2004,
Virgin Islands (U.S.),VIR,2003,
Virgin Islands (U.S.),VIR,2002,
Virgin Islands (U.S.),VIR,2001,
Virgin Islands (U.S.),VIR,2000,
Virgin Islands (U.S.),VIR,1999,
Virgin Islands (U.S.),VIR,1998,
Virgin Islands (U.S.),VIR,1997,
Virgin Islands (U.S.),VIR,1996,
Virgin Islands (U.S.),VIR,1995,
Virgin Islands (U.S.),VIR,1994,
Virgin Islands (U.S.),VIR,1993,
Virgin Islands (U.S.),VIR,1992,
Virgin Islands (U.S.),VIR,1991,
Virgin Islands (U.S.),VIR,1990,
Virgin Islands (U.S.),VIR,1989,
Virgin Islands (U.S.),VIR,1988,
Virgin Islands (U.S.),VIR,1987,
Virgin Islands (U.S.),VIR,1986,
Virgin Islands (U.S.),VIR,1985,
Virgin Islands (U.S.),VIR,1984,
Virgin Islands (U.S.),VIR,1983,
Virgin Islands (U.S.),VIR,1982,
Virgin Islands (U.S.),VIR,1981,
Virgin Islands (U.S.),VIR,1980,
Virgin Islands (U.S.),VIR,1979,
Virgin Islands (U.S.),VIR,1978,
Virgin Islands (U.S.),VIR,1977,
Virgin Islands (U.S.),VIR,1976,
Virgin Islands (U.S.),VIR,1975,
Virgin Islands (U.S.),VIR,1974,
Virgin Islands (U.S.),VIR,1973,
Virgin Islands (U.S.),VIR,1972,
Virgin Islands (U.S.),VIR,1971,
Virgin Islands (U.S.),VIR,1970,
Virgin Islands (U.S.),VIR,1969,
Virgin Islands (U.S.),VIR,1968,
Virgin Islands (U.S.),VIR,1967,
Virgin Islands (U.S.),VIR,1966,
Virgin Islands (U.S.),VIR,1965,
Virgin Islands (U.S.),VIR,1964,
Virgin Islands (U.S.),VIR,1963,
Virgin Islands (U.S.),VIR,1962,
Virgin Islands (U.S.),VIR,1961,
Virgin Islands (U.S.),VIR,1960,
West Bank and Gaza,PSE,2025,
West Bank and Gaza,PSE,2024,53.6691458303782
West Bank and Gaza,PSE,2023,5.87110177678988
West Bank and Gaza,PSE,2022,3.74122391852077
West Bank and Gaza,PSE,2021,1.23748102831369
West Bank and Gaza,PSE,2020,-0.735332001092191
West Bank and Gaza,PSE,2019,1.58018333639455
West Bank and Gaza,PSE,2018,-0.195107773730735
West Bank and Gaza,PSE,2017,0.212570934228881
West Bank and Gaza,PSE,2016,-0.219106604907316
West Bank and Gaza,PSE,2015,1.43161145810476
West Bank and Gaza,PSE,2014,1.73298510037447
West Bank and Gaza,PSE,2013,1.72439933626931
West Bank and Gaza,PSE,2012,2.77908768282492
West Bank and Gaza,PSE,2011,2.8772435849594
West Bank and Gaza,PSE,2010,3.74915727597096
West Bank and Gaza,PSE,2009,2.75393485083151
West Bank and Gaza,PSE,2008,9.88999788691849
West Bank and Gaza,PSE,2007,1.85974379351111
West Bank and Gaza,PSE,2006,3.84234125624782
West Bank and Gaza,PSE,2005,4.10725070715931
West Bank and Gaza,PSE,2004,3.00417498638593
West Bank and Gaza,PSE,2003,4.40303221730888
West Bank and Gaza,PSE,2002,5.70951585976626
West Bank and Gaza,PSE,2001,1.22278475878898
West Bank and Gaza,PSE,2000,2.79819892435758
West Bank and Gaza,PSE,1999,5.54439180368747
West Bank and Gaza,PSE,1998,5.57964505838268
West Bank and Gaza,PSE,1997,7.08700591205709
West Bank and Gaza,PSE,1996,
West Bank and Gaza,PSE,1995,
West Bank and Gaza,PSE,1994,
West Bank and Gaza,PSE,1993,
West Bank and Gaza,PSE,1992,
West Bank and Gaza,PSE,1991,
West Bank and Gaza,PSE,1990,
West Bank and Gaza,PSE,1989,
West Bank and Gaza,PSE,1988,
West Bank and Gaza,PSE,1987,
West Bank and Gaza,PSE,1986,
West Bank and Gaza,PSE,1985,
West Bank and Gaza,PSE,1984,
West Bank and Gaza,PSE,1983,
West Bank and Gaza,PSE,1982,
West Bank and Gaza,PSE,1981,
West Bank and Gaza,PSE,1980,
West Bank and Gaza,PSE,1979,
West Bank and Gaza,PSE,1978,
West Bank and Gaza,PSE,1977,
West Bank and Gaza,PSE,1976,
West Bank and Gaza,PSE,1975,
West Bank and Gaza,PSE,1974,
West Bank and Gaza,PSE,1973,
West Bank and Gaza,PSE,1972,
West Bank and Gaza,PSE,1971,
West Bank and Gaza,PSE,1970,
West Bank and Gaza,PSE,1969,
West Bank and Gaza,PSE,1968,
West Bank and Gaza,PSE,1967,
West Bank and Gaza,PSE,1966,
West Bank and Gaza,PSE,1965,
West Bank and Gaza,PSE,1964,
West Bank and Gaza,PSE,1963,
West Bank and Gaza,PSE,1962,
West Bank and Gaza,PSE,1961,
West Bank and Gaza,PSE,1960,
"Yemen, Rep.",YEM,2025,
"Yemen, Rep.",YEM,2024,
"Yemen, Rep.",YEM,2023,
"Yemen, Rep.",YEM,2022,
"Yemen, Rep.",YEM,2021,
"Yemen, Rep.",YEM,2020,
"Yemen, Rep.",YEM,2019,
"Yemen, Rep.",YEM,2018,
"Yemen, Rep.",YEM,2017,
"Yemen, Rep.",YEM,2016,
"Yemen, Rep.",YEM,2015,
"Yemen, Rep.",YEM,2014,8.10472583623915
"Yemen, Rep.",YEM,2013,10.9684421500198
"Yemen, Rep.",YEM,2012,9.88538714484871
"Yemen, Rep.",YEM,2011,19.5435617131144
"Yemen, Rep.",YEM,2010,11.1748338605044
"Yemen, Rep.",YEM,2009,5.40776098077522
"Yemen, Rep.",YEM,2008,18.9762574318076
"Yemen, Rep.",YEM,2007,7.9051177898873
"Yemen, Rep.",YEM,2006,10.8447986914257
"Yemen, Rep.",YEM,2005,11.8112639374949
"Yemen, Rep.",YEM,2004,12.5150951495207
"Yemen, Rep.",YEM,2003,10.8323607023242
"Yemen, Rep.",YEM,2002,12.2385339389711
"Yemen, Rep.",YEM,2001,11.9115912929855
"Yemen, Rep.",YEM,2000,4.58999999999981
"Yemen, Rep.",YEM,1999,8.66021949364346
"Yemen, Rep.",YEM,1998,5.9765085214186
"Yemen, Rep.",YEM,1997,2.17672667372646
"Yemen, Rep.",YEM,1996,30.7337332718043
"Yemen, Rep.",YEM,1995,55.0811068702292
"Yemen, Rep.",YEM,1994,49.3941553813254
"Yemen, Rep.",YEM,1993,35.7522980164491
"Yemen, Rep.",YEM,1992,29.4117647058824
"Yemen, Rep.",YEM,1991,36.0
"Yemen, Rep.",YEM,1990,
"Yemen, Rep.",YEM,1989,
"Yemen, Rep.",YEM,1988,
"Yemen, Rep.",YEM,1987,
"Yemen, Rep.",YEM,1986,
"Yemen, Rep.",YEM,1985,
"Yemen, Rep.",YEM,1984,
"Yemen, Rep.",YEM,1983,
"Yemen, Rep.",YEM,1982,
"Yemen, Rep.",YEM,1981,
"Yemen, Rep.",YEM,1980,
"Yemen, Rep.",YEM,1979,
"Yemen, Rep.",YEM,1978,
"Yemen, Rep.",YEM,1977,
"Yemen, Rep.",YEM,1976,
"Yemen, Rep.",YEM,1975,
"Yemen, Rep.",YEM,1974,
"Yemen, Rep.",YEM,1973,
"Yemen, Rep.",YEM,1972,
"Yemen, Rep.",YEM,1971,
"Yemen, Rep.",YEM,1970,
"Yemen, Rep.",YEM,1969,
"Yemen, Rep.",YEM,1968,
"Yemen, Rep.",YEM,1967,
"Yemen, Rep.",YEM,1966,
"Yemen, Rep.",YEM,1965,
"Yemen, Rep.",YEM,1964,
"Yemen, Rep.",YEM,1963,
"Yemen, Rep.",YEM,1962,
"Yemen, Rep.",YEM,1961,
"Yemen, Rep.",YEM,1960,
Zambia,ZMB,2025,
Zambia,ZMB,2024,14.9856262747939
Zambia,ZMB,2023,10.884531691282
Zambia,ZMB,2022,10.9932039209136
Zambia,ZMB,2021,22.0207676245777
Zambia,ZMB,2020,15.7330604721369
Zambia,ZMB,2019,9.15031644316296
Zambia,ZMB,2018,7.4945719272852
Zambia,ZMB,2017,6.57731154205644
Zambia,ZMB,2016,17.8697300795268
Zambia,ZMB,2015,10.1105928909618
Zambia,ZMB,2014,7.80687553566333
Zambia,ZMB,2013,6.97767605490307
Zambia,ZMB,2012,6.57589970757698
Zambia,ZMB,2011,6.4293968107234
Zambia,ZMB,2010,8.50176133365265
Zambia,ZMB,2009,13.3952546325895
Zambia,ZMB,2008,12.4455793463192
Zambia,ZMB,2007,10.6573496000153
Zambia,ZMB,2006,9.01957247226486
Zambia,ZMB,2005,18.324439701174
Zambia,ZMB,2004,17.9677891087286
Zambia,ZMB,2003,21.4015783901995
Zambia,ZMB,2002,22.2333446430947
Zambia,ZMB,2001,21.3937821792546
Zambia,ZMB,2000,26.0304117888121
Zambia,ZMB,1999,26.7876966790029
Zambia,ZMB,1998,24.4584563516656
Zambia,ZMB,1997,24.4187215689412
Zambia,ZMB,1996,43.0730979982882
Zambia,ZMB,1995,34.9295874166667
Zambia,ZMB,1994,54.6013218413016
Zambia,ZMB,1993,183.312041464393
Zambia,ZMB,1992,165.70652700999
Zambia,ZMB,1991,97.6423231742383
Zambia,ZMB,1990,107.023809523808
Zambia,ZMB,1989,123.40425531915
Zambia,ZMB,1988,51.0040160642574
Zambia,ZMB,1987,47.0472440944876
Zambia,ZMB,1986,55.8282208588966
Zambia,ZMB,1985,
Zambia,ZMB,1984,
Zambia,ZMB,1983,
Zambia,ZMB,1982,
Zambia,ZMB,1981,
Zambia,ZMB,1980,
Zambia,ZMB,1979,
Zambia,ZMB,1978,
Zambia,ZMB,1977,
Zambia,ZMB,1976,
Zambia,ZMB,1975,
Zambia,ZMB,1974,
Zambia,ZMB,1973,
Zambia,ZMB,1972,
Zambia,ZMB,1971,
Zambia,ZMB,1970,
Zambia,ZMB,1969,
Zambia,ZMB,1968,
Zambia,ZMB,1967,
Zambia,ZMB,1966,
Zambia,ZMB,1965,
Zambia,ZMB,1964,
Zambia,ZMB,1963,
Zambia,ZMB,1962,
Zambia,ZMB,1961,
Zambia,ZMB,1960,
Zimbabwe,ZWE,2025,
Zimbabwe,ZWE,2024,
Zimbabwe,ZWE,2023,
Zimbabwe,ZWE,2022,104.705170628667
Zimbabwe,ZWE,2021,98.5461050920624
Zimbabwe,ZWE,2020,557.201817362051
Zimbabwe,ZWE,2019,255.304990757856
Zimbabwe,ZWE,2018,10.6188658669575
Zimbabwe,ZWE,2017,0.893962316050027
Zimbabwe,ZWE,2016,-1.54366960054161
Zimbabwe,ZWE,2015,-2.43096842383404
Zimbabwe,ZWE,2014,-0.19778481012661
Zimbabwe,ZWE,2013,1.63495041543822
Zimbabwe,ZWE,2012,3.72532666110646
Zimbabwe,ZWE,2011,3.4661297281749
Zimbabwe,ZWE,2010,3.02267002518892
Zimbabwe,ZWE,2009,
Zimbabwe,ZWE,2008,
Zimbabwe,ZWE,2007,
Zimbabwe,ZWE,2006,
Zimbabwe,ZWE,2005,
Zimbabwe,ZWE,2004,
Zimbabwe,ZWE,2003,
Zimbabwe,ZWE,2002,
Zimbabwe,ZWE,2001,
Zimbabwe,ZWE,2000,
Zimbabwe,ZWE,1999,
Zimbabwe,ZWE,1998,
Zimbabwe,ZWE,1997,
Zimbabwe,ZWE,1996,
Zimbabwe,ZWE,1995,
Zimbabwe,ZWE,1994,
Zimbabwe,ZWE,1993,
Zimbabwe,ZWE,1992,
Zimbabwe,ZWE,1991,
Zimbabwe,ZWE,1990,
Zimbabwe,ZWE,1989,
Zimbabwe,ZWE,1988,
Zimbabwe,ZWE,1987,
Zimbabwe,ZWE,1986,
Zimbabwe,ZWE,1985,
Zimbabwe,ZWE,1984,
Zimbabwe,ZWE,1983,
Zimbabwe,ZWE,1982,
Zimbabwe,ZWE,1981,
Zimbabwe,ZWE,1980,
Zimbabwe,ZWE,1979,
Zimbabwe,ZWE,1978,
Zimbabwe,ZWE,1977,
Zimbabwe,ZWE,1976,
Zimbabwe,ZWE,1975,
Zimbabwe,ZWE,1974,
Zimbabwe,ZWE,1973,
Zimbabwe,ZWE,1972,
Zimbabwe,ZWE,1971,
Zimbabwe,ZWE,1970,
Zimbabwe,ZWE,1969,
Zimbabwe,ZWE,1968,
Zimbabwe,ZWE,1967,
Zimbabwe,ZWE,1966,
Zimbabwe,ZWE,1965,
Zimbabwe,ZWE,1964,
Zimbabwe,ZWE,1963,
Zimbabwe,ZWE,1962,
Zimbabwe,ZWE,1961,
Zimbabwe,ZWE,1960,
