country,country_code,year,unemployment_total
Afghanistan,AFG,2025,13.351
Afghanistan,AFG,2024,13.687
Afghanistan,AFG,2023,14.008
Afghanistan,AFG,2022,14.1
Afghanistan,AFG,2021,12.006
Afghanistan,AFG,2020,11.71
Afghanistan,AFG,2019,11.187
Afghanistan,AFG,2018,11.192
Afghanistan,AFG,2017,11.184
Afghanistan,AFG,2016,10.116
Afghanistan,AFG,2015,9.032
Afghanistan,AFG,2014,7.915
Afghanistan,AFG,2013,7.921
Afghanistan,AFG,2012,7.875
Afghanistan,AFG,2011,7.83
Afghanistan,AFG,2010,7.809
Afghanistan,AFG,2009,7.808
Afghanistan,AFG,2008,7.879
Afghanistan,AFG,2007,7.841
Afghanistan,AFG,2006,7.897
Afghanistan,AFG,2005,7.878
Afghanistan,AFG,2004,7.794
Afghanistan,AFG,2003,7.844
Afghanistan,AFG,2002,7.867
Afghanistan,AFG,2001,7.973
Afghanistan,AFG,2000,7.897
Afghanistan,AFG,1999,7.877
Afghanistan,AFG,1998,7.869
Afghanistan,AFG,1997,7.863
Afghanistan,AFG,1996,7.878
Afghanistan,AFG,1995,7.868
Afghanistan,AFG,1994,7.883
Afghanistan,AFG,1993,7.908
Afghanistan,AFG,1992,7.958
Afghanistan,AFG,1991,7.972
Afghanistan,AFG,1990,
Afghanistan,AFG,1989,
Afghanistan,AFG,1988,
Afghanistan,AFG,1987,
Afghanistan,AFG,1986,
Afghanistan,AFG,1985,
Afghanistan,AFG,1984,
Afghanistan,AFG,1983,
Afghanistan,AFG,1982,
Afghanistan,AFG,1981,
Afghanistan,AFG,1980,
Afghanistan,AFG,1979,
Afghanistan,AFG,1978,
Afghanistan,AFG,1977,
Afghanistan,AFG,1976,
Afghanistan,AFG,1975,
Afghanistan,AFG,1974,
Afghanistan,AFG,1973,
Afghanistan,AFG,1972,
Afghanistan,AFG,1971,
Afghanistan,AFG,1970,
Afghanistan,AFG,1969,
Afghanistan,AFG,1968,
Afghanistan,AFG,1967,
Afghanistan,AFG,1966,
Afghanistan,AFG,1965,
Afghanistan,AFG,1964,
Afghanistan,AFG,1963,
Afghanistan,AFG,1962,
Afghanistan,AFG,1961,
Afghanistan,AFG,1960,
Albania,ALB,2025,10.926
Albania,ALB,2024,10.689
Albania,ALB,2023,10.669
Albania,ALB,2022,10.785
Albania,ALB,2021,11.474
Albania,ALB,2020,11.639
Albania,ALB,2019,11.466
Albania,ALB,2018,12.304
Albania,ALB,2017,13.616
Albania,ALB,2016,15.418
Albania,ALB,2015,17.193
Albania,ALB,2014,18.055
Albania,ALB,2013,15.866
Albania,ALB,2012,13.376
Albania,ALB,2011,13.481
Albania,ALB,2010,14.086
Albania,ALB,2009,13.674
Albania,ALB,2008,13.06
Albania,ALB,2007,15.966
Albania,ALB,2006,15.626
Albania,ALB,2005,15.966
Albania,ALB,2004,16.306
Albania,ALB,2003,16.985
Albania,ALB,2002,17.891
Albania,ALB,2001,18.57
Albania,ALB,2000,19.023
Albania,ALB,1999,20.835
Albania,ALB,1998,20.042
Albania,ALB,1997,16.872
Albania,ALB,1996,13.928
Albania,ALB,1995,14.607
Albania,ALB,1994,20.835
Albania,ALB,1993,25.251
Albania,ALB,1992,30.007
Albania,ALB,1991,10.304
Albania,ALB,1990,
Albania,ALB,1989,
Albania,ALB,1988,
Albania,ALB,1987,
Albania,ALB,1986,
Albania,ALB,1985,
Albania,ALB,1984,
Albania,ALB,1983,
Albania,ALB,1982,
Albania,ALB,1981,
Albania,ALB,1980,
Albania,ALB,1979,
Albania,ALB,1978,
Albania,ALB,1977,
Albania,ALB,1976,
Albania,ALB,1975,
Albania,ALB,1974,
Albania,ALB,1973,
Albania,ALB,1972,
Albania,ALB,1971,
Albania,ALB,1970,
Albania,ALB,1969,
Albania,ALB,1968,
Albania,ALB,1967,
Albania,ALB,1966,
Albania,ALB,1965,
Albania,ALB,1964,
Albania,ALB,1963,
Albania,ALB,1962,
Albania,ALB,1961,
Albania,ALB,1960,
Algeria,DZA,2025,11.633
Algeria,DZA,2024,11.655
Algeria,DZA,2023,11.645
Algeria,DZA,2022,12.382
Algeria,DZA,2021,13.656
Algeria,DZA,2020,14.08
Algeria,DZA,2019,12.302
Algeria,DZA,2018,12.112
Algeria,DZA,2017,12.0
Algeria,DZA,2016,10.202
Algeria,DZA,2015,11.206
Algeria,DZA,2014,10.207
Algeria,DZA,2013,9.82
Algeria,DZA,2012,10.97
Algeria,DZA,2011,9.96
Algeria,DZA,2010,9.96
Algeria,DZA,2009,10.16
Algeria,DZA,2008,11.33
Algeria,DZA,2007,13.79
Algeria,DZA,2006,12.27
Algeria,DZA,2005,15.27
Algeria,DZA,2004,17.65
Algeria,DZA,2003,23.72
Algeria,DZA,2002,25.9
Algeria,DZA,2001,27.3
Algeria,DZA,2000,29.77
Algeria,DZA,1999,28.575
Algeria,DZA,1998,26.85
Algeria,DZA,1997,25.43
Algeria,DZA,1996,28.268
Algeria,DZA,1995,31.84
Algeria,DZA,1994,27.74
Algeria,DZA,1993,26.23
Algeria,DZA,1992,24.38
Algeria,DZA,1991,20.6
Algeria,DZA,1990,
Algeria,DZA,1989,
Algeria,DZA,1988,
Algeria,DZA,1987,
Algeria,DZA,1986,
Algeria,DZA,1985,
Algeria,DZA,1984,
Algeria,DZA,1983,
Algeria,DZA,1982,
Algeria,DZA,1981,
Algeria,DZA,1980,
Algeria,DZA,1979,
Algeria,DZA,1978,
Algeria,DZA,1977,
Algeria,DZA,1976,
Algeria,DZA,1975,
Algeria,DZA,1974,
Algeria,DZA,1973,
Algeria,DZA,1972,
Algeria,DZA,1971,
Algeria,DZA,1970,
Algeria,DZA,1969,
Algeria,DZA,1968,
Algeria,DZA,1967,
Algeria,DZA,1966,
Algeria,DZA,1965,
Algeria,DZA,1964,
Algeria,DZA,1963,
Algeria,DZA,1962,
Algeria,DZA,1961,
Algeria,DZA,1960,
American Samoa,ASM,2025,
American Samoa,ASM,2024,
American Samoa,ASM,2023,
American Samoa,ASM,2022,
American Samoa,ASM,2021,
American Samoa,ASM,2020,
American Samoa,ASM,2019,
American Samoa,ASM,2018,
American Samoa,ASM,2017,
American Samoa,ASM,2016,
American Samoa,ASM,2015,
American Samoa,ASM,2014,
American Samoa,ASM,2013,
American Samoa,ASM,2012,
American Samoa,ASM,2011,
American Samoa,ASM,2010,
American Samoa,ASM,2009,
American Samoa,ASM,2008,
American Samoa,ASM,2007,
American Samoa,ASM,2006,
American Samoa,ASM,2005,
American Samoa,ASM,2004,
American Samoa,ASM,2003,
American Samoa,ASM,2002,
American Samoa,ASM,2001,
American Samoa,ASM,2000,
American Samoa,ASM,1999,
American Samoa,ASM,1998,
American Samoa,ASM,1997,
American Samoa,ASM,1996,
American Samoa,ASM,1995,
American Samoa,ASM,1994,
American Samoa,ASM,1993,
American Samoa,ASM,1992,
American Samoa,ASM,1991,
American Samoa,ASM,1990,
American Samoa,ASM,1989,
American Samoa,ASM,1988,
American Samoa,ASM,1987,
American Samoa,ASM,1986,
American Samoa,ASM,1985,
American Samoa,ASM,1984,
American Samoa,ASM,1983,
American Samoa,ASM,1982,
American Samoa,ASM,1981,
American Samoa,ASM,1980,
American Samoa,ASM,1979,
American Samoa,ASM,1978,
American Samoa,ASM,1977,
American Samoa,ASM,1976,
American Samoa,ASM,1975,
American Samoa,ASM,1974,
American Samoa,ASM,1973,
American Samoa,ASM,1972,
American Samoa,ASM,1971,
American Samoa,ASM,1970,
American Samoa,ASM,1969,
American Samoa,ASM,1968,
American Samoa,ASM,1967,
American Samoa,ASM,1966,
American Samoa,ASM,1965,
American Samoa,ASM,1964,
American Samoa,ASM,1963,
American Samoa,ASM,1962,
American Samoa,ASM,1961,
American Samoa,ASM,1960,
Andorra,AND,2025,
Andorra,AND,2024,
Andorra,AND,2023,
Andorra,AND,2022,
Andorra,AND,2021,
Andorra,AND,2020,
Andorra,AND,2019,
Andorra,AND,2018,
Andorra,AND,2017,
Andorra,AND,2016,
Andorra,AND,2015,
Andorra,AND,2014,
Andorra,AND,2013,
Andorra,AND,2012,
Andorra,AND,2011,
Andorra,AND,2010,
Andorra,AND,2009,
Andorra,AND,2008,
Andorra,AND,2007,
Andorra,AND,2006,
Andorra,AND,2005,
Andorra,AND,2004,
Andorra,AND,2003,
Andorra,AND,2002,
Andorra,AND,2001,
Andorra,AND,2000,
Andorra,AND,1999,
Andorra,AND,1998,
Andorra,AND,1997,
Andorra,AND,1996,
Andorra,AND,1995,
Andorra,AND,1994,
Andorra,AND,1993,
Andorra,AND,1992,
Andorra,AND,1991,
Andorra,AND,1990,
Andorra,AND,1989,
Andorra,AND,1988,
Andorra,AND,1987,
Andorra,AND,1986,
Andorra,AND,1985,
Andorra,AND,1984,
Andorra,AND,1983,
Andorra,AND,1982,
Andorra,AND,1981,
Andorra,AND,1980,
Andorra,AND,1979,
Andorra,AND,1978,
Andorra,AND,1977,
Andorra,AND,1976,
Andorra,AND,1975,
Andorra,AND,1974,
Andorra,AND,1973,
Andorra,AND,1972,
Andorra,AND,1971,
Andorra,AND,1970,
Andorra,AND,1969,
Andorra,AND,1968,
Andorra,AND,1967,
Andorra,AND,1966,
Andorra,AND,1965,
Andorra,AND,1964,
Andorra,AND,1963,
Andorra,AND,1962,
Andorra,AND,1961,
Andorra,AND,1960,
Angola,AGO,2025,14.108
Angola,AGO,2024,14.02
Angola,AGO,2023,14.051
Angola,AGO,2022,14.124
Angola,AGO,2021,15.799
Angola,AGO,2020,16.696
Angola,AGO,2019,16.497
Angola,AGO,2018,16.602
Angola,AGO,2017,16.617
Angola,AGO,2016,16.572
Angola,AGO,2015,16.472
Angola,AGO,2014,16.372
Angola,AGO,2013,16.464
Angola,AGO,2012,16.539
Angola,AGO,2011,16.77
Angola,AGO,2010,16.595
Angola,AGO,2009,16.383
Angola,AGO,2008,16.152
Angola,AGO,2007,16.066
Angola,AGO,2006,16.123
Angola,AGO,2005,16.295
Angola,AGO,2004,16.313
Angola,AGO,2003,16.445
Angola,AGO,2002,16.432
Angola,AGO,2001,16.668
Angola,AGO,2000,16.646
Angola,AGO,1999,16.543
Angola,AGO,1998,16.29
Angola,AGO,1997,16.064
Angola,AGO,1996,16.177
Angola,AGO,1995,16.978
Angola,AGO,1994,17.444
Angola,AGO,1993,17.44
Angola,AGO,1992,16.959
Angola,AGO,1991,16.816
Angola,AGO,1990,
Angola,AGO,1989,
Angola,AGO,1988,
Angola,AGO,1987,
Angola,AGO,1986,
Angola,AGO,1985,
Angola,AGO,1984,
Angola,AGO,1983,
Angola,AGO,1982,
Angola,AGO,1981,
Angola,AGO,1980,
Angola,AGO,1979,
Angola,AGO,1978,
Angola,AGO,1977,
Angola,AGO,1976,
Angola,AGO,1975,
Angola,AGO,1974,
Angola,AGO,1973,
Angola,AGO,1972,
Angola,AGO,1971,
Angola,AGO,1970,
Angola,AGO,1969,
Angola,AGO,1968,
Angola,AGO,1967,
Angola,AGO,1966,
Angola,AGO,1965,
Angola,AGO,1964,
Angola,AGO,1963,
Angola,AGO,1962,
Angola,AGO,1961,
Angola,AGO,1960,
Antigua and Barbuda,ATG,2025,
Antigua and Barbuda,ATG,2024,
Antigua and Barbuda,ATG,2023,
Antigua and Barbuda,ATG,2022,
Antigua and Barbuda,ATG,2021,
Antigua and Barbuda,ATG,2020,
Antigua and Barbuda,ATG,2019,
Antigua and Barbuda,ATG,2018,
Antigua and Barbuda,ATG,2017,
Antigua and Barbuda,ATG,2016,
Antigua and Barbuda,ATG,2015,
Antigua and Barbuda,ATG,2014,
Antigua and Barbuda,ATG,2013,
Antigua and Barbuda,ATG,2012,
Antigua and Barbuda,ATG,2011,
Antigua and Barbuda,ATG,2010,
Antigua and Barbuda,ATG,2009,
Antigua and Barbuda,ATG,2008,
Antigua and Barbuda,ATG,2007,
Antigua and Barbuda,ATG,2006,
Antigua and Barbuda,ATG,2005,
Antigua and Barbuda,ATG,2004,
Antigua and Barbuda,ATG,2003,
Antigua and Barbuda,ATG,2002,
Antigua and Barbuda,ATG,2001,
Antigua and Barbuda,ATG,2000,
Antigua and Barbuda,ATG,1999,
Antigua and Barbuda,ATG,1998,
Antigua and Barbuda,ATG,1997,
Antigua and Barbuda,ATG,1996,
Antigua and Barbuda,ATG,1995,
Antigua and Barbuda,ATG,1994,
Antigua and Barbuda,ATG,1993,
Antigua and Barbuda,ATG,1992,
Antigua and Barbuda,ATG,1991,
Antigua and Barbuda,ATG,1990,
Antigua and Barbuda,ATG,1989,
Antigua and Barbuda,ATG,1988,
Antigua and Barbuda,ATG,1987,
Antigua and Barbuda,ATG,1986,
Antigua and Barbuda,ATG,1985,
Antigua and Barbuda,ATG,1984,
Antigua and Barbuda,ATG,1983,
Antigua and Barbuda,ATG,1982,
Antigua and Barbuda,ATG,1981,
Antigua and Barbuda,ATG,1980,
Antigua and Barbuda,ATG,1979,
Antigua and Barbuda,ATG,1978,
Antigua and Barbuda,ATG,1977,
Antigua and Barbuda,ATG,1976,
Antigua and Barbuda,ATG,1975,
Antigua and Barbuda,ATG,1974,
Antigua and Barbuda,ATG,1973,
Antigua and Barbuda,ATG,1972,
Antigua and Barbuda,ATG,1971,
Antigua and Barbuda,ATG,1970,
Antigua and Barbuda,ATG,1969,
Antigua and Barbuda,ATG,1968,
Antigua and Barbuda,ATG,1967,
Antigua and Barbuda,ATG,1966,
Antigua and Barbuda,ATG,1965,
Antigua and Barbuda,ATG,1964,
Antigua and Barbuda,ATG,1963,
Antigua and Barbuda,ATG,1962,
Antigua and Barbuda,ATG,1961,
Antigua and Barbuda,ATG,1960,
Argentina,ARG,2025,7.145
Argentina,ARG,2024,7.15
Argentina,ARG,2023,6.139
Argentina,ARG,2022,6.805
Argentina,ARG,2021,8.736
Argentina,ARG,2020,11.461
Argentina,ARG,2019,9.843
Argentina,ARG,2018,9.22
Argentina,ARG,2017,8.347
Argentina,ARG,2016,8.088
Argentina,ARG,2015,7.577
Argentina,ARG,2014,7.268
Argentina,ARG,2013,7.1
Argentina,ARG,2012,7.217
Argentina,ARG,2011,7.18
Argentina,ARG,2010,7.714
Argentina,ARG,2009,8.645
Argentina,ARG,2008,7.837
Argentina,ARG,2007,8.47
Argentina,ARG,2006,10.078
Argentina,ARG,2005,11.506
Argentina,ARG,2004,13.522
Argentina,ARG,2003,15.36
Argentina,ARG,2002,19.59
Argentina,ARG,2001,17.32
Argentina,ARG,2000,15.0
Argentina,ARG,1999,14.05
Argentina,ARG,1998,12.65
Argentina,ARG,1997,14.82
Argentina,ARG,1996,17.11
Argentina,ARG,1995,18.8
Argentina,ARG,1994,11.76
Argentina,ARG,1993,10.1
Argentina,ARG,1992,6.36
Argentina,ARG,1991,5.44
Argentina,ARG,1990,
Argentina,ARG,1989,
Argentina,ARG,1988,
Argentina,ARG,1987,
Argentina,ARG,1986,
Argentina,ARG,1985,
Argentina,ARG,1984,
Argentina,ARG,1983,
Argentina,ARG,1982,
Argentina,ARG,1981,
Argentina,ARG,1980,
Argentina,ARG,1979,
Argentina,ARG,1978,
Argentina,ARG,1977,
Argentina,ARG,1976,
Argentina,ARG,1975,
Argentina,ARG,1974,
Argentina,ARG,1973,
Argentina,ARG,1972,
Argentina,ARG,1971,
Argentina,ARG,1970,
Argentina,ARG,1969,
Argentina,ARG,1968,
Argentina,ARG,1967,
Argentina,ARG,1966,
Argentina,ARG,1965,
Argentina,ARG,1964,
Argentina,ARG,1963,
Argentina,ARG,1962,
Argentina,ARG,1961,
Argentina,ARG,1960,
Armenia,ARM,2025,12.871
Armenia,ARM,2024,12.405
Armenia,ARM,2023,12.405
Armenia,ARM,2022,13.451
Armenia,ARM,2021,15.469
Armenia,ARM,2020,18.175
Armenia,ARM,2019,18.304
Armenia,ARM,2018,18.966
Armenia,ARM,2017,17.704
Armenia,ARM,2016,17.617
Armenia,ARM,2015,18.261
Armenia,ARM,2014,17.498
Armenia,ARM,2013,16.576
Armenia,ARM,2012,17.511
Armenia,ARM,2011,18.884
Armenia,ARM,2010,19.523
Armenia,ARM,2009,19.295
Armenia,ARM,2008,17.1
Armenia,ARM,2007,10.394
Armenia,ARM,2006,10.497
Armenia,ARM,2005,10.584
Armenia,ARM,2004,10.676
Armenia,ARM,2003,10.769
Armenia,ARM,2002,10.888
Armenia,ARM,2001,11.012
Armenia,ARM,2000,11.107
Armenia,ARM,1999,11.2
Armenia,ARM,1998,9.4
Armenia,ARM,1997,10.8
Armenia,ARM,1996,9.3
Armenia,ARM,1995,6.7
Armenia,ARM,1994,6.6
Armenia,ARM,1993,5.3
Armenia,ARM,1992,1.8
Armenia,ARM,1991,1.774
Armenia,ARM,1990,
Armenia,ARM,1989,
Armenia,ARM,1988,
Armenia,ARM,1987,
Armenia,ARM,1986,
Armenia,ARM,1985,
Armenia,ARM,1984,
Armenia,ARM,1983,
Armenia,ARM,1982,
Armenia,ARM,1981,
Armenia,ARM,1980,
Armenia,ARM,1979,
Armenia,ARM,1978,
Armenia,ARM,1977,
Armenia,ARM,1976,
Armenia,ARM,1975,
Armenia,ARM,1974,
Armenia,ARM,1973,
Armenia,ARM,1972,
Armenia,ARM,1971,
Armenia,ARM,1970,
Armenia,ARM,1969,
Armenia,ARM,1968,
Armenia,ARM,1967,
Armenia,ARM,1966,
Armenia,ARM,1965,
Armenia,ARM,1964,
Armenia,ARM,1963,
Armenia,ARM,1962,
Armenia,ARM,1961,
Armenia,ARM,1960,
Aruba,ABW,2025,
Aruba,ABW,2024,
Aruba,ABW,2023,
Aruba,ABW,2022,
Aruba,ABW,2021,
Aruba,ABW,2020,
Aruba,ABW,2019,
Aruba,ABW,2018,
Aruba,ABW,2017,
Aruba,ABW,2016,
Aruba,ABW,2015,
Aruba,ABW,2014,
Aruba,ABW,2013,
Aruba,ABW,2012,
Aruba,ABW,2011,
Aruba,ABW,2010,
Aruba,ABW,2009,
Aruba,ABW,2008,
Aruba,ABW,2007,
Aruba,ABW,2006,
Aruba,ABW,2005,
Aruba,ABW,2004,
Aruba,ABW,2003,
Aruba,ABW,2002,
Aruba,ABW,2001,
Aruba,ABW,2000,
Aruba,ABW,1999,
Aruba,ABW,1998,
Aruba,ABW,1997,
Aruba,ABW,1996,
Aruba,ABW,1995,
Aruba,ABW,1994,
Aruba,ABW,1993,
Aruba,ABW,1992,
Aruba,ABW,1991,
Aruba,ABW,1990,
Aruba,ABW,1989,
Aruba,ABW,1988,
Aruba,ABW,1987,
Aruba,ABW,1986,
Aruba,ABW,1985,
Aruba,ABW,1984,
Aruba,ABW,1983,
Aruba,ABW,1982,
Aruba,ABW,1981,
Aruba,ABW,1980,
Aruba,ABW,1979,
Aruba,ABW,1978,
Aruba,ABW,1977,
Aruba,ABW,1976,
Aruba,ABW,1975,
Aruba,ABW,1974,
Aruba,ABW,1973,
Aruba,ABW,1972,
Aruba,ABW,1971,
Aruba,ABW,1970,
Aruba,ABW,1969,
Aruba,ABW,1968,
Aruba,ABW,1967,
Aruba,ABW,1966,
Aruba,ABW,1965,
Aruba,ABW,1964,
Aruba,ABW,1963,
Aruba,ABW,1962,
Aruba,ABW,1961,
Aruba,ABW,1960,
Australia,AUS,2025,4.09
Australia,AUS,2024,3.942
Australia,AUS,2023,3.668
Australia,AUS,2022,3.728
Australia,AUS,2021,5.022
Australia,AUS,2020,6.394
Australia,AUS,2019,5.143
Australia,AUS,2018,5.345
Australia,AUS,2017,5.592
Australia,AUS,2016,5.711
Australia,AUS,2015,6.055
Australia,AUS,2014,6.078
Australia,AUS,2013,5.663
Australia,AUS,2012,5.225
Australia,AUS,2011,5.083
Australia,AUS,2010,5.214
Australia,AUS,2009,5.565
Australia,AUS,2008,4.242
Australia,AUS,2007,4.381
Australia,AUS,2006,4.785
Australia,AUS,2005,5.036
Australia,AUS,2004,5.399
Australia,AUS,2003,5.933
Australia,AUS,2002,6.375
Australia,AUS,2001,6.747
Australia,AUS,2000,6.288
Australia,AUS,1999,6.876
Australia,AUS,1998,7.684
Australia,AUS,1997,8.367
Australia,AUS,1996,8.509
Australia,AUS,1995,8.473
Australia,AUS,1994,9.724
Australia,AUS,1993,10.879
Australia,AUS,1992,10.733
Australia,AUS,1991,9.586
Australia,AUS,1990,
Australia,AUS,1989,
Australia,AUS,1988,
Australia,AUS,1987,
Australia,AUS,1986,
Australia,AUS,1985,
Australia,AUS,1984,
Australia,AUS,1983,
Australia,AUS,1982,
Australia,AUS,1981,
Australia,AUS,1980,
Australia,AUS,1979,
Australia,AUS,1978,
Australia,AUS,1977,
Australia,AUS,1976,
Australia,AUS,1975,
Australia,AUS,1974,
Australia,AUS,1973,
Australia,AUS,1972,
Australia,AUS,1971,
Australia,AUS,1970,
Australia,AUS,1969,
Australia,AUS,1968,
Australia,AUS,1967,
Australia,AUS,1966,
Australia,AUS,1965,
Australia,AUS,1964,
Australia,AUS,1963,
Australia,AUS,1962,
Australia,AUS,1961,
Australia,AUS,1960,
Austria,AUT,2025,5.582
Austria,AUT,2024,5.2
Austria,AUT,2023,5.264
Austria,AUT,2022,4.992
Austria,AUT,2021,6.459
Austria,AUT,2020,5.201
Austria,AUT,2019,4.56
Austria,AUT,2018,4.933
Austria,AUT,2017,5.561
Austria,AUT,2016,6.064
Austria,AUT,2015,5.802
Austria,AUT,2014,5.674
Austria,AUT,2013,5.367
Austria,AUT,2012,4.909
Austria,AUT,2011,4.637
Austria,AUT,2010,4.883
Austria,AUT,2009,5.371
Austria,AUT,2008,4.198
Austria,AUT,2007,4.909
Austria,AUT,2006,5.32
Austria,AUT,2005,5.682
Austria,AUT,2004,5.969
Austria,AUT,2003,4.779
Austria,AUT,2002,4.852
Austria,AUT,2001,4.007
Austria,AUT,2000,4.687
Austria,AUT,1999,4.699
Austria,AUT,1998,5.483
Austria,AUT,1997,5.15
Austria,AUT,1996,5.282
Austria,AUT,1995,4.345
Austria,AUT,1994,3.535
Austria,AUT,1993,4.25
Austria,AUT,1992,3.59
Austria,AUT,1991,3.42
Austria,AUT,1990,
Austria,AUT,1989,
Austria,AUT,1988,
Austria,AUT,1987,
Austria,AUT,1986,
Austria,AUT,1985,
Austria,AUT,1984,
Austria,AUT,1983,
Austria,AUT,1982,
Austria,AUT,1981,
Austria,AUT,1980,
Austria,AUT,1979,
Austria,AUT,1978,
Austria,AUT,1977,
Austria,AUT,1976,
Austria,AUT,1975,
Austria,AUT,1974,
Austria,AUT,1973,
Austria,AUT,1972,
Austria,AUT,1971,
Austria,AUT,1970,
Austria,AUT,1969,
Austria,AUT,1968,
Austria,AUT,1967,
Austria,AUT,1966,
Austria,AUT,1965,
Austria,AUT,1964,
Austria,AUT,1963,
Austria,AUT,1962,
Austria,AUT,1961,
Austria,AUT,1960,
Azerbaijan,AZE,2025,5.457
Azerbaijan,AZE,2024,5.648
Azerbaijan,AZE,2023,5.64
Azerbaijan,AZE,2022,5.65
Azerbaijan,AZE,2021,6.04
Azerbaijan,AZE,2020,7.24
Azerbaijan,AZE,2019,5.0
Azerbaijan,AZE,2018,4.9
Azerbaijan,AZE,2017,5.0
Azerbaijan,AZE,2016,5.0
Azerbaijan,AZE,2015,4.96
Azerbaijan,AZE,2014,4.91
Azerbaijan,AZE,2013,4.97
Azerbaijan,AZE,2012,5.19
Azerbaijan,AZE,2011,5.42
Azerbaijan,AZE,2010,5.63
Azerbaijan,AZE,2009,5.74
Azerbaijan,AZE,2008,5.86
Azerbaijan,AZE,2007,6.33
Azerbaijan,AZE,2006,6.62
Azerbaijan,AZE,2005,7.26
Azerbaijan,AZE,2004,7.99
Azerbaijan,AZE,2003,9.17
Azerbaijan,AZE,2002,10.04
Azerbaijan,AZE,2001,10.91
Azerbaijan,AZE,2000,11.78
Azerbaijan,AZE,1999,10.9
Azerbaijan,AZE,1998,10.0
Azerbaijan,AZE,1997,9.1
Azerbaijan,AZE,1996,8.1
Azerbaijan,AZE,1995,7.2
Azerbaijan,AZE,1994,6.3
Azerbaijan,AZE,1993,4.5
Azerbaijan,AZE,1992,1.8
Azerbaijan,AZE,1991,0.9
Azerbaijan,AZE,1990,
Azerbaijan,AZE,1989,
Azerbaijan,AZE,1988,
Azerbaijan,AZE,1987,
Azerbaijan,AZE,1986,
Azerbaijan,AZE,1985,
Azerbaijan,AZE,1984,
Azerbaijan,AZE,1983,
Azerbaijan,AZE,1982,
Azerbaijan,AZE,1981,
Azerbaijan,AZE,1980,
Azerbaijan,AZE,1979,
Azerbaijan,AZE,1978,
Azerbaijan,AZE,1977,
Azerbaijan,AZE,1976,
Azerbaijan,AZE,1975,
Azerbaijan,AZE,1974,
Azerbaijan,AZE,1973,
Azerbaijan,AZE,1972,
Azerbaijan,AZE,1971,
Azerbaijan,AZE,1970,
Azerbaijan,AZE,1969,
Azerbaijan,AZE,1968,
Azerbaijan,AZE,1967,
Azerbaijan,AZE,1966,
Azerbaijan,AZE,1965,
Azerbaijan,AZE,1964,
Azerbaijan,AZE,1963,
Azerbaijan,AZE,1962,
Azerbaijan,AZE,1961,
Azerbaijan,AZE,1960,
"Bahamas, The",BHS,2025,9.207
"Bahamas, The",BHS,2024,9.049
"Bahamas, The",BHS,2023,8.645
"Bahamas, The",BHS,2022,9.25
"Bahamas, The",BHS,2021,11.078
"Bahamas, The",BHS,2020,12.016
"Bahamas, The",BHS,2019,9.336
"Bahamas, The",BHS,2018,10.0
"Bahamas, The",BHS,2017,9.8
"Bahamas, The",BHS,2016,12.7
"Bahamas, The",BHS,2015,12.0
"Bahamas, The",BHS,2014,13.8
"Bahamas, The",BHS,2013,16.18
"Bahamas, The",BHS,2012,14.02
"Bahamas, The",BHS,2011,14.52
"Bahamas, The",BHS,2010,14.435
"Bahamas, The",BHS,2009,14.25
"Bahamas, The",BHS,2008,8.18
"Bahamas, The",BHS,2007,7.88
"Bahamas, The",BHS,2006,7.54
"Bahamas, The",BHS,2005,10.2
"Bahamas, The",BHS,2004,10.2
"Bahamas, The",BHS,2003,10.84
"Bahamas, The",BHS,2002,9.05
"Bahamas, The",BHS,2001,6.87
"Bahamas, The",BHS,2000,7.118
"Bahamas, The",BHS,1999,7.45
"Bahamas, The",BHS,1998,7.65
"Bahamas, The",BHS,1997,9.76
"Bahamas, The",BHS,1996,11.46
"Bahamas, The",BHS,1995,10.83
"Bahamas, The",BHS,1994,13.83
"Bahamas, The",BHS,1993,12.72
"Bahamas, The",BHS,1992,14.81
"Bahamas, The",BHS,1991,12.17
"Bahamas, The",BHS,1990,
"Bahamas, The",BHS,1989,
"Bahamas, The",BHS,1988,
"Bahamas, The",BHS,1987,
"Bahamas, The",BHS,1986,
"Bahamas, The",BHS,1985,
"Bahamas, The",BHS,1984,
"Bahamas, The",BHS,1983,
"Bahamas, The",BHS,1982,
"Bahamas, The",BHS,1981,
"Bahamas, The",BHS,1980,
"Bahamas, The",BHS,1979,
"Bahamas, The",BHS,1978,
"Bahamas, The",BHS,1977,
"Bahamas, The",BHS,1976,
"Bahamas, The",BHS,1975,
"Bahamas, The",BHS,1974,
"Bahamas, The",BHS,1973,
"Bahamas, The",BHS,1972,
"Bahamas, The",BHS,1971,
"Bahamas, The",BHS,1970,
"Bahamas, The",BHS,1969,
"Bahamas, The",BHS,1968,
"Bahamas, The",BHS,1967,
"Bahamas, The",BHS,1966,
"Bahamas, The",BHS,1965,
"Bahamas, The",BHS,1964,
"Bahamas, The",BHS,1963,
"Bahamas, The",BHS,1962,
"Bahamas, The",BHS,1961,
"Bahamas, The",BHS,1960,
Bahrain,BHR,2025,1.102
Bahrain,BHR,2024,1.084
Bahrain,BHR,2023,1.049
Bahrain,BHR,2022,1.265
Bahrain,BHR,2021,1.548
Bahrain,BHR,2020,1.765
Bahrain,BHR,2019,1.217
Bahrain,BHR,2018,1.188
Bahrain,BHR,2017,1.18
Bahrain,BHR,2016,1.19
Bahrain,BHR,2015,1.164
Bahrain,BHR,2014,1.144
Bahrain,BHR,2013,1.184
Bahrain,BHR,2012,1.2
Bahrain,BHR,2011,1.21
Bahrain,BHR,2010,1.13
Bahrain,BHR,2009,1.07
Bahrain,BHR,2008,1.015
Bahrain,BHR,2007,1.006
Bahrain,BHR,2006,1.021
Bahrain,BHR,2005,1.021
Bahrain,BHR,2004,1.064
Bahrain,BHR,2003,1.126
Bahrain,BHR,2002,1.137
Bahrain,BHR,2001,1.118
Bahrain,BHR,2000,1.081
Bahrain,BHR,1999,1.112
Bahrain,BHR,1998,1.114
Bahrain,BHR,1997,1.125
Bahrain,BHR,1996,1.177
Bahrain,BHR,1995,1.044
Bahrain,BHR,1994,1.007
Bahrain,BHR,1993,0.882
Bahrain,BHR,1992,0.968
Bahrain,BHR,1991,1.047
Bahrain,BHR,1990,
Bahrain,BHR,1989,
Bahrain,BHR,1988,
Bahrain,BHR,1987,
Bahrain,BHR,1986,
Bahrain,BHR,1985,
Bahrain,BHR,1984,
Bahrain,BHR,1983,
Bahrain,BHR,1982,
Bahrain,BHR,1981,
Bahrain,BHR,1980,
Bahrain,BHR,1979,
Bahrain,BHR,1978,
Bahrain,BHR,1977,
Bahrain,BHR,1976,
Bahrain,BHR,1975,
Bahrain,BHR,1974,
Bahrain,BHR,1973,
Bahrain,BHR,1972,
Bahrain,BHR,1971,
Bahrain,BHR,1970,
Bahrain,BHR,1969,
Bahrain,BHR,1968,
Bahrain,BHR,1967,
Bahrain,BHR,1966,
Bahrain,BHR,1965,
Bahrain,BHR,1964,
Bahrain,BHR,1963,
Bahrain,BHR,1962,
Bahrain,BHR,1961,
Bahrain,BHR,1960,
Bangladesh,BGD,2025,3.778
Bangladesh,BGD,2024,3.635
Bangladesh,BGD,2023,3.352
Bangladesh,BGD,2022,4.593
Bangladesh,BGD,2021,5.457
Bangladesh,BGD,2020,5.539
Bangladesh,BGD,2019,4.504
Bangladesh,BGD,2018,4.439
Bangladesh,BGD,2017,4.372
Bangladesh,BGD,2016,4.35
Bangladesh,BGD,2015,4.397
Bangladesh,BGD,2014,4.417
Bangladesh,BGD,2013,4.426
Bangladesh,BGD,2012,4.07
Bangladesh,BGD,2011,3.737
Bangladesh,BGD,2010,3.379
Bangladesh,BGD,2009,5.0
Bangladesh,BGD,2008,4.49
Bangladesh,BGD,2007,4.015
Bangladesh,BGD,2006,3.591
Bangladesh,BGD,2005,4.25
Bangladesh,BGD,2004,4.316
Bangladesh,BGD,2003,4.32
Bangladesh,BGD,2002,3.966
Bangladesh,BGD,2001,3.609
Bangladesh,BGD,2000,3.27
Bangladesh,BGD,1999,3.088
Bangladesh,BGD,1998,2.893
Bangladesh,BGD,1997,2.698
Bangladesh,BGD,1996,2.51
Bangladesh,BGD,1995,2.441
Bangladesh,BGD,1994,2.37
Bangladesh,BGD,1993,2.31
Bangladesh,BGD,1992,2.233
Bangladesh,BGD,1991,2.2
Bangladesh,BGD,1990,
Bangladesh,BGD,1989,
Bangladesh,BGD,1988,
Bangladesh,BGD,1987,
Bangladesh,BGD,1986,
Bangladesh,BGD,1985,
Bangladesh,BGD,1984,
Bangladesh,BGD,1983,
Bangladesh,BGD,1982,
Bangladesh,BGD,1981,
Bangladesh,BGD,1980,
Bangladesh,BGD,1979,
Bangladesh,BGD,1978,
Bangladesh,BGD,1977,
Bangladesh,BGD,1976,
Bangladesh,BGD,1975,
Bangladesh,BGD,1974,
Bangladesh,BGD,1973,
Bangladesh,BGD,1972,
Bangladesh,BGD,1971,
Bangladesh,BGD,1970,
Bangladesh,BGD,1969,
Bangladesh,BGD,1968,
Bangladesh,BGD,1967,
Bangladesh,BGD,1966,
Bangladesh,BGD,1965,
Bangladesh,BGD,1964,
Bangladesh,BGD,1963,
Bangladesh,BGD,1962,
Bangladesh,BGD,1961,
Bangladesh,BGD,1960,
Barbados,BRB,2025,6.524
Barbados,BRB,2024,6.448
Barbados,BRB,2023,6.54
Barbados,BRB,2022,7.261
Barbados,BRB,2021,11.015
Barbados,BRB,2020,10.586
Barbados,BRB,2019,8.41
Barbados,BRB,2018,8.321
Barbados,BRB,2017,8.62
Barbados,BRB,2016,8.247
Barbados,BRB,2015,9.803
Barbados,BRB,2014,12.17
Barbados,BRB,2013,11.55
Barbados,BRB,2012,11.59
Barbados,BRB,2011,11.19
Barbados,BRB,2010,10.69
Barbados,BRB,2009,10.02
Barbados,BRB,2008,8.12
Barbados,BRB,2007,7.41
Barbados,BRB,2006,8.73
Barbados,BRB,2005,9.08
Barbados,BRB,2004,9.57
Barbados,BRB,2003,11.0
Barbados,BRB,2002,10.32
Barbados,BRB,2001,9.85
Barbados,BRB,2000,9.35
Barbados,BRB,1999,10.61
Barbados,BRB,1998,12.4
Barbados,BRB,1997,14.61
Barbados,BRB,1996,14.71
Barbados,BRB,1995,19.66
Barbados,BRB,1994,22.98
Barbados,BRB,1993,24.54
Barbados,BRB,1992,22.94
Barbados,BRB,1991,22.41
Barbados,BRB,1990,
Barbados,BRB,1989,
Barbados,BRB,1988,
Barbados,BRB,1987,
Barbados,BRB,1986,
Barbados,BRB,1985,
Barbados,BRB,1984,
Barbados,BRB,1983,
Barbados,BRB,1982,
Barbados,BRB,1981,
Barbados,BRB,1980,
Barbados,BRB,1979,
Barbados,BRB,1978,
Barbados,BRB,1977,
Barbados,BRB,1976,
Barbados,BRB,1975,
Barbados,BRB,1974,
Barbados,BRB,1973,
Barbados,BRB,1972,
Barbados,BRB,1971,
Barbados,BRB,1970,
Barbados,BRB,1969,
Barbados,BRB,1968,
Barbados,BRB,1967,
Barbados,BRB,1966,
Barbados,BRB,1965,
Barbados,BRB,1964,
Barbados,BRB,1963,
Barbados,BRB,1962,
Barbados,BRB,1961,
Barbados,BRB,1960,
Belarus,BLR,2025,3.38
Belarus,BLR,2024,3.458
Belarus,BLR,2023,3.461
Belarus,BLR,2022,3.574
Belarus,BLR,2021,3.9
Belarus,BLR,2020,4.049
Belarus,BLR,2019,4.165
Belarus,BLR,2018,4.763
Belarus,BLR,2017,5.648
Belarus,BLR,2016,5.844
Belarus,BLR,2015,5.881
Belarus,BLR,2014,5.908
Belarus,BLR,2013,5.942
Belarus,BLR,2012,5.962
Belarus,BLR,2011,6.024
Belarus,BLR,2010,6.052
Belarus,BLR,2009,6.1
Belarus,BLR,2008,6.728
Belarus,BLR,2007,7.41
Belarus,BLR,2006,8.066
Belarus,BLR,2005,8.759
Belarus,BLR,2004,9.463
Belarus,BLR,2003,10.191
Belarus,BLR,2002,10.874
Belarus,BLR,2001,11.561
Belarus,BLR,2000,12.193
Belarus,BLR,1999,12.8
Belarus,BLR,1998,14.0
Belarus,BLR,1997,17.1
Belarus,BLR,1996,24.4
Belarus,BLR,1995,17.7
Belarus,BLR,1994,12.8
Belarus,BLR,1993,8.5
Belarus,BLR,1992,3.1
Belarus,BLR,1991,0.6
Belarus,BLR,1990,
Belarus,BLR,1989,
Belarus,BLR,1988,
Belarus,BLR,1987,
Belarus,BLR,1986,
Belarus,BLR,1985,
Belarus,BLR,1984,
Belarus,BLR,1983,
Belarus,BLR,1982,
Belarus,BLR,1981,
Belarus,BLR,1980,
Belarus,BLR,1979,
Belarus,BLR,1978,
Belarus,BLR,1977,
Belarus,BLR,1976,
Belarus,BLR,1975,
Belarus,BLR,1974,
Belarus,BLR,1973,
Belarus,BLR,1972,
Belarus,BLR,1971,
Belarus,BLR,1970,
Belarus,BLR,1969,
Belarus,BLR,1968,
Belarus,BLR,1967,
Belarus,BLR,1966,
Belarus,BLR,1965,
Belarus,BLR,1964,
Belarus,BLR,1963,
Belarus,BLR,1962,
Belarus,BLR,1961,
Belarus,BLR,1960,
Belgium,BEL,2025,5.906
Belgium,BEL,2024,5.7
Belgium,BEL,2023,5.547
Belgium,BEL,2022,5.57
Belgium,BEL,2021,6.248
Belgium,BEL,2020,5.545
Belgium,BEL,2019,5.364
Belgium,BEL,2018,5.941
Belgium,BEL,2017,7.09
Belgium,BEL,2016,7.83
Belgium,BEL,2015,8.482
Belgium,BEL,2014,8.523
Belgium,BEL,2013,8.425
Belgium,BEL,2012,7.542
Belgium,BEL,2011,7.14
Belgium,BEL,2010,8.293
Belgium,BEL,2009,7.908
Belgium,BEL,2008,6.976
Belgium,BEL,2007,7.459
Belgium,BEL,2006,8.246
Belgium,BEL,2005,8.44
Belgium,BEL,2004,7.363
Belgium,BEL,2003,7.68
Belgium,BEL,2002,6.91
Belgium,BEL,2001,6.178
Belgium,BEL,2000,6.586
Belgium,BEL,1999,8.649
Belgium,BEL,1998,9.322
Belgium,BEL,1997,8.95
Belgium,BEL,1996,9.483
Belgium,BEL,1995,9.337
Belgium,BEL,1994,9.645
Belgium,BEL,1993,8.078
Belgium,BEL,1992,6.702
Belgium,BEL,1991,6.984
Belgium,BEL,1990,
Belgium,BEL,1989,
Belgium,BEL,1988,
Belgium,BEL,1987,
Belgium,BEL,1986,
Belgium,BEL,1985,
Belgium,BEL,1984,
Belgium,BEL,1983,
Belgium,BEL,1982,
Belgium,BEL,1981,
Belgium,BEL,1980,
Belgium,BEL,1979,
Belgium,BEL,1978,
Belgium,BEL,1977,
Belgium,BEL,1976,
Belgium,BEL,1975,
Belgium,BEL,1974,
Belgium,BEL,1973,
Belgium,BEL,1972,
Belgium,BEL,1971,
Belgium,BEL,1970,
Belgium,BEL,1969,
Belgium,BEL,1968,
Belgium,BEL,1967,
Belgium,BEL,1966,
Belgium,BEL,1965,
Belgium,BEL,1964,
Belgium,BEL,1963,
Belgium,BEL,1962,
Belgium,BEL,1961,
Belgium,BEL,1960,
Belize,BLZ,2025,8.856
Belize,BLZ,2024,8.698
Belize,BLZ,2023,8.278
Belize,BLZ,2022,8.682
Belize,BLZ,2021,10.302
Belize,BLZ,2020,10.763
Belize,BLZ,2019,9.053
Belize,BLZ,2018,9.346
Belize,BLZ,2017,6.596
Belize,BLZ,2016,7.0
Belize,BLZ,2015,7.578
Belize,BLZ,2014,8.244
Belize,BLZ,2013,8.349
Belize,BLZ,2012,8.378
Belize,BLZ,2011,8.424
Belize,BLZ,2010,8.412
Belize,BLZ,2009,8.323
Belize,BLZ,2008,8.18
Belize,BLZ,2007,8.51
Belize,BLZ,2006,9.39
Belize,BLZ,2005,10.91
Belize,BLZ,2004,10.586
Belize,BLZ,2003,10.342
Belize,BLZ,2002,10.04
Belize,BLZ,2001,9.07
Belize,BLZ,2000,10.841
Belize,BLZ,1999,12.84
Belize,BLZ,1998,14.31
Belize,BLZ,1997,12.68
Belize,BLZ,1996,13.82
Belize,BLZ,1995,12.48
Belize,BLZ,1994,11.1
Belize,BLZ,1993,9.78
Belize,BLZ,1992,9.654
Belize,BLZ,1991,9.647
Belize,BLZ,1990,
Belize,BLZ,1989,
Belize,BLZ,1988,
Belize,BLZ,1987,
Belize,BLZ,1986,
Belize,BLZ,1985,
Belize,BLZ,1984,
Belize,BLZ,1983,
Belize,BLZ,1982,
Belize,BLZ,1981,
Belize,BLZ,1980,
Belize,BLZ,1979,
Belize,BLZ,1978,
Belize,BLZ,1977,
Belize,BLZ,1976,
Belize,BLZ,1975,
Belize,BLZ,1974,
Belize,BLZ,1973,
Belize,BLZ,1972,
Belize,BLZ,1971,
Belize,BLZ,1970,
Belize,BLZ,1969,
Belize,BLZ,1968,
Belize,BLZ,1967,
Belize,BLZ,1966,
Belize,BLZ,1965,
Belize,BLZ,1964,
Belize,BLZ,1963,
Belize,BLZ,1962,
Belize,BLZ,1961,
Belize,BLZ,1960,
Benin,BEN,2025,1.589
Benin,BEN,2024,1.637
Benin,BEN,2023,1.641
Benin,BEN,2022,1.685
Benin,BEN,2021,1.833
Benin,BEN,2020,1.518
Benin,BEN,2019,1.214
Benin,BEN,2018,1.426
Benin,BEN,2017,1.691
Benin,BEN,2016,1.834
Benin,BEN,2015,1.886
Benin,BEN,2014,1.952
Benin,BEN,2013,2.198
Benin,BEN,2012,2.458
Benin,BEN,2011,2.647
Benin,BEN,2010,1.04
Benin,BEN,2009,0.95
Benin,BEN,2008,0.895
Benin,BEN,2007,0.902
Benin,BEN,2006,0.888
Benin,BEN,2005,0.859
Benin,BEN,2004,0.79
Benin,BEN,2003,0.747
Benin,BEN,2002,0.69
Benin,BEN,2001,0.766
Benin,BEN,2000,0.864
Benin,BEN,1999,0.949
Benin,BEN,1998,1.048
Benin,BEN,1997,1.1
Benin,BEN,1996,1.246
Benin,BEN,1995,1.305
Benin,BEN,1994,1.453
Benin,BEN,1993,1.494
Benin,BEN,1992,1.51
Benin,BEN,1991,1.637
Benin,BEN,1990,
Benin,BEN,1989,
Benin,BEN,1988,
Benin,BEN,1987,
Benin,BEN,1986,
Benin,BEN,1985,
Benin,BEN,1984,
Benin,BEN,1983,
Benin,BEN,1982,
Benin,BEN,1981,
Benin,BEN,1980,
Benin,BEN,1979,
Benin,BEN,1978,
Benin,BEN,1977,
Benin,BEN,1976,
Benin,BEN,1975,
Benin,BEN,1974,
Benin,BEN,1973,
Benin,BEN,1972,
Benin,BEN,1971,
Benin,BEN,1970,
Benin,BEN,1969,
Benin,BEN,1968,
Benin,BEN,1967,
Benin,BEN,1966,
Benin,BEN,1965,
Benin,BEN,1964,
Benin,BEN,1963,
Benin,BEN,1962,
Benin,BEN,1961,
Benin,BEN,1960,
Bermuda,BMU,2025,
Bermuda,BMU,2024,
Bermuda,BMU,2023,
Bermuda,BMU,2022,
Bermuda,BMU,2021,
Bermuda,BMU,2020,
Bermuda,BMU,2019,
Bermuda,BMU,2018,
Bermuda,BMU,2017,
Bermuda,BMU,2016,
Bermuda,BMU,2015,
Bermuda,BMU,2014,
Bermuda,BMU,2013,
Bermuda,BMU,2012,
Bermuda,BMU,2011,
Bermuda,BMU,2010,
Bermuda,BMU,2009,
Bermuda,BMU,2008,
Bermuda,BMU,2007,
Bermuda,BMU,2006,
Bermuda,BMU,2005,
Bermuda,BMU,2004,
Bermuda,BMU,2003,
Bermuda,BMU,2002,
Bermuda,BMU,2001,
Bermuda,BMU,2000,
Bermuda,BMU,1999,
Bermuda,BMU,1998,
Bermuda,BMU,1997,
Bermuda,BMU,1996,
Bermuda,BMU,1995,
Bermuda,BMU,1994,
Bermuda,BMU,1993,
Bermuda,BMU,1992,
Bermuda,BMU,1991,
Bermuda,BMU,1990,
Bermuda,BMU,1989,
Bermuda,BMU,1988,
Bermuda,BMU,1987,
Bermuda,BMU,1986,
Bermuda,BMU,1985,
Bermuda,BMU,1984,
Bermuda,BMU,1983,
Bermuda,BMU,1982,
Bermuda,BMU,1981,
Bermuda,BMU,1980,
Bermuda,BMU,1979,
Bermuda,BMU,1978,
Bermuda,BMU,1977,
Bermuda,BMU,1976,
Bermuda,BMU,1975,
Bermuda,BMU,1974,
Bermuda,BMU,1973,
Bermuda,BMU,1972,
Bermuda,BMU,1971,
Bermuda,BMU,1970,
Bermuda,BMU,1969,
Bermuda,BMU,1968,
Bermuda,BMU,1967,
Bermuda,BMU,1966,
Bermuda,BMU,1965,
Bermuda,BMU,1964,
Bermuda,BMU,1963,
Bermuda,BMU,1962,
Bermuda,BMU,1961,
Bermuda,BMU,1960,
Bhutan,BTN,2025,3.227
Bhutan,BTN,2024,3.282
Bhutan,BTN,2023,3.126
Bhutan,BTN,2022,5.947
Bhutan,BTN,2021,4.803
Bhutan,BTN,2020,5.03
Bhutan,BTN,2019,2.72
Bhutan,BTN,2018,3.35
Bhutan,BTN,2017,3.027
Bhutan,BTN,2016,2.707
Bhutan,BTN,2015,2.45
Bhutan,BTN,2014,2.63
Bhutan,BTN,2013,2.87
Bhutan,BTN,2012,2.05
Bhutan,BTN,2011,3.23
Bhutan,BTN,2010,3.32
Bhutan,BTN,2009,3.96
Bhutan,BTN,2008,3.848
Bhutan,BTN,2007,3.7
Bhutan,BTN,2006,3.13
Bhutan,BTN,2005,3.1
Bhutan,BTN,2004,2.49
Bhutan,BTN,2003,1.8
Bhutan,BTN,2002,1.854
Bhutan,BTN,2001,1.9
Bhutan,BTN,2000,1.655
Bhutan,BTN,1999,1.4
Bhutan,BTN,1998,1.4
Bhutan,BTN,1997,1.393
Bhutan,BTN,1996,1.392
Bhutan,BTN,1995,1.4
Bhutan,BTN,1994,1.405
Bhutan,BTN,1993,1.418
Bhutan,BTN,1992,1.391
Bhutan,BTN,1991,1.381
Bhutan,BTN,1990,
Bhutan,BTN,1989,
Bhutan,BTN,1988,
Bhutan,BTN,1987,
Bhutan,BTN,1986,
Bhutan,BTN,1985,
Bhutan,BTN,1984,
Bhutan,BTN,1983,
Bhutan,BTN,1982,
Bhutan,BTN,1981,
Bhutan,BTN,1980,
Bhutan,BTN,1979,
Bhutan,BTN,1978,
Bhutan,BTN,1977,
Bhutan,BTN,1976,
Bhutan,BTN,1975,
Bhutan,BTN,1974,
Bhutan,BTN,1973,
Bhutan,BTN,1972,
Bhutan,BTN,1971,
Bhutan,BTN,1970,
Bhutan,BTN,1969,
Bhutan,BTN,1968,
Bhutan,BTN,1967,
Bhutan,BTN,1966,
Bhutan,BTN,1965,
Bhutan,BTN,1964,
Bhutan,BTN,1963,
Bhutan,BTN,1962,
Bhutan,BTN,1961,
Bhutan,BTN,1960,
Bolivia,BOL,2025,2.967
Bolivia,BOL,2024,3.274
Bolivia,BOL,2023,3.024
Bolivia,BOL,2022,3.552
Bolivia,BOL,2021,5.089
Bolivia,BOL,2020,7.903
Bolivia,BOL,2019,3.682
Bolivia,BOL,2018,3.519
Bolivia,BOL,2017,3.655
Bolivia,BOL,2016,3.498
Bolivia,BOL,2015,3.111
Bolivia,BOL,2014,2.021
Bolivia,BOL,2013,2.437
Bolivia,BOL,2012,2.066
Bolivia,BOL,2011,2.255
Bolivia,BOL,2010,2.609
Bolivia,BOL,2009,2.973
Bolivia,BOL,2008,2.603
Bolivia,BOL,2007,2.614
Bolivia,BOL,2006,2.575
Bolivia,BOL,2005,2.598
Bolivia,BOL,2004,2.615
Bolivia,BOL,2003,2.654
Bolivia,BOL,2002,2.603
Bolivia,BOL,2001,2.623
Bolivia,BOL,2000,2.439
Bolivia,BOL,1999,2.299
Bolivia,BOL,1998,2.121
Bolivia,BOL,1997,2.08
Bolivia,BOL,1996,2.375
Bolivia,BOL,1995,2.664
Bolivia,BOL,1994,3.08
Bolivia,BOL,1993,3.05
Bolivia,BOL,1992,3.03
Bolivia,BOL,1991,2.935
Bolivia,BOL,1990,
Bolivia,BOL,1989,
Bolivia,BOL,1988,
Bolivia,BOL,1987,
Bolivia,BOL,1986,
Bolivia,BOL,1985,
Bolivia,BOL,1984,
Bolivia,BOL,1983,
Bolivia,BOL,1982,
Bolivia,BOL,1981,
Bolivia,BOL,1980,
Bolivia,BOL,1979,
Bolivia,BOL,1978,
Bolivia,BOL,1977,
Bolivia,BOL,1976,
Bolivia,BOL,1975,
Bolivia,BOL,1974,
Bolivia,BOL,1973,
Bolivia,BOL,1972,
Bolivia,BOL,1971,
Bolivia,BOL,1970,
Bolivia,BOL,1969,
Bolivia,BOL,1968,
Bolivia,BOL,1967,
Bolivia,BOL,1966,
Bolivia,BOL,1965,
Bolivia,BOL,1964,
Bolivia,BOL,1963,
Bolivia,BOL,1962,
Bolivia,BOL,1961,
Bolivia,BOL,1960,
Bosnia and Herzegovina,BIH,2025,11.037
Bosnia and Herzegovina,BIH,2024,10.69
Bosnia and Herzegovina,BIH,2023,10.668
Bosnia and Herzegovina,BIH,2022,12.657
Bosnia and Herzegovina,BIH,2021,14.897
Bosnia and Herzegovina,BIH,2020,15.868
Bosnia and Herzegovina,BIH,2019,15.692
Bosnia and Herzegovina,BIH,2018,18.4
Bosnia and Herzegovina,BIH,2017,20.527
Bosnia and Herzegovina,BIH,2016,25.408
Bosnia and Herzegovina,BIH,2015,27.695
Bosnia and Herzegovina,BIH,2014,27.517
Bosnia and Herzegovina,BIH,2013,27.49
Bosnia and Herzegovina,BIH,2012,28.01
Bosnia and Herzegovina,BIH,2011,27.582
Bosnia and Herzegovina,BIH,2010,27.312
Bosnia and Herzegovina,BIH,2009,24.068
Bosnia and Herzegovina,BIH,2008,23.405
Bosnia and Herzegovina,BIH,2007,28.984
Bosnia and Herzegovina,BIH,2006,31.11
Bosnia and Herzegovina,BIH,2005,30.218
Bosnia and Herzegovina,BIH,2004,29.279
Bosnia and Herzegovina,BIH,2003,28.424
Bosnia and Herzegovina,BIH,2002,27.477
Bosnia and Herzegovina,BIH,2001,26.485
Bosnia and Herzegovina,BIH,2000,25.446
Bosnia and Herzegovina,BIH,1999,24.441
Bosnia and Herzegovina,BIH,1998,23.494
Bosnia and Herzegovina,BIH,1997,22.586
Bosnia and Herzegovina,BIH,1996,21.682
Bosnia and Herzegovina,BIH,1995,20.944
Bosnia and Herzegovina,BIH,1994,20.17
Bosnia and Herzegovina,BIH,1993,19.408
Bosnia and Herzegovina,BIH,1992,18.477
Bosnia and Herzegovina,BIH,1991,17.55
Bosnia and Herzegovina,BIH,1990,
Bosnia and Herzegovina,BIH,1989,
Bosnia and Herzegovina,BIH,1988,
Bosnia and Herzegovina,BIH,1987,
Bosnia and Herzegovina,BIH,1986,
Bosnia and Herzegovina,BIH,1985,
Bosnia and Herzegovina,BIH,1984,
Bosnia and Herzegovina,BIH,1983,
Bosnia and Herzegovina,BIH,1982,
Bosnia and Herzegovina,BIH,1981,
Bosnia and Herzegovina,BIH,1980,
Bosnia and Herzegovina,BIH,1979,
Bosnia and Herzegovina,BIH,1978,
Bosnia and Herzegovina,BIH,1977,
Bosnia and Herzegovina,BIH,1976,
Bosnia and Herzegovina,BIH,1975,
Bosnia and Herzegovina,BIH,1974,
Bosnia and Herzegovina,BIH,1973,
Bosnia and Herzegovina,BIH,1972,
Bosnia and Herzegovina,BIH,1971,
Bosnia and Herzegovina,BIH,1970,
Bosnia and Herzegovina,BIH,1969,
Bosnia and Herzegovina,BIH,1968,
Bosnia and Herzegovina,BIH,1967,
Bosnia and Herzegovina,BIH,1966,
Bosnia and Herzegovina,BIH,1965,
Bosnia and Herzegovina,BIH,1964,
Bosnia and Herzegovina,BIH,1963,
Bosnia and Herzegovina,BIH,1962,
Bosnia and Herzegovina,BIH,1961,
Bosnia and Herzegovina,BIH,1960,
Botswana,BWA,2025,24.477
Botswana,BWA,2024,23.81
Botswana,BWA,2023,23.381
Botswana,BWA,2022,23.615
Botswana,BWA,2021,23.106
Botswana,BWA,2020,21.017
Botswana,BWA,2019,20.094
Botswana,BWA,2018,19.665
Botswana,BWA,2017,19.671
Botswana,BWA,2016,19.328
Botswana,BWA,2015,18.915
Botswana,BWA,2014,18.484
Botswana,BWA,2013,18.167
Botswana,BWA,2012,17.916
Botswana,BWA,2011,18.049
Botswana,BWA,2010,17.86
Botswana,BWA,2009,16.169
Botswana,BWA,2008,16.293
Botswana,BWA,2007,16.976
Botswana,BWA,2006,17.782
Botswana,BWA,2005,19.852
Botswana,BWA,2004,21.755
Botswana,BWA,2003,23.8
Botswana,BWA,2002,21.277
Botswana,BWA,2001,18.54
Botswana,BWA,2000,15.88
Botswana,BWA,1999,18.224
Botswana,BWA,1998,20.86
Botswana,BWA,1997,21.031
Botswana,BWA,1996,21.593
Botswana,BWA,1995,21.394
Botswana,BWA,1994,21.2
Botswana,BWA,1993,18.761
Botswana,BWA,1992,16.33
Botswana,BWA,1991,13.82
Botswana,BWA,1990,
Botswana,BWA,1989,
Botswana,BWA,1988,
Botswana,BWA,1987,
Botswana,BWA,1986,
Botswana,BWA,1985,
Botswana,BWA,1984,
Botswana,BWA,1983,
Botswana,BWA,1982,
Botswana,BWA,1981,
Botswana,BWA,1980,
Botswana,BWA,1979,
Botswana,BWA,1978,
Botswana,BWA,1977,
Botswana,BWA,1976,
Botswana,BWA,1975,
Botswana,BWA,1974,
Botswana,BWA,1973,
Botswana,BWA,1972,
Botswana,BWA,1971,
Botswana,BWA,1970,
Botswana,BWA,1969,
Botswana,BWA,1968,
Botswana,BWA,1967,
Botswana,BWA,1966,
Botswana,BWA,1965,
Botswana,BWA,1964,
Botswana,BWA,1963,
Botswana,BWA,1962,
Botswana,BWA,1961,
Botswana,BWA,1960,
Brazil,BRA,2025,5.97
Brazil,BRA,2024,6.801
Brazil,BRA,2023,7.947
Brazil,BRA,2022,9.231
Brazil,BRA,2021,13.158
Brazil,BRA,2020,13.697
Brazil,BRA,2019,11.936
Brazil,BRA,2018,12.329
Brazil,BRA,2017,12.792
Brazil,BRA,2016,11.58
Brazil,BRA,2015,8.538
Brazil,BRA,2014,6.755
Brazil,BRA,2013,7.071
Brazil,BRA,2012,7.251
Brazil,BRA,2011,7.578
Brazil,BRA,2010,8.42
Brazil,BRA,2009,9.419
Brazil,BRA,2008,8.268
Brazil,BRA,2007,9.28
Brazil,BRA,2006,9.692
Brazil,BRA,2005,10.551
Brazil,BRA,2004,10.072
Brazil,BRA,2003,11.168
Brazil,BRA,2002,10.641
Brazil,BRA,2001,10.649
Brazil,BRA,2000,10.889
Brazil,BRA,1999,11.125
Brazil,BRA,1998,10.15
Brazil,BRA,1997,9.003
Brazil,BRA,1996,8.035
Brazil,BRA,1995,7.092
Brazil,BRA,1994,6.579
Brazil,BRA,1993,6.03
Brazil,BRA,1992,7.086
Brazil,BRA,1991,6.887
Brazil,BRA,1990,
Brazil,BRA,1989,
Brazil,BRA,1988,
Brazil,BRA,1987,
Brazil,BRA,1986,
Brazil,BRA,1985,
Brazil,BRA,1984,
Brazil,BRA,1983,
Brazil,BRA,1982,
Brazil,BRA,1981,
Brazil,BRA,1980,
Brazil,BRA,1979,
Brazil,BRA,1978,
Brazil,BRA,1977,
Brazil,BRA,1976,
Brazil,BRA,1975,
Brazil,BRA,1974,
Brazil,BRA,1973,
Brazil,BRA,1972,
Brazil,BRA,1971,
Brazil,BRA,1970,
Brazil,BRA,1969,
Brazil,BRA,1968,
Brazil,BRA,1967,
Brazil,BRA,1966,
Brazil,BRA,1965,
Brazil,BRA,1964,
Brazil,BRA,1963,
Brazil,BRA,1962,
Brazil,BRA,1961,
Brazil,BRA,1960,
British Virgin Islands,VGB,2025,
British Virgin Islands,VGB,2024,
British Virgin Islands,VGB,2023,
British Virgin Islands,VGB,2022,
British Virgin Islands,VGB,2021,
British Virgin Islands,VGB,2020,
British Virgin Islands,VGB,2019,
British Virgin Islands,VGB,2018,
British Virgin Islands,VGB,2017,
British Virgin Islands,VGB,2016,
British Virgin Islands,VGB,2015,
British Virgin Islands,VGB,2014,
British Virgin Islands,VGB,2013,
British Virgin Islands,VGB,2012,
British Virgin Islands,VGB,2011,
British Virgin Islands,VGB,2010,
British Virgin Islands,VGB,2009,
British Virgin Islands,VGB,2008,
British Virgin Islands,VGB,2007,
British Virgin Islands,VGB,2006,
British Virgin Islands,VGB,2005,
British Virgin Islands,VGB,2004,
British Virgin Islands,VGB,2003,
British Virgin Islands,VGB,2002,
British Virgin Islands,VGB,2001,
British Virgin Islands,VGB,2000,
British Virgin Islands,VGB,1999,
British Virgin Islands,VGB,1998,
British Virgin Islands,VGB,1997,
British Virgin Islands,VGB,1996,
British Virgin Islands,VGB,1995,
British Virgin Islands,VGB,1994,
British Virgin Islands,VGB,1993,
British Virgin Islands,VGB,1992,
British Virgin Islands,VGB,1991,
British Virgin Islands,VGB,1990,
British Virgin Islands,VGB,1989,
British Virgin Islands,VGB,1988,
British Virgin Islands,VGB,1987,
British Virgin Islands,VGB,1986,
British Virgin Islands,VGB,1985,
British Virgin Islands,VGB,1984,
British Virgin Islands,VGB,1983,
British Virgin Islands,VGB,1982,
British Virgin Islands,VGB,1981,
British Virgin Islands,VGB,1980,
British Virgin Islands,VGB,1979,
British Virgin Islands,VGB,1978,
British Virgin Islands,VGB,1977,
British Virgin Islands,VGB,1976,
British Virgin Islands,VGB,1975,
British Virgin Islands,VGB,1974,
British Virgin Islands,VGB,1973,
British Virgin Islands,VGB,1972,
British Virgin Islands,VGB,1971,
British Virgin Islands,VGB,1970,
British Virgin Islands,VGB,1969,
British Virgin Islands,VGB,1968,
British Virgin Islands,VGB,1967,
British Virgin Islands,VGB,1966,
British Virgin Islands,VGB,1965,
British Virgin Islands,VGB,1964,
British Virgin Islands,VGB,1963,
British Virgin Islands,VGB,1962,
British Virgin Islands,VGB,1961,
British Virgin Islands,VGB,1960,
Brunei Darussalam,BRN,2025,5.277
Brunei Darussalam,BRN,2024,5.18
Brunei Darussalam,BRN,2023,5.296
Brunei Darussalam,BRN,2022,5.191
Brunei Darussalam,BRN,2021,4.905
Brunei Darussalam,BRN,2020,7.409
Brunei Darussalam,BRN,2019,6.6
Brunei Darussalam,BRN,2018,8.7
Brunei Darussalam,BRN,2017,9.316
Brunei Darussalam,BRN,2016,8.537
Brunei Darussalam,BRN,2015,7.703
Brunei Darussalam,BRN,2014,6.862
Brunei Darussalam,BRN,2013,6.709
Brunei Darussalam,BRN,2012,6.571
Brunei Darussalam,BRN,2011,6.506
Brunei Darussalam,BRN,2010,6.487
Brunei Darussalam,BRN,2009,6.457
Brunei Darussalam,BRN,2008,6.312
Brunei Darussalam,BRN,2007,6.187
Brunei Darussalam,BRN,2006,6.061
Brunei Darussalam,BRN,2005,5.973
Brunei Darussalam,BRN,2004,5.847
Brunei Darussalam,BRN,2003,5.743
Brunei Darussalam,BRN,2002,5.652
Brunei Darussalam,BRN,2001,5.558
Brunei Darussalam,BRN,2000,5.53
Brunei Darussalam,BRN,1999,5.415
Brunei Darussalam,BRN,1998,5.356
Brunei Darussalam,BRN,1997,5.204
Brunei Darussalam,BRN,1996,5.153
Brunei Darussalam,BRN,1995,5.066
Brunei Darussalam,BRN,1994,5.007
Brunei Darussalam,BRN,1993,4.903
Brunei Darussalam,BRN,1992,4.791
Brunei Darussalam,BRN,1991,4.7
Brunei Darussalam,BRN,1990,
Brunei Darussalam,BRN,1989,
Brunei Darussalam,BRN,1988,
Brunei Darussalam,BRN,1987,
Brunei Darussalam,BRN,1986,
Brunei Darussalam,BRN,1985,
Brunei Darussalam,BRN,1984,
Brunei Darussalam,BRN,1983,
Brunei Darussalam,BRN,1982,
Brunei Darussalam,BRN,1981,
Brunei Darussalam,BRN,1980,
Brunei Darussalam,BRN,1979,
Brunei Darussalam,BRN,1978,
Brunei Darussalam,BRN,1977,
Brunei Darussalam,BRN,1976,
Brunei Darussalam,BRN,1975,
Brunei Darussalam,BRN,1974,
Brunei Darussalam,BRN,1973,
Brunei Darussalam,BRN,1972,
Brunei Darussalam,BRN,1971,
Brunei Darussalam,BRN,1970,
Brunei Darussalam,BRN,1969,
Brunei Darussalam,BRN,1968,
Brunei Darussalam,BRN,1967,
Brunei Darussalam,BRN,1966,
Brunei Darussalam,BRN,1965,
Brunei Darussalam,BRN,1964,
Brunei Darussalam,BRN,1963,
Brunei Darussalam,BRN,1962,
Brunei Darussalam,BRN,1961,
Brunei Darussalam,BRN,1960,
Bulgaria,BGR,2025,3.536
Bulgaria,BGR,2024,4.2
Bulgaria,BGR,2023,4.319
Bulgaria,BGR,2022,4.148
Bulgaria,BGR,2021,5.166
Bulgaria,BGR,2020,5.037
Bulgaria,BGR,2019,4.148
Bulgaria,BGR,2018,5.211
Bulgaria,BGR,2017,6.164
Bulgaria,BGR,2016,7.575
Bulgaria,BGR,2015,9.143
Bulgaria,BGR,2014,11.424
Bulgaria,BGR,2013,12.941
Bulgaria,BGR,2012,12.27
Bulgaria,BGR,2011,11.26
Bulgaria,BGR,2010,10.279
Bulgaria,BGR,2009,6.817
Bulgaria,BGR,2008,5.609
Bulgaria,BGR,2007,6.878
Bulgaria,BGR,2006,8.951
Bulgaria,BGR,2005,10.083
Bulgaria,BGR,2004,12.037
Bulgaria,BGR,2003,13.733
Bulgaria,BGR,2002,18.11
Bulgaria,BGR,2001,19.921
Bulgaria,BGR,2000,16.218
Bulgaria,BGR,1999,14.1
Bulgaria,BGR,1998,12.2
Bulgaria,BGR,1997,13.7
Bulgaria,BGR,1996,12.5
Bulgaria,BGR,1995,11.1
Bulgaria,BGR,1994,12.8
Bulgaria,BGR,1993,16.4
Bulgaria,BGR,1992,15.3
Bulgaria,BGR,1991,11.1
Bulgaria,BGR,1990,
Bulgaria,BGR,1989,
Bulgaria,BGR,1988,
Bulgaria,BGR,1987,
Bulgaria,BGR,1986,
Bulgaria,BGR,1985,
Bulgaria,BGR,1984,
Bulgaria,BGR,1983,
Bulgaria,BGR,1982,
Bulgaria,BGR,1981,
Bulgaria,BGR,1980,
Bulgaria,BGR,1979,
Bulgaria,BGR,1978,
Bulgaria,BGR,1977,
Bulgaria,BGR,1976,
Bulgaria,BGR,1975,
Bulgaria,BGR,1974,
Bulgaria,BGR,1973,
Bulgaria,BGR,1972,
Bulgaria,BGR,1971,
Bulgaria,BGR,1970,
Bulgaria,BGR,1969,
Bulgaria,BGR,1968,
Bulgaria,BGR,1967,
Bulgaria,BGR,1966,
Bulgaria,BGR,1965,
Bulgaria,BGR,1964,
Bulgaria,BGR,1963,
Bulgaria,BGR,1962,
Bulgaria,BGR,1961,
Bulgaria,BGR,1960,
Burkina Faso,BFA,2025,3.477
Burkina Faso,BFA,2024,3.441
Burkina Faso,BFA,2023,3.601
Burkina Faso,BFA,2022,3.828
Burkina Faso,BFA,2021,4.511
Burkina Faso,BFA,2020,4.59
Burkina Faso,BFA,2019,4.493
Burkina Faso,BFA,2018,4.695
Burkina Faso,BFA,2017,4.662
Burkina Faso,BFA,2016,4.598
Burkina Faso,BFA,2015,4.472
Burkina Faso,BFA,2014,4.255
Burkina Faso,BFA,2013,4.054
Burkina Faso,BFA,2012,3.849
Burkina Faso,BFA,2011,3.827
Burkina Faso,BFA,2010,3.725
Burkina Faso,BFA,2009,3.723
Burkina Faso,BFA,2008,3.501
Burkina Faso,BFA,2007,3.3
Burkina Faso,BFA,2006,3.67
Burkina Faso,BFA,2005,4.0
Burkina Faso,BFA,2004,3.48
Burkina Faso,BFA,2003,2.78
Burkina Faso,BFA,2002,2.862
Burkina Faso,BFA,2001,2.748
Burkina Faso,BFA,2000,2.687
Burkina Faso,BFA,1999,2.552
Burkina Faso,BFA,1998,2.44
Burkina Faso,BFA,1997,2.412
Burkina Faso,BFA,1996,2.446
Burkina Faso,BFA,1995,2.532
Burkina Faso,BFA,1994,2.58
Burkina Faso,BFA,1993,2.426
Burkina Faso,BFA,1992,2.505
Burkina Faso,BFA,1991,2.467
Burkina Faso,BFA,1990,
Burkina Faso,BFA,1989,
Burkina Faso,BFA,1988,
Burkina Faso,BFA,1987,
Burkina Faso,BFA,1986,
Burkina Faso,BFA,1985,
Burkina Faso,BFA,1984,
Burkina Faso,BFA,1983,
Burkina Faso,BFA,1982,
Burkina Faso,BFA,1981,
Burkina Faso,BFA,1980,
Burkina Faso,BFA,1979,
Burkina Faso,BFA,1978,
Burkina Faso,BFA,1977,
Burkina Faso,BFA,1976,
Burkina Faso,BFA,1975,
Burkina Faso,BFA,1974,
Burkina Faso,BFA,1973,
Burkina Faso,BFA,1972,
Burkina Faso,BFA,1971,
Burkina Faso,BFA,1970,
Burkina Faso,BFA,1969,
Burkina Faso,BFA,1968,
Burkina Faso,BFA,1967,
Burkina Faso,BFA,1966,
Burkina Faso,BFA,1965,
Burkina Faso,BFA,1964,
Burkina Faso,BFA,1963,
Burkina Faso,BFA,1962,
Burkina Faso,BFA,1961,
Burkina Faso,BFA,1960,
Burundi,BDI,2025,0.922
Burundi,BDI,2024,0.915
Burundi,BDI,2023,0.911
Burundi,BDI,2022,0.909
Burundi,BDI,2021,1.118
Burundi,BDI,2020,1.03
Burundi,BDI,2019,1.043
Burundi,BDI,2018,1.147
Burundi,BDI,2017,1.25
Burundi,BDI,2016,1.352
Burundi,BDI,2015,1.449
Burundi,BDI,2014,1.572
Burundi,BDI,2013,1.584
Burundi,BDI,2012,1.593
Burundi,BDI,2011,1.602
Burundi,BDI,2010,1.615
Burundi,BDI,2009,1.622
Burundi,BDI,2008,1.634
Burundi,BDI,2007,2.404
Burundi,BDI,2006,3.185
Burundi,BDI,2005,3.162
Burundi,BDI,2004,3.177
Burundi,BDI,2003,3.145
Burundi,BDI,2002,3.168
Burundi,BDI,2001,3.154
Burundi,BDI,2000,3.137
Burundi,BDI,1999,3.133
Burundi,BDI,1998,3.156
Burundi,BDI,1997,3.124
Burundi,BDI,1996,3.095
Burundi,BDI,1995,3.095
Burundi,BDI,1994,3.106
Burundi,BDI,1993,3.094
Burundi,BDI,1992,3.131
Burundi,BDI,1991,3.147
Burundi,BDI,1990,
Burundi,BDI,1989,
Burundi,BDI,1988,
Burundi,BDI,1987,
Burundi,BDI,1986,
Burundi,BDI,1985,
Burundi,BDI,1984,
Burundi,BDI,1983,
Burundi,BDI,1982,
Burundi,BDI,1981,
Burundi,BDI,1980,
Burundi,BDI,1979,
Burundi,BDI,1978,
Burundi,BDI,1977,
Burundi,BDI,1976,
Burundi,BDI,1975,
Burundi,BDI,1974,
Burundi,BDI,1973,
Burundi,BDI,1972,
Burundi,BDI,1971,
Burundi,BDI,1970,
Burundi,BDI,1969,
Burundi,BDI,1968,
Burundi,BDI,1967,
Burundi,BDI,1966,
Burundi,BDI,1965,
Burundi,BDI,1964,
Burundi,BDI,1963,
Burundi,BDI,1962,
Burundi,BDI,1961,
Burundi,BDI,1960,
Cabo Verde,CPV,2025,11.939
Cabo Verde,CPV,2024,11.883
Cabo Verde,CPV,2023,11.882
Cabo Verde,CPV,2022,12.239
Cabo Verde,CPV,2021,13.932
Cabo Verde,CPV,2020,14.65
Cabo Verde,CPV,2019,12.123
Cabo Verde,CPV,2018,12.17
Cabo Verde,CPV,2017,12.24
Cabo Verde,CPV,2016,12.085
Cabo Verde,CPV,2015,11.923
Cabo Verde,CPV,2014,11.689
Cabo Verde,CPV,2013,11.398
Cabo Verde,CPV,2012,11.145
Cabo Verde,CPV,2011,10.956
Cabo Verde,CPV,2010,10.67
Cabo Verde,CPV,2009,13.517
Cabo Verde,CPV,2008,13.307
Cabo Verde,CPV,2007,13.294
Cabo Verde,CPV,2006,13.378
Cabo Verde,CPV,2005,13.439
Cabo Verde,CPV,2004,13.456
Cabo Verde,CPV,2003,13.604
Cabo Verde,CPV,2002,13.379
Cabo Verde,CPV,2001,13.242
Cabo Verde,CPV,2000,13.024
Cabo Verde,CPV,1999,13.071
Cabo Verde,CPV,1998,13.055
Cabo Verde,CPV,1997,13.01
Cabo Verde,CPV,1996,12.844
Cabo Verde,CPV,1995,12.883
Cabo Verde,CPV,1994,12.936
Cabo Verde,CPV,1993,13.276
Cabo Verde,CPV,1992,13.428
Cabo Verde,CPV,1991,13.527
Cabo Verde,CPV,1990,
Cabo Verde,CPV,1989,
Cabo Verde,CPV,1988,
Cabo Verde,CPV,1987,
Cabo Verde,CPV,1986,
Cabo Verde,CPV,1985,
Cabo Verde,CPV,1984,
Cabo Verde,CPV,1983,
Cabo Verde,CPV,1982,
Cabo Verde,CPV,1981,
Cabo Verde,CPV,1980,
Cabo Verde,CPV,1979,
Cabo Verde,CPV,1978,
Cabo Verde,CPV,1977,
Cabo Verde,CPV,1976,
Cabo Verde,CPV,1975,
Cabo Verde,CPV,1974,
Cabo Verde,CPV,1973,
Cabo Verde,CPV,1972,
Cabo Verde,CPV,1971,
Cabo Verde,CPV,1970,
Cabo Verde,CPV,1969,
Cabo Verde,CPV,1968,
Cabo Verde,CPV,1967,
Cabo Verde,CPV,1966,
Cabo Verde,CPV,1965,
Cabo Verde,CPV,1964,
Cabo Verde,CPV,1963,
Cabo Verde,CPV,1962,
Cabo Verde,CPV,1961,
Cabo Verde,CPV,1960,
Cambodia,KHM,2025,0.263
Cambodia,KHM,2024,0.254
Cambodia,KHM,2023,0.256
Cambodia,KHM,2022,0.245
Cambodia,KHM,2021,0.396
Cambodia,KHM,2020,0.172
Cambodia,KHM,2019,0.119
Cambodia,KHM,2018,0.129
Cambodia,KHM,2017,0.141
Cambodia,KHM,2016,0.716
Cambodia,KHM,2015,0.393
Cambodia,KHM,2014,0.692
Cambodia,KHM,2013,0.438
Cambodia,KHM,2012,0.505
Cambodia,KHM,2011,0.577
Cambodia,KHM,2010,0.771
Cambodia,KHM,2009,0.579
Cambodia,KHM,2008,0.825
Cambodia,KHM,2007,1.257
Cambodia,KHM,2006,1.16
Cambodia,KHM,2005,1.061
Cambodia,KHM,2004,1.004
Cambodia,KHM,2003,0.909
Cambodia,KHM,2002,0.862
Cambodia,KHM,2001,0.778
Cambodia,KHM,2000,0.745
Cambodia,KHM,1999,0.727
Cambodia,KHM,1998,0.712
Cambodia,KHM,1997,0.638
Cambodia,KHM,1996,0.963
Cambodia,KHM,1995,0.973
Cambodia,KHM,1994,0.996
Cambodia,KHM,1993,0.733
Cambodia,KHM,1992,0.748
Cambodia,KHM,1991,0.768
Cambodia,KHM,1990,
Cambodia,KHM,1989,
Cambodia,KHM,1988,
Cambodia,KHM,1987,
Cambodia,KHM,1986,
Cambodia,KHM,1985,
Cambodia,KHM,1984,
Cambodia,KHM,1983,
Cambodia,KHM,1982,
Cambodia,KHM,1981,
Cambodia,KHM,1980,
Cambodia,KHM,1979,
Cambodia,KHM,1978,
Cambodia,KHM,1977,
Cambodia,KHM,1976,
Cambodia,KHM,1975,
Cambodia,KHM,1974,
Cambodia,KHM,1973,
Cambodia,KHM,1972,
Cambodia,KHM,1971,
Cambodia,KHM,1970,
Cambodia,KHM,1969,
Cambodia,KHM,1968,
Cambodia,KHM,1967,
Cambodia,KHM,1966,
Cambodia,KHM,1965,
Cambodia,KHM,1964,
Cambodia,KHM,1963,
Cambodia,KHM,1962,
Cambodia,KHM,1961,
Cambodia,KHM,1960,
Cameroon,CMR,2025,3.602
Cameroon,CMR,2024,3.603
Cameroon,CMR,2023,3.607
Cameroon,CMR,2022,3.646
Cameroon,CMR,2021,3.976
Cameroon,CMR,2020,3.881
Cameroon,CMR,2019,3.632
Cameroon,CMR,2018,3.608
Cameroon,CMR,2017,3.573
Cameroon,CMR,2016,3.529
Cameroon,CMR,2015,3.518
Cameroon,CMR,2014,3.534
Cameroon,CMR,2013,3.686
Cameroon,CMR,2012,3.836
Cameroon,CMR,2011,3.988
Cameroon,CMR,2010,4.11
Cameroon,CMR,2009,3.743
Cameroon,CMR,2008,3.386
Cameroon,CMR,2007,3.063
Cameroon,CMR,2006,3.729
Cameroon,CMR,2005,4.4
Cameroon,CMR,2004,5.087
Cameroon,CMR,2003,5.908
Cameroon,CMR,2002,6.711
Cameroon,CMR,2001,7.46
Cameroon,CMR,2000,7.533
Cameroon,CMR,1999,7.595
Cameroon,CMR,1998,7.695
Cameroon,CMR,1997,7.859
Cameroon,CMR,1996,8.06
Cameroon,CMR,1995,8.598
Cameroon,CMR,1994,8.878
Cameroon,CMR,1993,9.154
Cameroon,CMR,1992,9.055
Cameroon,CMR,1991,8.986
Cameroon,CMR,1990,
Cameroon,CMR,1989,
Cameroon,CMR,1988,
Cameroon,CMR,1987,
Cameroon,CMR,1986,
Cameroon,CMR,1985,
Cameroon,CMR,1984,
Cameroon,CMR,1983,
Cameroon,CMR,1982,
Cameroon,CMR,1981,
Cameroon,CMR,1980,
Cameroon,CMR,1979,
Cameroon,CMR,1978,
Cameroon,CMR,1977,
Cameroon,CMR,1976,
Cameroon,CMR,1975,
Cameroon,CMR,1974,
Cameroon,CMR,1973,
Cameroon,CMR,1972,
Cameroon,CMR,1971,
Cameroon,CMR,1970,
Cameroon,CMR,1969,
Cameroon,CMR,1968,
Cameroon,CMR,1967,
Cameroon,CMR,1966,
Cameroon,CMR,1965,
Cameroon,CMR,1964,
Cameroon,CMR,1963,
Cameroon,CMR,1962,
Cameroon,CMR,1961,
Cameroon,CMR,1960,
Canada,CAN,2025,6.907
Canada,CAN,2024,6.351
Canada,CAN,2023,5.415
Canada,CAN,2022,5.279
Canada,CAN,2021,7.527
Canada,CAN,2020,9.657
Canada,CAN,2019,5.69
Canada,CAN,2018,5.837
Canada,CAN,2017,6.426
Canada,CAN,2016,7.038
Canada,CAN,2015,6.945
Canada,CAN,2014,7.023
Canada,CAN,2013,7.143
Canada,CAN,2012,7.392
Canada,CAN,2011,7.637
Canada,CAN,2010,8.178
Canada,CAN,2009,8.46
Canada,CAN,2008,6.284
Canada,CAN,2007,6.156
Canada,CAN,2006,6.484
Canada,CAN,2005,6.758
Canada,CAN,2004,7.185
Canada,CAN,2003,7.574
Canada,CAN,2002,7.665
Canada,CAN,2001,7.219
Canada,CAN,2000,6.829
Canada,CAN,1999,7.583
Canada,CAN,1998,8.278
Canada,CAN,1997,9.1
Canada,CAN,1996,9.62
Canada,CAN,1995,9.489
Canada,CAN,1994,10.395
Canada,CAN,1993,11.377
Canada,CAN,1992,11.197
Canada,CAN,1991,10.316
Canada,CAN,1990,
Canada,CAN,1989,
Canada,CAN,1988,
Canada,CAN,1987,
Canada,CAN,1986,
Canada,CAN,1985,
Canada,CAN,1984,
Canada,CAN,1983,
Canada,CAN,1982,
Canada,CAN,1981,
Canada,CAN,1980,
Canada,CAN,1979,
Canada,CAN,1978,
Canada,CAN,1977,
Canada,CAN,1976,
Canada,CAN,1975,
Canada,CAN,1974,
Canada,CAN,1973,
Canada,CAN,1972,
Canada,CAN,1971,
Canada,CAN,1970,
Canada,CAN,1969,
Canada,CAN,1968,
Canada,CAN,1967,
Canada,CAN,1966,
Canada,CAN,1965,
Canada,CAN,1964,
Canada,CAN,1963,
Canada,CAN,1962,
Canada,CAN,1961,
Canada,CAN,1960,
Cayman Islands,CYM,2025,
Cayman Islands,CYM,2024,
Cayman Islands,CYM,2023,
Cayman Islands,CYM,2022,
Cayman Islands,CYM,2021,
Cayman Islands,CYM,2020,
Cayman Islands,CYM,2019,
Cayman Islands,CYM,2018,
Cayman Islands,CYM,2017,
Cayman Islands,CYM,2016,
Cayman Islands,CYM,2015,
Cayman Islands,CYM,2014,
Cayman Islands,CYM,2013,
Cayman Islands,CYM,2012,
Cayman Islands,CYM,2011,
Cayman Islands,CYM,2010,
Cayman Islands,CYM,2009,
Cayman Islands,CYM,2008,
Cayman Islands,CYM,2007,
Cayman Islands,CYM,2006,
Cayman Islands,CYM,2005,
Cayman Islands,CYM,2004,
Cayman Islands,CYM,2003,
Cayman Islands,CYM,2002,
Cayman Islands,CYM,2001,
Cayman Islands,CYM,2000,
Cayman Islands,CYM,1999,
Cayman Islands,CYM,1998,
Cayman Islands,CYM,1997,
Cayman Islands,CYM,1996,
Cayman Islands,CYM,1995,
Cayman Islands,CYM,1994,
Cayman Islands,CYM,1993,
Cayman Islands,CYM,1992,
Cayman Islands,CYM,1991,
Cayman Islands,CYM,1990,
Cayman Islands,CYM,1989,
Cayman Islands,CYM,1988,
Cayman Islands,CYM,1987,
Cayman Islands,CYM,1986,
Cayman Islands,CYM,1985,
Cayman Islands,CYM,1984,
Cayman Islands,CYM,1983,
Cayman Islands,CYM,1982,
Cayman Islands,CYM,1981,
Cayman Islands,CYM,1980,
Cayman Islands,CYM,1979,
Cayman Islands,CYM,1978,
Cayman Islands,CYM,1977,
Cayman Islands,CYM,1976,
Cayman Islands,CYM,1975,
Cayman Islands,CYM,1974,
Cayman Islands,CYM,1973,
Cayman Islands,CYM,1972,
Cayman Islands,CYM,1971,
Cayman Islands,CYM,1970,
Cayman Islands,CYM,1969,
Cayman Islands,CYM,1968,
Cayman Islands,CYM,1967,
Cayman Islands,CYM,1966,
Cayman Islands,CYM,1965,
Cayman Islands,CYM,1964,
Cayman Islands,CYM,1963,
Cayman Islands,CYM,1962,
Cayman Islands,CYM,1961,
Cayman Islands,CYM,1960,
Central African Republic,CAF,2025,6.251
Central African Republic,CAF,2024,6.253
Central African Republic,CAF,2023,6.181
Central African Republic,CAF,2022,6.287
Central African Republic,CAF,2021,6.701
Central African Republic,CAF,2020,6.519
Central African Republic,CAF,2019,5.916
Central African Republic,CAF,2018,5.825
Central African Republic,CAF,2017,5.836
Central African Republic,CAF,2016,5.793
Central African Republic,CAF,2015,5.775
Central African Republic,CAF,2014,5.633
Central African Republic,CAF,2013,5.566
Central African Republic,CAF,2012,5.58
Central African Republic,CAF,2011,5.638
Central African Republic,CAF,2010,5.658
Central African Republic,CAF,2009,5.575
Central African Republic,CAF,2008,5.51
Central African Republic,CAF,2007,5.562
Central African Republic,CAF,2006,5.61
Central African Republic,CAF,2005,5.691
Central African Republic,CAF,2004,5.729
Central African Republic,CAF,2003,5.809
Central African Republic,CAF,2002,5.809
Central African Republic,CAF,2001,5.77
Central African Republic,CAF,2000,5.722
Central African Republic,CAF,1999,5.767
Central African Republic,CAF,1998,5.773
Central African Republic,CAF,1997,5.797
Central African Republic,CAF,1996,5.84
Central African Republic,CAF,1995,5.871
Central African Republic,CAF,1994,5.924
Central African Republic,CAF,1993,5.897
Central African Republic,CAF,1992,5.825
Central African Republic,CAF,1991,5.697
Central African Republic,CAF,1990,
Central African Republic,CAF,1989,
Central African Republic,CAF,1988,
Central African Republic,CAF,1987,
Central African Republic,CAF,1986,
Central African Republic,CAF,1985,
Central African Republic,CAF,1984,
Central African Republic,CAF,1983,
Central African Republic,CAF,1982,
Central African Republic,CAF,1981,
Central African Republic,CAF,1980,
Central African Republic,CAF,1979,
Central African Republic,CAF,1978,
Central African Republic,CAF,1977,
Central African Republic,CAF,1976,
Central African Republic,CAF,1975,
Central African Republic,CAF,1974,
Central African Republic,CAF,1973,
Central African Republic,CAF,1972,
Central African Republic,CAF,1971,
Central African Republic,CAF,1970,
Central African Republic,CAF,1969,
Central African Republic,CAF,1968,
Central African Republic,CAF,1967,
Central African Republic,CAF,1966,
Central African Republic,CAF,1965,
Central African Republic,CAF,1964,
Central African Republic,CAF,1963,
Central African Republic,CAF,1962,
Central African Republic,CAF,1961,
Central African Republic,CAF,1960,
Chad,TCD,2025,1.057
Chad,TCD,2024,1.053
Chad,TCD,2023,1.059
Chad,TCD,2022,1.081
Chad,TCD,2021,1.53
Chad,TCD,2020,1.695
Chad,TCD,2019,1.077
Chad,TCD,2018,1.135
Chad,TCD,2017,1.132
Chad,TCD,2016,1.091
Chad,TCD,2015,1.032
Chad,TCD,2014,0.984
Chad,TCD,2013,0.955
Chad,TCD,2012,0.886
Chad,TCD,2011,0.92
Chad,TCD,2010,0.911
Chad,TCD,2009,0.943
Chad,TCD,2008,0.922
Chad,TCD,2007,0.839
Chad,TCD,2006,0.716
Chad,TCD,2005,0.663
Chad,TCD,2004,0.672
Chad,TCD,2003,0.725
Chad,TCD,2002,0.769
Chad,TCD,2001,0.792
Chad,TCD,2000,0.796
Chad,TCD,1999,0.753
Chad,TCD,1998,0.725
Chad,TCD,1997,0.732
Chad,TCD,1996,0.7
Chad,TCD,1995,0.755
Chad,TCD,1994,0.709
Chad,TCD,1993,0.7
Chad,TCD,1992,0.658
Chad,TCD,1991,0.668
Chad,TCD,1990,
Chad,TCD,1989,
Chad,TCD,1988,
Chad,TCD,1987,
Chad,TCD,1986,
Chad,TCD,1985,
Chad,TCD,1984,
Chad,TCD,1983,
Chad,TCD,1982,
Chad,TCD,1981,
Chad,TCD,1980,
Chad,TCD,1979,
Chad,TCD,1978,
Chad,TCD,1977,
Chad,TCD,1976,
Chad,TCD,1975,
Chad,TCD,1974,
Chad,TCD,1973,
Chad,TCD,1972,
Chad,TCD,1971,
Chad,TCD,1970,
Chad,TCD,1969,
Chad,TCD,1968,
Chad,TCD,1967,
Chad,TCD,1966,
Chad,TCD,1965,
Chad,TCD,1964,
Chad,TCD,1963,
Chad,TCD,1962,
Chad,TCD,1961,
Chad,TCD,1960,
Channel Islands,CHI,2025,6.169
Channel Islands,CHI,2024,6.031
Channel Islands,CHI,2023,5.928
Channel Islands,CHI,2022,5.923
Channel Islands,CHI,2021,6.643
Channel Islands,CHI,2020,6.633
Channel Islands,CHI,2019,6.185
Channel Islands,CHI,2018,6.344
Channel Islands,CHI,2017,6.881
Channel Islands,CHI,2016,7.469
Channel Islands,CHI,2015,7.928
Channel Islands,CHI,2014,8.319
Channel Islands,CHI,2013,8.572
Channel Islands,CHI,2012,8.028
Channel Islands,CHI,2011,7.244
Channel Islands,CHI,2010,7.024
Channel Islands,CHI,2009,6.674
Channel Islands,CHI,2008,5.295
Channel Islands,CHI,2007,5.23
Channel Islands,CHI,2006,5.571
Channel Islands,CHI,2005,5.833
Channel Islands,CHI,2004,5.848
Channel Islands,CHI,2003,5.644
Channel Islands,CHI,2002,5.313
Channel Islands,CHI,2001,5.041
Channel Islands,CHI,2000,5.351
Channel Islands,CHI,1999,5.91
Channel Islands,CHI,1998,6.278
Channel Islands,CHI,1997,6.685
Channel Islands,CHI,1996,6.897
Channel Islands,CHI,1995,6.974
Channel Islands,CHI,1994,7.235
Channel Islands,CHI,1993,7.082
Channel Islands,CHI,1992,6.121
Channel Islands,CHI,1991,5.679
Channel Islands,CHI,1990,
Channel Islands,CHI,1989,
Channel Islands,CHI,1988,
Channel Islands,CHI,1987,
Channel Islands,CHI,1986,
Channel Islands,CHI,1985,
Channel Islands,CHI,1984,
Channel Islands,CHI,1983,
Channel Islands,CHI,1982,
Channel Islands,CHI,1981,
Channel Islands,CHI,1980,
Channel Islands,CHI,1979,
Channel Islands,CHI,1978,
Channel Islands,CHI,1977,
Channel Islands,CHI,1976,
Channel Islands,CHI,1975,
Channel Islands,CHI,1974,
Channel Islands,CHI,1973,
Channel Islands,CHI,1972,
Channel Islands,CHI,1971,
Channel Islands,CHI,1970,
Channel Islands,CHI,1969,
Channel Islands,CHI,1968,
Channel Islands,CHI,1967,
Channel Islands,CHI,1966,
Channel Islands,CHI,1965,
Channel Islands,CHI,1964,
Channel Islands,CHI,1963,
Channel Islands,CHI,1962,
Channel Islands,CHI,1961,
Channel Islands,CHI,1960,
Chile,CHL,2025,8.974
Chile,CHL,2024,8.718
Chile,CHL,2023,9.013
Chile,CHL,2022,8.249
Chile,CHL,2021,9.281
Chile,CHL,2020,10.934
Chile,CHL,2019,7.493
Chile,CHL,2018,7.623
Chile,CHL,2017,7.257
Chile,CHL,2016,6.926
Chile,CHL,2015,6.605
Chile,CHL,2014,6.761
Chile,CHL,2013,6.361
Chile,CHL,2012,6.79
Chile,CHL,2011,7.492
Chile,CHL,2010,8.547
Chile,CHL,2009,11.313
Chile,CHL,2008,9.285
Chile,CHL,2007,8.427
Chile,CHL,2006,9.024
Chile,CHL,2005,9.34
Chile,CHL,2004,10.162
Chile,CHL,2003,9.765
Chile,CHL,2002,10.168
Chile,CHL,2001,10.39
Chile,CHL,2000,10.491
Chile,CHL,1999,11.158
Chile,CHL,1998,7.307
Chile,CHL,1997,7.136
Chile,CHL,1996,7.414
Chile,CHL,1995,4.7
Chile,CHL,1994,5.87
Chile,CHL,1993,4.49
Chile,CHL,1992,4.35
Chile,CHL,1991,5.23
Chile,CHL,1990,
Chile,CHL,1989,
Chile,CHL,1988,
Chile,CHL,1987,
Chile,CHL,1986,
Chile,CHL,1985,
Chile,CHL,1984,
Chile,CHL,1983,
Chile,CHL,1982,
Chile,CHL,1981,
Chile,CHL,1980,
Chile,CHL,1979,
Chile,CHL,1978,
Chile,CHL,1977,
Chile,CHL,1976,
Chile,CHL,1975,
Chile,CHL,1974,
Chile,CHL,1973,
Chile,CHL,1972,
Chile,CHL,1971,
Chile,CHL,1970,
Chile,CHL,1969,
Chile,CHL,1968,
Chile,CHL,1967,
Chile,CHL,1966,
Chile,CHL,1965,
Chile,CHL,1964,
Chile,CHL,1963,
Chile,CHL,1962,
Chile,CHL,1961,
Chile,CHL,1960,
China,CHN,2025,4.615
China,CHN,2024,4.59
China,CHN,2023,4.67
China,CHN,2022,4.98
China,CHN,2021,4.55
China,CHN,2020,5.0
China,CHN,2019,4.56
China,CHN,2018,4.31
China,CHN,2017,4.47
China,CHN,2016,4.56
China,CHN,2015,4.65
China,CHN,2014,4.63
China,CHN,2013,4.6
China,CHN,2012,4.58
China,CHN,2011,4.55
China,CHN,2010,4.53
China,CHN,2009,4.72
China,CHN,2008,4.59
China,CHN,2007,4.35
China,CHN,2006,4.43
China,CHN,2005,4.52
China,CHN,2004,4.49
China,CHN,2003,4.58
China,CHN,2002,4.24
China,CHN,2001,3.8
China,CHN,2000,3.26
China,CHN,1999,3.25
China,CHN,1998,3.24
China,CHN,1997,3.23
China,CHN,1996,3.12
China,CHN,1995,3.0
China,CHN,1994,2.9
China,CHN,1993,2.69
China,CHN,1992,2.37
China,CHN,1991,2.37
China,CHN,1990,
China,CHN,1989,
China,CHN,1988,
China,CHN,1987,
China,CHN,1986,
China,CHN,1985,
China,CHN,1984,
China,CHN,1983,
China,CHN,1982,
China,CHN,1981,
China,CHN,1980,
China,CHN,1979,
China,CHN,1978,
China,CHN,1977,
China,CHN,1976,
China,CHN,1975,
China,CHN,1974,
China,CHN,1973,
China,CHN,1972,
China,CHN,1971,
China,CHN,1970,
China,CHN,1969,
China,CHN,1968,
China,CHN,1967,
China,CHN,1966,
China,CHN,1965,
China,CHN,1964,
China,CHN,1963,
China,CHN,1962,
China,CHN,1961,
China,CHN,1960,
Colombia,COL,2025,8.29
Colombia,COL,2024,9.619
Colombia,COL,2023,9.591
Colombia,COL,2022,10.541
Colombia,COL,2021,13.898
Colombia,COL,2020,15.983
Colombia,COL,2019,10.28
Colombia,COL,2018,9.36
Colombia,COL,2017,9.086
Colombia,COL,2016,8.922
Colombia,COL,2015,8.572
Colombia,COL,2014,8.799
Colombia,COL,2013,9.246
Colombia,COL,2012,9.959
Colombia,COL,2011,10.288
Colombia,COL,2010,11.153
Colombia,COL,2009,12.066
Colombia,COL,2008,11.273
Colombia,COL,2007,11.204
Colombia,COL,2006,11.088
Colombia,COL,2005,11.062
Colombia,COL,2004,13.717
Colombia,COL,2003,13.221
Colombia,COL,2002,14.481
Colombia,COL,2001,15.04
Colombia,COL,2000,20.52
Colombia,COL,1999,20.06
Colombia,COL,1998,15.0
Colombia,COL,1997,12.14
Colombia,COL,1996,11.81
Colombia,COL,1995,8.72
Colombia,COL,1994,8.25
Colombia,COL,1993,7.8
Colombia,COL,1992,9.44
Colombia,COL,1991,10.12
Colombia,COL,1990,
Colombia,COL,1989,
Colombia,COL,1988,
Colombia,COL,1987,
Colombia,COL,1986,
Colombia,COL,1985,
Colombia,COL,1984,
Colombia,COL,1983,
Colombia,COL,1982,
Colombia,COL,1981,
Colombia,COL,1980,
Colombia,COL,1979,
Colombia,COL,1978,
Colombia,COL,1977,
Colombia,COL,1976,
Colombia,COL,1975,
Colombia,COL,1974,
Colombia,COL,1973,
Colombia,COL,1972,
Colombia,COL,1971,
Colombia,COL,1970,
Colombia,COL,1969,
Colombia,COL,1968,
Colombia,COL,1967,
Colombia,COL,1966,
Colombia,COL,1965,
Colombia,COL,1964,
Colombia,COL,1963,
Colombia,COL,1962,
Colombia,COL,1961,
Colombia,COL,1960,
Comoros,COM,2025,3.819
Comoros,COM,2024,3.815
Comoros,COM,2023,3.833
Comoros,COM,2022,3.879
Comoros,COM,2021,4.394
Comoros,COM,2020,4.468
Comoros,COM,2019,3.926
Comoros,COM,2018,3.975
Comoros,COM,2017,4.049
Comoros,COM,2016,4.117
Comoros,COM,2015,4.031
Comoros,COM,2014,3.984
Comoros,COM,2013,3.98
Comoros,COM,2012,4.091
Comoros,COM,2011,4.12
Comoros,COM,2010,4.19
Comoros,COM,2009,4.303
Comoros,COM,2008,4.416
Comoros,COM,2007,4.474
Comoros,COM,2006,4.482
Comoros,COM,2005,4.527
Comoros,COM,2004,4.571
Comoros,COM,2003,4.559
Comoros,COM,2002,4.372
Comoros,COM,2001,4.379
Comoros,COM,2000,4.4
Comoros,COM,1999,4.544
Comoros,COM,1998,4.614
Comoros,COM,1997,4.561
Comoros,COM,1996,4.774
Comoros,COM,1995,4.675
Comoros,COM,1994,4.566
Comoros,COM,1993,4.571
Comoros,COM,1992,4.528
Comoros,COM,1991,4.795
Comoros,COM,1990,
Comoros,COM,1989,
Comoros,COM,1988,
Comoros,COM,1987,
Comoros,COM,1986,
Comoros,COM,1985,
Comoros,COM,1984,
Comoros,COM,1983,
Comoros,COM,1982,
Comoros,COM,1981,
Comoros,COM,1980,
Comoros,COM,1979,
Comoros,COM,1978,
Comoros,COM,1977,
Comoros,COM,1976,
Comoros,COM,1975,
Comoros,COM,1974,
Comoros,COM,1973,
Comoros,COM,1972,
Comoros,COM,1971,
Comoros,COM,1970,
Comoros,COM,1969,
Comoros,COM,1968,
Comoros,COM,1967,
Comoros,COM,1966,
Comoros,COM,1965,
Comoros,COM,1964,
Comoros,COM,1963,
Comoros,COM,1962,
Comoros,COM,1961,
Comoros,COM,1960,
"Congo, Dem. Rep.",COD,2025,4.434
"Congo, Dem. Rep.",COD,2024,4.421
"Congo, Dem. Rep.",COD,2023,4.469
"Congo, Dem. Rep.",COD,2022,4.54
"Congo, Dem. Rep.",COD,2021,5.289
"Congo, Dem. Rep.",COD,2020,5.355
"Congo, Dem. Rep.",COD,2019,4.605
"Congo, Dem. Rep.",COD,2018,4.632
"Congo, Dem. Rep.",COD,2017,4.613
"Congo, Dem. Rep.",COD,2016,4.528
"Congo, Dem. Rep.",COD,2015,4.441
"Congo, Dem. Rep.",COD,2014,4.436
"Congo, Dem. Rep.",COD,2013,4.469
"Congo, Dem. Rep.",COD,2012,4.485
"Congo, Dem. Rep.",COD,2011,4.317
"Congo, Dem. Rep.",COD,2010,4.098
"Congo, Dem. Rep.",COD,2009,3.882
"Congo, Dem. Rep.",COD,2008,3.627
"Congo, Dem. Rep.",COD,2007,3.404
"Congo, Dem. Rep.",COD,2006,3.174
"Congo, Dem. Rep.",COD,2005,2.948
"Congo, Dem. Rep.",COD,2004,2.976
"Congo, Dem. Rep.",COD,2003,3.057
"Congo, Dem. Rep.",COD,2002,3.179
"Congo, Dem. Rep.",COD,2001,3.251
"Congo, Dem. Rep.",COD,2000,3.245
"Congo, Dem. Rep.",COD,1999,3.23
"Congo, Dem. Rep.",COD,1998,3.195
"Congo, Dem. Rep.",COD,1997,3.171
"Congo, Dem. Rep.",COD,1996,3.156
"Congo, Dem. Rep.",COD,1995,3.285
"Congo, Dem. Rep.",COD,1994,3.403
"Congo, Dem. Rep.",COD,1993,3.45
"Congo, Dem. Rep.",COD,1992,3.372
"Congo, Dem. Rep.",COD,1991,3.272
"Congo, Dem. Rep.",COD,1990,
"Congo, Dem. Rep.",COD,1989,
"Congo, Dem. Rep.",COD,1988,
"Congo, Dem. Rep.",COD,1987,
"Congo, Dem. Rep.",COD,1986,
"Congo, Dem. Rep.",COD,1985,
"Congo, Dem. Rep.",COD,1984,
"Congo, Dem. Rep.",COD,1983,
"Congo, Dem. Rep.",COD,1982,
"Congo, Dem. Rep.",COD,1981,
"Congo, Dem. Rep.",COD,1980,
"Congo, Dem. Rep.",COD,1979,
"Congo, Dem. Rep.",COD,1978,
"Congo, Dem. Rep.",COD,1977,
"Congo, Dem. Rep.",COD,1976,
"Congo, Dem. Rep.",COD,1975,
"Congo, Dem. Rep.",COD,1974,
"Congo, Dem. Rep.",COD,1973,
"Congo, Dem. Rep.",COD,1972,
"Congo, Dem. Rep.",COD,1971,
"Congo, Dem. Rep.",COD,1970,
"Congo, Dem. Rep.",COD,1969,
"Congo, Dem. Rep.",COD,1968,
"Congo, Dem. Rep.",COD,1967,
"Congo, Dem. Rep.",COD,1966,
"Congo, Dem. Rep.",COD,1965,
"Congo, Dem. Rep.",COD,1964,
"Congo, Dem. Rep.",COD,1963,
"Congo, Dem. Rep.",COD,1962,
"Congo, Dem. Rep.",COD,1961,
"Congo, Dem. Rep.",COD,1960,
"Congo, Rep.",COG,2025,19.876
"Congo, Rep.",COG,2024,19.895
"Congo, Rep.",COG,2023,19.919
"Congo, Rep.",COG,2022,20.131
"Congo, Rep.",COG,2021,21.998
"Congo, Rep.",COG,2020,22.286
"Congo, Rep.",COG,2019,20.494
"Congo, Rep.",COG,2018,20.84
"Congo, Rep.",COG,2017,20.737
"Congo, Rep.",COG,2016,20.298
"Congo, Rep.",COG,2015,20.02
"Congo, Rep.",COG,2014,19.696
"Congo, Rep.",COG,2013,19.845
"Congo, Rep.",COG,2012,19.491
"Congo, Rep.",COG,2011,19.435
"Congo, Rep.",COG,2010,19.3
"Congo, Rep.",COG,2009,19.844
"Congo, Rep.",COG,2008,19.962
"Congo, Rep.",COG,2007,19.909
"Congo, Rep.",COG,2006,19.563
"Congo, Rep.",COG,2005,19.796
"Congo, Rep.",COG,2004,19.896
"Congo, Rep.",COG,2003,19.877
"Congo, Rep.",COG,2002,19.644
"Congo, Rep.",COG,2001,19.88
"Congo, Rep.",COG,2000,19.872
"Congo, Rep.",COG,1999,20.141
"Congo, Rep.",COG,1998,19.898
"Congo, Rep.",COG,1997,19.886
"Congo, Rep.",COG,1996,20.049
"Congo, Rep.",COG,1995,20.226
"Congo, Rep.",COG,1994,20.269
"Congo, Rep.",COG,1993,19.99
"Congo, Rep.",COG,1992,19.916
"Congo, Rep.",COG,1991,19.911
"Congo, Rep.",COG,1990,
"Congo, Rep.",COG,1989,
"Congo, Rep.",COG,1988,
"Congo, Rep.",COG,1987,
"Congo, Rep.",COG,1986,
"Congo, Rep.",COG,1985,
"Congo, Rep.",COG,1984,
"Congo, Rep.",COG,1983,
"Congo, Rep.",COG,1982,
"Congo, Rep.",COG,1981,
"Congo, Rep.",COG,1980,
"Congo, Rep.",COG,1979,
"Congo, Rep.",COG,1978,
"Congo, Rep.",COG,1977,
"Congo, Rep.",COG,1976,
"Congo, Rep.",COG,1975,
"Congo, Rep.",COG,1974,
"Congo, Rep.",COG,1973,
"Congo, Rep.",COG,1972,
"Congo, Rep.",COG,1971,
"Congo, Rep.",COG,1970,
"Congo, Rep.",COG,1969,
"Congo, Rep.",COG,1968,
"Congo, Rep.",COG,1967,
"Congo, Rep.",COG,1966,
"Congo, Rep.",COG,1965,
"Congo, Rep.",COG,1964,
"Congo, Rep.",COG,1963,
"Congo, Rep.",COG,1962,
"Congo, Rep.",COG,1961,
"Congo, Rep.",COG,1960,
Costa Rica,CRI,2025,6.843
Costa Rica,CRI,2024,6.936
Costa Rica,CRI,2023,8.325
Costa Rica,CRI,2022,11.325
Costa Rica,CRI,2021,15.139
Costa Rica,CRI,2020,16.432
Costa Rica,CRI,2019,10.807
Costa Rica,CRI,2018,9.01
Costa Rica,CRI,2017,7.729
Costa Rica,CRI,2016,8.085
Costa Rica,CRI,2015,8.415
Costa Rica,CRI,2014,8.499
Costa Rica,CRI,2013,8.218
Costa Rica,CRI,2012,9.11
Costa Rica,CRI,2011,9.518
Costa Rica,CRI,2010,7.171
Costa Rica,CRI,2009,7.824
Costa Rica,CRI,2008,4.934
Costa Rica,CRI,2007,4.557
Costa Rica,CRI,2006,5.926
Costa Rica,CRI,2005,6.749
Costa Rica,CRI,2004,6.445
Costa Rica,CRI,2003,6.654
Costa Rica,CRI,2002,6.396
Costa Rica,CRI,2001,6.051
Costa Rica,CRI,2000,5.08
Costa Rica,CRI,1999,5.9
Costa Rica,CRI,1998,5.33
Costa Rica,CRI,1997,5.68
Costa Rica,CRI,1996,6.16
Costa Rica,CRI,1995,5.18
Costa Rica,CRI,1994,4.05
Costa Rica,CRI,1993,3.95
Costa Rica,CRI,1992,3.93
Costa Rica,CRI,1991,5.37
Costa Rica,CRI,1990,
Costa Rica,CRI,1989,
Costa Rica,CRI,1988,
Costa Rica,CRI,1987,
Costa Rica,CRI,1986,
Costa Rica,CRI,1985,
Costa Rica,CRI,1984,
Costa Rica,CRI,1983,
Costa Rica,CRI,1982,
Costa Rica,CRI,1981,
Costa Rica,CRI,1980,
Costa Rica,CRI,1979,
Costa Rica,CRI,1978,
Costa Rica,CRI,1977,
Costa Rica,CRI,1976,
Costa Rica,CRI,1975,
Costa Rica,CRI,1974,
Costa Rica,CRI,1973,
Costa Rica,CRI,1972,
Costa Rica,CRI,1971,
Costa Rica,CRI,1970,
Costa Rica,CRI,1969,
Costa Rica,CRI,1968,
Costa Rica,CRI,1967,
Costa Rica,CRI,1966,
Costa Rica,CRI,1965,
Costa Rica,CRI,1964,
Costa Rica,CRI,1963,
Costa Rica,CRI,1962,
Costa Rica,CRI,1961,
Costa Rica,CRI,1960,
Cote d'Ivoire,CIV,2025,2.323
Cote d'Ivoire,CIV,2024,2.273
Cote d'Ivoire,CIV,2023,2.263
Cote d'Ivoire,CIV,2022,2.31
Cote d'Ivoire,CIV,2021,2.623
Cote d'Ivoire,CIV,2020,2.588
Cote d'Ivoire,CIV,2019,2.401
Cote d'Ivoire,CIV,2018,2.852
Cote d'Ivoire,CIV,2017,3.272
Cote d'Ivoire,CIV,2016,1.896
Cote d'Ivoire,CIV,2015,2.573
Cote d'Ivoire,CIV,2014,3.274
Cote d'Ivoire,CIV,2013,4.255
Cote d'Ivoire,CIV,2012,7.223
Cote d'Ivoire,CIV,2011,7.144
Cote d'Ivoire,CIV,2010,6.607
Cote d'Ivoire,CIV,2009,6.573
Cote d'Ivoire,CIV,2008,6.382
Cote d'Ivoire,CIV,2007,6.284
Cote d'Ivoire,CIV,2006,6.017
Cote d'Ivoire,CIV,2005,6.023
Cote d'Ivoire,CIV,2004,5.915
Cote d'Ivoire,CIV,2003,5.847
Cote d'Ivoire,CIV,2002,5.508
Cote d'Ivoire,CIV,2001,5.195
Cote d'Ivoire,CIV,2000,4.835
Cote d'Ivoire,CIV,1999,4.421
Cote d'Ivoire,CIV,1998,4.1
Cote d'Ivoire,CIV,1997,3.964
Cote d'Ivoire,CIV,1996,4.039
Cote d'Ivoire,CIV,1995,4.1
Cote d'Ivoire,CIV,1994,5.046
Cote d'Ivoire,CIV,1993,5.869
Cote d'Ivoire,CIV,1992,6.7
Cote d'Ivoire,CIV,1991,6.595
Cote d'Ivoire,CIV,1990,
Cote d'Ivoire,CIV,1989,
Cote d'Ivoire,CIV,1988,
Cote d'Ivoire,CIV,1987,
Cote d'Ivoire,CIV,1986,
Cote d'Ivoire,CIV,1985,
Cote d'Ivoire,CIV,1984,
Cote d'Ivoire,CIV,1983,
Cote d'Ivoire,CIV,1982,
Cote d'Ivoire,CIV,1981,
Cote d'Ivoire,CIV,1980,
Cote d'Ivoire,CIV,1979,
Cote d'Ivoire,CIV,1978,
Cote d'Ivoire,CIV,1977,
Cote d'Ivoire,CIV,1976,
Cote d'Ivoire,CIV,1975,
Cote d'Ivoire,CIV,1974,
Cote d'Ivoire,CIV,1973,
Cote d'Ivoire,CIV,1972,
Cote d'Ivoire,CIV,1971,
Cote d'Ivoire,CIV,1970,
Cote d'Ivoire,CIV,1969,
Cote d'Ivoire,CIV,1968,
Cote d'Ivoire,CIV,1967,
Cote d'Ivoire,CIV,1966,
Cote d'Ivoire,CIV,1965,
Cote d'Ivoire,CIV,1964,
Cote d'Ivoire,CIV,1963,
Cote d'Ivoire,CIV,1962,
Cote d'Ivoire,CIV,1961,
Cote d'Ivoire,CIV,1960,
Croatia,HRV,2025,5.002
Croatia,HRV,2024,5.0
Croatia,HRV,2023,6.121
Croatia,HRV,2022,6.811
Croatia,HRV,2021,7.483
Croatia,HRV,2020,7.389
Croatia,HRV,2019,6.551
Croatia,HRV,2018,8.322
Croatia,HRV,2017,11.078
Croatia,HRV,2016,13.015
Croatia,HRV,2015,16.15
Croatia,HRV,2014,17.209
Croatia,HRV,2013,17.231
Croatia,HRV,2012,16.046
Croatia,HRV,2011,13.678
Croatia,HRV,2010,11.62
Croatia,HRV,2009,9.202
Croatia,HRV,2008,8.53
Croatia,HRV,2007,9.909
Croatia,HRV,2006,11.13
Croatia,HRV,2005,12.598
Croatia,HRV,2004,13.664
Croatia,HRV,2003,13.924
Croatia,HRV,2002,15.053
Croatia,HRV,2001,15.822
Croatia,HRV,2000,16.064
Croatia,HRV,1999,13.559
Croatia,HRV,1998,11.392
Croatia,HRV,1997,9.71
Croatia,HRV,1996,9.68
Croatia,HRV,1995,10.007
Croatia,HRV,1994,10.364
Croatia,HRV,1993,10.779
Croatia,HRV,1992,10.974
Croatia,HRV,1991,11.14
Croatia,HRV,1990,
Croatia,HRV,1989,
Croatia,HRV,1988,
Croatia,HRV,1987,
Croatia,HRV,1986,
Croatia,HRV,1985,
Croatia,HRV,1984,
Croatia,HRV,1983,
Croatia,HRV,1982,
Croatia,HRV,1981,
Croatia,HRV,1980,
Croatia,HRV,1979,
Croatia,HRV,1978,
Croatia,HRV,1977,
Croatia,HRV,1976,
Croatia,HRV,1975,
Croatia,HRV,1974,
Croatia,HRV,1973,
Croatia,HRV,1972,
Croatia,HRV,1971,
Croatia,HRV,1970,
Croatia,HRV,1969,
Croatia,HRV,1968,
Croatia,HRV,1967,
Croatia,HRV,1966,
Croatia,HRV,1965,
Croatia,HRV,1964,
Croatia,HRV,1963,
Croatia,HRV,1962,
Croatia,HRV,1961,
Croatia,HRV,1960,
Cuba,CUB,2025,1.746
Cuba,CUB,2024,1.755
Cuba,CUB,2023,1.73
Cuba,CUB,2022,1.829
Cuba,CUB,2021,2.11
Cuba,CUB,2020,2.233
Cuba,CUB,2019,1.705
Cuba,CUB,2018,1.7
Cuba,CUB,2017,1.7
Cuba,CUB,2016,2.0
Cuba,CUB,2015,2.4
Cuba,CUB,2014,2.7
Cuba,CUB,2013,3.29
Cuba,CUB,2012,3.46
Cuba,CUB,2011,3.18
Cuba,CUB,2010,2.5
Cuba,CUB,2009,1.67
Cuba,CUB,2008,1.583
Cuba,CUB,2007,1.788
Cuba,CUB,2006,1.913
Cuba,CUB,2005,1.95
Cuba,CUB,2004,1.854
Cuba,CUB,2003,2.33
Cuba,CUB,2002,3.31
Cuba,CUB,2001,4.08
Cuba,CUB,2000,5.45
Cuba,CUB,1999,6.26
Cuba,CUB,1998,6.23
Cuba,CUB,1997,7.1
Cuba,CUB,1996,7.61
Cuba,CUB,1995,8.27
Cuba,CUB,1994,8.806
Cuba,CUB,1993,9.27
Cuba,CUB,1992,8.779
Cuba,CUB,1991,8.306
Cuba,CUB,1990,
Cuba,CUB,1989,
Cuba,CUB,1988,
Cuba,CUB,1987,
Cuba,CUB,1986,
Cuba,CUB,1985,
Cuba,CUB,1984,
Cuba,CUB,1983,
Cuba,CUB,1982,
Cuba,CUB,1981,
Cuba,CUB,1980,
Cuba,CUB,1979,
Cuba,CUB,1978,
Cuba,CUB,1977,
Cuba,CUB,1976,
Cuba,CUB,1975,
Cuba,CUB,1974,
Cuba,CUB,1973,
Cuba,CUB,1972,
Cuba,CUB,1971,
Cuba,CUB,1970,
Cuba,CUB,1969,
Cuba,CUB,1968,
Cuba,CUB,1967,
Cuba,CUB,1966,
Cuba,CUB,1965,
Cuba,CUB,1964,
Cuba,CUB,1963,
Cuba,CUB,1962,
Cuba,CUB,1961,
Cuba,CUB,1960,
Curacao,CUW,2025,
Curacao,CUW,2024,
Curacao,CUW,2023,
Curacao,CUW,2022,
Curacao,CUW,2021,
Curacao,CUW,2020,
Curacao,CUW,2019,
Curacao,CUW,2018,
Curacao,CUW,2017,
Curacao,CUW,2016,
Curacao,CUW,2015,
Curacao,CUW,2014,
Curacao,CUW,2013,
Curacao,CUW,2012,
Curacao,CUW,2011,
Curacao,CUW,2010,
Curacao,CUW,2009,
Curacao,CUW,2008,
Curacao,CUW,2007,
Curacao,CUW,2006,
Curacao,CUW,2005,
Curacao,CUW,2004,
Curacao,CUW,2003,
Curacao,CUW,2002,
Curacao,CUW,2001,
Curacao,CUW,2000,
Curacao,CUW,1999,
Curacao,CUW,1998,
Curacao,CUW,1997,
Curacao,CUW,1996,
Curacao,CUW,1995,
Curacao,CUW,1994,
Curacao,CUW,1993,
Curacao,CUW,1992,
Curacao,CUW,1991,
Curacao,CUW,1990,
Curacao,CUW,1989,
Curacao,CUW,1988,
Curacao,CUW,1987,
Curacao,CUW,1986,
Curacao,CUW,1985,
Curacao,CUW,1984,
Curacao,CUW,1983,
Curacao,CUW,1982,
Curacao,CUW,1981,
Curacao,CUW,1980,
Curacao,CUW,1979,
Curacao,CUW,1978,
Curacao,CUW,1977,
Curacao,CUW,1976,
Curacao,CUW,1975,
Curacao,CUW,1974,
Curacao,CUW,1973,
Curacao,CUW,1972,
Curacao,CUW,1971,
Curacao,CUW,1970,
Curacao,CUW,1969,
Curacao,CUW,1968,
Curacao,CUW,1967,
Curacao,CUW,1966,
Curacao,CUW,1965,
Curacao,CUW,1964,
Curacao,CUW,1963,
Curacao,CUW,1962,
Curacao,CUW,1961,
Curacao,CUW,1960,
Cyprus,CYP,2025,4.924
Cyprus,CYP,2024,4.9
Cyprus,CYP,2023,5.835
Cyprus,CYP,2022,6.806
Cyprus,CYP,2021,7.513
Cyprus,CYP,2020,7.755
Cyprus,CYP,2019,7.155
Cyprus,CYP,2018,8.504
Cyprus,CYP,2017,11.155
Cyprus,CYP,2016,13.006
Cyprus,CYP,2015,15.026
Cyprus,CYP,2014,16.277
Cyprus,CYP,2013,16.131
Cyprus,CYP,2012,12.097
Cyprus,CYP,2011,7.942
Cyprus,CYP,2010,6.359
Cyprus,CYP,2009,5.594
Cyprus,CYP,2008,3.756
Cyprus,CYP,2007,3.946
Cyprus,CYP,2006,4.593
Cyprus,CYP,2005,5.481
Cyprus,CYP,2004,4.77
Cyprus,CYP,2003,4.153
Cyprus,CYP,2002,3.336
Cyprus,CYP,2001,4.043
Cyprus,CYP,2000,4.766
Cyprus,CYP,1999,5.532
Cyprus,CYP,1998,3.3
Cyprus,CYP,1997,3.4
Cyprus,CYP,1996,3.1
Cyprus,CYP,1995,2.6
Cyprus,CYP,1994,2.7
Cyprus,CYP,1993,2.7
Cyprus,CYP,1992,2.09
Cyprus,CYP,1991,3.0
Cyprus,CYP,1990,
Cyprus,CYP,1989,
Cyprus,CYP,1988,
Cyprus,CYP,1987,
Cyprus,CYP,1986,
Cyprus,CYP,1985,
Cyprus,CYP,1984,
Cyprus,CYP,1983,
Cyprus,CYP,1982,
Cyprus,CYP,1981,
Cyprus,CYP,1980,
Cyprus,CYP,1979,
Cyprus,CYP,1978,
Cyprus,CYP,1977,
Cyprus,CYP,1976,
Cyprus,CYP,1975,
Cyprus,CYP,1974,
Cyprus,CYP,1973,
Cyprus,CYP,1972,
Cyprus,CYP,1971,
Cyprus,CYP,1970,
Cyprus,CYP,1969,
Cyprus,CYP,1968,
Cyprus,CYP,1967,
Cyprus,CYP,1966,
Cyprus,CYP,1965,
Cyprus,CYP,1964,
Cyprus,CYP,1963,
Cyprus,CYP,1962,
Cyprus,CYP,1961,
Cyprus,CYP,1960,
Czechia,CZE,2025,2.825
Czechia,CZE,2024,2.6
Czechia,CZE,2023,2.579
Czechia,CZE,2022,2.224
Czechia,CZE,2021,2.803
Czechia,CZE,2020,2.55
Czechia,CZE,2019,2.015
Czechia,CZE,2018,2.246
Czechia,CZE,2017,2.893
Czechia,CZE,2016,3.952
Czechia,CZE,2015,5.048
Czechia,CZE,2014,6.108
Czechia,CZE,2013,6.953
Czechia,CZE,2012,6.979
Czechia,CZE,2011,6.712
Czechia,CZE,2010,7.281
Czechia,CZE,2009,6.662
Czechia,CZE,2008,4.392
Czechia,CZE,2007,5.316
Czechia,CZE,2006,7.141
Czechia,CZE,2005,7.927
Czechia,CZE,2004,8.298
Czechia,CZE,2003,7.777
Czechia,CZE,2002,7.28
Czechia,CZE,2001,8.128
Czechia,CZE,2000,8.764
Czechia,CZE,1999,8.702
Czechia,CZE,1998,6.455
Czechia,CZE,1997,4.674
Czechia,CZE,1996,3.852
Czechia,CZE,1995,4.082
Czechia,CZE,1994,4.284
Czechia,CZE,1993,4.349
Czechia,CZE,1992,2.6
Czechia,CZE,1991,2.27
Czechia,CZE,1990,
Czechia,CZE,1989,
Czechia,CZE,1988,
Czechia,CZE,1987,
Czechia,CZE,1986,
Czechia,CZE,1985,
Czechia,CZE,1984,
Czechia,CZE,1983,
Czechia,CZE,1982,
Czechia,CZE,1981,
Czechia,CZE,1980,
Czechia,CZE,1979,
Czechia,CZE,1978,
Czechia,CZE,1977,
Czechia,CZE,1976,
Czechia,CZE,1975,
Czechia,CZE,1974,
Czechia,CZE,1973,
Czechia,CZE,1972,
Czechia,CZE,1971,
Czechia,CZE,1970,
Czechia,CZE,1969,
Czechia,CZE,1968,
Czechia,CZE,1967,
Czechia,CZE,1966,
Czechia,CZE,1965,
Czechia,CZE,1964,
Czechia,CZE,1963,
Czechia,CZE,1962,
Czechia,CZE,1961,
Czechia,CZE,1960,
Denmark,DNK,2025,5.529
Denmark,DNK,2024,5.358
Denmark,DNK,2023,5.094
Denmark,DNK,2022,4.434
Denmark,DNK,2021,5.065
Denmark,DNK,2020,5.644
Denmark,DNK,2019,5.018
Denmark,DNK,2018,5.131
Denmark,DNK,2017,5.833
Denmark,DNK,2016,5.989
Denmark,DNK,2015,6.278
Denmark,DNK,2014,6.925
Denmark,DNK,2013,7.384
Denmark,DNK,2012,7.798
Denmark,DNK,2011,7.769
Denmark,DNK,2010,7.746
Denmark,DNK,2009,6.409
Denmark,DNK,2008,3.683
Denmark,DNK,2007,3.801
Denmark,DNK,2006,3.897
Denmark,DNK,2005,4.83
Denmark,DNK,2004,5.204
Denmark,DNK,2003,5.398
Denmark,DNK,2002,4.274
Denmark,DNK,2001,4.164
Denmark,DNK,2000,4.476
Denmark,DNK,1999,5.141
Denmark,DNK,1998,5.039
Denmark,DNK,1997,5.4
Denmark,DNK,1996,6.844
Denmark,DNK,1995,6.992
Denmark,DNK,1994,8.036
Denmark,DNK,1993,10.719
Denmark,DNK,1992,9.027
Denmark,DNK,1991,9.099
Denmark,DNK,1990,
Denmark,DNK,1989,
Denmark,DNK,1988,
Denmark,DNK,1987,
Denmark,DNK,1986,
Denmark,DNK,1985,
Denmark,DNK,1984,
Denmark,DNK,1983,
Denmark,DNK,1982,
Denmark,DNK,1981,
Denmark,DNK,1980,
Denmark,DNK,1979,
Denmark,DNK,1978,
Denmark,DNK,1977,
Denmark,DNK,1976,
Denmark,DNK,1975,
Denmark,DNK,1974,
Denmark,DNK,1973,
Denmark,DNK,1972,
Denmark,DNK,1971,
Denmark,DNK,1970,
Denmark,DNK,1969,
Denmark,DNK,1968,
Denmark,DNK,1967,
Denmark,DNK,1966,
Denmark,DNK,1965,
Denmark,DNK,1964,
Denmark,DNK,1963,
Denmark,DNK,1962,
Denmark,DNK,1961,
Denmark,DNK,1960,
Djibouti,DJI,2025,26.015
Djibouti,DJI,2024,26.007
Djibouti,DJI,2023,26.074
Djibouti,DJI,2022,26.272
Djibouti,DJI,2021,27.628
Djibouti,DJI,2020,27.701
Djibouti,DJI,2019,26.257
Djibouti,DJI,2018,26.18
Djibouti,DJI,2017,26.064
Djibouti,DJI,2016,25.982
Djibouti,DJI,2015,26.063
Djibouti,DJI,2014,26.16
Djibouti,DJI,2013,26.149
Djibouti,DJI,2012,26.179
Djibouti,DJI,2011,26.31
Djibouti,DJI,2010,26.368
Djibouti,DJI,2009,26.325
Djibouti,DJI,2008,26.183
Djibouti,DJI,2007,26.292
Djibouti,DJI,2006,26.382
Djibouti,DJI,2005,26.448
Djibouti,DJI,2004,26.441
Djibouti,DJI,2003,26.484
Djibouti,DJI,2002,26.589
Djibouti,DJI,2001,26.597
Djibouti,DJI,2000,26.664
Djibouti,DJI,1999,26.742
Djibouti,DJI,1998,27.027
Djibouti,DJI,1997,27.176
Djibouti,DJI,1996,27.172
Djibouti,DJI,1995,27.303
Djibouti,DJI,1994,27.118
Djibouti,DJI,1993,27.253
Djibouti,DJI,1992,26.457
Djibouti,DJI,1991,26.118
Djibouti,DJI,1990,
Djibouti,DJI,1989,
Djibouti,DJI,1988,
Djibouti,DJI,1987,
Djibouti,DJI,1986,
Djibouti,DJI,1985,
Djibouti,DJI,1984,
Djibouti,DJI,1983,
Djibouti,DJI,1982,
Djibouti,DJI,1981,
Djibouti,DJI,1980,
Djibouti,DJI,1979,
Djibouti,DJI,1978,
Djibouti,DJI,1977,
Djibouti,DJI,1976,
Djibouti,DJI,1975,
Djibouti,DJI,1974,
Djibouti,DJI,1973,
Djibouti,DJI,1972,
Djibouti,DJI,1971,
Djibouti,DJI,1970,
Djibouti,DJI,1969,
Djibouti,DJI,1968,
Djibouti,DJI,1967,
Djibouti,DJI,1966,
Djibouti,DJI,1965,
Djibouti,DJI,1964,
Djibouti,DJI,1963,
Djibouti,DJI,1962,
Djibouti,DJI,1961,
Djibouti,DJI,1960,
Dominica,DMA,2025,
Dominica,DMA,2024,
Dominica,DMA,2023,
Dominica,DMA,2022,
Dominica,DMA,2021,
Dominica,DMA,2020,
Dominica,DMA,2019,
Dominica,DMA,2018,
Dominica,DMA,2017,
Dominica,DMA,2016,
Dominica,DMA,2015,
Dominica,DMA,2014,
Dominica,DMA,2013,
Dominica,DMA,2012,
Dominica,DMA,2011,
Dominica,DMA,2010,
Dominica,DMA,2009,
Dominica,DMA,2008,
Dominica,DMA,2007,
Dominica,DMA,2006,
Dominica,DMA,2005,
Dominica,DMA,2004,
Dominica,DMA,2003,
Dominica,DMA,2002,
Dominica,DMA,2001,
Dominica,DMA,2000,
Dominica,DMA,1999,
Dominica,DMA,1998,
Dominica,DMA,1997,
Dominica,DMA,1996,
Dominica,DMA,1995,
Dominica,DMA,1994,
Dominica,DMA,1993,
Dominica,DMA,1992,
Dominica,DMA,1991,
Dominica,DMA,1990,
Dominica,DMA,1989,
Dominica,DMA,1988,
Dominica,DMA,1987,
Dominica,DMA,1986,
Dominica,DMA,1985,
Dominica,DMA,1984,
Dominica,DMA,1983,
Dominica,DMA,1982,
Dominica,DMA,1981,
Dominica,DMA,1980,
Dominica,DMA,1979,
Dominica,DMA,1978,
Dominica,DMA,1977,
Dominica,DMA,1976,
Dominica,DMA,1975,
Dominica,DMA,1974,
Dominica,DMA,1973,
Dominica,DMA,1972,
Dominica,DMA,1971,
Dominica,DMA,1970,
Dominica,DMA,1969,
Dominica,DMA,1968,
Dominica,DMA,1967,
Dominica,DMA,1966,
Dominica,DMA,1965,
Dominica,DMA,1964,
Dominica,DMA,1963,
Dominica,DMA,1962,
Dominica,DMA,1961,
Dominica,DMA,1960,
Dominican Republic,DOM,2025,5.092
Dominican Republic,DOM,2024,5.312
Dominican Republic,DOM,2023,5.555
Dominican Republic,DOM,2022,5.504
Dominican Republic,DOM,2021,7.702
Dominican Republic,DOM,2020,6.126
Dominican Republic,DOM,2019,6.356
Dominican Republic,DOM,2018,5.861
Dominican Republic,DOM,2017,5.832
Dominican Republic,DOM,2016,7.284
Dominican Republic,DOM,2015,7.605
Dominican Republic,DOM,2014,6.719
Dominican Republic,DOM,2013,7.351
Dominican Republic,DOM,2012,6.722
Dominican Republic,DOM,2011,6.087
Dominican Republic,DOM,2010,5.212
Dominican Republic,DOM,2009,5.467
Dominican Republic,DOM,2008,4.764
Dominican Republic,DOM,2007,5.158
Dominican Republic,DOM,2006,5.654
Dominican Republic,DOM,2005,6.587
Dominican Republic,DOM,2004,6.303
Dominican Republic,DOM,2003,6.938
Dominican Republic,DOM,2002,6.779
Dominican Republic,DOM,2001,7.262
Dominican Republic,DOM,2000,6.432
Dominican Republic,DOM,1999,6.312
Dominican Republic,DOM,1998,6.304
Dominican Republic,DOM,1997,6.323
Dominican Republic,DOM,1996,6.485
Dominican Republic,DOM,1995,6.439
Dominican Republic,DOM,1994,6.285
Dominican Republic,DOM,1993,6.322
Dominican Republic,DOM,1992,6.669
Dominican Republic,DOM,1991,6.863
Dominican Republic,DOM,1990,
Dominican Republic,DOM,1989,
Dominican Republic,DOM,1988,
Dominican Republic,DOM,1987,
Dominican Republic,DOM,1986,
Dominican Republic,DOM,1985,
Dominican Republic,DOM,1984,
Dominican Republic,DOM,1983,
Dominican Republic,DOM,1982,
Dominican Republic,DOM,1981,
Dominican Republic,DOM,1980,
Dominican Republic,DOM,1979,
Dominican Republic,DOM,1978,
Dominican Republic,DOM,1977,
Dominican Republic,DOM,1976,
Dominican Republic,DOM,1975,
Dominican Republic,DOM,1974,
Dominican Republic,DOM,1973,
Dominican Republic,DOM,1972,
Dominican Republic,DOM,1971,
Dominican Republic,DOM,1970,
Dominican Republic,DOM,1969,
Dominican Republic,DOM,1968,
Dominican Republic,DOM,1967,
Dominican Republic,DOM,1966,
Dominican Republic,DOM,1965,
Dominican Republic,DOM,1964,
Dominican Republic,DOM,1963,
Dominican Republic,DOM,1962,
Dominican Republic,DOM,1961,
Dominican Republic,DOM,1960,
Ecuador,ECU,2025,3.308
Ecuador,ECU,2024,3.453
Ecuador,ECU,2023,3.51
Ecuador,ECU,2022,3.713
Ecuador,ECU,2021,4.504
Ecuador,ECU,2020,6.116
Ecuador,ECU,2019,3.812
Ecuador,ECU,2018,3.53
Ecuador,ECU,2017,3.836
Ecuador,ECU,2016,4.597
Ecuador,ECU,2015,3.616
Ecuador,ECU,2014,3.48
Ecuador,ECU,2013,3.083
Ecuador,ECU,2012,3.235
Ecuador,ECU,2011,3.458
Ecuador,ECU,2010,4.088
Ecuador,ECU,2009,4.608
Ecuador,ECU,2008,3.917
Ecuador,ECU,2007,3.142
Ecuador,ECU,2006,3.55
Ecuador,ECU,2005,3.779
Ecuador,ECU,2004,5.002
Ecuador,ECU,2003,5.662
Ecuador,ECU,2002,4.825
Ecuador,ECU,2001,4.252
Ecuador,ECU,2000,4.8
Ecuador,ECU,1999,4.656
Ecuador,ECU,1998,4.389
Ecuador,ECU,1997,4.424
Ecuador,ECU,1996,4.422
Ecuador,ECU,1995,4.408
Ecuador,ECU,1994,4.409
Ecuador,ECU,1993,4.403
Ecuador,ECU,1992,4.333
Ecuador,ECU,1991,4.371
Ecuador,ECU,1990,
Ecuador,ECU,1989,
Ecuador,ECU,1988,
Ecuador,ECU,1987,
Ecuador,ECU,1986,
Ecuador,ECU,1985,
Ecuador,ECU,1984,
Ecuador,ECU,1983,
Ecuador,ECU,1982,
Ecuador,ECU,1981,
Ecuador,ECU,1980,
Ecuador,ECU,1979,
Ecuador,ECU,1978,
Ecuador,ECU,1977,
Ecuador,ECU,1976,
Ecuador,ECU,1975,
Ecuador,ECU,1974,
Ecuador,ECU,1973,
Ecuador,ECU,1972,
Ecuador,ECU,1971,
Ecuador,ECU,1970,
Ecuador,ECU,1969,
Ecuador,ECU,1968,
Ecuador,ECU,1967,
Ecuador,ECU,1966,
Ecuador,ECU,1965,
Ecuador,ECU,1964,
Ecuador,ECU,1963,
Ecuador,ECU,1962,
Ecuador,ECU,1961,
Ecuador,ECU,1960,
"Egypt, Arab Rep.",EGY,2025,6.781
"Egypt, Arab Rep.",EGY,2024,6.817
"Egypt, Arab Rep.",EGY,2023,6.753
"Egypt, Arab Rep.",EGY,2022,6.546
"Egypt, Arab Rep.",EGY,2021,7.441
"Egypt, Arab Rep.",EGY,2020,7.974
"Egypt, Arab Rep.",EGY,2019,7.851
"Egypt, Arab Rep.",EGY,2018,9.855
"Egypt, Arab Rep.",EGY,2017,11.767
"Egypt, Arab Rep.",EGY,2016,12.45
"Egypt, Arab Rep.",EGY,2015,13.052
"Egypt, Arab Rep.",EGY,2014,13.105
"Egypt, Arab Rep.",EGY,2013,13.154
"Egypt, Arab Rep.",EGY,2012,12.597
"Egypt, Arab Rep.",EGY,2011,11.849
"Egypt, Arab Rep.",EGY,2010,8.757
"Egypt, Arab Rep.",EGY,2009,9.087
"Egypt, Arab Rep.",EGY,2008,8.517
"Egypt, Arab Rep.",EGY,2007,8.8
"Egypt, Arab Rep.",EGY,2006,10.49
"Egypt, Arab Rep.",EGY,2005,11.049
"Egypt, Arab Rep.",EGY,2004,10.32
"Egypt, Arab Rep.",EGY,2003,10.91
"Egypt, Arab Rep.",EGY,2002,10.01
"Egypt, Arab Rep.",EGY,2001,9.26
"Egypt, Arab Rep.",EGY,2000,8.98
"Egypt, Arab Rep.",EGY,1999,7.95
"Egypt, Arab Rep.",EGY,1998,8.03
"Egypt, Arab Rep.",EGY,1997,8.37
"Egypt, Arab Rep.",EGY,1996,9.0
"Egypt, Arab Rep.",EGY,1995,11.04
"Egypt, Arab Rep.",EGY,1994,10.93
"Egypt, Arab Rep.",EGY,1993,10.92
"Egypt, Arab Rep.",EGY,1992,8.92
"Egypt, Arab Rep.",EGY,1991,9.38
"Egypt, Arab Rep.",EGY,1990,
"Egypt, Arab Rep.",EGY,1989,
"Egypt, Arab Rep.",EGY,1988,
"Egypt, Arab Rep.",EGY,1987,
"Egypt, Arab Rep.",EGY,1986,
"Egypt, Arab Rep.",EGY,1985,
"Egypt, Arab Rep.",EGY,1984,
"Egypt, Arab Rep.",EGY,1983,
"Egypt, Arab Rep.",EGY,1982,
"Egypt, Arab Rep.",EGY,1981,
"Egypt, Arab Rep.",EGY,1980,
"Egypt, Arab Rep.",EGY,1979,
"Egypt, Arab Rep.",EGY,1978,
"Egypt, Arab Rep.",EGY,1977,
"Egypt, Arab Rep.",EGY,1976,
"Egypt, Arab Rep.",EGY,1975,
"Egypt, Arab Rep.",EGY,1974,
"Egypt, Arab Rep.",EGY,1973,
"Egypt, Arab Rep.",EGY,1972,
"Egypt, Arab Rep.",EGY,1971,
"Egypt, Arab Rep.",EGY,1970,
"Egypt, Arab Rep.",EGY,1969,
"Egypt, Arab Rep.",EGY,1968,
"Egypt, Arab Rep.",EGY,1967,
"Egypt, Arab Rep.",EGY,1966,
"Egypt, Arab Rep.",EGY,1965,
"Egypt, Arab Rep.",EGY,1964,
"Egypt, Arab Rep.",EGY,1963,
"Egypt, Arab Rep.",EGY,1962,
"Egypt, Arab Rep.",EGY,1961,
"Egypt, Arab Rep.",EGY,1960,
El Salvador,SLV,2025,3.303
El Salvador,SLV,2024,3.261
El Salvador,SLV,2023,2.992
El Salvador,SLV,2022,2.999
El Salvador,SLV,2021,4.327
El Salvador,SLV,2020,5.008
El Salvador,SLV,2019,4.17
El Salvador,SLV,2018,4.006
El Salvador,SLV,2017,4.385
El Salvador,SLV,2016,4.418
El Salvador,SLV,2015,3.998
El Salvador,SLV,2014,4.154
El Salvador,SLV,2013,3.693
El Salvador,SLV,2012,3.843
El Salvador,SLV,2011,4.297
El Salvador,SLV,2010,4.893
El Salvador,SLV,2009,7.33
El Salvador,SLV,2008,5.88
El Salvador,SLV,2007,6.41
El Salvador,SLV,2006,6.57
El Salvador,SLV,2005,7.22
El Salvador,SLV,2004,6.8
El Salvador,SLV,2003,6.9
El Salvador,SLV,2002,6.2
El Salvador,SLV,2001,6.96
El Salvador,SLV,2000,6.96
El Salvador,SLV,1999,7.3
El Salvador,SLV,1998,7.1
El Salvador,SLV,1997,7.98
El Salvador,SLV,1996,7.68
El Salvador,SLV,1995,7.65
El Salvador,SLV,1994,7.68
El Salvador,SLV,1993,9.94
El Salvador,SLV,1992,7.88
El Salvador,SLV,1991,7.53
El Salvador,SLV,1990,
El Salvador,SLV,1989,
El Salvador,SLV,1988,
El Salvador,SLV,1987,
El Salvador,SLV,1986,
El Salvador,SLV,1985,
El Salvador,SLV,1984,
El Salvador,SLV,1983,
El Salvador,SLV,1982,
El Salvador,SLV,1981,
El Salvador,SLV,1980,
El Salvador,SLV,1979,
El Salvador,SLV,1978,
El Salvador,SLV,1977,
El Salvador,SLV,1976,
El Salvador,SLV,1975,
El Salvador,SLV,1974,
El Salvador,SLV,1973,
El Salvador,SLV,1972,
El Salvador,SLV,1971,
El Salvador,SLV,1970,
El Salvador,SLV,1969,
El Salvador,SLV,1968,
El Salvador,SLV,1967,
El Salvador,SLV,1966,
El Salvador,SLV,1965,
El Salvador,SLV,1964,
El Salvador,SLV,1963,
El Salvador,SLV,1962,
El Salvador,SLV,1961,
El Salvador,SLV,1960,
Equatorial Guinea,GNQ,2025,8.337
Equatorial Guinea,GNQ,2024,8.293
Equatorial Guinea,GNQ,2023,8.218
Equatorial Guinea,GNQ,2022,8.334
Equatorial Guinea,GNQ,2021,8.821
Equatorial Guinea,GNQ,2020,8.625
Equatorial Guinea,GNQ,2019,7.917
Equatorial Guinea,GNQ,2018,7.818
Equatorial Guinea,GNQ,2017,7.843
Equatorial Guinea,GNQ,2016,7.798
Equatorial Guinea,GNQ,2015,7.778
Equatorial Guinea,GNQ,2014,7.669
Equatorial Guinea,GNQ,2013,7.675
Equatorial Guinea,GNQ,2012,7.761
Equatorial Guinea,GNQ,2011,7.837
Equatorial Guinea,GNQ,2010,7.847
Equatorial Guinea,GNQ,2009,7.702
Equatorial Guinea,GNQ,2008,7.571
Equatorial Guinea,GNQ,2007,7.592
Equatorial Guinea,GNQ,2006,7.612
Equatorial Guinea,GNQ,2005,7.667
Equatorial Guinea,GNQ,2004,7.658
Equatorial Guinea,GNQ,2003,7.701
Equatorial Guinea,GNQ,2002,7.646
Equatorial Guinea,GNQ,2001,7.551
Equatorial Guinea,GNQ,2000,7.444
Equatorial Guinea,GNQ,1999,7.417
Equatorial Guinea,GNQ,1998,7.332
Equatorial Guinea,GNQ,1997,7.263
Equatorial Guinea,GNQ,1996,7.215
Equatorial Guinea,GNQ,1995,7.16
Equatorial Guinea,GNQ,1994,7.123
Equatorial Guinea,GNQ,1993,7.024
Equatorial Guinea,GNQ,1992,6.878
Equatorial Guinea,GNQ,1991,6.677
Equatorial Guinea,GNQ,1990,
Equatorial Guinea,GNQ,1989,
Equatorial Guinea,GNQ,1988,
Equatorial Guinea,GNQ,1987,
Equatorial Guinea,GNQ,1986,
Equatorial Guinea,GNQ,1985,
Equatorial Guinea,GNQ,1984,
Equatorial Guinea,GNQ,1983,
Equatorial Guinea,GNQ,1982,
Equatorial Guinea,GNQ,1981,
Equatorial Guinea,GNQ,1980,
Equatorial Guinea,GNQ,1979,
Equatorial Guinea,GNQ,1978,
Equatorial Guinea,GNQ,1977,
Equatorial Guinea,GNQ,1976,
Equatorial Guinea,GNQ,1975,
Equatorial Guinea,GNQ,1974,
Equatorial Guinea,GNQ,1973,
Equatorial Guinea,GNQ,1972,
Equatorial Guinea,GNQ,1971,
Equatorial Guinea,GNQ,1970,
Equatorial Guinea,GNQ,1969,
Equatorial Guinea,GNQ,1968,
Equatorial Guinea,GNQ,1967,
Equatorial Guinea,GNQ,1966,
Equatorial Guinea,GNQ,1965,
Equatorial Guinea,GNQ,1964,
Equatorial Guinea,GNQ,1963,
Equatorial Guinea,GNQ,1962,
Equatorial Guinea,GNQ,1961,
Equatorial Guinea,GNQ,1960,
Eritrea,ERI,2025,5.978
Eritrea,ERI,2024,5.947
Eritrea,ERI,2023,5.909
Eritrea,ERI,2022,6.033
Eritrea,ERI,2021,6.489
Eritrea,ERI,2020,6.375
Eritrea,ERI,2019,5.812
Eritrea,ERI,2018,5.756
Eritrea,ERI,2017,5.804
Eritrea,ERI,2016,5.772
Eritrea,ERI,2015,5.751
Eritrea,ERI,2014,5.637
Eritrea,ERI,2013,5.624
Eritrea,ERI,2012,5.692
Eritrea,ERI,2011,5.801
Eritrea,ERI,2010,5.854
Eritrea,ERI,2009,5.757
Eritrea,ERI,2008,5.683
Eritrea,ERI,2007,5.719
Eritrea,ERI,2006,5.707
Eritrea,ERI,2005,5.721
Eritrea,ERI,2004,5.704
Eritrea,ERI,2003,5.79
Eritrea,ERI,2002,5.794
Eritrea,ERI,2001,5.74
Eritrea,ERI,2000,5.656
Eritrea,ERI,1999,5.604
Eritrea,ERI,1998,5.501
Eritrea,ERI,1997,5.4
Eritrea,ERI,1996,5.31
Eritrea,ERI,1995,5.349
Eritrea,ERI,1994,5.446
Eritrea,ERI,1993,5.387
Eritrea,ERI,1992,5.297
Eritrea,ERI,1991,5.129
Eritrea,ERI,1990,
Eritrea,ERI,1989,
Eritrea,ERI,1988,
Eritrea,ERI,1987,
Eritrea,ERI,1986,
Eritrea,ERI,1985,
Eritrea,ERI,1984,
Eritrea,ERI,1983,
Eritrea,ERI,1982,
Eritrea,ERI,1981,
Eritrea,ERI,1980,
Eritrea,ERI,1979,
Eritrea,ERI,1978,
Eritrea,ERI,1977,
Eritrea,ERI,1976,
Eritrea,ERI,1975,
Eritrea,ERI,1974,
Eritrea,ERI,1973,
Eritrea,ERI,1972,
Eritrea,ERI,1971,
Eritrea,ERI,1970,
Eritrea,ERI,1969,
Eritrea,ERI,1968,
Eritrea,ERI,1967,
Eritrea,ERI,1966,
Eritrea,ERI,1965,
Eritrea,ERI,1964,
Eritrea,ERI,1963,
Eritrea,ERI,1962,
Eritrea,ERI,1961,
Eritrea,ERI,1960,
Estonia,EST,2025,8.313
Estonia,EST,2024,7.6
Estonia,EST,2023,6.378
Estonia,EST,2022,5.571
Estonia,EST,2021,6.178
Estonia,EST,2020,6.956
Estonia,EST,2019,4.514
Estonia,EST,2018,5.412
Estonia,EST,2017,5.807
Estonia,EST,2016,6.882
Estonia,EST,2015,6.412
Estonia,EST,2014,7.352
Estonia,EST,2013,8.631
Estonia,EST,2012,10.021
Estonia,EST,2011,12.328
Estonia,EST,2010,16.707
Estonia,EST,2009,13.548
Estonia,EST,2008,5.455
Estonia,EST,2007,4.592
Estonia,EST,2006,5.915
Estonia,EST,2005,8.033
Estonia,EST,2004,10.248
Estonia,EST,2003,11.288
Estonia,EST,2002,10.026
Estonia,EST,2001,13.134
Estonia,EST,2000,13.36
Estonia,EST,1999,11.573
Estonia,EST,1998,9.51
Estonia,EST,1997,10.369
Estonia,EST,1996,9.915
Estonia,EST,1995,9.659
Estonia,EST,1994,7.561
Estonia,EST,1993,6.544
Estonia,EST,1992,3.681
Estonia,EST,1991,1.468
Estonia,EST,1990,
Estonia,EST,1989,
Estonia,EST,1988,
Estonia,EST,1987,
Estonia,EST,1986,
Estonia,EST,1985,
Estonia,EST,1984,
Estonia,EST,1983,
Estonia,EST,1982,
Estonia,EST,1981,
Estonia,EST,1980,
Estonia,EST,1979,
Estonia,EST,1978,
Estonia,EST,1977,
Estonia,EST,1976,
Estonia,EST,1975,
Estonia,EST,1974,
Estonia,EST,1973,
Estonia,EST,1972,
Estonia,EST,1971,
Estonia,EST,1970,
Estonia,EST,1969,
Estonia,EST,1968,
Estonia,EST,1967,
Estonia,EST,1966,
Estonia,EST,1965,
Estonia,EST,1964,
Estonia,EST,1963,
Estonia,EST,1962,
Estonia,EST,1961,
Estonia,EST,1960,
Eswatini,SWZ,2025,34.202
Eswatini,SWZ,2024,34.643
Eswatini,SWZ,2023,34.61
Eswatini,SWZ,2022,36.472
Eswatini,SWZ,2021,34.153
Eswatini,SWZ,2020,32.978
Eswatini,SWZ,2019,28.222
Eswatini,SWZ,2018,26.471
Eswatini,SWZ,2017,24.543
Eswatini,SWZ,2016,22.718
Eswatini,SWZ,2015,23.431
Eswatini,SWZ,2014,23.931
Eswatini,SWZ,2013,24.556
Eswatini,SWZ,2012,25.226
Eswatini,SWZ,2011,26.105
Eswatini,SWZ,2010,26.856
Eswatini,SWZ,2009,27.488
Eswatini,SWZ,2008,27.891
Eswatini,SWZ,2007,28.24
Eswatini,SWZ,2006,27.693
Eswatini,SWZ,2005,27.221
Eswatini,SWZ,2004,26.716
Eswatini,SWZ,2003,26.259
Eswatini,SWZ,2002,25.771
Eswatini,SWZ,2001,25.24
Eswatini,SWZ,2000,24.547
Eswatini,SWZ,1999,23.868
Eswatini,SWZ,1998,23.214
Eswatini,SWZ,1997,22.5
Eswatini,SWZ,1996,22.074
Eswatini,SWZ,1995,21.65
Eswatini,SWZ,1994,21.726
Eswatini,SWZ,1993,21.76
Eswatini,SWZ,1992,20.947
Eswatini,SWZ,1991,20.521
Eswatini,SWZ,1990,
Eswatini,SWZ,1989,
Eswatini,SWZ,1988,
Eswatini,SWZ,1987,
Eswatini,SWZ,1986,
Eswatini,SWZ,1985,
Eswatini,SWZ,1984,
Eswatini,SWZ,1983,
Eswatini,SWZ,1982,
Eswatini,SWZ,1981,
Eswatini,SWZ,1980,
Eswatini,SWZ,1979,
Eswatini,SWZ,1978,
Eswatini,SWZ,1977,
Eswatini,SWZ,1976,
Eswatini,SWZ,1975,
Eswatini,SWZ,1974,
Eswatini,SWZ,1973,
Eswatini,SWZ,1972,
Eswatini,SWZ,1971,
Eswatini,SWZ,1970,
Eswatini,SWZ,1969,
Eswatini,SWZ,1968,
Eswatini,SWZ,1967,
Eswatini,SWZ,1966,
Eswatini,SWZ,1965,
Eswatini,SWZ,1964,
Eswatini,SWZ,1963,
Eswatini,SWZ,1962,
Eswatini,SWZ,1961,
Eswatini,SWZ,1960,
Ethiopia,ETH,2025,3.323
Ethiopia,ETH,2024,3.357
Ethiopia,ETH,2023,3.375
Ethiopia,ETH,2022,3.386
Ethiopia,ETH,2021,3.935
Ethiopia,ETH,2020,3.998
Ethiopia,ETH,2019,2.928
Ethiopia,ETH,2018,2.811
Ethiopia,ETH,2017,2.665
Ethiopia,ETH,2016,2.556
Ethiopia,ETH,2015,2.442
Ethiopia,ETH,2014,2.361
Ethiopia,ETH,2013,2.251
Ethiopia,ETH,2012,2.252
Ethiopia,ETH,2011,2.27
Ethiopia,ETH,2010,2.295
Ethiopia,ETH,2009,2.326
Ethiopia,ETH,2008,2.326
Ethiopia,ETH,2007,2.337
Ethiopia,ETH,2006,2.337
Ethiopia,ETH,2005,2.497
Ethiopia,ETH,2004,2.776
Ethiopia,ETH,2003,3.008
Ethiopia,ETH,2002,3.054
Ethiopia,ETH,2001,3.16
Ethiopia,ETH,2000,3.499
Ethiopia,ETH,1999,3.714
Ethiopia,ETH,1998,3.481
Ethiopia,ETH,1997,3.227
Ethiopia,ETH,1996,3.121
Ethiopia,ETH,1995,3.005
Ethiopia,ETH,1994,3.1
Ethiopia,ETH,1993,3.252
Ethiopia,ETH,1992,3.416
Ethiopia,ETH,1991,3.284
Ethiopia,ETH,1990,
Ethiopia,ETH,1989,
Ethiopia,ETH,1988,
Ethiopia,ETH,1987,
Ethiopia,ETH,1986,
Ethiopia,ETH,1985,
Ethiopia,ETH,1984,
Ethiopia,ETH,1983,
Ethiopia,ETH,1982,
Ethiopia,ETH,1981,
Ethiopia,ETH,1980,
Ethiopia,ETH,1979,
Ethiopia,ETH,1978,
Ethiopia,ETH,1977,
Ethiopia,ETH,1976,
Ethiopia,ETH,1975,
Ethiopia,ETH,1974,
Ethiopia,ETH,1973,
Ethiopia,ETH,1972,
Ethiopia,ETH,1971,
Ethiopia,ETH,1970,
Ethiopia,ETH,1969,
Ethiopia,ETH,1968,
Ethiopia,ETH,1967,
Ethiopia,ETH,1966,
Ethiopia,ETH,1965,
Ethiopia,ETH,1964,
Ethiopia,ETH,1963,
Ethiopia,ETH,1962,
Ethiopia,ETH,1961,
Ethiopia,ETH,1960,
Faroe Islands,FRO,2025,
Faroe Islands,FRO,2024,
Faroe Islands,FRO,2023,
Faroe Islands,FRO,2022,
Faroe Islands,FRO,2021,
Faroe Islands,FRO,2020,
Faroe Islands,FRO,2019,
Faroe Islands,FRO,2018,
Faroe Islands,FRO,2017,
Faroe Islands,FRO,2016,
Faroe Islands,FRO,2015,
Faroe Islands,FRO,2014,
Faroe Islands,FRO,2013,
Faroe Islands,FRO,2012,
Faroe Islands,FRO,2011,
Faroe Islands,FRO,2010,
Faroe Islands,FRO,2009,
Faroe Islands,FRO,2008,
Faroe Islands,FRO,2007,
Faroe Islands,FRO,2006,
Faroe Islands,FRO,2005,
Faroe Islands,FRO,2004,
Faroe Islands,FRO,2003,
Faroe Islands,FRO,2002,
Faroe Islands,FRO,2001,
Faroe Islands,FRO,2000,
Faroe Islands,FRO,1999,
Faroe Islands,FRO,1998,
Faroe Islands,FRO,1997,
Faroe Islands,FRO,1996,
Faroe Islands,FRO,1995,
Faroe Islands,FRO,1994,
Faroe Islands,FRO,1993,
Faroe Islands,FRO,1992,
Faroe Islands,FRO,1991,
Faroe Islands,FRO,1990,
Faroe Islands,FRO,1989,
Faroe Islands,FRO,1988,
Faroe Islands,FRO,1987,
Faroe Islands,FRO,1986,
Faroe Islands,FRO,1985,
Faroe Islands,FRO,1984,
Faroe Islands,FRO,1983,
Faroe Islands,FRO,1982,
Faroe Islands,FRO,1981,
Faroe Islands,FRO,1980,
Faroe Islands,FRO,1979,
Faroe Islands,FRO,1978,
Faroe Islands,FRO,1977,
Faroe Islands,FRO,1976,
Faroe Islands,FRO,1975,
Faroe Islands,FRO,1974,
Faroe Islands,FRO,1973,
Faroe Islands,FRO,1972,
Faroe Islands,FRO,1971,
Faroe Islands,FRO,1970,
Faroe Islands,FRO,1969,
Faroe Islands,FRO,1968,
Faroe Islands,FRO,1967,
Faroe Islands,FRO,1966,
Faroe Islands,FRO,1965,
Faroe Islands,FRO,1964,
Faroe Islands,FRO,1963,
Faroe Islands,FRO,1962,
Faroe Islands,FRO,1961,
Faroe Islands,FRO,1960,
Fiji,FJI,2025,5.347
Fiji,FJI,2024,5.361
Fiji,FJI,2023,5.316
Fiji,FJI,2022,5.403
Fiji,FJI,2021,5.225
Fiji,FJI,2020,5.054
Fiji,FJI,2019,4.661
Fiji,FJI,2018,4.523
Fiji,FJI,2017,4.418
Fiji,FJI,2016,4.319
Fiji,FJI,2015,4.288
Fiji,FJI,2014,4.323
Fiji,FJI,2013,4.356
Fiji,FJI,2012,4.375
Fiji,FJI,2011,4.406
Fiji,FJI,2010,4.345
Fiji,FJI,2009,4.309
Fiji,FJI,2008,4.187
Fiji,FJI,2007,4.109
Fiji,FJI,2006,3.957
Fiji,FJI,2005,3.886
Fiji,FJI,2004,4.7
Fiji,FJI,2003,4.74
Fiji,FJI,2002,4.772
Fiji,FJI,2001,4.692
Fiji,FJI,2000,4.697
Fiji,FJI,1999,4.698
Fiji,FJI,1998,4.746
Fiji,FJI,1997,4.725
Fiji,FJI,1996,4.623
Fiji,FJI,1995,4.651
Fiji,FJI,1994,4.598
Fiji,FJI,1993,4.694
Fiji,FJI,1992,4.64
Fiji,FJI,1991,4.618
Fiji,FJI,1990,
Fiji,FJI,1989,
Fiji,FJI,1988,
Fiji,FJI,1987,
Fiji,FJI,1986,
Fiji,FJI,1985,
Fiji,FJI,1984,
Fiji,FJI,1983,
Fiji,FJI,1982,
Fiji,FJI,1981,
Fiji,FJI,1980,
Fiji,FJI,1979,
Fiji,FJI,1978,
Fiji,FJI,1977,
Fiji,FJI,1976,
Fiji,FJI,1975,
Fiji,FJI,1974,
Fiji,FJI,1973,
Fiji,FJI,1972,
Fiji,FJI,1971,
Fiji,FJI,1970,
Fiji,FJI,1969,
Fiji,FJI,1968,
Fiji,FJI,1967,
Fiji,FJI,1966,
Fiji,FJI,1965,
Fiji,FJI,1964,
Fiji,FJI,1963,
Fiji,FJI,1962,
Fiji,FJI,1961,
Fiji,FJI,1960,
Finland,FIN,2025,9.461
Finland,FIN,2024,8.4
Finland,FIN,2023,7.149
Finland,FIN,2022,6.719
Finland,FIN,2021,7.617
Finland,FIN,2020,7.759
Finland,FIN,2019,6.695
Finland,FIN,2018,7.361
Finland,FIN,2017,8.64
Finland,FIN,2016,8.818
Finland,FIN,2015,9.376
Finland,FIN,2014,8.663
Finland,FIN,2013,8.193
Finland,FIN,2012,7.689
Finland,FIN,2011,7.781
Finland,FIN,2010,8.394
Finland,FIN,2009,8.249
Finland,FIN,2008,6.369
Finland,FIN,2007,6.854
Finland,FIN,2006,8.935
Finland,FIN,2005,9.602
Finland,FIN,2004,10.358
Finland,FIN,2003,10.469
Finland,FIN,2002,10.423
Finland,FIN,2001,10.29
Finland,FIN,2000,11.134
Finland,FIN,1999,11.693
Finland,FIN,1998,13.214
Finland,FIN,1997,14.967
Finland,FIN,1996,15.572
Finland,FIN,1995,17.005
Finland,FIN,1994,16.426
Finland,FIN,1993,16.201
Finland,FIN,1992,11.595
Finland,FIN,1991,6.503
Finland,FIN,1990,
Finland,FIN,1989,
Finland,FIN,1988,
Finland,FIN,1987,
Finland,FIN,1986,
Finland,FIN,1985,
Finland,FIN,1984,
Finland,FIN,1983,
Finland,FIN,1982,
Finland,FIN,1981,
Finland,FIN,1980,
Finland,FIN,1979,
Finland,FIN,1978,
Finland,FIN,1977,
Finland,FIN,1976,
Finland,FIN,1975,
Finland,FIN,1974,
Finland,FIN,1973,
Finland,FIN,1972,
Finland,FIN,1971,
Finland,FIN,1970,
Finland,FIN,1969,
Finland,FIN,1968,
Finland,FIN,1967,
Finland,FIN,1966,
Finland,FIN,1965,
Finland,FIN,1964,
Finland,FIN,1963,
Finland,FIN,1962,
Finland,FIN,1961,
Finland,FIN,1960,
France,FRA,2025,7.542
France,FRA,2024,7.4
France,FRA,2023,7.335
France,FRA,2022,7.303
France,FRA,2021,7.871
France,FRA,2020,8.009
France,FRA,2019,8.415
France,FRA,2018,9.018
France,FRA,2017,9.409
France,FRA,2016,10.057
France,FRA,2015,10.354
France,FRA,2014,10.273
France,FRA,2013,9.913
France,FRA,2012,9.841
France,FRA,2011,9.228
France,FRA,2010,9.279
France,FRA,2009,9.122
France,FRA,2008,7.386
France,FRA,2007,8.008
France,FRA,2006,8.832
France,FRA,2005,8.882
France,FRA,2004,8.914
France,FRA,2003,8.306
France,FRA,2002,8.702
France,FRA,2001,8.61
France,FRA,2000,10.218
France,FRA,1999,11.981
France,FRA,1998,12.074
France,FRA,1997,12.566
France,FRA,1996,12.367
France,FRA,1995,11.834
France,FRA,1994,12.593
France,FRA,1993,11.32
France,FRA,1992,10.203
France,FRA,1991,9.134
France,FRA,1990,
France,FRA,1989,
France,FRA,1988,
France,FRA,1987,
France,FRA,1986,
France,FRA,1985,
France,FRA,1984,
France,FRA,1983,
France,FRA,1982,
France,FRA,1981,
France,FRA,1980,
France,FRA,1979,
France,FRA,1978,
France,FRA,1977,
France,FRA,1976,
France,FRA,1975,
France,FRA,1974,
France,FRA,1973,
France,FRA,1972,
France,FRA,1971,
France,FRA,1970,
France,FRA,1969,
France,FRA,1968,
France,FRA,1967,
France,FRA,1966,
France,FRA,1965,
France,FRA,1964,
France,FRA,1963,
France,FRA,1962,
France,FRA,1961,
France,FRA,1960,
French Polynesia,PYF,2025,11.662
French Polynesia,PYF,2024,11.613
French Polynesia,PYF,2023,11.613
French Polynesia,PYF,2022,11.793
French Polynesia,PYF,2021,12.558
French Polynesia,PYF,2020,12.963
French Polynesia,PYF,2019,11.591
French Polynesia,PYF,2018,11.599
French Polynesia,PYF,2017,11.595
French Polynesia,PYF,2016,11.727
French Polynesia,PYF,2015,11.794
French Polynesia,PYF,2014,11.894
French Polynesia,PYF,2013,12.027
French Polynesia,PYF,2012,12.134
French Polynesia,PYF,2011,12.257
French Polynesia,PYF,2010,12.133
French Polynesia,PYF,2009,11.963
French Polynesia,PYF,2008,11.76
French Polynesia,PYF,2007,11.74
French Polynesia,PYF,2006,11.768
French Polynesia,PYF,2005,11.722
French Polynesia,PYF,2004,11.702
French Polynesia,PYF,2003,11.751
French Polynesia,PYF,2002,11.71
French Polynesia,PYF,2001,11.665
French Polynesia,PYF,2000,11.583
French Polynesia,PYF,1999,11.701
French Polynesia,PYF,1998,11.791
French Polynesia,PYF,1997,11.866
French Polynesia,PYF,1996,11.92
French Polynesia,PYF,1995,11.941
French Polynesia,PYF,1994,11.98
French Polynesia,PYF,1993,11.778
French Polynesia,PYF,1992,11.724
French Polynesia,PYF,1991,11.591
French Polynesia,PYF,1990,
French Polynesia,PYF,1989,
French Polynesia,PYF,1988,
French Polynesia,PYF,1987,
French Polynesia,PYF,1986,
French Polynesia,PYF,1985,
French Polynesia,PYF,1984,
French Polynesia,PYF,1983,
French Polynesia,PYF,1982,
French Polynesia,PYF,1981,
French Polynesia,PYF,1980,
French Polynesia,PYF,1979,
French Polynesia,PYF,1978,
French Polynesia,PYF,1977,
French Polynesia,PYF,1976,
French Polynesia,PYF,1975,
French Polynesia,PYF,1974,
French Polynesia,PYF,1973,
French Polynesia,PYF,1972,
French Polynesia,PYF,1971,
French Polynesia,PYF,1970,
French Polynesia,PYF,1969,
French Polynesia,PYF,1968,
French Polynesia,PYF,1967,
French Polynesia,PYF,1966,
French Polynesia,PYF,1965,
French Polynesia,PYF,1964,
French Polynesia,PYF,1963,
French Polynesia,PYF,1962,
French Polynesia,PYF,1961,
French Polynesia,PYF,1960,
Gabon,GAB,2025,20.154
Gabon,GAB,2024,20.091
Gabon,GAB,2023,20.161
Gabon,GAB,2022,20.319
Gabon,GAB,2021,21.223
Gabon,GAB,2020,21.279
Gabon,GAB,2019,20.371
Gabon,GAB,2018,20.459
Gabon,GAB,2017,20.307
Gabon,GAB,2016,20.117
Gabon,GAB,2015,19.943
Gabon,GAB,2014,19.873
Gabon,GAB,2013,19.736
Gabon,GAB,2012,19.661
Gabon,GAB,2011,19.895
Gabon,GAB,2010,20.39
Gabon,GAB,2009,19.76
Gabon,GAB,2008,19.212
Gabon,GAB,2007,18.257
Gabon,GAB,2006,17.805
Gabon,GAB,2005,16.91
Gabon,GAB,2004,17.108
Gabon,GAB,2003,17.126
Gabon,GAB,2002,17.376
Gabon,GAB,2001,17.827
Gabon,GAB,2000,17.848
Gabon,GAB,1999,17.599
Gabon,GAB,1998,17.152
Gabon,GAB,1997,17.166
Gabon,GAB,1996,17.325
Gabon,GAB,1995,17.388
Gabon,GAB,1994,17.804
Gabon,GAB,1993,17.78
Gabon,GAB,1992,17.716
Gabon,GAB,1991,17.224
Gabon,GAB,1990,
Gabon,GAB,1989,
Gabon,GAB,1988,
Gabon,GAB,1987,
Gabon,GAB,1986,
Gabon,GAB,1985,
Gabon,GAB,1984,
Gabon,GAB,1983,
Gabon,GAB,1982,
Gabon,GAB,1981,
Gabon,GAB,1980,
Gabon,GAB,1979,
Gabon,GAB,1978,
Gabon,GAB,1977,
Gabon,GAB,1976,
Gabon,GAB,1975,
Gabon,GAB,1974,
Gabon,GAB,1973,
Gabon,GAB,1972,
Gabon,GAB,1971,
Gabon,GAB,1970,
Gabon,GAB,1969,
Gabon,GAB,1968,
Gabon,GAB,1967,
Gabon,GAB,1966,
Gabon,GAB,1965,
Gabon,GAB,1964,
Gabon,GAB,1963,
Gabon,GAB,1962,
Gabon,GAB,1961,
Gabon,GAB,1960,
"Gambia, The",GMB,2025,6.521
"Gambia, The",GMB,2024,6.48
"Gambia, The",GMB,2023,6.479
"Gambia, The",GMB,2022,6.067
"Gambia, The",GMB,2021,6.213
"Gambia, The",GMB,2020,5.84
"Gambia, The",GMB,2019,4.481
"Gambia, The",GMB,2018,4.055
"Gambia, The",GMB,2017,5.097
"Gambia, The",GMB,2016,6.244
"Gambia, The",GMB,2015,7.226
"Gambia, The",GMB,2014,8.191
"Gambia, The",GMB,2013,9.454
"Gambia, The",GMB,2012,10.346
"Gambia, The",GMB,2011,10.276
"Gambia, The",GMB,2010,9.673
"Gambia, The",GMB,2009,9.778
"Gambia, The",GMB,2008,10.065
"Gambia, The",GMB,2007,10.425
"Gambia, The",GMB,2006,10.241
"Gambia, The",GMB,2005,9.92
"Gambia, The",GMB,2004,9.948
"Gambia, The",GMB,2003,9.991
"Gambia, The",GMB,2002,10.039
"Gambia, The",GMB,2001,9.64
"Gambia, The",GMB,2000,9.722
"Gambia, The",GMB,1999,9.737
"Gambia, The",GMB,1998,9.898
"Gambia, The",GMB,1997,9.999
"Gambia, The",GMB,1996,10.192
"Gambia, The",GMB,1995,10.153
"Gambia, The",GMB,1994,10.044
"Gambia, The",GMB,1993,9.917
"Gambia, The",GMB,1992,9.888
"Gambia, The",GMB,1991,9.778
"Gambia, The",GMB,1990,
"Gambia, The",GMB,1989,
"Gambia, The",GMB,1988,
"Gambia, The",GMB,1987,
"Gambia, The",GMB,1986,
"Gambia, The",GMB,1985,
"Gambia, The",GMB,1984,
"Gambia, The",GMB,1983,
"Gambia, The",GMB,1982,
"Gambia, The",GMB,1981,
"Gambia, The",GMB,1980,
"Gambia, The",GMB,1979,
"Gambia, The",GMB,1978,
"Gambia, The",GMB,1977,
"Gambia, The",GMB,1976,
"Gambia, The",GMB,1975,
"Gambia, The",GMB,1974,
"Gambia, The",GMB,1973,
"Gambia, The",GMB,1972,
"Gambia, The",GMB,1971,
"Gambia, The",GMB,1970,
"Gambia, The",GMB,1969,
"Gambia, The",GMB,1968,
"Gambia, The",GMB,1967,
"Gambia, The",GMB,1966,
"Gambia, The",GMB,1965,
"Gambia, The",GMB,1964,
"Gambia, The",GMB,1963,
"Gambia, The",GMB,1962,
"Gambia, The",GMB,1961,
"Gambia, The",GMB,1960,
Georgia,GEO,2025,12.097
Georgia,GEO,2024,11.557
Georgia,GEO,2023,11.549
Georgia,GEO,2022,11.621
Georgia,GEO,2021,11.785
Georgia,GEO,2020,11.734
Georgia,GEO,2019,11.565
Georgia,GEO,2018,12.667
Georgia,GEO,2017,13.939
Georgia,GEO,2016,16.604
Georgia,GEO,2015,16.506
Georgia,GEO,2014,17.439
Georgia,GEO,2013,19.416
Georgia,GEO,2012,19.653
Georgia,GEO,2011,19.632
Georgia,GEO,2010,20.203
Georgia,GEO,2009,20.71
Georgia,GEO,2008,17.87
Georgia,GEO,2007,13.28
Georgia,GEO,2006,13.57
Georgia,GEO,2005,13.81
Georgia,GEO,2004,12.62
Georgia,GEO,2003,11.51
Georgia,GEO,2002,12.59
Georgia,GEO,2001,11.16
Georgia,GEO,2000,10.82
Georgia,GEO,1999,13.8
Georgia,GEO,1998,14.53
Georgia,GEO,1997,11.5
Georgia,GEO,1996,11.5
Georgia,GEO,1995,7.6
Georgia,GEO,1994,8.4
Georgia,GEO,1993,5.4
Georgia,GEO,1992,5.4
Georgia,GEO,1991,2.7
Georgia,GEO,1990,
Georgia,GEO,1989,
Georgia,GEO,1988,
Georgia,GEO,1987,
Georgia,GEO,1986,
Georgia,GEO,1985,
Georgia,GEO,1984,
Georgia,GEO,1983,
Georgia,GEO,1982,
Georgia,GEO,1981,
Georgia,GEO,1980,
Georgia,GEO,1979,
Georgia,GEO,1978,
Georgia,GEO,1977,
Georgia,GEO,1976,
Georgia,GEO,1975,
Georgia,GEO,1974,
Georgia,GEO,1973,
Georgia,GEO,1972,
Georgia,GEO,1971,
Georgia,GEO,1970,
Georgia,GEO,1969,
Georgia,GEO,1968,
Georgia,GEO,1967,
Georgia,GEO,1966,
Georgia,GEO,1965,
Georgia,GEO,1964,
Georgia,GEO,1963,
Georgia,GEO,1962,
Georgia,GEO,1961,
Georgia,GEO,1960,
Germany,DEU,2025,3.711
Germany,DEU,2024,3.4
Germany,DEU,2023,3.071
Germany,DEU,2022,3.137
Germany,DEU,2021,3.594
Germany,DEU,2020,3.881
Germany,DEU,2019,3.163
Germany,DEU,2018,3.384
Germany,DEU,2017,3.781
Germany,DEU,2016,4.104
Germany,DEU,2015,4.612
Germany,DEU,2014,4.979
Germany,DEU,2013,5.316
Germany,DEU,2012,5.372
Germany,DEU,2011,5.967
Germany,DEU,2010,7.043
Germany,DEU,2009,7.88
Germany,DEU,2008,7.508
Germany,DEU,2007,8.732
Germany,DEU,2006,10.277
Germany,DEU,2005,11.193
Germany,DEU,2004,10.727
Germany,DEU,2003,9.779
Germany,DEU,2002,8.482
Germany,DEU,2001,7.773
Germany,DEU,2000,7.917
Germany,DEU,1999,8.854
Germany,DEU,1998,9.787
Germany,DEU,1997,9.861
Germany,DEU,1996,8.822
Germany,DEU,1995,8.158
Germany,DEU,1994,8.727
Germany,DEU,1993,7.675
Germany,DEU,1992,6.323
Germany,DEU,1991,5.316
Germany,DEU,1990,
Germany,DEU,1989,
Germany,DEU,1988,
Germany,DEU,1987,
Germany,DEU,1986,
Germany,DEU,1985,
Germany,DEU,1984,
Germany,DEU,1983,
Germany,DEU,1982,
Germany,DEU,1981,
Germany,DEU,1980,
Germany,DEU,1979,
Germany,DEU,1978,
Germany,DEU,1977,
Germany,DEU,1976,
Germany,DEU,1975,
Germany,DEU,1974,
Germany,DEU,1973,
Germany,DEU,1972,
Germany,DEU,1971,
Germany,DEU,1970,
Germany,DEU,1969,
Germany,DEU,1968,
Germany,DEU,1967,
Germany,DEU,1966,
Germany,DEU,1965,
Germany,DEU,1964,
Germany,DEU,1963,
Germany,DEU,1962,
Germany,DEU,1961,
Germany,DEU,1960,
Ghana,GHA,2025,2.979
Ghana,GHA,2024,2.82
Ghana,GHA,2023,2.829
Ghana,GHA,2022,2.87
Ghana,GHA,2021,3.2
Ghana,GHA,2020,3.178
Ghana,GHA,2019,3.067
Ghana,GHA,2018,3.204
Ghana,GHA,2017,3.369
Ghana,GHA,2016,5.256
Ghana,GHA,2015,6.806
Ghana,GHA,2014,4.403
Ghana,GHA,2013,2.173
Ghana,GHA,2012,3.126
Ghana,GHA,2011,4.213
Ghana,GHA,2010,5.384
Ghana,GHA,2009,5.362
Ghana,GHA,2008,5.144
Ghana,GHA,2007,5.104
Ghana,GHA,2006,4.897
Ghana,GHA,2005,5.816
Ghana,GHA,2004,6.758
Ghana,GHA,2003,7.728
Ghana,GHA,2002,8.711
Ghana,GHA,2001,9.615
Ghana,GHA,2000,10.456
Ghana,GHA,1999,10.1
Ghana,GHA,1998,8.2
Ghana,GHA,1997,7.639
Ghana,GHA,1996,7.091
Ghana,GHA,1995,6.484
Ghana,GHA,1994,5.9
Ghana,GHA,1993,5.231
Ghana,GHA,1992,4.7
Ghana,GHA,1991,3.489
Ghana,GHA,1990,
Ghana,GHA,1989,
Ghana,GHA,1988,
Ghana,GHA,1987,
Ghana,GHA,1986,
Ghana,GHA,1985,
Ghana,GHA,1984,
Ghana,GHA,1983,
Ghana,GHA,1982,
Ghana,GHA,1981,
Ghana,GHA,1980,
Ghana,GHA,1979,
Ghana,GHA,1978,
Ghana,GHA,1977,
Ghana,GHA,1976,
Ghana,GHA,1975,
Ghana,GHA,1974,
Ghana,GHA,1973,
Ghana,GHA,1972,
Ghana,GHA,1971,
Ghana,GHA,1970,
Ghana,GHA,1969,
Ghana,GHA,1968,
Ghana,GHA,1967,
Ghana,GHA,1966,
Ghana,GHA,1965,
Ghana,GHA,1964,
Ghana,GHA,1963,
Ghana,GHA,1962,
Ghana,GHA,1961,
Ghana,GHA,1960,
Gibraltar,GIB,2025,
Gibraltar,GIB,2024,
Gibraltar,GIB,2023,
Gibraltar,GIB,2022,
Gibraltar,GIB,2021,
Gibraltar,GIB,2020,
Gibraltar,GIB,2019,
Gibraltar,GIB,2018,
Gibraltar,GIB,2017,
Gibraltar,GIB,2016,
Gibraltar,GIB,2015,
Gibraltar,GIB,2014,
Gibraltar,GIB,2013,
Gibraltar,GIB,2012,
Gibraltar,GIB,2011,
Gibraltar,GIB,2010,
Gibraltar,GIB,2009,
Gibraltar,GIB,2008,
Gibraltar,GIB,2007,
Gibraltar,GIB,2006,
Gibraltar,GIB,2005,
Gibraltar,GIB,2004,
Gibraltar,GIB,2003,
Gibraltar,GIB,2002,
Gibraltar,GIB,2001,
Gibraltar,GIB,2000,
Gibraltar,GIB,1999,
Gibraltar,GIB,1998,
Gibraltar,GIB,1997,
Gibraltar,GIB,1996,
Gibraltar,GIB,1995,
Gibraltar,GIB,1994,
Gibraltar,GIB,1993,
Gibraltar,GIB,1992,
Gibraltar,GIB,1991,
Gibraltar,GIB,1990,
Gibraltar,GIB,1989,
Gibraltar,GIB,1988,
Gibraltar,GIB,1987,
Gibraltar,GIB,1986,
Gibraltar,GIB,1985,
Gibraltar,GIB,1984,
Gibraltar,GIB,1983,
Gibraltar,GIB,1982,
Gibraltar,GIB,1981,
Gibraltar,GIB,1980,
Gibraltar,GIB,1979,
Gibraltar,GIB,1978,
Gibraltar,GIB,1977,
Gibraltar,GIB,1976,
Gibraltar,GIB,1975,
Gibraltar,GIB,1974,
Gibraltar,GIB,1973,
Gibraltar,GIB,1972,
Gibraltar,GIB,1971,
Gibraltar,GIB,1970,
Gibraltar,GIB,1969,
Gibraltar,GIB,1968,
Gibraltar,GIB,1967,
Gibraltar,GIB,1966,
Gibraltar,GIB,1965,
Gibraltar,GIB,1964,
Gibraltar,GIB,1963,
Gibraltar,GIB,1962,
Gibraltar,GIB,1961,
Gibraltar,GIB,1960,
Greece,GRC,2025,8.54
Greece,GRC,2024,10.02
Greece,GRC,2023,11.023
Greece,GRC,2022,12.426
Greece,GRC,2021,14.656
Greece,GRC,2020,15.899
Greece,GRC,2019,17.045
Greece,GRC,2018,19.179
Greece,GRC,2017,21.413
Greece,GRC,2016,23.514
Greece,GRC,2015,24.981
Greece,GRC,2014,26.708
Greece,GRC,2013,27.686
Greece,GRC,2012,24.731
Greece,GRC,2011,17.973
Greece,GRC,2010,12.719
Greece,GRC,2009,9.546
Greece,GRC,2008,7.664
Greece,GRC,2007,8.351
Greece,GRC,2006,8.906
Greece,GRC,2005,10.074
Greece,GRC,2004,10.628
Greece,GRC,2003,9.839
Greece,GRC,2002,10.346
Greece,GRC,2001,10.764
Greece,GRC,2000,11.345
Greece,GRC,1999,12.138
Greece,GRC,1998,12.227
Greece,GRC,1997,10.472
Greece,GRC,1996,10.402
Greece,GRC,1995,10.116
Greece,GRC,1994,9.808
Greece,GRC,1993,10.177
Greece,GRC,1992,8.927
Greece,GRC,1991,7.572
Greece,GRC,1990,
Greece,GRC,1989,
Greece,GRC,1988,
Greece,GRC,1987,
Greece,GRC,1986,
Greece,GRC,1985,
Greece,GRC,1984,
Greece,GRC,1983,
Greece,GRC,1982,
Greece,GRC,1981,
Greece,GRC,1980,
Greece,GRC,1979,
Greece,GRC,1978,
Greece,GRC,1977,
Greece,GRC,1976,
Greece,GRC,1975,
Greece,GRC,1974,
Greece,GRC,1973,
Greece,GRC,1972,
Greece,GRC,1971,
Greece,GRC,1970,
Greece,GRC,1969,
Greece,GRC,1968,
Greece,GRC,1967,
Greece,GRC,1966,
Greece,GRC,1965,
Greece,GRC,1964,
Greece,GRC,1963,
Greece,GRC,1962,
Greece,GRC,1961,
Greece,GRC,1960,
Greenland,GRL,2025,
Greenland,GRL,2024,
Greenland,GRL,2023,
Greenland,GRL,2022,
Greenland,GRL,2021,
Greenland,GRL,2020,
Greenland,GRL,2019,
Greenland,GRL,2018,
Greenland,GRL,2017,
Greenland,GRL,2016,
Greenland,GRL,2015,
Greenland,GRL,2014,
Greenland,GRL,2013,
Greenland,GRL,2012,
Greenland,GRL,2011,
Greenland,GRL,2010,
Greenland,GRL,2009,
Greenland,GRL,2008,
Greenland,GRL,2007,
Greenland,GRL,2006,
Greenland,GRL,2005,
Greenland,GRL,2004,
Greenland,GRL,2003,
Greenland,GRL,2002,
Greenland,GRL,2001,
Greenland,GRL,2000,
Greenland,GRL,1999,
Greenland,GRL,1998,
Greenland,GRL,1997,
Greenland,GRL,1996,
Greenland,GRL,1995,
Greenland,GRL,1994,
Greenland,GRL,1993,
Greenland,GRL,1992,
Greenland,GRL,1991,
Greenland,GRL,1990,
Greenland,GRL,1989,
Greenland,GRL,1988,
Greenland,GRL,1987,
Greenland,GRL,1986,
Greenland,GRL,1985,
Greenland,GRL,1984,
Greenland,GRL,1983,
Greenland,GRL,1982,
Greenland,GRL,1981,
Greenland,GRL,1980,
Greenland,GRL,1979,
Greenland,GRL,1978,
Greenland,GRL,1977,
Greenland,GRL,1976,
Greenland,GRL,1975,
Greenland,GRL,1974,
Greenland,GRL,1973,
Greenland,GRL,1972,
Greenland,GRL,1971,
Greenland,GRL,1970,
Greenland,GRL,1969,
Greenland,GRL,1968,
Greenland,GRL,1967,
Greenland,GRL,1966,
Greenland,GRL,1965,
Greenland,GRL,1964,
Greenland,GRL,1963,
Greenland,GRL,1962,
Greenland,GRL,1961,
Greenland,GRL,1960,
Grenada,GRD,2025,
Grenada,GRD,2024,
Grenada,GRD,2023,
Grenada,GRD,2022,
Grenada,GRD,2021,
Grenada,GRD,2020,
Grenada,GRD,2019,
Grenada,GRD,2018,
Grenada,GRD,2017,
Grenada,GRD,2016,
Grenada,GRD,2015,
Grenada,GRD,2014,
Grenada,GRD,2013,
Grenada,GRD,2012,
Grenada,GRD,2011,
Grenada,GRD,2010,
Grenada,GRD,2009,
Grenada,GRD,2008,
Grenada,GRD,2007,
Grenada,GRD,2006,
Grenada,GRD,2005,
Grenada,GRD,2004,
Grenada,GRD,2003,
Grenada,GRD,2002,
Grenada,GRD,2001,
Grenada,GRD,2000,
Grenada,GRD,1999,
Grenada,GRD,1998,
Grenada,GRD,1997,
Grenada,GRD,1996,
Grenada,GRD,1995,
Grenada,GRD,1994,
Grenada,GRD,1993,
Grenada,GRD,1992,
Grenada,GRD,1991,
Grenada,GRD,1990,
Grenada,GRD,1989,
Grenada,GRD,1988,
Grenada,GRD,1987,
Grenada,GRD,1986,
Grenada,GRD,1985,
Grenada,GRD,1984,
Grenada,GRD,1983,
Grenada,GRD,1982,
Grenada,GRD,1981,
Grenada,GRD,1980,
Grenada,GRD,1979,
Grenada,GRD,1978,
Grenada,GRD,1977,
Grenada,GRD,1976,
Grenada,GRD,1975,
Grenada,GRD,1974,
Grenada,GRD,1973,
Grenada,GRD,1972,
Grenada,GRD,1971,
Grenada,GRD,1970,
Grenada,GRD,1969,
Grenada,GRD,1968,
Grenada,GRD,1967,
Grenada,GRD,1966,
Grenada,GRD,1965,
Grenada,GRD,1964,
Grenada,GRD,1963,
Grenada,GRD,1962,
Grenada,GRD,1961,
Grenada,GRD,1960,
Guam,GUM,2025,5.569
Guam,GUM,2024,5.252
Guam,GUM,2023,5.262
Guam,GUM,2022,5.383
Guam,GUM,2021,6.0
Guam,GUM,2020,6.241
Guam,GUM,2019,5.405
Guam,GUM,2018,5.45
Guam,GUM,2017,5.418
Guam,GUM,2016,5.4
Guam,GUM,2015,6.9
Guam,GUM,2014,7.6
Guam,GUM,2013,11.5
Guam,GUM,2012,12.2
Guam,GUM,2011,13.3
Guam,GUM,2010,8.2
Guam,GUM,2009,9.3
Guam,GUM,2008,8.892
Guam,GUM,2007,8.3
Guam,GUM,2006,7.4
Guam,GUM,2005,7.0
Guam,GUM,2004,7.7
Guam,GUM,2003,9.693
Guam,GUM,2002,11.39
Guam,GUM,2001,13.213
Guam,GUM,2000,15.32
Guam,GUM,1999,13.95
Guam,GUM,1998,7.74
Guam,GUM,1997,9.67
Guam,GUM,1996,8.283
Guam,GUM,1995,7.9
Guam,GUM,1994,7.6
Guam,GUM,1993,5.527
Guam,GUM,1992,3.837
Guam,GUM,1991,3.509
Guam,GUM,1990,
Guam,GUM,1989,
Guam,GUM,1988,
Guam,GUM,1987,
Guam,GUM,1986,
Guam,GUM,1985,
Guam,GUM,1984,
Guam,GUM,1983,
Guam,GUM,1982,
Guam,GUM,1981,
Guam,GUM,1980,
Guam,GUM,1979,
Guam,GUM,1978,
Guam,GUM,1977,
Guam,GUM,1976,
Guam,GUM,1975,
Guam,GUM,1974,
Guam,GUM,1973,
Guam,GUM,1972,
Guam,GUM,1971,
Guam,GUM,1970,
Guam,GUM,1969,
Guam,GUM,1968,
Guam,GUM,1967,
Guam,GUM,1966,
Guam,GUM,1965,
Guam,GUM,1964,
Guam,GUM,1963,
Guam,GUM,1962,
Guam,GUM,1961,
Guam,GUM,1960,
Guatemala,GTM,2025,2.604
Guatemala,GTM,2024,2.613
Guatemala,GTM,2023,2.344
Guatemala,GTM,2022,3.051
Guatemala,GTM,2021,2.174
Guatemala,GTM,2020,2.965
Guatemala,GTM,2019,2.193
Guatemala,GTM,2018,2.283
Guatemala,GTM,2017,2.462
Guatemala,GTM,2016,2.583
Guatemala,GTM,2015,2.506
Guatemala,GTM,2014,2.717
Guatemala,GTM,2013,3.017
Guatemala,GTM,2012,2.765
Guatemala,GTM,2011,3.169
Guatemala,GTM,2010,3.497
Guatemala,GTM,2009,3.22
Guatemala,GTM,2008,2.898
Guatemala,GTM,2007,2.847
Guatemala,GTM,2006,2.96
Guatemala,GTM,2005,3.059
Guatemala,GTM,2004,2.971
Guatemala,GTM,2003,2.807
Guatemala,GTM,2002,2.254
Guatemala,GTM,2001,2.251
Guatemala,GTM,2000,2.143
Guatemala,GTM,1999,2.113
Guatemala,GTM,1998,2.145
Guatemala,GTM,1997,2.145
Guatemala,GTM,1996,2.156
Guatemala,GTM,1995,2.117
Guatemala,GTM,1994,2.12
Guatemala,GTM,1993,2.133
Guatemala,GTM,1992,2.163
Guatemala,GTM,1991,2.197
Guatemala,GTM,1990,
Guatemala,GTM,1989,
Guatemala,GTM,1988,
Guatemala,GTM,1987,
Guatemala,GTM,1986,
Guatemala,GTM,1985,
Guatemala,GTM,1984,
Guatemala,GTM,1983,
Guatemala,GTM,1982,
Guatemala,GTM,1981,
Guatemala,GTM,1980,
Guatemala,GTM,1979,
Guatemala,GTM,1978,
Guatemala,GTM,1977,
Guatemala,GTM,1976,
Guatemala,GTM,1975,
Guatemala,GTM,1974,
Guatemala,GTM,1973,
Guatemala,GTM,1972,
Guatemala,GTM,1971,
Guatemala,GTM,1970,
Guatemala,GTM,1969,
Guatemala,GTM,1968,
Guatemala,GTM,1967,
Guatemala,GTM,1966,
Guatemala,GTM,1965,
Guatemala,GTM,1964,
Guatemala,GTM,1963,
Guatemala,GTM,1962,
Guatemala,GTM,1961,
Guatemala,GTM,1960,
Guinea,GIN,2025,5.163
Guinea,GIN,2024,5.132
Guinea,GIN,2023,5.141
Guinea,GIN,2022,5.174
Guinea,GIN,2021,5.815
Guinea,GIN,2020,6.007
Guinea,GIN,2019,5.018
Guinea,GIN,2018,4.835
Guinea,GIN,2017,4.86
Guinea,GIN,2016,4.997
Guinea,GIN,2015,5.15
Guinea,GIN,2014,5.044
Guinea,GIN,2013,4.944
Guinea,GIN,2012,4.874
Guinea,GIN,2011,5.024
Guinea,GIN,2010,5.018
Guinea,GIN,2009,4.914
Guinea,GIN,2008,4.803
Guinea,GIN,2007,4.787
Guinea,GIN,2006,4.863
Guinea,GIN,2005,4.814
Guinea,GIN,2004,4.709
Guinea,GIN,2003,4.628
Guinea,GIN,2002,4.549
Guinea,GIN,2001,4.584
Guinea,GIN,2000,4.586
Guinea,GIN,1999,4.517
Guinea,GIN,1998,4.501
Guinea,GIN,1997,4.477
Guinea,GIN,1996,4.509
Guinea,GIN,1995,4.494
Guinea,GIN,1994,4.527
Guinea,GIN,1993,4.561
Guinea,GIN,1992,4.58
Guinea,GIN,1991,4.56
Guinea,GIN,1990,
Guinea,GIN,1989,
Guinea,GIN,1988,
Guinea,GIN,1987,
Guinea,GIN,1986,
Guinea,GIN,1985,
Guinea,GIN,1984,
Guinea,GIN,1983,
Guinea,GIN,1982,
Guinea,GIN,1981,
Guinea,GIN,1980,
Guinea,GIN,1979,
Guinea,GIN,1978,
Guinea,GIN,1977,
Guinea,GIN,1976,
Guinea,GIN,1975,
Guinea,GIN,1974,
Guinea,GIN,1973,
Guinea,GIN,1972,
Guinea,GIN,1971,
Guinea,GIN,1970,
Guinea,GIN,1969,
Guinea,GIN,1968,
Guinea,GIN,1967,
Guinea,GIN,1966,
Guinea,GIN,1965,
Guinea,GIN,1964,
Guinea,GIN,1963,
Guinea,GIN,1962,
Guinea,GIN,1961,
Guinea,GIN,1960,
Guinea-Bissau,GNB,2025,2.673
Guinea-Bissau,GNB,2024,2.647
Guinea-Bissau,GNB,2023,2.632
Guinea-Bissau,GNB,2022,2.666
Guinea-Bissau,GNB,2021,3.016
Guinea-Bissau,GNB,2020,2.887
Guinea-Bissau,GNB,2019,2.413
Guinea-Bissau,GNB,2018,3.127
Guinea-Bissau,GNB,2017,3.089
Guinea-Bissau,GNB,2016,3.139
Guinea-Bissau,GNB,2015,3.168
Guinea-Bissau,GNB,2014,3.285
Guinea-Bissau,GNB,2013,3.173
Guinea-Bissau,GNB,2012,3.135
Guinea-Bissau,GNB,2011,3.072
Guinea-Bissau,GNB,2010,3.121
Guinea-Bissau,GNB,2009,3.163
Guinea-Bissau,GNB,2008,3.157
Guinea-Bissau,GNB,2007,3.125
Guinea-Bissau,GNB,2006,3.143
Guinea-Bissau,GNB,2005,3.184
Guinea-Bissau,GNB,2004,3.226
Guinea-Bissau,GNB,2003,3.169
Guinea-Bissau,GNB,2002,3.146
Guinea-Bissau,GNB,2001,2.958
Guinea-Bissau,GNB,2000,3.358
Guinea-Bissau,GNB,1999,3.269
Guinea-Bissau,GNB,1998,3.349
Guinea-Bissau,GNB,1997,2.951
Guinea-Bissau,GNB,1996,2.994
Guinea-Bissau,GNB,1995,3.126
Guinea-Bissau,GNB,1994,3.173
Guinea-Bissau,GNB,1993,3.143
Guinea-Bissau,GNB,1992,3.083
Guinea-Bissau,GNB,1991,3.009
Guinea-Bissau,GNB,1990,
Guinea-Bissau,GNB,1989,
Guinea-Bissau,GNB,1988,
Guinea-Bissau,GNB,1987,
Guinea-Bissau,GNB,1986,
Guinea-Bissau,GNB,1985,
Guinea-Bissau,GNB,1984,
Guinea-Bissau,GNB,1983,
Guinea-Bissau,GNB,1982,
Guinea-Bissau,GNB,1981,
Guinea-Bissau,GNB,1980,
Guinea-Bissau,GNB,1979,
Guinea-Bissau,GNB,1978,
Guinea-Bissau,GNB,1977,
Guinea-Bissau,GNB,1976,
Guinea-Bissau,GNB,1975,
Guinea-Bissau,GNB,1974,
Guinea-Bissau,GNB,1973,
Guinea-Bissau,GNB,1972,
Guinea-Bissau,GNB,1971,
Guinea-Bissau,GNB,1970,
Guinea-Bissau,GNB,1969,
Guinea-Bissau,GNB,1968,
Guinea-Bissau,GNB,1967,
Guinea-Bissau,GNB,1966,
Guinea-Bissau,GNB,1965,
Guinea-Bissau,GNB,1964,
Guinea-Bissau,GNB,1963,
Guinea-Bissau,GNB,1962,
Guinea-Bissau,GNB,1961,
Guinea-Bissau,GNB,1960,
Guyana,GUY,2025,11.962
Guyana,GUY,2024,11.874
Guyana,GUY,2023,11.917
Guyana,GUY,2022,11.907
Guyana,GUY,2021,14.576
Guyana,GUY,2020,15.308
Guyana,GUY,2019,13.172
Guyana,GUY,2018,13.627
Guyana,GUY,2017,13.466
Guyana,GUY,2016,13.263
Guyana,GUY,2015,13.009
Guyana,GUY,2014,12.637
Guyana,GUY,2013,12.296
Guyana,GUY,2012,12.029
Guyana,GUY,2011,11.811
Guyana,GUY,2010,11.632
Guyana,GUY,2009,11.307
Guyana,GUY,2008,11.018
Guyana,GUY,2007,10.84
Guyana,GUY,2006,10.7
Guyana,GUY,2005,11.085
Guyana,GUY,2004,11.281
Guyana,GUY,2003,11.529
Guyana,GUY,2002,11.81
Guyana,GUY,2001,11.796
Guyana,GUY,2000,11.917
Guyana,GUY,1999,11.771
Guyana,GUY,1998,11.687
Guyana,GUY,1997,11.565
Guyana,GUY,1996,11.542
Guyana,GUY,1995,11.566
Guyana,GUY,1994,11.534
Guyana,GUY,1993,11.617
Guyana,GUY,1992,11.9
Guyana,GUY,1991,12.092
Guyana,GUY,1990,
Guyana,GUY,1989,
Guyana,GUY,1988,
Guyana,GUY,1987,
Guyana,GUY,1986,
Guyana,GUY,1985,
Guyana,GUY,1984,
Guyana,GUY,1983,
Guyana,GUY,1982,
Guyana,GUY,1981,
Guyana,GUY,1980,
Guyana,GUY,1979,
Guyana,GUY,1978,
Guyana,GUY,1977,
Guyana,GUY,1976,
Guyana,GUY,1975,
Guyana,GUY,1974,
Guyana,GUY,1973,
Guyana,GUY,1972,
Guyana,GUY,1971,
Guyana,GUY,1970,
Guyana,GUY,1969,
Guyana,GUY,1968,
Guyana,GUY,1967,
Guyana,GUY,1966,
Guyana,GUY,1965,
Guyana,GUY,1964,
Guyana,GUY,1963,
Guyana,GUY,1962,
Guyana,GUY,1961,
Guyana,GUY,1960,
Haiti,HTI,2025,14.944
Haiti,HTI,2024,14.609
Haiti,HTI,2023,14.459
Haiti,HTI,2022,14.54
Haiti,HTI,2021,15.296
Haiti,HTI,2020,15.573
Haiti,HTI,2019,14.095
Haiti,HTI,2018,13.934
Haiti,HTI,2017,13.932
Haiti,HTI,2016,13.902
Haiti,HTI,2015,13.785
Haiti,HTI,2014,13.808
Haiti,HTI,2013,13.704
Haiti,HTI,2012,14.1
Haiti,HTI,2011,14.506
Haiti,HTI,2010,15.244
Haiti,HTI,2009,15.398
Haiti,HTI,2008,16.204
Haiti,HTI,2007,16.8
Haiti,HTI,2006,15.866
Haiti,HTI,2005,14.559
Haiti,HTI,2004,13.415
Haiti,HTI,2003,12.151
Haiti,HTI,2002,11.008
Haiti,HTI,2001,9.728
Haiti,HTI,2000,8.443
Haiti,HTI,1999,7.2
Haiti,HTI,1998,7.165
Haiti,HTI,1997,7.003
Haiti,HTI,1996,7.304
Haiti,HTI,1995,7.51
Haiti,HTI,1994,7.858
Haiti,HTI,1993,7.534
Haiti,HTI,1992,7.387
Haiti,HTI,1991,7.329
Haiti,HTI,1990,
Haiti,HTI,1989,
Haiti,HTI,1988,
Haiti,HTI,1987,
Haiti,HTI,1986,
Haiti,HTI,1985,
Haiti,HTI,1984,
Haiti,HTI,1983,
Haiti,HTI,1982,
Haiti,HTI,1981,
Haiti,HTI,1980,
Haiti,HTI,1979,
Haiti,HTI,1978,
Haiti,HTI,1977,
Haiti,HTI,1976,
Haiti,HTI,1975,
Haiti,HTI,1974,
Haiti,HTI,1973,
Haiti,HTI,1972,
Haiti,HTI,1971,
Haiti,HTI,1970,
Haiti,HTI,1969,
Haiti,HTI,1968,
Haiti,HTI,1967,
Haiti,HTI,1966,
Haiti,HTI,1965,
Haiti,HTI,1964,
Haiti,HTI,1963,
Haiti,HTI,1962,
Haiti,HTI,1961,
Haiti,HTI,1960,
Honduras,HND,2025,4.92
Honduras,HND,2024,4.91
Honduras,HND,2023,6.07
Honduras,HND,2022,8.774
Honduras,HND,2021,8.506
Honduras,HND,2020,10.982
Honduras,HND,2019,5.698
Honduras,HND,2018,5.648
Honduras,HND,2017,5.528
Honduras,HND,2016,6.727
Honduras,HND,2015,6.147
Honduras,HND,2014,7.078
Honduras,HND,2013,5.646
Honduras,HND,2012,3.755
Honduras,HND,2011,4.474
Honduras,HND,2010,4.119
Honduras,HND,2009,3.292
Honduras,HND,2008,3.156
Honduras,HND,2007,3.211
Honduras,HND,2006,3.574
Honduras,HND,2005,4.909
Honduras,HND,2004,5.99
Honduras,HND,2003,5.3
Honduras,HND,2002,4.02
Honduras,HND,2001,4.0
Honduras,HND,2000,3.883
Honduras,HND,1999,3.85
Honduras,HND,1998,4.02
Honduras,HND,1997,3.32
Honduras,HND,1996,4.37
Honduras,HND,1995,3.24
Honduras,HND,1994,3.138
Honduras,HND,1993,3.098
Honduras,HND,1992,3.06
Honduras,HND,1991,4.58
Honduras,HND,1990,
Honduras,HND,1989,
Honduras,HND,1988,
Honduras,HND,1987,
Honduras,HND,1986,
Honduras,HND,1985,
Honduras,HND,1984,
Honduras,HND,1983,
Honduras,HND,1982,
Honduras,HND,1981,
Honduras,HND,1980,
Honduras,HND,1979,
Honduras,HND,1978,
Honduras,HND,1977,
Honduras,HND,1976,
Honduras,HND,1975,
Honduras,HND,1974,
Honduras,HND,1973,
Honduras,HND,1972,
Honduras,HND,1971,
Honduras,HND,1970,
Honduras,HND,1969,
Honduras,HND,1968,
Honduras,HND,1967,
Honduras,HND,1966,
Honduras,HND,1965,
Honduras,HND,1964,
Honduras,HND,1963,
Honduras,HND,1962,
Honduras,HND,1961,
Honduras,HND,1960,
"Hong Kong SAR, China",HKG,2025,2.799
"Hong Kong SAR, China",HKG,2024,2.988
"Hong Kong SAR, China",HKG,2023,2.949
"Hong Kong SAR, China",HKG,2022,4.318
"Hong Kong SAR, China",HKG,2021,5.174
"Hong Kong SAR, China",HKG,2020,5.808
"Hong Kong SAR, China",HKG,2019,2.917
"Hong Kong SAR, China",HKG,2018,2.805
"Hong Kong SAR, China",HKG,2017,3.124
"Hong Kong SAR, China",HKG,2016,3.392
"Hong Kong SAR, China",HKG,2015,3.314
"Hong Kong SAR, China",HKG,2014,3.296
"Hong Kong SAR, China",HKG,2013,3.4
"Hong Kong SAR, China",HKG,2012,3.285
"Hong Kong SAR, China",HKG,2011,3.422
"Hong Kong SAR, China",HKG,2010,4.329
"Hong Kong SAR, China",HKG,2009,5.26
"Hong Kong SAR, China",HKG,2008,3.56
"Hong Kong SAR, China",HKG,2007,4.01
"Hong Kong SAR, China",HKG,2006,4.77
"Hong Kong SAR, China",HKG,2005,5.58
"Hong Kong SAR, China",HKG,2004,6.74
"Hong Kong SAR, China",HKG,2003,7.86
"Hong Kong SAR, China",HKG,2002,7.28
"Hong Kong SAR, China",HKG,2001,5.09
"Hong Kong SAR, China",HKG,2000,4.92
"Hong Kong SAR, China",HKG,1999,6.25
"Hong Kong SAR, China",HKG,1998,4.58
"Hong Kong SAR, China",HKG,1997,2.22
"Hong Kong SAR, China",HKG,1996,2.83
"Hong Kong SAR, China",HKG,1995,3.22
"Hong Kong SAR, China",HKG,1994,1.9
"Hong Kong SAR, China",HKG,1993,1.96
"Hong Kong SAR, China",HKG,1992,1.96
"Hong Kong SAR, China",HKG,1991,1.8
"Hong Kong SAR, China",HKG,1990,
"Hong Kong SAR, China",HKG,1989,
"Hong Kong SAR, China",HKG,1988,
"Hong Kong SAR, China",HKG,1987,
"Hong Kong SAR, China",HKG,1986,
"Hong Kong SAR, China",HKG,1985,
"Hong Kong SAR, China",HKG,1984,
"Hong Kong SAR, China",HKG,1983,
"Hong Kong SAR, China",HKG,1982,
"Hong Kong SAR, China",HKG,1981,
"Hong Kong SAR, China",HKG,1980,
"Hong Kong SAR, China",HKG,1979,
"Hong Kong SAR, China",HKG,1978,
"Hong Kong SAR, China",HKG,1977,
"Hong Kong SAR, China",HKG,1976,
"Hong Kong SAR, China",HKG,1975,
"Hong Kong SAR, China",HKG,1974,
"Hong Kong SAR, China",HKG,1973,
"Hong Kong SAR, China",HKG,1972,
"Hong Kong SAR, China",HKG,1971,
"Hong Kong SAR, China",HKG,1970,
"Hong Kong SAR, China",HKG,1969,
"Hong Kong SAR, China",HKG,1968,
"Hong Kong SAR, China",HKG,1967,
"Hong Kong SAR, China",HKG,1966,
"Hong Kong SAR, China",HKG,1965,
"Hong Kong SAR, China",HKG,1964,
"Hong Kong SAR, China",HKG,1963,
"Hong Kong SAR, China",HKG,1962,
"Hong Kong SAR, China",HKG,1961,
"Hong Kong SAR, China",HKG,1960,
Hungary,HUN,2025,4.521
Hungary,HUN,2024,4.5
Hungary,HUN,2023,4.096
Hungary,HUN,2022,3.583
Hungary,HUN,2021,4.021
Hungary,HUN,2020,4.248
Hungary,HUN,2019,3.411
Hungary,HUN,2018,3.667
Hungary,HUN,2017,4.156
Hungary,HUN,2016,5.115
Hungary,HUN,2015,6.813
Hungary,HUN,2014,7.725
Hungary,HUN,2013,10.177
Hungary,HUN,2012,11.003
Hungary,HUN,2011,11.029
Hungary,HUN,2010,11.172
Hungary,HUN,2009,10.03
Hungary,HUN,2008,7.817
Hungary,HUN,2007,7.406
Hungary,HUN,2006,7.494
Hungary,HUN,2005,7.189
Hungary,HUN,2004,5.832
Hungary,HUN,2003,5.79
Hungary,HUN,2002,5.608
Hungary,HUN,2001,5.671
Hungary,HUN,2000,6.563
Hungary,HUN,1999,6.929
Hungary,HUN,1998,8.925
Hungary,HUN,1997,8.991
Hungary,HUN,1996,10.022
Hungary,HUN,1995,10.168
Hungary,HUN,1994,10.847
Hungary,HUN,1993,12.098
Hungary,HUN,1992,9.942
Hungary,HUN,1991,8.5
Hungary,HUN,1990,
Hungary,HUN,1989,
Hungary,HUN,1988,
Hungary,HUN,1987,
Hungary,HUN,1986,
Hungary,HUN,1985,
Hungary,HUN,1984,
Hungary,HUN,1983,
Hungary,HUN,1982,
Hungary,HUN,1981,
Hungary,HUN,1980,
Hungary,HUN,1979,
Hungary,HUN,1978,
Hungary,HUN,1977,
Hungary,HUN,1976,
Hungary,HUN,1975,
Hungary,HUN,1974,
Hungary,HUN,1973,
Hungary,HUN,1972,
Hungary,HUN,1971,
Hungary,HUN,1970,
Hungary,HUN,1969,
Hungary,HUN,1968,
Hungary,HUN,1967,
Hungary,HUN,1966,
Hungary,HUN,1965,
Hungary,HUN,1964,
Hungary,HUN,1963,
Hungary,HUN,1962,
Hungary,HUN,1961,
Hungary,HUN,1960,
Iceland,ISL,2025,3.625
Iceland,ISL,2024,3.6
Iceland,ISL,2023,3.518
Iceland,ISL,2022,3.789
Iceland,ISL,2021,6.029
Iceland,ISL,2020,5.478
Iceland,ISL,2019,3.507
Iceland,ISL,2018,2.704
Iceland,ISL,2017,2.742
Iceland,ISL,2016,2.978
Iceland,ISL,2015,3.979
Iceland,ISL,2014,4.897
Iceland,ISL,2013,5.376
Iceland,ISL,2012,6.0
Iceland,ISL,2011,7.028
Iceland,ISL,2010,7.564
Iceland,ISL,2009,7.22
Iceland,ISL,2008,2.946
Iceland,ISL,2007,2.251
Iceland,ISL,2006,2.83
Iceland,ISL,2005,2.547
Iceland,ISL,2004,4.031
Iceland,ISL,2003,3.997
Iceland,ISL,2002,2.988
Iceland,ISL,2001,1.874
Iceland,ISL,2000,1.936
Iceland,ISL,1999,2.178
Iceland,ISL,1998,3.069
Iceland,ISL,1997,3.72
Iceland,ISL,1996,3.6
Iceland,ISL,1995,5.196
Iceland,ISL,1994,5.326
Iceland,ISL,1993,5.257
Iceland,ISL,1992,4.305
Iceland,ISL,1991,2.548
Iceland,ISL,1990,
Iceland,ISL,1989,
Iceland,ISL,1988,
Iceland,ISL,1987,
Iceland,ISL,1986,
Iceland,ISL,1985,
Iceland,ISL,1984,
Iceland,ISL,1983,
Iceland,ISL,1982,
Iceland,ISL,1981,
Iceland,ISL,1980,
Iceland,ISL,1979,
Iceland,ISL,1978,
Iceland,ISL,1977,
Iceland,ISL,1976,
Iceland,ISL,1975,
Iceland,ISL,1974,
Iceland,ISL,1973,
Iceland,ISL,1972,
Iceland,ISL,1971,
Iceland,ISL,1970,
Iceland,ISL,1969,
Iceland,ISL,1968,
Iceland,ISL,1967,
Iceland,ISL,1966,
Iceland,ISL,1965,
Iceland,ISL,1964,
Iceland,ISL,1963,
Iceland,ISL,1962,
Iceland,ISL,1961,
Iceland,ISL,1960,
India,IND,2025,4.219
India,IND,2024,4.173
India,IND,2023,4.172
India,IND,2022,4.822
India,IND,2021,6.38
India,IND,2020,7.859
India,IND,2019,6.51
India,IND,2018,7.652
India,IND,2017,7.626
India,IND,2016,7.611
India,IND,2015,7.629
India,IND,2014,7.656
India,IND,2013,7.678
India,IND,2012,7.645
India,IND,2011,7.609
India,IND,2010,7.631
India,IND,2009,7.636
India,IND,2008,7.629
India,IND,2007,7.562
India,IND,2006,7.553
India,IND,2005,7.551
India,IND,2004,7.598
India,IND,2003,7.633
India,IND,2002,7.681
India,IND,2001,7.611
India,IND,2000,7.589
India,IND,1999,7.583
India,IND,1998,7.596
India,IND,1997,7.574
India,IND,1996,7.537
India,IND,1995,7.57
India,IND,1994,7.593
India,IND,1993,7.662
India,IND,1992,7.649
India,IND,1991,7.641
India,IND,1990,
India,IND,1989,
India,IND,1988,
India,IND,1987,
India,IND,1986,
India,IND,1985,
India,IND,1984,
India,IND,1983,
India,IND,1982,
India,IND,1981,
India,IND,1980,
India,IND,1979,
India,IND,1978,
India,IND,1977,
India,IND,1976,
India,IND,1975,
India,IND,1974,
India,IND,1973,
India,IND,1972,
India,IND,1971,
India,IND,1970,
India,IND,1969,
India,IND,1968,
India,IND,1967,
India,IND,1966,
India,IND,1965,
India,IND,1964,
India,IND,1963,
India,IND,1962,
India,IND,1961,
India,IND,1960,
Indonesia,IDN,2025,3.237
Indonesia,IDN,2024,3.301
Indonesia,IDN,2023,3.308
Indonesia,IDN,2022,3.462
Indonesia,IDN,2021,3.827
Indonesia,IDN,2020,4.255
Indonesia,IDN,2019,3.59
Indonesia,IDN,2018,4.387
Indonesia,IDN,2017,3.783
Indonesia,IDN,2016,4.301
Indonesia,IDN,2015,4.514
Indonesia,IDN,2014,4.049
Indonesia,IDN,2013,4.336
Indonesia,IDN,2012,4.468
Indonesia,IDN,2011,5.153
Indonesia,IDN,2010,5.614
Indonesia,IDN,2009,6.106
Indonesia,IDN,2008,7.208
Indonesia,IDN,2007,8.06
Indonesia,IDN,2006,7.551
Indonesia,IDN,2005,7.945
Indonesia,IDN,2004,7.303
Indonesia,IDN,2003,6.657
Indonesia,IDN,2002,6.604
Indonesia,IDN,2001,6.082
Indonesia,IDN,2000,6.077
Indonesia,IDN,1999,6.358
Indonesia,IDN,1998,5.459
Indonesia,IDN,1997,4.684
Indonesia,IDN,1996,4.861
Indonesia,IDN,1995,4.611
Indonesia,IDN,1994,4.366
Indonesia,IDN,1993,2.782
Indonesia,IDN,1992,2.734
Indonesia,IDN,1991,2.617
Indonesia,IDN,1990,
Indonesia,IDN,1989,
Indonesia,IDN,1988,
Indonesia,IDN,1987,
Indonesia,IDN,1986,
Indonesia,IDN,1985,
Indonesia,IDN,1984,
Indonesia,IDN,1983,
Indonesia,IDN,1982,
Indonesia,IDN,1981,
Indonesia,IDN,1980,
Indonesia,IDN,1979,
Indonesia,IDN,1978,
Indonesia,IDN,1977,
Indonesia,IDN,1976,
Indonesia,IDN,1975,
Indonesia,IDN,1974,
Indonesia,IDN,1973,
Indonesia,IDN,1972,
Indonesia,IDN,1971,
Indonesia,IDN,1970,
Indonesia,IDN,1969,
Indonesia,IDN,1968,
Indonesia,IDN,1967,
Indonesia,IDN,1966,
Indonesia,IDN,1965,
Indonesia,IDN,1964,
Indonesia,IDN,1963,
Indonesia,IDN,1962,
Indonesia,IDN,1961,
Indonesia,IDN,1960,
"Iran, Islamic Rep.",IRN,2025,8.301
"Iran, Islamic Rep.",IRN,2024,8.146
"Iran, Islamic Rep.",IRN,2023,8.129
"Iran, Islamic Rep.",IRN,2022,9.085
"Iran, Islamic Rep.",IRN,2021,9.282
"Iran, Islamic Rep.",IRN,2020,9.687
"Iran, Islamic Rep.",IRN,2019,10.74
"Iran, Islamic Rep.",IRN,2018,12.195
"Iran, Islamic Rep.",IRN,2017,12.232
"Iran, Islamic Rep.",IRN,2016,12.618
"Iran, Islamic Rep.",IRN,2015,11.166
"Iran, Islamic Rep.",IRN,2014,10.68
"Iran, Islamic Rep.",IRN,2013,10.595
"Iran, Islamic Rep.",IRN,2012,12.275
"Iran, Islamic Rep.",IRN,2011,12.491
"Iran, Islamic Rep.",IRN,2010,13.679
"Iran, Islamic Rep.",IRN,2009,12.113
"Iran, Islamic Rep.",IRN,2008,10.63
"Iran, Islamic Rep.",IRN,2007,10.772
"Iran, Islamic Rep.",IRN,2006,11.519
"Iran, Islamic Rep.",IRN,2005,11.813
"Iran, Islamic Rep.",IRN,2004,10.3
"Iran, Islamic Rep.",IRN,2003,11.529
"Iran, Islamic Rep.",IRN,2002,12.8
"Iran, Islamic Rep.",IRN,2001,12.362
"Iran, Islamic Rep.",IRN,2000,11.698
"Iran, Islamic Rep.",IRN,1999,11.176
"Iran, Islamic Rep.",IRN,1998,10.358
"Iran, Islamic Rep.",IRN,1997,9.68
"Iran, Islamic Rep.",IRN,1996,9.1
"Iran, Islamic Rep.",IRN,1995,9.904
"Iran, Islamic Rep.",IRN,1994,10.458
"Iran, Islamic Rep.",IRN,1993,10.573
"Iran, Islamic Rep.",IRN,1992,10.653
"Iran, Islamic Rep.",IRN,1991,11.1
"Iran, Islamic Rep.",IRN,1990,
"Iran, Islamic Rep.",IRN,1989,
"Iran, Islamic Rep.",IRN,1988,
"Iran, Islamic Rep.",IRN,1987,
"Iran, Islamic Rep.",IRN,1986,
"Iran, Islamic Rep.",IRN,1985,
"Iran, Islamic Rep.",IRN,1984,
"Iran, Islamic Rep.",IRN,1983,
"Iran, Islamic Rep.",IRN,1982,
"Iran, Islamic Rep.",IRN,1981,
"Iran, Islamic Rep.",IRN,1980,
"Iran, Islamic Rep.",IRN,1979,
"Iran, Islamic Rep.",IRN,1978,
"Iran, Islamic Rep.",IRN,1977,
"Iran, Islamic Rep.",IRN,1976,
"Iran, Islamic Rep.",IRN,1975,
"Iran, Islamic Rep.",IRN,1974,
"Iran, Islamic Rep.",IRN,1973,
"Iran, Islamic Rep.",IRN,1972,
"Iran, Islamic Rep.",IRN,1971,
"Iran, Islamic Rep.",IRN,1970,
"Iran, Islamic Rep.",IRN,1969,
"Iran, Islamic Rep.",IRN,1968,
"Iran, Islamic Rep.",IRN,1967,
"Iran, Islamic Rep.",IRN,1966,
"Iran, Islamic Rep.",IRN,1965,
"Iran, Islamic Rep.",IRN,1964,
"Iran, Islamic Rep.",IRN,1963,
"Iran, Islamic Rep.",IRN,1962,
"Iran, Islamic Rep.",IRN,1961,
"Iran, Islamic Rep.",IRN,1960,
Iraq,IRQ,2025,15.485
Iraq,IRQ,2024,15.293
Iraq,IRQ,2023,15.239
Iraq,IRQ,2022,15.41
Iraq,IRQ,2021,16.173
Iraq,IRQ,2020,15.766
Iraq,IRQ,2019,14.096
Iraq,IRQ,2018,13.458
Iraq,IRQ,2017,13.02
Iraq,IRQ,2016,10.82
Iraq,IRQ,2015,10.865
Iraq,IRQ,2014,10.59
Iraq,IRQ,2013,9.222
Iraq,IRQ,2012,7.965
Iraq,IRQ,2011,8.193
Iraq,IRQ,2010,8.267
Iraq,IRQ,2009,8.415
Iraq,IRQ,2008,8.466
Iraq,IRQ,2007,8.646
Iraq,IRQ,2006,8.411
Iraq,IRQ,2005,8.57
Iraq,IRQ,2004,8.715
Iraq,IRQ,2003,8.959
Iraq,IRQ,2002,8.619
Iraq,IRQ,2001,8.249
Iraq,IRQ,2000,8.038
Iraq,IRQ,1999,7.979
Iraq,IRQ,1998,8.064
Iraq,IRQ,1997,8.269
Iraq,IRQ,1996,8.516
Iraq,IRQ,1995,8.431
Iraq,IRQ,1994,8.221
Iraq,IRQ,1993,8.36
Iraq,IRQ,1992,8.346
Iraq,IRQ,1991,8.639
Iraq,IRQ,1990,
Iraq,IRQ,1989,
Iraq,IRQ,1988,
Iraq,IRQ,1987,
Iraq,IRQ,1986,
Iraq,IRQ,1985,
Iraq,IRQ,1984,
Iraq,IRQ,1983,
Iraq,IRQ,1982,
Iraq,IRQ,1981,
Iraq,IRQ,1980,
Iraq,IRQ,1979,
Iraq,IRQ,1978,
Iraq,IRQ,1977,
Iraq,IRQ,1976,
Iraq,IRQ,1975,
Iraq,IRQ,1974,
Iraq,IRQ,1973,
Iraq,IRQ,1972,
Iraq,IRQ,1971,
Iraq,IRQ,1970,
Iraq,IRQ,1969,
Iraq,IRQ,1968,
Iraq,IRQ,1967,
Iraq,IRQ,1966,
Iraq,IRQ,1965,
Iraq,IRQ,1964,
Iraq,IRQ,1963,
Iraq,IRQ,1962,
Iraq,IRQ,1961,
Iraq,IRQ,1960,
Ireland,IRL,2025,4.632
Ireland,IRL,2024,4.3
Ireland,IRL,2023,4.243
Ireland,IRL,2022,4.465
Ireland,IRL,2021,6.357
Ireland,IRL,2020,5.623
Ireland,IRL,2019,4.95
Ireland,IRL,2018,5.741
Ireland,IRL,2017,6.713
Ireland,IRL,2016,8.374
Ireland,IRL,2015,9.908
Ireland,IRL,2014,11.858
Ireland,IRL,2013,13.735
Ireland,IRL,2012,15.451
Ireland,IRL,2011,15.354
Ireland,IRL,2010,14.534
Ireland,IRL,2009,12.609
Ireland,IRL,2008,6.774
Ireland,IRL,2007,4.98
Ireland,IRL,2006,4.355
Ireland,IRL,2005,4.237
Ireland,IRL,2004,4.491
Ireland,IRL,2003,4.478
Ireland,IRL,2002,4.216
Ireland,IRL,2001,3.684
Ireland,IRL,2000,4.318
Ireland,IRL,1999,5.804
Ireland,IRL,1998,7.699
Ireland,IRL,1997,10.191
Ireland,IRL,1996,11.692
Ireland,IRL,1995,11.97
Ireland,IRL,1994,14.544
Ireland,IRL,1993,15.571
Ireland,IRL,1992,15.021
Ireland,IRL,1991,15.771
Ireland,IRL,1990,
Ireland,IRL,1989,
Ireland,IRL,1988,
Ireland,IRL,1987,
Ireland,IRL,1986,
Ireland,IRL,1985,
Ireland,IRL,1984,
Ireland,IRL,1983,
Ireland,IRL,1982,
Ireland,IRL,1981,
Ireland,IRL,1980,
Ireland,IRL,1979,
Ireland,IRL,1978,
Ireland,IRL,1977,
Ireland,IRL,1976,
Ireland,IRL,1975,
Ireland,IRL,1974,
Ireland,IRL,1973,
Ireland,IRL,1972,
Ireland,IRL,1971,
Ireland,IRL,1970,
Ireland,IRL,1969,
Ireland,IRL,1968,
Ireland,IRL,1967,
Ireland,IRL,1966,
Ireland,IRL,1965,
Ireland,IRL,1964,
Ireland,IRL,1963,
Ireland,IRL,1962,
Ireland,IRL,1961,
Ireland,IRL,1960,
Isle of Man,IMN,2025,
Isle of Man,IMN,2024,
Isle of Man,IMN,2023,
Isle of Man,IMN,2022,
Isle of Man,IMN,2021,
Isle of Man,IMN,2020,
Isle of Man,IMN,2019,
Isle of Man,IMN,2018,
Isle of Man,IMN,2017,
Isle of Man,IMN,2016,
Isle of Man,IMN,2015,
Isle of Man,IMN,2014,
Isle of Man,IMN,2013,
Isle of Man,IMN,2012,
Isle of Man,IMN,2011,
Isle of Man,IMN,2010,
Isle of Man,IMN,2009,
Isle of Man,IMN,2008,
Isle of Man,IMN,2007,
Isle of Man,IMN,2006,
Isle of Man,IMN,2005,
Isle of Man,IMN,2004,
Isle of Man,IMN,2003,
Isle of Man,IMN,2002,
Isle of Man,IMN,2001,
Isle of Man,IMN,2000,
Isle of Man,IMN,1999,
Isle of Man,IMN,1998,
Isle of Man,IMN,1997,
Isle of Man,IMN,1996,
Isle of Man,IMN,1995,
Isle of Man,IMN,1994,
Isle of Man,IMN,1993,
Isle of Man,IMN,1992,
Isle of Man,IMN,1991,
Isle of Man,IMN,1990,
Isle of Man,IMN,1989,
Isle of Man,IMN,1988,
Isle of Man,IMN,1987,
Isle of Man,IMN,1986,
Isle of Man,IMN,1985,
Isle of Man,IMN,1984,
Isle of Man,IMN,1983,
Isle of Man,IMN,1982,
Isle of Man,IMN,1981,
Isle of Man,IMN,1980,
Isle of Man,IMN,1979,
Isle of Man,IMN,1978,
Isle of Man,IMN,1977,
Isle of Man,IMN,1976,
Isle of Man,IMN,1975,
Isle of Man,IMN,1974,
Isle of Man,IMN,1973,
Isle of Man,IMN,1972,
Isle of Man,IMN,1971,
Isle of Man,IMN,1970,
Isle of Man,IMN,1969,
Isle of Man,IMN,1968,
Isle of Man,IMN,1967,
Isle of Man,IMN,1966,
Isle of Man,IMN,1965,
Isle of Man,IMN,1964,
Isle of Man,IMN,1963,
Isle of Man,IMN,1962,
Isle of Man,IMN,1961,
Isle of Man,IMN,1960,
Israel,ISR,2025,3.489
Israel,ISR,2024,3.595
Israel,ISR,2023,3.371
Israel,ISR,2022,3.695
Israel,ISR,2021,4.812
Israel,ISR,2020,4.169
Israel,ISR,2019,3.731
Israel,ISR,2018,3.917
Israel,ISR,2017,4.14
Israel,ISR,2016,4.723
Israel,ISR,2015,5.176
Israel,ISR,2014,5.789
Israel,ISR,2013,6.137
Israel,ISR,2012,6.762
Israel,ISR,2011,7.139
Israel,ISR,2010,8.48
Israel,ISR,2009,9.534
Israel,ISR,2008,7.704
Israel,ISR,2007,9.379
Israel,ISR,2006,10.707
Israel,ISR,2005,11.342
Israel,ISR,2004,13.029
Israel,ISR,2003,13.505
Israel,ISR,2002,12.888
Israel,ISR,2001,11.812
Israel,ISR,2000,11.102
Israel,ISR,1999,11.183
Israel,ISR,1998,10.749
Israel,ISR,1997,9.751
Israel,ISR,1996,8.455
Israel,ISR,1995,8.782
Israel,ISR,1994,9.934
Israel,ISR,1993,12.741
Israel,ISR,1992,14.08
Israel,ISR,1991,13.387
Israel,ISR,1990,
Israel,ISR,1989,
Israel,ISR,1988,
Israel,ISR,1987,
Israel,ISR,1986,
Israel,ISR,1985,
Israel,ISR,1984,
Israel,ISR,1983,
Israel,ISR,1982,
Israel,ISR,1981,
Israel,ISR,1980,
Israel,ISR,1979,
Israel,ISR,1978,
Israel,ISR,1977,
Israel,ISR,1976,
Israel,ISR,1975,
Israel,ISR,1974,
Israel,ISR,1973,
Israel,ISR,1972,
Israel,ISR,1971,
Israel,ISR,1970,
Israel,ISR,1969,
Israel,ISR,1968,
Israel,ISR,1967,
Israel,ISR,1966,
Israel,ISR,1965,
Israel,ISR,1964,
Israel,ISR,1963,
Israel,ISR,1962,
Israel,ISR,1961,
Israel,ISR,1960,
Italy,ITA,2025,6.391
Italy,ITA,2024,6.5
Italy,ITA,2023,7.627
Italy,ITA,2022,8.069
Italy,ITA,2021,9.497
Italy,ITA,2020,9.192
Italy,ITA,2019,9.884
Italy,ITA,2018,10.538
Italy,ITA,2017,11.211
Italy,ITA,2016,11.688
Italy,ITA,2015,11.896
Italy,ITA,2014,12.683
Italy,ITA,2013,12.149
Italy,ITA,2012,10.655
Italy,ITA,2011,8.359
Italy,ITA,2010,8.363
Italy,ITA,2009,7.749
Italy,ITA,2008,6.723
Italy,ITA,2007,6.076
Italy,ITA,2006,6.777
Italy,ITA,2005,7.73
Italy,ITA,2004,7.866
Italy,ITA,2003,8.869
Italy,ITA,2002,9.211
Italy,ITA,2001,9.599
Italy,ITA,2000,10.834
Italy,ITA,1999,11.681
Italy,ITA,1998,12.117
Italy,ITA,1997,11.985
Italy,ITA,1996,11.864
Italy,ITA,1995,11.661
Italy,ITA,1994,11.086
Italy,ITA,1993,10.212
Italy,ITA,1992,9.321
Italy,ITA,1991,10.097
Italy,ITA,1990,
Italy,ITA,1989,
Italy,ITA,1988,
Italy,ITA,1987,
Italy,ITA,1986,
Italy,ITA,1985,
Italy,ITA,1984,
Italy,ITA,1983,
Italy,ITA,1982,
Italy,ITA,1981,
Italy,ITA,1980,
Italy,ITA,1979,
Italy,ITA,1978,
Italy,ITA,1977,
Italy,ITA,1976,
Italy,ITA,1975,
Italy,ITA,1974,
Italy,ITA,1973,
Italy,ITA,1972,
Italy,ITA,1971,
Italy,ITA,1970,
Italy,ITA,1969,
Italy,ITA,1968,
Italy,ITA,1967,
Italy,ITA,1966,
Italy,ITA,1965,
Italy,ITA,1964,
Italy,ITA,1963,
Italy,ITA,1962,
Italy,ITA,1961,
Italy,ITA,1960,
Jamaica,JAM,2025,3.286
Jamaica,JAM,2024,3.151
Jamaica,JAM,2023,3.022
Jamaica,JAM,2022,4.083
Jamaica,JAM,2021,5.188
Jamaica,JAM,2020,6.501
Jamaica,JAM,2019,4.987
Jamaica,JAM,2018,5.47
Jamaica,JAM,2017,7.399
Jamaica,JAM,2016,8.634
Jamaica,JAM,2015,8.825
Jamaica,JAM,2014,9.046
Jamaica,JAM,2013,9.698
Jamaica,JAM,2012,8.695
Jamaica,JAM,2011,8.034
Jamaica,JAM,2010,7.63
Jamaica,JAM,2009,7.314
Jamaica,JAM,2008,6.666
Jamaica,JAM,2007,6.607
Jamaica,JAM,2006,6.605
Jamaica,JAM,2005,6.577
Jamaica,JAM,2004,6.539
Jamaica,JAM,2003,6.534
Jamaica,JAM,2002,6.616
Jamaica,JAM,2001,6.641
Jamaica,JAM,2000,6.752
Jamaica,JAM,1999,6.813
Jamaica,JAM,1998,6.846
Jamaica,JAM,1997,6.693
Jamaica,JAM,1996,6.611
Jamaica,JAM,1995,6.325
Jamaica,JAM,1994,6.335
Jamaica,JAM,1993,6.235
Jamaica,JAM,1992,6.383
Jamaica,JAM,1991,6.233
Jamaica,JAM,1990,
Jamaica,JAM,1989,
Jamaica,JAM,1988,
Jamaica,JAM,1987,
Jamaica,JAM,1986,
Jamaica,JAM,1985,
Jamaica,JAM,1984,
Jamaica,JAM,1983,
Jamaica,JAM,1982,
Jamaica,JAM,1981,
Jamaica,JAM,1980,
Jamaica,JAM,1979,
Jamaica,JAM,1978,
Jamaica,JAM,1977,
Jamaica,JAM,1976,
Jamaica,JAM,1975,
Jamaica,JAM,1974,
Jamaica,JAM,1973,
Jamaica,JAM,1972,
Jamaica,JAM,1971,
Jamaica,JAM,1970,
Jamaica,JAM,1969,
Jamaica,JAM,1968,
Jamaica,JAM,1967,
Jamaica,JAM,1966,
Jamaica,JAM,1965,
Jamaica,JAM,1964,
Jamaica,JAM,1963,
Jamaica,JAM,1962,
Jamaica,JAM,1961,
Jamaica,JAM,1960,
Japan,JPN,2025,2.451
Japan,JPN,2024,2.5
Japan,JPN,2023,2.6
Japan,JPN,2022,2.614
Japan,JPN,2021,2.808
Japan,JPN,2020,2.809
Japan,JPN,2019,2.351
Japan,JPN,2018,2.467
Japan,JPN,2017,2.822
Japan,JPN,2016,3.132
Japan,JPN,2015,3.385
Japan,JPN,2014,3.589
Japan,JPN,2013,4.038
Japan,JPN,2012,4.358
Japan,JPN,2011,4.55
Japan,JPN,2010,5.102
Japan,JPN,2009,5.068
Japan,JPN,2008,4.002
Japan,JPN,2007,3.888
Japan,JPN,2006,4.192
Japan,JPN,2005,4.446
Japan,JPN,2004,4.734
Japan,JPN,2003,5.251
Japan,JPN,2002,5.386
Japan,JPN,2001,5.02
Japan,JPN,2000,4.748
Japan,JPN,1999,4.677
Japan,JPN,1998,4.078
Japan,JPN,1997,3.374
Japan,JPN,1996,3.383
Japan,JPN,1995,3.15
Japan,JPN,1994,2.89
Japan,JPN,1993,2.539
Japan,JPN,1992,2.158
Japan,JPN,1991,2.059
Japan,JPN,1990,
Japan,JPN,1989,
Japan,JPN,1988,
Japan,JPN,1987,
Japan,JPN,1986,
Japan,JPN,1985,
Japan,JPN,1984,
Japan,JPN,1983,
Japan,JPN,1982,
Japan,JPN,1981,
Japan,JPN,1980,
Japan,JPN,1979,
Japan,JPN,1978,
Japan,JPN,1977,
Japan,JPN,1976,
Japan,JPN,1975,
Japan,JPN,1974,
Japan,JPN,1973,
Japan,JPN,1972,
Japan,JPN,1971,
Japan,JPN,1970,
Japan,JPN,1969,
Japan,JPN,1968,
Japan,JPN,1967,
Japan,JPN,1966,
Japan,JPN,1965,
Japan,JPN,1964,
Japan,JPN,1963,
Japan,JPN,1962,
Japan,JPN,1961,
Japan,JPN,1960,
Jordan,JOR,2025,16.535
Jordan,JOR,2024,16.693
Jordan,JOR,2023,16.62
Jordan,JOR,2022,18.2
Jordan,JOR,2021,19.837
Jordan,JOR,2020,19.213
Jordan,JOR,2019,16.801
Jordan,JOR,2018,18.257
Jordan,JOR,2017,18.12
Jordan,JOR,2016,15.275
Jordan,JOR,2015,13.075
Jordan,JOR,2014,11.9
Jordan,JOR,2013,12.6
Jordan,JOR,2012,12.2
Jordan,JOR,2011,12.9
Jordan,JOR,2010,12.5
Jordan,JOR,2009,12.9
Jordan,JOR,2008,12.7
Jordan,JOR,2007,13.1
Jordan,JOR,2006,14.0
Jordan,JOR,2005,14.8
Jordan,JOR,2004,14.626
Jordan,JOR,2003,14.5
Jordan,JOR,2002,15.3
Jordan,JOR,2001,14.7
Jordan,JOR,2000,13.7
Jordan,JOR,1999,13.763
Jordan,JOR,1998,13.841
Jordan,JOR,1997,13.74
Jordan,JOR,1996,13.7
Jordan,JOR,1995,14.6
Jordan,JOR,1994,16.894
Jordan,JOR,1993,19.7
Jordan,JOR,1992,19.947
Jordan,JOR,1991,21.439
Jordan,JOR,1990,
Jordan,JOR,1989,
Jordan,JOR,1988,
Jordan,JOR,1987,
Jordan,JOR,1986,
Jordan,JOR,1985,
Jordan,JOR,1984,
Jordan,JOR,1983,
Jordan,JOR,1982,
Jordan,JOR,1981,
Jordan,JOR,1980,
Jordan,JOR,1979,
Jordan,JOR,1978,
Jordan,JOR,1977,
Jordan,JOR,1976,
Jordan,JOR,1975,
Jordan,JOR,1974,
Jordan,JOR,1973,
Jordan,JOR,1972,
Jordan,JOR,1971,
Jordan,JOR,1970,
Jordan,JOR,1969,
Jordan,JOR,1968,
Jordan,JOR,1967,
Jordan,JOR,1966,
Jordan,JOR,1965,
Jordan,JOR,1964,
Jordan,JOR,1963,
Jordan,JOR,1962,
Jordan,JOR,1961,
Jordan,JOR,1960,
Kazakhstan,KAZ,2025,4.771
Kazakhstan,KAZ,2024,4.833
Kazakhstan,KAZ,2023,4.835
Kazakhstan,KAZ,2022,4.86
Kazakhstan,KAZ,2021,5.568
Kazakhstan,KAZ,2020,4.89
Kazakhstan,KAZ,2019,4.8
Kazakhstan,KAZ,2018,4.85
Kazakhstan,KAZ,2017,4.9
Kazakhstan,KAZ,2016,4.96
Kazakhstan,KAZ,2015,4.93
Kazakhstan,KAZ,2014,5.06
Kazakhstan,KAZ,2013,5.2
Kazakhstan,KAZ,2012,5.29
Kazakhstan,KAZ,2011,5.39
Kazakhstan,KAZ,2010,5.77
Kazakhstan,KAZ,2009,6.55
Kazakhstan,KAZ,2008,6.63
Kazakhstan,KAZ,2007,7.26
Kazakhstan,KAZ,2006,7.79
Kazakhstan,KAZ,2005,8.13
Kazakhstan,KAZ,2004,8.4
Kazakhstan,KAZ,2003,8.78
Kazakhstan,KAZ,2002,9.33
Kazakhstan,KAZ,2001,10.43
Kazakhstan,KAZ,2000,12.75
Kazakhstan,KAZ,1999,13.46
Kazakhstan,KAZ,1998,13.13
Kazakhstan,KAZ,1997,13.01
Kazakhstan,KAZ,1996,12.96
Kazakhstan,KAZ,1995,10.98
Kazakhstan,KAZ,1994,7.54
Kazakhstan,KAZ,1993,1.11
Kazakhstan,KAZ,1992,1.0
Kazakhstan,KAZ,1991,0.9
Kazakhstan,KAZ,1990,
Kazakhstan,KAZ,1989,
Kazakhstan,KAZ,1988,
Kazakhstan,KAZ,1987,
Kazakhstan,KAZ,1986,
Kazakhstan,KAZ,1985,
Kazakhstan,KAZ,1984,
Kazakhstan,KAZ,1983,
Kazakhstan,KAZ,1982,
Kazakhstan,KAZ,1981,
Kazakhstan,KAZ,1980,
Kazakhstan,KAZ,1979,
Kazakhstan,KAZ,1978,
Kazakhstan,KAZ,1977,
Kazakhstan,KAZ,1976,
Kazakhstan,KAZ,1975,
Kazakhstan,KAZ,1974,
Kazakhstan,KAZ,1973,
Kazakhstan,KAZ,1972,
Kazakhstan,KAZ,1971,
Kazakhstan,KAZ,1970,
Kazakhstan,KAZ,1969,
Kazakhstan,KAZ,1968,
Kazakhstan,KAZ,1967,
Kazakhstan,KAZ,1966,
Kazakhstan,KAZ,1965,
Kazakhstan,KAZ,1964,
Kazakhstan,KAZ,1963,
Kazakhstan,KAZ,1962,
Kazakhstan,KAZ,1961,
Kazakhstan,KAZ,1960,
Kenya,KEN,2025,5.449
Kenya,KEN,2024,5.487
Kenya,KEN,2023,5.409
Kenya,KEN,2022,5.565
Kenya,KEN,2021,5.693
Kenya,KEN,2020,5.613
Kenya,KEN,2019,5.014
Kenya,KEN,2018,4.284
Kenya,KEN,2017,3.542
Kenya,KEN,2016,2.757
Kenya,KEN,2015,2.762
Kenya,KEN,2014,2.767
Kenya,KEN,2013,2.762
Kenya,KEN,2012,2.678
Kenya,KEN,2011,2.699
Kenya,KEN,2010,2.793
Kenya,KEN,2009,2.816
Kenya,KEN,2008,2.751
Kenya,KEN,2007,2.642
Kenya,KEN,2006,2.673
Kenya,KEN,2005,2.739
Kenya,KEN,2004,2.844
Kenya,KEN,2003,2.869
Kenya,KEN,2002,2.916
Kenya,KEN,2001,2.876
Kenya,KEN,2000,2.884
Kenya,KEN,1999,2.884
Kenya,KEN,1998,2.843
Kenya,KEN,1997,2.818
Kenya,KEN,1996,2.773
Kenya,KEN,1995,2.848
Kenya,KEN,1994,2.955
Kenya,KEN,1993,2.979
Kenya,KEN,1992,2.894
Kenya,KEN,1991,2.78
Kenya,KEN,1990,
Kenya,KEN,1989,
Kenya,KEN,1988,
Kenya,KEN,1987,
Kenya,KEN,1986,
Kenya,KEN,1985,
Kenya,KEN,1984,
Kenya,KEN,1983,
Kenya,KEN,1982,
Kenya,KEN,1981,
Kenya,KEN,1980,
Kenya,KEN,1979,
Kenya,KEN,1978,
Kenya,KEN,1977,
Kenya,KEN,1976,
Kenya,KEN,1975,
Kenya,KEN,1974,
Kenya,KEN,1973,
Kenya,KEN,1972,
Kenya,KEN,1971,
Kenya,KEN,1970,
Kenya,KEN,1969,
Kenya,KEN,1968,
Kenya,KEN,1967,
Kenya,KEN,1966,
Kenya,KEN,1965,
Kenya,KEN,1964,
Kenya,KEN,1963,
Kenya,KEN,1962,
Kenya,KEN,1961,
Kenya,KEN,1960,
Kiribati,KIR,2025,
Kiribati,KIR,2024,
Kiribati,KIR,2023,
Kiribati,KIR,2022,
Kiribati,KIR,2021,
Kiribati,KIR,2020,
Kiribati,KIR,2019,
Kiribati,KIR,2018,
Kiribati,KIR,2017,
Kiribati,KIR,2016,
Kiribati,KIR,2015,
Kiribati,KIR,2014,
Kiribati,KIR,2013,
Kiribati,KIR,2012,
Kiribati,KIR,2011,
Kiribati,KIR,2010,
Kiribati,KIR,2009,
Kiribati,KIR,2008,
Kiribati,KIR,2007,
Kiribati,KIR,2006,
Kiribati,KIR,2005,
Kiribati,KIR,2004,
Kiribati,KIR,2003,
Kiribati,KIR,2002,
Kiribati,KIR,2001,
Kiribati,KIR,2000,
Kiribati,KIR,1999,
Kiribati,KIR,1998,
Kiribati,KIR,1997,
Kiribati,KIR,1996,
Kiribati,KIR,1995,
Kiribati,KIR,1994,
Kiribati,KIR,1993,
Kiribati,KIR,1992,
Kiribati,KIR,1991,
Kiribati,KIR,1990,
Kiribati,KIR,1989,
Kiribati,KIR,1988,
Kiribati,KIR,1987,
Kiribati,KIR,1986,
Kiribati,KIR,1985,
Kiribati,KIR,1984,
Kiribati,KIR,1983,
Kiribati,KIR,1982,
Kiribati,KIR,1981,
Kiribati,KIR,1980,
Kiribati,KIR,1979,
Kiribati,KIR,1978,
Kiribati,KIR,1977,
Kiribati,KIR,1976,
Kiribati,KIR,1975,
Kiribati,KIR,1974,
Kiribati,KIR,1973,
Kiribati,KIR,1972,
Kiribati,KIR,1971,
Kiribati,KIR,1970,
Kiribati,KIR,1969,
Kiribati,KIR,1968,
Kiribati,KIR,1967,
Kiribati,KIR,1966,
Kiribati,KIR,1965,
Kiribati,KIR,1964,
Kiribati,KIR,1963,
Kiribati,KIR,1962,
Kiribati,KIR,1961,
Kiribati,KIR,1960,
"Korea, Dem. People's Rep.",PRK,2025,3.545
"Korea, Dem. People's Rep.",PRK,2024,3.539
"Korea, Dem. People's Rep.",PRK,2023,3.463
"Korea, Dem. People's Rep.",PRK,2022,3.457
"Korea, Dem. People's Rep.",PRK,2021,3.692
"Korea, Dem. People's Rep.",PRK,2020,3.624
"Korea, Dem. People's Rep.",PRK,2019,3.439
"Korea, Dem. People's Rep.",PRK,2018,3.409
"Korea, Dem. People's Rep.",PRK,2017,3.498
"Korea, Dem. People's Rep.",PRK,2016,3.574
"Korea, Dem. People's Rep.",PRK,2015,3.523
"Korea, Dem. People's Rep.",PRK,2014,3.509
"Korea, Dem. People's Rep.",PRK,2013,3.567
"Korea, Dem. People's Rep.",PRK,2012,3.542
"Korea, Dem. People's Rep.",PRK,2011,3.516
"Korea, Dem. People's Rep.",PRK,2010,3.419
"Korea, Dem. People's Rep.",PRK,2009,3.48
"Korea, Dem. People's Rep.",PRK,2008,3.48
"Korea, Dem. People's Rep.",PRK,2007,3.547
"Korea, Dem. People's Rep.",PRK,2006,3.55
"Korea, Dem. People's Rep.",PRK,2005,3.576
"Korea, Dem. People's Rep.",PRK,2004,3.62
"Korea, Dem. People's Rep.",PRK,2003,3.668
"Korea, Dem. People's Rep.",PRK,2002,3.644
"Korea, Dem. People's Rep.",PRK,2001,3.676
"Korea, Dem. People's Rep.",PRK,2000,3.653
"Korea, Dem. People's Rep.",PRK,1999,3.67
"Korea, Dem. People's Rep.",PRK,1998,3.461
"Korea, Dem. People's Rep.",PRK,1997,3.253
"Korea, Dem. People's Rep.",PRK,1996,3.153
"Korea, Dem. People's Rep.",PRK,1995,3.114
"Korea, Dem. People's Rep.",PRK,1994,3.092
"Korea, Dem. People's Rep.",PRK,1993,2.98
"Korea, Dem. People's Rep.",PRK,1992,2.875
"Korea, Dem. People's Rep.",PRK,1991,2.845
"Korea, Dem. People's Rep.",PRK,1990,
"Korea, Dem. People's Rep.",PRK,1989,
"Korea, Dem. People's Rep.",PRK,1988,
"Korea, Dem. People's Rep.",PRK,1987,
"Korea, Dem. People's Rep.",PRK,1986,
"Korea, Dem. People's Rep.",PRK,1985,
"Korea, Dem. People's Rep.",PRK,1984,
"Korea, Dem. People's Rep.",PRK,1983,
"Korea, Dem. People's Rep.",PRK,1982,
"Korea, Dem. People's Rep.",PRK,1981,
"Korea, Dem. People's Rep.",PRK,1980,
"Korea, Dem. People's Rep.",PRK,1979,
"Korea, Dem. People's Rep.",PRK,1978,
"Korea, Dem. People's Rep.",PRK,1977,
"Korea, Dem. People's Rep.",PRK,1976,
"Korea, Dem. People's Rep.",PRK,1975,
"Korea, Dem. People's Rep.",PRK,1974,
"Korea, Dem. People's Rep.",PRK,1973,
"Korea, Dem. People's Rep.",PRK,1972,
"Korea, Dem. People's Rep.",PRK,1971,
"Korea, Dem. People's Rep.",PRK,1970,
"Korea, Dem. People's Rep.",PRK,1969,
"Korea, Dem. People's Rep.",PRK,1968,
"Korea, Dem. People's Rep.",PRK,1967,
"Korea, Dem. People's Rep.",PRK,1966,
"Korea, Dem. People's Rep.",PRK,1965,
"Korea, Dem. People's Rep.",PRK,1964,
"Korea, Dem. People's Rep.",PRK,1963,
"Korea, Dem. People's Rep.",PRK,1962,
"Korea, Dem. People's Rep.",PRK,1961,
"Korea, Dem. People's Rep.",PRK,1960,
"Korea, Rep.",KOR,2025,2.683
"Korea, Rep.",KOR,2024,2.784
"Korea, Rep.",KOR,2023,2.675
"Korea, Rep.",KOR,2022,2.857
"Korea, Rep.",KOR,2021,3.639
"Korea, Rep.",KOR,2020,3.931
"Korea, Rep.",KOR,2019,3.746
"Korea, Rep.",KOR,2018,3.824
"Korea, Rep.",KOR,2017,3.653
"Korea, Rep.",KOR,2016,3.65
"Korea, Rep.",KOR,2015,3.546
"Korea, Rep.",KOR,2014,3.082
"Korea, Rep.",KOR,2013,3.067
"Korea, Rep.",KOR,2012,2.812
"Korea, Rep.",KOR,2011,2.992
"Korea, Rep.",KOR,2010,3.324
"Korea, Rep.",KOR,2009,3.363
"Korea, Rep.",KOR,2008,2.959
"Korea, Rep.",KOR,2007,3.013
"Korea, Rep.",KOR,2006,3.254
"Korea, Rep.",KOR,2005,3.482
"Korea, Rep.",KOR,2004,3.42
"Korea, Rep.",KOR,2003,3.348
"Korea, Rep.",KOR,2002,3.046
"Korea, Rep.",KOR,2001,3.699
"Korea, Rep.",KOR,2000,4.063
"Korea, Rep.",KOR,1999,6.342
"Korea, Rep.",KOR,1998,6.963
"Korea, Rep.",KOR,1997,2.608
"Korea, Rep.",KOR,1996,2.048
"Korea, Rep.",KOR,1995,2.063
"Korea, Rep.",KOR,1994,2.476
"Korea, Rep.",KOR,1993,2.878
"Korea, Rep.",KOR,1992,2.513
"Korea, Rep.",KOR,1991,2.407
"Korea, Rep.",KOR,1990,
"Korea, Rep.",KOR,1989,
"Korea, Rep.",KOR,1988,
"Korea, Rep.",KOR,1987,
"Korea, Rep.",KOR,1986,
"Korea, Rep.",KOR,1985,
"Korea, Rep.",KOR,1984,
"Korea, Rep.",KOR,1983,
"Korea, Rep.",KOR,1982,
"Korea, Rep.",KOR,1981,
"Korea, Rep.",KOR,1980,
"Korea, Rep.",KOR,1979,
"Korea, Rep.",KOR,1978,
"Korea, Rep.",KOR,1977,
"Korea, Rep.",KOR,1976,
"Korea, Rep.",KOR,1975,
"Korea, Rep.",KOR,1974,
"Korea, Rep.",KOR,1973,
"Korea, Rep.",KOR,1972,
"Korea, Rep.",KOR,1971,
"Korea, Rep.",KOR,1970,
"Korea, Rep.",KOR,1969,
"Korea, Rep.",KOR,1968,
"Korea, Rep.",KOR,1967,
"Korea, Rep.",KOR,1966,
"Korea, Rep.",KOR,1965,
"Korea, Rep.",KOR,1964,
"Korea, Rep.",KOR,1963,
"Korea, Rep.",KOR,1962,
"Korea, Rep.",KOR,1961,
"Korea, Rep.",KOR,1960,
Kosovo,XKX,2025,
Kosovo,XKX,2024,
Kosovo,XKX,2023,
Kosovo,XKX,2022,
Kosovo,XKX,2021,
Kosovo,XKX,2020,
Kosovo,XKX,2019,
Kosovo,XKX,2018,
Kosovo,XKX,2017,
Kosovo,XKX,2016,
Kosovo,XKX,2015,
Kosovo,XKX,2014,
Kosovo,XKX,2013,
Kosovo,XKX,2012,
Kosovo,XKX,2011,
Kosovo,XKX,2010,
Kosovo,XKX,2009,
Kosovo,XKX,2008,
Kosovo,XKX,2007,
Kosovo,XKX,2006,
Kosovo,XKX,2005,
Kosovo,XKX,2004,
Kosovo,XKX,2003,
Kosovo,XKX,2002,
Kosovo,XKX,2001,
Kosovo,XKX,2000,
Kosovo,XKX,1999,
Kosovo,XKX,1998,
Kosovo,XKX,1997,
Kosovo,XKX,1996,
Kosovo,XKX,1995,
Kosovo,XKX,1994,
Kosovo,XKX,1993,
Kosovo,XKX,1992,
Kosovo,XKX,1991,
Kosovo,XKX,1990,
Kosovo,XKX,1989,
Kosovo,XKX,1988,
Kosovo,XKX,1987,
Kosovo,XKX,1986,
Kosovo,XKX,1985,
Kosovo,XKX,1984,
Kosovo,XKX,1983,
Kosovo,XKX,1982,
Kosovo,XKX,1981,
Kosovo,XKX,1980,
Kosovo,XKX,1979,
Kosovo,XKX,1978,
Kosovo,XKX,1977,
Kosovo,XKX,1976,
Kosovo,XKX,1975,
Kosovo,XKX,1974,
Kosovo,XKX,1973,
Kosovo,XKX,1972,
Kosovo,XKX,1971,
Kosovo,XKX,1970,
Kosovo,XKX,1969,
Kosovo,XKX,1968,
Kosovo,XKX,1967,
Kosovo,XKX,1966,
Kosovo,XKX,1965,
Kosovo,XKX,1964,
Kosovo,XKX,1963,
Kosovo,XKX,1962,
Kosovo,XKX,1961,
Kosovo,XKX,1960,
Kuwait,KWT,2025,2.181
Kuwait,KWT,2024,2.151
Kuwait,KWT,2023,2.08
Kuwait,KWT,2022,2.133
Kuwait,KWT,2021,2.97
Kuwait,KWT,2020,3.489
Kuwait,KWT,2019,2.213
Kuwait,KWT,2018,2.202
Kuwait,KWT,2017,2.23
Kuwait,KWT,2016,2.16
Kuwait,KWT,2015,2.2
Kuwait,KWT,2014,2.9
Kuwait,KWT,2013,2.465
Kuwait,KWT,2012,2.227
Kuwait,KWT,2011,2.051
Kuwait,KWT,2010,1.82
Kuwait,KWT,2009,1.64
Kuwait,KWT,2008,1.75
Kuwait,KWT,2007,1.5
Kuwait,KWT,2006,1.3
Kuwait,KWT,2005,1.455
Kuwait,KWT,2004,1.7
Kuwait,KWT,2003,1.3
Kuwait,KWT,2002,1.1
Kuwait,KWT,2001,0.8
Kuwait,KWT,2000,0.8
Kuwait,KWT,1999,0.7
Kuwait,KWT,1998,0.7
Kuwait,KWT,1997,0.7
Kuwait,KWT,1996,0.7
Kuwait,KWT,1995,0.694
Kuwait,KWT,1994,0.7
Kuwait,KWT,1993,0.8
Kuwait,KWT,1992,0.878
Kuwait,KWT,1991,0.884
Kuwait,KWT,1990,
Kuwait,KWT,1989,
Kuwait,KWT,1988,
Kuwait,KWT,1987,
Kuwait,KWT,1986,
Kuwait,KWT,1985,
Kuwait,KWT,1984,
Kuwait,KWT,1983,
Kuwait,KWT,1982,
Kuwait,KWT,1981,
Kuwait,KWT,1980,
Kuwait,KWT,1979,
Kuwait,KWT,1978,
Kuwait,KWT,1977,
Kuwait,KWT,1976,
Kuwait,KWT,1975,
Kuwait,KWT,1974,
Kuwait,KWT,1973,
Kuwait,KWT,1972,
Kuwait,KWT,1971,
Kuwait,KWT,1970,
Kuwait,KWT,1969,
Kuwait,KWT,1968,
Kuwait,KWT,1967,
Kuwait,KWT,1966,
Kuwait,KWT,1965,
Kuwait,KWT,1964,
Kuwait,KWT,1963,
Kuwait,KWT,1962,
Kuwait,KWT,1961,
Kuwait,KWT,1960,
Kyrgyz Republic,KGZ,2025,3.526
Kyrgyz Republic,KGZ,2024,3.491
Kyrgyz Republic,KGZ,2023,3.498
Kyrgyz Republic,KGZ,2022,4.767
Kyrgyz Republic,KGZ,2021,5.149
Kyrgyz Republic,KGZ,2020,5.945
Kyrgyz Republic,KGZ,2019,5.45
Kyrgyz Republic,KGZ,2018,4.559
Kyrgyz Republic,KGZ,2017,4.425
Kyrgyz Republic,KGZ,2016,4.294
Kyrgyz Republic,KGZ,2015,4.138
Kyrgyz Republic,KGZ,2014,4.02
Kyrgyz Republic,KGZ,2013,3.881
Kyrgyz Republic,KGZ,2012,3.786
Kyrgyz Republic,KGZ,2011,3.644
Kyrgyz Republic,KGZ,2010,3.503
Kyrgyz Republic,KGZ,2009,3.343
Kyrgyz Republic,KGZ,2008,3.207
Kyrgyz Republic,KGZ,2007,3.094
Kyrgyz Republic,KGZ,2006,2.962
Kyrgyz Republic,KGZ,2005,2.816
Kyrgyz Republic,KGZ,2004,2.68
Kyrgyz Republic,KGZ,2003,2.548
Kyrgyz Republic,KGZ,2002,2.416
Kyrgyz Republic,KGZ,2001,2.273
Kyrgyz Republic,KGZ,2000,2.143
Kyrgyz Republic,KGZ,1999,2.001
Kyrgyz Republic,KGZ,1998,1.861
Kyrgyz Republic,KGZ,1997,1.739
Kyrgyz Republic,KGZ,1996,1.647
Kyrgyz Republic,KGZ,1995,1.539
Kyrgyz Republic,KGZ,1994,1.41
Kyrgyz Republic,KGZ,1993,1.258
Kyrgyz Republic,KGZ,1992,1.1
Kyrgyz Republic,KGZ,1991,1.0
Kyrgyz Republic,KGZ,1990,
Kyrgyz Republic,KGZ,1989,
Kyrgyz Republic,KGZ,1988,
Kyrgyz Republic,KGZ,1987,
Kyrgyz Republic,KGZ,1986,
Kyrgyz Republic,KGZ,1985,
Kyrgyz Republic,KGZ,1984,
Kyrgyz Republic,KGZ,1983,
Kyrgyz Republic,KGZ,1982,
Kyrgyz Republic,KGZ,1981,
Kyrgyz Republic,KGZ,1980,
Kyrgyz Republic,KGZ,1979,
Kyrgyz Republic,KGZ,1978,
Kyrgyz Republic,KGZ,1977,
Kyrgyz Republic,KGZ,1976,
Kyrgyz Republic,KGZ,1975,
Kyrgyz Republic,KGZ,1974,
Kyrgyz Republic,KGZ,1973,
Kyrgyz Republic,KGZ,1972,
Kyrgyz Republic,KGZ,1971,
Kyrgyz Republic,KGZ,1970,
Kyrgyz Republic,KGZ,1969,
Kyrgyz Republic,KGZ,1968,
Kyrgyz Republic,KGZ,1967,
Kyrgyz Republic,KGZ,1966,
Kyrgyz Republic,KGZ,1965,
Kyrgyz Republic,KGZ,1964,
Kyrgyz Republic,KGZ,1963,
Kyrgyz Republic,KGZ,1962,
Kyrgyz Republic,KGZ,1961,
Kyrgyz Republic,KGZ,1960,
Lao PDR,LAO,2025,1.187
Lao PDR,LAO,2024,1.174
Lao PDR,LAO,2023,1.186
Lao PDR,LAO,2022,1.209
Lao PDR,LAO,2021,2.08
Lao PDR,LAO,2020,2.349
Lao PDR,LAO,2019,2.531
Lao PDR,LAO,2018,2.897
Lao PDR,LAO,2017,3.268
Lao PDR,LAO,2016,2.634
Lao PDR,LAO,2015,2.006
Lao PDR,LAO,2014,1.733
Lao PDR,LAO,2013,1.469
Lao PDR,LAO,2012,1.208
Lao PDR,LAO,2011,0.96
Lao PDR,LAO,2010,0.708
Lao PDR,LAO,2009,0.835
Lao PDR,LAO,2008,0.944
Lao PDR,LAO,2007,1.068
Lao PDR,LAO,2006,1.199
Lao PDR,LAO,2005,1.35
Lao PDR,LAO,2004,1.498
Lao PDR,LAO,2003,1.639
Lao PDR,LAO,2002,1.775
Lao PDR,LAO,2001,1.881
Lao PDR,LAO,2000,2.045
Lao PDR,LAO,1999,2.154
Lao PDR,LAO,1998,2.293
Lao PDR,LAO,1997,2.354
Lao PDR,LAO,1996,2.45
Lao PDR,LAO,1995,2.6
Lao PDR,LAO,1994,2.634
Lao PDR,LAO,1993,2.732
Lao PDR,LAO,1992,2.71
Lao PDR,LAO,1991,2.497
Lao PDR,LAO,1990,
Lao PDR,LAO,1989,
Lao PDR,LAO,1988,
Lao PDR,LAO,1987,
Lao PDR,LAO,1986,
Lao PDR,LAO,1985,
Lao PDR,LAO,1984,
Lao PDR,LAO,1983,
Lao PDR,LAO,1982,
Lao PDR,LAO,1981,
Lao PDR,LAO,1980,
Lao PDR,LAO,1979,
Lao PDR,LAO,1978,
Lao PDR,LAO,1977,
Lao PDR,LAO,1976,
Lao PDR,LAO,1975,
Lao PDR,LAO,1974,
Lao PDR,LAO,1973,
Lao PDR,LAO,1972,
Lao PDR,LAO,1971,
Lao PDR,LAO,1970,
Lao PDR,LAO,1969,
Lao PDR,LAO,1968,
Lao PDR,LAO,1967,
Lao PDR,LAO,1966,
Lao PDR,LAO,1965,
Lao PDR,LAO,1964,
Lao PDR,LAO,1963,
Lao PDR,LAO,1962,
Lao PDR,LAO,1961,
Lao PDR,LAO,1960,
Latvia,LVA,2025,6.568
Latvia,LVA,2024,6.9
Latvia,LVA,2023,6.465
Latvia,LVA,2022,6.815
Latvia,LVA,2021,7.513
Latvia,LVA,2020,8.098
Latvia,LVA,2019,6.312
Latvia,LVA,2018,7.412
Latvia,LVA,2017,8.715
Latvia,LVA,2016,9.643
Latvia,LVA,2015,9.873
Latvia,LVA,2014,10.846
Latvia,LVA,2013,11.867
Latvia,LVA,2012,15.047
Latvia,LVA,2011,16.206
Latvia,LVA,2010,19.482
Latvia,LVA,2009,17.515
Latvia,LVA,2008,7.739
Latvia,LVA,2007,6.052
Latvia,LVA,2006,7.03
Latvia,LVA,2005,10.033
Latvia,LVA,2004,11.708
Latvia,LVA,2003,12.061
Latvia,LVA,2002,13.829
Latvia,LVA,2001,13.821
Latvia,LVA,2000,14.211
Latvia,LVA,1999,13.79
Latvia,LVA,1998,14.454
Latvia,LVA,1997,14.9
Latvia,LVA,1996,20.7
Latvia,LVA,1995,19.0
Latvia,LVA,1994,18.7
Latvia,LVA,1993,16.7
Latvia,LVA,1992,6.6
Latvia,LVA,1991,2.7
Latvia,LVA,1990,
Latvia,LVA,1989,
Latvia,LVA,1988,
Latvia,LVA,1987,
Latvia,LVA,1986,
Latvia,LVA,1985,
Latvia,LVA,1984,
Latvia,LVA,1983,
Latvia,LVA,1982,
Latvia,LVA,1981,
Latvia,LVA,1980,
Latvia,LVA,1979,
Latvia,LVA,1978,
Latvia,LVA,1977,
Latvia,LVA,1976,
Latvia,LVA,1975,
Latvia,LVA,1974,
Latvia,LVA,1973,
Latvia,LVA,1972,
Latvia,LVA,1971,
Latvia,LVA,1970,
Latvia,LVA,1969,
Latvia,LVA,1968,
Latvia,LVA,1967,
Latvia,LVA,1966,
Latvia,LVA,1965,
Latvia,LVA,1964,
Latvia,LVA,1963,
Latvia,LVA,1962,
Latvia,LVA,1961,
Latvia,LVA,1960,
Lebanon,LBN,2025,
Lebanon,LBN,2024,
Lebanon,LBN,2023,10.985
Lebanon,LBN,2022,11.105
Lebanon,LBN,2021,12.715
Lebanon,LBN,2020,13.252
Lebanon,LBN,2019,11.301
Lebanon,LBN,2018,10.755
Lebanon,LBN,2017,10.258
Lebanon,LBN,2016,9.794
Lebanon,LBN,2015,9.312
Lebanon,LBN,2014,8.84
Lebanon,LBN,2013,8.477
Lebanon,LBN,2012,7.952
Lebanon,LBN,2011,7.352
Lebanon,LBN,2010,6.768
Lebanon,LBN,2009,6.355
Lebanon,LBN,2008,7.666
Lebanon,LBN,2007,8.98
Lebanon,LBN,2006,8.679
Lebanon,LBN,2005,8.249
Lebanon,LBN,2004,7.85
Lebanon,LBN,2003,8.061
Lebanon,LBN,2002,8.248
Lebanon,LBN,2001,8.499
Lebanon,LBN,2000,8.641
Lebanon,LBN,1999,8.787
Lebanon,LBN,1998,8.571
Lebanon,LBN,1997,8.62
Lebanon,LBN,1996,8.413
Lebanon,LBN,1995,8.421
Lebanon,LBN,1994,8.321
Lebanon,LBN,1993,8.226
Lebanon,LBN,1992,8.225
Lebanon,LBN,1991,8.594
Lebanon,LBN,1990,
Lebanon,LBN,1989,
Lebanon,LBN,1988,
Lebanon,LBN,1987,
Lebanon,LBN,1986,
Lebanon,LBN,1985,
Lebanon,LBN,1984,
Lebanon,LBN,1983,
Lebanon,LBN,1982,
Lebanon,LBN,1981,
Lebanon,LBN,1980,
Lebanon,LBN,1979,
Lebanon,LBN,1978,
Lebanon,LBN,1977,
Lebanon,LBN,1976,
Lebanon,LBN,1975,
Lebanon,LBN,1974,
Lebanon,LBN,1973,
Lebanon,LBN,1972,
Lebanon,LBN,1971,
Lebanon,LBN,1970,
Lebanon,LBN,1969,
Lebanon,LBN,1968,
Lebanon,LBN,1967,
Lebanon,LBN,1966,
Lebanon,LBN,1965,
Lebanon,LBN,1964,
Lebanon,LBN,1963,
Lebanon,LBN,1962,
Lebanon,LBN,1961,
Lebanon,LBN,1960,
Lesotho,LSO,2025,16.315
Lesotho,LSO,2024,16.34
Lesotho,LSO,2023,16.348
Lesotho,LSO,2022,16.623
Lesotho,LSO,2021,18.214
Lesotho,LSO,2020,18.385
Lesotho,LSO,2019,16.876
Lesotho,LSO,2018,16.614
Lesotho,LSO,2017,16.379
Lesotho,LSO,2016,16.138
Lesotho,LSO,2015,16.223
Lesotho,LSO,2014,16.066
Lesotho,LSO,2013,15.926
Lesotho,LSO,2012,15.761
Lesotho,LSO,2011,16.115
Lesotho,LSO,2010,16.068
Lesotho,LSO,2009,16.115
Lesotho,LSO,2008,15.851
Lesotho,LSO,2007,15.942
Lesotho,LSO,2006,16.054
Lesotho,LSO,2005,16.031
Lesotho,LSO,2004,16.154
Lesotho,LSO,2003,16.056
Lesotho,LSO,2002,16.079
Lesotho,LSO,2001,16.081
Lesotho,LSO,2000,16.169
Lesotho,LSO,1999,16.167
Lesotho,LSO,1998,15.913
Lesotho,LSO,1997,15.822
Lesotho,LSO,1996,15.709
Lesotho,LSO,1995,15.797
Lesotho,LSO,1994,15.62
Lesotho,LSO,1993,15.568
Lesotho,LSO,1992,15.448
Lesotho,LSO,1991,15.495
Lesotho,LSO,1990,
Lesotho,LSO,1989,
Lesotho,LSO,1988,
Lesotho,LSO,1987,
Lesotho,LSO,1986,
Lesotho,LSO,1985,
Lesotho,LSO,1984,
Lesotho,LSO,1983,
Lesotho,LSO,1982,
Lesotho,LSO,1981,
Lesotho,LSO,1980,
Lesotho,LSO,1979,
Lesotho,LSO,1978,
Lesotho,LSO,1977,
Lesotho,LSO,1976,
Lesotho,LSO,1975,
Lesotho,LSO,1974,
Lesotho,LSO,1973,
Lesotho,LSO,1972,
Lesotho,LSO,1971,
Lesotho,LSO,1970,
Lesotho,LSO,1969,
Lesotho,LSO,1968,
Lesotho,LSO,1967,
Lesotho,LSO,1966,
Lesotho,LSO,1965,
Lesotho,LSO,1964,
Lesotho,LSO,1963,
Lesotho,LSO,1962,
Lesotho,LSO,1961,
Lesotho,LSO,1960,
Liberia,LBR,2025,2.884
Liberia,LBR,2024,2.914
Liberia,LBR,2023,2.905
Liberia,LBR,2022,2.956
Liberia,LBR,2021,3.844
Liberia,LBR,2020,4.102
Liberia,LBR,2019,3.071
Liberia,LBR,2018,3.058
Liberia,LBR,2017,3.067
Liberia,LBR,2016,3.081
Liberia,LBR,2015,2.557
Liberia,LBR,2014,2.079
Liberia,LBR,2013,2.08
Liberia,LBR,2012,2.146
Liberia,LBR,2011,2.211
Liberia,LBR,2010,2.266
Liberia,LBR,2009,2.241
Liberia,LBR,2008,2.221
Liberia,LBR,2007,2.232
Liberia,LBR,2006,2.28
Liberia,LBR,2005,2.413
Liberia,LBR,2004,2.424
Liberia,LBR,2003,2.42
Liberia,LBR,2002,2.222
Liberia,LBR,2001,2.104
Liberia,LBR,2000,2.018
Liberia,LBR,1999,2.006
Liberia,LBR,1998,2.061
Liberia,LBR,1997,2.195
Liberia,LBR,1996,2.397
Liberia,LBR,1995,2.588
Liberia,LBR,1994,2.652
Liberia,LBR,1993,2.706
Liberia,LBR,1992,2.724
Liberia,LBR,1991,2.735
Liberia,LBR,1990,
Liberia,LBR,1989,
Liberia,LBR,1988,
Liberia,LBR,1987,
Liberia,LBR,1986,
Liberia,LBR,1985,
Liberia,LBR,1984,
Liberia,LBR,1983,
Liberia,LBR,1982,
Liberia,LBR,1981,
Liberia,LBR,1980,
Liberia,LBR,1979,
Liberia,LBR,1978,
Liberia,LBR,1977,
Liberia,LBR,1976,
Liberia,LBR,1975,
Liberia,LBR,1974,
Liberia,LBR,1973,
Liberia,LBR,1972,
Liberia,LBR,1971,
Liberia,LBR,1970,
Liberia,LBR,1969,
Liberia,LBR,1968,
Liberia,LBR,1967,
Liberia,LBR,1966,
Liberia,LBR,1965,
Liberia,LBR,1964,
Liberia,LBR,1963,
Liberia,LBR,1962,
Liberia,LBR,1961,
Liberia,LBR,1960,
Libya,LBY,2025,18.758
Libya,LBY,2024,19.085
Libya,LBY,2023,18.713
Libya,LBY,2022,19.238
Libya,LBY,2021,19.779
Libya,LBY,2020,19.651
Libya,LBY,2019,19.087
Libya,LBY,2018,18.865
Libya,LBY,2017,19.053
Libya,LBY,2016,19.559
Libya,LBY,2015,19.69
Libya,LBY,2014,19.295
Libya,LBY,2013,19.311
Libya,LBY,2012,19.03
Libya,LBY,2011,19.504
Libya,LBY,2010,19.321
Libya,LBY,2009,19.29
Libya,LBY,2008,19.041
Libya,LBY,2007,18.771
Libya,LBY,2006,18.805
Libya,LBY,2005,18.66
Libya,LBY,2004,18.938
Libya,LBY,2003,19.074
Libya,LBY,2002,19.281
Libya,LBY,2001,19.239
Libya,LBY,2000,19.275
Libya,LBY,1999,19.233
Libya,LBY,1998,19.192
Libya,LBY,1997,19.151
Libya,LBY,1996,19.212
Libya,LBY,1995,19.331
Libya,LBY,1994,19.328
Libya,LBY,1993,19.006
Libya,LBY,1992,18.828
Libya,LBY,1991,18.601
Libya,LBY,1990,
Libya,LBY,1989,
Libya,LBY,1988,
Libya,LBY,1987,
Libya,LBY,1986,
Libya,LBY,1985,
Libya,LBY,1984,
Libya,LBY,1983,
Libya,LBY,1982,
Libya,LBY,1981,
Libya,LBY,1980,
Libya,LBY,1979,
Libya,LBY,1978,
Libya,LBY,1977,
Libya,LBY,1976,
Libya,LBY,1975,
Libya,LBY,1974,
Libya,LBY,1973,
Libya,LBY,1972,
Libya,LBY,1971,
Libya,LBY,1970,
Libya,LBY,1969,
Libya,LBY,1968,
Libya,LBY,1967,
Libya,LBY,1966,
Libya,LBY,1965,
Libya,LBY,1964,
Libya,LBY,1963,
Libya,LBY,1962,
Libya,LBY,1961,
Libya,LBY,1960,
Liechtenstein,LIE,2025,
Liechtenstein,LIE,2024,
Liechtenstein,LIE,2023,
Liechtenstein,LIE,2022,
Liechtenstein,LIE,2021,
Liechtenstein,LIE,2020,
Liechtenstein,LIE,2019,
Liechtenstein,LIE,2018,
Liechtenstein,LIE,2017,
Liechtenstein,LIE,2016,
Liechtenstein,LIE,2015,
Liechtenstein,LIE,2014,
Liechtenstein,LIE,2013,
Liechtenstein,LIE,2012,
Liechtenstein,LIE,2011,
Liechtenstein,LIE,2010,
Liechtenstein,LIE,2009,
Liechtenstein,LIE,2008,
Liechtenstein,LIE,2007,
Liechtenstein,LIE,2006,
Liechtenstein,LIE,2005,
Liechtenstein,LIE,2004,
Liechtenstein,LIE,2003,
Liechtenstein,LIE,2002,
Liechtenstein,LIE,2001,
Liechtenstein,LIE,2000,
Liechtenstein,LIE,1999,
Liechtenstein,LIE,1998,
Liechtenstein,LIE,1997,
Liechtenstein,LIE,1996,
Liechtenstein,LIE,1995,
Liechtenstein,LIE,1994,
Liechtenstein,LIE,1993,
Liechtenstein,LIE,1992,
Liechtenstein,LIE,1991,
Liechtenstein,LIE,1990,
Liechtenstein,LIE,1989,
Liechtenstein,LIE,1988,
Liechtenstein,LIE,1987,
Liechtenstein,LIE,1986,
Liechtenstein,LIE,1985,
Liechtenstein,LIE,1984,
Liechtenstein,LIE,1983,
Liechtenstein,LIE,1982,
Liechtenstein,LIE,1981,
Liechtenstein,LIE,1980,
Liechtenstein,LIE,1979,
Liechtenstein,LIE,1978,
Liechtenstein,LIE,1977,
Liechtenstein,LIE,1976,
Liechtenstein,LIE,1975,
Liechtenstein,LIE,1974,
Liechtenstein,LIE,1973,
Liechtenstein,LIE,1972,
Liechtenstein,LIE,1971,
Liechtenstein,LIE,1970,
Liechtenstein,LIE,1969,
Liechtenstein,LIE,1968,
Liechtenstein,LIE,1967,
Liechtenstein,LIE,1966,
Liechtenstein,LIE,1965,
Liechtenstein,LIE,1964,
Liechtenstein,LIE,1963,
Liechtenstein,LIE,1962,
Liechtenstein,LIE,1961,
Liechtenstein,LIE,1960,
Lithuania,LTU,2025,6.731
Lithuania,LTU,2024,6.851
Lithuania,LTU,2023,6.841
Lithuania,LTU,2022,5.955
Lithuania,LTU,2021,7.112
Lithuania,LTU,2020,8.487
Lithuania,LTU,2019,6.255
Lithuania,LTU,2018,6.147
Lithuania,LTU,2017,7.073
Lithuania,LTU,2016,7.862
Lithuania,LTU,2015,9.12
Lithuania,LTU,2014,10.698
Lithuania,LTU,2013,11.77
Lithuania,LTU,2012,13.365
Lithuania,LTU,2011,15.39
Lithuania,LTU,2010,17.814
Lithuania,LTU,2009,13.785
Lithuania,LTU,2008,5.826
Lithuania,LTU,2007,4.25
Lithuania,LTU,2006,5.78
Lithuania,LTU,2005,8.325
Lithuania,LTU,2004,10.684
Lithuania,LTU,2003,12.874
Lithuania,LTU,2002,13.008
Lithuania,LTU,2001,16.84
Lithuania,LTU,2000,15.931
Lithuania,LTU,1999,13.388
Lithuania,LTU,1998,13.711
Lithuania,LTU,1997,14.13
Lithuania,LTU,1996,16.4
Lithuania,LTU,1995,17.54
Lithuania,LTU,1994,13.8
Lithuania,LTU,1993,13.8
Lithuania,LTU,1992,1.2
Lithuania,LTU,1991,1.1
Lithuania,LTU,1990,
Lithuania,LTU,1989,
Lithuania,LTU,1988,
Lithuania,LTU,1987,
Lithuania,LTU,1986,
Lithuania,LTU,1985,
Lithuania,LTU,1984,
Lithuania,LTU,1983,
Lithuania,LTU,1982,
Lithuania,LTU,1981,
Lithuania,LTU,1980,
Lithuania,LTU,1979,
Lithuania,LTU,1978,
Lithuania,LTU,1977,
Lithuania,LTU,1976,
Lithuania,LTU,1975,
Lithuania,LTU,1974,
Lithuania,LTU,1973,
Lithuania,LTU,1972,
Lithuania,LTU,1971,
Lithuania,LTU,1970,
Lithuania,LTU,1969,
Lithuania,LTU,1968,
Lithuania,LTU,1967,
Lithuania,LTU,1966,
Lithuania,LTU,1965,
Lithuania,LTU,1964,
Lithuania,LTU,1963,
Lithuania,LTU,1962,
Lithuania,LTU,1961,
Lithuania,LTU,1960,
Luxembourg,LUX,2025,6.343
Luxembourg,LUX,2024,6.4
Luxembourg,LUX,2023,5.184
Luxembourg,LUX,2022,4.588
Luxembourg,LUX,2021,5.571
Luxembourg,LUX,2020,6.766
Luxembourg,LUX,2019,5.592
Luxembourg,LUX,2018,5.589
Luxembourg,LUX,2017,5.523
Luxembourg,LUX,2016,6.669
Luxembourg,LUX,2015,6.796
Luxembourg,LUX,2014,6.044
Luxembourg,LUX,2013,6.045
Luxembourg,LUX,2012,5.03
Luxembourg,LUX,2011,5.122
Luxembourg,LUX,2010,4.423
Luxembourg,LUX,2009,5.194
Luxembourg,LUX,2008,5.06
Luxembourg,LUX,2007,4.065
Luxembourg,LUX,2006,4.731
Luxembourg,LUX,2005,4.488
Luxembourg,LUX,2004,5.113
Luxembourg,LUX,2003,3.675
Luxembourg,LUX,2002,2.621
Luxembourg,LUX,2001,1.805
Luxembourg,LUX,2000,2.345
Luxembourg,LUX,1999,2.39
Luxembourg,LUX,1998,2.763
Luxembourg,LUX,1997,2.527
Luxembourg,LUX,1996,3.286
Luxembourg,LUX,1995,2.918
Luxembourg,LUX,1994,3.479
Luxembourg,LUX,1993,2.33
Luxembourg,LUX,1992,2.029
Luxembourg,LUX,1991,1.482
Luxembourg,LUX,1990,
Luxembourg,LUX,1989,
Luxembourg,LUX,1988,
Luxembourg,LUX,1987,
Luxembourg,LUX,1986,
Luxembourg,LUX,1985,
Luxembourg,LUX,1984,
Luxembourg,LUX,1983,
Luxembourg,LUX,1982,
Luxembourg,LUX,1981,
Luxembourg,LUX,1980,
Luxembourg,LUX,1979,
Luxembourg,LUX,1978,
Luxembourg,LUX,1977,
Luxembourg,LUX,1976,
Luxembourg,LUX,1975,
Luxembourg,LUX,1974,
Luxembourg,LUX,1973,
Luxembourg,LUX,1972,
Luxembourg,LUX,1971,
Luxembourg,LUX,1970,
Luxembourg,LUX,1969,
Luxembourg,LUX,1968,
Luxembourg,LUX,1967,
Luxembourg,LUX,1966,
Luxembourg,LUX,1965,
Luxembourg,LUX,1964,
Luxembourg,LUX,1963,
Luxembourg,LUX,1962,
Luxembourg,LUX,1961,
Luxembourg,LUX,1960,
"Macao SAR, China",MAC,2025,2.347
"Macao SAR, China",MAC,2024,2.262
"Macao SAR, China",MAC,2023,2.206
"Macao SAR, China",MAC,2022,2.446
"Macao SAR, China",MAC,2021,2.221
"Macao SAR, China",MAC,2020,2.542
"Macao SAR, China",MAC,2019,1.73
"Macao SAR, China",MAC,2018,1.803
"Macao SAR, China",MAC,2017,1.981
"Macao SAR, China",MAC,2016,1.939
"Macao SAR, China",MAC,2015,1.81
"Macao SAR, China",MAC,2014,1.67
"Macao SAR, China",MAC,2013,1.82
"Macao SAR, China",MAC,2012,1.97
"Macao SAR, China",MAC,2011,2.56
"Macao SAR, China",MAC,2010,2.84
"Macao SAR, China",MAC,2009,3.58
"Macao SAR, China",MAC,2008,2.999
"Macao SAR, China",MAC,2007,3.269
"Macao SAR, China",MAC,2006,3.822
"Macao SAR, China",MAC,2005,4.158
"Macao SAR, China",MAC,2004,4.904
"Macao SAR, China",MAC,2003,5.995
"Macao SAR, China",MAC,2002,6.278
"Macao SAR, China",MAC,2001,6.371
"Macao SAR, China",MAC,2000,6.874
"Macao SAR, China",MAC,1999,6.34
"Macao SAR, China",MAC,1998,4.607
"Macao SAR, China",MAC,1997,3.225
"Macao SAR, China",MAC,1996,4.261
"Macao SAR, China",MAC,1995,3.581
"Macao SAR, China",MAC,1994,2.48
"Macao SAR, China",MAC,1993,2.057
"Macao SAR, China",MAC,1992,2.196
"Macao SAR, China",MAC,1991,3.01
"Macao SAR, China",MAC,1990,
"Macao SAR, China",MAC,1989,
"Macao SAR, China",MAC,1988,
"Macao SAR, China",MAC,1987,
"Macao SAR, China",MAC,1986,
"Macao SAR, China",MAC,1985,
"Macao SAR, China",MAC,1984,
"Macao SAR, China",MAC,1983,
"Macao SAR, China",MAC,1982,
"Macao SAR, China",MAC,1981,
"Macao SAR, China",MAC,1980,
"Macao SAR, China",MAC,1979,
"Macao SAR, China",MAC,1978,
"Macao SAR, China",MAC,1977,
"Macao SAR, China",MAC,1976,
"Macao SAR, China",MAC,1975,
"Macao SAR, China",MAC,1974,
"Macao SAR, China",MAC,1973,
"Macao SAR, China",MAC,1972,
"Macao SAR, China",MAC,1971,
"Macao SAR, China",MAC,1970,
"Macao SAR, China",MAC,1969,
"Macao SAR, China",MAC,1968,
"Macao SAR, China",MAC,1967,
"Macao SAR, China",MAC,1966,
"Macao SAR, China",MAC,1965,
"Macao SAR, China",MAC,1964,
"Macao SAR, China",MAC,1963,
"Macao SAR, China",MAC,1962,
"Macao SAR, China",MAC,1961,
"Macao SAR, China",MAC,1960,
Madagascar,MDG,2025,3.041
Madagascar,MDG,2024,3.051
Madagascar,MDG,2023,3.044
Madagascar,MDG,2022,3.186
Madagascar,MDG,2021,3.498
Madagascar,MDG,2020,3.292
Madagascar,MDG,2019,2.479
Madagascar,MDG,2018,2.303
Madagascar,MDG,2017,2.123
Madagascar,MDG,2016,1.949
Madagascar,MDG,2015,1.785
Madagascar,MDG,2014,1.385
Madagascar,MDG,2013,0.995
Madagascar,MDG,2012,0.599
Madagascar,MDG,2011,2.516
Madagascar,MDG,2010,4.28
Madagascar,MDG,2009,3.885
Madagascar,MDG,2008,3.431
Madagascar,MDG,2007,3.202
Madagascar,MDG,2006,2.945
Madagascar,MDG,2005,2.62
Madagascar,MDG,2004,3.951
Madagascar,MDG,2003,5.01
Madagascar,MDG,2002,5.515
Madagascar,MDG,2001,5.35
Madagascar,MDG,2000,5.8
Madagascar,MDG,1999,5.822
Madagascar,MDG,1998,5.901
Madagascar,MDG,1997,5.971
Madagascar,MDG,1996,6.092
Madagascar,MDG,1995,6.092
Madagascar,MDG,1994,6.106
Madagascar,MDG,1993,6.317
Madagascar,MDG,1992,6.275
Madagascar,MDG,1991,6.169
Madagascar,MDG,1990,
Madagascar,MDG,1989,
Madagascar,MDG,1988,
Madagascar,MDG,1987,
Madagascar,MDG,1986,
Madagascar,MDG,1985,
Madagascar,MDG,1984,
Madagascar,MDG,1983,
Madagascar,MDG,1982,
Madagascar,MDG,1981,
Madagascar,MDG,1980,
Madagascar,MDG,1979,
Madagascar,MDG,1978,
Madagascar,MDG,1977,
Madagascar,MDG,1976,
Madagascar,MDG,1975,
Madagascar,MDG,1974,
Madagascar,MDG,1973,
Madagascar,MDG,1972,
Madagascar,MDG,1971,
Madagascar,MDG,1970,
Madagascar,MDG,1969,
Madagascar,MDG,1968,
Madagascar,MDG,1967,
Madagascar,MDG,1966,
Madagascar,MDG,1965,
Madagascar,MDG,1964,
Madagascar,MDG,1963,
Madagascar,MDG,1962,
Madagascar,MDG,1961,
Madagascar,MDG,1960,
Malawi,MWI,2025,5.072
Malawi,MWI,2024,5.051
Malawi,MWI,2023,5.009
Malawi,MWI,2022,5.02
Malawi,MWI,2021,5.652
Malawi,MWI,2020,5.72
Malawi,MWI,2019,4.964
Malawi,MWI,2018,5.021
Malawi,MWI,2017,5.046
Malawi,MWI,2016,5.011
Malawi,MWI,2015,4.953
Malawi,MWI,2014,4.967
Malawi,MWI,2013,4.978
Malawi,MWI,2012,4.949
Malawi,MWI,2011,4.829
Malawi,MWI,2010,4.78
Malawi,MWI,2009,4.732
Malawi,MWI,2008,4.796
Malawi,MWI,2007,4.876
Malawi,MWI,2006,4.954
Malawi,MWI,2005,4.935
Malawi,MWI,2004,4.964
Malawi,MWI,2003,5.165
Malawi,MWI,2002,5.248
Malawi,MWI,2001,5.221
Malawi,MWI,2000,5.045
Malawi,MWI,1999,5.002
Malawi,MWI,1998,4.921
Malawi,MWI,1997,4.69
Malawi,MWI,1996,4.94
Malawi,MWI,1995,4.895
Malawi,MWI,1994,5.368
Malawi,MWI,1993,4.988
Malawi,MWI,1992,5.064
Malawi,MWI,1991,4.9
Malawi,MWI,1990,
Malawi,MWI,1989,
Malawi,MWI,1988,
Malawi,MWI,1987,
Malawi,MWI,1986,
Malawi,MWI,1985,
Malawi,MWI,1984,
Malawi,MWI,1983,
Malawi,MWI,1982,
Malawi,MWI,1981,
Malawi,MWI,1980,
Malawi,MWI,1979,
Malawi,MWI,1978,
Malawi,MWI,1977,
Malawi,MWI,1976,
Malawi,MWI,1975,
Malawi,MWI,1974,
Malawi,MWI,1973,
Malawi,MWI,1972,
Malawi,MWI,1971,
Malawi,MWI,1970,
Malawi,MWI,1969,
Malawi,MWI,1968,
Malawi,MWI,1967,
Malawi,MWI,1966,
Malawi,MWI,1965,
Malawi,MWI,1964,
Malawi,MWI,1963,
Malawi,MWI,1962,
Malawi,MWI,1961,
Malawi,MWI,1960,
Malaysia,MYS,2025,3.764
Malaysia,MYS,2024,3.846
Malaysia,MYS,2023,3.858
Malaysia,MYS,2022,3.93
Malaysia,MYS,2021,4.64
Malaysia,MYS,2020,4.54
Malaysia,MYS,2019,3.33
Malaysia,MYS,2018,3.3
Malaysia,MYS,2017,3.41
Malaysia,MYS,2016,3.44
Malaysia,MYS,2015,3.1
Malaysia,MYS,2014,2.88
Malaysia,MYS,2013,3.14
Malaysia,MYS,2012,3.04
Malaysia,MYS,2011,3.05
Malaysia,MYS,2010,3.32
Malaysia,MYS,2009,3.62
Malaysia,MYS,2008,3.34
Malaysia,MYS,2007,3.31
Malaysia,MYS,2006,3.32
Malaysia,MYS,2005,3.53
Malaysia,MYS,2004,3.54
Malaysia,MYS,2003,3.61
Malaysia,MYS,2002,3.48
Malaysia,MYS,2001,3.53
Malaysia,MYS,2000,3.0
Malaysia,MYS,1999,3.43
Malaysia,MYS,1998,3.2
Malaysia,MYS,1997,2.45
Malaysia,MYS,1996,2.52
Malaysia,MYS,1995,3.15
Malaysia,MYS,1994,3.64
Malaysia,MYS,1993,4.11
Malaysia,MYS,1992,3.71
Malaysia,MYS,1991,3.7
Malaysia,MYS,1990,
Malaysia,MYS,1989,
Malaysia,MYS,1988,
Malaysia,MYS,1987,
Malaysia,MYS,1986,
Malaysia,MYS,1985,
Malaysia,MYS,1984,
Malaysia,MYS,1983,
Malaysia,MYS,1982,
Malaysia,MYS,1981,
Malaysia,MYS,1980,
Malaysia,MYS,1979,
Malaysia,MYS,1978,
Malaysia,MYS,1977,
Malaysia,MYS,1976,
Malaysia,MYS,1975,
Malaysia,MYS,1974,
Malaysia,MYS,1973,
Malaysia,MYS,1972,
Malaysia,MYS,1971,
Malaysia,MYS,1970,
Malaysia,MYS,1969,
Malaysia,MYS,1968,
Malaysia,MYS,1967,
Malaysia,MYS,1966,
Malaysia,MYS,1965,
Malaysia,MYS,1964,
Malaysia,MYS,1963,
Malaysia,MYS,1962,
Malaysia,MYS,1961,
Malaysia,MYS,1960,
Maldives,MDV,2025,4.514
Maldives,MDV,2024,4.278
Maldives,MDV,2023,4.019
Maldives,MDV,2022,4.303
Maldives,MDV,2021,5.016
Maldives,MDV,2020,5.42
Maldives,MDV,2019,4.562
Maldives,MDV,2018,4.962
Maldives,MDV,2017,5.377
Maldives,MDV,2016,5.771
Maldives,MDV,2015,6.611
Maldives,MDV,2014,7.461
Maldives,MDV,2013,8.295
Maldives,MDV,2012,9.134
Maldives,MDV,2011,10.043
Maldives,MDV,2010,10.875
Maldives,MDV,2009,11.697
Maldives,MDV,2008,10.361
Maldives,MDV,2007,9.421
Maldives,MDV,2006,8.345
Maldives,MDV,2005,7.313
Maldives,MDV,2004,6.151
Maldives,MDV,2003,5.126
Maldives,MDV,2002,4.094
Maldives,MDV,2001,3.038
Maldives,MDV,2000,1.97
Maldives,MDV,1999,1.726
Maldives,MDV,1998,1.489
Maldives,MDV,1997,1.25
Maldives,MDV,1996,1.019
Maldives,MDV,1995,0.79
Maldives,MDV,1994,0.793
Maldives,MDV,1993,0.796
Maldives,MDV,1992,0.789
Maldives,MDV,1991,0.788
Maldives,MDV,1990,
Maldives,MDV,1989,
Maldives,MDV,1988,
Maldives,MDV,1987,
Maldives,MDV,1986,
Maldives,MDV,1985,
Maldives,MDV,1984,
Maldives,MDV,1983,
Maldives,MDV,1982,
Maldives,MDV,1981,
Maldives,MDV,1980,
Maldives,MDV,1979,
Maldives,MDV,1978,
Maldives,MDV,1977,
Maldives,MDV,1976,
Maldives,MDV,1975,
Maldives,MDV,1974,
Maldives,MDV,1973,
Maldives,MDV,1972,
Maldives,MDV,1971,
Maldives,MDV,1970,
Maldives,MDV,1969,
Maldives,MDV,1968,
Maldives,MDV,1967,
Maldives,MDV,1966,
Maldives,MDV,1965,
Maldives,MDV,1964,
Maldives,MDV,1963,
Maldives,MDV,1962,
Maldives,MDV,1961,
Maldives,MDV,1960,
Mali,MLI,2025,2.831
Mali,MLI,2024,2.924
Mali,MLI,2023,2.947
Mali,MLI,2022,2.387
Mali,MLI,2021,4.006
Mali,MLI,2020,3.528
Mali,MLI,2019,3.29
Mali,MLI,2018,1.62
Mali,MLI,2017,1.498
Mali,MLI,2016,1.367
Mali,MLI,2015,1.404
Mali,MLI,2014,1.476
Mali,MLI,2013,1.517
Mali,MLI,2012,1.462
Mali,MLI,2011,1.403
Mali,MLI,2010,1.375
Mali,MLI,2009,1.406
Mali,MLI,2008,1.383
Mali,MLI,2007,1.372
Mali,MLI,2006,1.395
Mali,MLI,2005,1.367
Mali,MLI,2004,1.413
Mali,MLI,2003,1.272
Mali,MLI,2002,1.36
Mali,MLI,2001,1.332
Mali,MLI,2000,1.412
Mali,MLI,1999,1.358
Mali,MLI,1998,1.342
Mali,MLI,1997,1.411
Mali,MLI,1996,1.421
Mali,MLI,1995,1.464
Mali,MLI,1994,1.512
Mali,MLI,1993,1.419
Mali,MLI,1992,1.483
Mali,MLI,1991,1.399
Mali,MLI,1990,
Mali,MLI,1989,
Mali,MLI,1988,
Mali,MLI,1987,
Mali,MLI,1986,
Mali,MLI,1985,
Mali,MLI,1984,
Mali,MLI,1983,
Mali,MLI,1982,
Mali,MLI,1981,
Mali,MLI,1980,
Mali,MLI,1979,
Mali,MLI,1978,
Mali,MLI,1977,
Mali,MLI,1976,
Mali,MLI,1975,
Mali,MLI,1974,
Mali,MLI,1973,
Mali,MLI,1972,
Mali,MLI,1971,
Mali,MLI,1970,
Mali,MLI,1969,
Mali,MLI,1968,
Mali,MLI,1967,
Mali,MLI,1966,
Mali,MLI,1965,
Mali,MLI,1964,
Mali,MLI,1963,
Mali,MLI,1962,
Mali,MLI,1961,
Mali,MLI,1960,
Malta,MLT,2025,2.896
Malta,MLT,2024,3.1
Malta,MLT,2023,3.479
Malta,MLT,2022,3.471
Malta,MLT,2021,3.754
Malta,MLT,2020,4.856
Malta,MLT,2019,4.08
Malta,MLT,2018,3.956
Malta,MLT,2017,4.008
Malta,MLT,2016,4.694
Malta,MLT,2015,5.389
Malta,MLT,2014,5.737
Malta,MLT,2013,6.115
Malta,MLT,2012,6.203
Malta,MLT,2011,6.388
Malta,MLT,2010,6.861
Malta,MLT,2009,6.896
Malta,MLT,2008,5.977
Malta,MLT,2007,6.472
Malta,MLT,2006,6.798
Malta,MLT,2005,6.923
Malta,MLT,2004,7.317
Malta,MLT,2003,7.488
Malta,MLT,2002,6.902
Malta,MLT,2001,7.107
Malta,MLT,2000,6.324
Malta,MLT,1999,6.325
Malta,MLT,1998,6.326
Malta,MLT,1997,6.328
Malta,MLT,1996,6.329
Malta,MLT,1995,6.33
Malta,MLT,1994,6.331
Malta,MLT,1993,6.332
Malta,MLT,1992,6.333
Malta,MLT,1991,6.335
Malta,MLT,1990,
Malta,MLT,1989,
Malta,MLT,1988,
Malta,MLT,1987,
Malta,MLT,1986,
Malta,MLT,1985,
Malta,MLT,1984,
Malta,MLT,1983,
Malta,MLT,1982,
Malta,MLT,1981,
Malta,MLT,1980,
Malta,MLT,1979,
Malta,MLT,1978,
Malta,MLT,1977,
Malta,MLT,1976,
Malta,MLT,1975,
Malta,MLT,1974,
Malta,MLT,1973,
Malta,MLT,1972,
Malta,MLT,1971,
Malta,MLT,1970,
Malta,MLT,1969,
Malta,MLT,1968,
Malta,MLT,1967,
Malta,MLT,1966,
Malta,MLT,1965,
Malta,MLT,1964,
Malta,MLT,1963,
Malta,MLT,1962,
Malta,MLT,1961,
Malta,MLT,1960,
Marshall Islands,MHL,2025,
Marshall Islands,MHL,2024,
Marshall Islands,MHL,2023,
Marshall Islands,MHL,2022,
Marshall Islands,MHL,2021,
Marshall Islands,MHL,2020,
Marshall Islands,MHL,2019,
Marshall Islands,MHL,2018,
Marshall Islands,MHL,2017,
Marshall Islands,MHL,2016,
Marshall Islands,MHL,2015,
Marshall Islands,MHL,2014,
Marshall Islands,MHL,2013,
Marshall Islands,MHL,2012,
Marshall Islands,MHL,2011,
Marshall Islands,MHL,2010,
Marshall Islands,MHL,2009,
Marshall Islands,MHL,2008,
Marshall Islands,MHL,2007,
Marshall Islands,MHL,2006,
Marshall Islands,MHL,2005,
Marshall Islands,MHL,2004,
Marshall Islands,MHL,2003,
Marshall Islands,MHL,2002,
Marshall Islands,MHL,2001,
Marshall Islands,MHL,2000,
Marshall Islands,MHL,1999,
Marshall Islands,MHL,1998,
Marshall Islands,MHL,1997,
Marshall Islands,MHL,1996,
Marshall Islands,MHL,1995,
Marshall Islands,MHL,1994,
Marshall Islands,MHL,1993,
Marshall Islands,MHL,1992,
Marshall Islands,MHL,1991,
Marshall Islands,MHL,1990,
Marshall Islands,MHL,1989,
Marshall Islands,MHL,1988,
Marshall Islands,MHL,1987,
Marshall Islands,MHL,1986,
Marshall Islands,MHL,1985,
Marshall Islands,MHL,1984,
Marshall Islands,MHL,1983,
Marshall Islands,MHL,1982,
Marshall Islands,MHL,1981,
Marshall Islands,MHL,1980,
Marshall Islands,MHL,1979,
Marshall Islands,MHL,1978,
Marshall Islands,MHL,1977,
Marshall Islands,MHL,1976,
Marshall Islands,MHL,1975,
Marshall Islands,MHL,1974,
Marshall Islands,MHL,1973,
Marshall Islands,MHL,1972,
Marshall Islands,MHL,1971,
Marshall Islands,MHL,1970,
Marshall Islands,MHL,1969,
Marshall Islands,MHL,1968,
Marshall Islands,MHL,1967,
Marshall Islands,MHL,1966,
Marshall Islands,MHL,1965,
Marshall Islands,MHL,1964,
Marshall Islands,MHL,1963,
Marshall Islands,MHL,1962,
Marshall Islands,MHL,1961,
Marshall Islands,MHL,1960,
Mauritania,MRT,2025,10.319
Mauritania,MRT,2024,10.257
Mauritania,MRT,2023,10.37
Mauritania,MRT,2022,10.52
Mauritania,MRT,2021,11.131
Mauritania,MRT,2020,11.051
Mauritania,MRT,2019,10.416
Mauritania,MRT,2018,10.411
Mauritania,MRT,2017,10.336
Mauritania,MRT,2016,10.287
Mauritania,MRT,2015,10.104
Mauritania,MRT,2014,10.026
Mauritania,MRT,2013,9.926
Mauritania,MRT,2012,9.864
Mauritania,MRT,2011,9.976
Mauritania,MRT,2010,10.093
Mauritania,MRT,2009,10.214
Mauritania,MRT,2008,9.715
Mauritania,MRT,2007,9.482
Mauritania,MRT,2006,9.313
Mauritania,MRT,2005,9.59
Mauritania,MRT,2004,9.77
Mauritania,MRT,2003,9.911
Mauritania,MRT,2002,10.201
Mauritania,MRT,2001,10.132
Mauritania,MRT,2000,10.03
Mauritania,MRT,1999,10.033
Mauritania,MRT,1998,9.975
Mauritania,MRT,1997,9.788
Mauritania,MRT,1996,9.764
Mauritania,MRT,1995,9.766
Mauritania,MRT,1994,9.979
Mauritania,MRT,1993,9.85
Mauritania,MRT,1992,10.052
Mauritania,MRT,1991,9.971
Mauritania,MRT,1990,
Mauritania,MRT,1989,
Mauritania,MRT,1988,
Mauritania,MRT,1987,
Mauritania,MRT,1986,
Mauritania,MRT,1985,
Mauritania,MRT,1984,
Mauritania,MRT,1983,
Mauritania,MRT,1982,
Mauritania,MRT,1981,
Mauritania,MRT,1980,
Mauritania,MRT,1979,
Mauritania,MRT,1978,
Mauritania,MRT,1977,
Mauritania,MRT,1976,
Mauritania,MRT,1975,
Mauritania,MRT,1974,
Mauritania,MRT,1973,
Mauritania,MRT,1972,
Mauritania,MRT,1971,
Mauritania,MRT,1970,
Mauritania,MRT,1969,
Mauritania,MRT,1968,
Mauritania,MRT,1967,
Mauritania,MRT,1966,
Mauritania,MRT,1965,
Mauritania,MRT,1964,
Mauritania,MRT,1963,
Mauritania,MRT,1962,
Mauritania,MRT,1961,
Mauritania,MRT,1960,
Mauritius,MUS,2025,5.635
Mauritius,MUS,2024,5.548
Mauritius,MUS,2023,5.571
Mauritius,MUS,2022,6.322
Mauritius,MUS,2021,7.719
Mauritius,MUS,2020,8.626
Mauritius,MUS,2019,6.331
Mauritius,MUS,2018,6.426
Mauritius,MUS,2017,6.752
Mauritius,MUS,2016,6.814
Mauritius,MUS,2015,7.41
Mauritius,MUS,2014,7.467
Mauritius,MUS,2013,7.322
Mauritius,MUS,2012,7.472
Mauritius,MUS,2011,7.447
Mauritius,MUS,2010,7.654
Mauritius,MUS,2009,7.257
Mauritius,MUS,2008,7.17
Mauritius,MUS,2007,8.475
Mauritius,MUS,2006,9.04
Mauritius,MUS,2005,9.524
Mauritius,MUS,2004,8.337
Mauritius,MUS,2003,8.318
Mauritius,MUS,2002,8.205
Mauritius,MUS,2001,9.14
Mauritius,MUS,2000,9.125
Mauritius,MUS,1999,9.278
Mauritius,MUS,1998,9.253
Mauritius,MUS,1997,9.381
Mauritius,MUS,1996,9.503
Mauritius,MUS,1995,9.59
Mauritius,MUS,1994,9.513
Mauritius,MUS,1993,9.5
Mauritius,MUS,1992,9.428
Mauritius,MUS,1991,9.493
Mauritius,MUS,1990,
Mauritius,MUS,1989,
Mauritius,MUS,1988,
Mauritius,MUS,1987,
Mauritius,MUS,1986,
Mauritius,MUS,1985,
Mauritius,MUS,1984,
Mauritius,MUS,1983,
Mauritius,MUS,1982,
Mauritius,MUS,1981,
Mauritius,MUS,1980,
Mauritius,MUS,1979,
Mauritius,MUS,1978,
Mauritius,MUS,1977,
Mauritius,MUS,1976,
Mauritius,MUS,1975,
Mauritius,MUS,1974,
Mauritius,MUS,1973,
Mauritius,MUS,1972,
Mauritius,MUS,1971,
Mauritius,MUS,1970,
Mauritius,MUS,1969,
Mauritius,MUS,1968,
Mauritius,MUS,1967,
Mauritius,MUS,1966,
Mauritius,MUS,1965,
Mauritius,MUS,1964,
Mauritius,MUS,1963,
Mauritius,MUS,1962,
Mauritius,MUS,1961,
Mauritius,MUS,1960,
Mexico,MEX,2025,2.673
Mexico,MEX,2024,2.678
Mexico,MEX,2023,2.765
Mexico,MEX,2022,3.256
Mexico,MEX,2021,4.019
Mexico,MEX,2020,4.44
Mexico,MEX,2019,3.477
Mexico,MEX,2018,3.275
Mexico,MEX,2017,3.419
Mexico,MEX,2016,3.853
Mexico,MEX,2015,4.311
Mexico,MEX,2014,4.819
Mexico,MEX,2013,4.921
Mexico,MEX,2012,4.892
Mexico,MEX,2011,5.175
Mexico,MEX,2010,5.303
Mexico,MEX,2009,5.356
Mexico,MEX,2008,3.874
Mexico,MEX,2007,3.628
Mexico,MEX,2006,3.566
Mexico,MEX,2005,3.558
Mexico,MEX,2004,3.937
Mexico,MEX,2003,3.455
Mexico,MEX,2002,3.003
Mexico,MEX,2001,2.627
Mexico,MEX,2000,2.646
Mexico,MEX,1999,2.598
Mexico,MEX,1998,3.733
Mexico,MEX,1997,4.235
Mexico,MEX,1996,5.465
Mexico,MEX,1995,7.095
Mexico,MEX,1994,4.436
Mexico,MEX,1993,3.365
Mexico,MEX,1992,3.235
Mexico,MEX,1991,3.145
Mexico,MEX,1990,
Mexico,MEX,1989,
Mexico,MEX,1988,
Mexico,MEX,1987,
Mexico,MEX,1986,
Mexico,MEX,1985,
Mexico,MEX,1984,
Mexico,MEX,1983,
Mexico,MEX,1982,
Mexico,MEX,1981,
Mexico,MEX,1980,
Mexico,MEX,1979,
Mexico,MEX,1978,
Mexico,MEX,1977,
Mexico,MEX,1976,
Mexico,MEX,1975,
Mexico,MEX,1974,
Mexico,MEX,1973,
Mexico,MEX,1972,
Mexico,MEX,1971,
Mexico,MEX,1970,
Mexico,MEX,1969,
Mexico,MEX,1968,
Mexico,MEX,1967,
Mexico,MEX,1966,
Mexico,MEX,1965,
Mexico,MEX,1964,
Mexico,MEX,1963,
Mexico,MEX,1962,
Mexico,MEX,1961,
Mexico,MEX,1960,
"Micronesia, Fed. Sts.",FSM,2025,
"Micronesia, Fed. Sts.",FSM,2024,
"Micronesia, Fed. Sts.",FSM,2023,
"Micronesia, Fed. Sts.",FSM,2022,
"Micronesia, Fed. Sts.",FSM,2021,
"Micronesia, Fed. Sts.",FSM,2020,
"Micronesia, Fed. Sts.",FSM,2019,
"Micronesia, Fed. Sts.",FSM,2018,
"Micronesia, Fed. Sts.",FSM,2017,
"Micronesia, Fed. Sts.",FSM,2016,
"Micronesia, Fed. Sts.",FSM,2015,
"Micronesia, Fed. Sts.",FSM,2014,
"Micronesia, Fed. Sts.",FSM,2013,
"Micronesia, Fed. Sts.",FSM,2012,
"Micronesia, Fed. Sts.",FSM,2011,
"Micronesia, Fed. Sts.",FSM,2010,
"Micronesia, Fed. Sts.",FSM,2009,
"Micronesia, Fed. Sts.",FSM,2008,
"Micronesia, Fed. Sts.",FSM,2007,
"Micronesia, Fed. Sts.",FSM,2006,
"Micronesia, Fed. Sts.",FSM,2005,
"Micronesia, Fed. Sts.",FSM,2004,
"Micronesia, Fed. Sts.",FSM,2003,
"Micronesia, Fed. Sts.",FSM,2002,
"Micronesia, Fed. Sts.",FSM,2001,
"Micronesia, Fed. Sts.",FSM,2000,
"Micronesia, Fed. Sts.",FSM,1999,
"Micronesia, Fed. Sts.",FSM,1998,
"Micronesia, Fed. Sts.",FSM,1997,
"Micronesia, Fed. Sts.",FSM,1996,
"Micronesia, Fed. Sts.",FSM,1995,
"Micronesia, Fed. Sts.",FSM,1994,
"Micronesia, Fed. Sts.",FSM,1993,
"Micronesia, Fed. Sts.",FSM,1992,
"Micronesia, Fed. Sts.",FSM,1991,
"Micronesia, Fed. Sts.",FSM,1990,
"Micronesia, Fed. Sts.",FSM,1989,
"Micronesia, Fed. Sts.",FSM,1988,
"Micronesia, Fed. Sts.",FSM,1987,
"Micronesia, Fed. Sts.",FSM,1986,
"Micronesia, Fed. Sts.",FSM,1985,
"Micronesia, Fed. Sts.",FSM,1984,
"Micronesia, Fed. Sts.",FSM,1983,
"Micronesia, Fed. Sts.",FSM,1982,
"Micronesia, Fed. Sts.",FSM,1981,
"Micronesia, Fed. Sts.",FSM,1980,
"Micronesia, Fed. Sts.",FSM,1979,
"Micronesia, Fed. Sts.",FSM,1978,
"Micronesia, Fed. Sts.",FSM,1977,
"Micronesia, Fed. Sts.",FSM,1976,
"Micronesia, Fed. Sts.",FSM,1975,
"Micronesia, Fed. Sts.",FSM,1974,
"Micronesia, Fed. Sts.",FSM,1973,
"Micronesia, Fed. Sts.",FSM,1972,
"Micronesia, Fed. Sts.",FSM,1971,
"Micronesia, Fed. Sts.",FSM,1970,
"Micronesia, Fed. Sts.",FSM,1969,
"Micronesia, Fed. Sts.",FSM,1968,
"Micronesia, Fed. Sts.",FSM,1967,
"Micronesia, Fed. Sts.",FSM,1966,
"Micronesia, Fed. Sts.",FSM,1965,
"Micronesia, Fed. Sts.",FSM,1964,
"Micronesia, Fed. Sts.",FSM,1963,
"Micronesia, Fed. Sts.",FSM,1962,
"Micronesia, Fed. Sts.",FSM,1961,
"Micronesia, Fed. Sts.",FSM,1960,
Moldova,MDA,2025,1.505
Moldova,MDA,2024,1.427
Moldova,MDA,2023,1.57
Moldova,MDA,2022,0.909
Moldova,MDA,2021,0.794
Moldova,MDA,2020,1.206
Moldova,MDA,2019,1.502
Moldova,MDA,2018,1.239
Moldova,MDA,2017,1.622
Moldova,MDA,2016,1.591
Moldova,MDA,2015,1.781
Moldova,MDA,2014,1.45
Moldova,MDA,2013,1.894
Moldova,MDA,2012,2.189
Moldova,MDA,2011,2.677
Moldova,MDA,2010,2.972
Moldova,MDA,2009,3.024
Moldova,MDA,2008,2.097
Moldova,MDA,2007,2.749
Moldova,MDA,2006,4.26
Moldova,MDA,2005,5.633
Moldova,MDA,2004,6.374
Moldova,MDA,2003,6.378
Moldova,MDA,2002,6.845
Moldova,MDA,2001,7.366
Moldova,MDA,2000,8.539
Moldova,MDA,1999,11.14
Moldova,MDA,1998,10.0
Moldova,MDA,1997,7.9
Moldova,MDA,1996,7.9
Moldova,MDA,1995,5.3
Moldova,MDA,1994,5.8
Moldova,MDA,1993,3.7
Moldova,MDA,1992,3.7
Moldova,MDA,1991,1.9
Moldova,MDA,1990,
Moldova,MDA,1989,
Moldova,MDA,1988,
Moldova,MDA,1987,
Moldova,MDA,1986,
Moldova,MDA,1985,
Moldova,MDA,1984,
Moldova,MDA,1983,
Moldova,MDA,1982,
Moldova,MDA,1981,
Moldova,MDA,1980,
Moldova,MDA,1979,
Moldova,MDA,1978,
Moldova,MDA,1977,
Moldova,MDA,1976,
Moldova,MDA,1975,
Moldova,MDA,1974,
Moldova,MDA,1973,
Moldova,MDA,1972,
Moldova,MDA,1971,
Moldova,MDA,1970,
Moldova,MDA,1969,
Moldova,MDA,1968,
Moldova,MDA,1967,
Moldova,MDA,1966,
Moldova,MDA,1965,
Moldova,MDA,1964,
Moldova,MDA,1963,
Moldova,MDA,1962,
Moldova,MDA,1961,
Moldova,MDA,1960,
Monaco,MCO,2025,
Monaco,MCO,2024,
Monaco,MCO,2023,
Monaco,MCO,2022,
Monaco,MCO,2021,
Monaco,MCO,2020,
Monaco,MCO,2019,
Monaco,MCO,2018,
Monaco,MCO,2017,
Monaco,MCO,2016,
Monaco,MCO,2015,
Monaco,MCO,2014,
Monaco,MCO,2013,
Monaco,MCO,2012,
Monaco,MCO,2011,
Monaco,MCO,2010,
Monaco,MCO,2009,
Monaco,MCO,2008,
Monaco,MCO,2007,
Monaco,MCO,2006,
Monaco,MCO,2005,
Monaco,MCO,2004,
Monaco,MCO,2003,
Monaco,MCO,2002,
Monaco,MCO,2001,
Monaco,MCO,2000,
Monaco,MCO,1999,
Monaco,MCO,1998,
Monaco,MCO,1997,
Monaco,MCO,1996,
Monaco,MCO,1995,
Monaco,MCO,1994,
Monaco,MCO,1993,
Monaco,MCO,1992,
Monaco,MCO,1991,
Monaco,MCO,1990,
Monaco,MCO,1989,
Monaco,MCO,1988,
Monaco,MCO,1987,
Monaco,MCO,1986,
Monaco,MCO,1985,
Monaco,MCO,1984,
Monaco,MCO,1983,
Monaco,MCO,1982,
Monaco,MCO,1981,
Monaco,MCO,1980,
Monaco,MCO,1979,
Monaco,MCO,1978,
Monaco,MCO,1977,
Monaco,MCO,1976,
Monaco,MCO,1975,
Monaco,MCO,1974,
Monaco,MCO,1973,
Monaco,MCO,1972,
Monaco,MCO,1971,
Monaco,MCO,1970,
Monaco,MCO,1969,
Monaco,MCO,1968,
Monaco,MCO,1967,
Monaco,MCO,1966,
Monaco,MCO,1965,
Monaco,MCO,1964,
Monaco,MCO,1963,
Monaco,MCO,1962,
Monaco,MCO,1961,
Monaco,MCO,1960,
Mongolia,MNG,2025,5.233
Mongolia,MNG,2024,5.158
Mongolia,MNG,2023,5.178
Mongolia,MNG,2022,5.954
Mongolia,MNG,2021,7.871
Mongolia,MNG,2020,6.413
Mongolia,MNG,2019,9.024
Mongolia,MNG,2018,5.377
Mongolia,MNG,2017,6.359
Mongolia,MNG,2016,7.235
Mongolia,MNG,2015,4.861
Mongolia,MNG,2014,4.798
Mongolia,MNG,2013,4.231
Mongolia,MNG,2012,3.905
Mongolia,MNG,2011,4.769
Mongolia,MNG,2010,6.549
Mongolia,MNG,2009,5.86
Mongolia,MNG,2008,5.565
Mongolia,MNG,2007,7.2
Mongolia,MNG,2006,7.193
Mongolia,MNG,2005,7.015
Mongolia,MNG,2004,6.851
Mongolia,MNG,2003,6.768
Mongolia,MNG,2002,6.2
Mongolia,MNG,2001,6.111
Mongolia,MNG,2000,5.992
Mongolia,MNG,1999,5.844
Mongolia,MNG,1998,5.752
Mongolia,MNG,1997,5.608
Mongolia,MNG,1996,5.53
Mongolia,MNG,1995,5.5
Mongolia,MNG,1994,5.709
Mongolia,MNG,1993,5.859
Mongolia,MNG,1992,5.857
Mongolia,MNG,1991,5.665
Mongolia,MNG,1990,
Mongolia,MNG,1989,
Mongolia,MNG,1988,
Mongolia,MNG,1987,
Mongolia,MNG,1986,
Mongolia,MNG,1985,
Mongolia,MNG,1984,
Mongolia,MNG,1983,
Mongolia,MNG,1982,
Mongolia,MNG,1981,
Mongolia,MNG,1980,
Mongolia,MNG,1979,
Mongolia,MNG,1978,
Mongolia,MNG,1977,
Mongolia,MNG,1976,
Mongolia,MNG,1975,
Mongolia,MNG,1974,
Mongolia,MNG,1973,
Mongolia,MNG,1972,
Mongolia,MNG,1971,
Mongolia,MNG,1970,
Mongolia,MNG,1969,
Mongolia,MNG,1968,
Mongolia,MNG,1967,
Mongolia,MNG,1966,
Mongolia,MNG,1965,
Mongolia,MNG,1964,
Mongolia,MNG,1963,
Mongolia,MNG,1962,
Mongolia,MNG,1961,
Mongolia,MNG,1960,
Montenegro,MNE,2025,13.572
Montenegro,MNE,2024,13.206
Montenegro,MNE,2023,13.146
Montenegro,MNE,2022,14.851
Montenegro,MNE,2021,16.543
Montenegro,MNE,2020,17.878
Montenegro,MNE,2019,15.128
Montenegro,MNE,2018,15.19
Montenegro,MNE,2017,16.082
Montenegro,MNE,2016,17.732
Montenegro,MNE,2015,17.555
Montenegro,MNE,2014,18.054
Montenegro,MNE,2013,19.585
Montenegro,MNE,2012,19.808
Montenegro,MNE,2011,19.759
Montenegro,MNE,2010,19.649
Montenegro,MNE,2009,19.09
Montenegro,MNE,2008,17.15
Montenegro,MNE,2007,19.4
Montenegro,MNE,2006,24.815
Montenegro,MNE,2005,30.31
Montenegro,MNE,2004,30.342
Montenegro,MNE,2003,30.39
Montenegro,MNE,2002,30.356
Montenegro,MNE,2001,30.542
Montenegro,MNE,2000,30.447
Montenegro,MNE,1999,30.471
Montenegro,MNE,1998,30.21
Montenegro,MNE,1997,30.219
Montenegro,MNE,1996,30.173
Montenegro,MNE,1995,30.196
Montenegro,MNE,1994,30.226
Montenegro,MNE,1993,30.238
Montenegro,MNE,1992,30.181
Montenegro,MNE,1991,30.118
Montenegro,MNE,1990,
Montenegro,MNE,1989,
Montenegro,MNE,1988,
Montenegro,MNE,1987,
Montenegro,MNE,1986,
Montenegro,MNE,1985,
Montenegro,MNE,1984,
Montenegro,MNE,1983,
Montenegro,MNE,1982,
Montenegro,MNE,1981,
Montenegro,MNE,1980,
Montenegro,MNE,1979,
Montenegro,MNE,1978,
Montenegro,MNE,1977,
Montenegro,MNE,1976,
Montenegro,MNE,1975,
Montenegro,MNE,1974,
Montenegro,MNE,1973,
Montenegro,MNE,1972,
Montenegro,MNE,1971,
Montenegro,MNE,1970,
Montenegro,MNE,1969,
Montenegro,MNE,1968,
Montenegro,MNE,1967,
Montenegro,MNE,1966,
Montenegro,MNE,1965,
Montenegro,MNE,1964,
Montenegro,MNE,1963,
Montenegro,MNE,1962,
Montenegro,MNE,1961,
Montenegro,MNE,1960,
Morocco,MAR,2025,9.0
Morocco,MAR,2024,9.103
Morocco,MAR,2023,8.896
Morocco,MAR,2022,9.413
Morocco,MAR,2021,10.551
Morocco,MAR,2020,11.189
Morocco,MAR,2019,9.191
Morocco,MAR,2018,9.272
Morocco,MAR,2017,9.22
Morocco,MAR,2016,9.3
Morocco,MAR,2015,9.46
Morocco,MAR,2014,9.7
Morocco,MAR,2013,9.23
Morocco,MAR,2012,8.99
Morocco,MAR,2011,8.91
Morocco,MAR,2010,9.09
Morocco,MAR,2009,8.96
Morocco,MAR,2008,9.57
Morocco,MAR,2007,9.56
Morocco,MAR,2006,9.67
Morocco,MAR,2005,11.01
Morocco,MAR,2004,10.83
Morocco,MAR,2003,11.92
Morocco,MAR,2002,11.59
Morocco,MAR,2001,12.46
Morocco,MAR,2000,13.58
Morocco,MAR,1999,13.94
Morocco,MAR,1998,13.359
Morocco,MAR,1997,14.025
Morocco,MAR,1996,13.362
Morocco,MAR,1995,14.054
Morocco,MAR,1994,13.858
Morocco,MAR,1993,14.026
Morocco,MAR,1992,13.781
Morocco,MAR,1991,13.502
Morocco,MAR,1990,
Morocco,MAR,1989,
Morocco,MAR,1988,
Morocco,MAR,1987,
Morocco,MAR,1986,
Morocco,MAR,1985,
Morocco,MAR,1984,
Morocco,MAR,1983,
Morocco,MAR,1982,
Morocco,MAR,1981,
Morocco,MAR,1980,
Morocco,MAR,1979,
Morocco,MAR,1978,
Morocco,MAR,1977,
Morocco,MAR,1976,
Morocco,MAR,1975,
Morocco,MAR,1974,
Morocco,MAR,1973,
Morocco,MAR,1972,
Morocco,MAR,1971,
Morocco,MAR,1970,
Morocco,MAR,1969,
Morocco,MAR,1968,
Morocco,MAR,1967,
Morocco,MAR,1966,
Morocco,MAR,1965,
Morocco,MAR,1964,
Morocco,MAR,1963,
Morocco,MAR,1962,
Morocco,MAR,1961,
Morocco,MAR,1960,
Mozambique,MOZ,2025,6.628
Mozambique,MOZ,2024,6.668
Mozambique,MOZ,2023,6.661
Mozambique,MOZ,2022,6.789
Mozambique,MOZ,2021,5.413
Mozambique,MOZ,2020,5.019
Mozambique,MOZ,2019,4.462
Mozambique,MOZ,2018,4.21
Mozambique,MOZ,2017,3.935
Mozambique,MOZ,2016,3.65
Mozambique,MOZ,2015,3.426
Mozambique,MOZ,2014,3.377
Mozambique,MOZ,2013,3.345
Mozambique,MOZ,2012,3.304
Mozambique,MOZ,2011,3.295
Mozambique,MOZ,2010,3.259
Mozambique,MOZ,2009,3.207
Mozambique,MOZ,2008,3.112
Mozambique,MOZ,2007,3.082
Mozambique,MOZ,2006,3.037
Mozambique,MOZ,2005,3.035
Mozambique,MOZ,2004,2.953
Mozambique,MOZ,2003,2.857
Mozambique,MOZ,2002,2.902
Mozambique,MOZ,2001,2.838
Mozambique,MOZ,2000,2.832
Mozambique,MOZ,1999,2.663
Mozambique,MOZ,1998,2.64
Mozambique,MOZ,1997,2.7
Mozambique,MOZ,1996,2.763
Mozambique,MOZ,1995,2.758
Mozambique,MOZ,1994,2.879
Mozambique,MOZ,1993,2.896
Mozambique,MOZ,1992,3.028
Mozambique,MOZ,1991,2.838
Mozambique,MOZ,1990,
Mozambique,MOZ,1989,
Mozambique,MOZ,1988,
Mozambique,MOZ,1987,
Mozambique,MOZ,1986,
Mozambique,MOZ,1985,
Mozambique,MOZ,1984,
Mozambique,MOZ,1983,
Mozambique,MOZ,1982,
Mozambique,MOZ,1981,
Mozambique,MOZ,1980,
Mozambique,MOZ,1979,
Mozambique,MOZ,1978,
Mozambique,MOZ,1977,
Mozambique,MOZ,1976,
Mozambique,MOZ,1975,
Mozambique,MOZ,1974,
Mozambique,MOZ,1973,
Mozambique,MOZ,1972,
Mozambique,MOZ,1971,
Mozambique,MOZ,1970,
Mozambique,MOZ,1969,
Mozambique,MOZ,1968,
Mozambique,MOZ,1967,
Mozambique,MOZ,1966,
Mozambique,MOZ,1965,
Mozambique,MOZ,1964,
Mozambique,MOZ,1963,
Mozambique,MOZ,1962,
Mozambique,MOZ,1961,
Mozambique,MOZ,1960,
Myanmar,MMR,2025,3.047
Myanmar,MMR,2024,2.887
Myanmar,MMR,2023,2.977
Myanmar,MMR,2022,3.063
Myanmar,MMR,2021,4.34
Myanmar,MMR,2020,1.476
Myanmar,MMR,2019,0.407
Myanmar,MMR,2018,0.767
Myanmar,MMR,2017,1.356
Myanmar,MMR,2016,1.058
Myanmar,MMR,2015,0.766
Myanmar,MMR,2014,0.763
Myanmar,MMR,2013,0.775
Myanmar,MMR,2012,0.768
Myanmar,MMR,2011,0.749
Myanmar,MMR,2010,0.725
Myanmar,MMR,2009,0.712
Myanmar,MMR,2008,0.7
Myanmar,MMR,2007,0.684
Myanmar,MMR,2006,0.676
Myanmar,MMR,2005,0.672
Myanmar,MMR,2004,0.677
Myanmar,MMR,2003,0.686
Myanmar,MMR,2002,0.685
Myanmar,MMR,2001,0.689
Myanmar,MMR,2000,0.712
Myanmar,MMR,1999,0.75
Myanmar,MMR,1998,0.772
Myanmar,MMR,1997,0.764
Myanmar,MMR,1996,0.753
Myanmar,MMR,1995,0.754
Myanmar,MMR,1994,0.739
Myanmar,MMR,1993,0.779
Myanmar,MMR,1992,0.796
Myanmar,MMR,1991,0.828
Myanmar,MMR,1990,
Myanmar,MMR,1989,
Myanmar,MMR,1988,
Myanmar,MMR,1987,
Myanmar,MMR,1986,
Myanmar,MMR,1985,
Myanmar,MMR,1984,
Myanmar,MMR,1983,
Myanmar,MMR,1982,
Myanmar,MMR,1981,
Myanmar,MMR,1980,
Myanmar,MMR,1979,
Myanmar,MMR,1978,
Myanmar,MMR,1977,
Myanmar,MMR,1976,
Myanmar,MMR,1975,
Myanmar,MMR,1974,
Myanmar,MMR,1973,
Myanmar,MMR,1972,
Myanmar,MMR,1971,
Myanmar,MMR,1970,
Myanmar,MMR,1969,
Myanmar,MMR,1968,
Myanmar,MMR,1967,
Myanmar,MMR,1966,
Myanmar,MMR,1965,
Myanmar,MMR,1964,
Myanmar,MMR,1963,
Myanmar,MMR,1962,
Myanmar,MMR,1961,
Myanmar,MMR,1960,
Namibia,NAM,2025,19.291
Namibia,NAM,2024,19.157
Namibia,NAM,2023,19.154
Namibia,NAM,2022,19.615
Namibia,NAM,2021,20.931
Namibia,NAM,2020,21.003
Namibia,NAM,2019,19.929
Namibia,NAM,2018,19.877
Namibia,NAM,2017,21.748
Namibia,NAM,2016,23.352
Namibia,NAM,2015,20.791
Namibia,NAM,2014,18.521
Namibia,NAM,2013,19.028
Namibia,NAM,2012,16.771
Namibia,NAM,2011,19.481
Namibia,NAM,2010,22.12
Namibia,NAM,2009,22.271
Namibia,NAM,2008,22.005
Namibia,NAM,2007,22.12
Namibia,NAM,2006,21.848
Namibia,NAM,2005,22.108
Namibia,NAM,2004,22.09
Namibia,NAM,2003,22.104
Namibia,NAM,2002,21.538
Namibia,NAM,2001,21.009
Namibia,NAM,2000,20.3
Namibia,NAM,1999,21.668
Namibia,NAM,1998,23.083
Namibia,NAM,1997,24.45
Namibia,NAM,1996,22.844
Namibia,NAM,1995,21.34
Namibia,NAM,1994,19.4
Namibia,NAM,1993,19.078
Namibia,NAM,1992,18.896
Namibia,NAM,1991,19.14
Namibia,NAM,1990,
Namibia,NAM,1989,
Namibia,NAM,1988,
Namibia,NAM,1987,
Namibia,NAM,1986,
Namibia,NAM,1985,
Namibia,NAM,1984,
Namibia,NAM,1983,
Namibia,NAM,1982,
Namibia,NAM,1981,
Namibia,NAM,1980,
Namibia,NAM,1979,
Namibia,NAM,1978,
Namibia,NAM,1977,
Namibia,NAM,1976,
Namibia,NAM,1975,
Namibia,NAM,1974,
Namibia,NAM,1973,
Namibia,NAM,1972,
Namibia,NAM,1971,
Namibia,NAM,1970,
Namibia,NAM,1969,
Namibia,NAM,1968,
Namibia,NAM,1967,
Namibia,NAM,1966,
Namibia,NAM,1965,
Namibia,NAM,1964,
Namibia,NAM,1963,
Namibia,NAM,1962,
Namibia,NAM,1961,
Namibia,NAM,1960,
Nauru,NRU,2025,
Nauru,NRU,2024,
Nauru,NRU,2023,
Nauru,NRU,2022,
Nauru,NRU,2021,
Nauru,NRU,2020,
Nauru,NRU,2019,
Nauru,NRU,2018,
Nauru,NRU,2017,
Nauru,NRU,2016,
Nauru,NRU,2015,
Nauru,NRU,2014,
Nauru,NRU,2013,
Nauru,NRU,2012,
Nauru,NRU,2011,
Nauru,NRU,2010,
Nauru,NRU,2009,
Nauru,NRU,2008,
Nauru,NRU,2007,
Nauru,NRU,2006,
Nauru,NRU,2005,
Nauru,NRU,2004,
Nauru,NRU,2003,
Nauru,NRU,2002,
Nauru,NRU,2001,
Nauru,NRU,2000,
Nauru,NRU,1999,
Nauru,NRU,1998,
Nauru,NRU,1997,
Nauru,NRU,1996,
Nauru,NRU,1995,
Nauru,NRU,1994,
Nauru,NRU,1993,
Nauru,NRU,1992,
Nauru,NRU,1991,
Nauru,NRU,1990,
Nauru,NRU,1989,
Nauru,NRU,1988,
Nauru,NRU,1987,
Nauru,NRU,1986,
Nauru,NRU,1985,
Nauru,NRU,1984,
Nauru,NRU,1983,
Nauru,NRU,1982,
Nauru,NRU,1981,
Nauru,NRU,1980,
Nauru,NRU,1979,
Nauru,NRU,1978,
Nauru,NRU,1977,
Nauru,NRU,1976,
Nauru,NRU,1975,
Nauru,NRU,1974,
Nauru,NRU,1973,
Nauru,NRU,1972,
Nauru,NRU,1971,
Nauru,NRU,1970,
Nauru,NRU,1969,
Nauru,NRU,1968,
Nauru,NRU,1967,
Nauru,NRU,1966,
Nauru,NRU,1965,
Nauru,NRU,1964,
Nauru,NRU,1963,
Nauru,NRU,1962,
Nauru,NRU,1961,
Nauru,NRU,1960,
Nepal,NPL,2025,10.465
Nepal,NPL,2024,10.5
Nepal,NPL,2023,10.437
Nepal,NPL,2022,10.661
Nepal,NPL,2021,12.241
Nepal,NPL,2020,13.037
Nepal,NPL,2019,10.477
Nepal,NPL,2018,10.593
Nepal,NPL,2017,10.66
Nepal,NPL,2016,10.714
Nepal,NPL,2015,10.643
Nepal,NPL,2014,10.62
Nepal,NPL,2013,10.666
Nepal,NPL,2012,10.632
Nepal,NPL,2011,10.627
Nepal,NPL,2010,10.563
Nepal,NPL,2009,10.582
Nepal,NPL,2008,10.597
Nepal,NPL,2007,10.642
Nepal,NPL,2006,10.609
Nepal,NPL,2005,10.59
Nepal,NPL,2004,10.652
Nepal,NPL,2003,10.644
Nepal,NPL,2002,10.593
Nepal,NPL,2001,10.502
Nepal,NPL,2000,10.531
Nepal,NPL,1999,10.549
Nepal,NPL,1998,10.526
Nepal,NPL,1997,10.512
Nepal,NPL,1996,10.446
Nepal,NPL,1995,10.473
Nepal,NPL,1994,10.458
Nepal,NPL,1993,10.492
Nepal,NPL,1992,10.473
Nepal,NPL,1991,10.465
Nepal,NPL,1990,
Nepal,NPL,1989,
Nepal,NPL,1988,
Nepal,NPL,1987,
Nepal,NPL,1986,
Nepal,NPL,1985,
Nepal,NPL,1984,
Nepal,NPL,1983,
Nepal,NPL,1982,
Nepal,NPL,1981,
Nepal,NPL,1980,
Nepal,NPL,1979,
Nepal,NPL,1978,
Nepal,NPL,1977,
Nepal,NPL,1976,
Nepal,NPL,1975,
Nepal,NPL,1974,
Nepal,NPL,1973,
Nepal,NPL,1972,
Nepal,NPL,1971,
Nepal,NPL,1970,
Nepal,NPL,1969,
Nepal,NPL,1968,
Nepal,NPL,1967,
Nepal,NPL,1966,
Nepal,NPL,1965,
Nepal,NPL,1964,
Nepal,NPL,1963,
Nepal,NPL,1962,
Nepal,NPL,1961,
Nepal,NPL,1960,
Netherlands,NLD,2025,3.874
Netherlands,NLD,2024,3.7
Netherlands,NLD,2023,3.535
Netherlands,NLD,2022,3.526
Netherlands,NLD,2021,4.209
Netherlands,NLD,2020,3.82
Netherlands,NLD,2019,3.379
Netherlands,NLD,2018,3.832
Netherlands,NLD,2017,4.837
Netherlands,NLD,2016,6.007
Netherlands,NLD,2015,6.872
Netherlands,NLD,2014,7.419
Netherlands,NLD,2013,7.241
Netherlands,NLD,2012,5.821
Netherlands,NLD,2011,4.977
Netherlands,NLD,2010,4.991
Netherlands,NLD,2009,4.352
Netherlands,NLD,2008,3.658
Netherlands,NLD,2007,4.153
Netherlands,NLD,2006,5.007
Netherlands,NLD,2005,5.872
Netherlands,NLD,2004,4.646
Netherlands,NLD,2003,3.593
Netherlands,NLD,2002,2.554
Netherlands,NLD,2001,2.119
Netherlands,NLD,2000,2.725
Netherlands,NLD,1999,3.622
Netherlands,NLD,1998,4.394
Netherlands,NLD,1997,5.511
Netherlands,NLD,1996,6.421
Netherlands,NLD,1995,7.157
Netherlands,NLD,1994,7.159
Netherlands,NLD,1993,6.287
Netherlands,NLD,1992,5.555
Netherlands,NLD,1991,7.285
Netherlands,NLD,1990,
Netherlands,NLD,1989,
Netherlands,NLD,1988,
Netherlands,NLD,1987,
Netherlands,NLD,1986,
Netherlands,NLD,1985,
Netherlands,NLD,1984,
Netherlands,NLD,1983,
Netherlands,NLD,1982,
Netherlands,NLD,1981,
Netherlands,NLD,1980,
Netherlands,NLD,1979,
Netherlands,NLD,1978,
Netherlands,NLD,1977,
Netherlands,NLD,1976,
Netherlands,NLD,1975,
Netherlands,NLD,1974,
Netherlands,NLD,1973,
Netherlands,NLD,1972,
Netherlands,NLD,1971,
Netherlands,NLD,1970,
Netherlands,NLD,1969,
Netherlands,NLD,1968,
Netherlands,NLD,1967,
Netherlands,NLD,1966,
Netherlands,NLD,1965,
Netherlands,NLD,1964,
Netherlands,NLD,1963,
Netherlands,NLD,1962,
Netherlands,NLD,1961,
Netherlands,NLD,1960,
New Caledonia,NCL,2025,11.174
New Caledonia,NCL,2024,10.991
New Caledonia,NCL,2023,10.922
New Caledonia,NCL,2022,10.71
New Caledonia,NCL,2021,11.574
New Caledonia,NCL,2020,13.558
New Caledonia,NCL,2019,10.88
New Caledonia,NCL,2018,11.702
New Caledonia,NCL,2017,11.676
New Caledonia,NCL,2016,12.679
New Caledonia,NCL,2015,13.621
New Caledonia,NCL,2014,14.59
New Caledonia,NCL,2013,14.39
New Caledonia,NCL,2012,14.116
New Caledonia,NCL,2011,13.988
New Caledonia,NCL,2010,13.998
New Caledonia,NCL,2009,13.97
New Caledonia,NCL,2008,14.36
New Caledonia,NCL,2007,14.754
New Caledonia,NCL,2006,15.256
New Caledonia,NCL,2005,15.778
New Caledonia,NCL,2004,16.31
New Caledonia,NCL,2003,16.665
New Caledonia,NCL,2002,17.045
New Caledonia,NCL,2001,17.391
New Caledonia,NCL,2000,17.907
New Caledonia,NCL,1999,18.205
New Caledonia,NCL,1998,18.519
New Caledonia,NCL,1997,18.382
New Caledonia,NCL,1996,18.64
New Caledonia,NCL,1995,18.629
New Caledonia,NCL,1994,18.878
New Caledonia,NCL,1993,18.762
New Caledonia,NCL,1992,18.61
New Caledonia,NCL,1991,18.124
New Caledonia,NCL,1990,
New Caledonia,NCL,1989,
New Caledonia,NCL,1988,
New Caledonia,NCL,1987,
New Caledonia,NCL,1986,
New Caledonia,NCL,1985,
New Caledonia,NCL,1984,
New Caledonia,NCL,1983,
New Caledonia,NCL,1982,
New Caledonia,NCL,1981,
New Caledonia,NCL,1980,
New Caledonia,NCL,1979,
New Caledonia,NCL,1978,
New Caledonia,NCL,1977,
New Caledonia,NCL,1976,
New Caledonia,NCL,1975,
New Caledonia,NCL,1974,
New Caledonia,NCL,1973,
New Caledonia,NCL,1972,
New Caledonia,NCL,1971,
New Caledonia,NCL,1970,
New Caledonia,NCL,1969,
New Caledonia,NCL,1968,
New Caledonia,NCL,1967,
New Caledonia,NCL,1966,
New Caledonia,NCL,1965,
New Caledonia,NCL,1964,
New Caledonia,NCL,1963,
New Caledonia,NCL,1962,
New Caledonia,NCL,1961,
New Caledonia,NCL,1960,
New Zealand,NZL,2025,5.076
New Zealand,NZL,2024,4.724
New Zealand,NZL,2023,3.734
New Zealand,NZL,2022,3.299
New Zealand,NZL,2021,3.776
New Zealand,NZL,2020,4.595
New Zealand,NZL,2019,4.109
New Zealand,NZL,2018,4.335
New Zealand,NZL,2017,4.736
New Zealand,NZL,2016,5.147
New Zealand,NZL,2015,5.415
New Zealand,NZL,2014,5.428
New Zealand,NZL,2013,5.839
New Zealand,NZL,2012,6.931
New Zealand,NZL,2011,6.491
New Zealand,NZL,2010,6.557
New Zealand,NZL,2009,6.121
New Zealand,NZL,2008,4.167
New Zealand,NZL,2007,3.661
New Zealand,NZL,2006,3.857
New Zealand,NZL,2005,3.807
New Zealand,NZL,2004,4.005
New Zealand,NZL,2003,4.745
New Zealand,NZL,2002,5.282
New Zealand,NZL,2001,5.433
New Zealand,NZL,2000,6.13
New Zealand,NZL,1999,7.023
New Zealand,NZL,1998,7.718
New Zealand,NZL,1997,6.857
New Zealand,NZL,1996,6.29
New Zealand,NZL,1995,6.461
New Zealand,NZL,1994,8.354
New Zealand,NZL,1993,9.804
New Zealand,NZL,1992,10.667
New Zealand,NZL,1991,10.614
New Zealand,NZL,1990,
New Zealand,NZL,1989,
New Zealand,NZL,1988,
New Zealand,NZL,1987,
New Zealand,NZL,1986,
New Zealand,NZL,1985,
New Zealand,NZL,1984,
New Zealand,NZL,1983,
New Zealand,NZL,1982,
New Zealand,NZL,1981,
New Zealand,NZL,1980,
New Zealand,NZL,1979,
New Zealand,NZL,1978,
New Zealand,NZL,1977,
New Zealand,NZL,1976,
New Zealand,NZL,1975,
New Zealand,NZL,1974,
New Zealand,NZL,1973,
New Zealand,NZL,1972,
New Zealand,NZL,1971,
New Zealand,NZL,1970,
New Zealand,NZL,1969,
New Zealand,NZL,1968,
New Zealand,NZL,1967,
New Zealand,NZL,1966,
New Zealand,NZL,1965,
New Zealand,NZL,1964,
New Zealand,NZL,1963,
New Zealand,NZL,1962,
New Zealand,NZL,1961,
New Zealand,NZL,1960,
Nicaragua,NIC,2025,5.04
Nicaragua,NIC,2024,4.98
Nicaragua,NIC,2023,4.698
Nicaragua,NIC,2022,4.969
Nicaragua,NIC,2021,6.076
Nicaragua,NIC,2020,6.18
Nicaragua,NIC,2019,5.457
Nicaragua,NIC,2018,5.2
Nicaragua,NIC,2017,3.3
Nicaragua,NIC,2016,3.9
Nicaragua,NIC,2015,4.7
Nicaragua,NIC,2014,4.52
Nicaragua,NIC,2013,5.28
Nicaragua,NIC,2012,5.208
Nicaragua,NIC,2011,6.613
Nicaragua,NIC,2010,7.83
Nicaragua,NIC,2009,8.16
Nicaragua,NIC,2008,6.2
Nicaragua,NIC,2007,4.89
Nicaragua,NIC,2006,5.31
Nicaragua,NIC,2005,5.37
Nicaragua,NIC,2004,6.41
Nicaragua,NIC,2003,7.6
Nicaragua,NIC,2002,7.517
Nicaragua,NIC,2001,7.222
Nicaragua,NIC,2000,7.181
Nicaragua,NIC,1999,7.18
Nicaragua,NIC,1998,7.203
Nicaragua,NIC,1997,7.1
Nicaragua,NIC,1996,7.12
Nicaragua,NIC,1995,7.414
Nicaragua,NIC,1994,7.668
Nicaragua,NIC,1993,7.833
Nicaragua,NIC,1992,7.809
Nicaragua,NIC,1991,7.909
Nicaragua,NIC,1990,
Nicaragua,NIC,1989,
Nicaragua,NIC,1988,
Nicaragua,NIC,1987,
Nicaragua,NIC,1986,
Nicaragua,NIC,1985,
Nicaragua,NIC,1984,
Nicaragua,NIC,1983,
Nicaragua,NIC,1982,
Nicaragua,NIC,1981,
Nicaragua,NIC,1980,
Nicaragua,NIC,1979,
Nicaragua,NIC,1978,
Nicaragua,NIC,1977,
Nicaragua,NIC,1976,
Nicaragua,NIC,1975,
Nicaragua,NIC,1974,
Nicaragua,NIC,1973,
Nicaragua,NIC,1972,
Nicaragua,NIC,1971,
Nicaragua,NIC,1970,
Nicaragua,NIC,1969,
Nicaragua,NIC,1968,
Nicaragua,NIC,1967,
Nicaragua,NIC,1966,
Nicaragua,NIC,1965,
Nicaragua,NIC,1964,
Nicaragua,NIC,1963,
Nicaragua,NIC,1962,
Nicaragua,NIC,1961,
Nicaragua,NIC,1960,
Niger,NER,2025,0.394
Niger,NER,2024,0.376
Niger,NER,2023,0.407
Niger,NER,2022,0.403
Niger,NER,2021,0.806
Niger,NER,2020,0.591
Niger,NER,2019,0.531
Niger,NER,2018,0.536
Niger,NER,2017,0.556
Niger,NER,2016,0.55
Niger,NER,2015,0.556
Niger,NER,2014,0.524
Niger,NER,2013,1.401
Niger,NER,2012,2.177
Niger,NER,2011,0.316
Niger,NER,2010,0.718
Niger,NER,2009,1.208
Niger,NER,2008,1.584
Niger,NER,2007,2.021
Niger,NER,2006,2.528
Niger,NER,2005,3.1
Niger,NER,2004,2.751
Niger,NER,2003,2.145
Niger,NER,2002,1.808
Niger,NER,2001,1.47
Niger,NER,2000,1.427
Niger,NER,1999,1.385
Niger,NER,1998,1.381
Niger,NER,1997,1.503
Niger,NER,1996,1.498
Niger,NER,1995,1.494
Niger,NER,1994,1.502
Niger,NER,1993,1.541
Niger,NER,1992,1.569
Niger,NER,1991,1.588
Niger,NER,1990,
Niger,NER,1989,
Niger,NER,1988,
Niger,NER,1987,
Niger,NER,1986,
Niger,NER,1985,
Niger,NER,1984,
Niger,NER,1983,
Niger,NER,1982,
Niger,NER,1981,
Niger,NER,1980,
Niger,NER,1979,
Niger,NER,1978,
Niger,NER,1977,
Niger,NER,1976,
Niger,NER,1975,
Niger,NER,1974,
Niger,NER,1973,
Niger,NER,1972,
Niger,NER,1971,
Niger,NER,1970,
Niger,NER,1969,
Niger,NER,1968,
Niger,NER,1967,
Niger,NER,1966,
Niger,NER,1965,
Niger,NER,1964,
Niger,NER,1963,
Niger,NER,1962,
Niger,NER,1961,
Niger,NER,1960,
Nigeria,NGA,2025,3.064
Nigeria,NGA,2024,3.045
Nigeria,NGA,2023,3.074
Nigeria,NGA,2022,3.827
Nigeria,NGA,2021,5.404
Nigeria,NGA,2020,5.714
Nigeria,NGA,2019,5.206
Nigeria,NGA,2018,5.069
Nigeria,NGA,2017,4.83
Nigeria,NGA,2016,4.499
Nigeria,NGA,2015,4.134
Nigeria,NGA,2014,3.9
Nigeria,NGA,2013,3.711
Nigeria,NGA,2012,3.761
Nigeria,NGA,2011,3.77
Nigeria,NGA,2010,3.744
Nigeria,NGA,2009,3.763
Nigeria,NGA,2008,3.792
Nigeria,NGA,2007,3.794
Nigeria,NGA,2006,3.749
Nigeria,NGA,2005,3.727
Nigeria,NGA,2004,3.59
Nigeria,NGA,2003,3.637
Nigeria,NGA,2002,3.669
Nigeria,NGA,2001,3.9
Nigeria,NGA,2000,3.953
Nigeria,NGA,1999,3.986
Nigeria,NGA,1998,3.922
Nigeria,NGA,1997,3.964
Nigeria,NGA,1996,4.043
Nigeria,NGA,1995,4.152
Nigeria,NGA,1994,4.064
Nigeria,NGA,1993,4.023
Nigeria,NGA,1992,3.79
Nigeria,NGA,1991,3.831
Nigeria,NGA,1990,
Nigeria,NGA,1989,
Nigeria,NGA,1988,
Nigeria,NGA,1987,
Nigeria,NGA,1986,
Nigeria,NGA,1985,
Nigeria,NGA,1984,
Nigeria,NGA,1983,
Nigeria,NGA,1982,
Nigeria,NGA,1981,
Nigeria,NGA,1980,
Nigeria,NGA,1979,
Nigeria,NGA,1978,
Nigeria,NGA,1977,
Nigeria,NGA,1976,
Nigeria,NGA,1975,
Nigeria,NGA,1974,
Nigeria,NGA,1973,
Nigeria,NGA,1972,
Nigeria,NGA,1971,
Nigeria,NGA,1970,
Nigeria,NGA,1969,
Nigeria,NGA,1968,
Nigeria,NGA,1967,
Nigeria,NGA,1966,
Nigeria,NGA,1965,
Nigeria,NGA,1964,
Nigeria,NGA,1963,
Nigeria,NGA,1962,
Nigeria,NGA,1961,
Nigeria,NGA,1960,
North Macedonia,MKD,2025,12.256
North Macedonia,MKD,2024,12.265
North Macedonia,MKD,2023,13.174
North Macedonia,MKD,2022,14.476
North Macedonia,MKD,2021,15.801
North Macedonia,MKD,2020,16.575
North Macedonia,MKD,2019,17.414
North Macedonia,MKD,2018,21.208
North Macedonia,MKD,2017,22.857
North Macedonia,MKD,2016,24.312
North Macedonia,MKD,2015,26.395
North Macedonia,MKD,2014,28.215
North Macedonia,MKD,2013,29.017
North Macedonia,MKD,2012,31.096
North Macedonia,MKD,2011,31.502
North Macedonia,MKD,2010,33.135
North Macedonia,MKD,2009,32.351
North Macedonia,MKD,2008,33.93
North Macedonia,MKD,2007,35.231
North Macedonia,MKD,2006,36.392
North Macedonia,MKD,2005,37.32
North Macedonia,MKD,2004,37.161
North Macedonia,MKD,2003,36.69
North Macedonia,MKD,2002,31.94
North Macedonia,MKD,2001,30.52
North Macedonia,MKD,2000,32.2
North Macedonia,MKD,1999,32.4
North Macedonia,MKD,1998,34.5
North Macedonia,MKD,1997,36.0
North Macedonia,MKD,1996,38.8
North Macedonia,MKD,1995,35.6
North Macedonia,MKD,1994,30.0
North Macedonia,MKD,1993,27.7
North Macedonia,MKD,1992,26.3
North Macedonia,MKD,1991,24.5
North Macedonia,MKD,1990,
North Macedonia,MKD,1989,
North Macedonia,MKD,1988,
North Macedonia,MKD,1987,
North Macedonia,MKD,1986,
North Macedonia,MKD,1985,
North Macedonia,MKD,1984,
North Macedonia,MKD,1983,
North Macedonia,MKD,1982,
North Macedonia,MKD,1981,
North Macedonia,MKD,1980,
North Macedonia,MKD,1979,
North Macedonia,MKD,1978,
North Macedonia,MKD,1977,
North Macedonia,MKD,1976,
North Macedonia,MKD,1975,
North Macedonia,MKD,1974,
North Macedonia,MKD,1973,
North Macedonia,MKD,1972,
North Macedonia,MKD,1971,
North Macedonia,MKD,1970,
North Macedonia,MKD,1969,
North Macedonia,MKD,1968,
North Macedonia,MKD,1967,
North Macedonia,MKD,1966,
North Macedonia,MKD,1965,
North Macedonia,MKD,1964,
North Macedonia,MKD,1963,
North Macedonia,MKD,1962,
North Macedonia,MKD,1961,
North Macedonia,MKD,1960,
Northern Mariana Islands,MNP,2025,
Northern Mariana Islands,MNP,2024,
Northern Mariana Islands,MNP,2023,
Northern Mariana Islands,MNP,2022,
Northern Mariana Islands,MNP,2021,
Northern Mariana Islands,MNP,2020,
Northern Mariana Islands,MNP,2019,
Northern Mariana Islands,MNP,2018,
Northern Mariana Islands,MNP,2017,
Northern Mariana Islands,MNP,2016,
Northern Mariana Islands,MNP,2015,
Northern Mariana Islands,MNP,2014,
Northern Mariana Islands,MNP,2013,
Northern Mariana Islands,MNP,2012,
Northern Mariana Islands,MNP,2011,
Northern Mariana Islands,MNP,2010,
Northern Mariana Islands,MNP,2009,
Northern Mariana Islands,MNP,2008,
Northern Mariana Islands,MNP,2007,
Northern Mariana Islands,MNP,2006,
Northern Mariana Islands,MNP,2005,
Northern Mariana Islands,MNP,2004,
Northern Mariana Islands,MNP,2003,
Northern Mariana Islands,MNP,2002,
Northern Mariana Islands,MNP,2001,
Northern Mariana Islands,MNP,2000,
Northern Mariana Islands,MNP,1999,
Northern Mariana Islands,MNP,1998,
Northern Mariana Islands,MNP,1997,
Northern Mariana Islands,MNP,1996,
Northern Mariana Islands,MNP,1995,
Northern Mariana Islands,MNP,1994,
Northern Mariana Islands,MNP,1993,
Northern Mariana Islands,MNP,1992,
Northern Mariana Islands,MNP,1991,
Northern Mariana Islands,MNP,1990,
Northern Mariana Islands,MNP,1989,
Northern Mariana Islands,MNP,1988,
Northern Mariana Islands,MNP,1987,
Northern Mariana Islands,MNP,1986,
Northern Mariana Islands,MNP,1985,
Northern Mariana Islands,MNP,1984,
Northern Mariana Islands,MNP,1983,
Northern Mariana Islands,MNP,1982,
Northern Mariana Islands,MNP,1981,
Northern Mariana Islands,MNP,1980,
Northern Mariana Islands,MNP,1979,
Northern Mariana Islands,MNP,1978,
Northern Mariana Islands,MNP,1977,
Northern Mariana Islands,MNP,1976,
Northern Mariana Islands,MNP,1975,
Northern Mariana Islands,MNP,1974,
Northern Mariana Islands,MNP,1973,
Northern Mariana Islands,MNP,1972,
Northern Mariana Islands,MNP,1971,
Northern Mariana Islands,MNP,1970,
Northern Mariana Islands,MNP,1969,
Northern Mariana Islands,MNP,1968,
Northern Mariana Islands,MNP,1967,
Northern Mariana Islands,MNP,1966,
Northern Mariana Islands,MNP,1965,
Northern Mariana Islands,MNP,1964,
Northern Mariana Islands,MNP,1963,
Northern Mariana Islands,MNP,1962,
Northern Mariana Islands,MNP,1961,
Northern Mariana Islands,MNP,1960,
Norway,NOR,2025,4.637
Norway,NOR,2024,4.0
Norway,NOR,2023,3.574
Norway,NOR,2022,3.231
Norway,NOR,2021,4.359
Norway,NOR,2020,4.424
Norway,NOR,2019,3.684
Norway,NOR,2018,3.801
Norway,NOR,2017,4.164
Norway,NOR,2016,4.68
Norway,NOR,2015,4.296
Norway,NOR,2014,3.486
Norway,NOR,2013,3.425
Norway,NOR,2012,3.129
Norway,NOR,2011,3.196
Norway,NOR,2010,3.527
Norway,NOR,2009,3.1
Norway,NOR,2008,2.521
Norway,NOR,2007,2.493
Norway,NOR,2006,3.397
Norway,NOR,2005,4.381
Norway,NOR,2004,4.256
Norway,NOR,2003,4.221
Norway,NOR,2002,4.022
Norway,NOR,2001,3.738
Norway,NOR,2000,3.458
Norway,NOR,1999,3.247
Norway,NOR,1998,3.737
Norway,NOR,1997,4.687
Norway,NOR,1996,5.036
Norway,NOR,1995,6.307
Norway,NOR,1994,5.349
Norway,NOR,1993,5.965
Norway,NOR,1992,5.91
Norway,NOR,1991,5.407
Norway,NOR,1990,
Norway,NOR,1989,
Norway,NOR,1988,
Norway,NOR,1987,
Norway,NOR,1986,
Norway,NOR,1985,
Norway,NOR,1984,
Norway,NOR,1983,
Norway,NOR,1982,
Norway,NOR,1981,
Norway,NOR,1980,
Norway,NOR,1979,
Norway,NOR,1978,
Norway,NOR,1977,
Norway,NOR,1976,
Norway,NOR,1975,
Norway,NOR,1974,
Norway,NOR,1973,
Norway,NOR,1972,
Norway,NOR,1971,
Norway,NOR,1970,
Norway,NOR,1969,
Norway,NOR,1968,
Norway,NOR,1967,
Norway,NOR,1966,
Norway,NOR,1965,
Norway,NOR,1964,
Norway,NOR,1963,
Norway,NOR,1962,
Norway,NOR,1961,
Norway,NOR,1960,
Oman,OMN,2025,3.251
Oman,OMN,2024,3.203
Oman,OMN,2023,3.176
Oman,OMN,2022,3.3
Oman,OMN,2021,1.9
Oman,OMN,2020,2.94
Oman,OMN,2019,2.045
Oman,OMN,2018,1.8
Oman,OMN,2017,2.523
Oman,OMN,2016,3.266
Oman,OMN,2015,3.403
Oman,OMN,2014,3.453
Oman,OMN,2013,3.553
Oman,OMN,2012,3.753
Oman,OMN,2011,3.95
Oman,OMN,2010,3.911
Oman,OMN,2009,3.977
Oman,OMN,2008,4.142
Oman,OMN,2007,4.309
Oman,OMN,2006,4.387
Oman,OMN,2005,4.589
Oman,OMN,2004,4.693
Oman,OMN,2003,4.599
Oman,OMN,2002,4.335
Oman,OMN,2001,4.298
Oman,OMN,2000,4.433
Oman,OMN,1999,4.433
Oman,OMN,1998,4.346
Oman,OMN,1997,4.196
Oman,OMN,1996,4.254
Oman,OMN,1995,4.167
Oman,OMN,1994,4.073
Oman,OMN,1993,4.009
Oman,OMN,1992,4.16
Oman,OMN,1991,4.056
Oman,OMN,1990,
Oman,OMN,1989,
Oman,OMN,1988,
Oman,OMN,1987,
Oman,OMN,1986,
Oman,OMN,1985,
Oman,OMN,1984,
Oman,OMN,1983,
Oman,OMN,1982,
Oman,OMN,1981,
Oman,OMN,1980,
Oman,OMN,1979,
Oman,OMN,1978,
Oman,OMN,1977,
Oman,OMN,1976,
Oman,OMN,1975,
Oman,OMN,1974,
Oman,OMN,1973,
Oman,OMN,1972,
Oman,OMN,1971,
Oman,OMN,1970,
Oman,OMN,1969,
Oman,OMN,1968,
Oman,OMN,1967,
Oman,OMN,1966,
Oman,OMN,1965,
Oman,OMN,1964,
Oman,OMN,1963,
Oman,OMN,1962,
Oman,OMN,1961,
Oman,OMN,1960,
Pakistan,PAK,2025,5.42
Pakistan,PAK,2024,5.492
Pakistan,PAK,2023,5.237
Pakistan,PAK,2022,5.291
Pakistan,PAK,2021,6.338
Pakistan,PAK,2020,5.994
Pakistan,PAK,2019,4.83
Pakistan,PAK,2018,4.083
Pakistan,PAK,2017,3.204
Pakistan,PAK,2016,2.285
Pakistan,PAK,2015,3.566
Pakistan,PAK,2014,1.827
Pakistan,PAK,2013,2.954
Pakistan,PAK,2012,3.667
Pakistan,PAK,2011,0.796
Pakistan,PAK,2010,0.653
Pakistan,PAK,2009,0.535
Pakistan,PAK,2008,0.423
Pakistan,PAK,2007,0.398
Pakistan,PAK,2006,0.582
Pakistan,PAK,2005,0.583
Pakistan,PAK,2004,0.598
Pakistan,PAK,2003,0.612
Pakistan,PAK,2002,0.615
Pakistan,PAK,2001,0.611
Pakistan,PAK,2000,0.614
Pakistan,PAK,1999,0.625
Pakistan,PAK,1998,0.62
Pakistan,PAK,1997,0.611
Pakistan,PAK,1996,0.6
Pakistan,PAK,1995,0.611
Pakistan,PAK,1994,0.601
Pakistan,PAK,1993,0.596
Pakistan,PAK,1992,0.587
Pakistan,PAK,1991,0.596
Pakistan,PAK,1990,
Pakistan,PAK,1989,
Pakistan,PAK,1988,
Pakistan,PAK,1987,
Pakistan,PAK,1986,
Pakistan,PAK,1985,
Pakistan,PAK,1984,
Pakistan,PAK,1983,
Pakistan,PAK,1982,
Pakistan,PAK,1981,
Pakistan,PAK,1980,
Pakistan,PAK,1979,
Pakistan,PAK,1978,
Pakistan,PAK,1977,
Pakistan,PAK,1976,
Pakistan,PAK,1975,
Pakistan,PAK,1974,
Pakistan,PAK,1973,
Pakistan,PAK,1972,
Pakistan,PAK,1971,
Pakistan,PAK,1970,
Pakistan,PAK,1969,
Pakistan,PAK,1968,
Pakistan,PAK,1967,
Pakistan,PAK,1966,
Pakistan,PAK,1965,
Pakistan,PAK,1964,
Pakistan,PAK,1963,
Pakistan,PAK,1962,
Pakistan,PAK,1961,
Pakistan,PAK,1960,
Palau,PLW,2025,
Palau,PLW,2024,
Palau,PLW,2023,
Palau,PLW,2022,
Palau,PLW,2021,
Palau,PLW,2020,
Palau,PLW,2019,
Palau,PLW,2018,
Palau,PLW,2017,
Palau,PLW,2016,
Palau,PLW,2015,
Palau,PLW,2014,
Palau,PLW,2013,
Palau,PLW,2012,
Palau,PLW,2011,
Palau,PLW,2010,
Palau,PLW,2009,
Palau,PLW,2008,
Palau,PLW,2007,
Palau,PLW,2006,
Palau,PLW,2005,
Palau,PLW,2004,
Palau,PLW,2003,
Palau,PLW,2002,
Palau,PLW,2001,
Palau,PLW,2000,
Palau,PLW,1999,
Palau,PLW,1998,
Palau,PLW,1997,
Palau,PLW,1996,
Palau,PLW,1995,
Palau,PLW,1994,
Palau,PLW,1993,
Palau,PLW,1992,
Palau,PLW,1991,
Palau,PLW,1990,
Palau,PLW,1989,
Palau,PLW,1988,
Palau,PLW,1987,
Palau,PLW,1986,
Palau,PLW,1985,
Palau,PLW,1984,
Palau,PLW,1983,
Palau,PLW,1982,
Palau,PLW,1981,
Palau,PLW,1980,
Palau,PLW,1979,
Palau,PLW,1978,
Palau,PLW,1977,
Palau,PLW,1976,
Palau,PLW,1975,
Palau,PLW,1974,
Palau,PLW,1973,
Palau,PLW,1972,
Palau,PLW,1971,
Palau,PLW,1970,
Palau,PLW,1969,
Palau,PLW,1968,
Palau,PLW,1967,
Palau,PLW,1966,
Palau,PLW,1965,
Palau,PLW,1964,
Palau,PLW,1963,
Palau,PLW,1962,
Palau,PLW,1961,
Palau,PLW,1960,
Panama,PAN,2025,8.36
Panama,PAN,2024,8.451
Panama,PAN,2023,6.544
Panama,PAN,2022,8.086
Panama,PAN,2021,10.177
Panama,PAN,2020,14.663
Panama,PAN,2019,6.256
Panama,PAN,2018,5.161
Panama,PAN,2017,5.338
Panama,PAN,2016,4.717
Panama,PAN,2015,4.335
Panama,PAN,2014,4.391
Panama,PAN,2013,3.674
Panama,PAN,2012,3.691
Panama,PAN,2011,4.03
Panama,PAN,2010,5.845
Panama,PAN,2009,5.857
Panama,PAN,2008,5.639
Panama,PAN,2007,5.665
Panama,PAN,2006,5.792
Panama,PAN,2005,5.967
Panama,PAN,2004,6.097
Panama,PAN,2003,6.303
Panama,PAN,2002,6.302
Panama,PAN,2001,6.293
Panama,PAN,2000,6.188
Panama,PAN,1999,6.168
Panama,PAN,1998,6.397
Panama,PAN,1997,6.588
Panama,PAN,1996,6.728
Panama,PAN,1995,6.512
Panama,PAN,1994,6.428
Panama,PAN,1993,6.374
Panama,PAN,1992,6.317
Panama,PAN,1991,6.443
Panama,PAN,1990,
Panama,PAN,1989,
Panama,PAN,1988,
Panama,PAN,1987,
Panama,PAN,1986,
Panama,PAN,1985,
Panama,PAN,1984,
Panama,PAN,1983,
Panama,PAN,1982,
Panama,PAN,1981,
Panama,PAN,1980,
Panama,PAN,1979,
Panama,PAN,1978,
Panama,PAN,1977,
Panama,PAN,1976,
Panama,PAN,1975,
Panama,PAN,1974,
Panama,PAN,1973,
Panama,PAN,1972,
Panama,PAN,1971,
Panama,PAN,1970,
Panama,PAN,1969,
Panama,PAN,1968,
Panama,PAN,1967,
Panama,PAN,1966,
Panama,PAN,1965,
Panama,PAN,1964,
Panama,PAN,1963,
Panama,PAN,1962,
Panama,PAN,1961,
Panama,PAN,1960,
Papua New Guinea,PNG,2025,2.571
Papua New Guinea,PNG,2024,2.625
Papua New Guinea,PNG,2023,2.649
Papua New Guinea,PNG,2022,2.689
Papua New Guinea,PNG,2021,3.03
Papua New Guinea,PNG,2020,2.903
Papua New Guinea,PNG,2019,2.651
Papua New Guinea,PNG,2018,2.65
Papua New Guinea,PNG,2017,2.58
Papua New Guinea,PNG,2016,2.478
Papua New Guinea,PNG,2015,2.507
Papua New Guinea,PNG,2014,2.54
Papua New Guinea,PNG,2013,2.698
Papua New Guinea,PNG,2012,2.634
Papua New Guinea,PNG,2011,2.62
Papua New Guinea,PNG,2010,2.002
Papua New Guinea,PNG,2009,2.089
Papua New Guinea,PNG,2008,2.168
Papua New Guinea,PNG,2007,2.169
Papua New Guinea,PNG,2006,2.285
Papua New Guinea,PNG,2005,2.385
Papua New Guinea,PNG,2004,2.526
Papua New Guinea,PNG,2003,2.628
Papua New Guinea,PNG,2002,2.756
Papua New Guinea,PNG,2001,2.801
Papua New Guinea,PNG,2000,2.92
Papua New Guinea,PNG,1999,2.939
Papua New Guinea,PNG,1998,2.86
Papua New Guinea,PNG,1997,2.854
Papua New Guinea,PNG,1996,2.728
Papua New Guinea,PNG,1995,2.603
Papua New Guinea,PNG,1994,2.418
Papua New Guinea,PNG,1993,2.382
Papua New Guinea,PNG,1992,2.608
Papua New Guinea,PNG,1991,2.793
Papua New Guinea,PNG,1990,
Papua New Guinea,PNG,1989,
Papua New Guinea,PNG,1988,
Papua New Guinea,PNG,1987,
Papua New Guinea,PNG,1986,
Papua New Guinea,PNG,1985,
Papua New Guinea,PNG,1984,
Papua New Guinea,PNG,1983,
Papua New Guinea,PNG,1982,
Papua New Guinea,PNG,1981,
Papua New Guinea,PNG,1980,
Papua New Guinea,PNG,1979,
Papua New Guinea,PNG,1978,
Papua New Guinea,PNG,1977,
Papua New Guinea,PNG,1976,
Papua New Guinea,PNG,1975,
Papua New Guinea,PNG,1974,
Papua New Guinea,PNG,1973,
Papua New Guinea,PNG,1972,
Papua New Guinea,PNG,1971,
Papua New Guinea,PNG,1970,
Papua New Guinea,PNG,1969,
Papua New Guinea,PNG,1968,
Papua New Guinea,PNG,1967,
Papua New Guinea,PNG,1966,
Papua New Guinea,PNG,1965,
Papua New Guinea,PNG,1964,
Papua New Guinea,PNG,1963,
Papua New Guinea,PNG,1962,
Papua New Guinea,PNG,1961,
Papua New Guinea,PNG,1960,
Paraguay,PRY,2025,4.803
Paraguay,PRY,2024,5.686
Paraguay,PRY,2023,5.794
Paraguay,PRY,2022,6.755
Paraguay,PRY,2021,7.311
Paraguay,PRY,2020,7.548
Paraguay,PRY,2019,6.595
Paraguay,PRY,2018,6.217
Paraguay,PRY,2017,6.138
Paraguay,PRY,2016,5.255
Paraguay,PRY,2015,4.556
Paraguay,PRY,2014,5.034
Paraguay,PRY,2013,4.385
Paraguay,PRY,2012,4.085
Paraguay,PRY,2011,4.67
Paraguay,PRY,2010,4.569
Paraguay,PRY,2009,5.46
Paraguay,PRY,2008,4.415
Paraguay,PRY,2007,4.713
Paraguay,PRY,2006,5.277
Paraguay,PRY,2005,4.825
Paraguay,PRY,2004,6.513
Paraguay,PRY,2003,6.814
Paraguay,PRY,2002,9.393
Paraguay,PRY,2001,6.206
Paraguay,PRY,2000,7.61
Paraguay,PRY,1999,5.343
Paraguay,PRY,1998,4.417
Paraguay,PRY,1997,5.36
Paraguay,PRY,1996,8.15
Paraguay,PRY,1995,3.4
Paraguay,PRY,1994,4.41
Paraguay,PRY,1993,5.06
Paraguay,PRY,1992,4.98
Paraguay,PRY,1991,5.1
Paraguay,PRY,1990,
Paraguay,PRY,1989,
Paraguay,PRY,1988,
Paraguay,PRY,1987,
Paraguay,PRY,1986,
Paraguay,PRY,1985,
Paraguay,PRY,1984,
Paraguay,PRY,1983,
Paraguay,PRY,1982,
Paraguay,PRY,1981,
Paraguay,PRY,1980,
Paraguay,PRY,1979,
Paraguay,PRY,1978,
Paraguay,PRY,1977,
Paraguay,PRY,1976,
Paraguay,PRY,1975,
Paraguay,PRY,1974,
Paraguay,PRY,1973,
Paraguay,PRY,1972,
Paraguay,PRY,1971,
Paraguay,PRY,1970,
Paraguay,PRY,1969,
Paraguay,PRY,1968,
Paraguay,PRY,1967,
Paraguay,PRY,1966,
Paraguay,PRY,1965,
Paraguay,PRY,1964,
Paraguay,PRY,1963,
Paraguay,PRY,1962,
Paraguay,PRY,1961,
Paraguay,PRY,1960,
Peru,PER,2025,5.117
Peru,PER,2024,5.199
Peru,PER,2023,4.899
Peru,PER,2022,4.291
Peru,PER,2021,5.097
Peru,PER,2020,7.179
Peru,PER,2019,3.379
Peru,PER,2018,3.492
Peru,PER,2017,3.691
Peru,PER,2016,3.741
Peru,PER,2015,3.272
Peru,PER,2014,3.208
Peru,PER,2013,3.575
Peru,PER,2012,3.238
Peru,PER,2011,3.477
Peru,PER,2010,3.6
Peru,PER,2009,3.96
Peru,PER,2008,4.03
Peru,PER,2007,4.08
Peru,PER,2006,4.17
Peru,PER,2005,4.87
Peru,PER,2004,4.71
Peru,PER,2003,4.15
Peru,PER,2002,4.84
Peru,PER,2001,5.068
Peru,PER,2000,4.959
Peru,PER,1999,5.011
Peru,PER,1998,5.099
Peru,PER,1997,4.762
Peru,PER,1996,4.929
Peru,PER,1995,4.708
Peru,PER,1994,4.491
Peru,PER,1993,4.795
Peru,PER,1992,5.068
Peru,PER,1991,4.926
Peru,PER,1990,
Peru,PER,1989,
Peru,PER,1988,
Peru,PER,1987,
Peru,PER,1986,
Peru,PER,1985,
Peru,PER,1984,
Peru,PER,1983,
Peru,PER,1982,
Peru,PER,1981,
Peru,PER,1980,
Peru,PER,1979,
Peru,PER,1978,
Peru,PER,1977,
Peru,PER,1976,
Peru,PER,1975,
Peru,PER,1974,
Peru,PER,1973,
Peru,PER,1972,
Peru,PER,1971,
Peru,PER,1970,
Peru,PER,1969,
Peru,PER,1968,
Peru,PER,1967,
Peru,PER,1966,
Peru,PER,1965,
Peru,PER,1964,
Peru,PER,1963,
Peru,PER,1962,
Peru,PER,1961,
Peru,PER,1960,
Philippines,PHL,2025,2.235
Philippines,PHL,2024,2.202
Philippines,PHL,2023,2.2
Philippines,PHL,2022,2.598
Philippines,PHL,2021,3.398
Philippines,PHL,2020,2.522
Philippines,PHL,2019,2.237
Philippines,PHL,2018,2.338
Philippines,PHL,2017,2.552
Philippines,PHL,2016,2.695
Philippines,PHL,2015,3.068
Philippines,PHL,2014,3.6
Philippines,PHL,2013,3.497
Philippines,PHL,2012,3.504
Philippines,PHL,2011,3.592
Philippines,PHL,2010,3.605
Philippines,PHL,2009,3.858
Philippines,PHL,2008,3.72
Philippines,PHL,2007,3.434
Philippines,PHL,2006,4.052
Philippines,PHL,2005,3.795
Philippines,PHL,2004,3.554
Philippines,PHL,2003,3.527
Philippines,PHL,2002,3.616
Philippines,PHL,2001,3.698
Philippines,PHL,2000,3.77
Philippines,PHL,1999,3.751
Philippines,PHL,1998,3.697
Philippines,PHL,1997,3.592
Philippines,PHL,1996,3.607
Philippines,PHL,1995,3.68
Philippines,PHL,1994,3.767
Philippines,PHL,1993,3.869
Philippines,PHL,1992,3.849
Philippines,PHL,1991,3.727
Philippines,PHL,1990,
Philippines,PHL,1989,
Philippines,PHL,1988,
Philippines,PHL,1987,
Philippines,PHL,1986,
Philippines,PHL,1985,
Philippines,PHL,1984,
Philippines,PHL,1983,
Philippines,PHL,1982,
Philippines,PHL,1981,
Philippines,PHL,1980,
Philippines,PHL,1979,
Philippines,PHL,1978,
Philippines,PHL,1977,
Philippines,PHL,1976,
Philippines,PHL,1975,
Philippines,PHL,1974,
Philippines,PHL,1973,
Philippines,PHL,1972,
Philippines,PHL,1971,
Philippines,PHL,1970,
Philippines,PHL,1969,
Philippines,PHL,1968,
Philippines,PHL,1967,
Philippines,PHL,1966,
Philippines,PHL,1965,
Philippines,PHL,1964,
Philippines,PHL,1963,
Philippines,PHL,1962,
Philippines,PHL,1961,
Philippines,PHL,1960,
Poland,POL,2025,2.976
Poland,POL,2024,2.807
Poland,POL,2023,2.743
Poland,POL,2022,2.811
Poland,POL,2021,3.268
Poland,POL,2020,3.155
Poland,POL,2019,3.267
Poland,POL,2018,3.835
Poland,POL,2017,4.867
Poland,POL,2016,6.141
Poland,POL,2015,7.475
Poland,POL,2014,8.971
Poland,POL,2013,10.293
Poland,POL,2012,10.031
Poland,POL,2011,9.576
Poland,POL,2010,9.578
Poland,POL,2009,8.131
Poland,POL,2008,7.069
Poland,POL,2007,9.551
Poland,POL,2006,13.794
Poland,POL,2005,17.592
Poland,POL,2004,18.822
Poland,POL,2003,19.899
Poland,POL,2002,20.211
Poland,POL,2001,18.435
Poland,POL,2000,14.928
Poland,POL,1999,12.29
Poland,POL,1998,9.935
Poland,POL,1997,10.964
Poland,POL,1996,12.684
Poland,POL,1995,13.695
Poland,POL,1994,14.825
Poland,POL,1993,14.393
Poland,POL,1992,13.645
Poland,POL,1991,13.621
Poland,POL,1990,
Poland,POL,1989,
Poland,POL,1988,
Poland,POL,1987,
Poland,POL,1986,
Poland,POL,1985,
Poland,POL,1984,
Poland,POL,1983,
Poland,POL,1982,
Poland,POL,1981,
Poland,POL,1980,
Poland,POL,1979,
Poland,POL,1978,
Poland,POL,1977,
Poland,POL,1976,
Poland,POL,1975,
Poland,POL,1974,
Poland,POL,1973,
Poland,POL,1972,
Poland,POL,1971,
Poland,POL,1970,
Poland,POL,1969,
Poland,POL,1968,
Poland,POL,1967,
Poland,POL,1966,
Poland,POL,1965,
Poland,POL,1964,
Poland,POL,1963,
Poland,POL,1962,
Poland,POL,1961,
Poland,POL,1960,
Portugal,PRT,2025,6.164
Portugal,PRT,2024,6.5
Portugal,PRT,2023,6.498
Portugal,PRT,2022,6.138
Portugal,PRT,2021,6.712
Portugal,PRT,2020,6.85
Portugal,PRT,2019,6.422
Portugal,PRT,2018,6.966
Portugal,PRT,2017,8.878
Portugal,PRT,2016,11.058
Portugal,PRT,2015,12.405
Portugal,PRT,2014,13.88
Portugal,PRT,2013,16.237
Portugal,PRT,2012,15.509
Portugal,PRT,2011,12.715
Portugal,PRT,2010,10.771
Portugal,PRT,2009,9.432
Portugal,PRT,2008,7.553
Portugal,PRT,2007,7.965
Portugal,PRT,2006,7.649
Portugal,PRT,2005,7.582
Portugal,PRT,2004,6.319
Portugal,PRT,2003,6.132
Portugal,PRT,2002,4.497
Portugal,PRT,2001,3.829
Portugal,PRT,2000,3.806
Portugal,PRT,1999,4.579
Portugal,PRT,1998,4.64
Portugal,PRT,1997,6.571
Portugal,PRT,1996,7.298
Portugal,PRT,1995,7.064
Portugal,PRT,1994,6.709
Portugal,PRT,1993,5.301
Portugal,PRT,1992,3.985
Portugal,PRT,1991,3.919
Portugal,PRT,1990,
Portugal,PRT,1989,
Portugal,PRT,1988,
Portugal,PRT,1987,
Portugal,PRT,1986,
Portugal,PRT,1985,
Portugal,PRT,1984,
Portugal,PRT,1983,
Portugal,PRT,1982,
Portugal,PRT,1981,
Portugal,PRT,1980,
Portugal,PRT,1979,
Portugal,PRT,1978,
Portugal,PRT,1977,
Portugal,PRT,1976,
Portugal,PRT,1975,
Portugal,PRT,1974,
Portugal,PRT,1973,
Portugal,PRT,1972,
Portugal,PRT,1971,
Portugal,PRT,1970,
Portugal,PRT,1969,
Portugal,PRT,1968,
Portugal,PRT,1967,
Portugal,PRT,1966,
Portugal,PRT,1965,
Portugal,PRT,1964,
Portugal,PRT,1963,
Portugal,PRT,1962,
Portugal,PRT,1961,
Portugal,PRT,1960,
Puerto Rico (US),PRI,2025,5.991
Puerto Rico (US),PRI,2024,5.639
Puerto Rico (US),PRI,2023,5.725
Puerto Rico (US),PRI,2022,6.0
Puerto Rico (US),PRI,2021,7.9
Puerto Rico (US),PRI,2020,8.89
Puerto Rico (US),PRI,2019,8.3
Puerto Rico (US),PRI,2018,9.2
Puerto Rico (US),PRI,2017,10.8
Puerto Rico (US),PRI,2016,11.8
Puerto Rico (US),PRI,2015,12.0
Puerto Rico (US),PRI,2014,13.9
Puerto Rico (US),PRI,2013,14.3
Puerto Rico (US),PRI,2012,14.5
Puerto Rico (US),PRI,2011,15.7
Puerto Rico (US),PRI,2010,16.1
Puerto Rico (US),PRI,2009,15.0
Puerto Rico (US),PRI,2008,11.48
Puerto Rico (US),PRI,2007,10.93
Puerto Rico (US),PRI,2006,11.01
Puerto Rico (US),PRI,2005,11.35
Puerto Rico (US),PRI,2004,10.31
Puerto Rico (US),PRI,2003,11.78
Puerto Rico (US),PRI,2002,11.94
Puerto Rico (US),PRI,2001,11.4
Puerto Rico (US),PRI,2000,10.08
Puerto Rico (US),PRI,1999,11.81
Puerto Rico (US),PRI,1998,13.46
Puerto Rico (US),PRI,1997,13.8
Puerto Rico (US),PRI,1996,13.64
Puerto Rico (US),PRI,1995,13.93
Puerto Rico (US),PRI,1994,14.6
Puerto Rico (US),PRI,1993,16.91
Puerto Rico (US),PRI,1992,16.93
Puerto Rico (US),PRI,1991,16.18
Puerto Rico (US),PRI,1990,
Puerto Rico (US),PRI,1989,
Puerto Rico (US),PRI,1988,
Puerto Rico (US),PRI,1987,
Puerto Rico (US),PRI,1986,
Puerto Rico (US),PRI,1985,
Puerto Rico (US),PRI,1984,
Puerto Rico (US),PRI,1983,
Puerto Rico (US),PRI,1982,
Puerto Rico (US),PRI,1981,
Puerto Rico (US),PRI,1980,
Puerto Rico (US),PRI,1979,
Puerto Rico (US),PRI,1978,
Puerto Rico (US),PRI,1977,
Puerto Rico (US),PRI,1976,
Puerto Rico (US),PRI,1975,
Puerto Rico (US),PRI,1974,
Puerto Rico (US),PRI,1973,
Puerto Rico (US),PRI,1972,
Puerto Rico (US),PRI,1971,
Puerto Rico (US),PRI,1970,
Puerto Rico (US),PRI,1969,
Puerto Rico (US),PRI,1968,
Puerto Rico (US),PRI,1967,
Puerto Rico (US),PRI,1966,
Puerto Rico (US),PRI,1965,
Puerto Rico (US),PRI,1964,
Puerto Rico (US),PRI,1963,
Puerto Rico (US),PRI,1962,
Puerto Rico (US),PRI,1961,
Puerto Rico (US),PRI,1960,
Qatar,QAT,2025,0.13
Qatar,QAT,2024,0.13
Qatar,QAT,2023,0.13
Qatar,QAT,2022,0.13
Qatar,QAT,2021,0.14
Qatar,QAT,2020,0.14
Qatar,QAT,2019,0.1
Qatar,QAT,2018,0.11
Qatar,QAT,2017,0.14
Qatar,QAT,2016,0.15
Qatar,QAT,2015,0.17
Qatar,QAT,2014,0.2
Qatar,QAT,2013,0.28
Qatar,QAT,2012,0.48
Qatar,QAT,2011,0.56
Qatar,QAT,2010,0.45
Qatar,QAT,2009,0.31
Qatar,QAT,2008,0.31
Qatar,QAT,2007,0.52
Qatar,QAT,2006,0.87
Qatar,QAT,2005,0.87
Qatar,QAT,2004,0.87
Qatar,QAT,2003,0.87
Qatar,QAT,2002,0.87
Qatar,QAT,2001,0.87
Qatar,QAT,2000,0.87
Qatar,QAT,1999,0.87
Qatar,QAT,1998,0.87
Qatar,QAT,1997,0.87
Qatar,QAT,1996,0.87
Qatar,QAT,1995,0.87
Qatar,QAT,1994,0.87
Qatar,QAT,1993,0.87
Qatar,QAT,1992,0.87
Qatar,QAT,1991,0.87
Qatar,QAT,1990,
Qatar,QAT,1989,
Qatar,QAT,1988,
Qatar,QAT,1987,
Qatar,QAT,1986,
Qatar,QAT,1985,
Qatar,QAT,1984,
Qatar,QAT,1983,
Qatar,QAT,1982,
Qatar,QAT,1981,
Qatar,QAT,1980,
Qatar,QAT,1979,
Qatar,QAT,1978,
Qatar,QAT,1977,
Qatar,QAT,1976,
Qatar,QAT,1975,
Qatar,QAT,1974,
Qatar,QAT,1973,
Qatar,QAT,1972,
Qatar,QAT,1971,
Qatar,QAT,1970,
Qatar,QAT,1969,
Qatar,QAT,1968,
Qatar,QAT,1967,
Qatar,QAT,1966,
Qatar,QAT,1965,
Qatar,QAT,1964,
Qatar,QAT,1963,
Qatar,QAT,1962,
Qatar,QAT,1961,
Qatar,QAT,1960,
Romania,ROU,2025,5.992
Romania,ROU,2024,5.4
Romania,ROU,2023,5.589
Romania,ROU,2022,5.614
Romania,ROU,2021,5.59
Romania,ROU,2020,5.035
Romania,ROU,2019,3.912
Romania,ROU,2018,4.187
Romania,ROU,2017,4.927
Romania,ROU,2016,5.901
Romania,ROU,2015,6.812
Romania,ROU,2014,6.802
Romania,ROU,2013,7.096
Romania,ROU,2012,6.794
Romania,ROU,2011,7.177
Romania,ROU,2010,6.959
Romania,ROU,2009,6.859
Romania,ROU,2008,5.787
Romania,ROU,2007,6.413
Romania,ROU,2006,7.27
Romania,ROU,2005,7.174
Romania,ROU,2004,7.719
Romania,ROU,2003,6.95
Romania,ROU,2002,8.112
Romania,ROU,2001,6.561
Romania,ROU,2000,6.969
Romania,ROU,1999,6.239
Romania,ROU,1998,5.63
Romania,ROU,1997,5.515
Romania,ROU,1996,6.74
Romania,ROU,1995,8.01
Romania,ROU,1994,8.17
Romania,ROU,1993,8.251
Romania,ROU,1992,8.26
Romania,ROU,1991,8.23
Romania,ROU,1990,
Romania,ROU,1989,
Romania,ROU,1988,
Romania,ROU,1987,
Romania,ROU,1986,
Romania,ROU,1985,
Romania,ROU,1984,
Romania,ROU,1983,
Romania,ROU,1982,
Romania,ROU,1981,
Romania,ROU,1980,
Romania,ROU,1979,
Romania,ROU,1978,
Romania,ROU,1977,
Romania,ROU,1976,
Romania,ROU,1975,
Romania,ROU,1974,
Romania,ROU,1973,
Romania,ROU,1972,
Romania,ROU,1971,
Romania,ROU,1970,
Romania,ROU,1969,
Romania,ROU,1968,
Romania,ROU,1967,
Romania,ROU,1966,
Romania,ROU,1965,
Romania,ROU,1964,
Romania,ROU,1963,
Romania,ROU,1962,
Romania,ROU,1961,
Romania,ROU,1960,
Russian Federation,RUS,2025,2.133
Russian Federation,RUS,2024,2.43
Russian Federation,RUS,2023,3.076
Russian Federation,RUS,2022,3.867
Russian Federation,RUS,2021,4.749
Russian Federation,RUS,2020,5.62
Russian Federation,RUS,2019,4.513
Russian Federation,RUS,2018,4.871
Russian Federation,RUS,2017,5.238
Russian Federation,RUS,2016,5.591
Russian Federation,RUS,2015,5.615
Russian Federation,RUS,2014,5.212
Russian Federation,RUS,2013,5.513
Russian Federation,RUS,2012,5.484
Russian Federation,RUS,2011,6.571
Russian Federation,RUS,2010,7.407
Russian Federation,RUS,2009,8.301
Russian Federation,RUS,2008,6.205
Russian Federation,RUS,2007,6.002
Russian Federation,RUS,2006,7.055
Russian Federation,RUS,2005,7.124
Russian Federation,RUS,2004,7.763
Russian Federation,RUS,2003,8.21
Russian Federation,RUS,2002,7.875
Russian Federation,RUS,2001,8.978
Russian Federation,RUS,2000,10.581
Russian Federation,RUS,1999,13.036
Russian Federation,RUS,1998,13.261
Russian Federation,RUS,1997,11.813
Russian Federation,RUS,1996,9.665
Russian Federation,RUS,1995,9.449
Russian Federation,RUS,1994,8.131
Russian Federation,RUS,1993,5.883
Russian Federation,RUS,1992,5.181
Russian Federation,RUS,1991,5.11
Russian Federation,RUS,1990,
Russian Federation,RUS,1989,
Russian Federation,RUS,1988,
Russian Federation,RUS,1987,
Russian Federation,RUS,1986,
Russian Federation,RUS,1985,
Russian Federation,RUS,1984,
Russian Federation,RUS,1983,
Russian Federation,RUS,1982,
Russian Federation,RUS,1981,
Russian Federation,RUS,1980,
Russian Federation,RUS,1979,
Russian Federation,RUS,1978,
Russian Federation,RUS,1977,
Russian Federation,RUS,1976,
Russian Federation,RUS,1975,
Russian Federation,RUS,1974,
Russian Federation,RUS,1973,
Russian Federation,RUS,1972,
Russian Federation,RUS,1971,
Russian Federation,RUS,1970,
Russian Federation,RUS,1969,
Russian Federation,RUS,1968,
Russian Federation,RUS,1967,
Russian Federation,RUS,1966,
Russian Federation,RUS,1965,
Russian Federation,RUS,1964,
Russian Federation,RUS,1963,
Russian Federation,RUS,1962,
Russian Federation,RUS,1961,
Russian Federation,RUS,1960,
Rwanda,RWA,2025,11.363
Rwanda,RWA,2024,11.331
Rwanda,RWA,2023,12.352
Rwanda,RWA,2022,15.084
Rwanda,RWA,2021,15.775
Rwanda,RWA,2020,11.829
Rwanda,RWA,2019,11.236
Rwanda,RWA,2018,10.759
Rwanda,RWA,2017,11.875
Rwanda,RWA,2016,11.788
Rwanda,RWA,2015,11.831
Rwanda,RWA,2014,11.837
Rwanda,RWA,2013,11.768
Rwanda,RWA,2012,11.671
Rwanda,RWA,2011,11.756
Rwanda,RWA,2010,11.637
Rwanda,RWA,2009,11.625
Rwanda,RWA,2008,11.517
Rwanda,RWA,2007,11.58
Rwanda,RWA,2006,11.586
Rwanda,RWA,2005,11.842
Rwanda,RWA,2004,11.699
Rwanda,RWA,2003,11.658
Rwanda,RWA,2002,11.432
Rwanda,RWA,2001,11.732
Rwanda,RWA,2000,11.699
Rwanda,RWA,1999,11.569
Rwanda,RWA,1998,11.255
Rwanda,RWA,1997,11.087
Rwanda,RWA,1996,11.507
Rwanda,RWA,1995,11.938
Rwanda,RWA,1994,12.236
Rwanda,RWA,1993,12.155
Rwanda,RWA,1992,12.114
Rwanda,RWA,1991,12.335
Rwanda,RWA,1990,
Rwanda,RWA,1989,
Rwanda,RWA,1988,
Rwanda,RWA,1987,
Rwanda,RWA,1986,
Rwanda,RWA,1985,
Rwanda,RWA,1984,
Rwanda,RWA,1983,
Rwanda,RWA,1982,
Rwanda,RWA,1981,
Rwanda,RWA,1980,
Rwanda,RWA,1979,
Rwanda,RWA,1978,
Rwanda,RWA,1977,
Rwanda,RWA,1976,
Rwanda,RWA,1975,
Rwanda,RWA,1974,
Rwanda,RWA,1973,
Rwanda,RWA,1972,
Rwanda,RWA,1971,
Rwanda,RWA,1970,
Rwanda,RWA,1969,
Rwanda,RWA,1968,
Rwanda,RWA,1967,
Rwanda,RWA,1966,
Rwanda,RWA,1965,
Rwanda,RWA,1964,
Rwanda,RWA,1963,
Rwanda,RWA,1962,
Rwanda,RWA,1961,
Rwanda,RWA,1960,
Samoa,WSM,2025,4.996
Samoa,WSM,2024,4.855
Samoa,WSM,2023,4.92
Samoa,WSM,2022,5.048
Samoa,WSM,2021,6.664
Samoa,WSM,2020,7.467
Samoa,WSM,2019,7.858
Samoa,WSM,2018,8.649
Samoa,WSM,2017,9.4
Samoa,WSM,2016,9.063
Samoa,WSM,2015,8.901
Samoa,WSM,2014,8.72
Samoa,WSM,2013,8.772
Samoa,WSM,2012,8.752
Samoa,WSM,2011,5.68
Samoa,WSM,2010,5.621
Samoa,WSM,2009,5.646
Samoa,WSM,2008,5.538
Samoa,WSM,2007,5.425
Samoa,WSM,2006,5.321
Samoa,WSM,2005,5.212
Samoa,WSM,2004,5.162
Samoa,WSM,2003,5.038
Samoa,WSM,2002,4.975
Samoa,WSM,2001,4.96
Samoa,WSM,2000,4.733
Samoa,WSM,1999,4.489
Samoa,WSM,1998,4.127
Samoa,WSM,1997,3.78
Samoa,WSM,1996,3.515
Samoa,WSM,1995,3.244
Samoa,WSM,1994,2.999
Samoa,WSM,1993,2.689
Samoa,WSM,1992,2.439
Samoa,WSM,1991,2.1
Samoa,WSM,1990,
Samoa,WSM,1989,
Samoa,WSM,1988,
Samoa,WSM,1987,
Samoa,WSM,1986,
Samoa,WSM,1985,
Samoa,WSM,1984,
Samoa,WSM,1983,
Samoa,WSM,1982,
Samoa,WSM,1981,
Samoa,WSM,1980,
Samoa,WSM,1979,
Samoa,WSM,1978,
Samoa,WSM,1977,
Samoa,WSM,1976,
Samoa,WSM,1975,
Samoa,WSM,1974,
Samoa,WSM,1973,
Samoa,WSM,1972,
Samoa,WSM,1971,
Samoa,WSM,1970,
Samoa,WSM,1969,
Samoa,WSM,1968,
Samoa,WSM,1967,
Samoa,WSM,1966,
Samoa,WSM,1965,
Samoa,WSM,1964,
Samoa,WSM,1963,
Samoa,WSM,1962,
Samoa,WSM,1961,
Samoa,WSM,1960,
San Marino,SMR,2025,
San Marino,SMR,2024,
San Marino,SMR,2023,
San Marino,SMR,2022,
San Marino,SMR,2021,
San Marino,SMR,2020,
San Marino,SMR,2019,
San Marino,SMR,2018,
San Marino,SMR,2017,
San Marino,SMR,2016,
San Marino,SMR,2015,
San Marino,SMR,2014,
San Marino,SMR,2013,
San Marino,SMR,2012,
San Marino,SMR,2011,
San Marino,SMR,2010,
San Marino,SMR,2009,
San Marino,SMR,2008,
San Marino,SMR,2007,
San Marino,SMR,2006,
San Marino,SMR,2005,
San Marino,SMR,2004,
San Marino,SMR,2003,
San Marino,SMR,2002,
San Marino,SMR,2001,
San Marino,SMR,2000,
San Marino,SMR,1999,
San Marino,SMR,1998,
San Marino,SMR,1997,
San Marino,SMR,1996,
San Marino,SMR,1995,
San Marino,SMR,1994,
San Marino,SMR,1993,
San Marino,SMR,1992,
San Marino,SMR,1991,
San Marino,SMR,1990,
San Marino,SMR,1989,
San Marino,SMR,1988,
San Marino,SMR,1987,
San Marino,SMR,1986,
San Marino,SMR,1985,
San Marino,SMR,1984,
San Marino,SMR,1983,
San Marino,SMR,1982,
San Marino,SMR,1981,
San Marino,SMR,1980,
San Marino,SMR,1979,
San Marino,SMR,1978,
San Marino,SMR,1977,
San Marino,SMR,1976,
San Marino,SMR,1975,
San Marino,SMR,1974,
San Marino,SMR,1973,
San Marino,SMR,1972,
San Marino,SMR,1971,
San Marino,SMR,1970,
San Marino,SMR,1969,
San Marino,SMR,1968,
San Marino,SMR,1967,
San Marino,SMR,1966,
San Marino,SMR,1965,
San Marino,SMR,1964,
San Marino,SMR,1963,
San Marino,SMR,1962,
San Marino,SMR,1961,
San Marino,SMR,1960,
Sao Tome and Principe,STP,2025,9.132
Sao Tome and Principe,STP,2024,9.057
Sao Tome and Principe,STP,2023,9.032
Sao Tome and Principe,STP,2022,8.964
Sao Tome and Principe,STP,2021,9.563
Sao Tome and Principe,STP,2020,9.679
Sao Tome and Principe,STP,2019,8.835
Sao Tome and Principe,STP,2018,8.712
Sao Tome and Principe,STP,2017,8.808
Sao Tome and Principe,STP,2016,9.684
Sao Tome and Principe,STP,2015,10.591
Sao Tome and Principe,STP,2014,11.428
Sao Tome and Principe,STP,2013,12.476
Sao Tome and Principe,STP,2012,13.59
Sao Tome and Principe,STP,2011,14.229
Sao Tome and Principe,STP,2010,14.628
Sao Tome and Principe,STP,2009,15.136
Sao Tome and Principe,STP,2008,15.421
Sao Tome and Principe,STP,2007,16.021
Sao Tome and Principe,STP,2006,16.65
Sao Tome and Principe,STP,2005,16.47
Sao Tome and Principe,STP,2004,16.12
Sao Tome and Principe,STP,2003,16.36
Sao Tome and Principe,STP,2002,17.63
Sao Tome and Principe,STP,2001,15.73
Sao Tome and Principe,STP,2000,14.4
Sao Tome and Principe,STP,1999,14.352
Sao Tome and Principe,STP,1998,14.398
Sao Tome and Principe,STP,1997,14.414
Sao Tome and Principe,STP,1996,14.33
Sao Tome and Principe,STP,1995,14.342
Sao Tome and Principe,STP,1994,14.41
Sao Tome and Principe,STP,1993,14.46
Sao Tome and Principe,STP,1992,14.65
Sao Tome and Principe,STP,1991,14.493
Sao Tome and Principe,STP,1990,
Sao Tome and Principe,STP,1989,
Sao Tome and Principe,STP,1988,
Sao Tome and Principe,STP,1987,
Sao Tome and Principe,STP,1986,
Sao Tome and Principe,STP,1985,
Sao Tome and Principe,STP,1984,
Sao Tome and Principe,STP,1983,
Sao Tome and Principe,STP,1982,
Sao Tome and Principe,STP,1981,
Sao Tome and Principe,STP,1980,
Sao Tome and Principe,STP,1979,
Sao Tome and Principe,STP,1978,
Sao Tome and Principe,STP,1977,
Sao Tome and Principe,STP,1976,
Sao Tome and Principe,STP,1975,
Sao Tome and Principe,STP,1974,
Sao Tome and Principe,STP,1973,
Sao Tome and Principe,STP,1972,
Sao Tome and Principe,STP,1971,
Sao Tome and Principe,STP,1970,
Sao Tome and Principe,STP,1969,
Sao Tome and Principe,STP,1968,
Sao Tome and Principe,STP,1967,
Sao Tome and Principe,STP,1966,
Sao Tome and Principe,STP,1965,
Sao Tome and Principe,STP,1964,
Sao Tome and Principe,STP,1963,
Sao Tome and Principe,STP,1962,
Sao Tome and Principe,STP,1961,
Sao Tome and Principe,STP,1960,
Saudi Arabia,SAU,2025,3.038
Saudi Arabia,SAU,2024,3.518
Saudi Arabia,SAU,2023,4.008
Saudi Arabia,SAU,2022,5.589
Saudi Arabia,SAU,2021,6.621
Saudi Arabia,SAU,2020,7.66
Saudi Arabia,SAU,2019,5.636
Saudi Arabia,SAU,2018,6.029
Saudi Arabia,SAU,2017,5.89
Saudi Arabia,SAU,2016,5.6
Saudi Arabia,SAU,2015,5.6
Saudi Arabia,SAU,2014,5.877
Saudi Arabia,SAU,2013,5.6
Saudi Arabia,SAU,2012,5.622
Saudi Arabia,SAU,2011,5.77
Saudi Arabia,SAU,2010,5.55
Saudi Arabia,SAU,2009,5.377
Saudi Arabia,SAU,2008,5.085
Saudi Arabia,SAU,2007,5.734
Saudi Arabia,SAU,2006,6.254
Saudi Arabia,SAU,2005,6.051
Saudi Arabia,SAU,2004,5.822
Saudi Arabia,SAU,2003,5.563
Saudi Arabia,SAU,2002,5.265
Saudi Arabia,SAU,2001,4.618
Saudi Arabia,SAU,2000,4.57
Saudi Arabia,SAU,1999,4.346
Saudi Arabia,SAU,1998,4.752
Saudi Arabia,SAU,1997,5.283
Saudi Arabia,SAU,1996,5.804
Saudi Arabia,SAU,1995,6.365
Saudi Arabia,SAU,1994,6.733
Saudi Arabia,SAU,1993,7.002
Saudi Arabia,SAU,1992,7.2
Saudi Arabia,SAU,1991,7.316
Saudi Arabia,SAU,1990,
Saudi Arabia,SAU,1989,
Saudi Arabia,SAU,1988,
Saudi Arabia,SAU,1987,
Saudi Arabia,SAU,1986,
Saudi Arabia,SAU,1985,
Saudi Arabia,SAU,1984,
Saudi Arabia,SAU,1983,
Saudi Arabia,SAU,1982,
Saudi Arabia,SAU,1981,
Saudi Arabia,SAU,1980,
Saudi Arabia,SAU,1979,
Saudi Arabia,SAU,1978,
Saudi Arabia,SAU,1977,
Saudi Arabia,SAU,1976,
Saudi Arabia,SAU,1975,
Saudi Arabia,SAU,1974,
Saudi Arabia,SAU,1973,
Saudi Arabia,SAU,1972,
Saudi Arabia,SAU,1971,
Saudi Arabia,SAU,1970,
Saudi Arabia,SAU,1969,
Saudi Arabia,SAU,1968,
Saudi Arabia,SAU,1967,
Saudi Arabia,SAU,1966,
Saudi Arabia,SAU,1965,
Saudi Arabia,SAU,1964,
Saudi Arabia,SAU,1963,
Saudi Arabia,SAU,1962,
Saudi Arabia,SAU,1961,
Saudi Arabia,SAU,1960,
Senegal,SEN,2025,2.735
Senegal,SEN,2024,2.788
Senegal,SEN,2023,2.784
Senegal,SEN,2022,2.837
Senegal,SEN,2021,3.436
Senegal,SEN,2020,3.432
Senegal,SEN,2019,2.863
Senegal,SEN,2018,3.453
Senegal,SEN,2017,4.078
Senegal,SEN,2016,4.455
Senegal,SEN,2015,6.757
Senegal,SEN,2014,5.849
Senegal,SEN,2013,5.012
Senegal,SEN,2012,3.896
Senegal,SEN,2011,2.853
Senegal,SEN,2010,2.795
Senegal,SEN,2009,2.807
Senegal,SEN,2008,2.816
Senegal,SEN,2007,2.8
Senegal,SEN,2006,2.755
Senegal,SEN,2005,2.679
Senegal,SEN,2004,2.775
Senegal,SEN,2003,2.781
Senegal,SEN,2002,2.82
Senegal,SEN,2001,2.674
Senegal,SEN,2000,2.638
Senegal,SEN,1999,2.655
Senegal,SEN,1998,2.751
Senegal,SEN,1997,2.759
Senegal,SEN,1996,2.831
Senegal,SEN,1995,2.846
Senegal,SEN,1994,2.947
Senegal,SEN,1993,2.878
Senegal,SEN,1992,2.928
Senegal,SEN,1991,2.861
Senegal,SEN,1990,
Senegal,SEN,1989,
Senegal,SEN,1988,
Senegal,SEN,1987,
Senegal,SEN,1986,
Senegal,SEN,1985,
Senegal,SEN,1984,
Senegal,SEN,1983,
Senegal,SEN,1982,
Senegal,SEN,1981,
Senegal,SEN,1980,
Senegal,SEN,1979,
Senegal,SEN,1978,
Senegal,SEN,1977,
Senegal,SEN,1976,
Senegal,SEN,1975,
Senegal,SEN,1974,
Senegal,SEN,1973,
Senegal,SEN,1972,
Senegal,SEN,1971,
Senegal,SEN,1970,
Senegal,SEN,1969,
Senegal,SEN,1968,
Senegal,SEN,1967,
Senegal,SEN,1966,
Senegal,SEN,1965,
Senegal,SEN,1964,
Senegal,SEN,1963,
Senegal,SEN,1962,
Senegal,SEN,1961,
Senegal,SEN,1960,
Serbia,SRB,2025,7.123
Serbia,SRB,2024,7.24
Serbia,SRB,2023,8.268
Serbia,SRB,2022,8.439
Serbia,SRB,2021,9.843
Serbia,SRB,2020,9.011
Serbia,SRB,2019,10.395
Serbia,SRB,2018,12.733
Serbia,SRB,2017,13.477
Serbia,SRB,2016,15.257
Serbia,SRB,2015,17.66
Serbia,SRB,2014,19.223
Serbia,SRB,2013,22.154
Serbia,SRB,2012,24.0
Serbia,SRB,2011,22.959
Serbia,SRB,2010,19.204
Serbia,SRB,2009,16.116
Serbia,SRB,2008,13.67
Serbia,SRB,2007,18.06
Serbia,SRB,2006,20.85
Serbia,SRB,2005,20.85
Serbia,SRB,2004,18.5
Serbia,SRB,2003,15.2
Serbia,SRB,2002,13.8
Serbia,SRB,2001,12.8
Serbia,SRB,2000,12.6
Serbia,SRB,1999,13.7
Serbia,SRB,1998,13.7
Serbia,SRB,1997,13.8
Serbia,SRB,1996,13.2
Serbia,SRB,1995,13.4
Serbia,SRB,1994,13.405
Serbia,SRB,1993,13.416
Serbia,SRB,1992,13.397
Serbia,SRB,1991,13.371
Serbia,SRB,1990,
Serbia,SRB,1989,
Serbia,SRB,1988,
Serbia,SRB,1987,
Serbia,SRB,1986,
Serbia,SRB,1985,
Serbia,SRB,1984,
Serbia,SRB,1983,
Serbia,SRB,1982,
Serbia,SRB,1981,
Serbia,SRB,1980,
Serbia,SRB,1979,
Serbia,SRB,1978,
Serbia,SRB,1977,
Serbia,SRB,1976,
Serbia,SRB,1975,
Serbia,SRB,1974,
Serbia,SRB,1973,
Serbia,SRB,1972,
Serbia,SRB,1971,
Serbia,SRB,1970,
Serbia,SRB,1969,
Serbia,SRB,1968,
Serbia,SRB,1967,
Serbia,SRB,1966,
Serbia,SRB,1965,
Serbia,SRB,1964,
Serbia,SRB,1963,
Serbia,SRB,1962,
Serbia,SRB,1961,
Serbia,SRB,1960,
Seychelles,SYC,2025,
Seychelles,SYC,2024,
Seychelles,SYC,2023,
Seychelles,SYC,2022,
Seychelles,SYC,2021,
Seychelles,SYC,2020,
Seychelles,SYC,2019,
Seychelles,SYC,2018,
Seychelles,SYC,2017,
Seychelles,SYC,2016,
Seychelles,SYC,2015,
Seychelles,SYC,2014,
Seychelles,SYC,2013,
Seychelles,SYC,2012,
Seychelles,SYC,2011,
Seychelles,SYC,2010,
Seychelles,SYC,2009,
Seychelles,SYC,2008,
Seychelles,SYC,2007,
Seychelles,SYC,2006,
Seychelles,SYC,2005,
Seychelles,SYC,2004,
Seychelles,SYC,2003,
Seychelles,SYC,2002,
Seychelles,SYC,2001,
Seychelles,SYC,2000,
Seychelles,SYC,1999,
Seychelles,SYC,1998,
Seychelles,SYC,1997,
Seychelles,SYC,1996,
Seychelles,SYC,1995,
Seychelles,SYC,1994,
Seychelles,SYC,1993,
Seychelles,SYC,1992,
Seychelles,SYC,1991,
Seychelles,SYC,1990,
Seychelles,SYC,1989,
Seychelles,SYC,1988,
Seychelles,SYC,1987,
Seychelles,SYC,1986,
Seychelles,SYC,1985,
Seychelles,SYC,1984,
Seychelles,SYC,1983,
Seychelles,SYC,1982,
Seychelles,SYC,1981,
Seychelles,SYC,1980,
Seychelles,SYC,1979,
Seychelles,SYC,1978,
Seychelles,SYC,1977,
Seychelles,SYC,1976,
Seychelles,SYC,1975,
Seychelles,SYC,1974,
Seychelles,SYC,1973,
Seychelles,SYC,1972,
Seychelles,SYC,1971,
Seychelles,SYC,1970,
Seychelles,SYC,1969,
Seychelles,SYC,1968,
Seychelles,SYC,1967,
Seychelles,SYC,1966,
Seychelles,SYC,1965,
Seychelles,SYC,1964,
Seychelles,SYC,1963,
Seychelles,SYC,1962,
Seychelles,SYC,1961,
Seychelles,SYC,1960,
Sierra Leone,SLE,2025,3.15
Sierra Leone,SLE,2024,3.103
Sierra Leone,SLE,2023,3.092
Sierra Leone,SLE,2022,3.137
Sierra Leone,SLE,2021,3.551
Sierra Leone,SLE,2020,3.509
Sierra Leone,SLE,2019,3.204
Sierra Leone,SLE,2018,3.192
Sierra Leone,SLE,2017,3.656
Sierra Leone,SLE,2016,4.182
Sierra Leone,SLE,2015,4.483
Sierra Leone,SLE,2014,4.678
Sierra Leone,SLE,2013,4.376
Sierra Leone,SLE,2012,4.378
Sierra Leone,SLE,2011,4.388
Sierra Leone,SLE,2010,4.34
Sierra Leone,SLE,2009,4.268
Sierra Leone,SLE,2008,4.132
Sierra Leone,SLE,2007,4.022
Sierra Leone,SLE,2006,3.89
Sierra Leone,SLE,2005,3.734
Sierra Leone,SLE,2004,3.42
Sierra Leone,SLE,2003,3.879
Sierra Leone,SLE,2002,3.909
Sierra Leone,SLE,2001,4.235
Sierra Leone,SLE,2000,4.137
Sierra Leone,SLE,1999,4.288
Sierra Leone,SLE,1998,4.242
Sierra Leone,SLE,1997,4.363
Sierra Leone,SLE,1996,4.313
Sierra Leone,SLE,1995,4.317
Sierra Leone,SLE,1994,4.457
Sierra Leone,SLE,1993,4.401
Sierra Leone,SLE,1992,4.376
Sierra Leone,SLE,1991,4.135
Sierra Leone,SLE,1990,
Sierra Leone,SLE,1989,
Sierra Leone,SLE,1988,
Sierra Leone,SLE,1987,
Sierra Leone,SLE,1986,
Sierra Leone,SLE,1985,
Sierra Leone,SLE,1984,
Sierra Leone,SLE,1983,
Sierra Leone,SLE,1982,
Sierra Leone,SLE,1981,
Sierra Leone,SLE,1980,
Sierra Leone,SLE,1979,
Sierra Leone,SLE,1978,
Sierra Leone,SLE,1977,
Sierra Leone,SLE,1976,
Sierra Leone,SLE,1975,
Sierra Leone,SLE,1974,
Sierra Leone,SLE,1973,
Sierra Leone,SLE,1972,
Sierra Leone,SLE,1971,
Sierra Leone,SLE,1970,
Sierra Leone,SLE,1969,
Sierra Leone,SLE,1968,
Sierra Leone,SLE,1967,
Sierra Leone,SLE,1966,
Sierra Leone,SLE,1965,
Sierra Leone,SLE,1964,
Sierra Leone,SLE,1963,
Sierra Leone,SLE,1962,
Sierra Leone,SLE,1961,
Sierra Leone,SLE,1960,
Singapore,SGP,2025,2.818
Singapore,SGP,2024,2.737
Singapore,SGP,2023,3.444
Singapore,SGP,2022,3.591
Singapore,SGP,2021,4.64
Singapore,SGP,2020,4.1
Singapore,SGP,2019,3.1
Singapore,SGP,2018,3.613
Singapore,SGP,2017,4.2
Singapore,SGP,2016,4.08
Singapore,SGP,2015,3.79
Singapore,SGP,2014,3.74
Singapore,SGP,2013,3.86
Singapore,SGP,2012,3.72
Singapore,SGP,2011,3.89
Singapore,SGP,2010,4.12
Singapore,SGP,2009,5.86
Singapore,SGP,2008,3.96
Singapore,SGP,2007,3.9
Singapore,SGP,2006,4.48
Singapore,SGP,2005,5.59
Singapore,SGP,2004,5.84
Singapore,SGP,2003,5.93
Singapore,SGP,2002,5.65
Singapore,SGP,2001,3.76
Singapore,SGP,2000,3.7
Singapore,SGP,1999,4.85
Singapore,SGP,1998,3.41
Singapore,SGP,1997,2.5
Singapore,SGP,1996,3.57
Singapore,SGP,1995,3.3
Singapore,SGP,1994,3.03
Singapore,SGP,1993,3.07
Singapore,SGP,1992,3.09
Singapore,SGP,1991,2.18
Singapore,SGP,1990,
Singapore,SGP,1989,
Singapore,SGP,1988,
Singapore,SGP,1987,
Singapore,SGP,1986,
Singapore,SGP,1985,
Singapore,SGP,1984,
Singapore,SGP,1983,
Singapore,SGP,1982,
Singapore,SGP,1981,
Singapore,SGP,1980,
Singapore,SGP,1979,
Singapore,SGP,1978,
Singapore,SGP,1977,
Singapore,SGP,1976,
Singapore,SGP,1975,
Singapore,SGP,1974,
Singapore,SGP,1973,
Singapore,SGP,1972,
Singapore,SGP,1971,
Singapore,SGP,1970,
Singapore,SGP,1969,
Singapore,SGP,1968,
Singapore,SGP,1967,
Singapore,SGP,1966,
Singapore,SGP,1965,
Singapore,SGP,1964,
Singapore,SGP,1963,
Singapore,SGP,1962,
Singapore,SGP,1961,
Singapore,SGP,1960,
Sint Maarten (Dutch part),SXM,2025,
Sint Maarten (Dutch part),SXM,2024,
Sint Maarten (Dutch part),SXM,2023,
Sint Maarten (Dutch part),SXM,2022,
Sint Maarten (Dutch part),SXM,2021,
Sint Maarten (Dutch part),SXM,2020,
Sint Maarten (Dutch part),SXM,2019,
Sint Maarten (Dutch part),SXM,2018,
Sint Maarten (Dutch part),SXM,2017,
Sint Maarten (Dutch part),SXM,2016,
Sint Maarten (Dutch part),SXM,2015,
Sint Maarten (Dutch part),SXM,2014,
Sint Maarten (Dutch part),SXM,2013,
Sint Maarten (Dutch part),SXM,2012,
Sint Maarten (Dutch part),SXM,2011,
Sint Maarten (Dutch part),SXM,2010,
Sint Maarten (Dutch part),SXM,2009,
Sint Maarten (Dutch part),SXM,2008,
Sint Maarten (Dutch part),SXM,2007,
Sint Maarten (Dutch part),SXM,2006,
Sint Maarten (Dutch part),SXM,2005,
Sint Maarten (Dutch part),SXM,2004,
Sint Maarten (Dutch part),SXM,2003,
Sint Maarten (Dutch part),SXM,2002,
Sint Maarten (Dutch part),SXM,2001,
Sint Maarten (Dutch part),SXM,2000,
Sint Maarten (Dutch part),SXM,1999,
Sint Maarten (Dutch part),SXM,1998,
Sint Maarten (Dutch part),SXM,1997,
Sint Maarten (Dutch part),SXM,1996,
Sint Maarten (Dutch part),SXM,1995,
Sint Maarten (Dutch part),SXM,1994,
Sint Maarten (Dutch part),SXM,1993,
Sint Maarten (Dutch part),SXM,1992,
Sint Maarten (Dutch part),SXM,1991,
Sint Maarten (Dutch part),SXM,1990,
Sint Maarten (Dutch part),SXM,1989,
Sint Maarten (Dutch part),SXM,1988,
Sint Maarten (Dutch part),SXM,1987,
Sint Maarten (Dutch part),SXM,1986,
Sint Maarten (Dutch part),SXM,1985,
Sint Maarten (Dutch part),SXM,1984,
Sint Maarten (Dutch part),SXM,1983,
Sint Maarten (Dutch part),SXM,1982,
Sint Maarten (Dutch part),SXM,1981,
Sint Maarten (Dutch part),SXM,1980,
Sint Maarten (Dutch part),SXM,1979,
Sint Maarten (Dutch part),SXM,1978,
Sint Maarten (Dutch part),SXM,1977,
Sint Maarten (Dutch part),SXM,1976,
Sint Maarten (Dutch part),SXM,1975,
Sint Maarten (Dutch part),SXM,1974,
Sint Maarten (Dutch part),SXM,1973,
Sint Maarten (Dutch part),SXM,1972,
Sint Maarten (Dutch part),SXM,1971,
Sint Maarten (Dutch part),SXM,1970,
Sint Maarten (Dutch part),SXM,1969,
Sint Maarten (Dutch part),SXM,1968,
Sint Maarten (Dutch part),SXM,1967,
Sint Maarten (Dutch part),SXM,1966,
Sint Maarten (Dutch part),SXM,1965,
Sint Maarten (Dutch part),SXM,1964,
Sint Maarten (Dutch part),SXM,1963,
Sint Maarten (Dutch part),SXM,1962,
Sint Maarten (Dutch part),SXM,1961,
Sint Maarten (Dutch part),SXM,1960,
Slovak Republic,SVK,2025,5.359
Slovak Republic,SVK,2024,5.3
Slovak Republic,SVK,2023,5.843
Slovak Republic,SVK,2022,6.143
Slovak Republic,SVK,2021,6.894
Slovak Republic,SVK,2020,6.719
Slovak Republic,SVK,2019,5.761
Slovak Republic,SVK,2018,6.544
Slovak Republic,SVK,2017,8.142
Slovak Republic,SVK,2016,9.679
Slovak Republic,SVK,2015,11.492
Slovak Republic,SVK,2014,11.536
Slovak Republic,SVK,2013,14.226
Slovak Republic,SVK,2012,13.966
Slovak Republic,SVK,2011,13.634
Slovak Republic,SVK,2010,14.387
Slovak Republic,SVK,2009,12.023
Slovak Republic,SVK,2008,9.514
Slovak Republic,SVK,2007,11.16
Slovak Republic,SVK,2006,13.395
Slovak Republic,SVK,2005,16.276
Slovak Republic,SVK,2004,18.206
Slovak Republic,SVK,2003,17.549
Slovak Republic,SVK,2002,18.541
Slovak Republic,SVK,2001,19.148
Slovak Republic,SVK,2000,18.546
Slovak Republic,SVK,1999,16.099
Slovak Republic,SVK,1998,12.421
Slovak Republic,SVK,1997,11.894
Slovak Republic,SVK,1996,11.341
Slovak Republic,SVK,1995,13.109
Slovak Republic,SVK,1994,13.654
Slovak Republic,SVK,1993,12.2
Slovak Republic,SVK,1992,12.185
Slovak Republic,SVK,1991,12.1
Slovak Republic,SVK,1990,
Slovak Republic,SVK,1989,
Slovak Republic,SVK,1988,
Slovak Republic,SVK,1987,
Slovak Republic,SVK,1986,
Slovak Republic,SVK,1985,
Slovak Republic,SVK,1984,
Slovak Republic,SVK,1983,
Slovak Republic,SVK,1982,
Slovak Republic,SVK,1981,
Slovak Republic,SVK,1980,
Slovak Republic,SVK,1979,
Slovak Republic,SVK,1978,
Slovak Republic,SVK,1977,
Slovak Republic,SVK,1976,
Slovak Republic,SVK,1975,
Slovak Republic,SVK,1974,
Slovak Republic,SVK,1973,
Slovak Republic,SVK,1972,
Slovak Republic,SVK,1971,
Slovak Republic,SVK,1970,
Slovak Republic,SVK,1969,
Slovak Republic,SVK,1968,
Slovak Republic,SVK,1967,
Slovak Republic,SVK,1966,
Slovak Republic,SVK,1965,
Slovak Republic,SVK,1964,
Slovak Republic,SVK,1963,
Slovak Republic,SVK,1962,
Slovak Republic,SVK,1961,
Slovak Republic,SVK,1960,
Slovenia,SVN,2025,3.175
Slovenia,SVN,2024,3.7
Slovenia,SVN,2023,3.652
Slovenia,SVN,2022,4.011
Slovenia,SVN,2021,4.744
Slovenia,SVN,2020,4.971
Slovenia,SVN,2019,4.446
Slovenia,SVN,2018,5.108
Slovenia,SVN,2017,6.564
Slovenia,SVN,2016,8.0
Slovenia,SVN,2015,8.962
Slovenia,SVN,2014,9.668
Slovenia,SVN,2013,10.103
Slovenia,SVN,2012,8.841
Slovenia,SVN,2011,8.166
Slovenia,SVN,2010,7.236
Slovenia,SVN,2009,5.858
Slovenia,SVN,2008,4.371
Slovenia,SVN,2007,4.818
Slovenia,SVN,2006,5.95
Slovenia,SVN,2005,6.506
Slovenia,SVN,2004,6.012
Slovenia,SVN,2003,6.479
Slovenia,SVN,2002,5.922
Slovenia,SVN,2001,5.682
Slovenia,SVN,2000,6.918
Slovenia,SVN,1999,7.324
Slovenia,SVN,1998,7.39
Slovenia,SVN,1997,6.648
Slovenia,SVN,1996,6.879
Slovenia,SVN,1995,7.15
Slovenia,SVN,1994,8.24
Slovenia,SVN,1993,8.51
Slovenia,SVN,1992,7.83
Slovenia,SVN,1991,7.08
Slovenia,SVN,1990,
Slovenia,SVN,1989,
Slovenia,SVN,1988,
Slovenia,SVN,1987,
Slovenia,SVN,1986,
Slovenia,SVN,1985,
Slovenia,SVN,1984,
Slovenia,SVN,1983,
Slovenia,SVN,1982,
Slovenia,SVN,1981,
Slovenia,SVN,1980,
Slovenia,SVN,1979,
Slovenia,SVN,1978,
Slovenia,SVN,1977,
Slovenia,SVN,1976,
Slovenia,SVN,1975,
Slovenia,SVN,1974,
Slovenia,SVN,1973,
Slovenia,SVN,1972,
Slovenia,SVN,1971,
Slovenia,SVN,1970,
Slovenia,SVN,1969,
Slovenia,SVN,1968,
Slovenia,SVN,1967,
Slovenia,SVN,1966,
Slovenia,SVN,1965,
Slovenia,SVN,1964,
Slovenia,SVN,1963,
Slovenia,SVN,1962,
Slovenia,SVN,1961,
Slovenia,SVN,1960,
Solomon Islands,SLB,2025,1.431
Solomon Islands,SLB,2024,1.444
Solomon Islands,SLB,2023,1.443
Solomon Islands,SLB,2022,1.475
Solomon Islands,SLB,2021,0.879
Solomon Islands,SLB,2020,0.868
Solomon Islands,SLB,2019,0.746
Solomon Islands,SLB,2018,0.722
Solomon Islands,SLB,2017,0.727
Solomon Islands,SLB,2016,0.736
Solomon Islands,SLB,2015,0.736
Solomon Islands,SLB,2014,0.73
Solomon Islands,SLB,2013,0.694
Solomon Islands,SLB,2012,0.984
Solomon Islands,SLB,2011,1.292
Solomon Islands,SLB,2010,1.617
Solomon Islands,SLB,2009,2.02
Solomon Islands,SLB,2008,1.998
Solomon Islands,SLB,2007,1.978
Solomon Islands,SLB,2006,1.916
Solomon Islands,SLB,2005,1.879
Solomon Islands,SLB,2004,2.026
Solomon Islands,SLB,2003,2.286
Solomon Islands,SLB,2002,2.698
Solomon Islands,SLB,2001,2.642
Solomon Islands,SLB,2000,2.446
Solomon Islands,SLB,1999,2.194
Solomon Islands,SLB,1998,2.155
Solomon Islands,SLB,1997,2.009
Solomon Islands,SLB,1996,1.875
Solomon Islands,SLB,1995,1.841
Solomon Islands,SLB,1994,1.804
Solomon Islands,SLB,1993,1.829
Solomon Islands,SLB,1992,1.851
Solomon Islands,SLB,1991,1.967
Solomon Islands,SLB,1990,
Solomon Islands,SLB,1989,
Solomon Islands,SLB,1988,
Solomon Islands,SLB,1987,
Solomon Islands,SLB,1986,
Solomon Islands,SLB,1985,
Solomon Islands,SLB,1984,
Solomon Islands,SLB,1983,
Solomon Islands,SLB,1982,
Solomon Islands,SLB,1981,
Solomon Islands,SLB,1980,
Solomon Islands,SLB,1979,
Solomon Islands,SLB,1978,
Solomon Islands,SLB,1977,
Solomon Islands,SLB,1976,
Solomon Islands,SLB,1975,
Solomon Islands,SLB,1974,
Solomon Islands,SLB,1973,
Solomon Islands,SLB,1972,
Solomon Islands,SLB,1971,
Solomon Islands,SLB,1970,
Solomon Islands,SLB,1969,
Solomon Islands,SLB,1968,
Solomon Islands,SLB,1967,
Solomon Islands,SLB,1966,
Solomon Islands,SLB,1965,
Solomon Islands,SLB,1964,
Solomon Islands,SLB,1963,
Solomon Islands,SLB,1962,
Solomon Islands,SLB,1961,
Solomon Islands,SLB,1960,
"Somalia, Fed. Rep.",SOM,2025,18.948
"Somalia, Fed. Rep.",SOM,2024,18.949
"Somalia, Fed. Rep.",SOM,2023,18.96
"Somalia, Fed. Rep.",SOM,2022,19.112
"Somalia, Fed. Rep.",SOM,2021,19.662
"Somalia, Fed. Rep.",SOM,2020,19.414
"Somalia, Fed. Rep.",SOM,2019,18.828
"Somalia, Fed. Rep.",SOM,2018,18.7
"Somalia, Fed. Rep.",SOM,2017,18.455
"Somalia, Fed. Rep.",SOM,2016,18.611
"Somalia, Fed. Rep.",SOM,2015,18.495
"Somalia, Fed. Rep.",SOM,2014,18.595
"Somalia, Fed. Rep.",SOM,2013,18.655
"Somalia, Fed. Rep.",SOM,2012,18.771
"Somalia, Fed. Rep.",SOM,2011,18.761
"Somalia, Fed. Rep.",SOM,2010,18.741
"Somalia, Fed. Rep.",SOM,2009,18.724
"Somalia, Fed. Rep.",SOM,2008,18.714
"Somalia, Fed. Rep.",SOM,2007,18.687
"Somalia, Fed. Rep.",SOM,2006,18.705
"Somalia, Fed. Rep.",SOM,2005,18.671
"Somalia, Fed. Rep.",SOM,2004,18.653
"Somalia, Fed. Rep.",SOM,2003,18.648
"Somalia, Fed. Rep.",SOM,2002,18.658
"Somalia, Fed. Rep.",SOM,2001,18.665
"Somalia, Fed. Rep.",SOM,2000,18.678
"Somalia, Fed. Rep.",SOM,1999,18.847
"Somalia, Fed. Rep.",SOM,1998,18.825
"Somalia, Fed. Rep.",SOM,1997,18.899
"Somalia, Fed. Rep.",SOM,1996,19.463
"Somalia, Fed. Rep.",SOM,1995,19.585
"Somalia, Fed. Rep.",SOM,1994,19.971
"Somalia, Fed. Rep.",SOM,1993,19.331
"Somalia, Fed. Rep.",SOM,1992,19.377
"Somalia, Fed. Rep.",SOM,1991,19.003
"Somalia, Fed. Rep.",SOM,1990,
"Somalia, Fed. Rep.",SOM,1989,
"Somalia, Fed. Rep.",SOM,1988,
"Somalia, Fed. Rep.",SOM,1987,
"Somalia, Fed. Rep.",SOM,1986,
"Somalia, Fed. Rep.",SOM,1985,
"Somalia, Fed. Rep.",SOM,1984,
"Somalia, Fed. Rep.",SOM,1983,
"Somalia, Fed. Rep.",SOM,1982,
"Somalia, Fed. Rep.",SOM,1981,
"Somalia, Fed. Rep.",SOM,1980,
"Somalia, Fed. Rep.",SOM,1979,
"Somalia, Fed. Rep.",SOM,1978,
"Somalia, Fed. Rep.",SOM,1977,
"Somalia, Fed. Rep.",SOM,1976,
"Somalia, Fed. Rep.",SOM,1975,
"Somalia, Fed. Rep.",SOM,1974,
"Somalia, Fed. Rep.",SOM,1973,
"Somalia, Fed. Rep.",SOM,1972,
"Somalia, Fed. Rep.",SOM,1971,
"Somalia, Fed. Rep.",SOM,1970,
"Somalia, Fed. Rep.",SOM,1969,
"Somalia, Fed. Rep.",SOM,1968,
"Somalia, Fed. Rep.",SOM,1967,
"Somalia, Fed. Rep.",SOM,1966,
"Somalia, Fed. Rep.",SOM,1965,
"Somalia, Fed. Rep.",SOM,1964,
"Somalia, Fed. Rep.",SOM,1963,
"Somalia, Fed. Rep.",SOM,1962,
"Somalia, Fed. Rep.",SOM,1961,
"Somalia, Fed. Rep.",SOM,1960,
South Africa,ZAF,2025,32.391
South Africa,ZAF,2024,32.279
South Africa,ZAF,2023,32.098
South Africa,ZAF,2022,33.268
South Africa,ZAF,2021,34.007
South Africa,ZAF,2020,29.217
South Africa,ZAF,2019,28.468
South Africa,ZAF,2018,26.906
South Africa,ZAF,2017,27.035
South Africa,ZAF,2016,26.536
South Africa,ZAF,2015,25.149
South Africa,ZAF,2014,24.89
South Africa,ZAF,2013,24.561
South Africa,ZAF,2012,24.727
South Africa,ZAF,2011,24.639
South Africa,ZAF,2010,24.683
South Africa,ZAF,2009,23.523
South Africa,ZAF,2008,22.407
South Africa,ZAF,2007,22.26
South Africa,ZAF,2006,22.304
South Africa,ZAF,2005,22.472
South Africa,ZAF,2004,22.567
South Africa,ZAF,2003,22.679
South Africa,ZAF,2002,22.579
South Africa,ZAF,2001,22.652
South Africa,ZAF,2000,22.788
South Africa,ZAF,1999,22.884
South Africa,ZAF,1998,22.739
South Africa,ZAF,1997,22.549
South Africa,ZAF,1996,22.5
South Africa,ZAF,1995,22.705
South Africa,ZAF,1994,23.067
South Africa,ZAF,1993,23.361
South Africa,ZAF,1992,23.463
South Africa,ZAF,1991,23.137
South Africa,ZAF,1990,
South Africa,ZAF,1989,
South Africa,ZAF,1988,
South Africa,ZAF,1987,
South Africa,ZAF,1986,
South Africa,ZAF,1985,
South Africa,ZAF,1984,
South Africa,ZAF,1983,
South Africa,ZAF,1982,
South Africa,ZAF,1981,
South Africa,ZAF,1980,
South Africa,ZAF,1979,
South Africa,ZAF,1978,
South Africa,ZAF,1977,
South Africa,ZAF,1976,
South Africa,ZAF,1975,
South Africa,ZAF,1974,
South Africa,ZAF,1973,
South Africa,ZAF,1972,
South Africa,ZAF,1971,
South Africa,ZAF,1970,
South Africa,ZAF,1969,
South Africa,ZAF,1968,
South Africa,ZAF,1967,
South Africa,ZAF,1966,
South Africa,ZAF,1965,
South Africa,ZAF,1964,
South Africa,ZAF,1963,
South Africa,ZAF,1962,
South Africa,ZAF,1961,
South Africa,ZAF,1960,
South Sudan,SSD,2025,
South Sudan,SSD,2024,
South Sudan,SSD,2023,12.374
South Sudan,SSD,2022,12.475
South Sudan,SSD,2021,13.95
South Sudan,SSD,2020,14.246
South Sudan,SSD,2019,12.656
South Sudan,SSD,2018,12.853
South Sudan,SSD,2017,12.983
South Sudan,SSD,2016,12.854
South Sudan,SSD,2015,12.464
South Sudan,SSD,2014,12.561
South Sudan,SSD,2013,12.665
South Sudan,SSD,2012,12.803
South Sudan,SSD,2011,12.585
South Sudan,SSD,2010,12.473
South Sudan,SSD,2009,12.438
South Sudan,SSD,2008,12.298
South Sudan,SSD,2007,12.266
South Sudan,SSD,2006,12.268
South Sudan,SSD,2005,12.266
South Sudan,SSD,2004,12.256
South Sudan,SSD,2003,12.234
South Sudan,SSD,2002,12.235
South Sudan,SSD,2001,12.278
South Sudan,SSD,2000,12.309
South Sudan,SSD,1999,12.138
South Sudan,SSD,1998,12.095
South Sudan,SSD,1997,12.068
South Sudan,SSD,1996,12.314
South Sudan,SSD,1995,12.334
South Sudan,SSD,1994,12.326
South Sudan,SSD,1993,12.233
South Sudan,SSD,1992,12.374
South Sudan,SSD,1991,12.334
South Sudan,SSD,1990,
South Sudan,SSD,1989,
South Sudan,SSD,1988,
South Sudan,SSD,1987,
South Sudan,SSD,1986,
South Sudan,SSD,1985,
South Sudan,SSD,1984,
South Sudan,SSD,1983,
South Sudan,SSD,1982,
South Sudan,SSD,1981,
South Sudan,SSD,1980,
South Sudan,SSD,1979,
South Sudan,SSD,1978,
South Sudan,SSD,1977,
South Sudan,SSD,1976,
South Sudan,SSD,1975,
South Sudan,SSD,1974,
South Sudan,SSD,1973,
South Sudan,SSD,1972,
South Sudan,SSD,1971,
South Sudan,SSD,1970,
South Sudan,SSD,1969,
South Sudan,SSD,1968,
South Sudan,SSD,1967,
South Sudan,SSD,1966,
South Sudan,SSD,1965,
South Sudan,SSD,1964,
South Sudan,SSD,1963,
South Sudan,SSD,1962,
South Sudan,SSD,1961,
South Sudan,SSD,1960,
Spain,ESP,2025,10.376
Spain,ESP,2024,11.4
Spain,ESP,2023,12.179
Spain,ESP,2022,13.033
Spain,ESP,2021,14.914
Spain,ESP,2020,15.532
Spain,ESP,2019,14.104
Spain,ESP,2018,15.255
Spain,ESP,2017,17.224
Spain,ESP,2016,19.635
Spain,ESP,2015,22.057
Spain,ESP,2014,24.441
Spain,ESP,2013,26.094
Spain,ESP,2012,24.789
Spain,ESP,2011,21.39
Spain,ESP,2010,19.86
Spain,ESP,2009,17.857
Spain,ESP,2008,11.254
Spain,ESP,2007,8.232
Spain,ESP,2006,8.452
Spain,ESP,2005,9.146
Spain,ESP,2004,11.09
Spain,ESP,2003,11.283
Spain,ESP,2002,11.146
Spain,ESP,2001,10.348
Spain,ESP,2000,13.785
Spain,ESP,1999,15.475
Spain,ESP,1998,18.673
Spain,ESP,1997,20.698
Spain,ESP,1996,22.142
Spain,ESP,1995,22.675
Spain,ESP,1994,24.209
Spain,ESP,1993,22.156
Spain,ESP,1992,17.697
Spain,ESP,1991,15.929
Spain,ESP,1990,
Spain,ESP,1989,
Spain,ESP,1988,
Spain,ESP,1987,
Spain,ESP,1986,
Spain,ESP,1985,
Spain,ESP,1984,
Spain,ESP,1983,
Spain,ESP,1982,
Spain,ESP,1981,
Spain,ESP,1980,
Spain,ESP,1979,
Spain,ESP,1978,
Spain,ESP,1977,
Spain,ESP,1976,
Spain,ESP,1975,
Spain,ESP,1974,
Spain,ESP,1973,
Spain,ESP,1972,
Spain,ESP,1971,
Spain,ESP,1970,
Spain,ESP,1969,
Spain,ESP,1968,
Spain,ESP,1967,
Spain,ESP,1966,
Spain,ESP,1965,
Spain,ESP,1964,
Spain,ESP,1963,
Spain,ESP,1962,
Spain,ESP,1961,
Spain,ESP,1960,
Sri Lanka,LKA,2025,4.005
Sri Lanka,LKA,2024,4.239
Sri Lanka,LKA,2023,4.528
Sri Lanka,LKA,2022,4.528
Sri Lanka,LKA,2021,4.981
Sri Lanka,LKA,2020,5.364
Sri Lanka,LKA,2019,4.67
Sri Lanka,LKA,2018,4.318
Sri Lanka,LKA,2017,4.046
Sri Lanka,LKA,2016,4.242
Sri Lanka,LKA,2015,4.519
Sri Lanka,LKA,2014,4.157
Sri Lanka,LKA,2013,4.186
Sri Lanka,LKA,2012,3.88
Sri Lanka,LKA,2011,4.118
Sri Lanka,LKA,2010,4.784
Sri Lanka,LKA,2009,5.85
Sri Lanka,LKA,2008,5.22
Sri Lanka,LKA,2007,5.97
Sri Lanka,LKA,2006,6.5
Sri Lanka,LKA,2005,7.67
Sri Lanka,LKA,2004,8.38
Sri Lanka,LKA,2003,8.22
Sri Lanka,LKA,2002,8.76
Sri Lanka,LKA,2001,7.9
Sri Lanka,LKA,2000,7.74
Sri Lanka,LKA,1999,8.88
Sri Lanka,LKA,1998,9.17
Sri Lanka,LKA,1997,10.6
Sri Lanka,LKA,1996,11.35
Sri Lanka,LKA,1995,12.27
Sri Lanka,LKA,1994,13.03
Sri Lanka,LKA,1993,13.82
Sri Lanka,LKA,1992,14.22
Sri Lanka,LKA,1991,14.661
Sri Lanka,LKA,1990,
Sri Lanka,LKA,1989,
Sri Lanka,LKA,1988,
Sri Lanka,LKA,1987,
Sri Lanka,LKA,1986,
Sri Lanka,LKA,1985,
Sri Lanka,LKA,1984,
Sri Lanka,LKA,1983,
Sri Lanka,LKA,1982,
Sri Lanka,LKA,1981,
Sri Lanka,LKA,1980,
Sri Lanka,LKA,1979,
Sri Lanka,LKA,1978,
Sri Lanka,LKA,1977,
Sri Lanka,LKA,1976,
Sri Lanka,LKA,1975,
Sri Lanka,LKA,1974,
Sri Lanka,LKA,1973,
Sri Lanka,LKA,1972,
Sri Lanka,LKA,1971,
Sri Lanka,LKA,1970,
Sri Lanka,LKA,1969,
Sri Lanka,LKA,1968,
Sri Lanka,LKA,1967,
Sri Lanka,LKA,1966,
Sri Lanka,LKA,1965,
Sri Lanka,LKA,1964,
Sri Lanka,LKA,1963,
Sri Lanka,LKA,1962,
Sri Lanka,LKA,1961,
Sri Lanka,LKA,1960,
St. Kitts and Nevis,KNA,2025,
St. Kitts and Nevis,KNA,2024,
St. Kitts and Nevis,KNA,2023,
St. Kitts and Nevis,KNA,2022,
St. Kitts and Nevis,KNA,2021,
St. Kitts and Nevis,KNA,2020,
St. Kitts and Nevis,KNA,2019,
St. Kitts and Nevis,KNA,2018,
St. Kitts and Nevis,KNA,2017,
St. Kitts and Nevis,KNA,2016,
St. Kitts and Nevis,KNA,2015,
St. Kitts and Nevis,KNA,2014,
St. Kitts and Nevis,KNA,2013,
St. Kitts and Nevis,KNA,2012,
St. Kitts and Nevis,KNA,2011,
St. Kitts and Nevis,KNA,2010,
St. Kitts and Nevis,KNA,2009,
St. Kitts and Nevis,KNA,2008,
St. Kitts and Nevis,KNA,2007,
St. Kitts and Nevis,KNA,2006,
St. Kitts and Nevis,KNA,2005,
St. Kitts and Nevis,KNA,2004,
St. Kitts and Nevis,KNA,2003,
St. Kitts and Nevis,KNA,2002,
St. Kitts and Nevis,KNA,2001,
St. Kitts and Nevis,KNA,2000,
St. Kitts and Nevis,KNA,1999,
St. Kitts and Nevis,KNA,1998,
St. Kitts and Nevis,KNA,1997,
St. Kitts and Nevis,KNA,1996,
St. Kitts and Nevis,KNA,1995,
St. Kitts and Nevis,KNA,1994,
St. Kitts and Nevis,KNA,1993,
St. Kitts and Nevis,KNA,1992,
St. Kitts and Nevis,KNA,1991,
St. Kitts and Nevis,KNA,1990,
St. Kitts and Nevis,KNA,1989,
St. Kitts and Nevis,KNA,1988,
St. Kitts and Nevis,KNA,1987,
St. Kitts and Nevis,KNA,1986,
St. Kitts and Nevis,KNA,1985,
St. Kitts and Nevis,KNA,1984,
St. Kitts and Nevis,KNA,1983,
St. Kitts and Nevis,KNA,1982,
St. Kitts and Nevis,KNA,1981,
St. Kitts and Nevis,KNA,1980,
St. Kitts and Nevis,KNA,1979,
St. Kitts and Nevis,KNA,1978,
St. Kitts and Nevis,KNA,1977,
St. Kitts and Nevis,KNA,1976,
St. Kitts and Nevis,KNA,1975,
St. Kitts and Nevis,KNA,1974,
St. Kitts and Nevis,KNA,1973,
St. Kitts and Nevis,KNA,1972,
St. Kitts and Nevis,KNA,1971,
St. Kitts and Nevis,KNA,1970,
St. Kitts and Nevis,KNA,1969,
St. Kitts and Nevis,KNA,1968,
St. Kitts and Nevis,KNA,1967,
St. Kitts and Nevis,KNA,1966,
St. Kitts and Nevis,KNA,1965,
St. Kitts and Nevis,KNA,1964,
St. Kitts and Nevis,KNA,1963,
St. Kitts and Nevis,KNA,1962,
St. Kitts and Nevis,KNA,1961,
St. Kitts and Nevis,KNA,1960,
St. Lucia,LCA,2025,9.452
St. Lucia,LCA,2024,10.199
St. Lucia,LCA,2023,12.094
St. Lucia,LCA,2022,15.934
St. Lucia,LCA,2021,20.514
St. Lucia,LCA,2020,25.224
St. Lucia,LCA,2019,15.613
St. Lucia,LCA,2018,19.329
St. Lucia,LCA,2017,19.136
St. Lucia,LCA,2016,19.932
St. Lucia,LCA,2015,20.84
St. Lucia,LCA,2014,21.583
St. Lucia,LCA,2013,22.21
St. Lucia,LCA,2012,19.06
St. Lucia,LCA,2011,18.86
St. Lucia,LCA,2010,17.118
St. Lucia,LCA,2009,15.37
St. Lucia,LCA,2008,12.72
St. Lucia,LCA,2007,14.0
St. Lucia,LCA,2006,16.0
St. Lucia,LCA,2005,18.7
St. Lucia,LCA,2004,20.97
St. Lucia,LCA,2003,22.18
St. Lucia,LCA,2002,20.39
St. Lucia,LCA,2001,18.538
St. Lucia,LCA,2000,16.49
St. Lucia,LCA,1999,18.09
St. Lucia,LCA,1998,21.6
St. Lucia,LCA,1997,20.47
St. Lucia,LCA,1996,16.33
St. Lucia,LCA,1995,15.83
St. Lucia,LCA,1994,17.0
St. Lucia,LCA,1993,16.8
St. Lucia,LCA,1992,16.549
St. Lucia,LCA,1991,16.521
St. Lucia,LCA,1990,
St. Lucia,LCA,1989,
St. Lucia,LCA,1988,
St. Lucia,LCA,1987,
St. Lucia,LCA,1986,
St. Lucia,LCA,1985,
St. Lucia,LCA,1984,
St. Lucia,LCA,1983,
St. Lucia,LCA,1982,
St. Lucia,LCA,1981,
St. Lucia,LCA,1980,
St. Lucia,LCA,1979,
St. Lucia,LCA,1978,
St. Lucia,LCA,1977,
St. Lucia,LCA,1976,
St. Lucia,LCA,1975,
St. Lucia,LCA,1974,
St. Lucia,LCA,1973,
St. Lucia,LCA,1972,
St. Lucia,LCA,1971,
St. Lucia,LCA,1970,
St. Lucia,LCA,1969,
St. Lucia,LCA,1968,
St. Lucia,LCA,1967,
St. Lucia,LCA,1966,
St. Lucia,LCA,1965,
St. Lucia,LCA,1964,
St. Lucia,LCA,1963,
St. Lucia,LCA,1962,
St. Lucia,LCA,1961,
St. Lucia,LCA,1960,
St. Martin (French part),MAF,2025,
St. Martin (French part),MAF,2024,
St. Martin (French part),MAF,2023,
St. Martin (French part),MAF,2022,
St. Martin (French part),MAF,2021,
St. Martin (French part),MAF,2020,
St. Martin (French part),MAF,2019,
St. Martin (French part),MAF,2018,
St. Martin (French part),MAF,2017,
St. Martin (French part),MAF,2016,
St. Martin (French part),MAF,2015,
St. Martin (French part),MAF,2014,
St. Martin (French part),MAF,2013,
St. Martin (French part),MAF,2012,
St. Martin (French part),MAF,2011,
St. Martin (French part),MAF,2010,
St. Martin (French part),MAF,2009,
St. Martin (French part),MAF,2008,
St. Martin (French part),MAF,2007,
St. Martin (French part),MAF,2006,
St. Martin (French part),MAF,2005,
St. Martin (French part),MAF,2004,
St. Martin (French part),MAF,2003,
St. Martin (French part),MAF,2002,
St. Martin (French part),MAF,2001,
St. Martin (French part),MAF,2000,
St. Martin (French part),MAF,1999,
St. Martin (French part),MAF,1998,
St. Martin (French part),MAF,1997,
St. Martin (French part),MAF,1996,
St. Martin (French part),MAF,1995,
St. Martin (French part),MAF,1994,
St. Martin (French part),MAF,1993,
St. Martin (French part),MAF,1992,
St. Martin (French part),MAF,1991,
St. Martin (French part),MAF,1990,
St. Martin (French part),MAF,1989,
St. Martin (French part),MAF,1988,
St. Martin (French part),MAF,1987,
St. Martin (French part),MAF,1986,
St. Martin (French part),MAF,1985,
St. Martin (French part),MAF,1984,
St. Martin (French part),MAF,1983,
St. Martin (French part),MAF,1982,
St. Martin (French part),MAF,1981,
St. Martin (French part),MAF,1980,
St. Martin (French part),MAF,1979,
St. Martin (French part),MAF,1978,
St. Martin (French part),MAF,1977,
St. Martin (French part),MAF,1976,
St. Martin (French part),MAF,1975,
St. Martin (French part),MAF,1974,
St. Martin (French part),MAF,1973,
St. Martin (French part),MAF,1972,
St. Martin (French part),MAF,1971,
St. Martin (French part),MAF,1970,
St. Martin (French part),MAF,1969,
St. Martin (French part),MAF,1968,
St. Martin (French part),MAF,1967,
St. Martin (French part),MAF,1966,
St. Martin (French part),MAF,1965,
St. Martin (French part),MAF,1964,
St. Martin (French part),MAF,1963,
St. Martin (French part),MAF,1962,
St. Martin (French part),MAF,1961,
St. Martin (French part),MAF,1960,
St. Vincent and the Grenadines,VCT,2025,18.003
St. Vincent and the Grenadines,VCT,2024,18.093
St. Vincent and the Grenadines,VCT,2023,18.348
St. Vincent and the Grenadines,VCT,2022,19.277
St. Vincent and the Grenadines,VCT,2021,20.356
St. Vincent and the Grenadines,VCT,2020,20.635
St. Vincent and the Grenadines,VCT,2019,19.248
St. Vincent and the Grenadines,VCT,2018,19.005
St. Vincent and the Grenadines,VCT,2017,19.024
St. Vincent and the Grenadines,VCT,2016,19.029
St. Vincent and the Grenadines,VCT,2015,19.135
St. Vincent and the Grenadines,VCT,2014,19.237
St. Vincent and the Grenadines,VCT,2013,19.356
St. Vincent and the Grenadines,VCT,2012,19.833
St. Vincent and the Grenadines,VCT,2011,20.006
St. Vincent and the Grenadines,VCT,2010,19.924
St. Vincent and the Grenadines,VCT,2009,19.365
St. Vincent and the Grenadines,VCT,2008,18.79
St. Vincent and the Grenadines,VCT,2007,18.934
St. Vincent and the Grenadines,VCT,2006,19.162
St. Vincent and the Grenadines,VCT,2005,19.461
St. Vincent and the Grenadines,VCT,2004,19.545
St. Vincent and the Grenadines,VCT,2003,19.985
St. Vincent and the Grenadines,VCT,2002,20.623
St. Vincent and the Grenadines,VCT,2001,21.1
St. Vincent and the Grenadines,VCT,2000,20.8
St. Vincent and the Grenadines,VCT,1999,20.542
St. Vincent and the Grenadines,VCT,1998,20.521
St. Vincent and the Grenadines,VCT,1997,20.133
St. Vincent and the Grenadines,VCT,1996,20.343
St. Vincent and the Grenadines,VCT,1995,20.005
St. Vincent and the Grenadines,VCT,1994,19.974
St. Vincent and the Grenadines,VCT,1993,19.681
St. Vincent and the Grenadines,VCT,1992,19.558
St. Vincent and the Grenadines,VCT,1991,19.77
St. Vincent and the Grenadines,VCT,1990,
St. Vincent and the Grenadines,VCT,1989,
St. Vincent and the Grenadines,VCT,1988,
St. Vincent and the Grenadines,VCT,1987,
St. Vincent and the Grenadines,VCT,1986,
St. Vincent and the Grenadines,VCT,1985,
St. Vincent and the Grenadines,VCT,1984,
St. Vincent and the Grenadines,VCT,1983,
St. Vincent and the Grenadines,VCT,1982,
St. Vincent and the Grenadines,VCT,1981,
St. Vincent and the Grenadines,VCT,1980,
St. Vincent and the Grenadines,VCT,1979,
St. Vincent and the Grenadines,VCT,1978,
St. Vincent and the Grenadines,VCT,1977,
St. Vincent and the Grenadines,VCT,1976,
St. Vincent and the Grenadines,VCT,1975,
St. Vincent and the Grenadines,VCT,1974,
St. Vincent and the Grenadines,VCT,1973,
St. Vincent and the Grenadines,VCT,1972,
St. Vincent and the Grenadines,VCT,1971,
St. Vincent and the Grenadines,VCT,1970,
St. Vincent and the Grenadines,VCT,1969,
St. Vincent and the Grenadines,VCT,1968,
St. Vincent and the Grenadines,VCT,1967,
St. Vincent and the Grenadines,VCT,1966,
St. Vincent and the Grenadines,VCT,1965,
St. Vincent and the Grenadines,VCT,1964,
St. Vincent and the Grenadines,VCT,1963,
St. Vincent and the Grenadines,VCT,1962,
St. Vincent and the Grenadines,VCT,1961,
St. Vincent and the Grenadines,VCT,1960,
Sudan,SDN,2025,
Sudan,SDN,2024,
Sudan,SDN,2023,
Sudan,SDN,2022,7.53
Sudan,SDN,2021,11.087
Sudan,SDN,2020,11.995
Sudan,SDN,2019,11.697
Sudan,SDN,2018,12.347
Sudan,SDN,2017,13.0
Sudan,SDN,2016,13.656
Sudan,SDN,2015,14.39
Sudan,SDN,2014,15.41
Sudan,SDN,2013,16.273
Sudan,SDN,2012,16.973
Sudan,SDN,2011,17.44
Sudan,SDN,2010,15.168
Sudan,SDN,2009,13.0
Sudan,SDN,2008,15.566
Sudan,SDN,2007,15.534
Sudan,SDN,2006,15.542
Sudan,SDN,2005,15.545
Sudan,SDN,2004,15.538
Sudan,SDN,2003,15.515
Sudan,SDN,2002,15.514
Sudan,SDN,2001,15.56
Sudan,SDN,2000,15.595
Sudan,SDN,1999,15.399
Sudan,SDN,1998,15.352
Sudan,SDN,1997,15.324
Sudan,SDN,1996,15.605
Sudan,SDN,1995,15.627
Sudan,SDN,1994,15.617
Sudan,SDN,1993,15.51
Sudan,SDN,1992,15.668
Sudan,SDN,1991,15.619
Sudan,SDN,1990,
Sudan,SDN,1989,
Sudan,SDN,1988,
Sudan,SDN,1987,
Sudan,SDN,1986,
Sudan,SDN,1985,
Sudan,SDN,1984,
Sudan,SDN,1983,
Sudan,SDN,1982,
Sudan,SDN,1981,
Sudan,SDN,1980,
Sudan,SDN,1979,
Sudan,SDN,1978,
Sudan,SDN,1977,
Sudan,SDN,1976,
Sudan,SDN,1975,
Sudan,SDN,1974,
Sudan,SDN,1973,
Sudan,SDN,1972,
Sudan,SDN,1971,
Sudan,SDN,1970,
Sudan,SDN,1969,
Sudan,SDN,1968,
Sudan,SDN,1967,
Sudan,SDN,1966,
Sudan,SDN,1965,
Sudan,SDN,1964,
Sudan,SDN,1963,
Sudan,SDN,1962,
Sudan,SDN,1961,
Sudan,SDN,1960,
Suriname,SUR,2025,7.834
Suriname,SUR,2024,7.621
Suriname,SUR,2023,7.699
Suriname,SUR,2022,7.973
Suriname,SUR,2021,8.706
Suriname,SUR,2020,8.973
Suriname,SUR,2019,7.755
Suriname,SUR,2018,7.817
Suriname,SUR,2017,7.905
Suriname,SUR,2016,7.917
Suriname,SUR,2015,7.22
Suriname,SUR,2014,6.94
Suriname,SUR,2013,6.6
Suriname,SUR,2012,8.1
Suriname,SUR,2011,7.54
Suriname,SUR,2010,7.15
Suriname,SUR,2009,8.72
Suriname,SUR,2008,8.854
Suriname,SUR,2007,9.017
Suriname,SUR,2006,9.142
Suriname,SUR,2005,9.302
Suriname,SUR,2004,9.49
Suriname,SUR,2003,10.336
Suriname,SUR,2002,11.187
Suriname,SUR,2001,12.047
Suriname,SUR,2000,12.873
Suriname,SUR,1999,13.6
Suriname,SUR,1998,10.63
Suriname,SUR,1997,10.56
Suriname,SUR,1996,10.88
Suriname,SUR,1995,8.39
Suriname,SUR,1994,12.7
Suriname,SUR,1993,15.64
Suriname,SUR,1992,17.28
Suriname,SUR,1991,17.189
Suriname,SUR,1990,
Suriname,SUR,1989,
Suriname,SUR,1988,
Suriname,SUR,1987,
Suriname,SUR,1986,
Suriname,SUR,1985,
Suriname,SUR,1984,
Suriname,SUR,1983,
Suriname,SUR,1982,
Suriname,SUR,1981,
Suriname,SUR,1980,
Suriname,SUR,1979,
Suriname,SUR,1978,
Suriname,SUR,1977,
Suriname,SUR,1976,
Suriname,SUR,1975,
Suriname,SUR,1974,
Suriname,SUR,1973,
Suriname,SUR,1972,
Suriname,SUR,1971,
Suriname,SUR,1970,
Suriname,SUR,1969,
Suriname,SUR,1968,
Suriname,SUR,1967,
Suriname,SUR,1966,
Suriname,SUR,1965,
Suriname,SUR,1964,
Suriname,SUR,1963,
Suriname,SUR,1962,
Suriname,SUR,1961,
Suriname,SUR,1960,
Sweden,SWE,2025,8.694
Sweden,SWE,2024,8.4
Sweden,SWE,2023,7.611
Sweden,SWE,2022,7.417
Sweden,SWE,2021,8.803
Sweden,SWE,2020,8.291
Sweden,SWE,2019,6.833
Sweden,SWE,2018,6.365
Sweden,SWE,2017,6.718
Sweden,SWE,2016,6.99
Sweden,SWE,2015,7.432
Sweden,SWE,2014,7.954
Sweden,SWE,2013,8.052
Sweden,SWE,2012,7.976
Sweden,SWE,2011,7.804
Sweden,SWE,2010,8.61
Sweden,SWE,2009,8.351
Sweden,SWE,2008,6.235
Sweden,SWE,2007,6.161
Sweden,SWE,2006,7.066
Sweden,SWE,2005,7.81
Sweden,SWE,2004,6.693
Sweden,SWE,2003,5.555
Sweden,SWE,2002,4.965
Sweden,SWE,2001,4.73
Sweden,SWE,2000,5.466
Sweden,SWE,1999,7.607
Sweden,SWE,1998,8.941
Sweden,SWE,1997,10.359
Sweden,SWE,1996,9.547
Sweden,SWE,1995,8.897
Sweden,SWE,1994,9.58
Sweden,SWE,1993,9.33
Sweden,SWE,1992,5.722
Sweden,SWE,1991,3.243
Sweden,SWE,1990,
Sweden,SWE,1989,
Sweden,SWE,1988,
Sweden,SWE,1987,
Sweden,SWE,1986,
Sweden,SWE,1985,
Sweden,SWE,1984,
Sweden,SWE,1983,
Sweden,SWE,1982,
Sweden,SWE,1981,
Sweden,SWE,1980,
Sweden,SWE,1979,
Sweden,SWE,1978,
Sweden,SWE,1977,
Sweden,SWE,1976,
Sweden,SWE,1975,
Sweden,SWE,1974,
Sweden,SWE,1973,
Sweden,SWE,1972,
Sweden,SWE,1971,
Sweden,SWE,1970,
Sweden,SWE,1969,
Sweden,SWE,1968,
Sweden,SWE,1967,
Sweden,SWE,1966,
Sweden,SWE,1965,
Sweden,SWE,1964,
Sweden,SWE,1963,
Sweden,SWE,1962,
Sweden,SWE,1961,
Sweden,SWE,1960,
Switzerland,CHE,2025,4.873
Switzerland,CHE,2024,4.343
Switzerland,CHE,2023,4.043
Switzerland,CHE,2022,4.122
Switzerland,CHE,2021,5.013
Switzerland,CHE,2020,4.817
Switzerland,CHE,2019,4.394
Switzerland,CHE,2018,4.713
Switzerland,CHE,2017,4.797
Switzerland,CHE,2016,4.918
Switzerland,CHE,2015,4.801
Switzerland,CHE,2014,4.826
Switzerland,CHE,2013,4.747
Switzerland,CHE,2012,4.491
Switzerland,CHE,2011,4.409
Switzerland,CHE,2010,4.808
Switzerland,CHE,2009,4.109
Switzerland,CHE,2008,3.35
Switzerland,CHE,2007,3.641
Switzerland,CHE,2006,3.995
Switzerland,CHE,2005,4.437
Switzerland,CHE,2004,4.316
Switzerland,CHE,2003,4.117
Switzerland,CHE,2002,2.924
Switzerland,CHE,2001,2.49
Switzerland,CHE,2000,2.658
Switzerland,CHE,1999,3.053
Switzerland,CHE,1998,3.568
Switzerland,CHE,1997,4.127
Switzerland,CHE,1996,3.684
Switzerland,CHE,1995,3.094
Switzerland,CHE,1994,3.58
Switzerland,CHE,1993,3.551
Switzerland,CHE,1992,2.344
Switzerland,CHE,1991,1.818
Switzerland,CHE,1990,
Switzerland,CHE,1989,
Switzerland,CHE,1988,
Switzerland,CHE,1987,
Switzerland,CHE,1986,
Switzerland,CHE,1985,
Switzerland,CHE,1984,
Switzerland,CHE,1983,
Switzerland,CHE,1982,
Switzerland,CHE,1981,
Switzerland,CHE,1980,
Switzerland,CHE,1979,
Switzerland,CHE,1978,
Switzerland,CHE,1977,
Switzerland,CHE,1976,
Switzerland,CHE,1975,
Switzerland,CHE,1974,
Switzerland,CHE,1973,
Switzerland,CHE,1972,
Switzerland,CHE,1971,
Switzerland,CHE,1970,
Switzerland,CHE,1969,
Switzerland,CHE,1968,
Switzerland,CHE,1967,
Switzerland,CHE,1966,
Switzerland,CHE,1965,
Switzerland,CHE,1964,
Switzerland,CHE,1963,
Switzerland,CHE,1962,
Switzerland,CHE,1961,
Switzerland,CHE,1960,
Syrian Arab Republic,SYR,2025,13.569
Syrian Arab Republic,SYR,2024,13.359
Syrian Arab Republic,SYR,2023,13.27
Syrian Arab Republic,SYR,2022,13.245
Syrian Arab Republic,SYR,2021,14.887
Syrian Arab Republic,SYR,2020,15.179
Syrian Arab Republic,SYR,2019,13.369
Syrian Arab Republic,SYR,2018,13.505
Syrian Arab Republic,SYR,2017,13.603
Syrian Arab Republic,SYR,2016,13.798
Syrian Arab Republic,SYR,2015,14.244
Syrian Arab Republic,SYR,2014,14.782
Syrian Arab Republic,SYR,2013,14.5
Syrian Arab Republic,SYR,2012,13.8
Syrian Arab Republic,SYR,2011,8.626
Syrian Arab Republic,SYR,2010,8.61
Syrian Arab Republic,SYR,2009,8.14
Syrian Arab Republic,SYR,2008,10.94
Syrian Arab Republic,SYR,2007,8.42
Syrian Arab Republic,SYR,2006,8.17
Syrian Arab Republic,SYR,2005,8.81
Syrian Arab Republic,SYR,2004,9.513
Syrian Arab Republic,SYR,2003,10.28
Syrian Arab Republic,SYR,2002,10.94
Syrian Arab Republic,SYR,2001,11.63
Syrian Arab Republic,SYR,2000,9.587
Syrian Arab Republic,SYR,1999,7.6
Syrian Arab Republic,SYR,1998,7.376
Syrian Arab Republic,SYR,1997,7.31
Syrian Arab Republic,SYR,1996,7.221
Syrian Arab Republic,SYR,1995,7.2
Syrian Arab Republic,SYR,1994,7.5
Syrian Arab Republic,SYR,1993,7.4
Syrian Arab Republic,SYR,1992,6.949
Syrian Arab Republic,SYR,1991,6.75
Syrian Arab Republic,SYR,1990,
Syrian Arab Republic,SYR,1989,
Syrian Arab Republic,SYR,1988,
Syrian Arab Republic,SYR,1987,
Syrian Arab Republic,SYR,1986,
Syrian Arab Republic,SYR,1985,
Syrian Arab Republic,SYR,1984,
Syrian Arab Republic,SYR,1983,
Syrian Arab Republic,SYR,1982,
Syrian Arab Republic,SYR,1981,
Syrian Arab Republic,SYR,1980,
Syrian Arab Republic,SYR,1979,
Syrian Arab Republic,SYR,1978,
Syrian Arab Republic,SYR,1977,
Syrian Arab Republic,SYR,1976,
Syrian Arab Republic,SYR,1975,
Syrian Arab Republic,SYR,1974,
Syrian Arab Republic,SYR,1973,
Syrian Arab Republic,SYR,1972,
Syrian Arab Republic,SYR,1971,
Syrian Arab Republic,SYR,1970,
Syrian Arab Republic,SYR,1969,
Syrian Arab Republic,SYR,1968,
Syrian Arab Republic,SYR,1967,
Syrian Arab Republic,SYR,1966,
Syrian Arab Republic,SYR,1965,
Syrian Arab Republic,SYR,1964,
Syrian Arab Republic,SYR,1963,
Syrian Arab Republic,SYR,1962,
Syrian Arab Republic,SYR,1961,
Syrian Arab Republic,SYR,1960,
Tajikistan,TJK,2025,6.931
Tajikistan,TJK,2024,7.041
Tajikistan,TJK,2023,7.037
Tajikistan,TJK,2022,7.051
Tajikistan,TJK,2021,7.687
Tajikistan,TJK,2020,7.576
Tajikistan,TJK,2019,7.026
Tajikistan,TJK,2018,7.028
Tajikistan,TJK,2017,7.035
Tajikistan,TJK,2016,7.036
Tajikistan,TJK,2015,7.033
Tajikistan,TJK,2014,7.024
Tajikistan,TJK,2013,7.019
Tajikistan,TJK,2012,7.022
Tajikistan,TJK,2011,7.04
Tajikistan,TJK,2010,7.037
Tajikistan,TJK,2009,7.028
Tajikistan,TJK,2008,4.942
Tajikistan,TJK,2007,2.874
Tajikistan,TJK,2006,3.65
Tajikistan,TJK,2005,3.45
Tajikistan,TJK,2004,3.45
Tajikistan,TJK,2003,3.85
Tajikistan,TJK,2002,3.95
Tajikistan,TJK,2001,3.75
Tajikistan,TJK,2000,4.15
Tajikistan,TJK,1999,4.45
Tajikistan,TJK,1998,4.65
Tajikistan,TJK,1997,4.15
Tajikistan,TJK,1996,4.05
Tajikistan,TJK,1995,3.45
Tajikistan,TJK,1994,3.15
Tajikistan,TJK,1993,2.65
Tajikistan,TJK,1992,1.85
Tajikistan,TJK,1991,1.823
Tajikistan,TJK,1990,
Tajikistan,TJK,1989,
Tajikistan,TJK,1988,
Tajikistan,TJK,1987,
Tajikistan,TJK,1986,
Tajikistan,TJK,1985,
Tajikistan,TJK,1984,
Tajikistan,TJK,1983,
Tajikistan,TJK,1982,
Tajikistan,TJK,1981,
Tajikistan,TJK,1980,
Tajikistan,TJK,1979,
Tajikistan,TJK,1978,
Tajikistan,TJK,1977,
Tajikistan,TJK,1976,
Tajikistan,TJK,1975,
Tajikistan,TJK,1974,
Tajikistan,TJK,1973,
Tajikistan,TJK,1972,
Tajikistan,TJK,1971,
Tajikistan,TJK,1970,
Tajikistan,TJK,1969,
Tajikistan,TJK,1968,
Tajikistan,TJK,1967,
Tajikistan,TJK,1966,
Tajikistan,TJK,1965,
Tajikistan,TJK,1964,
Tajikistan,TJK,1963,
Tajikistan,TJK,1962,
Tajikistan,TJK,1961,
Tajikistan,TJK,1960,
Tanzania,TZA,2025,1.572
Tanzania,TZA,2024,1.557
Tanzania,TZA,2023,1.565
Tanzania,TZA,2022,1.573
Tanzania,TZA,2021,1.876
Tanzania,TZA,2020,1.792
Tanzania,TZA,2019,1.735
Tanzania,TZA,2018,1.792
Tanzania,TZA,2017,1.854
Tanzania,TZA,2016,1.931
Tanzania,TZA,2015,2.009
Tanzania,TZA,2014,2.125
Tanzania,TZA,2013,2.93
Tanzania,TZA,2012,3.223
Tanzania,TZA,2011,3.47
Tanzania,TZA,2010,3.03
Tanzania,TZA,2009,2.5
Tanzania,TZA,2008,2.775
Tanzania,TZA,2007,3.023
Tanzania,TZA,2006,3.299
Tanzania,TZA,2005,3.193
Tanzania,TZA,2004,3.105
Tanzania,TZA,2003,3.053
Tanzania,TZA,2002,3.023
Tanzania,TZA,2001,2.994
Tanzania,TZA,2000,3.129
Tanzania,TZA,1999,3.219
Tanzania,TZA,1998,3.283
Tanzania,TZA,1997,3.342
Tanzania,TZA,1996,3.475
Tanzania,TZA,1995,3.672
Tanzania,TZA,1994,3.861
Tanzania,TZA,1993,3.892
Tanzania,TZA,1992,3.683
Tanzania,TZA,1991,3.6
Tanzania,TZA,1990,
Tanzania,TZA,1989,
Tanzania,TZA,1988,
Tanzania,TZA,1987,
Tanzania,TZA,1986,
Tanzania,TZA,1985,
Tanzania,TZA,1984,
Tanzania,TZA,1983,
Tanzania,TZA,1982,
Tanzania,TZA,1981,
Tanzania,TZA,1980,
Tanzania,TZA,1979,
Tanzania,TZA,1978,
Tanzania,TZA,1977,
Tanzania,TZA,1976,
Tanzania,TZA,1975,
Tanzania,TZA,1974,
Tanzania,TZA,1973,
Tanzania,TZA,1972,
Tanzania,TZA,1971,
Tanzania,TZA,1970,
Tanzania,TZA,1969,
Tanzania,TZA,1968,
Tanzania,TZA,1967,
Tanzania,TZA,1966,
Tanzania,TZA,1965,
Tanzania,TZA,1964,
Tanzania,TZA,1963,
Tanzania,TZA,1962,
Tanzania,TZA,1961,
Tanzania,TZA,1960,
Thailand,THA,2025,0.781
Thailand,THA,2024,0.781
Thailand,THA,2023,0.733
Thailand,THA,2022,0.94
Thailand,THA,2021,1.215
Thailand,THA,2020,1.099
Thailand,THA,2019,0.716
Thailand,THA,2018,0.765
Thailand,THA,2017,0.83
Thailand,THA,2016,0.688
Thailand,THA,2015,0.597
Thailand,THA,2014,0.576
Thailand,THA,2013,0.249
Thailand,THA,2012,0.58
Thailand,THA,2011,0.66
Thailand,THA,2010,0.622
Thailand,THA,2009,1.49
Thailand,THA,2008,1.18
Thailand,THA,2007,1.18
Thailand,THA,2006,1.22
Thailand,THA,2005,1.35
Thailand,THA,2004,1.51
Thailand,THA,2003,1.54
Thailand,THA,2002,1.82
Thailand,THA,2001,2.6
Thailand,THA,2000,2.389
Thailand,THA,1999,2.968
Thailand,THA,1998,3.404
Thailand,THA,1997,0.873
Thailand,THA,1996,1.071
Thailand,THA,1995,1.1
Thailand,THA,1994,1.347
Thailand,THA,1993,1.49
Thailand,THA,1992,1.35
Thailand,THA,1991,2.63
Thailand,THA,1990,
Thailand,THA,1989,
Thailand,THA,1988,
Thailand,THA,1987,
Thailand,THA,1986,
Thailand,THA,1985,
Thailand,THA,1984,
Thailand,THA,1983,
Thailand,THA,1982,
Thailand,THA,1981,
Thailand,THA,1980,
Thailand,THA,1979,
Thailand,THA,1978,
Thailand,THA,1977,
Thailand,THA,1976,
Thailand,THA,1975,
Thailand,THA,1974,
Thailand,THA,1973,
Thailand,THA,1972,
Thailand,THA,1971,
Thailand,THA,1970,
Thailand,THA,1969,
Thailand,THA,1968,
Thailand,THA,1967,
Thailand,THA,1966,
Thailand,THA,1965,
Thailand,THA,1964,
Thailand,THA,1963,
Thailand,THA,1962,
Thailand,THA,1961,
Thailand,THA,1960,
Timor-Leste,TLS,2025,1.592
Timor-Leste,TLS,2024,1.523
Timor-Leste,TLS,2023,1.525
Timor-Leste,TLS,2022,1.537
Timor-Leste,TLS,2021,2.344
Timor-Leste,TLS,2020,2.808
Timor-Leste,TLS,2019,3.148
Timor-Leste,TLS,2018,3.765
Timor-Leste,TLS,2017,4.254
Timor-Leste,TLS,2016,4.657
Timor-Leste,TLS,2015,3.678
Timor-Leste,TLS,2014,3.618
Timor-Leste,TLS,2013,3.57
Timor-Leste,TLS,2012,3.47
Timor-Leste,TLS,2011,3.385
Timor-Leste,TLS,2010,3.301
Timor-Leste,TLS,2009,3.289
Timor-Leste,TLS,2008,3.434
Timor-Leste,TLS,2007,3.523
Timor-Leste,TLS,2006,3.634
Timor-Leste,TLS,2005,3.611
Timor-Leste,TLS,2004,3.668
Timor-Leste,TLS,2003,3.54
Timor-Leste,TLS,2002,3.371
Timor-Leste,TLS,2001,3.386
Timor-Leste,TLS,2000,3.529
Timor-Leste,TLS,1999,3.633
Timor-Leste,TLS,1998,3.5
Timor-Leste,TLS,1997,3.406
Timor-Leste,TLS,1996,3.372
Timor-Leste,TLS,1995,3.348
Timor-Leste,TLS,1994,3.309
Timor-Leste,TLS,1993,3.273
Timor-Leste,TLS,1992,3.36
Timor-Leste,TLS,1991,3.453
Timor-Leste,TLS,1990,
Timor-Leste,TLS,1989,
Timor-Leste,TLS,1988,
Timor-Leste,TLS,1987,
Timor-Leste,TLS,1986,
Timor-Leste,TLS,1985,
Timor-Leste,TLS,1984,
Timor-Leste,TLS,1983,
Timor-Leste,TLS,1982,
Timor-Leste,TLS,1981,
Timor-Leste,TLS,1980,
Timor-Leste,TLS,1979,
Timor-Leste,TLS,1978,
Timor-Leste,TLS,1977,
Timor-Leste,TLS,1976,
Timor-Leste,TLS,1975,
Timor-Leste,TLS,1974,
Timor-Leste,TLS,1973,
Timor-Leste,TLS,1972,
Timor-Leste,TLS,1971,
Timor-Leste,TLS,1970,
Timor-Leste,TLS,1969,
Timor-Leste,TLS,1968,
Timor-Leste,TLS,1967,
Timor-Leste,TLS,1966,
Timor-Leste,TLS,1965,
Timor-Leste,TLS,1964,
Timor-Leste,TLS,1963,
Timor-Leste,TLS,1962,
Timor-Leste,TLS,1961,
Timor-Leste,TLS,1960,
Togo,TGO,2025,1.995
Togo,TGO,2024,1.948
Togo,TGO,2023,1.942
Togo,TGO,2022,1.965
Togo,TGO,2021,2.344
Togo,TGO,2020,2.231
Togo,TGO,2019,2.036
Togo,TGO,2018,2.9
Togo,TGO,2017,3.744
Togo,TGO,2016,2.968
Togo,TGO,2015,2.204
Togo,TGO,2014,2.141
Togo,TGO,2013,2.084
Togo,TGO,2012,2.029
Togo,TGO,2011,1.982
Togo,TGO,2010,2.379
Togo,TGO,2009,2.847
Togo,TGO,2008,3.279
Togo,TGO,2007,3.822
Togo,TGO,2006,4.229
Togo,TGO,2005,4.149
Togo,TGO,2004,3.992
Togo,TGO,2003,3.957
Togo,TGO,2002,4.087
Togo,TGO,2001,4.108
Togo,TGO,2000,4.162
Togo,TGO,1999,3.889
Togo,TGO,1998,3.78
Togo,TGO,1997,3.618
Togo,TGO,1996,3.606
Togo,TGO,1995,3.99
Togo,TGO,1994,4.201
Togo,TGO,1993,4.507
Togo,TGO,1992,4.209
Togo,TGO,1991,4.057
Togo,TGO,1990,
Togo,TGO,1989,
Togo,TGO,1988,
Togo,TGO,1987,
Togo,TGO,1986,
Togo,TGO,1985,
Togo,TGO,1984,
Togo,TGO,1983,
Togo,TGO,1982,
Togo,TGO,1981,
Togo,TGO,1980,
Togo,TGO,1979,
Togo,TGO,1978,
Togo,TGO,1977,
Togo,TGO,1976,
Togo,TGO,1975,
Togo,TGO,1974,
Togo,TGO,1973,
Togo,TGO,1972,
Togo,TGO,1971,
Togo,TGO,1970,
Togo,TGO,1969,
Togo,TGO,1968,
Togo,TGO,1967,
Togo,TGO,1966,
Togo,TGO,1965,
Togo,TGO,1964,
Togo,TGO,1963,
Togo,TGO,1962,
Togo,TGO,1961,
Togo,TGO,1960,
Tonga,TON,2025,2.008
Tonga,TON,2024,1.965
Tonga,TON,2023,1.652
Tonga,TON,2022,2.002
Tonga,TON,2021,2.111
Tonga,TON,2020,2.712
Tonga,TON,2019,2.165
Tonga,TON,2018,2.248
Tonga,TON,2017,2.137
Tonga,TON,2016,2.048
Tonga,TON,2015,2.022
Tonga,TON,2014,1.914
Tonga,TON,2013,1.75
Tonga,TON,2012,1.638
Tonga,TON,2011,1.594
Tonga,TON,2010,1.501
Tonga,TON,2009,1.419
Tonga,TON,2008,1.279
Tonga,TON,2007,1.21
Tonga,TON,2006,1.09
Tonga,TON,2005,2.542
Tonga,TON,2004,3.878
Tonga,TON,2003,5.18
Tonga,TON,2002,4.683
Tonga,TON,2001,4.368
Tonga,TON,2000,3.966
Tonga,TON,1999,3.69
Tonga,TON,1998,3.348
Tonga,TON,1997,2.877
Tonga,TON,1996,2.404
Tonga,TON,1995,1.987
Tonga,TON,1994,1.688
Tonga,TON,1993,1.3
Tonga,TON,1992,1.349
Tonga,TON,1991,1.348
Tonga,TON,1990,
Tonga,TON,1989,
Tonga,TON,1988,
Tonga,TON,1987,
Tonga,TON,1986,
Tonga,TON,1985,
Tonga,TON,1984,
Tonga,TON,1983,
Tonga,TON,1982,
Tonga,TON,1981,
Tonga,TON,1980,
Tonga,TON,1979,
Tonga,TON,1978,
Tonga,TON,1977,
Tonga,TON,1976,
Tonga,TON,1975,
Tonga,TON,1974,
Tonga,TON,1973,
Tonga,TON,1972,
Tonga,TON,1971,
Tonga,TON,1970,
Tonga,TON,1969,
Tonga,TON,1968,
Tonga,TON,1967,
Tonga,TON,1966,
Tonga,TON,1965,
Tonga,TON,1964,
Tonga,TON,1963,
Tonga,TON,1962,
Tonga,TON,1961,
Tonga,TON,1960,
Trinidad and Tobago,TTO,2025,3.329
Trinidad and Tobago,TTO,2024,3.318
Trinidad and Tobago,TTO,2023,3.361
Trinidad and Tobago,TTO,2022,4.383
Trinidad and Tobago,TTO,2021,4.446
Trinidad and Tobago,TTO,2020,4.206
Trinidad and Tobago,TTO,2019,3.523
Trinidad and Tobago,TTO,2018,3.497
Trinidad and Tobago,TTO,2017,3.389
Trinidad and Tobago,TTO,2016,3.207
Trinidad and Tobago,TTO,2015,2.428
Trinidad and Tobago,TTO,2014,2.477
Trinidad and Tobago,TTO,2013,2.683
Trinidad and Tobago,TTO,2012,3.718
Trinidad and Tobago,TTO,2011,3.425
Trinidad and Tobago,TTO,2010,4.033
Trinidad and Tobago,TTO,2009,5.28
Trinidad and Tobago,TTO,2008,4.63
Trinidad and Tobago,TTO,2007,5.54
Trinidad and Tobago,TTO,2006,6.27
Trinidad and Tobago,TTO,2005,7.95
Trinidad and Tobago,TTO,2004,8.33
Trinidad and Tobago,TTO,2003,10.48
Trinidad and Tobago,TTO,2002,10.39
Trinidad and Tobago,TTO,2001,10.88
Trinidad and Tobago,TTO,2000,12.1
Trinidad and Tobago,TTO,1999,13.12
Trinidad and Tobago,TTO,1998,14.21
Trinidad and Tobago,TTO,1997,15.01
Trinidad and Tobago,TTO,1996,16.25
Trinidad and Tobago,TTO,1995,17.22
Trinidad and Tobago,TTO,1994,18.44
Trinidad and Tobago,TTO,1993,19.81
Trinidad and Tobago,TTO,1992,19.66
Trinidad and Tobago,TTO,1991,18.52
Trinidad and Tobago,TTO,1990,
Trinidad and Tobago,TTO,1989,
Trinidad and Tobago,TTO,1988,
Trinidad and Tobago,TTO,1987,
Trinidad and Tobago,TTO,1986,
Trinidad and Tobago,TTO,1985,
Trinidad and Tobago,TTO,1984,
Trinidad and Tobago,TTO,1983,
Trinidad and Tobago,TTO,1982,
Trinidad and Tobago,TTO,1981,
Trinidad and Tobago,TTO,1980,
Trinidad and Tobago,TTO,1979,
Trinidad and Tobago,TTO,1978,
Trinidad and Tobago,TTO,1977,
Trinidad and Tobago,TTO,1976,
Trinidad and Tobago,TTO,1975,
Trinidad and Tobago,TTO,1974,
Trinidad and Tobago,TTO,1973,
Trinidad and Tobago,TTO,1972,
Trinidad and Tobago,TTO,1971,
Trinidad and Tobago,TTO,1970,
Trinidad and Tobago,TTO,1969,
Trinidad and Tobago,TTO,1968,
Trinidad and Tobago,TTO,1967,
Trinidad and Tobago,TTO,1966,
Trinidad and Tobago,TTO,1965,
Trinidad and Tobago,TTO,1964,
Trinidad and Tobago,TTO,1963,
Trinidad and Tobago,TTO,1962,
Trinidad and Tobago,TTO,1961,
Trinidad and Tobago,TTO,1960,
Tunisia,TUN,2025,15.108
Tunisia,TUN,2024,15.341
Tunisia,TUN,2023,15.106
Tunisia,TUN,2022,15.3
Tunisia,TUN,2021,16.632
Tunisia,TUN,2020,17.651
Tunisia,TUN,2019,17.153
Tunisia,TUN,2018,15.459
Tunisia,TUN,2017,15.33
Tunisia,TUN,2016,15.557
Tunisia,TUN,2015,15.159
Tunisia,TUN,2014,14.259
Tunisia,TUN,2013,15.934
Tunisia,TUN,2012,17.63
Tunisia,TUN,2011,18.334
Tunisia,TUN,2010,13.049
Tunisia,TUN,2009,13.29
Tunisia,TUN,2008,12.444
Tunisia,TUN,2007,12.365
Tunisia,TUN,2006,12.51
Tunisia,TUN,2005,12.872
Tunisia,TUN,2004,14.23
Tunisia,TUN,2003,14.51
Tunisia,TUN,2002,14.55
Tunisia,TUN,2001,14.4
Tunisia,TUN,2000,14.94
Tunisia,TUN,1999,15.21
Tunisia,TUN,1998,15.473
Tunisia,TUN,1997,15.94
Tunisia,TUN,1996,16.061
Tunisia,TUN,1995,16.348
Tunisia,TUN,1994,16.006
Tunisia,TUN,1993,15.948
Tunisia,TUN,1992,15.598
Tunisia,TUN,1991,15.935
Tunisia,TUN,1990,
Tunisia,TUN,1989,
Tunisia,TUN,1988,
Tunisia,TUN,1987,
Tunisia,TUN,1986,
Tunisia,TUN,1985,
Tunisia,TUN,1984,
Tunisia,TUN,1983,
Tunisia,TUN,1982,
Tunisia,TUN,1981,
Tunisia,TUN,1980,
Tunisia,TUN,1979,
Tunisia,TUN,1978,
Tunisia,TUN,1977,
Tunisia,TUN,1976,
Tunisia,TUN,1975,
Tunisia,TUN,1974,
Tunisia,TUN,1973,
Tunisia,TUN,1972,
Tunisia,TUN,1971,
Tunisia,TUN,1970,
Tunisia,TUN,1969,
Tunisia,TUN,1968,
Tunisia,TUN,1967,
Tunisia,TUN,1966,
Tunisia,TUN,1965,
Tunisia,TUN,1964,
Tunisia,TUN,1963,
Tunisia,TUN,1962,
Tunisia,TUN,1961,
Tunisia,TUN,1960,
Turkiye,TUR,2025,8.52
Turkiye,TUR,2024,8.8
Turkiye,TUR,2023,9.388
Turkiye,TUR,2022,10.465
Turkiye,TUR,2021,11.969
Turkiye,TUR,2020,13.148
Turkiye,TUR,2019,13.73
Turkiye,TUR,2018,10.956
Turkiye,TUR,2017,10.919
Turkiye,TUR,2016,10.899
Turkiye,TUR,2015,10.304
Turkiye,TUR,2014,9.901
Turkiye,TUR,2013,9.713
Turkiye,TUR,2012,9.21
Turkiye,TUR,2011,9.789
Turkiye,TUR,2010,11.879
Turkiye,TUR,2009,14.026
Turkiye,TUR,2008,10.965
Turkiye,TUR,2007,10.285
Turkiye,TUR,2006,10.227
Turkiye,TUR,2005,10.636
Turkiye,TUR,2004,10.838
Turkiye,TUR,2003,10.542
Turkiye,TUR,2002,10.358
Turkiye,TUR,2001,8.381
Turkiye,TUR,2000,6.495
Turkiye,TUR,1999,7.687
Turkiye,TUR,1998,6.888
Turkiye,TUR,1997,6.841
Turkiye,TUR,1996,6.629
Turkiye,TUR,1995,7.644
Turkiye,TUR,1994,8.577
Turkiye,TUR,1993,8.962
Turkiye,TUR,1992,8.509
Turkiye,TUR,1991,8.21
Turkiye,TUR,1990,
Turkiye,TUR,1989,
Turkiye,TUR,1988,
Turkiye,TUR,1987,
Turkiye,TUR,1986,
Turkiye,TUR,1985,
Turkiye,TUR,1984,
Turkiye,TUR,1983,
Turkiye,TUR,1982,
Turkiye,TUR,1981,
Turkiye,TUR,1980,
Turkiye,TUR,1979,
Turkiye,TUR,1978,
Turkiye,TUR,1977,
Turkiye,TUR,1976,
Turkiye,TUR,1975,
Turkiye,TUR,1974,
Turkiye,TUR,1973,
Turkiye,TUR,1972,
Turkiye,TUR,1971,
Turkiye,TUR,1970,
Turkiye,TUR,1969,
Turkiye,TUR,1968,
Turkiye,TUR,1967,
Turkiye,TUR,1966,
Turkiye,TUR,1965,
Turkiye,TUR,1964,
Turkiye,TUR,1963,
Turkiye,TUR,1962,
Turkiye,TUR,1961,
Turkiye,TUR,1960,
Turkmenistan,TKM,2025,4.267
Turkmenistan,TKM,2024,4.02
Turkmenistan,TKM,2023,4.007
Turkmenistan,TKM,2022,4.017
Turkmenistan,TKM,2021,4.458
Turkmenistan,TKM,2020,4.489
Turkmenistan,TKM,2019,4.035
Turkmenistan,TKM,2018,4.036
Turkmenistan,TKM,2017,4.035
Turkmenistan,TKM,2016,4.026
Turkmenistan,TKM,2015,4.016
Turkmenistan,TKM,2014,4.005
Turkmenistan,TKM,2013,3.993
Turkmenistan,TKM,2012,3.994
Turkmenistan,TKM,2011,4.003
Turkmenistan,TKM,2010,4.0
Turkmenistan,TKM,2009,4.0
Turkmenistan,TKM,2008,4.852
Turkmenistan,TKM,2007,5.719
Turkmenistan,TKM,2006,6.601
Turkmenistan,TKM,2005,7.495
Turkmenistan,TKM,2004,8.419
Turkmenistan,TKM,2003,9.289
Turkmenistan,TKM,2002,10.141
Turkmenistan,TKM,2001,10.898
Turkmenistan,TKM,2000,11.73
Turkmenistan,TKM,1999,12.7
Turkmenistan,TKM,1998,12.2
Turkmenistan,TKM,1997,11.0
Turkmenistan,TKM,1996,10.3
Turkmenistan,TKM,1995,8.3
Turkmenistan,TKM,1994,4.7
Turkmenistan,TKM,1993,1.5
Turkmenistan,TKM,1992,1.5
Turkmenistan,TKM,1991,1.4
Turkmenistan,TKM,1990,
Turkmenistan,TKM,1989,
Turkmenistan,TKM,1988,
Turkmenistan,TKM,1987,
Turkmenistan,TKM,1986,
Turkmenistan,TKM,1985,
Turkmenistan,TKM,1984,
Turkmenistan,TKM,1983,
Turkmenistan,TKM,1982,
Turkmenistan,TKM,1981,
Turkmenistan,TKM,1980,
Turkmenistan,TKM,1979,
Turkmenistan,TKM,1978,
Turkmenistan,TKM,1977,
Turkmenistan,TKM,1976,
Turkmenistan,TKM,1975,
Turkmenistan,TKM,1974,
Turkmenistan,TKM,1973,
Turkmenistan,TKM,1972,
Turkmenistan,TKM,1971,
Turkmenistan,TKM,1970,
Turkmenistan,TKM,1969,
Turkmenistan,TKM,1968,
Turkmenistan,TKM,1967,
Turkmenistan,TKM,1966,
Turkmenistan,TKM,1965,
Turkmenistan,TKM,1964,
Turkmenistan,TKM,1963,
Turkmenistan,TKM,1962,
Turkmenistan,TKM,1961,
Turkmenistan,TKM,1960,
Turks and Caicos Islands,TCA,2025,
Turks and Caicos Islands,TCA,2024,
Turks and Caicos Islands,TCA,2023,
Turks and Caicos Islands,TCA,2022,
Turks and Caicos Islands,TCA,2021,
Turks and Caicos Islands,TCA,2020,
Turks and Caicos Islands,TCA,2019,
Turks and Caicos Islands,TCA,2018,
Turks and Caicos Islands,TCA,2017,
Turks and Caicos Islands,TCA,2016,
Turks and Caicos Islands,TCA,2015,
Turks and Caicos Islands,TCA,2014,
Turks and Caicos Islands,TCA,2013,
Turks and Caicos Islands,TCA,2012,
Turks and Caicos Islands,TCA,2011,
Turks and Caicos Islands,TCA,2010,
Turks and Caicos Islands,TCA,2009,
Turks and Caicos Islands,TCA,2008,
Turks and Caicos Islands,TCA,2007,
Turks and Caicos Islands,TCA,2006,
Turks and Caicos Islands,TCA,2005,
Turks and Caicos Islands,TCA,2004,
Turks and Caicos Islands,TCA,2003,
Turks and Caicos Islands,TCA,2002,
Turks and Caicos Islands,TCA,2001,
Turks and Caicos Islands,TCA,2000,
Turks and Caicos Islands,TCA,1999,
Turks and Caicos Islands,TCA,1998,
Turks and Caicos Islands,TCA,1997,
Turks and Caicos Islands,TCA,1996,
Turks and Caicos Islands,TCA,1995,
Turks and Caicos Islands,TCA,1994,
Turks and Caicos Islands,TCA,1993,
Turks and Caicos Islands,TCA,1992,
Turks and Caicos Islands,TCA,1991,
Turks and Caicos Islands,TCA,1990,
Turks and Caicos Islands,TCA,1989,
Turks and Caicos Islands,TCA,1988,
Turks and Caicos Islands,TCA,1987,
Turks and Caicos Islands,TCA,1986,
Turks and Caicos Islands,TCA,1985,
Turks and Caicos Islands,TCA,1984,
Turks and Caicos Islands,TCA,1983,
Turks and Caicos Islands,TCA,1982,
Turks and Caicos Islands,TCA,1981,
Turks and Caicos Islands,TCA,1980,
Turks and Caicos Islands,TCA,1979,
Turks and Caicos Islands,TCA,1978,
Turks and Caicos Islands,TCA,1977,
Turks and Caicos Islands,TCA,1976,
Turks and Caicos Islands,TCA,1975,
Turks and Caicos Islands,TCA,1974,
Turks and Caicos Islands,TCA,1973,
Turks and Caicos Islands,TCA,1972,
Turks and Caicos Islands,TCA,1971,
Turks and Caicos Islands,TCA,1970,
Turks and Caicos Islands,TCA,1969,
Turks and Caicos Islands,TCA,1968,
Turks and Caicos Islands,TCA,1967,
Turks and Caicos Islands,TCA,1966,
Turks and Caicos Islands,TCA,1965,
Turks and Caicos Islands,TCA,1964,
Turks and Caicos Islands,TCA,1963,
Turks and Caicos Islands,TCA,1962,
Turks and Caicos Islands,TCA,1961,
Turks and Caicos Islands,TCA,1960,
Tuvalu,TUV,2025,
Tuvalu,TUV,2024,
Tuvalu,TUV,2023,
Tuvalu,TUV,2022,
Tuvalu,TUV,2021,
Tuvalu,TUV,2020,
Tuvalu,TUV,2019,
Tuvalu,TUV,2018,
Tuvalu,TUV,2017,
Tuvalu,TUV,2016,
Tuvalu,TUV,2015,
Tuvalu,TUV,2014,
Tuvalu,TUV,2013,
Tuvalu,TUV,2012,
Tuvalu,TUV,2011,
Tuvalu,TUV,2010,
Tuvalu,TUV,2009,
Tuvalu,TUV,2008,
Tuvalu,TUV,2007,
Tuvalu,TUV,2006,
Tuvalu,TUV,2005,
Tuvalu,TUV,2004,
Tuvalu,TUV,2003,
Tuvalu,TUV,2002,
Tuvalu,TUV,2001,
Tuvalu,TUV,2000,
Tuvalu,TUV,1999,
Tuvalu,TUV,1998,
Tuvalu,TUV,1997,
Tuvalu,TUV,1996,
Tuvalu,TUV,1995,
Tuvalu,TUV,1994,
Tuvalu,TUV,1993,
Tuvalu,TUV,1992,
Tuvalu,TUV,1991,
Tuvalu,TUV,1990,
Tuvalu,TUV,1989,
Tuvalu,TUV,1988,
Tuvalu,TUV,1987,
Tuvalu,TUV,1986,
Tuvalu,TUV,1985,
Tuvalu,TUV,1984,
Tuvalu,TUV,1983,
Tuvalu,TUV,1982,
Tuvalu,TUV,1981,
Tuvalu,TUV,1980,
Tuvalu,TUV,1979,
Tuvalu,TUV,1978,
Tuvalu,TUV,1977,
Tuvalu,TUV,1976,
Tuvalu,TUV,1975,
Tuvalu,TUV,1974,
Tuvalu,TUV,1973,
Tuvalu,TUV,1972,
Tuvalu,TUV,1971,
Tuvalu,TUV,1970,
Tuvalu,TUV,1969,
Tuvalu,TUV,1968,
Tuvalu,TUV,1967,
Tuvalu,TUV,1966,
Tuvalu,TUV,1965,
Tuvalu,TUV,1964,
Tuvalu,TUV,1963,
Tuvalu,TUV,1962,
Tuvalu,TUV,1961,
Tuvalu,TUV,1960,
Uganda,UGA,2025,2.746
Uganda,UGA,2024,2.74
Uganda,UGA,2023,2.754
Uganda,UGA,2022,2.885
Uganda,UGA,2021,3.416
Uganda,UGA,2020,3.819
Uganda,UGA,2019,3.057
Uganda,UGA,2018,3.249
Uganda,UGA,2017,3.428
Uganda,UGA,2016,3.002
Uganda,UGA,2015,2.681
Uganda,UGA,2014,2.357
Uganda,UGA,2013,1.91
Uganda,UGA,2012,3.551
Uganda,UGA,2011,3.523
Uganda,UGA,2010,3.623
Uganda,UGA,2009,3.6
Uganda,UGA,2008,3.035
Uganda,UGA,2007,2.667
Uganda,UGA,2006,2.264
Uganda,UGA,2005,1.9
Uganda,UGA,2004,2.699
Uganda,UGA,2003,3.6
Uganda,UGA,2002,3.5
Uganda,UGA,2001,3.522
Uganda,UGA,2000,3.531
Uganda,UGA,1999,3.46
Uganda,UGA,1998,3.424
Uganda,UGA,1997,3.209
Uganda,UGA,1996,3.169
Uganda,UGA,1995,3.193
Uganda,UGA,1994,3.458
Uganda,UGA,1993,3.487
Uganda,UGA,1992,3.553
Uganda,UGA,1991,3.448
Uganda,UGA,1990,
Uganda,UGA,1989,
Uganda,UGA,1988,
Uganda,UGA,1987,
Uganda,UGA,1986,
Uganda,UGA,1985,
Uganda,UGA,1984,
Uganda,UGA,1983,
Uganda,UGA,1982,
Uganda,UGA,1981,
Uganda,UGA,1980,
Uganda,UGA,1979,
Uganda,UGA,1978,
Uganda,UGA,1977,
Uganda,UGA,1976,
Uganda,UGA,1975,
Uganda,UGA,1974,
Uganda,UGA,1973,
Uganda,UGA,1972,
Uganda,UGA,1971,
Uganda,UGA,1970,
Uganda,UGA,1969,
Uganda,UGA,1968,
Uganda,UGA,1967,
Uganda,UGA,1966,
Uganda,UGA,1965,
Uganda,UGA,1964,
Uganda,UGA,1963,
Uganda,UGA,1962,
Uganda,UGA,1961,
Uganda,UGA,1960,
Ukraine,UKR,2025,
Ukraine,UKR,2024,
Ukraine,UKR,2023,
Ukraine,UKR,2022,
Ukraine,UKR,2021,9.834
Ukraine,UKR,2020,9.475
Ukraine,UKR,2019,8.194
Ukraine,UKR,2018,8.799
Ukraine,UKR,2017,9.5
Ukraine,UKR,2016,9.35
Ukraine,UKR,2015,9.14
Ukraine,UKR,2014,9.27
Ukraine,UKR,2013,7.17
Ukraine,UKR,2012,7.529
Ukraine,UKR,2011,7.851
Ukraine,UKR,2010,8.1
Ukraine,UKR,2009,8.84
Ukraine,UKR,2008,6.363
Ukraine,UKR,2007,6.351
Ukraine,UKR,2006,6.81
Ukraine,UKR,2005,7.18
Ukraine,UKR,2004,8.59
Ukraine,UKR,2003,9.057
Ukraine,UKR,2002,10.136
Ukraine,UKR,2001,11.061
Ukraine,UKR,2000,11.707
Ukraine,UKR,1999,11.864
Ukraine,UKR,1998,11.32
Ukraine,UKR,1997,8.93
Ukraine,UKR,1996,7.65
Ukraine,UKR,1995,5.62
Ukraine,UKR,1994,2.0
Ukraine,UKR,1993,2.0
Ukraine,UKR,1992,1.9
Ukraine,UKR,1991,1.9
Ukraine,UKR,1990,
Ukraine,UKR,1989,
Ukraine,UKR,1988,
Ukraine,UKR,1987,
Ukraine,UKR,1986,
Ukraine,UKR,1985,
Ukraine,UKR,1984,
Ukraine,UKR,1983,
Ukraine,UKR,1982,
Ukraine,UKR,1981,
Ukraine,UKR,1980,
Ukraine,UKR,1979,
Ukraine,UKR,1978,
Ukraine,UKR,1977,
Ukraine,UKR,1976,
Ukraine,UKR,1975,
Ukraine,UKR,1974,
Ukraine,UKR,1973,
Ukraine,UKR,1972,
Ukraine,UKR,1971,
Ukraine,UKR,1970,
Ukraine,UKR,1969,
Ukraine,UKR,1968,
Ukraine,UKR,1967,
Ukraine,UKR,1966,
Ukraine,UKR,1965,
Ukraine,UKR,1964,
Ukraine,UKR,1963,
Ukraine,UKR,1962,
Ukraine,UKR,1961,
Ukraine,UKR,1960,
United Arab Emirates,ARE,2025,2.174
United Arab Emirates,ARE,2024,2.16
United Arab Emirates,ARE,2023,2.151
United Arab Emirates,ARE,2022,2.872
United Arab Emirates,ARE,2021,3.105
United Arab Emirates,ARE,2020,4.294
United Arab Emirates,ARE,2019,2.331
United Arab Emirates,ARE,2018,2.236
United Arab Emirates,ARE,2017,2.462
United Arab Emirates,ARE,2016,1.64
United Arab Emirates,ARE,2015,1.793
United Arab Emirates,ARE,2014,1.999
United Arab Emirates,ARE,2013,2.125
United Arab Emirates,ARE,2012,2.323
United Arab Emirates,ARE,2011,2.587
United Arab Emirates,ARE,2010,2.798
United Arab Emirates,ARE,2009,2.932
United Arab Emirates,ARE,2008,2.818
United Arab Emirates,ARE,2007,2.934
United Arab Emirates,ARE,2006,2.964
United Arab Emirates,ARE,2005,3.12
United Arab Emirates,ARE,2004,2.965
United Arab Emirates,ARE,2003,2.903
United Arab Emirates,ARE,2002,2.659
United Arab Emirates,ARE,2001,2.443
United Arab Emirates,ARE,2000,2.25
United Arab Emirates,ARE,1999,2.195
United Arab Emirates,ARE,1998,2.068
United Arab Emirates,ARE,1997,1.906
United Arab Emirates,ARE,1996,1.836
United Arab Emirates,ARE,1995,1.8
United Arab Emirates,ARE,1994,1.834
United Arab Emirates,ARE,1993,1.901
United Arab Emirates,ARE,1992,1.715
United Arab Emirates,ARE,1991,1.629
United Arab Emirates,ARE,1990,
United Arab Emirates,ARE,1989,
United Arab Emirates,ARE,1988,
United Arab Emirates,ARE,1987,
United Arab Emirates,ARE,1986,
United Arab Emirates,ARE,1985,
United Arab Emirates,ARE,1984,
United Arab Emirates,ARE,1983,
United Arab Emirates,ARE,1982,
United Arab Emirates,ARE,1981,
United Arab Emirates,ARE,1980,
United Arab Emirates,ARE,1979,
United Arab Emirates,ARE,1978,
United Arab Emirates,ARE,1977,
United Arab Emirates,ARE,1976,
United Arab Emirates,ARE,1975,
United Arab Emirates,ARE,1974,
United Arab Emirates,ARE,1973,
United Arab Emirates,ARE,1972,
United Arab Emirates,ARE,1971,
United Arab Emirates,ARE,1970,
United Arab Emirates,ARE,1969,
United Arab Emirates,ARE,1968,
United Arab Emirates,ARE,1967,
United Arab Emirates,ARE,1966,
United Arab Emirates,ARE,1965,
United Arab Emirates,ARE,1964,
United Arab Emirates,ARE,1963,
United Arab Emirates,ARE,1962,
United Arab Emirates,ARE,1961,
United Arab Emirates,ARE,1960,
United Kingdom,GBR,2025,4.746
United Kingdom,GBR,2024,4.361
United Kingdom,GBR,2023,4.025
United Kingdom,GBR,2022,3.768
United Kingdom,GBR,2021,4.864
United Kingdom,GBR,2020,4.472
United Kingdom,GBR,2019,3.657
United Kingdom,GBR,2018,4.145
United Kingdom,GBR,2017,4.501
United Kingdom,GBR,2016,4.909
United Kingdom,GBR,2015,5.552
United Kingdom,GBR,2014,6.398
United Kingdom,GBR,2013,7.752
United Kingdom,GBR,2012,8.279
United Kingdom,GBR,2011,8.195
United Kingdom,GBR,2010,7.973
United Kingdom,GBR,2009,7.683
United Kingdom,GBR,2008,5.748
United Kingdom,GBR,2007,5.399
United Kingdom,GBR,2006,5.472
United Kingdom,GBR,2005,4.884
United Kingdom,GBR,2004,4.594
United Kingdom,GBR,2003,4.807
United Kingdom,GBR,2002,5.037
United Kingdom,GBR,2001,4.696
United Kingdom,GBR,2000,5.558
United Kingdom,GBR,1999,6.042
United Kingdom,GBR,1998,6.198
United Kingdom,GBR,1997,7.072
United Kingdom,GBR,1996,8.189
United Kingdom,GBR,1995,8.694
United Kingdom,GBR,1994,9.648
United Kingdom,GBR,1993,10.346
United Kingdom,GBR,1992,9.772
United Kingdom,GBR,1991,8.55
United Kingdom,GBR,1990,
United Kingdom,GBR,1989,
United Kingdom,GBR,1988,
United Kingdom,GBR,1987,
United Kingdom,GBR,1986,
United Kingdom,GBR,1985,
United Kingdom,GBR,1984,
United Kingdom,GBR,1983,
United Kingdom,GBR,1982,
United Kingdom,GBR,1981,
United Kingdom,GBR,1980,
United Kingdom,GBR,1979,
United Kingdom,GBR,1978,
United Kingdom,GBR,1977,
United Kingdom,GBR,1976,
United Kingdom,GBR,1975,
United Kingdom,GBR,1974,
United Kingdom,GBR,1973,
United Kingdom,GBR,1972,
United Kingdom,GBR,1971,
United Kingdom,GBR,1970,
United Kingdom,GBR,1969,
United Kingdom,GBR,1968,
United Kingdom,GBR,1967,
United Kingdom,GBR,1966,
United Kingdom,GBR,1965,
United Kingdom,GBR,1964,
United Kingdom,GBR,1963,
United Kingdom,GBR,1962,
United Kingdom,GBR,1961,
United Kingdom,GBR,1960,
United States,USA,2025,4.198
United States,USA,2024,4.022
United States,USA,2023,3.638
United States,USA,2022,3.65
United States,USA,2021,5.349
United States,USA,2020,8.055
United States,USA,2019,3.669
United States,USA,2018,3.896
United States,USA,2017,4.355
United States,USA,2016,4.869
United States,USA,2015,5.28
United States,USA,2014,6.168
United States,USA,2013,7.375
United States,USA,2012,8.069
United States,USA,2011,8.949
United States,USA,2010,9.633
United States,USA,2009,9.254
United States,USA,2008,5.784
United States,USA,2007,4.622
United States,USA,2006,4.623
United States,USA,2005,5.084
United States,USA,2004,5.529
United States,USA,2003,5.989
United States,USA,2002,5.783
United States,USA,2001,4.731
United States,USA,2000,3.992
United States,USA,1999,4.219
United States,USA,1998,4.511
United States,USA,1997,5.0
United States,USA,1996,5.451
United States,USA,1995,5.65
United States,USA,1994,6.119
United States,USA,1993,6.9
United States,USA,1992,7.5
United States,USA,1991,6.8
United States,USA,1990,
United States,USA,1989,
United States,USA,1988,
United States,USA,1987,
United States,USA,1986,
United States,USA,1985,
United States,USA,1984,
United States,USA,1983,
United States,USA,1982,
United States,USA,1981,
United States,USA,1980,
United States,USA,1979,
United States,USA,1978,
United States,USA,1977,
United States,USA,1976,
United States,USA,1975,
United States,USA,1974,
United States,USA,1973,
United States,USA,1972,
United States,USA,1971,
United States,USA,1970,
United States,USA,1969,
United States,USA,1968,
United States,USA,1967,
United States,USA,1966,
United States,USA,1965,
United States,USA,1964,
United States,USA,1963,
United States,USA,1962,
United States,USA,1961,
United States,USA,1960,
Uruguay,URY,2025,7.516
Uruguay,URY,2024,8.209
Uruguay,URY,2023,8.355
Uruguay,URY,2022,7.877
Uruguay,URY,2021,9.328
Uruguay,URY,2020,10.413
Uruguay,URY,2019,8.836
Uruguay,URY,2018,8.336
Uruguay,URY,2017,7.89
Uruguay,URY,2016,7.841
Uruguay,URY,2015,7.488
Uruguay,URY,2014,6.547
Uruguay,URY,2013,6.444
Uruguay,URY,2012,6.451
Uruguay,URY,2011,6.307
Uruguay,URY,2010,7.158
Uruguay,URY,2009,7.74
Uruguay,URY,2008,8.025
Uruguay,URY,2007,9.403
Uruguay,URY,2006,10.844
Uruguay,URY,2005,12.009
Uruguay,URY,2004,12.98
Uruguay,URY,2003,16.661
Uruguay,URY,2002,16.648
Uruguay,URY,2001,15.052
Uruguay,URY,2000,12.627
Uruguay,URY,1999,10.466
Uruguay,URY,1998,9.362
Uruguay,URY,1997,11.44
Uruguay,URY,1996,11.93
Uruguay,URY,1995,10.02
Uruguay,URY,1994,9.04
Uruguay,URY,1993,8.35
Uruguay,URY,1992,8.96
Uruguay,URY,1991,8.95
Uruguay,URY,1990,
Uruguay,URY,1989,
Uruguay,URY,1988,
Uruguay,URY,1987,
Uruguay,URY,1986,
Uruguay,URY,1985,
Uruguay,URY,1984,
Uruguay,URY,1983,
Uruguay,URY,1982,
Uruguay,URY,1981,
Uruguay,URY,1980,
Uruguay,URY,1979,
Uruguay,URY,1978,
Uruguay,URY,1977,
Uruguay,URY,1976,
Uruguay,URY,1975,
Uruguay,URY,1974,
Uruguay,URY,1973,
Uruguay,URY,1972,
Uruguay,URY,1971,
Uruguay,URY,1970,
Uruguay,URY,1969,
Uruguay,URY,1968,
Uruguay,URY,1967,
Uruguay,URY,1966,
Uruguay,URY,1965,
Uruguay,URY,1964,
Uruguay,URY,1963,
Uruguay,URY,1962,
Uruguay,URY,1961,
Uruguay,URY,1960,
Uzbekistan,UZB,2025,4.622
Uzbekistan,UZB,2024,4.439
Uzbekistan,UZB,2023,4.434
Uzbekistan,UZB,2022,4.456
Uzbekistan,UZB,2021,5.364
Uzbekistan,UZB,2020,5.293
Uzbekistan,UZB,2019,4.936
Uzbekistan,UZB,2018,5.392
Uzbekistan,UZB,2017,5.83
Uzbekistan,UZB,2016,5.16
Uzbekistan,UZB,2015,5.15
Uzbekistan,UZB,2014,5.09
Uzbekistan,UZB,2013,4.86
Uzbekistan,UZB,2012,4.87
Uzbekistan,UZB,2011,4.96
Uzbekistan,UZB,2010,5.36
Uzbekistan,UZB,2009,5.04
Uzbekistan,UZB,2008,4.89
Uzbekistan,UZB,2007,4.99
Uzbekistan,UZB,2006,6.035
Uzbekistan,UZB,2005,7.092
Uzbekistan,UZB,2004,8.152
Uzbekistan,UZB,2003,9.22
Uzbekistan,UZB,2002,10.256
Uzbekistan,UZB,2001,11.279
Uzbekistan,UZB,2000,12.301
Uzbekistan,UZB,1999,13.3
Uzbekistan,UZB,1998,13.3
Uzbekistan,UZB,1997,10.9
Uzbekistan,UZB,1996,10.7
Uzbekistan,UZB,1995,7.8
Uzbekistan,UZB,1994,7.3
Uzbekistan,UZB,1993,4.9
Uzbekistan,UZB,1992,2.9
Uzbekistan,UZB,1991,1.9
Uzbekistan,UZB,1990,
Uzbekistan,UZB,1989,
Uzbekistan,UZB,1988,
Uzbekistan,UZB,1987,
Uzbekistan,UZB,1986,
Uzbekistan,UZB,1985,
Uzbekistan,UZB,1984,
Uzbekistan,UZB,1983,
Uzbekistan,UZB,1982,
Uzbekistan,UZB,1981,
Uzbekistan,UZB,1980,
Uzbekistan,UZB,1979,
Uzbekistan,UZB,1978,
Uzbekistan,UZB,1977,
Uzbekistan,UZB,1976,
Uzbekistan,UZB,1975,
Uzbekistan,UZB,1974,
Uzbekistan,UZB,1973,
Uzbekistan,UZB,1972,
Uzbekistan,UZB,1971,
Uzbekistan,UZB,1970,
Uzbekistan,UZB,1969,
Uzbekistan,UZB,1968,
Uzbekistan,UZB,1967,
Uzbekistan,UZB,1966,
Uzbekistan,UZB,1965,
Uzbekistan,UZB,1964,
Uzbekistan,UZB,1963,
Uzbekistan,UZB,1962,
Uzbekistan,UZB,1961,
Uzbekistan,UZB,1960,
Vanuatu,VUT,2025,5.073
Vanuatu,VUT,2024,4.988
Vanuatu,VUT,2023,5.011
Vanuatu,VUT,2022,5.077
Vanuatu,VUT,2021,4.776
Vanuatu,VUT,2020,4.046
Vanuatu,VUT,2019,5.444
Vanuatu,VUT,2018,5.353
Vanuatu,VUT,2017,5.247
Vanuatu,VUT,2016,5.197
Vanuatu,VUT,2015,5.168
Vanuatu,VUT,2014,5.137
Vanuatu,VUT,2013,5.038
Vanuatu,VUT,2012,4.936
Vanuatu,VUT,2011,4.811
Vanuatu,VUT,2010,4.681
Vanuatu,VUT,2009,4.565
Vanuatu,VUT,2008,5.663
Vanuatu,VUT,2007,6.855
Vanuatu,VUT,2006,8.006
Vanuatu,VUT,2005,8.121
Vanuatu,VUT,2004,8.432
Vanuatu,VUT,2003,8.659
Vanuatu,VUT,2002,8.598
Vanuatu,VUT,2001,8.415
Vanuatu,VUT,2000,8.266
Vanuatu,VUT,1999,8.29
Vanuatu,VUT,1998,8.223
Vanuatu,VUT,1997,8.221
Vanuatu,VUT,1996,8.091
Vanuatu,VUT,1995,8.134
Vanuatu,VUT,1994,8.083
Vanuatu,VUT,1993,8.262
Vanuatu,VUT,1992,7.945
Vanuatu,VUT,1991,7.976
Vanuatu,VUT,1990,
Vanuatu,VUT,1989,
Vanuatu,VUT,1988,
Vanuatu,VUT,1987,
Vanuatu,VUT,1986,
Vanuatu,VUT,1985,
Vanuatu,VUT,1984,
Vanuatu,VUT,1983,
Vanuatu,VUT,1982,
Vanuatu,VUT,1981,
Vanuatu,VUT,1980,
Vanuatu,VUT,1979,
Vanuatu,VUT,1978,
Vanuatu,VUT,1977,
Vanuatu,VUT,1976,
Vanuatu,VUT,1975,
Vanuatu,VUT,1974,
Vanuatu,VUT,1973,
Vanuatu,VUT,1972,
Vanuatu,VUT,1971,
Vanuatu,VUT,1970,
Vanuatu,VUT,1969,
Vanuatu,VUT,1968,
Vanuatu,VUT,1967,
Vanuatu,VUT,1966,
Vanuatu,VUT,1965,
Vanuatu,VUT,1964,
Vanuatu,VUT,1963,
Vanuatu,VUT,1962,
Vanuatu,VUT,1961,
Vanuatu,VUT,1960,
"Venezuela, RB",VEN,2025,5.307
"Venezuela, RB",VEN,2024,5.321
"Venezuela, RB",VEN,2023,5.407
"Venezuela, RB",VEN,2022,5.646
"Venezuela, RB",VEN,2021,7.027
"Venezuela, RB",VEN,2020,7.53
"Venezuela, RB",VEN,2019,5.89
"Venezuela, RB",VEN,2018,5.468
"Venezuela, RB",VEN,2017,5.045
"Venezuela, RB",VEN,2016,5.319
"Venezuela, RB",VEN,2015,6.139
"Venezuela, RB",VEN,2014,6.821
"Venezuela, RB",VEN,2013,7.54
"Venezuela, RB",VEN,2012,6.601
"Venezuela, RB",VEN,2011,6.902
"Venezuela, RB",VEN,2010,7.112
"Venezuela, RB",VEN,2009,6.097
"Venezuela, RB",VEN,2008,6.245
"Venezuela, RB",VEN,2007,7.279
"Venezuela, RB",VEN,2006,8.606
"Venezuela, RB",VEN,2005,10.663
"Venezuela, RB",VEN,2004,15.07
"Venezuela, RB",VEN,2003,16.78
"Venezuela, RB",VEN,2002,16.17
"Venezuela, RB",VEN,2001,13.04
"Venezuela, RB",VEN,2000,13.99
"Venezuela, RB",VEN,1999,14.53
"Venezuela, RB",VEN,1998,11.15
"Venezuela, RB",VEN,1997,11.16
"Venezuela, RB",VEN,1996,11.77
"Venezuela, RB",VEN,1995,10.24
"Venezuela, RB",VEN,1994,8.56
"Venezuela, RB",VEN,1993,6.6
"Venezuela, RB",VEN,1992,7.69
"Venezuela, RB",VEN,1991,9.45
"Venezuela, RB",VEN,1990,
"Venezuela, RB",VEN,1989,
"Venezuela, RB",VEN,1988,
"Venezuela, RB",VEN,1987,
"Venezuela, RB",VEN,1986,
"Venezuela, RB",VEN,1985,
"Venezuela, RB",VEN,1984,
"Venezuela, RB",VEN,1983,
"Venezuela, RB",VEN,1982,
"Venezuela, RB",VEN,1981,
"Venezuela, RB",VEN,1980,
"Venezuela, RB",VEN,1979,
"Venezuela, RB",VEN,1978,
"Venezuela, RB",VEN,1977,
"Venezuela, RB",VEN,1976,
"Venezuela, RB",VEN,1975,
"Venezuela, RB",VEN,1974,
"Venezuela, RB",VEN,1973,
"Venezuela, RB",VEN,1972,
"Venezuela, RB",VEN,1971,
"Venezuela, RB",VEN,1970,
"Venezuela, RB",VEN,1969,
"Venezuela, RB",VEN,1968,
"Venezuela, RB",VEN,1967,
"Venezuela, RB",VEN,1966,
"Venezuela, RB",VEN,1965,
"Venezuela, RB",VEN,1964,
"Venezuela, RB",VEN,1963,
"Venezuela, RB",VEN,1962,
"Venezuela, RB",VEN,1961,
"Venezuela, RB",VEN,1960,
Viet Nam,VNM,2025,1.523
Viet Nam,VNM,2024,1.602
Viet Nam,VNM,2023,1.645
Viet Nam,VNM,2022,1.57
Viet Nam,VNM,2021,2.383
Viet Nam,VNM,2020,2.103
Viet Nam,VNM,2019,1.681
Viet Nam,VNM,2018,1.161
Viet Nam,VNM,2017,1.874
Viet Nam,VNM,2016,1.848
Viet Nam,VNM,2015,1.848
Viet Nam,VNM,2014,1.256
Viet Nam,VNM,2013,1.316
Viet Nam,VNM,2012,1.027
Viet Nam,VNM,2011,0.999
Viet Nam,VNM,2010,1.114
Viet Nam,VNM,2009,1.737
Viet Nam,VNM,2008,1.889
Viet Nam,VNM,2007,2.026
Viet Nam,VNM,2006,2.046
Viet Nam,VNM,2005,2.078
Viet Nam,VNM,2004,2.14
Viet Nam,VNM,2003,2.25
Viet Nam,VNM,2002,2.12
Viet Nam,VNM,2001,2.76
Viet Nam,VNM,2000,2.26
Viet Nam,VNM,1999,2.33
Viet Nam,VNM,1998,2.29
Viet Nam,VNM,1997,2.87
Viet Nam,VNM,1996,1.93
Viet Nam,VNM,1995,1.955
Viet Nam,VNM,1994,1.972
Viet Nam,VNM,1993,2.037
Viet Nam,VNM,1992,2.109
Viet Nam,VNM,1991,2.14
Viet Nam,VNM,1990,
Viet Nam,VNM,1989,
Viet Nam,VNM,1988,
Viet Nam,VNM,1987,
Viet Nam,VNM,1986,
Viet Nam,VNM,1985,
Viet Nam,VNM,1984,
Viet Nam,VNM,1983,
Viet Nam,VNM,1982,
Viet Nam,VNM,1981,
Viet Nam,VNM,1980,
Viet Nam,VNM,1979,
Viet Nam,VNM,1978,
Viet Nam,VNM,1977,
Viet Nam,VNM,1976,
Viet Nam,VNM,1975,
Viet Nam,VNM,1974,
Viet Nam,VNM,1973,
Viet Nam,VNM,1972,
Viet Nam,VNM,1971,
Viet Nam,VNM,1970,
Viet Nam,VNM,1969,
Viet Nam,VNM,1968,
Viet Nam,VNM,1967,
Viet Nam,VNM,1966,
Viet Nam,VNM,1965,
Viet Nam,VNM,1964,
Viet Nam,VNM,1963,
Viet Nam,VNM,1962,
Viet Nam,VNM,1961,
Viet Nam,VNM,1960,
Virgin Islands (U.S.),VIR,2025,11.443
Virgin Islands (U.S.),VIR,2024,11.423
Virgin Islands (U.S.),VIR,2023,11.358
Virgin Islands (U.S.),VIR,2022,12.092
Virgin Islands (U.S.),VIR,2021,13.508
Virgin Islands (U.S.),VIR,2020,14.366
Virgin Islands (U.S.),VIR,2019,11.774
Virgin Islands (U.S.),VIR,2018,11.703
Virgin Islands (U.S.),VIR,2017,11.445
Virgin Islands (U.S.),VIR,2016,11.734
Virgin Islands (U.S.),VIR,2015,11.649
Virgin Islands (U.S.),VIR,2014,11.871
Virgin Islands (U.S.),VIR,2013,11.802
Virgin Islands (U.S.),VIR,2012,11.387
Virgin Islands (U.S.),VIR,2011,11.337
Virgin Islands (U.S.),VIR,2010,11.059
Virgin Islands (U.S.),VIR,2009,10.864
Virgin Islands (U.S.),VIR,2008,9.605
Virgin Islands (U.S.),VIR,2007,9.523
Virgin Islands (U.S.),VIR,2006,9.734
Virgin Islands (U.S.),VIR,2005,10.228
Virgin Islands (U.S.),VIR,2004,10.266
Virgin Islands (U.S.),VIR,2003,10.574
Virgin Islands (U.S.),VIR,2002,10.227
Virgin Islands (U.S.),VIR,2001,9.969
Virgin Islands (U.S.),VIR,2000,9.834
Virgin Islands (U.S.),VIR,1999,10.172
Virgin Islands (U.S.),VIR,1998,10.446
Virgin Islands (U.S.),VIR,1997,10.547
Virgin Islands (U.S.),VIR,1996,10.647
Virgin Islands (U.S.),VIR,1995,10.611
Virgin Islands (U.S.),VIR,1994,10.959
Virgin Islands (U.S.),VIR,1993,11.187
Virgin Islands (U.S.),VIR,1992,11.088
Virgin Islands (U.S.),VIR,1991,10.917
Virgin Islands (U.S.),VIR,1990,
Virgin Islands (U.S.),VIR,1989,
Virgin Islands (U.S.),VIR,1988,
Virgin Islands (U.S.),VIR,1987,
Virgin Islands (U.S.),VIR,1986,
Virgin Islands (U.S.),VIR,1985,
Virgin Islands (U.S.),VIR,1984,
Virgin Islands (U.S.),VIR,1983,
Virgin Islands (U.S.),VIR,1982,
Virgin Islands (U.S.),VIR,1981,
Virgin Islands (U.S.),VIR,1980,
Virgin Islands (U.S.),VIR,1979,
Virgin Islands (U.S.),VIR,1978,
Virgin Islands (U.S.),VIR,1977,
Virgin Islands (U.S.),VIR,1976,
Virgin Islands (U.S.),VIR,1975,
Virgin Islands (U.S.),VIR,1974,
Virgin Islands (U.S.),VIR,1973,
Virgin Islands (U.S.),VIR,1972,
Virgin Islands (U.S.),VIR,1971,
Virgin Islands (U.S.),VIR,1970,
Virgin Islands (U.S.),VIR,1969,
Virgin Islands (U.S.),VIR,1968,
Virgin Islands (U.S.),VIR,1967,
Virgin Islands (U.S.),VIR,1966,
Virgin Islands (U.S.),VIR,1965,
Virgin Islands (U.S.),VIR,1964,
Virgin Islands (U.S.),VIR,1963,
Virgin Islands (U.S.),VIR,1962,
Virgin Islands (U.S.),VIR,1961,
Virgin Islands (U.S.),VIR,1960,
West Bank and Gaza,PSE,2025,
West Bank and Gaza,PSE,2024,
West Bank and Gaza,PSE,2023,
West Bank and Gaza,PSE,2022,24.42
West Bank and Gaza,PSE,2021,26.39
West Bank and Gaza,PSE,2020,25.895
West Bank and Gaza,PSE,2019,25.34
West Bank and Gaza,PSE,2018,26.256
West Bank and Gaza,PSE,2017,25.677
West Bank and Gaza,PSE,2016,23.939
West Bank and Gaza,PSE,2015,23.005
West Bank and Gaza,PSE,2014,20.526
West Bank and Gaza,PSE,2013,19.894
West Bank and Gaza,PSE,2012,19.202
West Bank and Gaza,PSE,2011,17.597
West Bank and Gaza,PSE,2010,21.416
West Bank and Gaza,PSE,2009,20.452
West Bank and Gaza,PSE,2008,22.913
West Bank and Gaza,PSE,2007,18.282
West Bank and Gaza,PSE,2006,19.014
West Bank and Gaza,PSE,2005,20.016
West Bank and Gaza,PSE,2004,23.215
West Bank and Gaza,PSE,2003,23.004
West Bank and Gaza,PSE,2002,27.465
West Bank and Gaza,PSE,2001,21.493
West Bank and Gaza,PSE,2000,10.625
West Bank and Gaza,PSE,1999,10.382
West Bank and Gaza,PSE,1998,10.451
West Bank and Gaza,PSE,1997,10.522
West Bank and Gaza,PSE,1996,10.726
West Bank and Gaza,PSE,1995,10.714
West Bank and Gaza,PSE,1994,10.778
West Bank and Gaza,PSE,1993,10.705
West Bank and Gaza,PSE,1992,10.692
West Bank and Gaza,PSE,1991,10.666
West Bank and Gaza,PSE,1990,
West Bank and Gaza,PSE,1989,
West Bank and Gaza,PSE,1988,
West Bank and Gaza,PSE,1987,
West Bank and Gaza,PSE,1986,
West Bank and Gaza,PSE,1985,
West Bank and Gaza,PSE,1984,
West Bank and Gaza,PSE,1983,
West Bank and Gaza,PSE,1982,
West Bank and Gaza,PSE,1981,
West Bank and Gaza,PSE,1980,
West Bank and Gaza,PSE,1979,
West Bank and Gaza,PSE,1978,
West Bank and Gaza,PSE,1977,
West Bank and Gaza,PSE,1976,
West Bank and Gaza,PSE,1975,
West Bank and Gaza,PSE,1974,
West Bank and Gaza,PSE,1973,
West Bank and Gaza,PSE,1972,
West Bank and Gaza,PSE,1971,
West Bank and Gaza,PSE,1970,
West Bank and Gaza,PSE,1969,
West Bank and Gaza,PSE,1968,
West Bank and Gaza,PSE,1967,
West Bank and Gaza,PSE,1966,
West Bank and Gaza,PSE,1965,
West Bank and Gaza,PSE,1964,
West Bank and Gaza,PSE,1963,
West Bank and Gaza,PSE,1962,
West Bank and Gaza,PSE,1961,
West Bank and Gaza,PSE,1960,
"Yemen, Rep.",YEM,2025,17.322
"Yemen, Rep.",YEM,2024,16.97
"Yemen, Rep.",YEM,2023,16.944
"Yemen, Rep.",YEM,2022,17.224
"Yemen, Rep.",YEM,2021,18.312
"Yemen, Rep.",YEM,2020,17.963
"Yemen, Rep.",YEM,2019,17.213
"Yemen, Rep.",YEM,2018,17.593
"Yemen, Rep.",YEM,2017,18.611
"Yemen, Rep.",YEM,2016,18.42
"Yemen, Rep.",YEM,2015,17.9
"Yemen, Rep.",YEM,2014,13.467
"Yemen, Rep.",YEM,2013,13.673
"Yemen, Rep.",YEM,2012,13.473
"Yemen, Rep.",YEM,2011,13.311
"Yemen, Rep.",YEM,2010,12.777
"Yemen, Rep.",YEM,2009,12.762
"Yemen, Rep.",YEM,2008,12.656
"Yemen, Rep.",YEM,2007,12.486
"Yemen, Rep.",YEM,2006,12.349
"Yemen, Rep.",YEM,2005,12.213
"Yemen, Rep.",YEM,2004,12.131
"Yemen, Rep.",YEM,2003,12.014
"Yemen, Rep.",YEM,2002,11.839
"Yemen, Rep.",YEM,2001,11.724
"Yemen, Rep.",YEM,2000,11.557
"Yemen, Rep.",YEM,1999,11.46
"Yemen, Rep.",YEM,1998,10.828
"Yemen, Rep.",YEM,1997,10.223
"Yemen, Rep.",YEM,1996,9.585
"Yemen, Rep.",YEM,1995,8.988
"Yemen, Rep.",YEM,1994,8.34
"Yemen, Rep.",YEM,1993,8.343
"Yemen, Rep.",YEM,1992,8.351
"Yemen, Rep.",YEM,1991,8.428
"Yemen, Rep.",YEM,1990,
"Yemen, Rep.",YEM,1989,
"Yemen, Rep.",YEM,1988,
"Yemen, Rep.",YEM,1987,
"Yemen, Rep.",YEM,1986,
"Yemen, Rep.",YEM,1985,
"Yemen, Rep.",YEM,1984,
"Yemen, Rep.",YEM,1983,
"Yemen, Rep.",YEM,1982,
"Yemen, Rep.",YEM,1981,
"Yemen, Rep.",YEM,1980,
"Yemen, Rep.",YEM,1979,
"Yemen, Rep.",YEM,1978,
"Yemen, Rep.",YEM,1977,
"Yemen, Rep.",YEM,1976,
"Yemen, Rep.",YEM,1975,
"Yemen, Rep.",YEM,1974,
"Yemen, Rep.",YEM,1973,
"Yemen, Rep.",YEM,1972,
"Yemen, Rep.",YEM,1971,
"Yemen, Rep.",YEM,1970,
"Yemen, Rep.",YEM,1969,
"Yemen, Rep.",YEM,1968,
"Yemen, Rep.",YEM,1967,
"Yemen, Rep.",YEM,1966,
"Yemen, Rep.",YEM,1965,
"Yemen, Rep.",YEM,1964,
"Yemen, Rep.",YEM,1963,
"Yemen, Rep.",YEM,1962,
"Yemen, Rep.",YEM,1961,
"Yemen, Rep.",YEM,1960,
Zambia,ZMB,2025,5.918
Zambia,ZMB,2024,5.898
Zambia,ZMB,2023,5.861
Zambia,ZMB,2022,5.993
Zambia,ZMB,2021,5.197
Zambia,ZMB,2020,6.032
Zambia,ZMB,2019,5.538
Zambia,ZMB,2018,5.032
Zambia,ZMB,2017,4.529
Zambia,ZMB,2016,5.244
Zambia,ZMB,2015,5.951
Zambia,ZMB,2014,6.576
Zambia,ZMB,2013,7.272
Zambia,ZMB,2012,7.85
Zambia,ZMB,2011,10.548
Zambia,ZMB,2010,13.19
Zambia,ZMB,2009,10.583
Zambia,ZMB,2008,7.93
Zambia,ZMB,2007,10.559
Zambia,ZMB,2006,13.229
Zambia,ZMB,2005,15.9
Zambia,ZMB,2004,15.332
Zambia,ZMB,2003,14.704
Zambia,ZMB,2002,14.131
Zambia,ZMB,2001,13.404
Zambia,ZMB,2000,12.93
Zambia,ZMB,1999,12.498
Zambia,ZMB,1998,12.0
Zambia,ZMB,1997,13.273
Zambia,ZMB,1996,15.3
Zambia,ZMB,1995,16.834
Zambia,ZMB,1994,18.689
Zambia,ZMB,1993,19.7
Zambia,ZMB,1992,19.568
Zambia,ZMB,1991,18.9
Zambia,ZMB,1990,
Zambia,ZMB,1989,
Zambia,ZMB,1988,
Zambia,ZMB,1987,
Zambia,ZMB,1986,
Zambia,ZMB,1985,
Zambia,ZMB,1984,
Zambia,ZMB,1983,
Zambia,ZMB,1982,
Zambia,ZMB,1981,
Zambia,ZMB,1980,
Zambia,ZMB,1979,
Zambia,ZMB,1978,
Zambia,ZMB,1977,
Zambia,ZMB,1976,
Zambia,ZMB,1975,
Zambia,ZMB,1974,
Zambia,ZMB,1973,
Zambia,ZMB,1972,
Zambia,ZMB,1971,
Zambia,ZMB,1970,
Zambia,ZMB,1969,
Zambia,ZMB,1968,
Zambia,ZMB,1967,
Zambia,ZMB,1966,
Zambia,ZMB,1965,
Zambia,ZMB,1964,
Zambia,ZMB,1963,
Zambia,ZMB,1962,
Zambia,ZMB,1961,
Zambia,ZMB,1960,
Zimbabwe,ZWE,2025,9.293
Zimbabwe,ZWE,2024,9.435
Zimbabwe,ZWE,2023,9.348
Zimbabwe,ZWE,2022,10.087
Zimbabwe,ZWE,2021,9.54
Zimbabwe,ZWE,2020,8.617
Zimbabwe,ZWE,2019,7.373
Zimbabwe,ZWE,2018,6.788
Zimbabwe,ZWE,2017,6.35
Zimbabwe,ZWE,2016,5.896
Zimbabwe,ZWE,2015,5.399
Zimbabwe,ZWE,2014,4.774
Zimbabwe,ZWE,2013,4.948
Zimbabwe,ZWE,2012,5.057
Zimbabwe,ZWE,2011,5.368
Zimbabwe,ZWE,2010,5.469
Zimbabwe,ZWE,2009,5.476
Zimbabwe,ZWE,2008,5.401
Zimbabwe,ZWE,2007,5.008
Zimbabwe,ZWE,2006,4.767
Zimbabwe,ZWE,2005,4.632
Zimbabwe,ZWE,2004,4.39
Zimbabwe,ZWE,2003,4.738
Zimbabwe,ZWE,2002,5.005
Zimbabwe,ZWE,2001,5.313
Zimbabwe,ZWE,2000,5.685
Zimbabwe,ZWE,1999,6.0
Zimbabwe,ZWE,1998,6.381
Zimbabwe,ZWE,1997,6.93
Zimbabwe,ZWE,1996,6.151
Zimbabwe,ZWE,1995,5.566
Zimbabwe,ZWE,1994,4.96
Zimbabwe,ZWE,1993,4.993
Zimbabwe,ZWE,1992,4.933
Zimbabwe,ZWE,1991,4.793
Zimbabwe,ZWE,1990,
Zimbabwe,ZWE,1989,
Zimbabwe,ZWE,1988,
Zimbabwe,ZWE,1987,
Zimbabwe,ZWE,1986,
Zimbabwe,ZWE,1985,
Zimbabwe,ZWE,1984,
Zimbabwe,ZWE,1983,
Zimbabwe,ZWE,1982,
Zimbabwe,ZWE,1981,
Zimbabwe,ZWE,1980,
Zimbabwe,ZWE,1979,
Zimbabwe,ZWE,1978,
Zimbabwe,ZWE,1977,
Zimbabwe,ZWE,1976,
Zimbabwe,ZWE,1975,
Zimbabwe,ZWE,1974,
Zimbabwe,ZWE,1973,
Zimbabwe,ZWE,1972,
Zimbabwe,ZWE,1971,
Zimbabwe,ZWE,1970,
Zimbabwe,ZWE,1969,
Zimbabwe,ZWE,1968,
Zimbabwe,ZWE,1967,
Zimbabwe,ZWE,1966,
Zimbabwe,ZWE,1965,
Zimbabwe,ZWE,1964,
Zimbabwe,ZWE,1963,
Zimbabwe,ZWE,1962,
Zimbabwe,ZWE,1961,
Zimbabwe,ZWE,1960,
